merchant_id,merchant_age_days,kyc_verified,kyc_pending,kyc_limited,transaction_count,total_transaction_volume,average_transaction_amount,median_transaction_amount,transaction_amount_std,unique_customer_count,unique_device_count,unique_ip_count,active_days_count,success_rate,failure_rate,refund_rate,refund_count,refund_volume,refund_amount_ratio,unique_settlement_account_count,settlement_count,total_settlement_volume,pm_share_upi,pm_share_card,pm_share_netbanking,pm_share_wallet,avg_tx_per_customer,avg_tx_per_device,avg_tx_per_ip,transaction_velocity,average_daily_volume,volume_growth,shared_device_count,shared_ip_count,shared_customer_count,shared_settlement_count,connected_merchant_count,merchant_degree,weighted_network_degree,network_size,network_density,clustering_coefficient,pagerank_score,betweenness_centrality,transaction_time_concentration,night_tx_share,business_hours_tx_share,evening_tx_share,weekend_tx_share,active_days_ratio,transaction_burst_score,volume_spike_score,daily_volume_cv,coordinated_activity_score,avg_ip_rarity,avg_device_rarity,avg_customer_rarity,avg_ip_frequency,avg_device_frequency,shared_ip_volume_ratio,shared_device_volume_ratio,shared_customer_volume_ratio,volume_burstiness,transaction_count_zscore_vs_peers,total_transaction_volume_zscore_vs_peers,average_transaction_amount_zscore_vs_peers,refund_rate_zscore_vs_peers,failure_rate_zscore_vs_peers,unique_customer_count_zscore_vs_peers,ip_sharing_concentration,device_sharing_concentration,customer_sharing_concentration
M0007,385.0,1.0,0.0,0.0,12.0,63512.85,5292.7375,4186.1,3360.0099075371377,12.0,9.0,7.0,12.0,1.0,0.0,0.0,0.0,0.0,0.0,1.0,10.0,61777.42,0.4166666666666667,0.16666666666666666,0.4166666666666667,0.0,1.0,1.3333333333333333,1.7142857142857142,1.0,5292.7375,-0.5962217936346345,7.0,5.0,8.0,0.0,30,30,49,155,0.44301,0.4045977011494253,0.009966336276139963,0.005406190367291335,0.08695652173913047,0.0,0.8333333333333334,0.25,0.4166666666666667,0.13333333333333333,1.0,2.51228782836859,0.6348340357966247,0.256,0.46249999999999997,0.45138888888888884,0.5833333333333334,3.1666666666666665,3.5,0.7893982083940494,0.6973823407389214,0.662232445875126,0.31876503468720213,-0.0842416874013842,0.44313475952511616,1.0291848217032529,-0.3691980486687584,-0.5402626287327985,0.027656522268837934,0.7142857142857143,0.7777777777777778,0.6666666666666666
M0009,224.0,1.0,0.0,0.0,2.0,1234.27,617.135,617.135,66.19226578687268,2.0,1.0,1.0,2.0,1.0,0.0,0.0,0.0,0.0,0.0,1.0,2.0,1202.04,0.5,0.5,0.0,0.0,1.0,2.0,2.0,1.0,617.135,-0.1409916558725186,0.0,0.0,1.0,0.0,1,1,1,155,0.0,0.0,0.0011976743987682417,0.0,0.47826086956521735,0.0,0.5,0.5,0.0,0.022222222222222223,1.0,1.0758424007713063,0.10725735177371674,0.3959,1.0,1.0,0.75,1.0,1.0,0.0,0.0,0.462078799614347,0.03792120038549945,0.0,0.0,0.0,0.0,0.0,0.0,0.0,0.0,0.5
M0017,268.0,1.0,0.0,0.0,1.0,514.31,514.31,514.31,0.0,1.0,1.0,1.0,1.0,1.0,0.0,0.0,0.0,0.0,0.0,1.0,1.0,490.43,1.0,0.0,0.0,0.0,1.0,1.0,1.0,1.0,514.31,1.0,1.0,0.0,1.0,0.0,3,3,3,155,0.83333,0.6666666666666666,0.001557902744320599,2.4827641958096424e-05,1.0,0.0,0.0,1.0,0.0,0.011111111111111112,1.0,1.0,0.0,0.086,1.0,0.3333333333333333,0.5,1.0,3.0,0.0,1.0,1.0,0.0,0.0,0.0,0.0,0.0,0.0,0.0,0.0,1.0,1.0
M0019,170.0,1.0,0.0,0.0,1.0,584.72,584.72,584.72,0.0,1.0,1.0,1.0,1.0,1.0,0.0,0.0,0.0,0.0,0.0,1.0,1.0,566.61,1.0,0.0,0.0,0.0,1.0,1.0,1.0,1.0,584.72,1.0,1.0,1.0,1.0,0.0,3,3,3,155,1.0,1.0,0.0014904746628363087,0.0,1.0,0.0,1.0,0.0,0.0,0.011111111111111112,1.0,1.0,0.0,0.2922,0.5,0.5,0.5,2.0,2.0,1.0,1.0,1.0,0.0,-0.4358194613800608,-0.5383352387478126,-0.7616777833034523,-0.3691980486687584,-0.5402626287327985,-0.5896049892385605,1.0,1.0,1.0
M0020,753.0,1.0,0.0,0.0,10.0,117430.70999999999,11743.071,6847.76,12123.843042796518,10.0,5.0,8.0,10.0,0.9,0.1,0.0,0.0,0.0,0.0,1.0,7.0,108684.95999999999,0.2,0.5,0.2,0.1,1.0,2.0,1.25,1.0,11743.071,0.24515906634985193,4.0,5.0,7.0,1.0,25,25,32,155,0.40615,0.3566666666666667,0.007413176626589411,0.009524695139690476,0.24869565217391307,0.0,0.1,0.9,0.4,0.1111111111111111,1.0,3.7443322960407888,1.0324252525422453,0.2868,0.6950000000000001,0.4666666666666666,0.6333333333333333,2.0,2.4,0.30973184101501217,0.8530110224148352,0.5382601365520144,0.4331797278582372,-0.14816491903387086,1.2840744467695968,3.4827995448796254,-0.3691980486687584,0.3566827038330751,-0.08457284345977997,0.625,0.8,0.7
M0021,145.0,1.0,0.0,0.0,9.0,53098.850000000006,5899.872222222223,2708.9,5598.818222993085,7.0,4.0,4.0,8.0,0.8888888888888888,0.0,0.1111111111111111,1.0,1731.55,0.032609934113450666,1.0,7.0,51543.79,0.3333333333333333,0.3333333333333333,0.2222222222222222,0.1111111111111111,1.2857142857142858,2.25,2.25,1.125,6637.356250000001,10.0,3.0,4.0,4.0,0.0,17,17,20,155,0.57516,0.5220588235294118,0.004545530515691343,0.0008657374298382288,0.12399355877616747,0.0,0.4444444444444444,0.7777777777777778,0.0,0.08888888888888889,1.7777777777777777,2.4865653399273246,0.9403247933748328,0.3523,0.4166666666666667,0.5185185185185186,0.6481481481481481,2.6666666666666665,2.3333333333333335,1.0,0.7491516294609016,0.6165852932784797,0.44867560691049685,-0.18012653485011418,0.2807109188355188,1.2601301973797268,0.5836147628296642,-0.5402626287327985,-0.25291689205270684,1.0,0.75,0.5714285714285714
M0022,249.0,0.0,1.0,0.0,10.0,5284.62,528.462,561.85,277.317412034978,9.0,5.0,6.0,8.0,1.0,0.0,0.0,0.0,0.0,0.0,1.0,7.0,5153.4,0.7,0.2,0.1,0.0,1.1111111111111112,2.0,1.6666666666666667,1.25,660.5775,0.5318940983700806,3.0,6.0,7.0,1.0,27,27,33,155,0.3545,0.30484330484330485,0.00782353273786611,0.011547683223906141,0.08173913043478263,0.3,0.5,0.1,0.5,0.08888888888888889,1.6,2.1715090205161394,0.6133351251868264,0.2883,0.38166666666666665,0.6666666666666667,0.55,3.0,2.1,1.0,0.38583663536829516,0.786957245743308,0.3075703645672944,-0.14816491903387086,-0.46503239556968334,-0.7830775228822595,-0.3691980486687584,-0.5402626287327985,-0.14068752632408893,1.0,0.6,0.7777777777777778
M0028,432.0,0.0,1.0,0.0,4.0,9203.2,2300.8,2241.4449999999997,336.3559288412599,4.0,3.0,4.0,4.0,1.0,0.0,0.0,0.0,0.0,0.0,1.0,4.0,8901.3,0.25,0.5,0.0,0.25,1.0,1.3333333333333333,1.0,1.0,2300.8,2.263899184581171,1.0,4.0,3.0,0.0,16,16,18,155,0.50735,0.44166666666666665,0.004486992208205399,0.0015362050945773415,0.21739130434782608,0.0,1.0,0.0,0.25,0.044444444444444446,1.0,1.1973313630041724,0.14619085919734864,0.323,0.3333333333333333,0.8333333333333333,0.5208333333333333,3.5,1.5,1.0,0.2345271210013908,0.7654728789986092,0.06883692628649034,-0.3399346139313308,-0.40391555154726705,-0.10890546476387444,-0.3691980486687584,-0.5402626287327985,-0.4212609406456337,1.0,0.3333333333333333,0.75
M0029,582.0,0.0,1.0,0.0,1.0,294.28,294.28,294.28,0.0,1.0,1.0,1.0,1.0,1.0,0.0,0.0,0.0,0.0,0.0,1.0,1.0,280.73,0.0,0.0,0.0,1.0,1.0,1.0,1.0,1.0,294.28,1.0,0.0,1.0,1.0,0.0,4,4,4,155,1.0,1.0,0.0017418222747808854,0.0,1.0,0.0,0.0,0.0,0.0,0.011111111111111112,1.0,1.0,0.0,0.0745,0.25,1.0,0.5,4.0,1.0,1.0,0.0,1.0,0.0,-0.4358194613800608,-0.5428651389100834,-0.872157010493697,-0.3691980486687584,-0.5402626287327985,-0.5896049892385605,1.0,0.0,1.0
M0030,157.0,1.0,0.0,0.0,6.0,22144.809999999998,3690.8016666666663,3414.46,2460.871483149144,6.0,5.0,5.0,4.0,0.8333333333333334,0.0,0.16666666666666666,1.0,479.35,0.02164615546486965,1.0,4.0,21544.58,0.3333333333333333,0.6666666666666666,0.0,0.0,1.0,1.2,1.2,1.5,5536.202499999999,-0.5541284247928132,4.0,4.0,4.0,0.0,22,22,25,155,0.36364,0.30303030303030304,0.005854110028566506,0.003233533603660875,0.13043478260869568,0.0,0.6666666666666666,0.16666666666666666,0.0,0.044444444444444446,1.3333333333333333,1.3816727260247434,0.5589946732118312,0.5604,0.3682539682539683,0.5833333333333334,0.5972222222222222,4.0,1.8333333333333333,0.6545818184938142,0.9577603059136658,0.6123421244074798,0.2284861554467809,-0.27601138229884414,-0.2020693828410157,0.419831313663633,1.0600211685788754,-0.5402626287327985,-0.30903157491701577,0.8,0.8,0.6666666666666666
M0031,152.0,1.0,0.0,0.0,2.0,2448.55,1224.275,1224.275,317.56872649869035,2.0,2.0,2.0,2.0,0.5,0.5,0.0,0.0,0.0,0.0,1.0,1.0,1403.74,0.0,0.5,0.5,0.0,1.0,1.0,1.0,1.0,1224.275,1.0,2.0,2.0,1.0,0.0,11,11,12,155,0.57576,0.4909090909090909,0.0031842806328184234,0.0003634496652300638,0.47826086956521735,0.0,0.5,0.5,0.5,0.022222222222222223,1.0,1.1834187580404727,0.25939329521446597,0.1008,0.41666666666666663,0.3214285714285714,0.6666666666666666,2.5,4.5,1.0,1.0,0.40829062097976354,0.09170937902004916,-0.40385784556381743,-0.5092656759484567,-0.5184001970699552,-0.3691980486687584,3.944464034096569,-0.5334903063742515,1.0,1.0,0.5
M0033,255.0,1.0,0.0,0.0,14.0,18197.99,1299.8564285714288,1179.345,835.776216189359,12.0,2.0,6.0,13.0,0.8571428571428571,0.14285714285714285,0.0,0.0,0.0,0.0,1.0,10.0,14352.75,0.35714285714285715,0.6428571428571429,0.0,0.0,1.1666666666666667,7.0,2.3333333333333335,1.0769230769230769,1399.8453846153848,-0.3920301271408464,2.0,5.0,7.0,1.0,25,25,32,155,0.39692,0.3466666666666667,0.007002417063312678,0.004380998639169378,0.08429458740017749,0.0,0.7142857142857143,0.2857142857142857,0.35714285714285715,0.14444444444444443,1.8571428571428572,2.44722026993091,0.6435150795399748,0.6475,0.40782312925170067,0.35714285714285715,0.6904761904761905,3.0714285714285716,3.142857142857143,0.9614451925734656,1.0,0.4936226473363267,0.34176377974455324,-0.020318455768897556,-0.26362667714776783,-0.48965010128939424,-0.3691980486687584,0.7410878463613064,0.027656522268837934,0.8333333333333334,1.0,0.5833333333333334
M0041,357.0,1.0,0.0,0.0,4.0,3024.02,756.005,751.52,408.14990232348043,4.0,4.0,3.0,4.0,0.75,0.25,0.0,0.0,0.0,0.0,1.0,3.0,1719.69,1.0,0.0,0.0,0.0,1.0,1.0,1.3333333333333333,1.0,756.005,-0.011795026890557439,4.0,2.0,1.0,0.0,20,20,21,155,0.35714,0.2894736842105263,0.00520839865379692,0.004024819455136958,0.21739130434782608,0.25,0.75,0.0,0.0,0.044444444444444446,1.0,1.6532033518296836,0.5398772525624572,0.2195,0.375,0.29166666666666663,0.875,4.75,3.5,0.9103345877342081,1.0,0.08966541226579189,0.2595766562388314,-0.3399346139313308,-0.5002902536705959,-0.6965234160355792,-0.3691980486687584,1.7021007026818853,-0.4212609406456337,0.6666666666666666,1.0,0.25
M0043,460.0,1.0,0.0,0.0,0.0,0.0,0.0,0.0,0.0,0.0,0.0,0.0,0.0,0.0,0.0,0.0,0.0,0.0,0.0,0.0,0.0,0.0,0.0,0.0,0.0,0.0,0.0,0.0,0.0,0.0,0.0,0.0,0.0,0.0,0.0,0.0,0,0,0,1,0.0,0.0,0.0009621552277102392,0.0,0.0,0.0,0.0,0.0,0.0,0.0,0.0,0.0,0.0,0.0,0.0,0.0,0.0,0.0,0.0,0.0,0.0,0.0,0.0,0.0,0.0,0.0,0.0,0.0,0.0,0.0,0.0,0.0
M0044,175.0,0.0,0.0,1.0,2.0,1522.0300000000002,761.0150000000001,761.0150000000001,242.07800653921458,2.0,1.0,2.0,2.0,1.0,0.0,0.0,0.0,0.0,0.0,1.0,2.0,1483.69,0.0,0.5,0.0,0.5,1.0,2.0,1.0,1.0,761.0150000000001,0.5804116370541164,0.0,1.0,2.0,0.0,8,8,8,155,0.58333,0.4642857142857143,0.0025825605111218087,0.0004481575376089132,0.47826086956521735,0.0,0.5,0.5,0.0,0.022222222222222223,1.0,1.2249298634061088,0.31809886341164695,0.2173,0.625,1.0,0.29166666666666663,2.5,1.0,0.6124649317030544,0.0,1.0,0.11246493170268501,-0.40385784556381743,-0.5237163132516761,-0.6946176836012619,-0.3691980486687584,-0.5402626287327985,-0.5334903063742515,0.5,0.0,1.0
M0049,615.0,1.0,0.0,0.0,3.0,9890.35,3296.7833333333333,1695.13,3086.9776303260332,3.0,2.0,2.0,3.0,1.0,0.0,0.0,0.0,0.0,0.0,1.0,3.0,9531.16,0.3333333333333333,0.6666666666666666,0.0,0.0,1.0,1.5,1.5,1.0,3296.7833333333333,-1.0,2.0,1.0,3.0,0.0,8,8,9,155,0.55556,0.42857142857142855,0.0028317715997917756,0.0004809590501156746,0.5362318840579711,0.0,0.3333333333333333,0.6666666666666666,0.0,0.03333333333333333,1.0,2.0794238828757323,0.9363604817805335,0.0607,0.6666666666666666,0.4444444444444444,0.4166666666666667,1.6666666666666667,2.3333333333333335,0.3068587057080892,0.9999999999999998,0.9999999999999998,0.371783270224555,-0.37189622974757414,-0.3931982918843271,0.2699523680450721,-0.3691980486687584,-0.5402626287327985,-0.4773756235099426,0.5,1.0,1.0
M0051,115.0,0.0,1.0,0.0,6.0,28667.15,4777.858333333334,4846.285,2266.243129034629,5.0,4.0,4.0,6.0,1.0,0.0,0.0,0.0,0.0,0.0,1.0,6.0,27884.07,0.16666666666666666,0.5,0.0,0.3333333333333333,1.2,1.5,1.5,1.0,4777.858333333334,-0.5462470733150738,4.0,3.0,3.0,0.0,17,17,22,155,0.54248,0.4852941176470588,0.0049858354807215495,0.0011652852746140915,0.18840579710144933,0.0,0.6666666666666666,0.3333333333333333,0.16666666666666666,0.06666666666666667,1.0,1.58066637248558,0.4743219599509464,0.2763,0.6722222222222222,0.4444444444444444,0.6305555555555555,2.1666666666666665,2.3333333333333335,0.49417922604793285,1.0,0.40785603033437223,0.24364955474586508,-0.27601138229884414,-0.10034252350902126,0.8333321415294116,-0.3691980486687584,-0.5402626287327985,-0.3651462577813247,0.75,1.0,0.6
M0053,905.0,1.0,0.0,0.0,16.0,67903.13,4243.945625,4012.235,2090.5755580795408,16.0,9.0,8.0,15.0,0.875,0.125,0.0,0.0,0.0,0.0,1.0,13.0,57837.5,0.25,0.1875,0.5,0.0625,1.0,1.7777777777777777,2.0,1.0666666666666667,4526.875333333333,0.20141214565868468,7.0,5.0,15.0,0.0,28,28,85,155,0.46798,0.42857142857142855,0.01507553719203785,0.004156452799837795,0.10326086956521739,0.0,0.75,0.3125,0.25,0.16666666666666666,1.875,1.6857588155361911,0.4492030833814382,0.3379,0.671875,0.59375,0.2465029761904762,1.875,2.0625,0.6148925682807258,0.7018040258232572,0.9682594896582823,0.2473877517379022,0.043604775863589094,0.5116085581906363,0.630239373991479,-0.3691980486687584,0.5809190369745434,0.25211525372607374,0.625,0.7777777777777778,0.9375
M0057,210.0,1.0,0.0,0.0,10.0,14061.98,1406.1979999999999,775.11,1288.8226133422015,8.0,7.0,7.0,9.0,0.9,0.0,0.1,1.0,548.19,0.03898384153582924,1.0,9.0,13533.28,0.7,0.0,0.0,0.3,1.25,1.4285714285714286,1.4285714285714286,1.1111111111111112,1562.4422222222222,0.20571082591141382,5.0,6.0,6.0,0.0,25,25,32,155,0.40923,0.36,0.007361926811734858,0.005074756755431849,0.14434782608695657,0.0,0.5,0.7,0.4,0.1,1.7999999999999998,2.412729217364838,0.8769040716368759,0.5084,0.35666666666666663,0.6333333333333333,0.5333333333333333,3.5,1.8,0.9890563064376425,0.6786974522791243,0.9022847422624695,0.4382091916563956,-0.14816491903387086,-0.32813470761930447,-0.4491992865613102,0.488333481679822,-0.5402626287327985,-0.19680220918839786,0.8571428571428571,0.7142857142857143,0.75
M0059,64.0,1.0,0.0,0.0,6.0,7454.0599999999995,1242.3433333333332,1232.495,495.3567152938039,6.0,3.0,6.0,5.0,0.6666666666666666,0.16666666666666666,0.16666666666666666,1.0,790.35,0.10602946582131081,1.0,4.0,6569.48,0.8333333333333334,0.0,0.0,0.16666666666666666,1.0,2.0,1.0,1.2,1490.812,0.5303768377672845,1.0,5.0,3.0,1.0,18,18,19,155,0.33333,0.2549019607843137,0.004822955746352411,0.0035651907966969937,0.30434782608695654,0.0,0.8333333333333334,0.16666666666666666,0.0,0.05555555555555555,1.6666666666666667,2.283607859341084,0.7452301550467754,0.3366,0.4861111111111111,0.7333333333333334,0.7083333333333334,2.5,2.3333333333333335,0.7258889786237299,0.3954556308910849,0.4961725556274031,0.3284175335319736,-0.27601138229884414,-0.4311963309503593,-0.5115272611682805,1.0600211685788754,0.9546462588769906,-0.30903157491701577,0.8333333333333334,0.3333333333333333,0.5
M0060,186.0,1.0,0.0,0.0,3.0,2123.06,707.6866666666666,783.48,308.87503044651135,3.0,2.0,3.0,3.0,1.0,0.0,0.0,0.0,0.0,0.0,1.0,3.0,2060.61,0.6666666666666666,0.3333333333333333,0.0,0.0,1.0,1.5,1.0,1.0,707.6866666666666,0.7097819982641547,2.0,3.0,0.0,0.0,12,12,13,155,0.5641,0.48484848484848486,0.0036230838846437784,0.0007615817441825426,0.3043478260869565,0.0,0.6666666666666666,0.3333333333333333,0.0,0.03333333333333333,1.0,1.372938117622677,0.43645732637774454,0.2037,0.28095238095238095,0.5,1.0,4.666666666666667,2.0,1.0,1.0,0.0,0.18955030317844754,-0.37189622974757414,-0.5143422397957832,-0.7149030198290902,-0.3691980486687584,-0.5402626287327985,-0.4773756235099426,1.0,1.0,0.0
M0062,407.0,1.0,0.0,0.0,6.0,4040.0699999999997,673.3449999999999,699.135,273.73784939244337,6.0,5.0,4.0,5.0,1.0,0.0,0.0,0.0,0.0,0.0,1.0,5.0,3867.51,0.3333333333333333,0.16666666666666666,0.0,0.5,1.0,1.2,1.5,1.2,808.0139999999999,0.22222405570865167,4.0,0.0,3.0,0.0,16,16,17,155,0.44853,0.375,0.004427098324687696,0.002046959212541331,0.18840579710144933,0.0,0.6666666666666666,0.3333333333333333,0.5,0.05555555555555555,1.6666666666666667,2.228265846878891,0.7454795092566443,0.2046,1.0,0.4583333333333333,0.65,1.0,2.6666666666666665,0.0,0.7633828126740378,0.5495523592413003,0.33871492325611247,0.0,0.0,0.0,0.0,0.0,0.0,0.0,0.8,0.5
M0063,384.0,1.0,0.0,0.0,2.0,2914.35,1457.175,1457.175,40.92026942726543,2.0,2.0,1.0,2.0,1.0,0.0,0.0,0.0,0.0,0.0,1.0,2.0,2820.62,0.5,0.0,0.0,0.5,1.0,1.0,2.0,1.0,1457.175,0.0405184002688623,1.0,0.0,2.0,0.0,6,6,6,155,0.71429,0.6,0.0021249933353024637,0.00018678049325648486,0.47826086956521735,0.0,1.0,0.5,0.5,0.022222222222222223,1.0,1.0198569149209944,0.02808191838815889,0.2323,1.0,0.75,0.29166666666666663,1.0,1.5,0.0,0.4900715425395028,1.0,0.009928457460480144,0.0,0.0,0.0,0.0,0.0,0.0,0.0,0.5,1.0
M0068,336.0,1.0,0.0,0.0,4.0,3427.99,856.9975,758.835,341.17268563734706,4.0,3.0,1.0,4.0,0.75,0.25,0.0,0.0,0.0,0.0,1.0,3.0,2799.03,0.5,0.5,0.0,0.0,1.0,1.3333333333333333,4.0,1.0,856.9975,3.674071008855417,3.0,1.0,3.0,0.0,18,18,18,155,0.53216,0.477124183006536,0.004506419178568294,0.0022666825995673423,0.34782608695652173,0.0,1.0,0.25,0.25,0.044444444444444446,1.0,1.5375190709424476,0.39810231142721786,0.2258,0.3333333333333333,0.22916666666666666,0.5208333333333333,3.0,4.75,1.0000000000000002,1.0000000000000002,0.6156202322643882,0.1811783289914927,-0.3399346139313308,-0.49398966226255137,-0.6581073116697523,-0.3691980486687584,1.7021007026818853,-0.4212609406456337,1.0,1.0,0.75
M0070,292.0,1.0,0.0,0.0,1.0,234.37,234.37,234.37,0.0,1.0,1.0,1.0,1.0,1.0,0.0,0.0,0.0,0.0,0.0,1.0,1.0,229.64,1.0,0.0,0.0,0.0,1.0,1.0,1.0,1.0,234.37,1.0,0.0,0.0,0.0,1.0,1,1,1,155,0.0,0.0,0.001275431114737222,0.0,1.0,1.0,0.0,0.0,0.0,0.011111111111111112,1.0,1.0,0.0,0.0,1.0,1.0,1.0,1.0,1.0,0.0,0.0,0.0,0.0,0.0,0.0,0.0,0.0,0.0,0.0,0.0,0.0,0.0
M0074,33.0,1.0,0.0,0.0,6.0,46423.270000000004,7737.211666666667,4878.87,8815.263560369405,6.0,3.0,4.0,6.0,0.8333333333333334,0.16666666666666666,0.0,0.0,0.0,0.0,1.0,4.0,39316.649999999994,0.3333333333333333,0.5,0.16666666666666666,0.0,1.0,2.0,1.5,1.0,7737.211666666667,-0.709472091172349,3.0,2.0,4.0,0.0,13,13,18,155,0.47253,0.38461538461538464,0.004684288738662375,0.0036288219074104176,0.13043478260869568,0.0,0.8333333333333334,0.16666666666666666,0.3333333333333333,0.06666666666666667,1.0,3.3084089078602172,1.1393333852228942,0.5518,0.7222222222222222,0.2916666666666667,0.5888888888888889,1.6666666666666667,3.5,0.2923249482425516,1.0000000000000002,0.8175531366058445,0.4368350542016092,-0.27601138229884414,0.1765940240371067,1.959027876447264,-0.3691980486687584,0.9546462588769906,-0.30903157491701577,0.5,1.0,0.6666666666666666
M0079,403.0,1.0,0.0,0.0,1.0,842.75,842.75,842.75,0.0,1.0,1.0,1.0,1.0,1.0,0.0,0.0,0.0,0.0,0.0,1.0,1.0,801.04,1.0,0.0,0.0,0.0,1.0,1.0,1.0,1.0,842.75,-1.0,1.0,1.0,1.0,0.0,7,7,7,155,0.78571,0.7142857142857143,0.0022377447429154,9.40065031676726e-05,1.0,0.0,0.0,1.0,0.0,0.011111111111111112,1.0,1.0,0.0,0.3002,0.5,0.16666666666666666,0.5,2.0,6.0,1.0,1.0,1.0,0.0,-0.4358194613800608,-0.5343108270315522,-0.6635268571503783,-0.3691980486687584,-0.5402626287327985,-0.5896049892385605,1.0,1.0,1.0
M0081,321.0,1.0,0.0,0.0,1.0,3028.34,3028.34,3028.34,0.0,1.0,1.0,1.0,1.0,1.0,0.0,0.0,0.0,0.0,0.0,1.0,1.0,2945.78,1.0,0.0,0.0,0.0,1.0,1.0,1.0,1.0,3028.34,1.0,1.0,1.0,1.0,0.0,6,6,6,155,0.71429,0.6,0.002031352974645828,4.753021262455224e-05,1.0,0.0,1.0,0.0,0.0,0.011111111111111112,1.0,1.0,0.0,0.0706,0.3333333333333333,0.25,0.5,3.0,4.0,1.0,1.0,1.0,0.0,-0.4358194613800608,-0.5002228760067032,0.16784035864196,-0.3691980486687584,-0.5402626287327985,-0.5896049892385605,1.0,1.0,1.0
M0084,215.0,0.0,0.0,1.0,8.0,33999.759999999995,4249.969999999999,3811.8500000000004,2766.3167108578564,8.0,7.0,6.0,8.0,0.875,0.125,0.0,0.0,0.0,0.0,1.0,7.0,24483.93,0.125,0.75,0.0,0.125,1.0,1.1428571428571428,1.3333333333333333,1.0,4249.969999999999,0.3699785724542415,4.0,1.0,5.0,0.0,10,10,15,155,0.6,0.5111111111111111,0.003728789526236552,0.00043100384241538583,0.3152173913043478,0.0,0.875,0.125,0.125,0.08888888888888889,1.0,2.037110850194237,0.6509026442205137,0.1794,0.75,0.6458333333333334,0.6458333333333334,1.75,1.875,0.3054815681051867,0.7342437123085576,0.6851474833940006,0.3405418891192048,-0.2120881506663575,-0.017171504006452266,0.632530960185888,-0.3691980486687584,0.5809190369745434,-0.19680220918839786,0.16666666666666666,0.5714285714285714,0.625
M0086,120.0,1.0,0.0,0.0,1.0,653.84,653.84,653.84,0.0,1.0,1.0,1.0,1.0,1.0,0.0,0.0,0.0,0.0,0.0,1.0,1.0,646.46,0.0,1.0,0.0,0.0,1.0,1.0,1.0,1.0,653.84,1.0,0.0,1.0,0.0,1.0,3,3,3,155,0.66667,0.3333333333333333,0.0016652906005157615,0.00010593440012809306,1.0,0.0,1.0,0.0,1.0,0.011111111111111112,1.0,1.0,0.0,0.0,0.3333333333333333,1.0,1.0,3.0,1.0,1.0,0.0,0.0,0.0,-0.4358194613800608,-0.5372571961255288,-0.7353855226527508,-0.3691980486687584,-0.5402626287327985,-0.5896049892385605,1.0,0.0,0.0
M0087,354.0,1.0,0.0,0.0,11.0,74786.39,6798.762727272727,3902.77,7104.807733681596,11.0,6.0,6.0,11.0,0.8181818181818182,0.18181818181818182,0.0,0.0,0.0,0.0,1.0,9.0,65382.22,0.09090909090909091,0.18181818181818182,0.6363636363636364,0.09090909090909091,1.0,1.8333333333333333,1.8333333333333333,1.0,6798.762727272727,-0.2500450438012943,5.0,4.0,8.0,0.0,27,27,31,155,0.43651,0.39316239316239315,0.006955711212226087,0.005401910173926246,0.13762127200862379,0.0,0.7272727272727273,0.36363636363636365,0.36363636363636365,0.12222222222222222,1.0,3.241095605764632,1.0450148091183111,0.2841,0.6666666666666666,0.4696969696969697,0.5833333333333333,2.090909090909091,2.4545454545454546,0.7845398073098594,0.9283082122295245,0.6778591666210925,0.46454077102433805,-0.11620330321762753,0.6189645717939664,1.6020553052389344,-0.3691980486687584,1.0905470668415171,-0.028458160595471016,0.6666666666666666,0.8333333333333334,0.7272727272727273
M0091,223.0,1.0,0.0,0.0,3.0,5611.76,1870.5866666666668,781.1,2307.972180862095,3.0,2.0,3.0,3.0,0.3333333333333333,0.6666666666666666,0.0,0.0,0.0,0.0,1.0,1.0,758.92,0.3333333333333333,0.0,0.0,0.6666666666666666,1.0,1.5,1.0,1.0,1870.5866666666668,1.0,2.0,3.0,2.0,0.0,17,17,19,155,0.56209,0.5073529411764706,0.004579856318362015,0.0011177072369077477,0.3043478260869565,0.0,0.6666666666666666,0.3333333333333333,0.0,0.03333333333333333,1.0,2.417225611929234,1.2338226407733552,0.1351,0.38888888888888884,0.17777777777777778,0.611111111111111,3.3333333333333335,5.666666666666667,1.0,1.0,0.8608101558156442,0.500449056980044,-0.37189622974757414,-0.4599300971979534,-0.2725524713525185,-0.3691980486687584,5.439372921706358,-0.4773756235099426,1.0,1.0,0.6666666666666666
M0094,29.0,1.0,0.0,0.0,3.0,826.54,275.5133333333333,309.33,93.12009038512223,3.0,1.0,1.0,3.0,1.0,0.0,0.0,0.0,0.0,0.0,1.0,3.0,801.14,0.6666666666666666,0.3333333333333333,0.0,0.0,1.0,3.0,3.0,1.0,275.5133333333333,2.856001410022912,1.0,1.0,3.0,0.0,8,8,9,155,0.69444,0.6071428571428571,0.002552945684855183,0.00018175250079382782,0.3043478260869565,0.3333333333333333,0.0,0.0,1.0,0.03333333333333333,1.0,1.2594671764221939,0.33798760030411923,0.4776,0.3333333333333333,0.25,0.4444444444444444,3.0,4.0,1.0,1.0,1.0,0.14259442979108655,-0.37189622974757414,-0.5345636492379645,-0.8792955824199821,-0.3691980486687584,-0.5402626287327985,-0.4773756235099426,1.0,1.0,1.0
M0096,99.0,1.0,0.0,0.0,8.0,78739.96,9842.495,5770.215,11005.465645787097,8.0,6.0,5.0,8.0,1.0,0.0,0.0,0.0,0.0,0.0,1.0,8.0,77161.88,0.125,0.625,0.25,0.0,1.0,1.3333333333333333,1.6,1.0,9842.495,-0.6087567095188899,2.0,1.0,2.0,0.0,7,7,8,155,0.71429,0.6190476190476191,0.0024882350895681833,0.00014638711023874992,0.21739130434782608,0.0,0.375,0.875,0.5,0.08888888888888889,1.0,3.673184492346707,1.118158113952519,0.5192,0.8333333333333333,0.8541666666666666,0.8541666666666666,1.5,1.375,0.5306491138679775,0.5693543659407497,0.08683710278745377,0.4542406422355236,-0.2120881506663575,0.680627143700551,2.759847583385595,-0.3691980486687584,-0.5402626287327985,-0.19680220918839786,0.2,0.3333333333333333,0.25
M0097,360.0,0.0,1.0,0.0,3.0,1106.58,368.85999999999996,359.24,135.51633075020885,3.0,3.0,3.0,3.0,0.6666666666666666,0.0,0.3333333333333333,1.0,222.38,0.20096152108297638,1.0,3.0,1084.47,0.6666666666666666,0.3333333333333333,0.0,0.0,1.0,1.0,1.0,1.0,368.85999999999996,1.0,0.0,2.0,2.0,0.0,6,6,6,155,0.57143,0.4,0.0022053475023885035,0.00020265835125437943,0.3043478260869565,0.0,0.3333333333333333,0.0,1.0,0.03333333333333333,1.0,1.379737569809684,0.3673923189020465,0.3081,0.6666666666666666,1.0,0.5833333333333334,1.6666666666666667,1.0,0.6753601185635021,0.0,0.5400874767301054,0.16297661865036728,-0.37189622974757414,-0.5301959545628431,-0.8437878438367334,2.489240385826509,-0.5402626287327985,-0.4773756235099426,0.6666666666666666,0.0,0.6666666666666666
M0099,369.0,1.0,0.0,0.0,5.0,2929.68,585.9359999999999,591.76,99.77911820616579,5.0,4.0,5.0,5.0,1.0,0.0,0.0,0.0,0.0,0.0,1.0,5.0,2832.58,0.6,0.2,0.0,0.2,1.0,1.25,1.0,1.0,585.9359999999999,0.2825355272999251,3.0,5.0,4.0,0.0,20,20,20,155,0.37143,0.30526315789473685,0.005541998876454335,0.01390098843448903,0.24869565217391307,0.0,1.0,0.4,0.2,0.05555555555555555,1.0,1.180606755686628,0.1702901310145917,0.3959,0.3833333333333333,0.5333333333333333,0.5333333333333333,2.8,2.2,1.0,0.7729205920100489,0.8479731574779499,0.08499358291684757,-0.3079729981150875,-0.5017616445992167,-0.7612152342734863,-0.3691980486687584,-0.5402626287327985,-0.3651462577813247,1.0,0.75,0.8
M0105,352.0,1.0,0.0,0.0,6.0,33496.91,5582.818333333334,4856.275,3691.721079460997,5.0,4.0,3.0,6.0,1.0,0.0,0.0,0.0,0.0,0.0,1.0,5.0,32028.88,0.3333333333333333,0.3333333333333333,0.3333333333333333,0.0,1.2,1.5,2.0,1.0,5582.818333333334,-0.7486533707850478,3.0,2.0,4.0,0.0,13,13,17,155,0.65934,0.6025641025641025,0.004142668658585595,0.0006484666808034639,0.13043478260869568,0.0,0.6666666666666666,0.16666666666666666,0.0,0.06666666666666667,1.0,2.1703357115626485,0.6612647696986372,0.3231,0.4583333333333333,0.375,0.6666666666666666,2.8333333333333335,4.166666666666667,0.6382773814062251,0.9371753991636841,0.7145008300765652,0.3211117582686322,-0.27601138229884414,-0.025014295276930727,1.139527427024038,-0.3691980486687584,-0.5402626287327985,-0.3651462577813247,0.6666666666666666,0.75,0.8
M0109,141.0,1.0,0.0,0.0,14.0,11630.96,830.7828571428571,673.395,522.9816578402751,13.0,6.0,3.0,12.0,0.8571428571428571,0.07142857142857142,0.07142857142857142,1.0,579.93,0.049860888525108844,1.0,11.0,11118.35,0.35714285714285715,0.35714285714285715,0.07142857142857142,0.21428571428571427,1.0769230769230769,2.3333333333333335,4.666666666666667,1.1666666666666667,969.2466666666666,0.023032489342125186,6.0,2.0,9.0,1.0,27,27,35,155,0.40212,0.3561253561253561,0.007643739384365406,0.0062367304801126235,0.10559006211180123,0.07142857142857142,0.7857142857142857,0.14285714285714285,0.14285714285714285,0.13333333333333333,1.7142857142857142,2.6924209179637795,0.6348653363941088,0.2493,0.9166666666666667,0.4107142857142857,0.55,1.2142857142857142,2.642857142857143,0.25288712195725893,1.0,0.7678858838823279,0.3047067195370299,-0.020318455768897556,-0.3660505521740601,-0.6680789873477767,0.24332447300879897,0.10041260881425403,0.08377120513314688,0.6666666666666666,1.0,0.6923076923076923
M0110,571.0,1.0,0.0,0.0,3.0,4283.54,1427.8466666666666,1382.68,119.95657894977386,3.0,2.0,2.0,3.0,1.0,0.0,0.0,0.0,0.0,0.0,1.0,3.0,4149.1,0.6666666666666666,0.3333333333333333,0.0,0.0,1.0,1.5,1.5,1.0,1427.8466666666666,-0.546232661691289,2.0,2.0,2.0,0.0,15,15,16,155,0.40833,0.3238095238095238,0.004273350465512785,0.002072139801886886,0.3043478260869565,0.0,0.6666666666666666,0.3333333333333333,0.3333333333333333,0.03333333333333333,1.0,1.095236650060464,0.08401222746824398,0.149,0.24444444444444446,0.39999999999999997,0.5666666666666667,4.333333333333333,3.0,1.0,1.0,0.634921116646512,0.03529790780519904,-0.37189622974757414,-0.4806459214423107,-0.4409644430031483,-0.3691980486687584,-0.5402626287327985,-0.4773756235099426,1.0,1.0,0.6666666666666666
M0113,142.0,1.0,0.0,0.0,265.0,433226.01,1634.8151320754716,1248.91,1397.359873644598,133.0,61.0,31.0,86.0,0.8452830188679246,0.14339622641509434,0.011320754716981131,3.0,1653.17,0.0038159527863989517,1.0,30.0,377215.42,0.39245283018867927,0.37358490566037733,0.09433962264150944,0.13962264150943396,1.9924812030075187,4.344262295081967,8.548387096774194,3.0813953488372094,5037.511744186047,0.04558717741263405,40.0,18.0,80.0,1.0,100,100,249,155,0.19881,0.18262626262626264,0.04945755956432206,0.1346971773428326,0.025601560202454823,0.011320754716981131,0.7471698113207547,0.23018867924528302,0.32452830188679244,0.9555555555555556,2.271698113207547,3.6021970610675016,0.7475609297350728,0.5476,0.5943755615453729,0.46773584905660376,0.6440880503144655,2.086792452830189,2.3660377358490567,0.6471079610386273,0.9257821339028098,0.5864611406872823,0.40158929413804006,8.002047114108176,6.209433146378167,-0.36223659521663243,-0.272119007497221,0.7459231311729824,6.817533148850221,0.5806451612903226,0.6557377049180327,0.6015037593984962
M0115,282.0,1.0,0.0,0.0,1.0,1313.01,1313.01,1313.01,0.0,1.0,1.0,1.0,1.0,1.0,0.0,0.0,0.0,0.0,0.0,1.0,1.0,1262.09,0.0,1.0,0.0,0.0,1.0,1.0,1.0,1.0,1313.01,-1.0,0.0,1.0,1.0,0.0,4,4,4,155,0.7,0.5,0.0019229566040778762,0.00012335995858441597,1.0,0.0,0.0,1.0,0.0,0.011111111111111112,1.0,1.0,0.0,0.0,0.3333333333333333,1.0,0.3333333333333333,3.0,1.0,1.0,0.0,1.0,0.0,-0.4358194613800608,-0.5269763316097459,-0.4846466706110434,-0.3691980486687584,-0.5402626287327985,-0.5896049892385605,1.0,0.0,1.0
M0116,128.0,1.0,0.0,0.0,0.0,0.0,0.0,0.0,0.0,0.0,0.0,0.0,0.0,0.0,0.0,0.0,0.0,0.0,0.0,0.0,0.0,0.0,0.0,0.0,0.0,0.0,0.0,0.0,0.0,0.0,0.0,0.0,0.0,0.0,0.0,0.0,0,0,0,1,0.0,0.0,0.0009621552277102392,0.0,0.0,0.0,0.0,0.0,0.0,0.0,0.0,0.0,0.0,0.0,0.0,0.0,0.0,0.0,0.0,0.0,0.0,0.0,0.0,0.0,0.0,0.0,0.0,0.0,0.0,0.0,0.0,0.0
M0121,38.0,1.0,0.0,0.0,27.0,237384.27,8792.01,6074.68,7871.145796525531,25.0,10.0,9.0,24.0,0.8148148148148148,0.1111111111111111,0.07407407407407407,2.0,10220.05,0.043052768407948847,1.0,18.0,197675.98,0.25925925925925924,0.4444444444444444,0.25925925925925924,0.037037037037037035,1.08,2.7,3.0,1.125,9891.01125,-0.2582487548478226,9.0,3.0,13.0,0.0,29,29,38,155,0.4092,0.3669950738916256,0.008188707682282614,0.0058060292118082045,0.11826802648058687,0.0,0.3333333333333333,0.7777777777777778,0.25925925925925924,0.26666666666666666,1.7777777777777777,4.090095438926935,0.9040633090435635,0.3586,0.8950617283950618,0.5216049382716049,0.6975308641975309,1.2592592592592593,2.3333333333333335,0.18582878301076985,0.8186949792418851,0.5823138154857522,0.4237729136391381,0.39518254984226564,3.1549519116812617,2.360258095109379,0.26601049233019,0.4563432963403943,0.7571473995048543,0.3333333333333333,0.9,0.52
M0122,140.0,1.0,0.0,0.0,7.0,22956.72,3279.531428571429,3142.34,1323.0031666556783,7.0,2.0,5.0,7.0,1.0,0.0,0.0,0.0,0.0,0.0,1.0,7.0,22224.77,0.2857142857142857,0.42857142857142855,0.14285714285714285,0.14285714285714285,1.0,3.5,1.4,1.0,3279.531428571429,0.06584656917885258,2.0,2.0,5.0,0.0,15,15,18,155,0.41667,0.3333333333333333,0.004464216816935726,0.0015743966680349885,0.19077196095829632,0.0,0.8571428571428571,0.14285714285714285,0.14285714285714285,0.07777777777777778,1.0,1.553691468119139,0.4034122543024329,0.1859,0.8095238095238094,0.2571428571428572,0.619047619047619,1.8571428571428572,4.142857142857143,0.27459541258507314,1.0,0.8096487651546039,0.2021395042497234,-0.24404976648260082,-0.18940628119954347,0.26338998990964,-0.3691980486687584,-0.5402626287327985,-0.25291689205270684,0.4,1.0,0.7142857142857143
M0123,345.0,1.0,0.0,0.0,9.0,13205.62,1467.2911111111111,1221.99,1083.021637127399,9.0,4.0,7.0,9.0,1.0,0.0,0.0,0.0,0.0,0.0,1.0,9.0,12913.039999999999,0.5555555555555556,0.2222222222222222,0.1111111111111111,0.1111111111111111,1.0,2.25,1.2857142857142858,1.0,1467.2911111111111,-0.3837202186434414,3.0,4.0,8.0,0.0,21,21,26,155,0.45887,0.40476190476190477,0.006151063554605884,0.0042433181836953925,0.17552334943639292,0.0,0.6666666666666666,0.4444444444444444,0.0,0.1,1.0,2.322974612324147,0.7381095877472311,0.4168,0.7592592592592592,0.5555555555555556,0.4574074074074075,1.5555555555555556,2.111111111111111,0.5182679798449449,0.6813099271370826,0.9394182173953212,0.3838273233500095,-0.18012653485011418,-0.3414910817515248,-0.4259603397833068,-0.3691980486687584,-0.5402626287327985,-0.14068752632408893,0.5714285714285714,0.75,0.8888888888888888
M0125,384.0,1.0,0.0,0.0,27.0,32133.809999999998,1190.141111111111,946.01,623.0993292178983,22.0,10.0,10.0,23.0,0.8888888888888888,0.1111111111111111,0.0,0.0,0.0,0.0,1.0,16.0,28895.09,0.4444444444444444,0.3333333333333333,0.07407407407407407,0.14814814814814814,1.2272727272727273,2.7,2.7,1.173913043478261,1397.1221739130433,0.04331531045744352,6.0,4.0,14.0,1.0,35,35,43,155,0.33333,0.29411764705882354,0.009257222415314296,0.010551184626242759,0.04956163893361959,0.037037037037037035,0.6666666666666666,0.2222222222222222,0.3333333333333333,0.25555555555555554,1.7037037037037035,2.4495781857177845,0.5839542293644785,0.4355,0.5617283950617283,0.6246913580246913,0.5654320987654321,2.074074074074074,1.962962962962963,0.7901714735974353,0.6865799604839888,0.6969466116840798,0.3162659381261436,0.39518254984226564,-0.046274131770496246,-0.5313842408154521,-0.3691980486687584,0.4563432963403943,0.5888033509119275,0.4,0.6,0.6363636363636364
M0127,344.0,1.0,0.0,0.0,8.0,20111.39,2513.92375,1814.0900000000001,1951.331409407708,8.0,7.0,6.0,8.0,0.75,0.0,0.25,2.0,4363.08,0.21694572080796007,1.0,7.0,19393.9,0.5,0.25,0.25,0.0,1.0,1.1428571428571428,1.3333333333333333,1.0,2513.92375,-1.0,6.0,5.0,6.0,0.0,27,27,30,155,0.30952,0.2564102564102564,0.007114765236962981,0.008926855443021813,0.08695652173913045,0.125,0.5,0.125,0.125,0.08888888888888889,1.0,2.42122697635519,0.7762094651469472,0.6186,0.40625,0.4895833333333333,0.5729166666666666,3.0,2.375,0.7862151745851481,0.8238326639779748,0.8940341766531305,0.3968941853347533,-0.2120881506663575,-0.23378398684860557,-0.02783623464444576,1.7746307772026924,-0.5402626287327985,-0.19680220918839786,0.8333333333333334,0.8571428571428571,0.75
M0128,470.0,1.0,0.0,0.0,5.0,8891.5,1778.3,1988.59,471.2083218174315,5.0,4.0,4.0,5.0,1.0,0.0,0.0,0.0,0.0,0.0,1.0,5.0,8627.66,0.2,0.8,0.0,0.0,1.0,1.25,1.25,1.0,1778.3,-0.5676198147402336,3.0,1.0,3.0,1.0,16,16,16,155,0.50735,0.44166666666666665,0.004001534482003925,0.001183239458525598,0.24869565217391307,0.0,0.6,0.4,0.0,0.05555555555555555,1.0,1.2009390991396278,0.2649768440743584,0.2147,0.8333333333333334,0.6666666666666667,0.6166666666666666,2.0,1.8,0.11176741832086824,0.5697182702581116,0.5420491480627566,0.12041882696955064,-0.3079729981150875,-0.4087770371573062,-0.3076570010774085,-0.3691980486687584,-0.5402626287327985,-0.3651462577813247,0.25,0.75,0.6
M0134,218.0,1.0,0.0,0.0,8.0,5003.38,625.4225,524.225,469.62997965723736,7.0,5.0,3.0,8.0,0.5,0.25,0.25,2.0,1364.54,0.27272363882015754,1.0,5.0,2979.25,0.625,0.125,0.25,0.0,1.1428571428571428,1.6,2.6666666666666665,1.0,625.4225,-0.16305461220743456,2.0,3.0,3.0,0.0,14,14,14,155,0.40952,0.31868131868131866,0.0036645006696559568,0.0012106174722592896,0.15217391304347827,0.375,0.375,0.0,0.0,0.08888888888888889,1.0,2.249615260084183,0.7509003588090248,0.5133,0.31666666666666665,0.8125,0.7291666666666666,3.25,1.375,1.0,0.4907502528290875,0.5646922680268139,0.3966798444250695,-0.2120881506663575,-0.4694188062625527,-0.7461951337210568,1.7746307772026924,1.7021007026818853,-0.25291689205270684,1.0,0.4,0.42857142857142855
M0136,130.0,1.0,0.0,0.0,29.0,27128.6,935.4689655172414,849.41,556.7222880417695,25.0,14.0,9.0,27.0,0.9310344827586207,0.06896551724137931,0.0,0.0,0.0,0.0,1.0,19.0,24746.559999999998,0.4827586206896552,0.20689655172413793,0.13793103448275862,0.1724137931034483,1.16,2.0714285714285716,3.2222222222222223,1.0740740740740742,1004.7629629629629,0.13576380524103976,10.0,4.0,18.0,1.0,40,40,56,155,0.36829,0.33589743589743587,0.011823836796934389,0.015854508510713308,0.04213410536111252,0.0,0.7931034482758621,0.20689655172413793,0.3448275862068966,0.3,1.862068965517241,2.8145842395110696,0.581438754384479,0.46,0.7298850574712644,0.485632183908046,0.617816091954023,1.6551724137931034,2.5517241379310347,0.48030823558900937,0.839361411941641,0.5120087287954409,0.3048080459572349,0.45910578147475234,-0.12433879776415672,-0.6282578871179317,-0.3691980486687584,0.07832035924366602,0.7571473995048543,0.4444444444444444,0.7142857142857143,0.72
M0138,141.0,1.0,0.0,0.0,7.0,6116.1,873.7285714285715,852.81,341.5645399934724,7.0,7.0,6.0,7.0,0.8571428571428571,0.0,0.14285714285714285,1.0,265.57,0.043421461388793506,1.0,6.0,5940.12,0.2857142857142857,0.0,0.0,0.7142857142857143,1.0,1.0,1.1666666666666667,1.0,873.7285714285715,-0.07869192347563848,4.0,3.0,2.0,0.0,15,15,15,155,0.46667,0.3904761904761905,0.0038386710859550535,0.0014200680423420687,0.2759538598047915,0.0,0.8571428571428571,0.14285714285714285,0.2857142857142857,0.07777777777777778,1.0,1.5474370922646783,0.3909275158931847,0.2397,0.6071428571428571,0.6904761904761905,0.8333333333333333,2.4285714285714284,1.7142857142857142,0.5651068491358873,0.4964209218292702,0.2167312503065679,0.20133792075711146,-0.24404976648260082,-0.45206406687210443,-0.6517430510944412,0.8558469946863563,-0.5402626287327985,-0.25291689205270684,0.5,0.5714285714285714,0.2857142857142857
M0141,460.0,0.0,1.0,0.0,12.0,11795.300000000001,982.9416666666667,804.1500000000001,589.1778393788684,11.0,5.0,8.0,11.0,1.0,0.0,0.0,0.0,0.0,0.0,1.0,10.0,11488.12,0.75,0.08333333333333333,0.0,0.16666666666666666,1.0909090909090908,2.4,1.5,1.0909090909090908,1072.3000000000002,0.3060395389211255,5.0,6.0,6.0,0.0,25,25,28,155,0.40308,0.35333333333333333,0.0063265805420504835,0.005315048034497541,0.13043478260869568,0.0,0.5833333333333334,0.4166666666666667,0.4166666666666667,0.12222222222222222,1.8333333333333335,1.9125058285927448,0.5780485519863815,0.3534,0.5694444444444444,0.4444444444444444,0.6388888888888888,2.0833333333333335,2.4166666666666665,0.8110535552296252,0.9999999999999999,0.5997431180215849,0.3118491725902912,-0.0842416874013842,-0.3634873935434735,-0.6101999497276895,-0.3691980486687584,-0.5402626287327985,-0.028458160595471016,0.75,1.0,0.5454545454545454
M0143,302.0,1.0,0.0,0.0,2.0,5993.11,2996.555,2996.555,1404.9433924717396,2.0,2.0,1.0,2.0,1.0,0.0,0.0,0.0,0.0,0.0,1.0,2.0,5817.0599999999995,0.0,0.5,0.0,0.5,1.0,1.0,2.0,1.0,2996.555,0.9919025914702638,2.0,1.0,2.0,0.0,11,11,11,155,0.5,0.4,0.003308132102124355,0.0009763055045369103,0.47826086956521735,0.0,1.0,0.0,0.0,0.022222222222222223,1.0,1.3315290391799917,0.4688528635288655,0.137,0.5,0.3333333333333333,0.3333333333333333,2.0,3.0,1.0,1.0,1.0,0.16576451958985755,-0.40385784556381743,-0.45398230272445833,0.15574979867693467,-0.3691980486687584,-0.5402626287327985,-0.5334903063742515,1.0,1.0,1.0
M0145,792.0,1.0,0.0,0.0,8.0,6429.42,803.6775,730.535,599.3186017887314,7.0,4.0,4.0,8.0,0.875,0.125,0.0,0.0,0.0,0.0,1.0,6.0,5864.41,0.5,0.25,0.0,0.25,1.1428571428571428,2.0,2.0,1.0,803.6775,-0.010908505912125648,3.0,3.0,6.0,0.0,17,17,22,155,0.47059,0.40441176470588236,0.005412056741685888,0.005381892711324486,0.21739130434782608,0.0,0.125,1.0,0.375,0.08888888888888889,1.0,2.4303778567895704,0.7457202693726418,0.4276,0.53125,0.625,0.46875,2.375,1.75,0.8660656793303284,0.7024443884518354,0.9060490681896656,0.38078318106446996,-0.2120881506663575,-0.44717731463810556,-0.6783894780166185,-0.3691980486687584,0.5809190369745434,-0.25291689205270684,0.75,0.75,0.8571428571428571
M0150,275.0,1.0,0.0,0.0,12.0,15527.42,1293.9516666666666,786.96,1126.619753234776,12.0,6.0,8.0,11.0,0.75,0.08333333333333333,0.16666666666666666,2.0,1725.7800000000002,0.11114402779083712,1.0,10.0,13703.02,0.25,0.5,0.25,0.0,1.0,2.0,1.5,1.0909090909090908,1411.5836363636363,-0.006468179075350717,4.0,7.0,10.0,0.0,30,30,51,155,0.35914,0.31494252873563217,0.010752474715747468,0.009591325356854075,0.1449275362318841,0.0,0.75,0.16666666666666666,0.16666666666666666,0.12222222222222222,1.8333333333333335,2.583027959570875,0.8207609125782682,0.31,0.4236111111111111,0.5694444444444444,0.4069444444444444,2.75,2.4166666666666665,0.9707620454653766,0.7178410837086909,0.9528678943443276,0.42806350431568335,-0.0842416874013842,-0.30527870674546503,-0.49189618837099636,1.0600211685788754,0.2071918150720961,0.027656522268837934,0.875,0.6666666666666666,0.8333333333333334
M0152,287.0,1.0,0.0,0.0,20.0,35108.17,1755.4085,1362.295,989.7588307274126,19.0,6.0,7.0,20.0,1.0,0.0,0.0,0.0,0.0,0.0,1.0,15.0,33936.409999999996,0.2,0.45,0.2,0.15,1.0526315789473684,3.3333333333333335,2.857142857142857,1.0,1755.4085,1.1520336210503255,6.0,6.0,16.0,0.0,30,30,41,155,0.40645,0.36551724137931035,0.008793117153792603,0.007837291555878255,0.06608695652173915,0.05,0.8,0.1,0.35,0.2222222222222222,1.0,1.9330657223090808,0.563833905741833,0.3735,0.5599999999999999,0.4166666666666667,0.525,2.1,2.5,0.7689210232262178,0.9999999999999998,0.7802599793723228,0.30885584466521165,0.1714512391285624,0.0001160136869179421,-0.3163646006822339,-0.3691980486687584,-0.5402626287327985,0.4204593023190006,0.8571428571428571,1.0,0.8421052631578947
M0154,122.0,1.0,0.0,0.0,18.0,14380.97,798.9427777777778,707.7650000000001,528.4681001091802,16.0,6.0,7.0,18.0,0.9444444444444444,0.0,0.05555555555555555,1.0,247.67,0.01722206499283428,1.0,15.0,14072.6,0.5555555555555556,0.2777777777777778,0.0,0.16666666666666666,1.125,3.0,2.5714285714285716,1.0,798.9427777777778,-0.19658075713418643,5.0,5.0,10.0,0.0,29,29,37,155,0.35632,0.3103448275862069,0.008521975669000462,0.013199168805503498,0.0917874396135266,0.0,0.5555555555555556,0.6111111111111112,0.2777777777777778,0.2,1.0,2.9423133488213935,0.6614592619249775,0.5604,0.4478835978835979,0.39814814814814814,0.6759259259259259,3.388888888888889,2.7222222222222223,0.8623298706554565,0.9620978278933897,0.6105672983115882,0.3302362234412587,0.10752800749607574,-0.3231595222014463,-0.6801904987164932,0.10720835708045291,-0.5402626287327985,0.25211525372607374,0.7142857142857143,0.8333333333333334,0.625
M0155,163.0,1.0,0.0,0.0,2.0,1060.44,530.22,530.22,56.65339530866617,2.0,2.0,1.0,2.0,1.0,0.0,0.0,0.0,0.0,0.0,1.0,2.0,1018.42,0.5,0.5,0.0,0.0,1.0,1.0,2.0,1.0,530.22,0.163456830422719,1.0,1.0,2.0,0.0,6,6,6,155,0.38095,0.13333333333333333,0.002626921385194598,0.0009347444697435184,0.47826086956521735,0.0,0.5,0.5,0.0,0.022222222222222223,1.0,1.0755535438120025,0.10684884634428375,0.0,0.5,0.6666666666666666,0.41666666666666663,2.0,2.0,1.0,0.46222322809399874,1.0,0.03777677190582314,-0.40385784556381743,-0.5309155854452531,-0.7824088047945289,-0.3691980486687584,-0.5402626287327985,-0.5334903063742515,1.0,0.5,1.0
M0156,400.0,1.0,0.0,0.0,2.0,5543.55,2771.775,2771.775,1225.6493970340787,2.0,2.0,2.0,2.0,1.0,0.0,0.0,0.0,0.0,0.0,1.0,2.0,5379.47,0.5,0.0,0.5,0.0,1.0,1.0,1.0,1.0,2771.775,-1.0,1.0,2.0,1.0,0.0,11,11,13,155,0.56061,0.4727272727272727,0.0033940838732418018,0.0005615691230247262,0.47826086956521735,0.0,1.0,0.5,0.5,0.022222222222222223,1.0,1.312675090871373,0.44218935412653565,0.7651,0.25,0.6666666666666666,0.6,4.5,2.0,1.0,0.6563375454356865,0.34366245456431344,0.1563375454355455,-0.40385784556381743,-0.46099394684011186,0.07024669756199474,-0.3691980486687584,-0.5402626287327985,-0.5334903063742515,1.0,0.5,0.5
M0158,534.0,1.0,0.0,0.0,0.0,0.0,0.0,0.0,0.0,0.0,0.0,0.0,0.0,0.0,0.0,0.0,0.0,0.0,0.0,0.0,0.0,0.0,0.0,0.0,0.0,0.0,0.0,0.0,0.0,0.0,0.0,0.0,0.0,0.0,0.0,0.0,0,0,0,1,0.0,0.0,0.0009621552277102392,0.0,0.0,0.0,0.0,0.0,0.0,0.0,0.0,0.0,0.0,0.0,0.0,0.0,0.0,0.0,0.0,0.0,0.0,0.0,0.0,0.0,0.0,0.0,0.0,0.0,0.0,0.0,0.0,0.0
M0160,150.0,1.0,0.0,0.0,0.0,0.0,0.0,0.0,0.0,0.0,0.0,0.0,0.0,0.0,0.0,0.0,0.0,0.0,0.0,0.0,0.0,0.0,0.0,0.0,0.0,0.0,0.0,0.0,0.0,0.0,0.0,0.0,0.0,0.0,0.0,0.0,0,0,0,1,0.0,0.0,0.0009621552277102392,0.0,0.0,0.0,0.0,0.0,0.0,0.0,0.0,0.0,0.0,0.0,0.0,0.0,0.0,0.0,0.0,0.0,0.0,0.0,0.0,0.0,0.0,0.0,0.0,0.0,0.0,0.0,0.0,0.0
M0175,371.0,1.0,0.0,0.0,4.0,13760.279999999999,3440.0699999999997,2460.9449999999997,2748.0070071841765,4.0,2.0,4.0,4.0,0.75,0.25,0.0,0.0,0.0,0.0,1.0,3.0,6111.85,0.25,0.75,0.0,0.0,1.0,2.0,1.0,1.0,3440.0699999999997,-0.15819892653022982,1.0,2.0,2.0,1.0,9,9,10,155,0.33333,0.16666666666666666,0.0033205261419064287,0.001736859793461452,0.34782608695652173,0.0,1.0,0.0,0.0,0.044444444444444446,1.0,2.1717872020046105,0.7988229911554638,0.6186,0.6458333333333334,0.625,0.7083333333333333,2.25,1.75,0.3007046368242507,0.8436514373254034,0.3576882156467746,0.34393413506114273,-0.3399346139313308,-0.33284022641477706,0.3244565692570246,-0.3691980486687584,1.7021007026818853,-0.4212609406456337,0.5,0.5,0.5
M0178,226.0,0.0,0.0,1.0,5.0,6503.81,1300.7620000000002,1179.9,1081.2817121684802,5.0,3.0,5.0,5.0,1.0,0.0,0.0,0.0,0.0,0.0,1.0,4.0,6277.89,0.2,0.6,0.2,0.0,1.0,1.6666666666666667,1.0,1.0,1300.7620000000002,-0.7062681389330379,2.0,4.0,5.0,1.0,23,23,24,155,0.37681,0.3201581027667984,0.0056216671406824036,0.00370573855272662,0.16521739130434787,0.0,0.6,0.4,0.6,0.05555555555555555,1.0,2.345648166228718,0.831267912322531,0.4225,0.47333333333333333,0.7,0.41666666666666663,2.8,2.2,0.8185832611961296,0.26583648661323134,1.0,0.3934407677959862,-0.3079729981150875,-0.446017077504545,-0.4893056348536618,-0.3691980486687584,-0.5402626287327985,-0.3651462577813247,0.8,0.6666666666666666,1.0
M0179,837.0,0.0,1.0,0.0,7.0,32987.81,4712.544285714285,1428.32,7353.696382606635,7.0,4.0,3.0,7.0,1.0,0.0,0.0,0.0,0.0,0.0,1.0,6.0,31754.63,0.2857142857142857,0.42857142857142855,0.14285714285714285,0.14285714285714285,1.0,1.75,2.3333333333333335,1.0,4712.544285714285,-0.7229500225695533,3.0,3.0,4.0,0.0,14,14,18,155,0.50476,0.42857142857142855,0.004344112613263953,0.0012263507808269276,0.10559006211180123,0.0,0.7142857142857143,0.14285714285714285,0.14285714285714285,0.07777777777777778,1.0,4.414827477180207,1.5604514115440355,0.1144,0.5,0.4880952380952381,0.6547619047619048,2.0,2.857142857142857,1.0,0.886610235720407,0.25257936189155933,0.6430273139423908,-0.24404976648260082,-0.0329545658065135,0.808487610798041,-0.3691980486687584,-0.5402626287327985,-0.25291689205270684,1.0,0.75,0.5714285714285714
M0180,865.0,1.0,0.0,0.0,1.0,2609.14,2609.14,2609.14,0.0,1.0,1.0,1.0,1.0,1.0,0.0,0.0,0.0,0.0,0.0,1.0,1.0,2500.46,1.0,0.0,0.0,0.0,1.0,1.0,1.0,1.0,2609.14,-1.0,1.0,1.0,0.0,0.0,3,3,4,155,0.83333,0.6666666666666666,0.0017021413473646528,4.192872117400419e-06,1.0,0.0,1.0,0.0,1.0,0.011111111111111112,1.0,1.0,0.0,0.114,0.3333333333333333,0.3333333333333333,1.0,3.0,3.0,1.0,1.0,0.0,0.0,-0.4358194613800608,-0.5067610048733326,0.008382666732613607,-0.3691980486687584,-0.5402626287327985,-0.5896049892385605,1.0,1.0,0.0
M0181,802.0,1.0,0.0,0.0,5.0,3954.2,790.8399999999999,876.51,319.7080682435149,5.0,4.0,5.0,5.0,1.0,0.0,0.0,0.0,0.0,0.0,1.0,5.0,3829.48,0.6,0.0,0.4,0.0,1.0,1.25,1.0,1.0,790.8399999999999,-0.8659613459790125,3.0,5.0,3.0,0.0,20,20,23,155,0.45238,0.39473684210526316,0.0055025089218857515,0.003935883235921943,0.16521739130434787,0.2,0.4,0.2,0.6,0.05555555555555555,1.0,1.5288680390470892,0.4042639070400017,0.1505,0.45,0.4333333333333333,0.6,2.4,3.6,1.0,0.778334429214506,0.6464923372616458,0.19656567700156966,-0.3079729981150875,-0.48578253251324527,-0.6832726796384846,-0.3691980486687584,-0.5402626287327985,-0.3651462577813247,1.0,0.75,0.6
M0182,312.0,1.0,0.0,0.0,3.0,2869.8199999999997,956.6066666666666,912.15,666.8173988681859,3.0,3.0,2.0,3.0,0.6666666666666666,0.3333333333333333,0.0,0.0,0.0,0.0,1.0,2.0,1180.0900000000001,1.0,0.0,0.0,0.0,1.0,1.0,1.5,1.0,956.6066666666666,1.0,3.0,2.0,2.0,0.0,13,13,14,155,0.62637,0.5641025641025641,0.00367725838080677,0.0007750429402333185,0.3043478260869565,0.0,0.6666666666666666,0.3333333333333333,0.6666666666666666,0.03333333333333333,1.0,1.719139179460733,0.6970653896775958,0.2623,0.24444444444444446,0.39999999999999997,0.6666666666666666,4.333333333333333,3.0,1.0000000000000002,1.0000000000000002,0.6821577659922923,0.3092900135428827,-0.37189622974757414,-0.5026952619512121,-0.6202174075436071,-0.3691980486687584,2.4495551464867797,-0.4773756235099426,1.0,1.0,0.6666666666666666
M0187,344.0,1.0,0.0,0.0,7.0,3099.77,442.82428571428574,296.49,316.22591296187517,7.0,6.0,5.0,7.0,0.8571428571428571,0.14285714285714285,0.0,0.0,0.0,0.0,1.0,6.0,2010.0700000000002,0.7142857142857143,0.14285714285714285,0.0,0.14285714285714285,1.0,1.1666666666666667,1.4,1.0,442.82428571428574,-0.5405567012250817,5.0,2.0,5.0,0.0,15,15,16,155,0.44167,0.3619047619047619,0.004209936666518085,0.0025798635465895275,0.14818101153504878,0.0,1.0,0.0,0.42857142857142855,0.07777777777777778,1.0,2.374598760553202,0.7141114956055211,0.3075,0.7619047619047619,0.5476190476190477,0.5952380952380951,1.5714285714285714,2.0,0.41816005703648984,0.9112869664523497,0.8461014849488834,0.32682977861476037,-0.24404976648260082,-0.49910880505025434,-0.8156528860988436,-0.3691980486687584,0.7410878463613064,-0.25291689205270684,0.4,0.8333333333333334,0.7142857142857143
M0193,185.0,0.0,1.0,0.0,4.0,6283.13,1570.7825,1455.215,1303.9875857122515,4.0,4.0,3.0,4.0,1.0,0.0,0.0,0.0,0.0,0.0,1.0,4.0,6195.61,0.5,0.25,0.0,0.25,1.0,1.0,1.3333333333333333,1.0,1570.7825,0.024791337694563594,3.0,3.0,2.0,0.0,14,14,14,155,0.4381,0.3516483516483517,0.0037176126210630204,0.0014696868826489797,0.21739130434782608,0.0,0.5,0.25,0.25,0.044444444444444446,1.0,2.0244877950957565,0.8301515873217659,0.1979,0.3833333333333333,0.5416666666666666,0.75,3.0,2.25,1.0,0.8545120027756866,0.46321339841766757,0.3996523229662606,-0.3399346139313308,-0.44945895316839946,-0.3865936937796932,-0.3691980486687584,-0.5402626287327985,-0.4212609406456337,1.0,0.75,0.5
M0194,344.0,1.0,0.0,0.0,4.0,12558.17,3139.5425,2598.62,2812.83076603594,3.0,4.0,4.0,4.0,0.75,0.25,0.0,0.0,0.0,0.0,1.0,3.0,8532.09,0.5,0.5,0.0,0.0,1.3333333333333333,1.0,1.0,1.0,3139.5425,7.575060043460028,3.0,2.0,2.0,0.0,8,8,9,155,0.58333,0.4642857142857143,0.002670926802905097,0.00021274791620542717,0.21739130434782608,0.0,1.0,0.25,0.5,0.044444444444444446,1.0,2.1605345364810318,0.8959365149654576,0.1282,0.7083333333333333,0.5833333333333333,0.75,1.75,2.0,0.5861467076811351,0.459866365879742,0.6445716215021775,0.4218347498082082,-0.3399346139313308,-0.3515891531606357,0.21014020116235377,-0.3691980486687584,1.7021007026818853,-0.4773756235099426,0.5,0.75,0.6666666666666666
M0197,283.0,1.0,0.0,0.0,5.0,24101.81,4820.362,3258.37,3869.712887795424,5.0,4.0,4.0,5.0,1.0,0.0,0.0,0.0,0.0,0.0,1.0,4.0,23410.39,0.0,0.6,0.2,0.2,1.0,1.25,1.25,1.0,4820.362,0.5841706239392029,3.0,2.0,4.0,0.0,15,15,17,155,0.40833,0.3238095238095238,0.004700298691667261,0.0023294342233801664,0.24869565217391307,0.0,0.6,0.4,0.4,0.05555555555555555,1.0,2.2874028962970003,0.8027847053386082,0.2856,0.7,0.5733333333333334,0.5166666666666667,1.6,2.6,0.844451931203507,0.4073274994699568,0.9276253526187452,0.37552714920577535,-0.3079729981150875,-0.17154667723034323,0.8494999291829204,-0.3691980486687584,-0.5402626287327985,-0.3651462577813247,0.5,0.75,0.8
M0205,228.0,1.0,0.0,0.0,45.0,79085.96,1757.465777777778,1090.0,3043.414946343162,41.0,12.0,16.0,32.0,0.8666666666666667,0.1111111111111111,0.022222222222222223,1.0,515.31,0.006515821518762621,1.0,20.0,66395.4,0.3333333333333333,0.4888888888888889,0.044444444444444446,0.13333333333333333,1.0975609756097562,3.75,2.8125,1.40625,2471.43625,-0.47705578604901044,10.0,14.0,32.0,1.0,57,57,111,155,0.28615,0.2606516290726817,0.022100744418128346,0.031972835487037075,0.060096618357487946,0.0,0.7111111111111111,0.3111111111111111,0.3111111111111111,0.35555555555555557,2.1333333333333333,8.892590290362538,1.5453311749367742,0.7651,0.3496296296296296,0.3865079365079365,0.5285185185185185,3.533333333333333,3.8666666666666667,0.9888470722236917,0.8440898991426544,0.9314961846578078,0.5055348951950491,0.9704916345346455,0.6860235954845534,-0.3155820416028902,-0.17863548636907384,0.4563432963403943,1.6549823253337974,0.875,0.8333333333333334,0.7804878048780488
M0211,243.0,1.0,0.0,0.0,12.0,31177.67,2598.1391666666664,1707.63,1749.798784865684,11.0,3.0,9.0,11.0,0.8333333333333334,0.08333333333333333,0.08333333333333333,1.0,1599.38,0.051298894368950604,1.0,9.0,28724.8,0.08333333333333333,0.6666666666666666,0.25,0.0,1.0909090909090908,4.0,1.3333333333333333,1.0909090909090908,2834.3336363636363,2.239869721015306,0.0,7.0,8.0,0.0,26,26,30,155,0.47009,0.4276923076923077,0.006907579550871707,0.009185741453714404,0.07246376811594203,0.0,0.75,0.16666666666666666,0.3333333333333333,0.12222222222222222,1.8333333333333335,2.0680698718024795,0.6076408821957937,0.4424,0.623015873015873,1.0,0.5833333333333334,2.1666666666666665,1.0,0.8232744781762076,0.0,0.5877145405670148,0.32172804796158966,-0.0842416874013842,-0.061186742778461645,0.0041981068747587395,0.34541155995505857,0.2071918150720961,-0.028458160595471016,0.7777777777777778,0.0,0.7272727272727273
M0212,299.0,1.0,0.0,0.0,16.0,173339.71,10833.731875,7440.275,8913.5468999497,14.0,11.0,5.0,14.0,1.0,0.0,0.0,0.0,0.0,0.0,1.0,12.0,168645.95,0.25,0.5625,0.1875,0.0,1.1428571428571428,1.4545454545454546,3.2,1.1428571428571428,12381.407857142856,-0.09388967128173994,4.0,1.0,8.0,0.0,19,19,22,155,0.44737,0.38596491228070173,0.005275934361461431,0.0028234048140100138,0.1358695652173913,0.0,0.5625,0.5625,0.3125,0.15555555555555556,1.75,2.5165191519012002,0.7083139908244551,0.5192,0.8,0.7708333333333333,0.671875,2.0,1.625,0.18878859321963792,0.2433159718566508,0.5746179568432416,0.3727489588425593,0.043604775863589094,2.15606931032968,3.136899931245645,-0.3691980486687584,-0.5402626287327985,0.13988588799745583,0.2,0.36363636363636365,0.5714285714285714
M0213,162.0,1.0,0.0,0.0,11.0,120225.84,10929.621818181819,9477.38,7538.973339101045,11.0,5.0,4.0,11.0,1.0,0.0,0.0,0.0,0.0,0.0,1.0,10.0,116672.72,0.45454545454545453,0.45454545454545453,0.0,0.09090909090909091,1.0,2.2,2.75,1.0,10929.621818181819,-0.5069933322148539,3.0,2.0,5.0,0.0,10,10,14,155,0.67273,0.6,0.003455606988105836,0.00034495222857453835,0.12037369744879624,0.0,0.5454545454545454,0.45454545454545453,0.18181818181818182,0.12222222222222222,1.0,2.61201535377087,0.6897744006622162,0.2571,0.4848484848484848,0.8181818181818182,0.7348484848484849,2.4545454545454546,1.3636363636363635,0.755941817499466,0.238660008530612,0.38025219869538857,0.3469169054143107,-0.11620330321762753,1.327669199009535,3.173375095885653,-0.3691980486687584,-0.5402626287327985,-0.028458160595471016,0.5,0.6,0.45454545454545453
M0215,532.0,1.0,0.0,0.0,1.0,2911.74,2911.74,2911.74,0.0,1.0,1.0,1.0,1.0,1.0,0.0,0.0,0.0,0.0,0.0,1.0,1.0,2890.78,0.0,0.0,1.0,0.0,1.0,1.0,1.0,1.0,2911.74,1.0,1.0,0.0,0.0,0.0,2,2,2,155,1.0,1.0,0.0013883306420014617,0.0,1.0,0.0,1.0,0.0,1.0,0.011111111111111112,1.0,1.0,0.0,0.0326,1.0,0.3333333333333333,1.0,1.0,3.0,0.0,1.0,0.0,0.0,0.0,0.0,0.0,0.0,0.0,0.0,0.0,1.0,0.0
M0217,655.0,1.0,0.0,0.0,12.0,8595.64,716.3033333333333,437.485,670.0813044879275,10.0,9.0,8.0,11.0,1.0,0.0,0.0,0.0,0.0,0.0,1.0,9.0,8395.33,0.5,0.3333333333333333,0.08333333333333333,0.08333333333333333,1.2,1.3333333333333333,1.5,1.0909090909090908,781.4218181818181,0.26357119908989884,6.0,6.0,8.0,0.0,28,28,46,155,0.42365,0.38095238095238093,0.009557073781371444,0.0064730624970434445,0.11594202898550723,0.0,0.9166666666666666,0.08333333333333333,0.08333333333333333,0.12222222222222222,1.8333333333333335,3.2651762986816575,0.9296175692819912,0.3785,0.7000000000000001,0.6319444444444444,0.4583333333333333,2.0,2.4166666666666665,0.37333578418826296,0.5339765276349405,0.8839237101600346,0.4312279248548808,-0.0842416874013842,-0.4133914713330719,-0.7116253629144459,-0.3691980486687584,-0.5402626287327985,-0.08457284345977997,0.75,0.6666666666666666,0.8
M0218,227.0,0.0,1.0,0.0,5.0,7237.59,1447.518,1185.88,946.4214743284303,4.0,3.0,2.0,5.0,1.0,0.0,0.0,0.0,0.0,0.0,1.0,5.0,6984.5599999999995,0.2,0.2,0.2,0.4,1.25,1.6666666666666667,2.5,1.0,1447.518,-0.6011777984793373,2.0,2.0,3.0,0.0,16,16,16,155,0.44118,0.36666666666666664,0.004326366913967793,0.0021465700649553896,0.24869565217391307,0.0,1.0,0.2,0.4,0.05555555555555555,1.0,2.149810917722612,0.6538236307447856,0.4627,0.5,0.44000000000000006,0.4133333333333333,2.0,3.0,1.0,0.883877091683834,0.8787372592257919,0.2700871422668955,-0.3079729981150875,-0.4345725445852812,-0.4334817487996351,-0.3691980486687584,-0.5402626287327985,-0.4212609406456337,1.0,0.6666666666666666,0.75
M0220,254.0,1.0,0.0,0.0,1.0,168.65,168.65,168.65,0.0,1.0,1.0,1.0,1.0,1.0,0.0,0.0,0.0,0.0,0.0,1.0,1.0,165.47,0.0,1.0,0.0,0.0,1.0,1.0,1.0,1.0,168.65,1.0,0.0,1.0,1.0,0.0,7,7,7,155,0.75,0.6666666666666666,0.0023073995612578517,8.778054970334017e-05,1.0,1.0,0.0,0.0,0.0,0.011111111111111112,1.0,1.0,0.0,0.0852,0.2,1.0,0.25,5.0,1.0,1.0,0.0,1.0,0.0,-0.4358194613800608,-0.5448245500014828,-0.9199448679234945,-0.3691980486687584,-0.5402626287327985,-0.5896049892385605,1.0,0.0,1.0
M0221,253.0,1.0,0.0,0.0,24.0,53473.07,2228.0445833333333,1257.2800000000002,2601.069324873872,23.0,10.0,11.0,22.0,1.0,0.0,0.0,0.0,0.0,0.0,1.0,20.0,51317.53,0.2916666666666667,0.375,0.16666666666666666,0.16666666666666666,1.0434782608695652,2.4,2.1818181818181817,1.0909090909090908,2430.594090909091,0.2585786850057062,7.0,8.0,17.0,0.0,31,31,45,155,0.35685,0.3139784946236559,0.009529655820841535,0.00793146208443729,0.07971014492753621,0.0,0.9166666666666666,0.125,0.5,0.24444444444444444,1.8333333333333335,4.87196938571135,1.1049109651337483,0.4407,0.5347222222222222,0.625,0.5868055555555556,2.0416666666666665,1.8333333333333333,0.858279691066924,0.8194315381555612,0.7581865039729344,0.49270013179275873,0.2992977023935357,0.28654750897022785,-0.1365805859842215,-0.3691980486687584,-0.5402626287327985,0.6449180337762364,0.7272727272727273,0.7,0.7391304347826086
M0223,286.0,0.0,0.0,1.0,10.0,26421.309999999998,2642.131,1888.82,2094.824379530816,9.0,3.0,5.0,10.0,1.0,0.0,0.0,0.0,0.0,0.0,1.0,10.0,25336.68,0.0,0.6,0.3,0.1,1.1111111111111112,3.3333333333333335,2.0,1.0,2642.131,-0.5300515012815512,2.0,2.0,5.0,0.0,15,15,17,155,0.41667,0.3333333333333333,0.004392466632386418,0.0022751958500781743,0.12347826086956526,0.1,0.6,0.4,0.6,0.1111111111111111,1.0,2.5461909345146023,0.7928540937337385,0.5143,0.5333333333333333,0.8,0.6416666666666666,2.4,1.6,0.6471397519653643,0.3811378012672347,0.5508549727473769,0.38691287449409634,-0.14816491903387086,-0.13537017459163372,0.02093197187045054,-0.3691980486687584,-0.5402626287327985,-0.14068752632408893,0.4,0.6666666666666666,0.5555555555555556
M0226,115.0,1.0,0.0,0.0,7.0,11312.0,1616.0,1124.05,1145.1963671353485,7.0,6.0,5.0,7.0,0.7142857142857143,0.0,0.2857142857142857,2.0,1251.47,0.110632072135785,1.0,5.0,11024.34,0.2857142857142857,0.42857142857142855,0.2857142857142857,0.0,1.0,1.1666666666666667,1.4,1.0,1616.0,-0.20638610266346583,5.0,5.0,4.0,0.0,30,30,36,155,0.38925,0.3471264367816092,0.007993263273491126,0.008827757042087799,0.10559006211180123,0.0,0.7142857142857143,0.2857142857142857,0.2857142857142857,0.07777777777777778,1.0,2.309944306930693,0.7086611182768245,0.3444,0.3261904761904762,0.4489795918367347,0.6309523809523808,3.4285714285714284,3.2857142857142856,1.0,0.9197887199434229,0.6808371640735501,0.34519145281870767,-0.24404976648260082,-0.37102526969147454,-0.3693936026921196,2.080892038041471,-0.5402626287327985,-0.25291689205270684,1.0,0.8333333333333334,0.5714285714285714
M0227,517.0,1.0,0.0,0.0,2.0,2490.4100000000003,1245.2050000000002,1245.2050000000002,1389.8961601680899,2.0,2.0,2.0,2.0,1.0,0.0,0.0,0.0,0.0,0.0,1.0,2.0,2379.16,0.5,0.5,0.0,0.0,1.0,1.0,1.0,1.0,1245.2050000000002,1.0,2.0,2.0,2.0,1.0,11,11,11,155,0.54545,0.45454545454545453,0.0030460459459125,0.0003780116455560897,0.47826086956521735,0.0,0.5,0.5,0.5,0.022222222222222223,1.0,1.789271646034187,1.1161986662180843,0.2238,0.41666666666666663,0.5,0.35,2.5,2.0,1.0,1.0,1.0,0.39463582301630123,-0.40385784556381743,-0.5086127988626812,-0.5104387240459508,-0.3691980486687584,-0.5402626287327985,-0.5334903063742515,1.0,1.0,1.0
M0234,391.0,1.0,0.0,0.0,19.0,157897.12,8310.374736842105,7880.71,4549.494712330845,18.0,8.0,8.0,15.0,0.7894736842105263,0.10526315789473684,0.10526315789473684,2.0,15607.599999999999,0.09884664140802568,1.0,12.0,137842.96,0.10526315789473684,0.47368421052631576,0.3157894736842105,0.10526315789473684,1.0555555555555556,2.375,2.375,1.2666666666666666,10526.474666666667,-0.5919230196783908,3.0,4.0,18.0,0.0,27,27,81,155,0.50794,0.4700854700854701,0.014371603329244696,0.0030479694758463014,0.13284355052390703,0.0,0.3157894736842105,0.7894736842105263,0.0,0.16666666666666666,2.368421052631579,3.5816140915046457,0.8177740495494853,0.2853,0.8771929824561404,0.7236842105263158,0.2444235588972431,1.3157894736842106,1.9473684210526316,0.32424023946731895,0.3317617826088278,1.0000000000000002,0.3691485696509205,0.13948962331231907,1.9152161532339655,2.1770509209554936,0.5334667201192209,0.4038903529154894,0.36434461945469165,0.5,0.375,1.0
M0235,167.0,1.0,0.0,0.0,7.0,15571.3,2224.4714285714285,2085.59,1235.0381573380444,6.0,5.0,4.0,7.0,0.8571428571428571,0.0,0.14285714285714285,1.0,1380.04,0.08862715380218736,1.0,7.0,15140.039999999999,0.5714285714285714,0.0,0.42857142857142855,0.0,1.1666666666666667,1.4,1.75,1.0,2224.4714285714285,0.8866852793195626,5.0,4.0,3.0,0.0,23,23,27,155,0.48188,0.43478260869565216,0.006105931460504991,0.004100548877770715,0.14818101153504878,0.0,0.7142857142857143,0.14285714285714285,0.2857142857142857,0.07777777777777778,1.0,1.8741485938874725,0.5552052238006018,0.3621,0.38095238095238093,0.4095238095238095,0.7083333333333333,2.7142857142857144,2.7142857142857144,0.9999999999999999,0.9999999999999999,0.39900522114402776,0.2862753912646723,-0.24404976648260082,-0.30459432436314704,-0.13793976301468006,0.8558469946863563,-0.5402626287327985,-0.30903157491701577,1.0,1.0,0.5
M0237,285.0,1.0,0.0,0.0,2.0,1945.53,972.765,972.765,533.4908532018145,2.0,2.0,1.0,2.0,1.0,0.0,0.0,0.0,0.0,0.0,1.0,2.0,1917.0700000000002,1.0,0.0,0.0,0.0,1.0,1.0,2.0,1.0,972.765,1.0,2.0,0.0,1.0,1.0,8,8,9,155,0.55556,0.42857142857142855,0.002910380432177158,0.00046237739696611464,0.47826086956521735,0.0,0.5,0.5,1.0,0.022222222222222223,1.0,1.3877966415321275,0.5484272698974721,0.1527,1.0,0.26666666666666666,0.6666666666666666,1.0,4.0,0.0,1.0,0.3061016792339362,0.19389832076556546,0.0,0.0,0.0,0.0,0.0,0.0,0.0,1.0,0.5
M0240,278.0,1.0,0.0,0.0,0.0,0.0,0.0,0.0,0.0,0.0,0.0,0.0,0.0,0.0,0.0,0.0,0.0,0.0,0.0,0.0,0.0,0.0,0.0,0.0,0.0,0.0,0.0,0.0,0.0,0.0,0.0,0.0,0.0,0.0,0.0,0.0,0,0,0,1,0.0,0.0,0.0009621552277102392,0.0,0.0,0.0,0.0,0.0,0.0,0.0,0.0,0.0,0.0,0.0,0.0,0.0,0.0,0.0,0.0,0.0,0.0,0.0,0.0,0.0,0.0,0.0,0.0,0.0,0.0,0.0,0.0,0.0
M0241,238.0,1.0,0.0,0.0,20.0,58121.36,2906.068,1683.605,2640.781532703808,19.0,11.0,5.0,19.0,0.85,0.15,0.0,0.0,0.0,0.0,1.0,12.0,46321.409999999996,0.3,0.3,0.35,0.05,1.0526315789473684,1.8181818181818181,4.0,1.0526315789473684,3059.018947368421,-0.4639761684026254,10.0,5.0,11.0,0.0,35,35,46,155,0.38571,0.3495798319327731,0.009740302864005209,0.013440452658492419,0.07130434782608698,0.0,0.8,0.25,0.25,0.2111111111111111,1.9000000000000001,2.6502712599980454,0.8718549883540825,0.4945,0.36,0.5416666666666667,0.6791666666666666,3.2,2.3,1.0,0.8671927153803696,0.45716566164315486,0.4404064547915418,0.1714512391285624,0.3590454074183793,0.12132983644458506,-0.3691980486687584,0.8051553701160117,0.4204593023190006,1.0,0.9090909090909091,0.5789473684210527
M0242,513.0,1.0,0.0,0.0,8.0,56242.81,7030.35125,5141.865,6763.905896968191,7.0,6.0,6.0,8.0,1.0,0.0,0.0,0.0,0.0,0.0,1.0,8.0,53851.66,0.25,0.375,0.375,0.0,1.1428571428571428,1.3333333333333333,1.3333333333333333,1.0,7030.35125,0.8791778371717893,6.0,4.0,6.0,1.0,27,27,37,155,0.40476,0.358974358974359,0.007983901440280616,0.005042694001439887,0.1847826086956522,0.0,0.75,0.25,0.375,0.08888888888888889,1.0,2.986372835923383,0.9621007054189776,0.8159,0.5541666666666667,0.375,0.5,2.875,2.875,0.8346988708423352,1.0,0.9410946928149572,0.4617320640629339,-0.2120881506663575,0.3297462614679814,1.6901482711425273,-0.3691980486687584,-0.5402626287327985,-0.25291689205270684,0.6666666666666666,1.0,0.8571428571428571
M0243,233.0,1.0,0.0,0.0,1.0,6732.65,6732.65,6732.65,0.0,1.0,1.0,1.0,1.0,1.0,0.0,0.0,0.0,0.0,0.0,1.0,1.0,6515.13,0.0,1.0,0.0,0.0,1.0,1.0,1.0,1.0,6732.65,-1.0,1.0,0.0,1.0,0.0,3,3,3,155,0.83333,0.6666666666666666,0.0017024670681035853,0.00023332857687625533,1.0,0.0,1.0,0.0,0.0,0.011111111111111112,1.0,1.0,0.0,0.0,1.0,0.3333333333333333,0.5,1.0,3.0,0.0,1.0,1.0,0.0,0.0,0.0,0.0,0.0,0.0,0.0,0.0,1.0,1.0
M0244,332.0,1.0,0.0,0.0,9.0,10871.56,1207.951111111111,1112.85,794.4667525051699,9.0,7.0,7.0,9.0,1.0,0.0,0.0,0.0,0.0,0.0,1.0,7.0,10553.2,0.6666666666666666,0.0,0.0,0.3333333333333333,1.0,1.2857142857142858,1.2857142857142858,1.0,1207.951111111111,-0.8666119688201425,5.0,3.0,3.0,1.0,16,16,28,155,0.5,0.43333333333333335,0.006088963781238503,0.0016194045958987616,0.1497584541062802,0.0,0.3333333333333333,0.5555555555555556,0.3333333333333333,0.1,1.0,2.4160166526239104,0.6576977703794608,0.2825,0.6833333333333333,0.462962962962963,0.8148148148148148,2.3333333333333335,3.111111111111111,0.5468939140288974,0.882310358403026,0.3357255076548352,0.324225573678241,-0.18012653485011418,-0.37789467207224336,-0.5246095712235975,-0.3691980486687584,-0.5402626287327985,-0.14068752632408893,0.42857142857142855,0.7142857142857143,0.3333333333333333
M0245,131.0,1.0,0.0,0.0,2.0,16893.879999999997,8446.939999999999,8446.939999999999,4822.41167914976,2.0,2.0,2.0,2.0,1.0,0.0,0.0,0.0,0.0,0.0,1.0,1.0,16766.16,0.0,0.5,0.5,0.0,1.0,1.0,1.0,1.0,8446.939999999999,-1.0,1.0,2.0,2.0,1.0,7,7,7,155,0.35714,0.14285714285714285,0.0025863095355681686,0.0012669404113134232,0.47826086956521735,0.0,0.5,0.5,0.5,0.022222222222222223,1.0,1.4036917510956632,0.5709063494176304,0.1748,0.41666666666666663,0.75,0.5,2.5,1.5,1.0,0.2981541244521685,1.0,0.20184587554777184,-0.40385784556381743,-0.28396646540220527,2.228998396285051,-0.3691980486687584,-0.5402626287327985,-0.5334903063742515,1.0,0.5,1.0
M0246,568.0,1.0,0.0,0.0,28.0,67935.44,2426.2657142857142,2296.63,1306.425498811132,27.0,8.0,7.0,26.0,0.7857142857142857,0.07142857142857142,0.14285714285714285,4.0,3698.8599999999997,0.054446692330247654,1.0,20.0,63296.29,0.2857142857142857,0.39285714285714285,0.25,0.07142857142857142,1.037037037037037,3.5,4.0,1.0769230769230769,2612.9015384615386,-0.265681965379218,6.0,5.0,19.0,1.0,36,36,47,155,0.2988,0.25873015873015875,0.010324029332034182,0.012667784579182165,0.04968944099378881,0.10714285714285714,0.7857142857142857,0.17857142857142858,0.35714285714285715,0.28888888888888886,1.8571428571428572,2.4427939231717644,0.5923648322675085,0.3879,0.5833333333333333,0.6904761904761905,0.5952380952380952,1.8571428571428572,1.6428571428571428,0.7709010201450083,0.611400912395651,0.705234999581956,0.31626979515121373,0.427144165658509,0.5121124869685009,-0.0611800992730408,0.8558469946863563,0.10041260881425403,0.8693767652334722,0.7142857142857143,0.75,0.7037037037037037
M0250,366.0,1.0,0.0,0.0,4.0,3814.42,953.605,785.4200000000001,849.2959392147513,4.0,4.0,4.0,4.0,1.0,0.0,0.0,0.0,0.0,0.0,1.0,4.0,3707.1,0.75,0.0,0.0,0.25,1.0,1.0,1.0,1.0,953.605,1.14936796651172,2.0,2.0,3.0,1.0,11,11,11,155,0.42424,0.3090909090909091,0.004053718083040063,0.012568534262181207,0.21739130434782608,0.25,0.75,0.0,0.25,0.044444444444444446,1.0,2.1398272869794095,0.8906160718691191,0.2493,0.75,0.6875,0.5833333333333333,1.5,2.0,0.629249007712837,0.5881837867880306,0.9057078140320154,0.4171053528449822,-0.3399346139313308,-0.4879626366472564,-0.6213591986660972,-0.3691980486687584,-0.5402626287327985,-0.4212609406456337,0.5,0.5,0.75
M0251,91.0,1.0,0.0,0.0,4.0,11432.439999999999,2858.1099999999997,2276.645,2256.221825929357,4.0,4.0,4.0,4.0,0.75,0.25,0.0,0.0,0.0,0.0,1.0,3.0,5254.43,0.5,0.25,0.0,0.25,1.0,1.0,1.0,1.0,2858.1099999999997,-0.49386476395743145,2.0,3.0,2.0,0.0,12,12,13,155,0.5641,0.48484848484848486,0.0038811334008624072,0.0023066821569955047,0.21739130434782608,0.0,0.75,0.0,0.75,0.044444444444444446,1.0,2.0956751139739196,0.7894104236468704,0.1165,0.55,0.6458333333333333,0.75,2.5,2.25,0.9221968363708885,0.2178353877212564,0.2178353877212564,0.3641401135714764,-0.3399346139313308,-0.3691468053768351,0.10308729830386817,-0.3691980486687584,1.7021007026818853,-0.4212609406456337,0.75,0.5,0.5
M0252,230.0,1.0,0.0,0.0,8.0,16952.82,2119.1025,1577.42,2258.8827864597765,8.0,4.0,4.0,8.0,0.875,0.125,0.0,0.0,0.0,0.0,1.0,7.0,15188.56,0.375,0.625,0.0,0.0,1.0,2.0,2.0,1.0,2119.1025,1.4461924383396791,0.0,2.0,7.0,1.0,17,17,17,155,0.47059,0.40441176470588236,0.004393099505275187,0.003174375492770836,0.11956521739130435,0.0,0.875,0.25,0.5,0.08888888888888889,1.0,3.570110459498774,1.0659620223466193,0.4035,0.4583333333333333,1.0,0.4895833333333333,3.0,1.0,0.44543916587328836,0.0,0.8978211294640066,0.41655916242840296,-0.2120881506663575,-0.28304719699715003,-0.17802059829368952,-0.3691980486687584,0.5809190369745434,-0.19680220918839786,0.5,0.0,0.875
M0261,441.0,1.0,0.0,0.0,11.0,16432.87,1493.8972727272726,1367.91,1013.2615262220402,10.0,8.0,5.0,9.0,1.0,0.0,0.0,0.0,0.0,0.0,1.0,7.0,15899.34,0.5454545454545454,0.2727272727272727,0.0,0.18181818181818182,1.1,1.375,2.2,1.2222222222222223,1825.8744444444444,-0.7955090522612329,7.0,3.0,9.0,0.0,25,25,31,155,0.40308,0.35333333333333333,0.0071739733873405565,0.005554771281494612,0.10312612288896875,0.0,0.7272727272727273,0.2727272727272727,0.18181818181818182,0.1,1.6363636363636362,1.9034003189947952,0.5482496951930732,0.5518,0.6545454545454545,0.4075757575757576,0.5606060606060606,1.9090909090909092,3.0,0.5795238445870989,0.830226247758304,0.8260437768935068,0.2945992459692545,-0.11620330321762753,-0.2911566915205374,-0.4158397359620278,-0.3691980486687584,-0.5402626287327985,-0.08457284345977997,0.6,0.875,0.9
M0262,464.0,1.0,0.0,0.0,1.0,1314.85,1314.85,1314.85,0.0,1.0,1.0,1.0,1.0,1.0,0.0,0.0,0.0,0.0,0.0,1.0,1.0,1297.41,1.0,0.0,0.0,0.0,1.0,1.0,1.0,1.0,1314.85,1.0,0.0,1.0,1.0,1.0,4,4,4,155,0.7,0.5,0.0018030969948382553,0.00018662177955536643,1.0,0.0,1.0,1.0,0.0,0.011111111111111112,1.0,1.0,0.0,0.0659,0.5,1.0,0.3333333333333333,2.0,1.0,1.0,0.0,1.0,0.0,-0.4358194613800608,-0.5269476337158657,-0.4839467608946474,-0.3691980486687584,-0.5402626287327985,-0.5896049892385605,1.0,0.0,1.0
M0266,296.0,1.0,0.0,0.0,0.0,0.0,0.0,0.0,0.0,0.0,0.0,0.0,0.0,0.0,0.0,0.0,0.0,0.0,0.0,0.0,0.0,0.0,0.0,0.0,0.0,0.0,0.0,0.0,0.0,0.0,0.0,0.0,0.0,0.0,0.0,0.0,0,0,0,1,0.0,0.0,0.0009621552277102392,0.0,0.0,0.0,0.0,0.0,0.0,0.0,0.0,0.0,0.0,0.0,0.0,0.0,0.0,0.0,0.0,0.0,0.0,0.0,0.0,0.0,0.0,0.0,0.0,0.0,0.0,0.0,0.0,0.0
M0270,42.0,1.0,0.0,0.0,4.0,3261.69,815.4225,864.22,361.75555156993335,3.0,4.0,4.0,4.0,0.75,0.25,0.0,0.0,0.0,0.0,1.0,3.0,2879.38,0.5,0.5,0.0,0.0,1.3333333333333333,1.0,1.0,1.0,815.4225,0.48452925045703854,4.0,3.0,3.0,0.0,17,17,18,155,0.45098,0.38235294117647056,0.00477763329537503,0.002805066087945062,0.34782608695652173,0.0,1.0,0.25,0.5,0.044444444444444446,1.0,1.4607519414781909,0.4436418563014061,0.2612,0.625,0.3208333333333333,0.375,1.75,3.5,0.6348120146304523,0.9999999999999999,0.9999999999999999,0.211542942462181,-0.3399346139313308,-0.49658339038879296,-0.6739218477888627,-0.3691980486687584,1.7021007026818853,-0.4773756235099426,0.75,1.0,1.0
M0275,531.0,1.0,0.0,0.0,5.0,14838.460000000001,2967.692,2923.86,1308.142831333796,5.0,3.0,4.0,5.0,0.8,0.2,0.0,0.0,0.0,0.0,1.0,4.0,10052.59,0.4,0.6,0.0,0.0,1.0,1.6666666666666667,1.25,1.0,2967.692,-0.6536377782717774,2.0,0.0,2.0,1.0,12,12,12,155,0.5,0.4090909090909091,0.0033716252529113287,0.0017711067243639462,0.24869565217391307,0.0,1.0,0.0,0.2,0.05555555555555555,1.0,1.4634739723664048,0.4407946752337493,0.2177,1.0,0.58,0.7066666666666667,1.0,2.8,0.0,0.6470934315286088,0.35290656847139124,0.20926780811483014,0.0,0.0,0.0,0.0,0.0,0.0,0.0,0.6666666666666666,0.4
M0276,478.0,1.0,0.0,0.0,20.0,14964.96,748.2479999999999,666.01,513.7204162474698,19.0,6.0,5.0,17.0,0.95,0.05,0.0,0.0,0.0,0.0,1.0,13.0,14175.36,0.6,0.2,0.0,0.2,1.0526315789473684,3.3333333333333335,4.0,1.1764705882352942,880.2917647058823,-0.44776478568931766,3.0,3.0,12.0,0.0,26,26,30,155,0.41595,0.36923076923076925,0.0067144492528998755,0.004038045621534417,0.05043478260869568,0.15,0.7,0.05,0.35,0.18888888888888888,1.7,2.986044065603917,0.7731700188465439,0.419,0.8,0.6416666666666666,0.6366666666666666,1.4,2.05,0.43326811431504,0.6996463739294992,0.5160180849130236,0.3823400483136299,0.1714512391285624,-0.31405121619757476,-0.6994740680301899,-0.3691980486687584,-0.09178996244986168,0.4204593023190006,0.6,0.5,0.631578947368421
M0277,137.0,1.0,0.0,0.0,11.0,10248.67,931.6972727272728,681.13,667.8359723478649,9.0,7.0,6.0,11.0,0.8181818181818182,0.0,0.18181818181818182,2.0,1824.5500000000002,0.1780279782644968,1.0,10.0,9914.15,0.5454545454545454,0.45454545454545453,0.0,0.0,1.2222222222222223,1.5714285714285714,1.8333333333333333,1.0,931.6972727272728,-0.15464298061133364,6.0,5.0,6.0,0.0,25,25,32,155,0.42154,0.37333333333333335,0.0070320811737995,0.004818801047284136,0.13762127200862376,0.0,1.0,0.0,0.36363636363636365,0.12222222222222222,1.0,2.5395158591309897,0.7167950276305621,0.5397,0.5363636363636364,0.5075757575757576,0.606060606060606,2.5454545454545454,2.909090909090909,0.8090542480146203,0.5222443497546511,0.6951955717180863,0.3646527261142297,-0.11620330321762753,-0.3876096889847787,-0.6296925851782359,1.1899501883286605,-0.5402626287327985,-0.14068752632408893,0.8333333333333334,0.8571428571428571,0.6666666666666666
M0279,160.0,1.0,0.0,0.0,15.0,28999.51,1933.3006666666665,1659.71,1275.302327587276,14.0,9.0,7.0,13.0,0.9333333333333333,0.06666666666666667,0.0,0.0,0.0,0.0,1.0,11.0,24445.22,0.4666666666666667,0.2,0.2,0.13333333333333333,1.0714285714285714,1.6666666666666667,2.142857142857143,1.1538461538461537,2230.7315384615385,0.9068227289311934,6.0,5.0,8.0,1.0,21,21,37,155,0.45455,0.4,0.007617402426150051,0.0017630815452479105,0.10028985507246377,0.0,0.7333333333333333,0.13333333333333333,0.3333333333333333,0.14444444444444443,2.6,2.321435775983801,0.6930888214492001,0.2614,0.49777777777777776,0.5111111111111111,0.6888888888888889,2.8666666666666667,2.6,0.9311736646584718,0.9296546734755173,0.5373508035135767,0.36918013707551584,0.01164316004734577,-0.09515881046008769,-0.24869696159487845,-0.3691980486687584,0.057700926311117215,0.13988588799745583,0.7142857142857143,0.6666666666666666,0.5714285714285714
M0281,137.0,1.0,0.0,0.0,11.0,8808.13,800.7390909090908,600.4,587.0350566099872,10.0,7.0,3.0,11.0,1.0,0.0,0.0,0.0,0.0,0.0,1.0,10.0,8554.88,0.45454545454545453,0.36363636363636365,0.0,0.18181818181818182,1.1,1.5714285714285714,3.6666666666666665,1.0,800.7390909090908,0.2294999392515795,4.0,1.0,7.0,0.0,15,15,15,155,0.34167,0.24761904761904763,0.004199091138084943,0.002235649290130523,0.08587854832914123,0.0,0.7272727272727273,0.36363636363636365,0.2727272727272727,0.12222222222222222,1.0,3.076083118664234,0.7331165210674524,0.5674,0.8636363636363636,0.6363636363636364,0.6212121212121212,1.2727272727272727,1.9090909090909092,0.20015258630378985,0.7716768485478755,0.8028957338277252,0.29528339675439363,0.7071067811865475,-0.7071067811865483,-0.7071067811865476,0.0,0.0,0.7071067811865476,0.3333333333333333,0.5714285714285714,0.7
M0284,94.0,1.0,0.0,0.0,1.0,612.74,612.74,612.74,0.0,1.0,1.0,1.0,1.0,1.0,0.0,0.0,0.0,0.0,0.0,1.0,1.0,606.92,1.0,0.0,0.0,0.0,1.0,1.0,1.0,1.0,612.74,1.0,1.0,1.0,1.0,0.0,5,5,5,155,0.86667,0.8,0.0019307712292760508,4.252614035149662e-05,1.0,0.0,1.0,0.0,1.0,0.011111111111111112,1.0,1.0,0.0,0.4038,0.25,0.5,0.5,4.0,2.0,1.0,1.0,1.0,0.0,-0.4358194613800608,-0.5378982197333972,-0.7510193755570308,-0.3691980486687584,-0.5402626287327985,-0.5896049892385605,1.0,1.0,1.0
M0286,309.0,0.0,1.0,0.0,56.0,37545.22,670.4503571428571,520.4350000000001,555.438875288441,43.0,17.0,12.0,39.0,0.9642857142857143,0.03571428571428571,0.0,0.0,0.0,0.0,1.0,26.0,36059.979999999996,0.625,0.17857142857142858,0.0,0.19642857142857142,1.302325581395349,3.2941176470588234,4.666666666666667,1.435897435897436,962.6979487179487,-0.4083684271660603,8.0,6.0,26.0,1.0,60,60,87,155,0.27432,0.2497175141242938,0.018457967877147288,0.04615008487691695,0.031055900621118022,0.16071428571428573,0.625,0.07142857142857142,0.375,0.43333333333333335,2.0892857142857144,3.610031583248147,0.8113740529370624,0.4535,0.7276785714285714,0.8095238095238095,0.5744047619047619,1.8571428571428572,1.4642857142857142,0.4341569978814879,0.4293633117611243,0.7831963696044398,0.4083192453642778,1.322069408513322,0.038125906230857265,-0.7290671800673741,-0.3691980486687584,-0.21992500995927222,1.7672116910624154,0.5,0.47058823529411764,0.6046511627906976
M0292,248.0,1.0,0.0,0.0,5.0,6852.67,1370.534,843.23,1361.7642593819241,5.0,4.0,3.0,4.0,1.0,0.0,0.0,0.0,0.0,0.0,1.0,4.0,6718.5,0.2,0.2,0.4,0.2,1.0,1.25,1.6666666666666667,1.25,1713.1675,8.407274660186802,3.0,2.0,3.0,0.0,21,21,24,155,0.42857,0.37142857142857144,0.005606433012158177,0.0026245997864931176,0.24869565217391307,0.2,0.8,0.0,0.4,0.044444444444444446,1.6,2.323333824626022,0.8996390712048105,0.2276,0.4,0.39666666666666667,0.5733333333333334,3.8,3.6,0.7999713980098269,0.7999713980098269,0.2596652107864526,0.3828044397291921,-0.3079729981150875,-0.44057601921157663,-0.4627653627164984,-0.3691980486687584,-0.5402626287327985,-0.3651462577813247,0.6666666666666666,0.75,0.6
M0295,640.0,1.0,0.0,0.0,8.0,21881.82,2735.2275,3103.895,1548.3903556989203,8.0,4.0,7.0,7.0,1.0,0.0,0.0,0.0,0.0,0.0,1.0,6.0,21118.86,0.375,0.625,0.0,0.0,1.0,2.0,1.1428571428571428,1.1428571428571428,3125.9742857142855,0.1589072181222622,3.0,6.0,7.0,0.0,26,26,34,155,0.43305,0.38769230769230767,0.007276649843882036,0.0037342334315982684,0.15217391304347827,0.0,0.625,0.25,0.125,0.07777777777777778,1.75,1.768638988895805,0.5296184697560786,0.2735,0.3729166666666667,0.5416666666666666,0.44166666666666665,3.375,2.0,0.8507299667029526,0.9810609903563781,0.7473372873005993,0.2685723321264431,-0.2120881506663575,-0.20617115409730116,0.05634455062722171,-0.3691980486687584,-0.5402626287327985,-0.19680220918839786,0.8571428571428571,0.75,0.875
M0297,336.0,0.0,0.0,1.0,111.0,239438.54,2157.103963963964,1726.13,1577.4116705420706,80.0,30.0,26.0,62.0,0.9369369369369369,0.04504504504504504,0.018018018018018018,2.0,1826.63,0.007628805287569829,1.0,30.0,221071.29,0.4864864864864865,0.2972972972972973,0.12612612612612611,0.09009009009009009,1.3875,3.7,4.269230769230769,1.7903225806451613,3861.9119354838713,-0.19867846109147333,22.0,15.0,43.0,1.0,76,76,147,155,0.23308,0.21263157894736842,0.029804228154698548,0.07150247588333196,0.03469156583140132,0.009009009009009009,0.7567567567567568,0.3153153153153153,0.2882882882882883,0.6888888888888889,2.7927927927927927,3.3654962146027114,0.7972190588778547,0.4587,0.6283783783783784,0.4894894894894895,0.672072072072072,2.108108108108108,2.7567567567567566,0.5663716459346936,0.785287447877021,0.5786681626107477,0.41485753134354714,3.0799582784067048,3.186991706497223,-0.1635653842362709,-0.21468786302036552,-0.13623319964907168,3.843454957041847,0.5769230769230769,0.7333333333333333,0.5375
M0299,308.0,1.0,0.0,0.0,3.0,10970.09,3656.6966666666667,2202.65,3440.776230232552,3.0,2.0,3.0,3.0,1.0,0.0,0.0,0.0,0.0,0.0,1.0,3.0,10573.65,0.3333333333333333,0.6666666666666666,0.0,0.0,1.0,1.5,1.0,1.0,3656.6966666666667,-1.0,0.0,1.0,1.0,0.0,3,3,3,155,0.66667,0.3333333333333333,0.0015382371822759643,3.718274468694783e-05,0.3043478260869565,0.0,0.6666666666666666,0.3333333333333333,0.3333333333333333,0.03333333333333333,1.0,2.0744925520209954,0.940952051505289,0.1234,0.8333333333333334,1.0,0.7777777777777777,1.3333333333333333,1.0,0.20078686683518548,0.0,0.20078686683518548,0.389187934343781,-0.7071067811865475,0.7071067811865472,0.7071067811865476,0.0,0.0,-0.7071067811865476,0.3333333333333333,0.0,0.3333333333333333
M0300,92.0,1.0,0.0,0.0,4.0,21750.66,5437.665,3387.17,5140.272048043761,4.0,4.0,4.0,3.0,1.0,0.0,0.0,0.0,0.0,0.0,1.0,3.0,21259.9,0.25,0.75,0.0,0.0,1.0,1.0,1.0,1.3333333333333333,7250.22,6.509647887323943,1.0,3.0,2.0,0.0,6,6,6,155,0.71429,0.6,0.002141792027397956,0.000370443859826182,0.21739130434782608,0.0,0.5,0.5,0.75,0.03333333333333333,1.5,2.065636628957466,0.9299615849426783,0.0908,0.625,0.875,0.75,1.75,1.25,0.909776071162898,0.11751367544708988,0.688545542985822,0.38068791169242977,-0.3399346139313308,-0.20821681483715593,1.084313172476611,-0.3691980486687584,-0.5402626287327985,-0.4212609406456337,0.75,0.25,0.5
M0303,475.0,1.0,0.0,0.0,199.0,195367.56,981.7465326633165,777.98,1111.0464768672498,108.0,25.0,30.0,80.0,0.9597989949748744,0.02512562814070352,0.01507537688442211,3.0,2875.28,0.014717284691481022,1.0,30.0,185414.68,0.6432160804020101,0.15577889447236182,0.005025125628140704,0.19597989949748743,1.8425925925925926,7.96,6.633333333333334,2.4875,2442.0945,0.2057712059318679,17.0,19.0,76.0,1.0,92,92,206,155,0.21459,0.19732441471571907,0.040611202637946694,0.09759151900599049,0.04576849728212836,0.0,0.5226130653266332,0.5276381909547738,0.2814070351758794,0.8888888888888888,5.628140703517588,8.125054128740718,1.244079619693322,0.5476,0.428643216080402,0.4216917922948074,0.5592127303182579,3.3266331658291457,3.6331658291457285,0.8309164018837109,0.849187449543824,0.757409981472871,0.48298775651392656,5.892580470236117,2.499630669954642,-0.6106545616305917,-0.2399219385659573,-0.31489947984690053,5.414666077242497,0.6333333333333333,0.68,0.7037037037037037
M0310,156.0,1.0,0.0,0.0,1.0,1151.45,1151.45,1151.45,0.0,1.0,1.0,1.0,1.0,1.0,0.0,0.0,0.0,0.0,0.0,1.0,1.0,1121.01,0.0,0.0,1.0,0.0,1.0,1.0,1.0,1.0,1151.45,-1.0,0.0,0.0,1.0,1.0,2,2,2,155,1.0,1.0,0.0013593462616320912,0.0,1.0,0.0,1.0,0.0,0.0,0.011111111111111112,1.0,1.0,0.0,0.0,1.0,1.0,0.5,1.0,1.0,0.0,0.0,1.0,0.0,0.0,0.0,0.0,0.0,0.0,0.0,0.0,0.0,1.0
M0314,301.0,1.0,0.0,0.0,5.0,3869.23,773.846,759.35,538.2450687465699,5.0,4.0,4.0,5.0,0.8,0.0,0.2,1.0,1257.83,0.3250853528996725,1.0,4.0,3716.4700000000003,0.8,0.0,0.0,0.2,1.0,1.25,1.25,1.0,773.846,-0.4675163675682526,4.0,3.0,4.0,1.0,29,29,34,155,0.48966,0.45320197044334976,0.00723483872261928,0.003243093685668349,0.16521739130434787,0.0,0.6,0.2,0.6,0.05555555555555555,1.0,1.737322412986563,0.6955454557451612,0.8159,0.48,0.29523809523809524,0.5066666666666666,3.0,4.0,0.9777914468770271,0.9999999999999999,0.6746691202125488,0.34684006895410874,-0.3079729981150875,-0.4871077825366172,-0.6897369544865461,1.3458650120284024,-0.5402626287327985,-0.3651462577813247,0.75,1.0,0.8
M0315,220.0,1.0,0.0,0.0,1.0,188.28,188.28,188.28,0.0,1.0,1.0,1.0,1.0,1.0,0.0,0.0,0.0,0.0,0.0,1.0,1.0,179.82,0.0,1.0,0.0,0.0,1.0,1.0,1.0,1.0,188.28,1.0,1.0,1.0,1.0,0.0,5,5,5,155,0.73333,0.6,0.002049436043480672,0.0001783804184396937,1.0,0.0,0.0,0.0,0.0,0.011111111111111112,1.0,1.0,0.0,0.0,0.3333333333333333,0.3333333333333333,0.5,3.0,3.0,1.0,1.0,1.0,0.0,-0.4358194613800608,-0.5445183871444887,-0.9124778963295526,-0.3691980486687584,-0.5402626287327985,-0.5896049892385605,1.0,1.0,1.0
M0316,133.0,1.0,0.0,0.0,4.0,4951.150000000001,1237.7875000000001,977.685,897.3452513339928,4.0,3.0,3.0,4.0,1.0,0.0,0.0,0.0,0.0,0.0,1.0,4.0,4753.07,0.0,0.75,0.0,0.25,1.0,1.3333333333333333,1.3333333333333333,1.0,1237.7875000000001,0.532078327886794,2.0,1.0,2.0,0.0,8,8,9,155,0.63889,0.5357142857142857,0.0026313676146668256,0.00020931766671436868,0.21739130434782608,0.0,0.5,0.5,0.5,0.044444444444444446,1.0,2.0466841036930816,0.7249590509954196,0.1642,0.75,0.47916666666666663,0.7083333333333333,1.5,2.75,0.2945760075941953,0.7988204760510184,0.39493249043151585,0.31556254607499495,-0.3399346139313308,-0.4702334209350338,-0.5132602350901722,-0.3691980486687584,-0.5402626287327985,-0.4212609406456337,0.3333333333333333,0.6666666666666666,0.5
M0317,286.0,0.0,1.0,0.0,2.0,1572.25,786.125,786.125,934.8305200676751,2.0,2.0,2.0,2.0,0.5,0.0,0.5,1.0,1335.43,0.8493750993798697,1.0,2.0,1494.8500000000001,0.5,0.5,0.0,0.0,1.0,1.0,1.0,1.0,786.125,-1.0,1.0,2.0,2.0,1.0,10,10,10,155,0.36364,0.2222222222222222,0.0033552732308824627,0.0019406936106207842,0.47826086956521735,0.0,0.5,0.0,1.0,0.022222222222222223,1.0,1.840865002385117,1.1891626904979171,0.2151,0.26666666666666666,0.75,0.5,4.0,1.5,1.0,0.07956749880744156,1.0,0.42043250119122144,-0.40385784556381743,-0.5229330479089229,-0.6850661982867493,3.9184596030741434,-0.5402626287327985,-0.5334903063742515,1.0,0.5,1.0
M0320,266.0,1.0,0.0,0.0,9.0,19028.48,2114.2755555555555,1787.84,1054.9880241395051,9.0,4.0,5.0,9.0,0.8888888888888888,0.1111111111111111,0.0,0.0,0.0,0.0,1.0,8.0,15060.39,0.5555555555555556,0.2222222222222222,0.2222222222222222,0.0,1.0,2.25,1.8,1.0,2114.2755555555555,0.161555990248934,3.0,3.0,7.0,1.0,23,23,27,155,0.35507,0.2964426877470356,0.006378544774048331,0.0066086409321643655,0.17552334943639292,0.0,0.7777777777777778,0.0,0.2222222222222222,0.1,1.0,1.9485634165209205,0.4989832197451163,0.3466,0.6481481481481481,0.6111111111111112,0.4722222222222222,2.0,1.7777777777777777,0.6265949776335261,0.7736887024081797,0.8060260199448406,0.2514607344125897,-0.18012653485011418,-0.250673789164831,-0.17985669900954296,-0.3691980486687584,0.4563432963403943,-0.14068752632408893,0.6,0.75,0.7777777777777778
M0321,46.0,0.0,0.0,1.0,20.0,40858.02,2042.9009999999998,1857.44,1050.1273522763547,17.0,6.0,5.0,17.0,0.95,0.05,0.0,0.0,0.0,0.0,1.0,16.0,37822.270000000004,0.55,0.1,0.35,0.0,1.1764705882352942,3.3333333333333335,4.0,1.1764705882352942,2403.41294117647,0.04502987610102115,2.0,3.0,12.0,0.0,27,27,38,155,0.50265,0.46438746438746437,0.007831361622656494,0.0030011961106345326,0.0817391304347826,0.0,0.8,0.15,0.2,0.18888888888888888,1.7,2.7592969507577707,0.6057854443930198,0.2828,0.26071428571428573,0.6625,0.6291666666666667,5.55,2.35,0.9315612944533291,0.477027521157413,0.6049297053552767,0.306631973211562,0.1714512391285624,0.08979459256046143,-0.2070065603882269,-0.3691980486687584,-0.09178996244986168,0.30822993659038267,0.6,0.3333333333333333,0.7058823529411765
M0322,236.0,1.0,0.0,0.0,2.0,4088.49,2044.245,2044.245,239.64555921193272,2.0,2.0,2.0,2.0,1.0,0.0,0.0,0.0,0.0,0.0,1.0,2.0,3914.13,1.0,0.0,0.0,0.0,1.0,1.0,1.0,1.0,2044.245,-1.0,1.0,2.0,2.0,0.0,6,6,7,155,0.57143,0.4,0.002272767541388742,0.000185013289704314,0.47826086956521735,0.0,0.5,0.5,0.0,0.022222222222222223,1.0,1.0828936844654138,0.11722937280606421,0.4677,0.5,0.6666666666666666,0.41666666666666663,2.0,2.0,1.0,0.5414468422327069,1.0,0.04144684223265624,-0.40385784556381743,-0.4836880541604312,-0.20649532198668547,-0.3691980486687584,-0.5402626287327985,-0.5334903063742515,1.0,0.5,1.0
M0327,37.0,0.0,0.0,1.0,27.0,57540.65,2131.135185185185,1691.6,1459.8377251292493,19.0,10.0,8.0,23.0,0.8888888888888888,0.037037037037037035,0.07407407407407407,2.0,931.17,0.016182820319200424,1.0,22.0,54581.3,0.2962962962962963,0.48148148148148145,0.18518518518518517,0.037037037037037035,1.4210526315789473,2.7,3.375,1.173913043478261,2501.7673913043477,0.12453810094875768,9.0,6.0,10.0,0.0,38,38,58,155,0.36302,0.3285917496443812,0.011908540940942791,0.01139708970244371,0.0610127035247808,0.037037037037037035,0.7777777777777778,0.2962962962962963,0.25925925925925924,0.25555555555555554,1.7037037037037035,2.404755942103539,0.6547944504768117,0.4015,0.5012345679012346,0.31472663139329804,0.7098765432098766,2.7777777777777777,4.296296296296297,0.8700947938544316,0.9920437117064198,0.48550111964324355,0.3557212842232982,0.39518254984226564,0.3499882585296856,-0.17344353673094765,0.26601049233019,-0.20806065370840088,0.4204593023190006,0.75,0.9,0.5263157894736842
M0332,524.0,0.0,1.0,0.0,3.0,14015.93,4671.9766666666665,5419.12,1594.2728074684499,3.0,3.0,2.0,3.0,1.0,0.0,0.0,0.0,0.0,0.0,1.0,3.0,13596.199999999999,0.0,1.0,0.0,0.0,1.0,1.0,1.5,1.0,4671.9766666666665,-0.30325066642777754,3.0,1.0,1.0,0.0,8,8,8,155,0.47222,0.32142857142857145,0.003057475902078571,0.0013183299031607188,0.5362318840579711,0.0,1.0,0.0,0.0,0.03333333333333333,1.0,1.2319132586992088,0.3412416031191187,0.2142,0.5555555555555555,0.38888888888888884,0.8333333333333334,2.3333333333333335,2.6666666666666665,0.7972778117470621,1.0,0.38664005884732583,0.13861037643116592,-0.37189622974757414,-0.32885293480038336,0.7930562680032153,-0.3691980486687584,-0.5402626287327985,-0.4773756235099426,0.5,1.0,0.3333333333333333
M0334,308.0,1.0,0.0,0.0,1.0,8169.67,8169.67,8169.67,0.0,1.0,1.0,1.0,1.0,1.0,0.0,0.0,0.0,0.0,0.0,1.0,1.0,8034.93,1.0,0.0,0.0,0.0,1.0,1.0,1.0,1.0,8169.67,1.0,1.0,1.0,1.0,0.0,9,9,9,155,0.53333,0.4166666666666667,0.0028316591113981718,0.0008070897476151129,1.0,0.0,1.0,0.0,1.0,0.011111111111111112,1.0,1.0,0.0,0.1857,0.16666666666666666,0.3333333333333333,0.3333333333333333,6.0,3.0,1.0,1.0,1.0,0.0,-0.4358194613800608,-0.42003518973316295,2.123528848967054,-0.3691980486687584,-0.5402626287327985,-0.5896049892385605,1.0,1.0,1.0
M0338,83.0,0.0,0.0,1.0,8.0,58347.659999999996,7293.4574999999995,7160.699999999999,4457.745082571777,8.0,6.0,6.0,7.0,0.625,0.375,0.0,0.0,0.0,0.0,1.0,5.0,49218.93,0.125,0.125,0.375,0.375,1.0,1.3333333333333333,1.3333333333333333,1.1428571428571428,8335.38,-0.12483477155329353,5.0,5.0,6.0,1.0,27,27,34,155,0.37037,0.32193732193732194,0.00767019209860786,0.006598211772793876,0.1847826086956522,0.0,0.625,0.125,0.125,0.07777777777777778,1.75,1.6147386201948801,0.5302779903368882,0.348,0.4791666666666667,0.3958333333333333,0.5354166666666667,2.5,3.125,0.8988058818468471,0.8988058818468471,0.8445711447554195,0.27111808278661603,-0.2120881506663575,0.3625749364320201,1.790230130283566,-0.3691980486687584,2.8232823683892274,-0.19680220918839786,0.8333333333333334,0.8333333333333334,0.75
M0341,219.0,1.0,0.0,0.0,9.0,10229.34,1136.5933333333332,1203.16,697.9752348937604,9.0,5.0,5.0,9.0,1.0,0.0,0.0,0.0,0.0,0.0,1.0,8.0,9857.81,0.4444444444444444,0.3333333333333333,0.0,0.2222222222222222,1.0,1.8,1.8,1.0,1136.5933333333332,-0.5215302498818448,3.0,3.0,8.0,1.0,24,24,29,155,0.50333,0.4601449275362319,0.006275758885698552,0.001941278309446747,0.12399355877616747,0.0,0.5555555555555556,0.3333333333333333,0.0,0.1,1.0,2.0292042301849387,0.6140940778235785,0.3315,0.6666666666666666,0.5555555555555556,0.40555555555555556,2.0,2.111111111111111,0.5486463447299631,0.8453301972561279,0.9629487337403979,0.32906717344419434,-0.18012653485011418,-0.38791117283733584,-0.5517530505752781,-0.3691980486687584,-0.5402626287327985,-0.14068752632408893,0.6,0.6,0.8888888888888888
M0342,56.0,1.0,0.0,0.0,4.0,10761.28,2690.32,2433.8,2315.4110327974167,4.0,3.0,2.0,4.0,1.0,0.0,0.0,0.0,0.0,0.0,1.0,4.0,10467.42,0.25,0.5,0.0,0.25,1.0,1.3333333333333333,2.0,1.0,2690.32,-0.17409835620529107,2.0,1.0,3.0,0.0,10,10,12,155,0.8,0.7555555555555555,0.003086118355271077,9.597581894685453e-05,0.34782608695652173,0.0,1.0,0.0,0.0,0.044444444444444446,1.0,1.9814706057271996,0.8606452142486457,0.1563,0.4375,0.5416666666666666,0.5208333333333333,3.25,2.25,0.5046323485682,0.912507619911386,0.912507619911386,0.401630661036512,-0.3399346139313308,-0.3796146741032832,0.03926237911143226,-0.3691980486687584,-0.5402626287327985,-0.4212609406456337,0.5,0.6666666666666666,0.75
M0344,76.0,1.0,0.0,0.0,18.0,243764.03000000003,13542.446111111112,5425.15,18774.501243336003,17.0,10.0,7.0,16.0,1.0,0.0,0.0,0.0,0.0,0.0,1.0,14.0,237240.97,0.05555555555555555,0.6666666666666666,0.2777777777777778,0.0,1.0588235294117647,1.8,2.5714285714285716,1.125,15235.251875000002,0.8230720714585833,6.0,2.0,10.0,1.0,33,33,39,155,0.3779,0.3390151515151515,0.008576782483502738,0.01133029442045043,0.13687600644122383,0.0,0.3888888888888889,0.7777777777777778,0.05555555555555555,0.17777777777777778,1.7777777777777777,5.5441630169963965,1.3942402295805438,0.3355,0.8722222222222222,0.5638888888888889,0.6329365079365079,1.3888888888888888,2.5555555555555554,0.1882017621713917,0.6783445859506014,0.7664096298375113,0.5944035585356857,0.10752800749607574,3.254454996171167,4.167256133851242,-0.3691980486687584,-0.5402626287327985,0.30822993659038267,0.2857142857142857,0.6,0.5882352941176471
M0350,364.0,1.0,0.0,0.0,1.0,937.04,937.04,937.04,0.0,1.0,1.0,1.0,1.0,1.0,0.0,0.0,0.0,0.0,0.0,1.0,1.0,914.22,1.0,0.0,0.0,0.0,1.0,1.0,1.0,1.0,937.04,1.0,1.0,1.0,1.0,1.0,6,6,7,155,0.61905,0.4666666666666667,0.002280975596656868,0.00010155219470289514,1.0,0.0,0.0,1.0,1.0,0.011111111111111112,1.0,1.0,0.0,0.2393,0.5,0.5,0.2,2.0,2.0,1.0,1.0,1.0,0.0,-0.4358194613800608,-0.5328402159370043,-0.6276602880422384,-0.3691980486687584,-0.5402626287327985,-0.5896049892385605,1.0,1.0,1.0
M0355,140.0,1.0,0.0,0.0,27.0,29945.78,1109.102962962963,712.48,927.5899612055666,26.0,6.0,11.0,23.0,0.8888888888888888,0.0,0.1111111111111111,3.0,2789.5,0.09315168948679914,1.0,17.0,29183.699999999997,0.48148148148148145,0.3333333333333333,0.0,0.18518518518518517,1.0384615384615385,4.5,2.4545454545454546,1.173913043478261,1301.9904347826086,0.6217862177045852,4.0,9.0,23.0,0.0,41,41,71,155,0.33333,0.3,0.014364999071929058,0.02330999458238432,0.08391483270710323,0.0,0.5555555555555556,0.6666666666666666,0.3333333333333333,0.25555555555555554,1.7037037037037035,2.671056489428561,0.7819542607728807,0.4038,0.5648148148148148,0.904320987654321,0.46208112874779544,2.4814814814814814,1.2962962962962963,0.6857433668450114,0.2066331215950962,0.8757898441783784,0.4081463231213153,0.39518254984226564,-0.08040013869809945,-0.5622099947761185,0.5836147628296642,-0.5402626287327985,0.8132620823691633,0.8181818181818182,0.6666666666666666,0.8846153846153846
M0362,199.0,1.0,0.0,0.0,28.0,41637.8,1487.064285714286,1232.125,1313.650675008894,20.0,8.0,12.0,25.0,0.75,0.21428571428571427,0.03571428571428571,1.0,522.29,0.012543650240886885,1.0,17.0,32739.1,0.35714285714285715,0.42857142857142855,0.10714285714285714,0.10714285714285714,1.4,3.5,2.3333333333333335,1.12,1665.5120000000002,-0.22756779996509433,5.0,8.0,12.0,1.0,31,31,53,155,0.41935,0.38064516129032255,0.010532223496835856,0.0038716865267645066,0.04170363797692993,0.0,0.7857142857142857,0.25,0.32142857142857145,0.2777777777777778,1.7857142857142856,4.10724750106874,0.8093509049425142,0.5674,0.5702380952380952,0.5119047619047619,0.6607142857142857,2.7857142857142856,2.7857142857142856,0.6822171200207504,0.557921648117816,0.6049553530686059,0.37361199679137347,0.427144165658509,0.1019565728267314,-0.41843890661550437,-0.06293678782997969,1.381763083908359,0.47657398518330957,0.6666666666666666,0.625,0.6
M0365,39.0,1.0,0.0,0.0,35.0,88579.33,2530.838,2344.19,1729.4345087710708,31.0,12.0,6.0,28.0,0.8,0.05714285714285714,0.14285714285714285,5.0,4197.78,0.04739006267037693,1.0,23.0,79721.08,0.17142857142857143,0.6285714285714286,0.05714285714285714,0.14285714285714285,1.1290322580645162,2.9166666666666665,5.833333333333333,1.25,3163.5475,0.12445979720824969,9.0,5.0,25.0,0.0,47,47,116,155,0.34131,0.31267345050878814,0.021025912881127238,0.020848851166699933,0.030629991126885515,0.05714285714285714,0.6857142857142857,0.14285714285714285,0.37142857142857144,0.3111111111111111,2.4,2.995820356735595,0.7329864932993131,0.4628,0.34428571428571425,0.4833333333333334,0.4288775510204082,3.8285714285714287,2.8,0.9735356995813809,0.7119658728509236,0.8684323983936207,0.381670713375552,0.6508754763722122,0.8340886633247112,-0.021402295557189786,0.8558469946863563,-0.027722438695156466,1.093835496690708,0.8333333333333334,0.75,0.8064516129032258
M0368,472.0,1.0,0.0,0.0,15.0,41274.04,2751.6026666666667,2356.97,1913.8390674261686,15.0,8.0,4.0,14.0,1.0,0.0,0.0,0.0,0.0,0.0,1.0,12.0,39813.89,0.26666666666666666,0.6,0.0,0.13333333333333333,1.0,1.875,3.75,1.0714285714285714,2948.1457142857143,-0.17483114307976266,7.0,3.0,9.0,0.0,23,23,28,155,0.33333,0.2727272727272727,0.006614088295990125,0.005367025937220967,0.08173913043478263,0.06666666666666667,0.8666666666666667,0.13333333333333333,0.26666666666666666,0.15555555555555556,1.8666666666666667,2.4761225215656135,0.6595060539445259,0.4225,0.4888888888888889,0.4166666666666667,0.6666666666666666,2.2,2.8,0.9800460531607761,0.841074195789896,0.590966864401934,0.3346640441027072,0.01164316004734577,0.09628312398005881,0.0625734301150498,-0.3691980486687584,-0.5402626287327985,0.19600057086176478,0.75,0.875,0.6
M0384,179.0,1.0,0.0,0.0,5.0,4312.1,862.4200000000001,816.03,183.34852262835392,4.0,5.0,4.0,5.0,1.0,0.0,0.0,0.0,0.0,0.0,1.0,5.0,4203.5599999999995,0.4,0.2,0.0,0.4,1.25,1.0,1.25,1.0,862.4200000000001,0.4612864375531545,2.0,3.0,3.0,0.0,16,16,19,155,0.46324,0.39166666666666666,0.004622729784556607,0.0015980582282342822,0.24869565217391307,0.0,0.6,0.4,0.6,0.05555555555555555,1.0,1.3208877345145056,0.21259771645874856,0.5133,0.4166666666666667,0.8,0.6333333333333333,3.4,1.4,0.7358224530970988,0.4062915980612694,0.6565640871037314,0.10467196957394095,-0.3079729981150875,-0.48020048021990874,-0.656044670127819,-0.3691980486687584,-0.5402626287327985,-0.4212609406456337,0.75,0.4,0.75
M0387,305.0,1.0,0.0,0.0,4.0,11031.34,2757.835,2639.7749999999996,1205.7227646105052,4.0,4.0,4.0,4.0,0.75,0.0,0.25,1.0,1427.14,0.12937140909445272,1.0,4.0,10778.55,0.0,1.0,0.0,0.0,1.0,1.0,1.0,1.0,2757.835,0.08944701726472915,1.0,3.0,2.0,0.0,9,9,10,155,0.64444,0.5555555555555556,0.002960049637783828,0.0005990209300342018,0.21739130434782608,0.0,0.5,0.5,0.0,0.044444444444444446,1.0,1.5284018079399238,0.4371990219177381,0.2754,0.5208333333333333,0.875,0.7083333333333333,2.5,1.25,0.8150442285343393,0.2936397572733684,0.521404471260971,0.20926832098362272,-0.3399346139313308,-0.3754026343090991,0.06494412068886427,1.7746307772026924,-0.5402626287327985,-0.4212609406456337,0.75,0.25,0.5
M0388,206.0,1.0,0.0,0.0,4.0,11972.24,2993.06,2089.785,2045.4787465204,4.0,3.0,4.0,4.0,1.0,0.0,0.0,0.0,0.0,0.0,1.0,4.0,11516.01,0.75,0.25,0.0,0.0,1.0,1.3333333333333333,1.0,1.0,2993.06,-0.8290566524914812,2.0,3.0,3.0,1.0,15,15,18,155,0.48333,0.4095238095238095,0.004395488217701933,0.0012140155835173253,0.21739130434782608,0.0,0.5,0.5,0.25,0.044444444444444446,1.0,2.0196287411545373,0.6834071974903276,0.6475,0.5416666666666666,0.5357142857142857,0.5625,2.25,3.0,0.8540122817451036,0.8394143451851951,0.8540122817451036,0.27617304698196077,-0.3399346139313308,-0.36072771672653314,0.15442035060149778,-0.3691980486687584,-0.5402626287327985,-0.4212609406456337,0.75,0.6666666666666666,0.75
M0389,263.0,1.0,0.0,0.0,3.0,2034.8000000000002,678.2666666666668,469.44,426.5101938211247,3.0,3.0,3.0,3.0,0.6666666666666666,0.3333333333333333,0.0,0.0,0.0,0.0,1.0,2.0,1613.77,0.0,0.3333333333333333,0.3333333333333333,0.3333333333333333,1.0,1.0,1.0,1.0,678.2666666666668,-0.2592925274819282,2.0,2.0,2.0,0.0,14,14,15,155,0.4381,0.3516483516483517,0.003950003048564328,0.0012188539548692368,0.3043478260869565,0.3333333333333333,0.3333333333333333,0.3333333333333333,0.0,0.03333333333333333,1.0,1.7234371928445054,0.628823757353732,0.2466,0.5555555555555555,0.48333333333333334,0.5833333333333334,2.3333333333333335,3.3333333333333335,0.8051847847454295,0.8051847847454295,0.7692942795360723,0.25310923268420626,-0.37189622974757414,-0.5157188029011475,-0.7260939675771172,-0.3691980486687584,2.4495551464867797,-0.4773756235099426,0.6666666666666666,0.6666666666666666,0.6666666666666666
M0396,244.0,1.0,0.0,0.0,2.0,737.19,368.595,368.595,114.81292806125967,2.0,2.0,2.0,2.0,0.0,0.0,1.0,2.0,391.88,0.5315861582495692,1.0,2.0,709.51,1.0,0.0,0.0,0.0,1.0,1.0,1.0,1.0,368.595,0.5649420688215439,0.0,1.0,2.0,0.0,3,3,5,155,1.0,1.0,0.0018062500498476216,0.0,0.47826086956521735,0.0,0.5,1.0,1.0,0.022222222222222223,1.0,1.2202552937505933,0.31148802360655914,0.2673,0.6666666666666666,1.0,0.41666666666666663,2.0,1.0,0.6101276468752966,0.0,1.0,0.11012764687454976,-0.40385784556381743,-0.5359572127261165,-0.8438886460513231,8.206117254817045,-0.5402626287327985,-0.5334903063742515,0.5,0.0,1.0
M0397,43.0,1.0,0.0,0.0,7.0,12911.17,1844.452857142857,2144.57,703.3853907049412,7.0,3.0,6.0,6.0,0.5714285714285714,0.0,0.42857142857142855,3.0,4626.95,0.3583679867897332,1.0,5.0,12559.08,0.42857142857142855,0.42857142857142855,0.0,0.14285714285714285,1.0,2.3333333333333335,1.1666666666666667,1.1666666666666667,2151.8616666666667,0.864165241368907,3.0,4.0,4.0,0.0,20,20,24,155,0.45238,0.39473684210526316,0.005564228646267393,0.0022633413899328654,0.14818101153504878,0.0,0.5714285714285714,0.42857142857142855,0.42857142857142855,0.06666666666666667,1.7142857142857142,1.808894159088603,0.4791953758953537,0.293,0.46904761904761905,0.5,0.6476190476190476,3.5714285714285716,2.0,0.8520653046935328,1.0,0.5263698022719862,0.23166955434709743,-0.24404976648260082,-0.34608352460643677,-0.28249339918521216,3.3059370813965856,-0.5402626287327985,-0.25291689205270684,0.6666666666666666,1.0,0.5714285714285714
M0399,338.0,1.0,0.0,0.0,1.0,377.99,377.99,377.99,0.0,1.0,1.0,1.0,1.0,1.0,0.0,0.0,0.0,0.0,0.0,1.0,1.0,362.3,1.0,0.0,0.0,0.0,1.0,1.0,1.0,1.0,377.99,-1.0,1.0,1.0,1.0,0.0,5,5,5,155,0.6,0.4,0.0019102238817242708,6.575218997106533e-05,1.0,0.0,1.0,0.0,0.0,0.011111111111111112,1.0,1.0,0.0,0.4168,0.3333333333333333,0.3333333333333333,0.5,3.0,3.0,1.0,1.0,1.0,0.0,-0.4358194613800608,-0.5415595407053468,-0.840314922254834,-0.3691980486687584,-0.5402626287327985,-0.5896049892385605,1.0,1.0,1.0
M0402,207.0,1.0,0.0,0.0,67.0,128836.67,1922.9353731343283,1678.86,1635.0764750276587,57.0,17.0,8.0,48.0,0.9402985074626866,0.029850746268656716,0.029850746268656716,2.0,2048.26,0.015898113479648306,1.0,28.0,122891.69,0.4925373134328358,0.31343283582089554,0.07462686567164178,0.11940298507462686,1.1754385964912282,3.9411764705882355,8.375,1.3958333333333333,2684.0972916666665,-0.3487211871058502,10.0,2.0,47.0,0.0,55,55,138,155,0.30325,0.27744107744107743,0.02527064062398576,0.02817571772453707,0.04322643757203601,0.0,0.8208955223880597,0.19402985074626866,0.34328358208955223,0.5333333333333333,2.1492537313432836,5.507535082985303,0.904258049907081,0.4616,0.818407960199005,0.6268656716417911,0.4695984363894812,1.373134328358209,2.1044776119402986,0.4446721573912148,0.49625708270789676,0.7759613780765988,0.37673448450921043,1.6736471824919987,1.461969571596937,-0.25263977119084585,-0.11321848737067469,-0.2725177533400004,2.5528172511627405,0.25,0.5882352941176471,0.8245614035087719
M0406,135.0,1.0,0.0,0.0,2.0,5137.08,2568.54,2568.54,1637.0653355318473,2.0,2.0,2.0,2.0,1.0,0.0,0.0,0.0,0.0,0.0,1.0,2.0,5073.42,0.5,0.5,0.0,0.0,1.0,1.0,1.0,1.0,2568.54,1.0,1.0,1.0,1.0,0.0,4,4,4,155,0.6,0.3333333333333333,0.0018626260719949315,0.00034247129491874595,0.47826086956521735,0.0,1.0,0.5,0.5,0.022222222222222223,1.0,1.4506762596650238,0.6373524786578552,0.0,0.75,0.6666666666666666,0.75,1.5,2.0,0.7253381298325119,0.27466187016748816,0.7253381298325119,0.2253381298322925,-0.40385784556381743,-0.46733352995179805,-0.007060993313949954,-0.3691980486687584,-0.5402626287327985,-0.5334903063742515,0.5,0.5,0.5
M0407,47.0,1.0,0.0,0.0,3.0,3595.83,1198.61,1101.72,562.904088011448,3.0,3.0,2.0,3.0,1.0,0.0,0.0,0.0,0.0,0.0,1.0,3.0,3553.81,0.6666666666666666,0.3333333333333333,0.0,0.0,1.0,1.0,1.5,1.0,1198.61,-1.0,2.0,2.0,2.0,0.0,15,15,16,155,0.46667,0.3904761904761905,0.004087131666638033,0.00305023257831051,0.5362318840579711,0.0,1.0,0.0,0.3333333333333333,0.03333333333333333,1.0,1.5048013949491497,0.46963072893722557,0.2201,0.3055555555555555,0.5555555555555555,0.5,3.3333333333333335,2.3333333333333335,1.0,0.4983995350169502,0.6936117669633993,0.20639277533494224,-0.37189622974757414,-0.4913719152468664,-0.528162796456533,-0.3691980486687584,-0.5402626287327985,-0.4773756235099426,1.0,0.6666666666666666,0.6666666666666666
M0411,222.0,0.0,1.0,0.0,8.0,27590.95,3448.86875,3499.7349999999997,2500.789271246965,7.0,4.0,5.0,8.0,1.0,0.0,0.0,0.0,0.0,0.0,1.0,8.0,26768.82,0.125,0.75,0.125,0.0,1.1428571428571428,2.0,1.6,1.0,3448.86875,-0.7344831603532134,4.0,3.0,6.0,0.0,12,12,14,155,0.5641,0.48484848484848486,0.0036797090421303706,0.0007573416995186953,0.11956521739130435,0.125,0.75,0.125,0.375,0.08888888888888889,1.0,2.4296169577343294,0.7251042160554719,0.151,0.6875,0.4583333333333333,0.5625,1.625,2.25,0.4993046633044531,0.9999999999999999,0.8603263026463386,0.3666664703462382,-0.2120881506663575,-0.11712767209267258,0.3278034880706874,-0.3691980486687584,-0.5402626287327985,-0.25291689205270684,0.6,1.0,0.8571428571428571
M0417,189.0,1.0,0.0,0.0,3.0,3010.32,1003.44,741.28,689.3785212784047,3.0,3.0,3.0,3.0,0.6666666666666666,0.3333333333333333,0.0,0.0,0.0,0.0,1.0,2.0,2447.46,0.3333333333333333,0.0,0.3333333333333333,0.3333333333333333,1.0,1.0,1.0,1.0,1003.44,2.0609756097560976,1.0,3.0,1.0,0.0,7,7,7,155,0.53571,0.38095238095238093,0.002320281881124865,0.00019158541819161136,0.3043478260869565,0.0,0.0,1.0,0.0,0.03333333333333333,1.0,1.7793191421510006,0.687015189028148,0.1006,0.4166666666666667,0.8333333333333334,0.8333333333333334,2.6666666666666665,1.3333333333333333,1.0,0.24624624624624622,0.16064737303675355,0.28830600511984517,-0.37189622974757414,-0.5005039282065521,-0.6024026765375136,-0.3691980486687584,2.4495551464867797,-0.4773756235099426,1.0,0.3333333333333333,0.3333333333333333
M0428,194.0,1.0,0.0,0.0,24.0,51457.97,2144.0820833333332,1555.78,1800.2363442421258,20.0,6.0,6.0,22.0,1.0,0.0,0.0,0.0,0.0,0.0,1.0,16.0,50130.15,0.5416666666666666,0.25,0.20833333333333334,0.0,1.2,4.0,4.0,1.0909090909090908,2338.9986363636363,-0.456233420954893,5.0,2.0,17.0,0.0,31,31,51,155,0.3871,0.34623655913978496,0.010424152942573334,0.0064364511913617825,0.09057971014492754,0.0,0.8333333333333334,0.2916666666666667,0.25,0.24444444444444444,1.8333333333333335,2.8350166164736,0.789656364304745,0.3678,0.7916666666666666,0.5763888888888888,0.4284722222222222,1.5833333333333333,2.2083333333333335,0.44542293448420134,0.7059079477872913,0.7284603337442187,0.4144974397198652,0.2992977023935357,0.2551186361669239,-0.16851872161623127,-0.3691980486687584,-0.5402626287327985,0.47657398518330957,0.3333333333333333,0.8333333333333334,0.85
M0429,1049.0,1.0,0.0,0.0,1.0,1266.32,1266.32,1266.32,0.0,1.0,1.0,1.0,1.0,1.0,0.0,0.0,0.0,0.0,0.0,1.0,1.0,1233.17,1.0,0.0,0.0,0.0,1.0,1.0,1.0,1.0,1266.32,-1.0,1.0,0.0,0.0,0.0,2,2,2,155,1.0,1.0,0.0014673681123890145,0.0,1.0,0.0,1.0,0.0,0.0,0.011111111111111112,1.0,1.0,0.0,0.0,1.0,0.3333333333333333,1.0,1.0,3.0,0.0,1.0,0.0,0.0,0.0,0.0,0.0,0.0,0.0,0.0,0.0,1.0,0.0
M0430,164.0,1.0,0.0,0.0,48.0,119892.01,2497.7502083333334,1999.2600000000002,1634.0279771121004,43.0,17.0,8.0,39.0,0.9166666666666666,0.020833333333333332,0.0625,3.0,3986.65,0.03325200736896479,1.0,26.0,112011.36,0.4583333333333333,0.3541666666666667,0.14583333333333334,0.041666666666666664,1.1162790697674418,2.823529411764706,6.0,1.2307692307692308,3074.1541025641022,0.16989608780936666,11.0,5.0,33.0,0.0,47,47,123,155,0.3555,0.3274745605920444,0.022254568486022266,0.017799505296563618,0.043478260869565216,0.0,0.7291666666666666,0.22916666666666666,0.2916666666666667,0.43333333333333335,2.4375,3.10596010526473,0.6857364834012212,0.4708,0.5069444444444444,0.6666666666666666,0.4523065476190476,2.2916666666666665,1.875,0.8760140062711437,0.5171978516333157,0.7785076753655229,0.35463844419186746,1.0663764819833754,1.3224625588388599,-0.03398841886239969,0.16675915779910436,-0.3533990177815748,1.7672116910624154,0.625,0.6470588235294118,0.7674418604651163
M0435,197.0,1.0,0.0,0.0,3.0,3941.5,1313.8333333333333,1147.25,751.7279728953376,3.0,3.0,2.0,3.0,1.0,0.0,0.0,0.0,0.0,0.0,1.0,3.0,3793.8200000000006,1.0,0.0,0.0,0.0,1.0,1.0,1.5,1.0,1313.8333333333333,1.4356068860318152,3.0,2.0,2.0,0.0,18,18,19,155,0.45029,0.38562091503267976,0.004420768105157222,0.0012586969282667609,0.3043478260869565,0.3333333333333333,0.6666666666666666,0.0,0.6666666666666666,0.03333333333333333,1.0,1.6249245211214007,0.5721638763633167,0.6671,0.3333333333333333,0.3611111111111111,0.46428571428571425,3.0,3.0,1.0,1.0,0.7089306101737917,0.24956826927121692,-0.37189622974757414,-0.48598061036774476,-0.4843334863720039,-0.3691980486687584,-0.5402626287327985,-0.4773756235099426,1.0,1.0,0.6666666666666666
M0438,494.0,1.0,0.0,0.0,1.0,494.47,494.47,494.47,0.0,1.0,1.0,1.0,1.0,1.0,0.0,0.0,0.0,0.0,0.0,1.0,1.0,472.07,1.0,0.0,0.0,0.0,1.0,1.0,1.0,1.0,494.47,-1.0,1.0,1.0,1.0,0.0,8,8,8,155,0.75,0.6785714285714286,0.0023649433246830383,7.980467296505031e-05,1.0,0.0,1.0,0.0,0.0,0.011111111111111112,1.0,1.0,0.0,0.1551,0.5,0.16666666666666666,0.3333333333333333,2.0,6.0,1.0,1.0,1.0,0.0,-0.4358194613800608,-0.5397428392492757,-0.7960075941212444,-0.3691980486687584,-0.5402626287327985,-0.5896049892385605,1.0,1.0,1.0
M0441,523.0,1.0,0.0,0.0,13.0,21759.239999999998,1673.7876923076922,1397.99,1372.2088003055137,13.0,6.0,9.0,13.0,0.7692307692307693,0.15384615384615385,0.07692307692307693,1.0,306.78,0.01409883801088641,1.0,11.0,19095.3,0.3076923076923077,0.5384615384615384,0.0,0.15384615384615385,1.0,2.1666666666666665,1.4444444444444444,1.0,1673.7876923076922,-0.7865191849317895,4.0,6.0,11.0,0.0,36,36,56,155,0.36336,0.326984126984127,0.011482647912340044,0.008054543782021537,0.09853357344996141,0.0,0.8461538461538461,0.3076923076923077,0.6153846153846154,0.14444444444444443,1.0,3.199760653405174,0.8198224939828633,0.4355,0.5641025641025641,0.3663003663003663,0.41410256410256413,2.230769230769231,4.538461538461538,0.5649889426285111,0.8178934558376121,0.900727231281975,0.39146220180482855,-0.05228007158514088,-0.20808299531025787,-0.34741199001045914,0.29044159006091885,0.8396532675223916,0.08377120513314688,0.6666666666666666,0.6666666666666666,0.8461538461538461
M0450,141.0,1.0,0.0,0.0,46.0,363151.88,7894.606086956522,5597.22,6362.2782299587125,27.0,16.0,13.0,30.0,0.8913043478260869,0.06521739130434782,0.043478260869565216,2.0,16083.81,0.044289485710496665,1.0,21.0,335526.35000000003,0.08695652173913043,0.6739130434782609,0.17391304347826086,0.06521739130434782,1.7037037037037037,2.875,3.5384615384615383,1.5333333333333334,12105.062666666667,0.21060413675153128,10.0,8.0,19.0,1.0,47,47,75,155,0.34043,0.31174838112858466,0.01522404771829591,0.016495594407986744,0.16265307799786305,0.0,0.21739130434782608,0.8478260869565217,0.2608695652173913,0.3333333333333333,2.608695652173913,3.381691704308401,0.9363538203738307,0.3918,0.5322463768115943,0.5996376811594203,0.6194099378881988,2.630434782608696,2.108695652173913,0.6362996661341805,0.6632888145863378,0.6381027409248164,0.4614659757968663,1.002453250350889,5.116509262415987,2.0188984656143196,0.0036417471349722065,0.04470171859277121,0.8693767652334722,0.6153846153846154,0.625,0.7037037037037037
M0453,847.0,1.0,0.0,0.0,18.0,48894.35,2716.3527777777776,2363.8599999999997,1301.943164481034,17.0,5.0,4.0,17.0,0.6111111111111112,0.3333333333333333,0.05555555555555555,1.0,2507.9,0.05129222497077884,1.0,10.0,32106.45,0.16666666666666666,0.5555555555555556,0.16666666666666666,0.1111111111111111,1.0588235294117647,3.6,4.5,1.0588235294117647,2876.1382352941177,-0.011812176272200865,2.0,1.0,11.0,0.0,16,16,19,155,0.56618,0.5083333333333333,0.004522256197648535,0.0018796843099218473,0.13043478260869568,0.05555555555555555,0.9444444444444444,0.05555555555555555,0.2222222222222222,0.18888888888888888,1.8888888888888888,2.090991290404719,0.5363740174068463,0.3911,0.8888888888888888,0.7083333333333334,0.6712962962962963,1.2222222222222223,2.0,0.25406759676731566,0.43200533394962815,0.6163090418422579,0.28683663016759864,0.10752800749607574,0.21513467165101582,0.049164875911130064,0.10720835708045291,2.4495551464867797,0.30822993659038267,0.25,0.4,0.6470588235294118
M0457,199.0,1.0,0.0,0.0,13.0,23405.63,1800.433076923077,1649.81,1135.6984893329202,13.0,9.0,6.0,13.0,0.9230769230769231,0.0,0.07692307692307693,1.0,410.29,0.017529543105654494,1.0,12.0,22922.43,0.46153846153846156,0.3076923076923077,0.23076923076923078,0.0,1.0,1.4444444444444444,2.1666666666666665,1.0,1800.433076923077,3.2860630561452635,4.0,3.0,7.0,0.0,32,32,40,155,0.40341,0.3649193548387097,0.008592701609529999,0.007452171288669676,0.09853357344996144,0.0,0.8461538461538461,0.3076923076923077,0.15384615384615385,0.14444444444444443,1.0,2.2127898287719665,0.6307918377470704,0.3125,0.5807692307692307,0.717948717948718,0.6153846153846154,2.6923076923076925,2.076923076923077,0.6718575829832395,0.5141498007103419,0.6328750817645156,0.33943509778168957,-0.05228007158514088,-0.1824047749268368,-0.29923789477729906,0.29044159006091885,-0.5402626287327985,0.08377120513314688,0.5,0.4444444444444444,0.5384615384615384
M0472,73.0,1.0,0.0,0.0,4.0,8127.9,2031.975,2191.225,701.1045655963165,4.0,3.0,3.0,4.0,1.0,0.0,0.0,0.0,0.0,0.0,1.0,4.0,7857.04,0.5,0.25,0.0,0.25,1.0,1.3333333333333333,1.3333333333333333,1.0,2031.975,-0.8386657064965793,1.0,3.0,2.0,0.0,8,8,9,155,0.69444,0.6071428571428571,0.002654436187469286,0.0002532683835894945,0.21739130434782608,0.0,0.25,0.75,0.5,0.044444444444444446,1.0,1.287569975024299,0.3450360194374029,0.1617,0.375,0.875,0.7083333333333333,2.75,1.25,1.0,0.13892149263647438,0.6364694447520269,0.15972022293576457,-0.3399346139313308,-0.42068666311760733,-0.21116265471504347,-0.3691980486687584,-0.5402626287327985,-0.4212609406456337,1.0,0.3333333333333333,0.5
M0476,682.0,1.0,0.0,0.0,4.0,5173.06,1293.265,1391.405,492.79361214068786,4.0,4.0,3.0,4.0,1.0,0.0,0.0,0.0,0.0,0.0,1.0,4.0,5091.52,0.0,0.75,0.0,0.25,1.0,1.0,1.3333333333333333,1.0,1293.265,-0.8668591355547572,2.0,0.0,4.0,0.0,11,11,12,155,0.43939,0.32727272727272727,0.003335160046022813,0.0006368294400446,0.34782608695652173,0.25,0.75,0.25,0.5,0.044444444444444446,1.0,1.3782403451728764,0.3810461213600367,0.1153,1.0,0.6333333333333333,0.41666666666666663,1.0,2.5,0.0,0.6118216297510564,0.9999999999999998,0.17115208406621457,0.0,0.0,0.0,0.0,0.0,0.0,0.0,0.5,1.0
M0477,347.0,1.0,0.0,0.0,10.0,6422.92,642.292,450.815,605.9825041075399,9.0,4.0,6.0,9.0,0.7,0.3,0.0,0.0,0.0,0.0,1.0,5.0,4910.9,0.6,0.2,0.0,0.2,1.1111111111111112,2.5,1.6666666666666667,1.1111111111111112,713.6577777777778,-0.3910238906994863,3.0,4.0,8.0,1.0,21,21,35,155,0.49784,0.44761904761904764,0.0072981947049629015,0.0018131662059744438,0.08173913043478263,0.3,0.6,0.0,0.3,0.1,1.7999999999999998,4.067341645233009,1.190385268498498,0.3466,0.5066666666666666,0.45,0.4583333333333333,2.8,3.1,0.870085568557603,0.9292782721877277,0.8988715412927453,0.45842666229336015,-0.14816491903387086,-0.4472786930675738,-0.7397782168945666,-0.3691980486687584,2.150573368964822,-0.14068752632408893,0.6666666666666666,0.75,0.8888888888888888
M0479,184.0,1.0,0.0,0.0,3.0,26634.45,8878.15,10333.29,2864.7167987778475,3.0,1.0,3.0,3.0,1.0,0.0,0.0,0.0,0.0,0.0,1.0,3.0,26027.53,0.0,0.6666666666666666,0.0,0.3333333333333333,1.0,3.0,1.0,1.0,8878.15,0.4838085166503005,0.0,2.0,2.0,0.0,6,6,6,155,0.57143,0.4,0.0021507011817495465,0.00023425546449235517,0.3043478260869565,0.0,0.0,1.0,0.0,0.03333333333333333,1.0,1.2078225756492063,0.3226704661193883,0.1097,0.611111111111111,1.0,0.611111111111111,2.0,1.0,0.7905746129542753,0.0,0.6120329122621266,0.12878809211376882,-0.37189622974757414,-0.13204589790596238,2.393024520636743,-0.3691980486687584,-0.5402626287327985,-0.4773756235099426,0.6666666666666666,0.0,0.6666666666666666
M0480,399.0,1.0,0.0,0.0,116.0,69834.29000000001,602.0197413793104,432.605,482.49393841195604,64.0,20.0,30.0,66.0,0.9224137931034483,0.034482758620689655,0.04310344827586207,5.0,3262.4,0.046716305127466745,1.0,29.0,65754.86,0.6896551724137931,0.10344827586206896,0.07758620689655173,0.12931034482758622,1.8125,5.8,3.8666666666666667,1.7575757575757576,1058.095303030303,0.13390590490019566,12.0,18.0,41.0,1.0,63,63,120,155,0.27034,0.24679979518689196,0.023625070797248977,0.04163469813673528,0.03872201830119422,0.07758620689655173,0.6896551724137931,0.06896551724137931,0.21551724137931033,0.7333333333333333,2.8448275862068964,3.8087495412354024,0.7247160337710671,0.504,0.6425287356321839,0.5979885057471264,0.647198275862069,1.7672413793103448,2.8706896551724137,0.714066828774231,0.5544567002829126,0.5938147291251903,0.38473993437199827,3.2397663574879214,0.5417282455524689,-0.7550972088020844,0.0004276109642504263,-0.23097113474456624,2.9456200312129033,0.6,0.6,0.640625
M0489,64.0,1.0,0.0,0.0,2.0,33746.299999999996,16873.149999999998,16873.149999999998,13812.199599629308,2.0,2.0,2.0,1.0,1.0,0.0,0.0,0.0,0.0,0.0,1.0,1.0,32336.56,0.5,0.0,0.0,0.5,1.0,1.0,1.0,2.0,33746.299999999996,1.0,2.0,0.0,2.0,0.0,6,6,6,155,0.57143,0.4,0.0021479718704434303,0.00022105337334304533,0.47826086956521735,0.0,1.0,0.0,1.0,0.011111111111111112,1.0,1.0,0.0,0.1215,1.0,0.41666666666666663,0.41666666666666663,1.0,2.5,0.0,1.0,1.0,0.0,0.0,0.0,0.0,0.0,0.0,0.0,0.0,1.0,1.0
M0499,281.0,1.0,0.0,0.0,12.0,10175.57,847.9641666666666,409.72,1231.6933601159778,11.0,3.0,3.0,12.0,1.0,0.0,0.0,0.0,0.0,0.0,1.0,9.0,9914.47,0.4166666666666667,0.25,0.0,0.3333333333333333,1.0909090909090908,4.0,4.0,1.0,847.9641666666666,-0.8282123033694926,2.0,3.0,8.0,0.0,19,19,26,155,0.47895,0.42105263157894735,0.00570716274651544,0.0011280398244420738,0.10144927536231885,0.16666666666666666,0.4166666666666667,0.08333333333333333,0.5,0.13333333333333333,1.0,5.479193794549102,1.452529963568796,0.4407,0.47222222222222215,0.7083333333333334,0.5243055555555555,2.1666666666666665,1.5833333333333333,1.0,0.28139160754630943,0.8752492489364232,0.5278198174647278,-0.0842416874013842,-0.38874980639926016,-0.6615434626324934,-0.3691980486687584,-0.5402626287327985,-0.028458160595471016,1.0,0.6666666666666666,0.7272727272727273
M0004,380.0,1.0,0.0,0.0,22.0,72183.42,3281.064545454545,2358.09,2460.1641849056823,13.0,9.0,12.0,19.0,0.8181818181818182,0.13636363636363635,0.045454545454545456,1.0,772.75,0.010705366966541624,1.0,14.0,54717.17,0.18181818181818182,0.6363636363636364,0.045454545454545456,0.13636363636363635,1.6923076923076923,2.4444444444444446,1.8333333333333333,1.1578947368421053,3799.1273684210523,-0.6635885114047818,6.0,10.0,12.0,1.0,65,65,80,299,0.33473,0.3139423076923077,0.004137076542302147,0.0034631108182639377,0.07294286740927054,0.0,0.7727272727272727,0.18181818181818182,0.2727272727272727,0.2111111111111111,1.7272727272727273,3.1838074449783624,0.8073563222562998,0.2582,0.3325757575757576,0.7098484848484848,0.3793290043290043,4.2272727272727275,1.8181818181818181,0.9694799719935687,0.5655881918590169,0.969431622940559,0.4111351624135147,0.3835809008614337,0.5272350564562608,0.1561253649854695,0.16497771073080572,0.7230029875397872,-0.029045274214107818,0.8333333333333334,0.6666666666666666,0.9230769230769231
M0008,516.0,1.0,0.0,0.0,26.0,124777.24,4799.124615384616,3147.215,4206.793981414569,23.0,14.0,6.0,22.0,0.7307692307692307,0.2692307692307692,0.0,0.0,0.0,0.0,1.0,11.0,95778.97,0.23076923076923078,0.23076923076923078,0.34615384615384615,0.19230769230769232,1.1304347826086956,1.8571428571428572,4.333333333333333,1.1818181818181819,5671.692727272727,1.0802144793031325,14.0,5.0,23.0,1.0,108,108,153,299,0.33062,0.3181031498788508,0.007295371582967874,0.00760266847462607,0.08618471829174171,0.0,0.9230769230769231,0.038461538461538464,0.38461538461538464,0.24444444444444444,1.6923076923076923,4.5734794262158704,1.0141274438352497,0.4617,0.5525641025641026,0.22348068598068596,0.2997863247863248,2.8076923076923075,6.961538461538462,0.6259397947894985,1.0,1.0,0.44139081191992285,0.6332335549814176,1.46944935599579,0.7052094349811172,-0.48251277030311995,1.9761609898578179,0.8423129522091252,0.8333333333333334,1.0,1.0
M0011,504.0,1.0,0.0,0.0,16.0,6859.37,428.710625,483.325,235.58895300837716,14.0,7.0,4.0,15.0,1.0,0.0,0.0,0.0,0.0,0.0,1.0,12.0,6661.16,0.625,0.125,0.0,0.25,1.1428571428571428,2.2857142857142856,4.0,1.0666666666666667,457.29133333333334,0.04419258897226675,5.0,4.0,13.0,0.0,49,49,60,299,0.40735,0.3826530612244898,0.003186310343356567,0.0016124596347560287,0.08695652173913045,0.125,0.625,0.0,0.25,0.16666666666666666,1.875,2.230656751275992,0.5429326668167056,0.3405,0.375,0.5572916666666666,0.32767857142857143,3.0,2.8125,1.0000000000000002,0.681392022882568,0.9734523724481987,0.28813666561212004,0.009101919681457786,-0.6430403487878376,-0.8755743224869568,-0.48251277030311995,-0.5631328569445074,0.05809054842821548,1.0,0.7142857142857143,0.9285714285714286
M0018,359.0,1.0,0.0,0.0,8.0,16043.16,2005.395,1777.33,1320.720061503248,8.0,5.0,3.0,8.0,1.0,0.0,0.0,0.0,0.0,0.0,1.0,8.0,15591.87,0.25,0.5,0.125,0.125,1.0,1.6,2.6666666666666665,1.0,2005.395,7.034022952259749,4.0,3.0,8.0,1.0,45,45,49,299,0.42899,0.403030303030303,0.0027028515073342107,0.0010759251777130473,0.21739130434782608,0.0,0.875,0.125,0.375,0.08888888888888889,1.0,1.8667693895716306,0.6585835017556382,0.3947,0.375,0.35833333333333334,0.3125,3.0,3.75,0.9999999999999999,0.9311407478327213,0.9999999999999999,0.3459218757401639,-0.49020338855851014,-0.4785134469205055,-0.3052857740480114,-0.48251277030311995,-0.5631328569445074,-0.4647243874257243,1.0,0.8,1.0
M0027,385.0,1.0,0.0,0.0,7.0,7266.67,1038.0957142857144,1016.73,491.39802224053034,7.0,4.0,5.0,7.0,1.0,0.0,0.0,0.0,0.0,0.0,1.0,7.0,7063.15,0.7142857142857143,0.2857142857142857,0.0,0.0,1.0,1.75,1.4,1.0,1038.0957142857144,1.4036243899240277,3.0,4.0,7.0,1.0,40,40,48,299,0.42073,0.391025641025641,0.0027421840487603885,0.0014898363926194773,0.10559006211180123,0.0,0.5714285714285714,0.42857142857142855,0.7142857142857143,0.07777777777777778,1.0,1.7731698288211792,0.4733648501560842,0.5486,0.4418367346938776,0.4727891156462585,0.3380952380952381,3.2857142857142856,3.4285714285714284,0.9110816921643615,0.7018648156583415,1.0,0.24273370254674662,-0.5526165520885061,-0.6357436001545866,-0.6551590361306833,-0.48251277030311995,-0.5631328569445074,-0.5518602100680476,0.8,0.75,1.0
M0038,229.0,1.0,0.0,0.0,4.0,3345.4399999999996,836.3599999999999,668.43,504.05930590225864,4.0,3.0,3.0,4.0,1.0,0.0,0.0,0.0,0.0,0.0,1.0,4.0,3270.52,1.0,0.0,0.0,0.0,1.0,1.3333333333333333,1.3333333333333333,1.0,836.3599999999999,0.5024609906796523,3.0,2.0,4.0,1.0,24,24,24,299,0.4,0.34782608695652173,0.001667905187305457,0.00075631116304586,0.21739130434782608,0.0,0.0,1.0,0.25,0.044444444444444446,1.0,1.8750896743029317,0.6026822252406362,0.3941,0.625,0.25,0.375,2.5,4.0,0.3996066287244727,1.0000000000000002,1.0000000000000002,0.2650622937489052,-0.739856042678494,-0.7059921384388068,-0.7281270755763041,-0.48251277030311995,-0.5631328569445074,-0.8132676779950175,0.6666666666666666,1.0,1.0
M0045,324.0,0.0,1.0,0.0,5.0,11286.46,2257.292,2378.63,991.2005584996409,5.0,2.0,4.0,5.0,0.8,0.0,0.2,1.0,315.59,0.027961823282056552,1.0,5.0,10859.39,0.2,0.6,0.2,0.0,1.0,2.5,1.25,1.0,2257.292,-0.7329731258903683,2.0,4.0,4.0,1.0,23,23,23,299,0.3913,0.3359683794466403,0.0016013259857553907,0.0004978059808498652,0.16521739130434787,0.0,0.6,0.4,0.2,0.05555555555555555,1.0,1.6085823189910744,0.43911047330147845,0.3581,0.4,0.3333333333333333,0.42333333333333334,2.6,3.0,1.0000000000000002,1.0000000000000002,0.8210244842049679,0.20976249417439843,-0.6774428791484981,-0.5637293669396195,-0.21417433997540253,2.366445346246153,-0.5631328569445074,-0.7261318553526942,1.0,1.0,0.8
M0046,272.0,0.0,1.0,0.0,13.0,36104.69,2777.2838461538463,2332.89,1965.3184897599442,13.0,9.0,9.0,11.0,1.0,0.0,0.0,0.0,0.0,0.0,1.0,9.0,34919.64,0.15384615384615385,0.5384615384615384,0.3076923076923077,0.0,1.0,1.4444444444444444,1.4444444444444444,1.1818181818181819,3282.2445454545455,-0.7052312977742554,6.0,8.0,12.0,0.0,55,55,67,299,0.40519,0.38316498316498315,0.0035041330020387264,0.0018077171960745365,0.12323128376640087,0.0,0.7692307692307693,0.3076923076923077,0.23076923076923078,0.12222222222222222,1.6923076923076923,3.112178223937112,0.9066983283460567,0.4567,0.40705128205128205,0.5051282051282051,0.35842490842490843,3.3076923076923075,2.6153846153846154,0.8282738336764559,0.775766527838904,0.8344276048347182,0.45806403544801466,-0.1781375709085302,-0.11911265730983928,-0.026092692281542113,-0.48251277030311995,-0.5631328569445074,-0.029045274214107818,0.8888888888888888,0.6666666666666666,0.9230769230769231
M0047,143.0,1.0,0.0,0.0,11.0,4900.8099999999995,445.5281818181818,418.98,297.14683097143006,10.0,8.0,7.0,10.0,1.0,0.0,0.0,0.0,0.0,0.0,1.0,10.0,4790.26,0.5454545454545454,0.09090909090909091,0.09090909090909091,0.2727272727272727,1.1,1.375,1.5714285714285714,1.1,490.08099999999996,0.23056091610836013,8.0,5.0,10.0,0.0,54,54,58,299,0.36902,0.34521313766596784,0.003188076870586111,0.0024356604805604158,0.17211642112827882,0.0,0.6363636363636364,0.09090909090909091,0.36363636363636365,0.1111111111111111,1.8181818181818181,2.344836873904518,0.701157449178995,0.3867,0.41969696969696973,0.3939393939393939,0.3393939393939394,3.3636363636363638,2.6363636363636362,0.8732842122016566,1.0000000000000002,1.0000000000000002,0.35196079831694116,-0.30296389796852213,-0.6781278027606835,-0.869491392879609,-0.48251277030311995,-0.5631328569445074,-0.2904527421410777,0.7142857142857143,1.0,1.0
M0048,87.0,1.0,0.0,0.0,36.0,55935.07,1553.7519444444445,1210.785,1204.5761411285346,30.0,8.0,8.0,30.0,0.8333333333333334,0.08333333333333333,0.08333333333333333,3.0,2194.55,0.039233883143437565,1.0,21.0,46726.979999999996,0.5555555555555556,0.2777777777777778,0.1111111111111111,0.05555555555555555,1.2,4.5,4.5,1.2,1864.5023333333334,-0.19664696365829876,8.0,8.0,26.0,0.0,87,87,123,299,0.33386,0.31836407377706494,0.006008433596140244,0.004871380602726635,0.041867954911433206,0.05555555555555555,0.7222222222222222,0.16666666666666666,0.3055555555555556,0.3333333333333333,2.5,3.4856808081227038,0.9816788700028911,0.4414,0.3220238095238095,0.33928571428571425,0.3876322751322751,3.25,3.7777777777777777,1.0000000000000002,1.0000000000000002,0.84605972603592,0.45589823462572787,1.2573651902813776,0.23614709756825633,-0.46864558571945497,0.7045531115924104,0.2228390480181171,1.4522637107053882,1.0,1.0,0.8666666666666667
M0052,123.0,1.0,0.0,0.0,4.0,4612.4,1153.1,809.6099999999999,876.0435857878307,4.0,4.0,4.0,4.0,1.0,0.0,0.0,0.0,0.0,0.0,1.0,4.0,4489.51,0.25,0.5,0.25,0.0,1.0,1.0,1.0,1.0,1153.1,-0.8666959878325352,4.0,4.0,4.0,0.0,32,32,32,299,0.39773,0.3588709677419355,0.001957862476628988,0.0006932988004348551,0.21739130434782608,0.0,0.75,0.0,0.25,0.044444444444444446,1.0,2.1252710085855524,0.7597290658120117,0.2513,0.3333333333333333,0.2708333333333333,0.35,3.5,4.0,1.0000000000000002,1.0000000000000002,1.0000000000000002,0.31791800364218314,-0.739856042678494,-0.6832946460538726,-0.6135618539652561,-0.48251277030311995,-0.5631328569445074,-0.8132676779950175,1.0,1.0,1.0
M0054,151.0,1.0,0.0,0.0,6.0,18846.17,3141.028333333333,3092.4700000000003,1665.1461228302658,5.0,5.0,4.0,5.0,1.0,0.0,0.0,0.0,0.0,0.0,1.0,5.0,18426.86,0.3333333333333333,0.3333333333333333,0.3333333333333333,0.0,1.2,1.2,1.5,1.2,3769.2339999999995,-0.07769819542307395,4.0,3.0,5.0,1.0,32,32,34,299,0.34848,0.3064516129032258,0.002067274934219059,0.0007272073791087574,0.18840579710144925,0.0,0.5,0.3333333333333333,0.5,0.05555555555555555,1.6666666666666667,1.9817634033864708,0.6846183377539384,0.3745,0.4444444444444444,0.41269841269841273,0.2916666666666667,3.3333333333333335,3.3333333333333335,0.9384569915266604,0.8019714350448925,1.0000000000000002,0.33872792190664325,-0.6150297156185021,-0.4282977351933046,0.10547410630251704,-0.48251277030311995,-0.5631328569445074,-0.7261318553526942,0.75,0.8,1.0
M0055,338.0,1.0,0.0,0.0,5.0,10891.33,2178.266,1576.87,1358.7965736010672,5.0,3.0,5.0,5.0,1.0,0.0,0.0,0.0,0.0,0.0,1.0,5.0,10677.529999999999,0.6,0.4,0.0,0.0,1.0,1.6666666666666667,1.0,1.0,2178.266,-1.0,2.0,5.0,5.0,0.0,25,25,25,299,0.35692,0.30333333333333334,0.001689753879583031,0.0005527111596445213,0.3321739130434783,0.0,1.0,0.0,0.0,0.05555555555555555,1.0,2.1052754805886886,0.623797356980767,0.2221,0.35666666666666663,0.6,0.31666666666666665,3.2,1.8,1.0,0.8716777473458246,1.0,0.24993054108171367,-0.6774428791484981,-0.5708080909451595,-0.2427581348956357,-0.48251277030311995,-0.5631328569445074,-0.7261318553526942,1.0,0.6666666666666666,1.0
M0056,72.0,1.0,0.0,0.0,9.0,30847.940000000002,3427.548888888889,1839.94,3345.6755279033127,9.0,3.0,5.0,9.0,1.0,0.0,0.0,0.0,0.0,0.0,1.0,8.0,29444.3,0.3333333333333333,0.2222222222222222,0.3333333333333333,0.1111111111111111,1.0,3.0,1.8,1.0,3427.548888888889,0.035996982431175835,3.0,5.0,7.0,0.0,44,44,48,299,0.41313,0.3858350951374207,0.002671775414539255,0.001198822793171616,0.12399355877616747,0.0,0.4444444444444444,0.4444444444444444,0.3333333333333333,0.1,1.0,3.212015453868233,0.976113145679414,0.4456,0.2916666666666667,0.2592592592592593,0.46031746031746035,4.222222222222222,4.111111111111111,1.0,1.0,0.5349569533654435,0.46246416022159514,-0.4277902250285141,-0.21328693518325517,0.20910892016670476,-0.48251277030311995,-0.5631328569445074,-0.377588564783401,1.0,1.0,0.7777777777777778
M0067,102.0,1.0,0.0,0.0,7.0,5544.66,792.0942857142857,701.5,421.99265545967125,7.0,6.0,5.0,7.0,1.0,0.0,0.0,0.0,0.0,0.0,1.0,6.0,5325.68,0.7142857142857143,0.0,0.0,0.2857142857142857,1.0,1.1666666666666667,1.4,1.0,792.0942857142857,-0.275109659356043,6.0,4.0,7.0,1.0,52,52,59,299,0.42816,0.4057315233785822,0.0031230398099680885,0.0014651109609192556,0.19077196095829632,0.0,0.2857142857142857,0.7142857142857143,0.0,0.07777777777777778,1.0,1.7244411740305088,0.5327555861347132,0.4073,0.5204081632653061,0.21904761904761902,0.3011904761904762,3.142857142857143,4.857142857142857,0.6966180072357909,1.0000000000000002,1.0000000000000002,0.27914271182922495,-0.5526165520885061,-0.6665932788040945,-0.7441380352495823,-0.48251277030311995,-0.5631328569445074,-0.5518602100680476,0.8,1.0,1.0
M0071,180.0,1.0,0.0,0.0,31.0,200665.97,6473.095806451613,4884.7,5173.6840404968525,23.0,14.0,12.0,26.0,0.8064516129032258,0.16129032258064516,0.03225806451612903,1.0,1303.54,0.006496069064425822,1.0,19.0,165138.46,0.22580645161290322,0.45161290322580644,0.25806451612903225,0.06451612903225806,1.3478260869565217,2.2142857142857144,2.5833333333333335,1.1923076923076923,7717.921923076923,0.7476485957025075,12.0,12.0,20.0,1.0,100,100,127,299,0.28812,0.2737373737373737,0.0065340823697710975,0.01223212228464597,0.050988553590010394,0.03225806451612903,0.6451612903225806,0.2903225806451613,0.3548387096774194,0.28888888888888886,1.6774193548387097,3.1770041527220587,0.733213131953844,0.5013,0.3863287250384025,0.39462365591397847,0.3715437788018433,2.838709677419355,3.3225806451612905,1.0,0.9482675612611348,0.7329683254215948,0.369065879442875,0.9452993726313976,2.8289902028081046,1.3106867364747723,-0.023003396666140465,0.9581030881444432,0.8423129522091252,1.0,0.8571428571428571,0.8695652173913043
M0072,193.0,0.0,0.0,1.0,2.0,489.23,244.615,244.615,83.8557931809127,2.0,2.0,2.0,2.0,1.0,0.0,0.0,0.0,0.0,0.0,1.0,2.0,482.09000000000003,0.5,0.5,0.0,0.0,1.0,1.0,1.0,1.0,244.615,-1.0,2.0,2.0,1.0,1.0,16,16,16,299,0.55147,0.49166666666666664,0.0012223856552249467,0.00010573762052351341,0.47826086956521735,0.5,0.5,0.0,0.5,0.022222222222222223,1.0,1.2424013245303844,0.34280724068807183,0.3133,0.29166666666666663,0.25,0.625,3.5,4.5,1.0,1.0,0.6212006622651922,0.12120066226395358,-0.864682369738486,-0.7571609241343086,-0.9421619213874726,-0.48251277030311995,-0.5631328569445074,-0.9875393232796641,1.0,1.0,0.5
M0073,655.0,1.0,0.0,0.0,3.0,5904.08,1968.0266666666666,1862.46,1216.9688992465394,3.0,3.0,2.0,3.0,0.3333333333333333,0.3333333333333333,0.3333333333333333,1.0,1386.99,0.23492059728187967,1.0,2.0,2565.13,0.6666666666666666,0.3333333333333333,0.0,0.0,1.0,1.0,1.5,1.0,1968.0266666666666,1.0,3.0,1.0,3.0,1.0,26,26,26,299,0.48718,0.4461538461538462,0.001666051202013629,0.00031969203139924426,0.3043478260869565,0.0,0.6666666666666666,0.3333333333333333,0.3333333333333333,0.03333333333333333,1.0,1.6434431782767172,0.618370126715698,0.6115,0.7037037037037037,0.4444444444444444,0.1976190476190476,3.6666666666666665,2.3333333333333335,0.5478143927589058,1.0,1.0,0.27405455210618535,-0.8022692062084901,-0.6601542967423143,-0.31880194311276117,4.265750757279001,2.5807547629059906,-0.9004035006373408,0.5,1.0,1.0
M0078,119.0,1.0,0.0,0.0,12.0,54941.88,4578.49,3295.76,4134.191981147201,12.0,9.0,7.0,11.0,0.8333333333333334,0.0,0.16666666666666666,2.0,3812.51,0.06939169172951491,1.0,10.0,53306.19,0.08333333333333333,0.8333333333333334,0.0,0.08333333333333333,1.0,1.3333333333333333,1.7142857142857142,1.0909090909090908,4994.716363636363,-0.4541224335905957,9.0,6.0,12.0,0.0,58,58,69,299,0.36821,0.34603750756200846,0.003711456963150045,0.003167535640782904,0.11594202898550726,0.0,0.8333333333333334,0.16666666666666666,0.5,0.12222222222222222,1.8333333333333335,3.385045069444293,0.8534841081626887,0.4434,0.3819444444444444,0.35555555555555557,0.2972222222222222,3.4166666666666665,3.25,0.9586430242285121,1.0000000000000002,1.0000000000000002,0.365993267464052,-0.24055073443852618,0.21835417398598628,0.6254056413124714,1.8916189934879406,-0.5631328569445074,-0.11618109685643112,0.8571428571428571,1.0,1.0
M0082,258.0,1.0,0.0,0.0,4.0,1939.1599999999999,484.78999999999996,238.71,526.9485946465745,4.0,4.0,2.0,4.0,1.0,0.0,0.0,0.0,0.0,0.0,1.0,4.0,1866.8600000000001,1.0,0.0,0.0,0.0,1.0,1.0,2.0,1.0,484.78999999999996,0.9135765370515055,4.0,2.0,4.0,0.0,29,29,30,299,0.51264,0.47783251231527096,0.0018553762842064762,0.0004193301478136084,0.21739130434782608,0.0,0.75,0.0,0.25,0.044444444444444446,1.0,2.627116895975577,1.0869625913211385,0.2216,0.3333333333333333,0.3958333333333333,0.24642857142857144,4.0,2.75,1.0,1.0,1.0,0.4273164669232718,-0.739856042678494,-0.7311855380655395,-0.8552903481714802,-0.48251277030311995,-0.5631328569445074,-0.8132676779950175,1.0,1.0,1.0
M0083,67.0,1.0,0.0,0.0,15.0,31026.11,2068.4073333333336,2030.92,1563.1773012611511,14.0,6.0,6.0,15.0,0.6666666666666666,0.2,0.13333333333333333,2.0,2668.11,0.08599563399987946,1.0,11.0,24610.53,0.26666666666666666,0.26666666666666666,0.4,0.06666666666666667,1.0714285714285714,2.5,2.5,1.0,2068.4073333333336,1.8615817169826347,5.0,6.0,13.0,1.0,48,48,66,299,0.46684,0.4441489361702128,0.0034267332441811713,0.001334837392798181,0.09101449275362322,0.06666666666666667,0.8666666666666667,0.06666666666666667,0.4666666666666667,0.16666666666666666,1.0,2.9968371800396505,0.7557395857526857,0.4087,0.3222222222222222,0.36206349206349203,0.37563492063492065,3.2666666666666666,4.533333333333333,0.9999999999999999,0.6812081823986313,0.9168506783480106,0.37432708558478917,-0.053311243848538206,-0.21009503313565803,-0.28249414074447354,1.4167926407297287,1.3231997149657915,0.05809054842821548,1.0,0.8333333333333334,0.9285714285714286
M0085,252.0,1.0,0.0,0.0,24.0,37121.56,1546.7316666666666,1105.505,1261.0826191521062,19.0,12.0,12.0,22.0,0.9166666666666666,0.041666666666666664,0.041666666666666664,1.0,307.16,0.008274436742421386,1.0,15.0,35244.73,0.5,0.2916666666666667,0.08333333333333333,0.125,1.263157894736842,2.0,2.0,1.0909090909090908,1687.3436363636363,-0.10669102567437376,10.0,12.0,18.0,1.0,89,89,119,299,0.34956,0.33478038815117467,0.005823027114810911,0.005347823649226164,0.08695652173913045,0.0,0.75,0.20833333333333334,0.3333333333333333,0.24444444444444444,1.8333333333333335,2.8646624764692,0.7882788178228488,0.4434,0.29409722222222223,0.4059027777777778,0.32643849206349207,3.875,2.9583333333333335,1.0,0.95468536343839,0.9734135634386055,0.41591149823346446,0.5084072279214257,-0.10089550832213014,-0.4711848282508127,0.1110201706446452,-0.17014690446319516,0.493769661639832,1.0,0.8333333333333334,0.9473684210526315
M0088,322.0,1.0,0.0,0.0,3.0,1625.69,541.8966666666666,450.95,374.70140249715286,3.0,3.0,3.0,3.0,0.6666666666666666,0.3333333333333333,0.0,0.0,0.0,0.0,1.0,2.0,662.45,0.6666666666666666,0.3333333333333333,0.0,0.0,1.0,1.0,1.0,1.0,541.8966666666666,1.6050338174963965,3.0,3.0,3.0,1.0,31,31,35,299,0.51008,0.4774193548387097,0.002086504855088045,0.0005107470253667656,0.3043478260869565,0.0,0.3333333333333333,0.6666666666666666,0.3333333333333333,0.03333333333333333,1.0,1.7599296298802356,0.6914628296240111,0.3319,0.4166666666666667,0.18903318903318903,0.2333333333333333,2.6666666666666665,7.0,1.0,1.0,1.0,0.3004508854695536,-0.8022692062084901,-0.7368013293595862,-0.8346348012808605,-0.48251277030311995,2.5807547629059906,-0.9004035006373408,1.0,1.0,1.0
M0089,226.0,1.0,0.0,0.0,8.0,45345.65,5668.20625,4435.115,5617.422528132421,8.0,6.0,6.0,6.0,1.0,0.0,0.0,0.0,0.0,0.0,1.0,6.0,43652.89,0.25,0.375,0.125,0.25,1.0,1.3333333333333333,1.3333333333333333,1.3333333333333333,7557.608333333334,-0.5789584191863718,5.0,6.0,7.0,1.0,53,53,60,299,0.38644,0.36284470246734396,0.0033515831342192603,0.0035803763802083,0.15217391304347827,0.0,0.75,0.25,0.125,0.06666666666666667,1.5,2.7950866290371845,0.9322422280626667,0.3604,0.3375,0.36761363636363636,0.35833333333333334,3.375,4.375,1.0,0.9728075350116274,0.8456599475363126,0.41839386284386626,-0.49020338855851014,0.046438440774932,1.01955725990946,-0.48251277030311995,-0.5631328569445074,-0.4647243874257243,1.0,0.8333333333333334,0.875
M0092,68.0,1.0,0.0,0.0,18.0,64144.97,3563.6094444444443,2910.665,2977.697058115791,17.0,9.0,9.0,16.0,0.8888888888888888,0.0,0.1111111111111111,2.0,5519.34,0.08604478262286193,1.0,12.0,61771.19,0.2777777777777778,0.6111111111111112,0.1111111111111111,0.0,1.0588235294117647,2.0,2.0,1.125,4009.060625,-0.01080883784913583,6.0,7.0,16.0,1.0,53,53,69,299,0.37596,0.3519593613933237,0.0036736818743232985,0.002251684182439199,0.07890499194847021,0.1111111111111111,0.6111111111111112,0.16666666666666666,0.3333333333333333,0.17777777777777778,1.7777777777777777,3.094408181966567,0.8054331884730217,0.3698,0.6435185185185186,0.5138888888888888,0.3921957671957672,1.8333333333333333,3.0555555555555554,0.6482276006988544,0.8277338036014359,0.8243355636459102,0.41019259772044075,0.13392824674144976,0.3832268338906908,0.2583221793058867,1.1002417388909205,-0.5631328569445074,0.3194980163551854,0.7777777777777778,0.6666666666666666,0.9411764705882353
M0093,392.0,1.0,0.0,0.0,11.0,14770.79,1342.799090909091,1114.0,1295.294270013224,10.0,7.0,6.0,11.0,0.8181818181818182,0.18181818181818182,0.0,0.0,0.0,0.0,1.0,8.0,12471.06,0.6363636363636364,0.09090909090909091,0.09090909090909091,0.18181818181818182,1.1,1.5714285714285714,1.8333333333333333,1.0,1342.799090909091,-0.4857677987091272,6.0,6.0,10.0,1.0,61,61,75,299,0.39186,0.37158469945355194,0.0038627326145594,0.0024330997963939774,0.10312612288896875,0.0,0.5454545454545454,0.45454545454545453,0.36363636363636365,0.12222222222222222,1.0,3.7680543830086264,0.9646225401718838,0.2842,0.34848484848484845,0.2831168831168831,0.2863636363636364,3.6363636363636362,5.090909090909091,1.0,0.9492681163295936,1.0,0.39022188078938896,-0.30296389796852213,-0.5013078590454493,-0.5449474750127576,-0.48251277030311995,1.1517149357012189,-0.2904527421410777,1.0,0.8571428571428571,1.0
M0095,343.0,1.0,0.0,0.0,6.0,12939.57,2156.595,1889.5099999999998,1657.0825332945851,6.0,4.0,5.0,6.0,0.8333333333333334,0.0,0.16666666666666666,1.0,638.66,0.04935712701426709,1.0,5.0,12600.07,0.5,0.16666666666666666,0.0,0.3333333333333333,1.0,1.5,1.2,1.0,2156.595,4.412775426458782,4.0,5.0,6.0,1.0,35,35,41,299,0.45397,0.4218487394957983,0.0023397108517579255,0.000705903274422153,0.13043478260869568,0.0,0.8333333333333334,0.3333333333333333,0.6666666666666666,0.06666666666666667,1.0,2.1764309014905443,0.7683791037698712,0.4777,0.3626984126984127,0.3194444444444444,0.26944444444444443,3.5,3.3333333333333335,1.0,1.0,1.0,0.38901743514913445,-0.6150297156185021,-0.5341140265686065,-0.250596560473501,1.8916189934879406,-0.5631328569445074,-0.6389960327103709,1.0,1.0,1.0
M0102,208.0,1.0,0.0,0.0,14.0,39878.03,2848.430714285714,2289.95,1968.3802858596682,13.0,6.0,9.0,13.0,0.6428571428571429,0.35714285714285715,0.0,0.0,0.0,0.0,1.0,9.0,23226.33,0.2857142857142857,0.2857142857142857,0.35714285714285715,0.07142857142857142,1.0769230769230769,2.3333333333333335,1.5555555555555556,1.0769230769230769,3067.540769230769,-0.03831428367632549,6.0,8.0,13.0,1.0,65,65,78,299,0.35524,0.3350961538461538,0.004093458635368668,0.0034269371742486343,0.11623779946761315,0.0,0.8571428571428571,0.07142857142857142,0.21428571428571427,0.14444444444444443,1.8571428571428572,2.2577173446130616,0.6439148376647905,0.4451,0.4404761904761904,0.18540507111935683,0.3619047619047619,3.0,5.857142857142857,0.9333181704311873,1.0000000000000002,1.0000000000000002,0.3456501660765947,-0.11572440737853419,-0.0515135571679503,-0.0003587884030946514,-0.48251277030311995,2.8053181643238836,-0.029045274214107818,0.8888888888888888,1.0,1.0
M0103,474.0,0.0,1.0,0.0,4.0,5668.79,1417.1975,1083.2350000000001,949.7388052994712,4.0,3.0,4.0,4.0,0.75,0.25,0.0,0.0,0.0,0.0,1.0,3.0,2748.83,0.5,0.5,0.0,0.0,1.0,1.3333333333333333,1.0,1.0,1417.1975,0.6166021223464896,3.0,3.0,3.0,0.0,22,22,23,299,0.43083,0.37662337662337664,0.0015937735989781546,0.0003678836419799839,0.34782608695652173,0.0,0.75,0.0,0.25,0.044444444444444446,1.0,1.985623034192482,0.6701527523859384,0.7407,0.5833333333333334,0.32291666666666663,0.47916666666666663,2.0,4.0,0.8785807906096362,0.9999999999999999,0.8118240400508749,0.2826956899090094,-0.739856042678494,-0.6643694992611399,-0.5180374850367225,-0.48251277030311995,1.794782857943366,-0.8132676779950175,0.75,1.0,0.75
M0104,204.0,1.0,0.0,0.0,16.0,36527.07,2282.941875,2323.775,1168.6405628433904,12.0,7.0,7.0,13.0,1.0,0.0,0.0,0.0,0.0,0.0,1.0,12.0,35353.36,0.625,0.25,0.0625,0.0625,1.3333333333333333,2.2857142857142856,2.2857142857142856,1.2307692307692308,2809.7746153846156,1.309255878635785,5.0,6.0,12.0,0.0,53,53,62,299,0.37317,0.3490566037735849,0.0033685263230948228,0.002774329635996451,0.10326086956521739,0.0,0.75,0.3125,0.4375,0.14444444444444443,2.4375,2.904919830689951,0.7126124739123327,0.31,0.3586309523809524,0.5875,0.3354166666666667,3.9375,2.25,0.9416405422060953,0.7807119486999642,0.9999999999999998,0.3484381478006407,0.009101919681457786,-0.11154575161940827,-0.20489675074237013,-0.48251277030311995,-0.5631328569445074,-0.11618109685643112,0.8571428571428571,0.7142857142857143,1.0
M0114,244.0,0.0,1.0,0.0,2.0,29344.079999999998,14672.039999999999,14672.039999999999,6266.238873518946,2.0,2.0,1.0,2.0,1.0,0.0,0.0,0.0,0.0,0.0,1.0,2.0,28245.829999999998,0.0,1.0,0.0,0.0,1.0,1.0,2.0,1.0,14672.039999999999,0.8653138224846062,2.0,1.0,2.0,0.0,17,17,18,299,0.5817,0.5294117647058824,0.001302948896794058,0.00012132167048350727,0.47826086956521735,0.0,0.0,1.0,0.0,0.022222222222222223,1.0,1.3019961777639646,0.4270870903786349,0.2498,0.2,0.25,0.2,5.0,4.0,1.0,1.0,1.0,0.1509980888819566,-0.864682369738486,-0.24022847311500306,4.276254263501626,-0.48251277030311995,-0.5631328569445074,-0.9875393232796641,1.0,1.0,1.0
M0117,246.0,1.0,0.0,0.0,21.0,125585.97,5980.284285714286,5082.05,4086.993848832625,20.0,10.0,13.0,19.0,0.8571428571428571,0.09523809523809523,0.047619047619047616,1.0,920.76,0.007331710699849673,1.0,14.0,106566.26000000001,0.38095238095238093,0.19047619047619047,0.42857142857142855,0.0,1.05,2.1,1.6153846153846154,1.105263157894737,6609.787894736842,1.9162334473097054,10.0,13.0,15.0,1.0,96,96,112,299,0.29446,0.27960526315789475,0.005672765069140351,0.007929540855524784,0.06773144040224784,0.0,0.8095238095238095,0.23809523809523808,0.19047619047619047,0.2111111111111111,1.8095238095238093,2.534097956961275,0.6581968087052089,0.5116,0.3183106575963719,0.27346938775510204,0.5031746031746032,3.7142857142857144,3.9047619047619047,0.9999999999999999,0.9999999999999999,0.7896559623658598,0.3482431826957793,0.3211677373314377,1.4839376926571428,1.1324362436865252,0.19581059078004023,0.33512074872706343,0.5809054842821553,1.0,1.0,0.75
M0118,79.0,1.0,0.0,0.0,36.0,90623.63,2517.3230555555556,2237.125,1710.2557057132371,33.0,9.0,12.0,32.0,0.9166666666666666,0.05555555555555555,0.027777777777777776,1.0,2266.85,0.02501389538247364,1.0,24.0,83373.69,0.2777777777777778,0.4722222222222222,0.1388888888888889,0.1111111111111111,1.0909090909090908,4.0,3.0,1.125,2831.9884375,-0.23808964618749887,9.0,10.0,28.0,0.0,96,96,120,299,0.33376,0.31973684210526315,0.005935554732744368,0.007548108587200479,0.07568438003220614,0.027777777777777776,0.8055555555555556,0.16666666666666666,0.2777777777777778,0.35555555555555557,1.7777777777777777,4.404664876037298,0.8093422803210045,0.6504,0.4351851851851852,0.37433862433862436,0.39490740740740743,3.2222222222222223,3.388888888888889,0.832417770067255,0.9999999999999999,0.8264798044395264,0.3506466559825499,1.2573651902813776,0.8575900211367464,-0.12012080867061958,-0.08682414300460985,-0.039151586969424404,1.713671178632358,0.8333333333333334,1.0,0.8484848484848485
M0119,221.0,1.0,0.0,0.0,6.0,2743.56,457.26,317.9,428.3985716129315,6.0,4.0,4.0,6.0,1.0,0.0,0.0,0.0,0.0,0.0,1.0,6.0,2620.38,0.3333333333333333,0.5,0.0,0.16666666666666666,1.0,1.5,1.5,1.0,457.26,-0.6139856324452124,4.0,4.0,5.0,0.0,46,46,52,299,0.46438,0.4405797101449275,0.002798509540535084,0.001054258108280073,0.3043478260869565,0.0,0.8333333333333334,0.0,0.0,0.06666666666666667,1.0,2.8790841096968904,0.9368817994421806,0.5014,0.20833333333333334,0.17601010101010103,0.4138888888888889,5.666666666666667,7.5,1.0,1.0,0.8650147982912711,0.3766833360060306,-0.6150297156185021,-0.7167747730260426,-0.8652479807753578,-0.48251277030311995,-0.5631328569445074,-0.6389960327103709,1.0,1.0,0.8333333333333334
M0126,409.0,1.0,0.0,0.0,17.0,11815.27,695.0158823529412,495.62,461.5257680381836,14.0,9.0,3.0,15.0,0.6470588235294118,0.0,0.35294117647058826,6.0,2710.12,0.22937436046742898,1.0,14.0,11445.58,0.8823529411764706,0.058823529411764705,0.0,0.058823529411764705,1.2142857142857142,1.8888888888888888,5.666666666666667,1.1333333333333333,787.6846666666667,1.120350612171598,8.0,2.0,12.0,0.0,59,59,65,299,0.39492,0.37405026300409117,0.0035059945009984295,0.0027654963707615795,0.08289453888972469,0.058823529411764705,0.4117647058823529,0.47058823529411764,0.17647058823529413,0.16666666666666666,1.7647058823529411,2.2515482083778027,0.653124945925941,0.3347,0.6764705882352942,0.34019607843137256,0.3720588235294118,2.1176470588235294,3.6470588235294117,0.4115386275556969,0.9391177687856477,0.8562521211957067,0.3484883544768564,0.07151508321145378,-0.5542557758648602,-0.7792514051894041,4.5450603765485384,-0.5631328569445074,0.05809054842821548,0.6666666666666666,0.8888888888888888,0.8571428571428571
M0133,820.0,1.0,0.0,0.0,24.0,191538.31,7980.762916666667,5938.775,5520.3948440349495,22.0,9.0,8.0,19.0,1.0,0.0,0.0,0.0,0.0,0.0,1.0,14.0,185315.47999999998,0.4166666666666667,0.5,0.08333333333333333,0.0,1.0909090909090908,2.6666666666666665,3.0,1.263157894736842,10080.963684210526,-0.060125794163898766,7.0,8.0,21.0,0.0,80,80,97,299,0.36204,0.3458860759493671,0.004889539519360698,0.004546681587850255,0.13043478260869568,0.0,0.2916666666666667,0.7916666666666666,0.20833333333333334,0.2111111111111111,2.375,3.4991148768097617,0.7794632415897643,0.4316,0.37847222222222227,0.33819444444444446,0.3215277777777778,3.0,3.5,1.0,0.9547143336494929,0.9763421218449719,0.3733040911598412,0.5084072279214257,2.6654688656370262,1.856011661010593,-0.48251277030311995,-0.5631328569445074,0.7551771295668018,1.0,0.7777777777777778,0.9545454545454546
M0144,103.0,0.0,1.0,0.0,25.0,263809.2,10552.368,7790.64,10263.318961555517,21.0,11.0,13.0,23.0,1.0,0.0,0.0,0.0,0.0,0.0,1.0,14.0,256318.74,0.16,0.56,0.2,0.08,1.1904761904761905,2.272727272727273,1.9230769230769231,1.0869565217391304,11469.965217391305,-0.41583637589630784,7.0,11.0,20.0,0.0,68,68,91,299,0.32225,0.30201931518876207,0.0046187439911668056,0.0035783333121542217,0.11179130434782611,0.0,0.28,0.8,0.44,0.25555555555555554,1.84,4.686140627392827,0.9656971924292497,0.5692,0.35666666666666663,0.5533333333333333,0.37799999999999995,3.56,2.48,0.9566875984613122,0.6738219137164285,0.9239492026813318,0.4315146902283586,0.5708203914514217,3.960196383023068,2.7861641718023487,-0.48251277030311995,-0.5631328569445074,0.6680413069244786,0.8461538461538461,0.6363636363636364,0.9523809523809523
M0149,297.0,1.0,0.0,0.0,3.0,2559.8,853.2666666666668,834.78,78.34330688280482,3.0,3.0,3.0,3.0,1.0,0.0,0.0,0.0,0.0,0.0,1.0,3.0,2525.11,1.0,0.0,0.0,0.0,1.0,1.0,1.0,1.0,853.2666666666668,1.0,2.0,3.0,3.0,1.0,23,23,25,299,0.48551,0.43873517786561267,0.0017015847533530153,0.0004588622762969669,0.3043478260869565,0.0,1.0,0.0,0.0,0.03333333333333333,1.0,1.1007109930463317,0.09181573585765078,0.5072,0.38888888888888884,0.5476190476190476,0.3,3.3333333333333335,3.3333333333333335,1.0,0.6738885850457066,1.0,0.039945829101179844,-0.8022692062084901,-0.7200668195000082,-0.7220119148344627,-0.48251277030311995,-0.5631328569445074,-0.9004035006373408,1.0,0.6666666666666666,1.0
M0151,820.0,1.0,0.0,0.0,6.0,10362.83,1727.1383333333333,1596.685,865.5813986082803,5.0,6.0,4.0,6.0,1.0,0.0,0.0,0.0,0.0,0.0,1.0,5.0,10026.66,0.16666666666666666,0.3333333333333333,0.16666666666666666,0.3333333333333333,1.2,1.0,1.5,1.0,1727.1383333333333,0.5372601156635473,6.0,4.0,4.0,0.0,35,35,38,299,0.44762,0.4151260504201681,0.0021853451971355804,0.000586597545439934,0.18840579710144925,0.0,0.6666666666666666,0.3333333333333333,0.16666666666666666,0.06666666666666667,1.0,1.7079813139846933,0.5011650670376414,0.2555,0.3055555555555555,0.28075396825396826,0.5694444444444444,4.166666666666667,4.5,1.0,1.0,0.5960485697439792,0.2547651880164887,-0.6150297156185021,-0.5802761283934118,-0.4059315298143123,-0.48251277030311995,-0.5631328569445074,-0.7261318553526942,1.0,1.0,0.8
M0164,227.0,0.0,0.0,1.0,2.0,1277.62,638.81,638.81,350.71082133290383,2.0,2.0,2.0,2.0,0.5,0.5,0.0,0.0,0.0,0.0,1.0,1.0,866.59,0.5,0.5,0.0,0.0,1.0,1.0,1.0,1.0,638.81,1.2690752776214114,2.0,2.0,2.0,0.0,22,22,23,299,0.64822,0.6147186147186147,0.0014987801300322063,0.00011545920446582164,0.47826086956521735,0.0,1.0,0.0,0.5,0.022222222222222223,1.0,1.3882061958954932,0.549006467232673,0.4185,0.375,0.19642857142857142,0.16666666666666666,3.0,5.5,1.0,1.0,1.0,0.19410309794698696,-0.864682369738486,-0.7430369770315127,-0.7995811373596674,-0.48251277030311995,4.152698572831239,-0.9875393232796641,1.0,1.0,1.0
M0165,247.0,1.0,0.0,0.0,84.0,66053.64,786.3528571428571,640.585,644.6171041182967,50.0,14.0,8.0,60.0,0.8690476190476191,0.09523809523809523,0.03571428571428571,3.0,1125.59,0.01704054462403586,1.0,29.0,58533.21,0.6309523809523809,0.14285714285714285,0.023809523809523808,0.20238095238095238,1.68,6.0,10.5,1.4,1100.894,0.25977534178715284,14.0,7.0,46.0,1.0,114,114,180,299,0.31381,0.3016612327278373,0.008633466271203507,0.01225480728244428,0.05116829340431825,0.0,0.5595238095238095,0.5357142857142857,0.23809523809523808,0.6666666666666666,2.142857142857143,4.121532136608974,0.8337038257328143,0.5333,0.3075396825396825,0.298327664399093,0.37312925170068023,3.4166666666666665,3.5476190476190474,0.9946663045367371,1.0,0.9430888290183556,0.408275461175694,4.253197039721185,0.4174205122943913,-0.7462147165549107,0.026229750509250183,0.33512074872706343,3.194980163551854,0.875,1.0,0.92
M0166,338.0,0.0,1.0,0.0,4.0,2198.6800000000003,549.6700000000001,530.91,236.90525884130696,4.0,3.0,4.0,4.0,1.0,0.0,0.0,0.0,0.0,0.0,1.0,3.0,2148.7200000000003,0.75,0.25,0.0,0.0,1.0,1.3333333333333333,1.0,1.0,549.6700000000001,-1.0,3.0,4.0,3.0,1.0,25,25,27,299,0.45231,0.4066666666666667,0.0017225409686248178,0.0004006776492336614,0.21739130434782608,0.25,0.5,0.0,0.0,0.044444444444444446,1.0,1.5144541270216674,0.4309954315158312,0.4696,0.3333333333333333,0.3333333333333333,0.5,3.5,3.0,1.0,1.0,0.8615487474302762,0.2068127239978,-0.739856042678494,-0.726536256932956,-0.8318231776905659,-0.48251277030311995,-0.5631328569445074,-0.8132676779950175,1.0,1.0,0.75
M0168,213.0,1.0,0.0,0.0,8.0,17043.12,2130.39,1559.025,1943.9198444159897,8.0,5.0,6.0,7.0,0.875,0.0,0.125,1.0,811.89,0.047637404418909214,1.0,7.0,16483.37,0.25,0.625,0.125,0.0,1.0,1.6,1.3333333333333333,1.1428571428571428,2434.7314285714283,1.2343016117309265,4.0,5.0,8.0,0.0,45,45,52,299,0.49662,0.47373737373737373,0.002784955323136553,0.0007770084560578237,0.11956521739130435,0.0,0.75,0.25,0.25,0.07777777777777778,1.75,2.741538521115852,0.9105250445047626,0.3163,0.3368055555555556,0.4185606060606061,0.32708333333333334,4.125,4.375,0.849828552518553,0.8860120682128626,1.0,0.43252895345114273,-0.49020338855851014,-0.46059923930129193,-0.2600749390563055,1.2980860525401756,-0.5631328569445074,-0.4647243874257243,0.8333333333333334,0.8,1.0
M0169,343.0,1.0,0.0,0.0,72.0,141087.26,1959.545277777778,1364.4650000000001,1696.2935864183023,51.0,15.0,11.0,47.0,0.875,0.06944444444444445,0.05555555555555555,4.0,5484.15,0.038870625171968036,1.0,26.0,127607.0,0.5277777777777778,0.3055555555555556,0.013888888888888888,0.1527777777777778,1.411764705882353,4.8,6.545454545454546,1.5319148936170213,3001.8565957446813,0.8378751145762284,15.0,9.0,49.0,1.0,119,119,201,299,0.26863,0.25623130608175476,0.009751703141489935,0.016045906679972625,0.0394524959742351,0.0,0.7916666666666666,0.20833333333333334,0.2777777777777778,0.5222222222222223,2.611111111111111,7.670136552371915,1.1760679366356317,0.4129,0.4027777777777778,0.376521164021164,0.3185350529100529,3.3472222222222223,2.861111111111111,0.925073816019958,0.9999999999999998,0.9554531713210674,0.4754362413427305,3.504239077361233,1.7616421282602064,-0.32186967121033333,0.3088644842939003,0.09184373052434641,3.282115986194177,0.8181818181818182,1.0,0.9607843137254902
M0170,201.0,1.0,0.0,0.0,23.0,36478.86,1586.037391304348,1519.65,773.8236975577681,23.0,7.0,12.0,21.0,0.9565217391304348,0.0,0.043478260869565216,1.0,1522.8,0.041744725575305806,1.0,17.0,35036.91,0.391304347826087,0.30434782608695654,0.17391304347826086,0.13043478260869565,1.0,3.2857142857142856,1.9166666666666667,1.0952380952380953,1737.0885714285714,0.0017010600896733032,7.0,12.0,23.0,0.0,98,98,122,299,0.30921,0.29497159688617713,0.006169997288586908,0.00946566795041628,0.04923152790334513,0.0,0.6956521739130435,0.2608695652173913,0.30434782608695654,0.23333333333333334,1.826086956521739,2.965565535765098,0.667899732925131,0.3867,0.2775879917184265,0.24057971014492754,0.3229468599033816,4.086956521739131,4.391304347826087,1.0,1.0,1.0,0.3425955536465524,0.4459940643914297,-0.1124094301158704,-0.4569679025271946,0.1368259506858524,-0.5631328569445074,0.8423129522091252,1.0,1.0,1.0
M0171,114.0,0.0,0.0,1.0,5.0,8985.9,1797.1799999999998,1142.15,2182.815504503301,5.0,4.0,5.0,5.0,1.0,0.0,0.0,0.0,0.0,0.0,1.0,4.0,8600.59,0.6,0.4,0.0,0.0,1.0,1.25,1.0,1.0,1797.1799999999998,-0.7882028494946294,4.0,5.0,5.0,1.0,39,39,44,299,0.38846,0.3562753036437247,0.002545198955396116,0.0012264154667885612,0.24869565217391307,0.0,0.6,0.2,0.4,0.05555555555555555,1.0,3.1067672687209966,1.2145781193332337,0.8329,0.33333333333333337,0.2519047619047619,0.30666666666666664,3.6,4.4,1.0,1.0,1.0,0.5258540602498302,-0.6774428791484981,-0.6049437249943996,-0.3805973785745769,-0.48251277030311995,-0.5631328569445074,-0.7261318553526942,1.0,1.0,1.0
M0172,58.0,1.0,0.0,0.0,5.0,4229.86,845.972,842.83,467.3378292199338,5.0,5.0,3.0,5.0,1.0,0.0,0.0,0.0,0.0,0.0,1.0,4.0,4038.75,0.6,0.0,0.0,0.4,1.0,1.0,1.6666666666666667,1.0,845.972,0.9388517949822484,5.0,3.0,5.0,0.0,31,31,36,299,0.41734,0.37849462365591396,0.002167605159606587,0.0007096723452836691,0.24869565217391307,0.0,0.4,0.6,0.2,0.05555555555555555,1.0,1.8372121063108473,0.5524270652219385,0.5013,0.3466666666666667,0.29,0.3,3.4,3.8,1.0000000000000002,1.0000000000000002,1.0000000000000002,0.26872851583727647,-0.6774428791484981,-0.6901478211635309,-0.7246504041419244,-0.48251277030311995,-0.5631328569445074,-0.7261318553526942,1.0,1.0,1.0
M0173,291.0,1.0,0.0,0.0,23.0,27206.09,1182.8734782608697,1014.71,660.5896716130954,18.0,13.0,7.0,22.0,0.9130434782608695,0.08695652173913043,0.0,0.0,0.0,0.0,1.0,16.0,24051.54,0.43478260869565216,0.34782608695652173,0.08695652173913043,0.13043478260869565,1.2777777777777777,1.7692307692307692,3.2857142857142856,1.0454545454545454,1236.6404545454545,-0.3797122250742962,13.0,6.0,17.0,0.0,73,73,95,299,0.36357,0.3458904109589041,0.004833436022782629,0.00422743293884553,0.08079230706008055,0.043478260869565216,0.6956521739130435,0.2608695652173913,0.17391304347826086,0.24444444444444444,1.9130434782608696,2.554412633347901,0.5439336411407023,0.4461,0.3659420289855072,0.31055900621118016,0.3797101449275362,2.9130434782608696,4.3478260869565215,0.9695538756212304,1.0,0.9622014776838569,0.28848642812225483,0.4459940643914297,-0.2785304019399584,-0.6027927526989548,-0.48251277030311995,0.2570117395382312,0.40663383899750866,0.8571428571428571,1.0,0.9444444444444444
M0174,604.0,0.0,1.0,0.0,27.0,44559.14,1650.3385185185184,1515.69,1013.1248258376113,22.0,7.0,10.0,21.0,0.9259259259259259,0.07407407407407407,0.0,0.0,0.0,0.0,1.0,16.0,37715.69,0.37037037037037035,0.3333333333333333,0.14814814814814814,0.14814814814814814,1.2272727272727273,3.857142857142857,2.7,1.2857142857142858,2121.8638095238093,-0.6668240419108825,6.0,9.0,19.0,0.0,71,71,99,299,0.38419,0.3665995975855131,0.0048805579724013354,0.0027841367660994937,0.05528717122920022,0.0,0.7777777777777778,0.2222222222222222,0.25925925925925924,0.23333333333333334,1.5555555555555554,2.249866357384815,0.5653092580670543,0.3289,0.3608024691358025,0.273015873015873,0.4148148148148148,3.5555555555555554,4.37037037037037,0.9888065613474587,0.9585155817639209,0.8959163035911376,0.3074073819967895,0.6956467185114137,0.032348173729662484,-0.433710110997449,-0.48251277030311995,0.13550883635560326,0.7551771295668018,0.9,0.8571428571428571,0.8636363636363636
M0183,1200.0,1.0,0.0,0.0,2.0,1235.17,617.585,617.585,1.3222896808188873,2.0,2.0,2.0,2.0,0.5,0.5,0.0,0.0,0.0,0.0,1.0,1.0,602.37,0.5,0.0,0.0,0.5,1.0,1.0,1.0,1.0,617.585,1.0,2.0,2.0,2.0,0.0,14,14,14,299,0.6381,0.5824175824175825,0.0010979364531492723,3.727289042098779e-05,0.47826086956521735,0.0,0.0,1.0,0.0,0.022222222222222223,1.0,1.0015139616409077,0.0021410650854844066,0.2179,0.29166666666666663,0.41666666666666663,0.26666666666666666,3.5,2.5,1.0,1.0,1.0,0.0007569808204508022,-0.864682369738486,-0.7437974655644898,-0.8072582442255337,-0.48251277030311995,4.152698572831239,-0.9875393232796641,1.0,1.0,1.0
M0184,168.0,1.0,0.0,0.0,4.0,6647.32,1661.83,1745.785,1384.0291492835931,4.0,3.0,2.0,4.0,1.0,0.0,0.0,0.0,0.0,0.0,1.0,4.0,6515.389999999999,0.5,0.0,0.25,0.25,1.0,1.3333333333333333,2.0,1.0,1661.83,0.32783532592328013,3.0,2.0,4.0,0.0,25,25,29,299,0.44923,0.4033333333333333,0.0018604332565326982,0.0005532517780050706,0.21739130434782608,0.0,0.5,0.25,0.0,0.044444444444444446,1.0,1.7183346070296,0.8328343749261917,0.2255,0.29166666666666663,0.25,0.29166666666666663,3.75,4.25,1.0,1.0,1.0,0.37162871653524593,-0.739856042678494,-0.6468392084678791,-0.4295536289536112,-0.48251277030311995,-0.5631328569445074,-0.8132676779950175,1.0,1.0,1.0
M0185,220.0,1.0,0.0,0.0,24.0,144761.57,6031.732083333333,4492.299999999999,4854.181819325414,22.0,14.0,9.0,24.0,0.9166666666666666,0.08333333333333333,0.0,0.0,0.0,0.0,1.0,17.0,130515.35,0.3333333333333333,0.16666666666666666,0.25,0.25,1.0909090909090908,1.7142857142857142,2.6666666666666665,1.0,6031.732083333333,-0.4556312997338991,13.0,6.0,19.0,1.0,93,93,140,299,0.36834,0.3546049555867228,0.006724000603597681,0.005922538225601428,0.05434782608695652,0.0,0.75,0.25,0.25,0.26666666666666666,1.0,3.1454596686123257,0.8047741100335535,0.4683,0.6732638888888888,0.31746031746031744,0.3697916666666667,2.5833333333333335,4.833333333333333,0.5026867282525328,0.8963398227858401,0.8165128355543532,0.4102877436094849,0.5084072279214257,1.8274671134569669,1.151044971146355,-0.48251277030311995,0.2228390480181171,0.7551771295668018,0.6666666666666666,0.9285714285714286,0.8636363636363636
M0190,274.0,1.0,0.0,0.0,12.0,11518.43,959.8691666666667,818.39,577.9078515796651,12.0,7.0,6.0,10.0,0.8333333333333334,0.0,0.16666666666666666,2.0,2054.76,0.1783888950143379,1.0,7.0,11049.48,0.5,0.16666666666666666,0.08333333333333333,0.25,1.0,1.7142857142857142,2.0,1.2,1151.843,6.45792855307119,6.0,6.0,12.0,0.0,55,55,62,299,0.38961,0.367003367003367,0.003479145398294965,0.004464973562197214,0.08695652173913045,0.08333333333333333,0.5833333333333334,0.4166666666666667,0.16666666666666666,0.1111111111111111,1.6666666666666667,3.002179984598595,0.863924697046065,0.3574,0.3125,0.39186507936507936,0.3430555555555555,4.166666666666667,3.5,1.0,0.9735953597842762,1.0,0.4181810368252949,-0.24055073443852618,-0.5595736419691917,-0.683453668206971,1.8916189934879406,-0.5631328569445074,-0.11618109685643112,1.0,0.8571428571428571,1.0
M0191,170.0,1.0,0.0,0.0,8.0,13529.39,1691.17375,1241.205,1309.0737636309061,7.0,6.0,5.0,8.0,0.875,0.125,0.0,0.0,0.0,0.0,1.0,7.0,8819.97,0.25,0.375,0.25,0.125,1.1428571428571428,1.3333333333333333,1.6,1.0,1691.17375,-0.6390956267030932,6.0,5.0,5.0,0.0,40,40,47,299,0.48415,0.4576923076923077,0.0026422917834931937,0.0011287005333483913,0.1847826086956522,0.0,0.625,0.25,0.25,0.08888888888888889,1.0,2.5919158217776266,0.7740622532905954,0.251,0.47916666666666663,0.35957792207792205,0.4375,2.125,4.375,1.0,1.0,0.5723842686181713,0.376610383025364,-0.49020338855851014,-0.5235474459674179,-0.4189399608925858,-0.48251277030311995,0.6158250004994295,-0.5518602100680476,1.0,1.0,0.7142857142857143
M0195,456.0,1.0,0.0,0.0,40.0,57621.82,1440.5455,957.905,1887.982717873627,34.0,12.0,7.0,33.0,0.925,0.075,0.0,0.0,0.0,0.0,1.0,21.0,52216.81,0.475,0.3,0.125,0.1,1.1764705882352942,3.3333333333333335,5.714285714285714,1.2121212121212122,1746.1157575757575,0.12653557258354103,12.0,6.0,33.0,0.0,103,103,151,299,0.3118,0.2983057300590139,0.007376663310145803,0.009833849567636067,0.04913043478260871,0.0,0.775,0.175,0.275,0.36666666666666664,1.65,7.017175090963805,1.1729284294198459,0.4549,0.38229166666666664,0.3775,0.33214285714285713,4.05,3.075,0.8785003667013641,0.9999999999999999,0.9650236663819365,0.4217794368154053,1.5070178444013616,0.2663650959899017,-0.5095924866336956,-0.48251277030311995,0.14424185752185467,1.8008070012746813,0.8571428571428571,1.0,0.9705882352941176
M0196,57.0,0.0,0.0,1.0,20.0,143018.84,7150.942,5437.73,5529.975947728793,18.0,5.0,11.0,20.0,0.85,0.05,0.1,2.0,6324.55,0.04422179623327948,1.0,14.0,134520.8,0.2,0.45,0.3,0.05,1.1111111111111112,4.0,1.8181818181818181,1.0,7150.942,0.09487846252075008,5.0,11.0,17.0,1.0,69,69,84,299,0.31843,0.29838022165387895,0.004373367330498981,0.004140170376251836,0.05565217391304351,0.05,0.8,0.1,0.45,0.2222222222222222,1.0,3.0266725698516366,0.7733213257398526,0.4185,0.3488095238095238,0.4125,0.3883333333333333,3.5,2.55,1.0,1.0,0.961382290612901,0.376002679087593,0.25875457380144173,1.7962462375776993,1.5558644828348036,0.9419662879715166,-0.09154971396693265,0.40663383899750866,1.0,1.0,0.9444444444444444
M0198,265.0,1.0,0.0,0.0,3.0,5152.13,1717.3766666666668,844.37,1566.950631045322,3.0,2.0,2.0,2.0,1.0,0.0,0.0,0.0,0.0,0.0,1.0,2.0,5050.290000000001,0.0,0.6666666666666666,0.3333333333333333,0.0,1.0,1.5,1.5,1.5,2576.065,-1.0,2.0,1.0,3.0,1.0,23,23,23,299,0.35507,0.2964426877470356,0.0016545563300629411,0.0007484438508589084,0.5362318840579711,0.0,1.0,0.3333333333333333,0.6666666666666666,0.022222222222222223,1.3333333333333333,1.6966730264958376,0.985244442609924,0.1614,0.4666666666666666,0.20634920634920637,0.2333333333333333,3.6666666666666665,5.666666666666667,0.3155510439371677,1.0,1.0,0.34833651324758075,-0.8022692062084901,-0.6736254240066726,-0.40946233585383945,-0.48251277030311995,-0.5631328569445074,-0.9004035006373408,0.5,1.0,1.0
M0200,119.0,0.0,1.0,0.0,4.0,4009.83,1002.4575,974.9499999999999,361.13646103885264,4.0,4.0,3.0,4.0,1.0,0.0,0.0,0.0,0.0,0.0,1.0,4.0,3855.1899999999996,0.75,0.25,0.0,0.0,1.0,1.0,1.3333333333333333,1.0,1002.4575,-0.23672430169563075,4.0,3.0,4.0,0.0,32,32,35,299,0.49432,0.46169354838709675,0.002051988466724751,0.00046137032101270764,0.34782608695652173,0.0,1.0,0.0,0.25,0.044444444444444446,1.0,1.4419763431367414,0.3602511438528342,0.5073,0.34375,0.225,0.3333333333333333,4.0,4.75,0.9999999999999999,0.9999999999999999,0.9999999999999999,0.173704994974741,-0.739856042678494,-0.6940896419388175,-0.6680494191497679,-0.48251277030311995,-0.5631328569445074,-0.8132676779950175,1.0,1.0,1.0
M0204,212.0,1.0,0.0,0.0,39.0,52561.24,1347.7241025641026,875.48,1457.3963714025995,36.0,18.0,9.0,32.0,0.8717948717948718,0.10256410256410256,0.02564102564102564,1.0,1283.55,0.02442008597970672,1.0,23.0,47513.11,0.38461538461538464,0.41025641025641024,0.1282051282051282,0.07692307692307693,1.0833333333333333,2.1666666666666665,4.333333333333333,1.21875,1642.53875,0.24564350737656837,16.0,7.0,32.0,1.0,99,99,156,299,0.32808,0.31436817151102864,0.007560824047985496,0.009402995361761946,0.0450218677643427,0.02564102564102564,0.7692307692307693,0.20512820512820512,0.2564102564102564,0.35555555555555557,2.4615384615384617,4.882247070274598,1.077375771487281,0.4573,0.5384615384615384,0.34664224664224663,0.38299755799755797,2.1794871794871793,3.6153846153846154,0.7392082074167201,0.9257713478601342,0.8807716484618704,0.49686588206442317,1.4446046808713657,0.17570518879997424,-0.5431660926433273,-0.11726172971987985,0.4042171799325689,1.975078646559328,0.7777777777777778,0.8888888888888888,0.8888888888888888
M0207,392.0,1.0,0.0,0.0,6.0,6997.87,1166.3116666666667,1176.58,629.730817331236,6.0,3.0,5.0,6.0,0.6666666666666666,0.3333333333333333,0.0,0.0,0.0,0.0,1.0,4.0,5190.93,0.6666666666666666,0.3333333333333333,0.0,0.0,1.0,2.0,1.2,1.0,1166.3116666666667,0.4967870841138167,2.0,5.0,6.0,1.0,45,45,55,299,0.37971,0.3515151515151515,0.0030778340127115816,0.0020105415206150687,0.13043478260869568,0.16666666666666666,0.6666666666666666,0.16666666666666666,0.16666666666666666,0.06666666666666667,1.0,1.6454006719187408,0.5399335660690205,0.3988,0.2115079365079365,0.2976190476190476,0.23214285714285712,5.166666666666667,5.5,1.0,0.7475131718651533,1.0,0.2791704237622117,-0.6150297156185021,-0.6405591317838963,-0.6087831789651994,-0.48251277030311995,2.5807547629059906,-0.6389960327103709,1.0,0.6666666666666666,1.0
M0209,257.0,0.0,0.0,1.0,5.0,4393.52,878.7040000000001,752.58,258.19279439984376,5.0,5.0,4.0,5.0,1.0,0.0,0.0,0.0,0.0,0.0,1.0,5.0,4252.11,0.6,0.0,0.2,0.2,1.0,1.0,1.25,1.0,878.7040000000001,-1.0,5.0,4.0,5.0,1.0,34,34,38,299,0.49748,0.46702317290552586,0.0021982557188273337,0.0006601176367562663,0.16521739130434787,0.0,0.6,0.6,0.6,0.05555555555555555,1.0,1.3193862779730148,0.2938336395416929,0.3199,0.3952380952380952,0.31857142857142856,0.3619047619047619,3.2,4.0,1.0,1.0,1.0,0.13982228372687963,-0.6774428791484981,-0.6872158646663105,-0.7128112021662572,-0.48251277030311995,-0.5631328569445074,-0.7261318553526942,1.0,1.0,1.0
M0210,180.0,1.0,0.0,0.0,53.0,59136.75,1115.7877358490566,834.29,1257.0215895300983,34.0,11.0,11.0,38.0,0.8679245283018868,0.09433962264150944,0.03773584905660377,2.0,1312.3899999999999,0.02219246069491475,1.0,26.0,52961.58,0.660377358490566,0.16981132075471697,0.03773584905660377,0.1320754716981132,1.5588235294117647,4.818181818181818,4.818181818181818,1.394736842105263,1556.2302631578948,0.48639847629298555,11.0,10.0,30.0,1.0,102,102,155,299,0.33638,0.32323820617355853,0.007365269844198885,0.007266056796097443,0.05793489869518782,0.0,0.4339622641509434,0.6415094339622641,0.22641509433962265,0.4222222222222222,2.867924528301887,5.356064714411935,1.153928988252367,0.6009,0.49266247379454925,0.22157151025075553,0.3797619047619048,3.1320754716981134,5.452830188679245,0.8027110045783712,0.9999999999999999,0.8265949684417895,0.5074390023302345,2.3183889702913096,0.29350495213272265,-0.6270577427423691,0.05502649697032774,0.3266466581075204,1.8008070012746813,0.9090909090909091,1.0,0.8823529411764706
M0219,309.0,1.0,0.0,0.0,4.0,18908.499999999996,4727.124999999999,740.835,8252.979669971728,4.0,4.0,3.0,4.0,1.0,0.0,0.0,0.0,0.0,0.0,1.0,4.0,17952.81,0.25,0.25,0.25,0.25,1.0,1.0,1.3333333333333333,1.0,4727.124999999999,10.0,4.0,2.0,4.0,0.0,36,36,39,299,0.41291,0.37936507936507935,0.0022850622698759146,0.0010326727408905753,0.34782608695652173,0.0,0.5,0.25,0.25,0.044444444444444446,1.0,3.61750958563609,1.7458771811559308,0.6994,0.5714285714285714,0.24583333333333335,0.26041666666666663,4.0,4.25,0.0676166803289526,1.0,1.0,0.6709231298092562,-0.739856042678494,-0.42718109796690995,0.679167091442414,-0.48251277030311995,-0.5631328569445074,-0.8132676779950175,0.6666666666666666,1.0,1.0
M0228,329.0,1.0,0.0,0.0,8.0,9671.89,1208.98625,752.69,1326.3980109512215,7.0,3.0,4.0,7.0,1.0,0.0,0.0,0.0,0.0,0.0,1.0,6.0,9369.960000000001,0.75,0.125,0.0,0.125,1.1428571428571428,2.6666666666666665,2.0,1.1428571428571428,1381.6985714285713,-0.6857488001478413,2.0,3.0,6.0,0.0,33,33,34,299,0.39216,0.3541666666666667,0.0020826731234993784,0.0007199324647240552,0.21739130434782608,0.0,0.375,0.875,0.5,0.07777777777777778,1.75,3.161224951896682,0.9921721974077249,0.4166,0.4895833333333333,0.25,0.4114583333333333,2.75,6.625,0.7413959422615435,0.9375054927216911,0.9459795345066994,0.4182320400370236,-0.49020338855851014,-0.5926542661313409,-0.593347733183983,-0.48251277030311995,-0.5631328569445074,-0.5518602100680476,0.75,0.6666666666666666,0.8571428571428571
M0231,357.0,1.0,0.0,0.0,7.0,12172.960000000001,1738.9942857142858,1431.54,778.1813401955687,7.0,4.0,5.0,7.0,1.0,0.0,0.0,0.0,0.0,0.0,1.0,7.0,11770.91,0.42857142857142855,0.14285714285714285,0.2857142857142857,0.14285714285714285,1.0,1.75,1.4,1.0,1738.9942857142858,-0.6360798567615839,4.0,4.0,7.0,0.0,40,40,46,299,0.39268,0.36153846153846153,0.00274847765171147,0.002084025329818897,0.14818101153504878,0.0,0.7142857142857143,0.2857142857142857,0.14285714285714285,0.07777777777777778,1.0,1.7509545747295647,0.44748930263214387,0.3289,0.39285714285714285,0.3354978354978355,0.2870748299319728,3.2857142857142856,4.857142857142857,0.7971290466739396,1.0,1.0,0.22699819928757475,-0.5526165520885061,-0.547847786621974,-0.40164321822773075,-0.48251277030311995,-0.5631328569445074,-0.5518602100680476,0.8,1.0,1.0
M0232,368.0,0.0,0.0,1.0,3.0,4172.389999999999,1390.7966666666664,688.39,1253.6689291967527,3.0,1.0,3.0,3.0,1.0,0.0,0.0,0.0,0.0,0.0,1.0,3.0,4011.99,0.6666666666666666,0.3333333333333333,0.0,0.0,1.0,3.0,1.0,1.0,1390.7966666666664,4.061084559624631,1.0,3.0,3.0,0.0,23,23,24,299,0.47101,0.42292490118577075,0.0016392734925274877,0.0005656617125183134,0.5362318840579711,0.0,1.0,0.0,0.0,0.03333333333333333,1.0,2.0407008932530277,0.9014034612273205,0.5375,0.2638888888888889,0.25,0.2888888888888889,4.666666666666667,4.0,1.0,1.0,1.0,0.3503028240406175,-0.8022692062084901,-0.691177391858235,-0.5275866967610064,-0.48251277030311995,-0.5631328569445074,-0.9004035006373408,1.0,1.0,1.0
M0233,67.0,1.0,0.0,0.0,13.0,26357.940000000002,2027.5338461538463,1874.78,1105.0423346908362,13.0,6.0,2.0,11.0,0.9230769230769231,0.07692307692307693,0.0,0.0,0.0,0.0,1.0,9.0,24673.77,0.6153846153846154,0.3076923076923077,0.0,0.07692307692307693,1.0,2.1666666666666665,6.5,1.1818181818181819,2396.176363636364,-0.3095790099489948,5.0,2.0,12.0,1.0,41,41,52,299,0.46109,0.43414634146341463,0.002784706200139576,0.0009376682439610903,0.04913815281708261,0.0,0.6923076923076923,0.23076923076923078,0.46153846153846156,0.12222222222222222,1.6923076923076923,2.049778169310652,0.5313306144091309,0.371,0.28205128205128205,0.3516483516483516,0.39175824175824175,3.769230769230769,4.076923076923077,0.9999999999999998,0.9825270867146673,0.9488814376237291,0.27011836419550966,-0.1781375709085302,-0.2937249449139134,-0.29727812797922215,-0.48251277030311995,0.1623796707132999,-0.029045274214107818,1.0,0.8333333333333334,0.9230769230769231
M0247,90.0,1.0,0.0,0.0,8.0,49450.02,6181.2525,4554.084999999999,3425.8403736382697,6.0,7.0,2.0,8.0,0.875,0.0,0.125,1.0,4530.26,0.091612905313284,1.0,7.0,48064.28,0.25,0.75,0.0,0.0,1.3333333333333333,1.1428571428571428,4.0,1.0,6181.2525,-0.5094941716573725,7.0,2.0,6.0,1.0,36,36,42,299,0.44895,0.4174603174603175,0.0024050436312734453,0.0008418472625039773,0.4130434782608695,0.0,0.25,0.875,0.125,0.08888888888888889,1.0,2.099098847684996,0.5542307766327731,0.352,0.3333333333333333,0.3375,0.2907738095238095,3.0,3.25,1.0,1.0,1.0,0.2700615186808754,-0.49020338855851014,0.11996791828010375,1.2051266775010714,1.2980860525401756,-0.5631328569445074,-0.6389960327103709,1.0,1.0,1.0
M0248,388.0,1.0,0.0,0.0,84.0,55059.34,655.4683333333332,506.69500000000005,586.9881800657895,57.0,21.0,15.0,56.0,0.9523809523809523,0.03571428571428571,0.011904761904761904,1.0,477.91,0.008679907895735766,1.0,29.0,52352.6,0.6071428571428571,0.17857142857142858,0.023809523809523808,0.19047619047619047,1.4736842105263157,4.0,5.6,1.5,983.2025,-0.02891860940080338,17.0,12.0,52.0,0.0,145,145,239,299,0.29107,0.28122605363984676,0.011359763945804752,0.021483586353956807,0.05442176870748298,0.047619047619047616,0.6904761904761905,0.023809523809523808,0.21428571428571427,0.6222222222222222,2.0,3.7648500690346083,0.8074185319277805,0.5333,0.4078703703703704,0.31257215007215006,0.3568074452003024,3.9761904761904763,5.011904761904762,0.8194524307774121,0.8666266250194791,0.925821849662564,0.42698600273813536,4.253197039721185,0.220458460984419,-0.7935557990695745,-0.3129319300323299,-0.22628775481766833,3.804930922048117,0.8,0.8095238095238095,0.9122807017543859
M0253,497.0,1.0,0.0,0.0,1.0,423.63,423.63,423.63,0.0,1.0,1.0,1.0,1.0,1.0,0.0,0.0,0.0,0.0,0.0,1.0,1.0,404.15,1.0,0.0,0.0,0.0,1.0,1.0,1.0,1.0,423.63,1.0,1.0,1.0,1.0,0.0,13,13,13,299,0.72527,0.6794871794871795,0.0010564265623368642,3.192679510874286e-05,1.0,0.0,0.0,1.0,0.0,0.011111111111111112,1.0,1.0,0.0,0.0705,0.5,0.14285714285714285,0.14285714285714285,2.0,7.0,1.0,1.0,1.0,0.0,-0.927095533268482,-0.7583361431628902,-0.8774119903819104,-0.48251277030311995,-0.5631328569445074,-1.0746751459219874,1.0,1.0,1.0
M0258,274.0,1.0,0.0,0.0,11.0,15093.13,1372.1027272727272,1063.27,863.1155250496993,11.0,7.0,6.0,10.0,0.9090909090909091,0.09090909090909091,0.0,0.0,0.0,0.0,1.0,9.0,12365.38,0.2727272727272727,0.2727272727272727,0.09090909090909091,0.36363636363636365,1.0,1.5714285714285714,1.8333333333333333,1.1,1509.3129999999999,0.9659682005671311,5.0,6.0,11.0,1.0,62,62,72,299,0.36662,0.34584875727128506,0.0038524274862468243,0.004106851907042944,0.10312612288896875,0.0,0.8181818181818182,0.18181818181818182,0.2727272727272727,0.1111111111111111,1.8181818181818181,3.503554266079998,0.96720144369811,0.3524,0.30454545454545456,0.5346320346320347,0.32575757575757575,4.090909090909091,3.6363636363636362,1.0,0.577744974037857,1.0,0.431963350212949,-0.30296389796852213,-0.4955331623736051,-0.5343483161000547,-0.48251277030311995,0.29429103937835577,-0.2033169194987544,1.0,0.7142857142857143,1.0
M0259,211.0,1.0,0.0,0.0,12.0,13627.13,1135.5941666666665,1045.3400000000001,656.7606754429906,12.0,7.0,8.0,11.0,0.6666666666666666,0.08333333333333333,0.25,3.0,1851.53,0.1358708693613402,1.0,10.0,10765.3,0.5833333333333334,0.25,0.08333333333333333,0.08333333333333333,1.0,1.7142857142857142,1.5,1.0909090909090908,1238.83,-0.12031289656922795,6.0,7.0,10.0,0.0,55,55,72,299,0.36818,0.3447811447811448,0.0038303671178221235,0.0025912337993791667,0.15942028985507248,0.0,0.75,0.25,0.3333333333333333,0.12222222222222222,1.8333333333333335,2.015756802789729,0.5308227913683867,0.5584,0.49583333333333335,0.45634920634920634,0.3723214285714285,2.6666666666666665,3.25,0.6993372779154526,0.7681529419621006,0.7882290695106012,0.28366474552133164,-0.24055073443852618,-0.5217964412745283,-0.6198937339782618,3.078684875383471,0.2228390480181171,-0.11618109685643112,0.875,0.8571428571428571,0.8333333333333334
M0264,198.0,1.0,0.0,0.0,6.0,7259.87,1209.9783333333332,920.98,994.8505245998851,6.0,5.0,5.0,6.0,1.0,0.0,0.0,0.0,0.0,0.0,1.0,6.0,7035.75,0.5,0.16666666666666666,0.0,0.3333333333333333,1.0,1.2,1.2,1.0,1209.9783333333332,10.0,5.0,5.0,5.0,1.0,36,36,41,299,0.41291,0.37936507936507935,0.002382627589933098,0.0008550365846606217,0.13043478260869568,0.0,0.6666666666666666,0.16666666666666666,0.3333333333333333,0.06666666666666667,1.0,2.562731839550846,0.822205238881593,0.3836,0.3333333333333333,0.325,0.3958333333333333,3.0,3.3333333333333335,1.0,1.0,0.8076494482683574,0.3767140458437096,-0.6150297156185021,-0.6358654216392566,-0.592988895503425,-0.48251277030311995,-0.5631328569445074,-0.6389960327103709,1.0,1.0,0.8333333333333334
M0265,126.0,1.0,0.0,0.0,3.0,11081.960000000001,3693.986666666667,1767.48,3351.5840029206092,3.0,3.0,3.0,3.0,1.0,0.0,0.0,0.0,0.0,0.0,1.0,3.0,10840.15,0.6666666666666666,0.3333333333333333,0.0,0.0,1.0,1.0,1.0,1.0,3693.986666666667,1.1501544951405809,3.0,3.0,3.0,0.0,22,22,23,299,0.58893,0.5497835497835498,0.0014922204176090214,0.00010420482699233565,0.3043478260869565,0.0,0.3333333333333333,0.3333333333333333,0.3333333333333333,0.03333333333333333,1.0,2.0476657558771194,0.9073080943047827,0.3576,0.3611111111111111,0.4166666666666667,0.27499999999999997,3.0,2.6666666666666665,0.9999999999999999,0.9999999999999999,0.9999999999999999,0.3497347641270589,-0.8022692062084901,-0.5673929689418288,0.30547977025405176,-0.48251277030311995,-0.5631328569445074,-0.9004035006373408,1.0,1.0,1.0
M0267,224.0,1.0,0.0,0.0,19.0,32287.63,1699.348947368421,1067.0,1417.3700226314884,17.0,6.0,8.0,19.0,0.9473684210526315,0.05263157894736842,0.0,0.0,0.0,0.0,1.0,12.0,30091.63,0.47368421052631576,0.3157894736842105,0.05263157894736842,0.15789473684210525,1.1176470588235294,3.1666666666666665,2.375,1.0,1699.348947368421,0.22654730191480568,5.0,8.0,16.0,0.0,58,58,79,299,0.36411,0.34180278281911675,0.004047593979526347,0.002267752823226519,0.07503312055883415,0.0,0.631578947368421,0.15789473684210525,0.3684210526315789,0.2111111111111111,1.0,2.768589704478155,0.8340664963640342,0.3679,0.2495614035087719,0.3982456140350877,0.3482456140350877,4.947368421052632,2.8421052631578947,1.0,0.9639233353454559,0.9840712991322064,0.4357826983992185,0.19634141027144575,-0.1874949979384598,-0.41598298261946837,-0.48251277030311995,-0.06672954854706035,0.3194980163551854,1.0,0.8333333333333334,0.9411764705882353
M0268,358.0,1.0,0.0,0.0,12.0,16161.539999999999,1346.7949999999998,1136.485,1241.97473574436,12.0,5.0,6.0,10.0,0.75,0.25,0.0,0.0,0.0,0.0,1.0,7.0,12039.460000000001,0.5833333333333334,0.25,0.08333333333333333,0.08333333333333333,1.0,2.4,2.0,1.2,1616.154,4.977459255261738,4.0,4.0,11.0,0.0,53,53,62,299,0.40112,0.37808417997097243,0.0033129608032619867,0.0017831013858634632,0.10144927536231885,0.0,0.8333333333333334,0.3333333333333333,0.6666666666666666,0.1111111111111111,1.6666666666666667,2.823245804545854,0.7864557137424305,0.6115,0.3819444444444444,0.4152777777777778,0.3723214285714285,5.0,3.0833333333333335,0.9089034832076646,0.7894550890571072,0.9758451236701453,0.37350326763412556,-0.24055073443852618,-0.4763926781917938,-0.543502150107354,-0.48251277030311995,1.794782857943366,-0.11618109685643112,0.6666666666666666,0.8,0.9166666666666666
M0271,284.0,1.0,0.0,0.0,7.0,12179.97,1739.9957142857143,1110.87,1765.4928472606657,6.0,5.0,5.0,6.0,1.0,0.0,0.0,0.0,0.0,0.0,1.0,5.0,11986.869999999999,0.7142857142857143,0.0,0.0,0.2857142857142857,1.1666666666666667,1.4,1.4,1.1666666666666667,2029.995,-0.19664468482660796,5.0,3.0,6.0,0.0,31,31,34,299,0.44758,0.410752688172043,0.002032720916657806,0.0004922060912435785,0.14818101153504878,0.0,0.5714285714285714,0.42857142857142855,0.42857142857142855,0.06666666666666667,1.7142857142857142,2.6728686523858434,0.9064172169260298,0.2405,0.6071428571428571,0.33095238095238094,0.33095238095238094,2.2857142857142856,3.4285714285714284,0.8203895411893461,1.0,1.0,0.4251927549903071,-0.5526165520885061,-0.5477222030032185,-0.4012810003638255,-0.48251277030311995,-0.5631328569445074,-0.6389960327103709,0.6,1.0,1.0
M0273,198.0,1.0,0.0,0.0,19.0,16744.420000000002,881.2852631578949,775.77,361.1219316914136,18.0,10.0,8.0,16.0,0.9473684210526315,0.05263157894736842,0.0,0.0,0.0,0.0,1.0,15.0,15574.16,0.5263157894736842,0.3157894736842105,0.0,0.15789473684210525,1.0555555555555556,1.9,2.375,1.1875,1046.5262500000001,-0.24919488406330514,10.0,8.0,17.0,1.0,74,74,99,299,0.34486,0.32691595705294335,0.004968999505859344,0.0035322010103718596,0.10971937853787786,0.05263157894736842,0.7368421052631579,0.3157894736842105,0.2631578947368421,0.17777777777777778,1.6842105263157894,2.683860056066439,0.5777307546607984,0.3691,0.25269423558897247,0.3890977443609022,0.3443609022556391,4.7368421052631575,3.0,1.0,1.0,0.9207927178128592,0.28589404709149807,0.19634141027144575,-0.4659504271646655,-0.7118775563188093,-0.48251277030311995,-0.06672954854706035,0.40663383899750866,1.0,1.0,0.9444444444444444
M0274,193.0,1.0,0.0,0.0,30.0,251067.57,8368.919,7323.84,5392.923006624036,27.0,9.0,7.0,27.0,0.9333333333333333,0.03333333333333333,0.03333333333333333,1.0,5403.69,0.021522851398131586,1.0,18.0,242913.43,0.16666666666666666,0.5333333333333333,0.3,0.0,1.1111111111111112,3.3333333333333335,4.285714285714286,1.1111111111111112,9298.798888888889,0.4908678209145236,9.0,7.0,25.0,1.0,96,96,132,299,0.34987,0.3361842105263158,0.00650626047042994,0.007658064146864685,0.3182608695652173,0.0,0.2,0.7666666666666667,0.4,0.3,1.7999999999999998,3.26251598324706,0.7770660670358631,0.479,0.23055555555555554,0.36777777777777776,0.30007936507936506,4.833333333333333,3.0,1.0,1.0,0.9707005568261963,0.38915501394187846,0.8828862091014016,3.731931047182434,1.9964081619475118,-0.007686417544907808,-0.2487440949594576,1.1908562427784184,1.0,1.0,0.9259259259259259
M0280,192.0,1.0,0.0,0.0,5.0,8703.51,1740.702,1721.66,289.84279156121846,5.0,4.0,2.0,5.0,1.0,0.0,0.0,0.0,0.0,0.0,1.0,5.0,8404.810000000001,0.0,0.8,0.0,0.2,1.0,1.25,2.5,1.0,1740.702,-0.6623402371774774,4.0,1.0,4.0,1.0,34,34,38,299,0.51933,0.49019607843137253,0.0021987078494268876,0.0005356315228860054,0.24869565217391307,0.0,1.0,0.2,0.4,0.05555555555555555,1.0,1.262128727375507,0.16650913916409496,0.7208,0.6,0.1676190476190476,0.5166666666666666,1.8,7.0,0.7930605008783812,1.0,0.8286829106877569,0.07906051696382745,-0.6774428791484981,-0.6100027204438073,-0.40102553601016677,-0.48251277030311995,-0.5631328569445074,-0.7261318553526942,0.5,1.0,0.8
M0283,307.0,1.0,0.0,0.0,3.0,15808.3,5269.433333333333,4145.71,3781.976928543236,3.0,2.0,3.0,3.0,0.6666666666666666,0.0,0.3333333333333333,1.0,2366.95,0.14972830728161787,1.0,3.0,15234.529999999999,0.6666666666666666,0.0,0.0,0.3333333333333333,1.0,1.5,1.0,1.0,5269.433333333333,-0.8403221038129702,2.0,3.0,3.0,1.0,19,19,24,299,0.53158,0.47953216374269003,0.0015515078161254946,0.00015677635228542264,0.3043478260869565,0.0,0.6666666666666666,0.3333333333333333,0.0,0.03333333333333333,1.0,1.8001783873028725,0.7177198551159649,0.1364,0.27777777777777773,0.38888888888888884,0.3,3.6666666666666665,3.3333333333333335,1.0000000000000002,1.0000000000000002,1.0000000000000002,0.30824524669523645,-0.8022692062084901,-0.48272094602191806,0.8753206381679666,4.265750757279001,-0.5631328569445074,-0.9004035006373408,1.0,1.0,1.0
M0285,316.0,1.0,0.0,0.0,8.0,80409.81,10051.22625,9186.36,4133.044470916039,8.0,7.0,5.0,8.0,1.0,0.0,0.0,0.0,0.0,0.0,1.0,8.0,77411.12,0.25,0.375,0.375,0.0,1.0,1.1428571428571428,1.6,1.0,10051.22625,-0.07738329359055325,5.0,5.0,8.0,0.0,49,49,61,299,0.43918,0.41581632653061223,0.0032298530952889716,0.0013128916694320246,0.15217391304347827,0.0,0.25,0.75,0.25,0.08888888888888889,1.0,1.5458402401398537,0.4111980337638942,0.435,0.234375,0.5011904761904762,0.2761904761904762,5.0,3.0,1.0,0.627369595824191,1.0,0.21705133055282347,-0.49020338855851014,0.67461020987902,2.6049006255268594,-0.48251277030311995,-0.5631328569445074,-0.4647243874257243,1.0,0.7142857142857143,1.0
M0287,256.0,1.0,0.0,0.0,7.0,9192.57,1313.2242857142858,1399.38,518.0812982810432,7.0,4.0,5.0,7.0,0.5714285714285714,0.42857142857142855,0.0,0.0,0.0,0.0,1.0,4.0,4218.48,0.7142857142857143,0.14285714285714285,0.0,0.14285714285714285,1.0,1.75,1.4,1.0,1313.2242857142858,0.29135436270049947,3.0,5.0,7.0,1.0,41,41,45,299,0.35308,0.3207317073170732,0.002615283284708473,0.001445958497016103,0.2759538598047914,0.0,0.42857142857142855,0.7142857142857143,0.14285714285714285,0.07777777777777778,1.0,1.7051161971026598,0.39451090260583305,0.3956,0.4095238095238095,0.4489795918367347,0.2585034013605442,2.7142857142857144,3.0,1.0,0.8477705364223498,1.0,0.19220025365202673,-0.5526165520885061,-0.6012412476066413,-0.5556447160029908,-0.48251277030311995,3.4790083685775612,-0.5518602100680476,1.0,0.75,1.0
M0291,684.0,1.0,0.0,0.0,12.0,26192.53,2182.710833333333,1955.295,1546.4549482986642,11.0,3.0,6.0,12.0,1.0,0.0,0.0,0.0,0.0,0.0,1.0,10.0,25351.95,0.4166666666666667,0.16666666666666666,0.3333333333333333,0.08333333333333333,1.0909090909090908,4.0,2.0,1.0,2182.710833333333,-0.16320896160853404,2.0,4.0,11.0,0.0,36,36,41,299,0.38889,0.353968253968254,0.00243888540977041,0.0013548225997614294,0.13043478260869568,0.08333333333333333,0.75,0.08333333333333333,0.25,0.13333333333333333,1.0,2.564613651296763,0.7085019805106255,0.4617,0.5416666666666666,0.6666666666666666,0.3,2.4166666666666665,1.8333333333333333,0.786362753044475,0.6918136583216665,1.0000000000000002,0.35160734122793946,-0.24055073443852618,-0.2966882525285121,-0.2411504335763913,-0.48251277030311995,-0.5631328569445074,-0.2033169194987544,0.6666666666666666,0.6666666666666666,1.0
M0293,242.0,1.0,0.0,0.0,11.0,19579.64,1779.9672727272728,1631.72,918.49184746617,11.0,6.0,7.0,11.0,0.9090909090909091,0.09090909090909091,0.0,0.0,0.0,0.0,1.0,10.0,17992.72,0.6363636363636364,0.18181818181818182,0.0,0.18181818181818182,1.0,1.8333333333333333,1.5714285714285714,1.0,1779.9672727272728,-0.06852616366532999,6.0,6.0,10.0,1.0,56,56,72,299,0.38596,0.36363636363636365,0.0037612952894669435,0.0020382646681916606,0.13762127200862379,0.0,0.9090909090909091,0.18181818181818182,0.2727272727272727,0.12222222222222222,1.0,2.138230324970224,0.5160161434085545,0.4137,0.3143939393939394,0.3022727272727273,0.3378787878787879,4.363636363636363,4.363636363636363,0.9415356972855475,1.0,0.9415356972855475,0.26794828245517616,-0.30296389796852213,-0.4151576757284614,-0.3868232417889815,-0.48251277030311995,0.29429103937835577,-0.2033169194987544,0.8571428571428571,1.0,0.9090909090909091
M0294,142.0,0.0,1.0,0.0,6.0,12395.72,2065.9533333333334,977.4449999999999,2661.415294354992,6.0,4.0,4.0,4.0,1.0,0.0,0.0,0.0,0.0,0.0,1.0,4.0,11993.69,0.5,0.16666666666666666,0.0,0.3333333333333333,1.0,1.5,1.5,1.5,3098.93,1.0,3.0,3.0,6.0,1.0,30,30,32,299,0.38495,0.3425287356321839,0.001966780923654955,0.0006575379643337817,0.18840579710144925,0.0,1.0,0.16666666666666666,0.16666666666666666,0.044444444444444446,2.0,2.8738725947343116,1.255304006792377,0.603,0.625,0.47222222222222215,0.24861111111111112,2.0,2.5,0.7799788959415024,0.9640843775109474,1.0,0.5024403584462012,-0.6150297156185021,-0.5438570581035772,-0.2833817553616154,-0.48251277030311995,-0.5631328569445074,-0.6389960327103709,0.75,0.75,1.0
M0298,380.0,1.0,0.0,0.0,3.0,10717.189999999999,3572.396666666666,3807.65,2265.6389451396117,3.0,2.0,2.0,3.0,1.0,0.0,0.0,0.0,0.0,0.0,1.0,3.0,10521.63,0.6666666666666666,0.3333333333333333,0.0,0.0,1.0,1.5,1.5,1.0,3572.396666666666,1.0,2.0,2.0,3.0,0.0,23,23,23,299,0.51449,0.47035573122529645,0.001620783120117826,0.0008119301460962695,0.3043478260869565,0.0,0.6666666666666666,0.3333333333333333,0.3333333333333333,0.03333333333333333,1.0,1.598711042726685,0.6342069922637218,0.1226,0.4444444444444444,0.16363636363636366,0.39999999999999997,2.3333333333333335,7.0,1.0,1.0,1.0,0.28072781515792833,-0.8022692062084901,-0.5739277958481656,0.2615005276712159,-0.48251277030311995,-0.5631328569445074,-0.9004035006373408,1.0,1.0,1.0
M0304,272.0,1.0,0.0,0.0,23.0,16359.38,711.2773913043478,548.77,519.6321005219802,19.0,8.0,10.0,21.0,0.9565217391304348,0.043478260869565216,0.0,0.0,0.0,0.0,1.0,15.0,13614.09,0.6086956521739131,0.08695652173913043,0.043478260869565216,0.2608695652173913,1.2105263157894737,2.875,2.3,1.0952380952380953,779.0180952380952,1.212571922314082,6.0,8.0,19.0,1.0,78,78,96,299,0.36027,0.3436563436563437,0.004820641408172919,0.004192196853793152,0.06895701487630476,0.0,0.6086956521739131,0.43478260869565216,0.34782608695652173,0.23333333333333334,1.826086956521739,3.336263965993821,0.8683278153435795,0.509,0.3581780538302277,0.6159420289855072,0.30010351966873705,4.043478260869565,2.0869565217391304,0.8975572423893815,0.6118275875980631,1.0,0.43268382100170305,0.4459940643914297,-0.4728483895848644,-0.7733695987338003,-0.48251277030311995,-0.1530605587031381,0.493769661639832,0.8,0.75,1.0
M0313,240.0,1.0,0.0,0.0,33.0,228586.45,6926.862121212122,5188.21,6672.347094847301,28.0,16.0,12.0,24.0,0.8787878787878788,0.09090909090909091,0.030303030303030304,1.0,3738.95,0.016356831299493033,1.0,19.0,193497.09,0.2727272727272727,0.42424242424242425,0.18181818181818182,0.12121212121212122,1.1785714285714286,2.0625,2.75,1.375,9524.435416666667,-0.6639792901007798,14.0,11.0,22.0,1.0,92,92,132,299,0.3359,0.32130912565695174,0.0064921615025890795,0.0069701484232237276,0.05521619355611454,0.0,0.8181818181818182,0.18181818181818182,0.15151515151515152,0.26666666666666666,5.090909090909091,5.330172107751793,1.214858172922415,0.3731,0.40757575757575754,0.32135642135642134,0.47676767676767673,2.727272727272727,3.8181818181818183,0.9837091831121222,0.8147748915125982,0.8216669885725947,0.49234931138744126,1.0701256996913897,3.3291834860875356,1.4748145334381058,-0.05085244961383617,0.29429103937835577,1.2779920654207417,0.9166666666666666,0.875,0.7857142857142857
M0319,235.0,1.0,0.0,0.0,20.0,33425.06,1671.253,1050.115,2268.4552380677123,17.0,4.0,8.0,17.0,1.0,0.0,0.0,0.0,0.0,0.0,1.0,14.0,32115.48,0.35,0.5,0.05,0.1,1.1764705882352942,5.0,2.5,1.1764705882352942,1966.1799999999998,-0.40973596668848866,3.0,8.0,14.0,1.0,58,58,72,299,0.36704,0.3448275862068966,0.0038365555243352867,0.002908703071651046,0.06608695652173915,0.0,0.85,0.3,0.25,0.18888888888888888,1.7,5.523232867794404,1.2160893278289957,0.5402,0.37916666666666665,0.7583333333333333,0.4471428571428572,2.9,1.55,1.0000000000000002,0.6412308609169288,0.7825990439508561,0.43727744111400535,0.25875457380144173,-0.16711802568724773,-0.42614531903619973,-0.48251277030311995,-0.5631328569445074,0.3194980163551854,1.0,0.75,0.8235294117647058
M0323,662.0,1.0,0.0,0.0,8.0,14680.630000000001,1835.0787500000001,1672.615,1033.1284951397104,8.0,6.0,6.0,6.0,1.0,0.0,0.0,0.0,0.0,0.0,1.0,5.0,14192.5,0.25,0.5,0.125,0.125,1.0,1.3333333333333333,1.3333333333333333,1.3333333333333333,2446.771666666667,-0.5849681486914892,5.0,6.0,7.0,1.0,52,52,59,299,0.3135,0.2865761689291101,0.0032814391809796316,0.00291823402032412,0.11956521739130435,0.0,0.75,0.5,0.125,0.06666666666666667,1.5,2.1186815552193603,0.6635012833101832,0.5356,0.3041666666666667,0.37202380952380953,0.3875,3.75,3.5,1.0,0.837075793068826,0.7599912265345559,0.3254318786046279,-0.49020338855851014,-0.5029230686127802,-0.3668893571925862,-0.48251277030311995,-0.5631328569445074,-0.4647243874257243,1.0,0.8333333333333334,0.875
M0326,286.0,1.0,0.0,0.0,24.0,68139.81,2839.15875,1963.445,2241.5680724425974,20.0,5.0,9.0,21.0,0.9583333333333334,0.041666666666666664,0.0,0.0,0.0,0.0,1.0,16.0,64291.05,0.08333333333333333,0.5833333333333334,0.16666666666666666,0.16666666666666666,1.2,4.8,2.6666666666666665,1.1428571428571428,3244.752857142857,0.9519132254658894,5.0,6.0,17.0,0.0,55,55,73,299,0.38896,0.36632996632996634,0.0038033332802441715,0.0020573795429132537,0.05434782608695652,0.08333333333333333,0.75,0.16666666666666666,0.2916666666666667,0.23333333333333334,2.625,5.819789928971037,1.2625587342458153,0.5072,0.5416666666666666,0.37916666666666665,0.39108796296296294,2.0,3.1666666666666665,0.9299447709055838,1.0,0.8205488098660682,0.5067482926787165,0.5084072279214257,0.4547940897464641,-0.0037124685292630006,-0.48251277030311995,-0.17014690446319516,0.5809054842821553,0.6666666666666666,1.0,0.85
M0330,216.0,1.0,0.0,0.0,42.0,72401.56999999999,1723.8469047619046,1382.93,1561.7989290409953,30.0,9.0,16.0,33.0,0.9285714285714286,0.0,0.07142857142857142,3.0,4443.9400000000005,0.06137905573042133,1.0,23.0,69835.12,0.40476190476190477,0.2619047619047619,0.11904761904761904,0.21428571428571427,1.4,4.666666666666667,2.625,1.2727272727272727,2193.9869696969695,-0.31955069845060835,9.0,12.0,27.0,1.0,96,96,139,299,0.32882,0.31469298245614036,0.006799401233911023,0.007537833278854488,0.039337474120082795,0.0,0.7619047619047619,0.16666666666666666,0.40476190476190477,0.36666666666666664,1.5714285714285714,5.139187313203291,0.9646299035068309,0.5692,0.4941893424036281,0.33395691609977324,0.37074829931972786,3.1904761904761907,3.5,0.7211484502338832,1.0,0.941933717735679,0.41160556450514774,1.6318441714613536,0.5311431971740208,-0.40712204330709084,0.5349722713216203,-0.5631328569445074,1.4522637107053882,0.75,1.0,0.9
M0345,316.0,1.0,0.0,0.0,5.0,17138.0,3427.6,2934.66,1438.5527511530468,4.0,5.0,5.0,5.0,1.0,0.0,0.0,0.0,0.0,0.0,1.0,4.0,16779.91,0.4,0.0,0.4,0.2,1.25,1.0,1.0,1.0,3427.6,5.174884137636533,5.0,5.0,4.0,1.0,44,44,48,299,0.38485,0.3562367864693446,0.002705485533969945,0.0013371651820378555,0.16521739130434787,0.0,0.8,0.2,0.6,0.05555555555555555,1.0,1.6964639981328045,0.41969679984626185,0.4826,0.29,0.22333333333333333,0.29,3.6,5.4,1.0,1.0,1.0,0.192394678492217,-0.6774428791484981,-0.45889947129166053,0.20912740711426808,-0.48251277030311995,-0.5631328569445074,-0.8132676779950175,1.0,1.0,1.0
M0346,377.0,1.0,0.0,0.0,6.0,18518.13,3086.355,2744.6850000000004,1687.286655796815,6.0,5.0,5.0,6.0,1.0,0.0,0.0,0.0,0.0,0.0,1.0,6.0,17914.18,0.3333333333333333,0.3333333333333333,0.3333333333333333,0.0,1.0,1.2,1.2,1.0,3086.355,0.591876753052621,5.0,4.0,5.0,0.0,28,28,33,299,0.4064,0.36243386243386244,0.0020067563263855732,0.0005064633912450841,0.13043478260869568,0.0,0.6666666666666666,0.5,0.3333333333333333,0.06666666666666667,1.0,1.9064819179906394,0.546692346083589,0.2845,0.47222222222222227,0.24206349206349206,0.4583333333333333,2.6666666666666665,4.666666666666667,0.8328346328705977,1.0,0.8863940365468868,0.2747745947709736,-0.6150297156185021,-0.43417454693318097,0.08569869887198092,-0.48251277030311995,-0.5631328569445074,-0.6389960327103709,0.8,1.0,0.8333333333333334
M0348,431.0,1.0,0.0,0.0,7.0,14902.13,2128.8757142857144,1691.12,1696.7295945323478,7.0,4.0,6.0,7.0,0.8571428571428571,0.14285714285714285,0.0,0.0,0.0,0.0,1.0,5.0,13646.61,0.42857142857142855,0.2857142857142857,0.0,0.2857142857142857,1.0,1.75,1.1666666666666667,1.0,2128.8757142857144,-0.10618464729235823,3.0,5.0,7.0,1.0,45,45,51,299,0.42029,0.3939393939393939,0.0027811531353213563,0.001040135962132551,0.10559006211180123,0.0,0.5714285714285714,0.42857142857142855,0.14285714285714285,0.07777777777777778,1.0,2.1779665054592865,0.7970073514139544,0.2746,0.36904761904761907,0.4333333333333333,0.2845238095238095,3.7142857142857144,4.0,0.8865182359837152,0.911287849455078,1.0,0.3935130653901352,-0.5526165520885061,-0.49895491289889593,-0.26062265793753164,-0.48251277030311995,0.7842475515628489,-0.5518602100680476,0.8333333333333334,0.75,1.0
M0354,889.0,1.0,0.0,0.0,17.0,135825.31,7989.724117647059,6765.28,3949.690896818792,16.0,4.0,11.0,17.0,0.8823529411764706,0.11764705882352941,0.0,0.0,0.0,0.0,1.0,13.0,123836.54000000001,0.058823529411764705,0.6470588235294118,0.17647058823529413,0.11764705882352941,1.0625,4.25,1.5454545454545454,1.0,7989.724117647059,0.8670032269939478,3.0,10.0,14.0,1.0,47,47,63,299,0.41667,0.391304347826087,0.0033330325542684433,0.001438885676809284,0.09011584173311271,0.0,0.35294117647058826,0.7647058823529411,0.29411764705882354,0.18888888888888888,1.0,2.226126927300957,0.4943463427097605,0.4902,0.38468720821661995,0.6911764705882353,0.4725490196078431,3.764705882352941,1.7058823529411764,0.8855341467654296,0.6391108549651017,0.8642743388548126,0.255510249330771,0.07151508321145378,1.6673746927808661,1.8592529376924767,-0.48251277030311995,0.5464745382968449,0.23236219371286207,0.9090909090909091,0.75,0.875
M0358,265.0,1.0,0.0,0.0,27.0,146942.61,5442.318888888888,4803.58,3300.687321123533,25.0,15.0,15.0,25.0,0.9259259259259259,0.037037037037037035,0.037037037037037035,1.0,3332.21,0.022676948503909115,1.0,18.0,139642.86,0.3333333333333333,0.4074074074074074,0.14814814814814814,0.1111111111111111,1.08,1.8,1.8,1.08,5877.7044,-0.09472487779110253,13.0,13.0,23.0,1.0,105,105,140,299,0.29865,0.28516483516483515,0.006903792623786291,0.01013924074097634,0.0610127035247808,0.0,0.5925925925925926,0.4444444444444444,0.2222222222222222,0.2777777777777778,1.8518518518518516,3.8250035166790624,0.7465998054572183,0.471,0.426058201058201,0.3509259259259259,0.34391534391534395,3.5185185185185186,3.6666666666666665,0.8933703437008504,0.9369262598506995,0.958804120874129,0.34343432990607603,0.6956467185114137,1.8665402797694286,0.9378535420814957,0.04507206609489352,-0.21381201029445207,1.0165845974937717,0.8666666666666667,0.8666666666666667,0.92
M0359,172.0,1.0,0.0,0.0,51.0,55153.77,1081.4464705882353,620.56,1809.7675649340424,42.0,9.0,14.0,40.0,0.9803921568627451,0.0196078431372549,0.0,0.0,0.0,0.0,1.0,27.0,52210.44,0.6274509803921569,0.1568627450980392,0.0392156862745098,0.17647058823529413,1.2142857142857142,5.666666666666667,3.642857142857143,1.275,1378.8442499999999,-0.005506451013307061,9.0,13.0,38.0,0.0,124,124,190,299,0.30181,0.2904537109887228,0.009213066859741171,0.01554398680905265,0.07005666716814603,0.0,0.45098039215686275,0.6470588235294118,0.1568627450980392,0.4444444444444444,2.3529411764705883,10.006220789621452,1.5768538039618984,0.5611,0.40697167755991287,0.1962121212121212,0.3513772175536881,3.843137254901961,6.784313725490196,0.6646018939412484,1.0,0.9728083864439367,0.5332540685795345,2.1935626432313176,0.22215016727815312,-0.639479017810279,-0.48251277030311995,-0.3781982910709487,2.4978935824132678,0.9285714285714286,1.0,0.9047619047619048
M0363,167.0,1.0,0.0,0.0,27.0,43969.71,1628.5077777777778,885.99,2842.3658257072957,23.0,8.0,9.0,26.0,0.8888888888888888,0.07407407407407407,0.037037037037037035,1.0,9847.42,0.22395917553242903,1.0,21.0,40124.27,0.5555555555555556,0.2962962962962963,0.07407407407407407,0.07407407407407407,1.173913043478261,3.375,3.0,1.0384615384615385,1691.1426923076922,-0.49833764163344507,7.0,7.0,19.0,0.0,72,72,89,299,0.35731,0.3392018779342723,0.0045275929351436895,0.0038372511869532544,0.0610127035247808,0.0,0.7037037037037037,0.25925925925925924,0.4074074074074074,0.28888888888888886,1.9259259259259258,9.312040948189106,1.7512533595423767,0.8154,0.48271604938271606,0.27839506172839507,0.4738536155202822,2.6666666666666665,4.037037037037037,0.4414200139141241,0.9960152113807437,0.8118397869806283,0.5435766943967656,0.6956467185114137,0.02178857994891819,-0.44160631498461916,0.04507206609489352,0.13550883635560326,0.8423129522091252,0.7777777777777778,0.875,0.8260869565217391
M0364,94.0,1.0,0.0,0.0,62.0,81936.95999999999,1321.5638709677419,1213.46,923.2565211914156,40.0,11.0,18.0,48.0,0.9354838709677419,0.03225806451612903,0.03225806451612903,2.0,2173.22,0.0265230733480959,1.0,26.0,77940.95,0.43548387096774194,0.25806451612903225,0.0967741935483871,0.20967741935483872,1.55,5.636363636363637,3.4444444444444446,1.2916666666666667,1707.0199999999998,-0.19898661213164015,11.0,15.0,39.0,1.0,102,102,167,299,0.328,0.3146961754999029,0.008095362845138456,0.009737996322267564,0.0585893317649188,0.0,0.8225806451612904,0.16129032258064516,0.2903225806451613,0.5333333333333333,2.32258064516129,3.555529519279212,0.6993962197834672,0.5086,0.41003584229390677,0.3365591397849462,0.3505568356374808,3.2903225806451615,3.3225806451612905,0.9448144036586177,1.0000000000000002,0.9694011103170049,0.3635422077330336,2.8801074420612736,0.7019689863957627,-0.5526282784431422,-0.023003396666140465,-0.25888566792671724,2.323621937128621,0.8333333333333334,1.0,0.975
M0367,630.0,1.0,0.0,0.0,20.0,147727.91,7386.3955000000005,3498.98,9581.813173836137,16.0,8.0,9.0,19.0,1.0,0.0,0.0,0.0,0.0,0.0,1.0,17.0,143026.61,0.55,0.1,0.25,0.1,1.25,2.5,2.2222222222222223,1.0526315789473684,7775.153157894737,-0.3795015731331974,8.0,7.0,16.0,1.0,74,74,97,299,0.3845,0.3676416142169567,0.004883246292366405,0.003914512638136901,0.04521739130434785,0.0,0.75,0.3,0.25,0.2111111111111111,1.9000000000000001,4.671693182418948,1.249061509528548,0.5218,0.42041666666666666,0.22488095238095238,0.26083333333333336,3.0,5.05,0.7251650009805187,1.0,1.0,0.5348912847880072,0.25875457380144173,1.8806088697563967,1.6410282840806105,-0.48251277030311995,-0.5631328569445074,0.23236219371286207,0.7777777777777778,1.0,1.0
M0370,186.0,1.0,0.0,0.0,60.0,142416.35,2373.6058333333335,1679.77,2172.0898335117395,44.0,17.0,10.0,44.0,0.9,0.06666666666666667,0.03333333333333333,2.0,758.73,0.005327548417018131,1.0,24.0,133863.33,0.5,0.3,0.13333333333333333,0.06666666666666667,1.3636363636363635,3.5294117647058822,6.0,1.3636363636363635,3236.7352272727276,0.038885996980962685,17.0,9.0,40.0,1.0,114,114,169,299,0.29764,0.2852041608445893,0.008177766692123027,0.012652502377780003,0.03826086956521741,0.016666666666666666,0.8166666666666667,0.13333333333333333,0.16666666666666666,0.4888888888888889,2.2,4.175426487197572,0.9664257214881558,0.4155,0.35277777777777775,0.3665277777777778,0.3834920634920635,2.933333333333333,3.3,0.9930807101853122,1.0,0.9570808407882945,0.4853044532010283,2.7552811150012815,1.785452674886692,-0.17210349293283178,-0.007686417544907808,0.06564466702559223,2.6721652276979144,0.9,1.0,0.9090909090909091
M0371,414.0,1.0,0.0,0.0,7.0,27817.28,3973.8971428571426,2394.12,4245.300624960554,7.0,5.0,3.0,7.0,1.0,0.0,0.0,0.0,0.0,0.0,1.0,7.0,26740.870000000003,0.2857142857142857,0.14285714285714285,0.5714285714285714,0.0,1.0,1.4,2.3333333333333335,1.0,3973.8971428571426,-0.4288123664896507,4.0,3.0,6.0,1.0,36,36,45,299,0.46246,0.43174603174603177,0.0025376631465169695,0.0008893092343260981,0.19077196095829632,0.0,0.5714285714285714,0.42857142857142855,0.5714285714285714,0.07777777777777778,1.0,3.247852054550265,1.0682965543260836,0.3671,0.29761904761904756,0.42857142857142855,0.4108843537414966,3.5714285714285716,3.2857142857142856,1.0,0.9135835710752453,0.9139340726339887,0.45991617954223,-0.5526165520885061,-0.2675809794082701,0.4067237108236539,-0.48251277030311995,-0.5631328569445074,-0.5518602100680476,1.0,0.8,0.8571428571428571
M0372,118.0,1.0,0.0,0.0,16.0,26563.41,1660.213125,1530.94,1031.551762712977,16.0,3.0,5.0,13.0,0.9375,0.0625,0.0,0.0,0.0,0.0,1.0,10.0,24367.97,0.25,0.4375,0.0,0.3125,1.0,5.333333333333333,3.2,1.2307692307692308,2043.3392307692307,1.5772504763892723,3.0,5.0,14.0,0.0,50,50,59,299,0.36078,0.3346938775510204,0.0032407038979486032,0.0023350802284409344,0.08695652173913045,0.0,0.6875,0.25,0.3125,0.14444444444444443,2.4375,2.5261639977698644,0.7578257264539993,0.5375,0.35119047619047616,0.3958333333333333,0.3723958333333333,3.25,2.625,0.9999999999999999,0.9999999999999999,0.7664347310830952,0.3775219081725177,0.009101919681457786,-0.29004396543521443,-0.43013845449725063,-0.48251277030311995,0.026346071777461004,0.23236219371286207,1.0,1.0,0.875
M0375,415.0,0.0,1.0,0.0,10.0,11754.93,1175.493,682.525,1024.3669510163065,8.0,6.0,6.0,9.0,0.8,0.0,0.2,2.0,1969.78,0.16757054274249186,1.0,8.0,11492.12,0.3,0.4,0.2,0.1,1.25,1.6666666666666667,1.6666666666666667,1.1111111111111112,1306.1033333333335,-0.0521651667724409,3.0,6.0,7.0,1.0,41,41,49,299,0.49245,0.46707317073170734,0.0026426918950826963,0.0005959079090393594,0.10260869565217397,0.0,0.9,0.0,0.5,0.1,1.7999999999999998,2.4894125273395926,0.8119316760920536,0.3844,0.3119047619047619,0.6583333333333333,0.41261904761904766,3.8,2.1,0.9999999999999999,0.5175062718365826,0.8990908495414263,0.4160835779824186,-0.3653770614985181,-0.5553367623920645,-0.6054622801585496,2.366445346246153,-0.5631328569445074,-0.4647243874257243,1.0,0.5,0.875
M0377,131.0,1.0,0.0,0.0,1.0,946.46,946.46,946.46,0.0,1.0,1.0,1.0,1.0,1.0,0.0,0.0,0.0,0.0,0.0,1.0,1.0,925.05,0.0,0.0,1.0,0.0,1.0,1.0,1.0,1.0,946.46,-1.0,1.0,1.0,1.0,0.0,13,13,14,299,0.59341,0.5256410256410257,0.0011605784943513084,8.54134585794788e-05,1.0,0.0,0.0,0.0,0.0,0.011111111111111112,1.0,1.0,0.0,0.1134,0.14285714285714285,0.2,0.2,7.0,5.0,1.0,1.0,1.0,0.0,-0.927095533268482,-0.7489696833349437,-0.6883037791837537,-0.48251277030311995,-0.5631328569445074,-1.0746751459219874,1.0,1.0,1.0
M0378,193.0,0.0,1.0,0.0,16.0,9231.52,576.97,523.44,440.8746392796936,16.0,7.0,6.0,16.0,0.875,0.125,0.0,0.0,0.0,0.0,1.0,14.0,8198.18,0.8125,0.0625,0.0625,0.0625,1.0,2.2857142857142856,2.6666666666666665,1.0,576.97,-0.2992652856690175,6.0,5.0,15.0,0.0,54,54,68,299,0.39057,0.36757512229210343,0.0036827923146086033,0.003411567285269881,0.09510869565217392,0.0625,0.75,0.0625,0.25,0.17777777777777778,1.0,3.539820094632303,0.7641205596126204,0.3847,0.3125,0.49479166666666663,0.33616071428571426,4.5,2.5,0.9489282371700436,0.899336187323431,0.9730001126575039,0.3207628592040963,0.009101919681457786,-0.6005434613084208,-0.8219487363507239,-0.48251277030311995,0.6158250004994295,0.23236219371286207,0.8333333333333334,0.8571428571428571,0.9375
M0382,711.0,1.0,0.0,0.0,71.0,124103.97,1747.9432394366197,1405.55,1348.5530632780078,53.0,18.0,12.0,46.0,0.9577464788732394,0.04225352112676056,0.0,0.0,0.0,0.0,1.0,26.0,116306.43,0.39436619718309857,0.323943661971831,0.16901408450704225,0.11267605633802817,1.3396226415094339,3.9444444444444446,5.916666666666667,1.5434782608695652,2697.9123913043477,-0.033937649776761634,17.0,10.0,50.0,1.0,115,115,192,299,0.30015,0.28787185354691075,0.009082592554668036,0.011370913762643852,0.03249010289538826,0.056338028169014086,0.676056338028169,0.29577464788732394,0.2535211267605634,0.5111111111111111,2.591549295774648,2.8235831617634797,0.7893130151556119,0.469,0.45,0.2650234741784038,0.35145875251509057,2.380281690140845,4.154929577464789,0.9919630290634538,0.971758921169081,0.9218535877619388,0.4239635262202357,3.441825913831237,1.4573877749687607,-0.39840637139314655,-0.48251277030311995,-0.1646118910479654,3.4563876314788238,0.8333333333333334,0.9444444444444444,0.9433962264150944
M0383,350.0,1.0,0.0,0.0,16.0,74156.86,4634.80375,3806.205,4097.835384485936,11.0,8.0,8.0,15.0,1.0,0.0,0.0,0.0,0.0,0.0,1.0,12.0,72701.12,0.25,0.3125,0.4375,0.0,1.4545454545454546,2.0,2.0,1.0666666666666667,4943.790666666667,-0.47687216481039585,7.0,7.0,11.0,1.0,53,53,64,299,0.35849,0.33381712626995647,0.0034275564061671078,0.002169922384342096,0.08695652173913045,0.0,0.625,0.375,0.3125,0.16666666666666666,1.875,3.0144399317878348,0.8489372744892365,0.3507,0.340625,0.3995535714285714,0.39285714285714285,3.5,3.0625,0.9585849508730547,0.9684846418793892,1.0,0.4170979371744308,0.009101919681457786,0.5625890845014434,0.6457743893345058,-0.48251277030311995,-0.5631328569445074,-0.2033169194987544,0.875,0.875,1.0
M0392,686.0,1.0,0.0,0.0,12.0,11520.19,960.0158333333334,794.48,660.9466163350086,11.0,4.0,7.0,10.0,0.8333333333333334,0.16666666666666666,0.0,0.0,0.0,0.0,1.0,6.0,9860.07,0.5,0.25,0.08333333333333333,0.16666666666666666,1.0909090909090908,3.0,1.7142857142857142,1.2,1152.019,10.0,4.0,5.0,9.0,0.0,34,34,38,299,0.44538,0.4117647058823529,0.0021837500011256737,0.0005123226058934509,0.07246376811594206,0.0,0.5833333333333334,0.25,0.25,0.1111111111111111,1.6666666666666667,2.3624523553865,0.6154126132705174,0.3693,0.5125000000000001,0.3333333333333333,0.45416666666666666,2.5,3.1666666666666665,0.9165916534362714,1.0,0.8146488903394824,0.31309735342903955,-0.24055073443852618,-0.5595421117025712,-0.6834006187052674,-0.48251277030311995,1.0088109529807416,-0.2033169194987544,0.7142857142857143,1.0,0.8181818181818182
M0393,366.0,1.0,0.0,0.0,5.0,41133.03,8226.606,6627.01,4955.358321012721,5.0,2.0,4.0,4.0,1.0,0.0,0.0,0.0,0.0,0.0,1.0,4.0,40220.850000000006,0.0,0.6,0.2,0.2,1.0,2.5,1.25,1.25,10283.2575,-1.0,1.0,4.0,4.0,0.0,20,20,20,299,0.45714,0.4,0.0014049330526641197,0.00017331636210989236,0.24869565217391307,0.0,0.4,0.8,0.6,0.044444444444444446,1.6,1.6874691701535238,0.5839472797342145,0.5402,0.2733333333333333,0.8666666666666666,0.5166666666666667,3.8,1.4,1.0,0.3395864588628652,0.6841251422518594,0.2792316175102904,-0.6774428791484981,-0.029030327276641607,1.9449333864750957,-0.48251277030311995,-0.5631328569445074,-0.7261318553526942,1.0,0.5,0.8
M0400,281.0,1.0,0.0,0.0,21.0,20057.03,955.0966666666666,660.1,665.8220911800189,19.0,9.0,6.0,14.0,1.0,0.0,0.0,0.0,0.0,0.0,1.0,10.0,19439.44,0.7142857142857143,0.14285714285714285,0.0,0.14285714285714285,1.105263157894737,2.3333333333333335,3.5,1.5,1432.645,-0.846033732333388,6.0,6.0,17.0,0.0,62,62,73,299,0.39683,0.3770491803278688,0.0037568428566327407,0.0024992922777999464,0.12925170068027209,0.0,0.3333333333333333,0.7619047619047619,0.38095238095238093,0.15555555555555556,2.0,2.5662254082483797,0.7875697344074929,0.5014,0.3630952380952381,0.7138888888888889,0.42182539682539677,3.238095238095238,2.0,1.0,0.4480284468837112,0.7815115199010024,0.4213449990209908,0.3211677373314377,-0.40660527005689817,-0.6851798869357035,-0.48251277030311995,-0.5631328569445074,0.493769661639832,1.0,0.6666666666666666,0.8947368421052632
M0401,483.0,1.0,0.0,0.0,44.0,63715.979999999996,1448.0904545454543,1033.775,1466.883584499536,38.0,16.0,8.0,37.0,0.7272727272727273,0.11363636363636363,0.1590909090909091,7.0,9928.48,0.15582401777387714,1.0,21.0,57654.07,0.5,0.20454545454545456,0.045454545454545456,0.25,1.1578947368421053,2.75,5.5,1.1891891891891893,1722.0535135135135,1.2988044962249294,15.0,8.0,33.0,1.0,107,107,157,299,0.33801,0.3255157820490213,0.007515908837773299,0.009201607671781003,0.03629177146963708,0.022727272727272728,0.7272727272727273,0.29545454545454547,0.3181818181818182,0.4111111111111111,2.5227272727272725,5.368259422518496,1.0093956467089835,0.6009,0.35627705627705625,0.3543290043290043,0.4085768398268398,3.2045454545454546,4.0,1.0,0.9431699865559631,0.8751504724560465,0.4521811207054042,1.7566704985213455,0.37554151055119067,-0.5068634679131511,1.7837039133156198,0.5086470134590715,2.1493502918439744,1.0,0.9375,0.868421052631579
M0412,478.0,1.0,0.0,0.0,11.0,20220.82,1838.2563636363636,1223.94,1715.7560319362,9.0,5.0,4.0,10.0,0.8181818181818182,0.18181818181818182,0.0,0.0,0.0,0.0,1.0,8.0,16782.18,0.0,0.5454545454545454,0.18181818181818182,0.2727272727272727,1.2222222222222223,2.2,2.75,1.1,2022.0819999999999,0.27287308957701767,5.0,3.0,7.0,1.0,32,32,40,299,0.47727,0.4435483870967742,0.0022784328028514263,0.00045917584639017315,0.10312612288896875,0.0,0.6363636363636364,0.2727272727272727,0.18181818181818182,0.1111111111111111,1.8181818181818181,3.2836205455565106,0.8452292532908975,0.4575,0.41666666666666663,0.3939393939393939,0.4053030303030303,2.909090909090909,2.6363636363636362,0.9005732705201865,1.0000000000000002,0.814381414799202,0.3475947068417429,-0.30296389796852213,-0.40367098461952966,-0.36574001069247797,-0.48251277030311995,1.1517149357012189,-0.377588564783401,0.75,1.0,0.7777777777777778
M0413,373.0,0.0,1.0,0.0,11.0,16711.19,1519.1990909090907,709.65,1770.8561171899569,11.0,6.0,4.0,11.0,1.0,0.0,0.0,0.0,0.0,0.0,1.0,9.0,16167.279999999999,0.6363636363636364,0.18181818181818182,0.09090909090909091,0.09090909090909091,1.0,1.8333333333333333,2.75,1.0,1519.1990909090907,-0.6862117084714049,6.0,4.0,8.0,1.0,42,42,48,299,0.40864,0.3797909407665505,0.002700478738131584,0.0012776874408859584,0.12037369744879627,0.0,0.9090909090909091,0.18181818181818182,0.2727272727272727,0.12222222222222222,1.0,4.051253082515368,1.1656511169515469,0.4023,0.38636363636363635,0.3106060606060606,0.4946969696969697,2.727272727272727,3.3636363636363638,1.0000000000000002,1.0000000000000002,0.39283139022415525,0.4949582775482397,-0.30296389796852213,-0.4665457400963693,-0.48114339250916227,-0.48251277030311995,-0.5631328569445074,-0.2033169194987544,1.0,1.0,0.7272727272727273
M0415,367.0,0.0,1.0,0.0,5.0,4497.4,899.4799999999999,1202.64,557.5642489884013,5.0,4.0,4.0,5.0,0.8,0.0,0.2,1.0,59.22,0.01316760795126073,1.0,5.0,4413.63,0.2,0.4,0.2,0.2,1.0,1.25,1.25,1.0,899.4799999999999,-0.5643373140141031,4.0,4.0,3.0,0.0,30,30,32,299,0.46237,0.42528735632183906,0.0019473503481745617,0.0005094894293913132,0.16521739130434787,0.2,0.6,0.4,0.4,0.05555555555555555,1.0,1.5075710410459378,0.6198739816209381,0.2615,0.21904761904761902,0.32333333333333336,0.6166666666666666,5.4,3.4,1.0000000000000002,1.0000000000000002,0.8561702316894206,0.29209498821528346,-0.6774428791484981,-0.6853548623387336,-0.7052964991158337,2.366445346246153,-0.5631328569445074,-0.7261318553526942,1.0,1.0,0.6
M0418,79.0,1.0,0.0,0.0,22.0,106281.61,4830.982272727273,3367.575,5020.974733871931,18.0,12.0,9.0,17.0,0.8181818181818182,0.13636363636363635,0.045454545454545456,1.0,1714.02,0.016127155017693087,1.0,14.0,94991.36,0.45454545454545453,0.09090909090909091,0.3181818181818182,0.13636363636363635,1.2222222222222223,1.8333333333333333,2.4444444444444446,1.2941176470588236,6251.859411764706,-0.6206990126103941,8.0,9.0,18.0,1.0,74,74,100,299,0.37369,0.3565346168085894,0.004900295999435219,0.002796673894111521,0.05569529284944304,0.0,0.6818181818181818,0.4090909090909091,0.36363636363636365,0.18888888888888888,2.318181818181818,4.838245393535156,1.0950772484902471,0.391,0.36742424242424243,0.5590909090909091,0.2773268398268398,3.4545454545454546,2.772727272727273,1.0000000000000002,0.45601981377587325,1.0000000000000002,0.4265780649108675,0.3835809008614337,1.1381015462152433,0.716732386213896,0.16497771073080572,0.7230029875397872,0.40663383899750866,1.0,0.6666666666666666,1.0
M0419,526.0,0.0,0.0,1.0,19.0,120125.09,6322.373157894736,4119.84,6153.743572426329,13.0,8.0,8.0,18.0,0.8421052631578947,0.05263157894736842,0.10526315789473684,2.0,3574.63,0.029757563553126164,1.0,12.0,113729.36,0.2631578947368421,0.47368421052631576,0.21052631578947367,0.05263157894736842,1.4615384615384615,2.375,2.375,1.0555555555555556,6673.6161111111105,-0.8202326632030721,8.0,8.0,10.0,0.0,55,55,68,299,0.38117,0.35824915824915826,0.0035542201245592486,0.0017987176051956564,0.092376249548356,0.05263157894736842,0.8421052631578947,0.10526315789473684,0.3157894736842105,0.2,1.894736842105263,4.080051885913259,0.9473219040490255,0.4332,0.331140350877193,0.293859649122807,0.4473684210526316,3.736842105263158,4.157894736842105,1.0,1.0,0.8914372509523198,0.4103632259042988,0.19634141027144575,1.3861064413034776,1.2561701814652293,1.016938869985971,-0.06672954854706035,-0.029045274214107818,1.0,1.0,0.7692307692307693
M0420,77.0,0.0,1.0,0.0,28.0,64348.079999999994,2298.145714285714,1537.9499999999998,2280.697734015605,21.0,10.0,11.0,25.0,1.0,0.0,0.0,0.0,0.0,0.0,1.0,19.0,62644.33,0.39285714285714285,0.35714285714285715,0.10714285714285714,0.14285714285714285,1.3333333333333333,2.8,2.5454545454545454,1.12,2573.9231999999997,-0.3092643517129358,9.0,10.0,18.0,1.0,81,81,98,299,0.33243,0.31574074074074077,0.004961279704445895,0.005102431429755609,0.04968944099378884,0.03571428571428571,0.6785714285714286,0.21428571428571427,0.39285714285714285,0.2777777777777778,1.7857142857142856,4.056379770771715,0.9925069577818396,0.4006,0.2515873015873016,0.34523809523809523,0.40119047619047615,5.214285714285714,3.5714285714285716,0.8377448091691315,0.9042339724821628,0.8376096069999293,0.48271055795293044,0.7580598820414096,0.38686553414823943,-0.19939750461903055,-0.48251277030311995,-0.5631328569445074,0.6680413069244786,0.9090909090909091,0.9,0.8571428571428571
M0421,460.0,0.0,0.0,1.0,4.0,16195.720000000001,4048.9300000000003,3901.51,2290.8616903543816,4.0,3.0,4.0,4.0,1.0,0.0,0.0,0.0,0.0,0.0,1.0,4.0,15781.97,0.0,0.5,0.5,0.0,1.0,1.3333333333333333,1.0,1.0,4048.9300000000003,7.544523413834966,3.0,2.0,4.0,0.0,23,23,24,299,0.43116,0.3794466403162055,0.0015848640566203318,0.00024937131184464805,0.21739130434782608,0.0,0.5,0.0,0.25,0.044444444444444446,1.0,1.6537307387383828,0.5657943432843693,0.4678,0.6666666666666666,0.3125,0.30833333333333335,2.5,3.25,0.48179519033423646,1.0,1.0,0.27031555250395317,-0.739856042678494,-0.4757803460820847,0.43386318138841234,-0.48251277030311995,-0.5631328569445074,-0.8132676779950175,0.5,1.0,1.0
M0426,245.0,1.0,0.0,0.0,3.0,8761.69,2920.5633333333335,2788.12,493.343651052016,3.0,3.0,2.0,2.0,1.0,0.0,0.0,0.0,0.0,0.0,1.0,2.0,8397.94,1.0,0.0,0.0,0.0,1.0,1.0,1.5,1.5,4380.845,1.0,3.0,2.0,3.0,0.0,20,20,22,299,0.49524,0.4421052631578947,0.0014715916212661583,0.00017795209469872623,0.3043478260869565,0.0,1.0,0.3333333333333333,0.3333333333333333,0.022222222222222223,1.3333333333333333,1.2086891912405027,0.29513108457299136,0.2269,0.2333333333333333,0.3611111111111111,0.3253968253968254,4.333333333333333,3.0,1.0,1.0,1.0,0.10434459562019177,-0.8022692062084901,-0.6089604301529098,0.025731662713202,-0.48251277030311995,-0.5631328569445074,-0.9004035006373408,1.0,1.0,1.0
M0436,238.0,1.0,0.0,0.0,2.0,23178.07,11589.035,11589.035,10260.239603169604,2.0,2.0,2.0,2.0,1.0,0.0,0.0,0.0,0.0,0.0,1.0,2.0,22145.57,0.0,1.0,0.0,0.0,1.0,1.0,1.0,1.0,11589.035,-1.0,2.0,2.0,2.0,0.0,17,17,19,299,0.51634,0.45588235294117646,0.0013903411713660839,0.00021385432483705691,0.47826086956521735,0.0,0.0,0.5,0.5,0.022222222222222223,1.0,1.6260301224390123,0.8853402896073406,0.2104,0.29166666666666663,0.3214285714285714,0.225,3.5,4.5,1.0,1.0,1.0,0.3130150612194387,-0.864682369738486,-0.3506920749812248,3.161127815774882,-0.48251277030311995,-0.5631328569445074,-0.9875393232796641,1.0,1.0,1.0
M0437,510.0,0.0,0.0,1.0,17.0,23655.09,1391.4758823529412,1114.58,1126.238695010181,15.0,7.0,8.0,15.0,0.9411764705882353,0.0,0.058823529411764705,1.0,1088.91,0.04603279886062577,1.0,14.0,22858.48,0.5294117647058824,0.23529411764705882,0.0,0.23529411764705882,1.1333333333333333,2.4285714285714284,2.125,1.1333333333333333,1577.006,-0.5938196065563245,6.0,6.0,15.0,1.0,74,74,87,299,0.35423,0.3365420214735283,0.004545063763265774,0.004862758912888267,0.0540093275161727,0.11764705882352941,0.5882352941176471,0.23529411764705882,0.058823529411764705,0.16666666666666666,1.7647058823529411,3.0605463771222174,0.8732476779635361,0.325,0.4735294117647059,0.4313725490196078,0.2500700280112045,3.4705882352941178,2.7058823529411766,0.7812174884982472,0.9029760613889021,1.0000000000000002,0.4356540037119443,0.07151508321145378,-0.34214629783162154,-0.5273410236675552,0.3554160875054897,-0.5631328569445074,0.1452263710705388,0.75,0.8571428571428571,1.0
M0445,322.0,1.0,0.0,0.0,8.0,17521.52,2190.19,1726.045,2206.761811446161,8.0,5.0,5.0,8.0,0.875,0.125,0.0,0.0,0.0,0.0,1.0,7.0,9838.59,0.625,0.25,0.0,0.125,1.0,1.6,1.6,1.0,2190.19,-0.7532450529042174,5.0,3.0,7.0,0.0,42,42,47,299,0.40864,0.3797909407665505,0.002600566792742411,0.0008776746182158039,0.15217391304347827,0.125,0.75,0.25,0.375,0.08888888888888889,1.0,3.3752003250859515,1.0075663807460362,0.4771,0.49702380952380953,0.34375,0.38263888888888886,3.375,3.25,0.8303560421698574,1.0,0.8710962290942795,0.42542427825893336,-0.49020338855851014,-0.4520287395562703,-0.23844521040712735,-0.48251277030311995,0.6158250004994295,-0.4647243874257243,0.6,1.0,0.875
M0446,695.0,1.0,0.0,0.0,22.0,63701.880000000005,2895.5400000000004,1790.855,2951.69131210759,20.0,12.0,9.0,22.0,0.9545454545454546,0.0,0.045454545454545456,1.0,1714.81,0.026919299712975502,1.0,19.0,61522.85,0.2727272727272727,0.36363636363636365,0.3181818181818182,0.045454545454545456,1.1,1.8333333333333333,2.4444444444444446,1.0,2895.5400000000004,2.8975564451708977,11.0,8.0,16.0,0.0,68,68,87,299,0.40878,0.39113257243195787,0.004347089322469516,0.002404615285660869,0.11606180380883935,0.0,0.6818181818181818,0.3181818181818182,0.22727272727272727,0.24444444444444444,1.0,4.473611139891005,1.019392345506396,0.3969,0.4856060606060606,0.3424242424242424,0.4594696969696969,2.8181818181818183,3.4545454545454546,0.8861214143130468,0.9738758102586611,0.7044159450239145,0.47917700958960935,0.3835809008614337,0.3752889101197427,0.016680694320260068,0.16497771073080572,-0.5631328569445074,0.5809054842821553,0.8888888888888888,0.9166666666666666,0.8
M0447,254.0,1.0,0.0,0.0,7.0,14296.35,2042.3357142857144,2094.75,671.3403222871178,7.0,4.0,5.0,7.0,1.0,0.0,0.0,0.0,0.0,0.0,1.0,7.0,13812.14,0.2857142857142857,0.2857142857142857,0.2857142857142857,0.14285714285714285,1.0,1.75,1.4,1.0,2042.3357142857144,0.07901246417150559,4.0,5.0,6.0,1.0,46,46,47,299,0.34505,0.3159420289855073,0.0027077776334612494,0.001900780648286906,0.19077196095829632,0.0,0.8571428571428571,0.2857142857142857,0.2857142857142857,0.07777777777777778,1.0,1.6017591902828343,0.32871203181300307,0.3201,0.23809523809523808,0.2571428571428572,0.3976190476190476,4.857142857142857,4.285714285714286,0.9999999999999999,0.9999999999999999,0.891691235874891,0.16440639943560376,-0.5526165520885061,-0.5098074156905748,-0.2919242752836833,-0.48251277030311995,-0.5631328569445074,-0.5518602100680476,1.0,1.0,0.8571428571428571
M0454,251.0,0.0,0.0,1.0,12.0,45299.3,3774.941666666667,2639.875,3097.481841181884,11.0,8.0,7.0,12.0,0.75,0.08333333333333333,0.16666666666666666,2.0,6308.83,0.13926992249328354,1.0,11.0,41835.770000000004,0.16666666666666666,0.5833333333333334,0.16666666666666666,0.08333333333333333,1.0909090909090908,1.5,1.7142857142857142,1.0,3774.941666666667,-0.1969581058931325,8.0,7.0,10.0,1.0,64,64,85,299,0.41394,0.39533730158730157,0.004225591620823896,0.0021044976123262785,0.05797101449275364,0.16666666666666666,0.5833333333333334,0.25,0.5,0.13333333333333333,1.0,3.400595594192404,0.8205376704316093,0.6504,0.2625,0.2972222222222222,0.3905092592592592,4.166666666666667,3.9166666666666665,1.0,1.0,0.9587576408465474,0.34442610960139286,-0.24055073443852618,0.04560808403751198,0.33476128668873756,1.8916189934879406,0.2228390480181171,-0.2033169194987544,1.0,1.0,0.9090909090909091
M0455,91.0,1.0,0.0,0.0,17.0,15665.18,921.4811764705883,808.67,622.5719317665465,14.0,8.0,4.0,15.0,0.8235294117647058,0.17647058823529413,0.0,0.0,0.0,0.0,1.0,9.0,12162.41,0.4117647058823529,0.35294117647058826,0.058823529411764705,0.17647058823529413,1.2142857142857142,2.125,4.25,1.1333333333333333,1044.3453333333334,-0.10040974412516183,7.0,4.0,12.0,1.0,65,65,79,299,0.33986,0.3192307692307692,0.004095409074789435,0.0030469164447073094,0.13344365879344064,0.058823529411764705,0.7647058823529411,0.23529411764705882,0.29411764705882354,0.16666666666666666,1.7647058823529411,2.466674497196968,0.6906730041691053,0.3758,0.24159663865546216,0.27499999999999997,0.3509803921568628,4.823529411764706,4.588235294117647,0.9999999999999999,0.9869621670481922,0.7955657068734607,0.3710577642048428,0.07151508321145378,-0.485284929975738,-0.697338648329521,-0.48251277030311995,1.101278235917521,0.05809054842821548,1.0,0.875,0.8571428571428571
M0459,436.0,1.0,0.0,0.0,3.0,16691.17,5563.723333333332,4728.0,2384.4601230956523,3.0,2.0,2.0,3.0,1.0,0.0,0.0,0.0,0.0,0.0,1.0,3.0,15922.26,0.6666666666666666,0.0,0.3333333333333333,0.0,1.0,1.5,1.5,1.0,5563.723333333332,2.499428512893504,2.0,2.0,3.0,1.0,26,26,28,299,0.50142,0.46153846153846156,0.001721058245519531,0.00028968703975374593,0.3043478260869565,0.0,0.6666666666666666,0.3333333333333333,0.0,0.03333333333333333,1.0,1.4834580200189682,0.4285727345229219,0.473,0.16666666666666666,0.17777777777777778,0.38888888888888884,6.666666666666667,5.666666666666667,1.0,1.0,1.0,0.18149037285379405,-0.8022692062084901,-0.4669043968791773,0.9817656690068728,-0.48251277030311995,-0.5631328569445074,-0.9004035006373408,1.0,1.0,1.0
M0460,400.0,1.0,0.0,0.0,5.0,53558.2,10711.64,11049.69,2162.514226207541,5.0,3.0,4.0,5.0,0.6,0.2,0.2,1.0,8935.08,0.166829355728908,1.0,4.0,41797.4,0.2,0.4,0.4,0.0,1.0,1.6666666666666667,1.25,1.0,10711.64,-0.6883621535191942,3.0,3.0,4.0,0.0,30,30,33,299,0.48602,0.45057471264367815,0.0019759948400780458,0.0004139755985234912,0.24869565217391307,0.0,0.6,0.6,0.6,0.05555555555555555,1.0,1.1879721499228877,0.20188451312847908,0.3683,0.35,0.2785714285714286,0.4666666666666666,5.2,4.2,0.7624055700154225,1.0,0.7624055700154225,0.09776071637956099,-0.6774428791484981,0.19356565164653924,2.84377303704335,2.366445346246153,1.3231997149657915,-0.7261318553526942,0.75,1.0,0.8
M0462,620.0,1.0,0.0,0.0,21.0,25758.23,1226.5823809523808,885.12,945.140806128403,18.0,14.0,5.0,17.0,0.9523809523809523,0.0,0.047619047619047616,1.0,481.55,0.01869499573534362,1.0,14.0,25033.100000000002,0.5238095238095238,0.3333333333333333,0.0,0.14285714285714285,1.1666666666666667,1.5,4.2,1.2352941176470589,1515.19,0.39840796594324607,14.0,4.0,15.0,1.0,66,66,93,299,0.36092,0.3412587412587413,0.004751947299449332,0.004280289214616595,0.08666075125702451,0.0,0.9047619047619048,0.047619047619047616,0.23809523809523808,0.18888888888888888,1.619047619047619,2.524145486704638,0.818761803105479,0.4024,0.5873015873015873,0.29931972789115646,0.5052721088435375,2.5714285714285716,4.0,0.6204253941361655,1.0,0.6750820999734841,0.43654123019184343,0.3211677373314377,-0.30446870411560006,-0.586983192418508,0.19581059078004023,-0.5631328569445074,0.40663383899750866,0.8,1.0,0.8333333333333334
M0465,291.0,1.0,0.0,0.0,23.0,307058.35,13350.363043478259,6597.15,28685.485020523476,16.0,10.0,5.0,21.0,1.0,0.0,0.0,0.0,0.0,0.0,1.0,18.0,301214.56000000006,0.13043478260869565,0.6956521739130435,0.08695652173913043,0.08695652173913043,1.4375,2.3,4.6,1.0952380952380953,14621.82619047619,-0.5236361326732533,10.0,5.0,14.0,0.0,60,60,75,299,0.36339,0.3418079096045198,0.004002717777355839,0.003992434263357915,0.1162981836114079,0.0,0.34782608695652173,0.782608695652174,0.08695652173913043,0.23333333333333334,1.826086956521739,9.791296116845542,2.045579132520805,0.7015,0.3840579710144928,0.3885093167701863,0.3615942028985507,3.217391304347826,3.130434782608696,1.0,1.0,0.9770269722350815,0.5914755786256748,0.4459940643914297,4.735001627687365,3.798202191069572,-0.48251277030311995,-0.5631328569445074,0.23236219371286207,1.0,1.0,0.875
M0466,246.0,1.0,0.0,0.0,25.0,69282.32,2771.2928,2243.34,1980.5773812525813,20.0,5.0,7.0,22.0,0.96,0.0,0.04,1.0,2260.61,0.032628959307367304,1.0,19.0,67569.12,0.12,0.64,0.16,0.08,1.25,5.0,3.5714285714285716,1.1363636363636365,3149.196363636364,0.29489013183914314,3.0,6.0,16.0,0.0,66,66,71,299,0.3953,0.37668997668997667,0.0037376522003694864,0.0032102364952600075,0.03499130434782611,0.12,0.64,0.12,0.32,0.24444444444444444,1.7599999999999998,3.887223464803142,0.8497832178604755,0.4805,0.4066666666666666,0.5771428571428572,0.4450476190476191,2.92,3.64,0.9821489811542107,0.5058320795262052,0.7944067115535391,0.3775125523300214,0.5708203914514217,0.47526206981269464,-0.028259660552986825,0.08727885300673464,-0.5631328569445074,0.5809054842821553,0.8571428571428571,0.6,0.8
M0468,142.0,0.0,0.0,1.0,11.0,16997.690000000002,1545.2445454545457,1046.25,1397.8119328175994,11.0,5.0,3.0,10.0,1.0,0.0,0.0,0.0,0.0,0.0,1.0,9.0,16643.35,0.5454545454545454,0.36363636363636365,0.09090909090909091,0.0,1.0,2.2,3.6666666666666665,1.1,1699.7690000000002,-0.5185623220943752,5.0,2.0,10.0,0.0,36,36,48,299,0.47297,0.44285714285714284,0.002638986829232604,0.0007231646844054097,0.12037369744879627,0.0,0.6363636363636364,0.18181818181818182,0.2727272727272727,0.1111111111111111,1.8181818181818181,3.6596208072979324,0.9902017668492782,0.4268,0.7272727272727273,0.3196969696969697,0.3364718614718614,1.5454545454545454,3.4545454545454546,0.6720395536099315,0.9999999999999998,0.8825716906238434,0.4154671017061485,-0.30296389796852213,-0.461413114308433,-0.47172272170042157,-0.48251277030311995,-0.5631328569445074,-0.2033169194987544,0.6666666666666666,1.0,0.9090909090909091
M0469,512.0,1.0,0.0,0.0,24.0,36122.92,1505.1216666666667,928.49,1955.548606020864,24.0,4.0,11.0,22.0,0.875,0.08333333333333333,0.041666666666666664,1.0,228.45,0.006324239568672743,1.0,17.0,27379.2,0.4583333333333333,0.2916666666666667,0.16666666666666666,0.08333333333333333,1.0,6.0,2.1818181818181817,1.0909090909090908,1641.950909090909,1.1235096002109841,3.0,10.0,23.0,0.0,82,82,92,299,0.34528,0.3291177356218007,0.004680156314265925,0.004682697598183003,0.08333333333333333,0.0,0.75,0.20833333333333334,0.4166666666666667,0.24444444444444444,2.75,5.09183310762253,1.235521804611177,0.3679,0.4305555555555555,0.47420634920634924,0.36294642857142856,2.8333333333333335,3.0833333333333335,0.9275969384534806,0.9129812872270568,0.9903072619821432,0.5038523765772219,0.5084072279214257,-0.11878606824137834,-0.4862352130182424,0.1110201706446452,0.2228390480181171,0.9294487748514485,0.9090909090909091,0.75,0.9583333333333334
M0473,269.0,1.0,0.0,0.0,2.0,20861.07,10430.535,10430.535,13955.40993602302,2.0,2.0,2.0,2.0,1.0,0.0,0.0,0.0,0.0,0.0,1.0,2.0,20189.23,0.5,0.5,0.0,0.0,1.0,1.0,1.0,1.0,10430.535,10.0,1.0,2.0,2.0,0.0,13,13,13,299,0.48352,0.3974358974358974,0.0011080535833492987,0.00010840311911084517,0.47826086956521735,0.0,1.0,0.0,0.5,0.022222222222222223,1.0,1.9460650867860565,1.3379380766205204,0.2244,0.29166666666666663,0.75,0.225,3.5,1.5,1.0,0.9730325433930282,1.0,0.47303254339291495,-0.864682369738486,-0.392200954390119,2.742097035840554,-0.48251277030311995,-0.5631328569445074,-0.9875393232796641,1.0,0.5,1.0
M0474,573.0,1.0,0.0,0.0,27.0,35345.69,1309.0996296296298,933.86,1109.1290597251434,22.0,15.0,6.0,24.0,0.9259259259259259,0.0,0.07407407407407407,2.0,1799.13,0.05090097265041367,1.0,18.0,34453.17,0.25925925925925924,0.37037037037037035,0.07407407407407407,0.2962962962962963,1.2272727272727273,1.8,4.5,1.125,1472.7370833333334,-0.49286121801896454,10.0,4.0,21.0,1.0,87,87,125,299,0.34744,0.3322641005078856,0.0061513197115150905,0.006375388624667236,0.0610127035247808,0.037037037037037035,0.8148148148148148,0.2222222222222222,0.2222222222222222,0.26666666666666666,1.7777777777777777,3.529414760328628,0.8446960107910485,0.4688,0.595679012345679,0.47879188712522047,0.3716490299823633,2.3333333333333335,4.518518518518518,0.5196800515140602,0.7366985904080524,0.9153664845699716,0.4011794766679189,0.6956467185114137,-0.13271008478992158,-0.5571366088438318,0.572656902492907,-0.5631328569445074,0.7551771295668018,0.6666666666666666,0.6666666666666666,0.9545454545454546
M0481,214.0,1.0,0.0,0.0,4.0,4225.77,1056.4425,754.43,885.5916824878533,4.0,3.0,3.0,4.0,0.5,0.5,0.0,0.0,0.0,0.0,1.0,2.0,3276.24,0.75,0.0,0.0,0.25,1.0,1.3333333333333333,1.3333333333333333,1.0,1056.4425,-0.8717078562884485,3.0,2.0,3.0,0.0,22,22,22,299,0.50988,0.46320346320346323,0.001489130746509932,0.00020118441280204917,0.21739130434782608,0.0,0.75,0.0,0.25,0.044444444444444446,1.0,2.19327601833512,0.8382772204713964,0.3585,0.65625,0.2857142857142857,0.5833333333333333,3.0,4.0,0.33797627414648684,1.0,0.9053805578628273,0.3726876995196303,-0.739856042678494,-0.690221093203575,-0.648522982676091,-0.48251277030311995,4.152698572831239,-0.8132676779950175,0.6666666666666666,1.0,0.75
M0483,304.0,1.0,0.0,0.0,6.0,40224.44,6704.073333333334,5273.965,4687.597362746364,6.0,5.0,4.0,6.0,0.8333333333333334,0.0,0.16666666666666666,1.0,3253.02,0.08087172873009543,1.0,6.0,38969.72,0.16666666666666666,0.16666666666666666,0.5,0.16666666666666666,1.0,1.2,1.5,1.0,6704.073333333334,-0.46494687440133053,5.0,2.0,6.0,1.0,50,50,55,299,0.46745,0.44571428571428573,0.0029739207060188668,0.0014007905026268937,0.18840579710144925,0.0,0.3333333333333333,0.8333333333333334,0.0,0.06666666666666667,1.0,2.335298142124539,0.6992163017428752,0.352,0.746031746031746,0.20535714285714282,0.2972222222222222,2.3333333333333335,7.0,0.4689832847890486,1.0,1.0,0.3136376789832121,-0.6150297156185021,-0.04530764827022255,1.394231573105372,1.8916189934879406,-0.5631328569445074,-0.6389960327103709,0.5,1.0,1.0
M0484,362.0,1.0,0.0,0.0,13.0,15668.49,1205.2684615384615,1259.28,632.692193393256,12.0,7.0,8.0,13.0,1.0,0.0,0.0,0.0,0.0,0.0,1.0,12.0,15080.19,0.5384615384615384,0.38461538461538464,0.07692307692307693,0.0,1.0833333333333333,1.8571428571428572,1.625,1.0,1205.2684615384615,-0.4725560003041534,7.0,7.0,11.0,0.0,56,56,69,299,0.34774,0.32402597402597405,0.0036024756324469194,0.0022133449705492155,0.12323128376640084,0.0,0.9230769230769231,0.07692307692307693,0.23076923076923078,0.14444444444444443,1.0,1.9459565025091763,0.5249388112136095,0.4166,0.5025641025641026,0.27435897435897433,0.35064102564102567,2.6153846153846154,4.615384615384615,0.7740273631983681,0.9999999999999999,0.946410279484494,0.2872386161407489,-0.1781375709085302,-0.4852256315765825,-0.5946924615384667,-0.48251277030311995,-0.5631328569445074,-0.11618109685643112,0.875,1.0,0.9166666666666666
M0485,165.0,1.0,0.0,0.0,11.0,11708.58,1064.4163636363637,970.43,570.875375564102,10.0,7.0,7.0,10.0,1.0,0.0,0.0,0.0,0.0,0.0,1.0,9.0,11379.91,0.45454545454545453,0.2727272727272727,0.0,0.2727272727272727,1.1,1.5714285714285714,1.5714285714285714,1.1,1170.858,-0.13032168435172112,7.0,7.0,10.0,1.0,70,70,85,299,0.37304,0.35486542443064184,0.004341899634184287,0.003324557076964425,0.12037369744879627,0.0,0.8181818181818182,0.36363636363636365,0.2727272727272727,0.1111111111111111,1.8181818181818181,1.7825987438271764,0.4983471112390678,0.4009,0.2946969696969697,0.3484848484848485,0.2287878787878788,4.7272727272727275,3.4545454545454546,1.0,1.0,1.0,0.25984841885179416,-0.30296389796852213,-0.5561671191294846,-0.6456388270449858,-0.48251277030311995,-0.5631328569445074,-0.2904527421410777,1.0,1.0,1.0
M0495,356.0,1.0,0.0,0.0,2.0,7633.63,3816.815,3816.815,45.31847360624593,2.0,1.0,1.0,2.0,1.0,0.0,0.0,0.0,0.0,0.0,1.0,2.0,7290.21,0.0,0.5,0.5,0.0,1.0,2.0,2.0,1.0,3816.815,-0.016651683875225427,1.0,1.0,2.0,0.0,7,7,7,299,0.78571,0.7142857142857143,0.0008301315866848565,1.5989253137194822e-05,0.47826086956521735,0.0,0.5,0.0,0.5,0.022222222222222223,1.0,1.008395743571538,0.011873374425075862,0.4867,0.3333333333333333,0.5,0.375,3.0,2.0,1.0,1.0,1.0,0.004197871785766284,-0.864682369738486,-0.6291695395642164,0.34990691942513513,-0.48251277030311995,-0.5631328569445074,-0.9875393232796641,1.0,1.0,1.0
M0497,94.0,1.0,0.0,0.0,2.0,542.61,271.305,271.305,31.1763379825149,2.0,2.0,2.0,2.0,1.0,0.0,0.0,0.0,0.0,0.0,1.0,2.0,522.38,1.0,0.0,0.0,0.0,1.0,1.0,1.0,1.0,271.305,0.1768835753831342,2.0,2.0,2.0,0.0,20,20,22,299,0.44286,0.38421052631578945,0.001504132384998868,0.00023440553797473914,0.47826086956521735,0.0,0.5,0.0,0.0,0.022222222222222223,1.0,1.0812554136488455,0.11491250799843314,0.2232,0.22916666666666666,0.26666666666666666,0.225,5.5,4.0,1.0,1.0,1.0,0.04062770682404836,-0.864682369738486,-0.7562046254796488,-0.9325081177478981,-0.48251277030311995,-0.5631328569445074,-0.9875393232796641,1.0,1.0,1.0
M0001,680.0,1.0,0.0,0.0,35.0,154009.63,4400.275142857143,3421.05,3887.23423088082,31.0,18.0,7.0,25.0,0.9714285714285714,0.02857142857142857,0.0,0.0,0.0,0.0,1.0,18.0,147977.69,0.2,0.22857142857142856,0.4,0.17142857142857143,1.1290322580645162,1.9444444444444444,5.0,1.4,6160.385200000001,0.4549474379204134,18.0,7.0,31.0,1.0,200,200,307,494,0.3906,0.3844723618090452,0.0035941989725707868,0.003952449256367785,0.06811002661934337,0.0,0.7714285714285715,0.22857142857142856,0.4,0.2777777777777778,2.142857142857143,3.184182378725278,0.8688049030307446,0.5754,0.18485260770975057,0.19865689865689867,0.1886857307025374,6.457142857142857,6.742857142857143,1.0000000000000002,1.0000000000000002,1.0000000000000002,0.4256429834939531,0.16866938468001794,0.4724036894742465,0.5571029671249391,-0.5157987390250419,-0.35837419728890374,0.46214870976004074,1.0,1.0,1.0
M0002,417.0,1.0,0.0,0.0,5.0,2579.36,515.8720000000001,382.01,422.686713500673,5.0,3.0,5.0,5.0,0.8,0.2,0.0,0.0,0.0,0.0,1.0,4.0,2131.5,1.0,0.0,0.0,0.0,1.0,1.6666666666666667,1.0,1.0,515.8720000000001,-0.7093390977142627,3.0,5.0,5.0,0.0,59,59,62,494,0.54633,0.5306838106370544,0.0009548851126942848,0.00017805201451594159,0.24869565217391307,0.4,0.2,0.0,0.2,0.05555555555555555,1.0,2.3731080578127903,0.8193635504556808,0.3662,0.20714285714285713,0.17523809523809525,0.19,5.2,5.8,0.9999999999999998,0.9999999999999998,0.9999999999999998,0.3723342224424878,-0.6535938656350696,-0.54537823539898,-0.9430366336140714,-0.5157987390250419,1.8190306841905448,-0.7808719578704135,1.0,1.0,1.0
M0003,253.0,1.0,0.0,0.0,16.0,32573.44,2035.84,1546.94,1683.1992995879405,14.0,6.0,7.0,16.0,0.9375,0.0625,0.0,0.0,0.0,0.0,1.0,12.0,31402.91,0.375,0.375,0.1875,0.0625,1.1428571428571428,2.6666666666666665,2.2857142857142856,1.0,2035.84,-0.25656555600693437,6.0,7.0,14.0,0.0,128,128,166,494,0.45216,0.44352854330708663,0.0020805708307391826,0.0013587583176069144,0.07065217391304349,0.0,0.5625,0.4375,0.1875,0.17777777777777778,1.0,3.499739665199623,0.8267836861383706,0.5221,0.17353896103896105,0.21510416666666665,0.1660982501975149,6.625,5.3125,1.0000000000000002,1.0000000000000002,1.0000000000000002,0.383766651603262,-0.35209734051953745,-0.3437842444670379,-0.35603160226222386,-0.5157987390250419,0.07257051883723707,-0.35059557292141014,1.0,1.0,1.0
M0005,440.0,1.0,0.0,0.0,2.0,4059.28,2029.64,2029.64,2056.2240932836094,2.0,2.0,2.0,2.0,1.0,0.0,0.0,0.0,0.0,0.0,1.0,2.0,3937.4700000000003,1.0,0.0,0.0,0.0,1.0,1.0,1.0,1.0,2029.64,1.0,2.0,2.0,2.0,0.0,42,42,43,494,0.62791,0.6097560975609756,0.0007443161427909733,5.468200023389685e-05,1.0,0.0,1.0,0.0,1.0,0.022222222222222223,1.0,1.7163684200153722,1.0130979352415252,0.4534,0.1875,0.15000000000000002,0.09166666666666667,6.0,7.5,1.0,1.0,1.0,0.3581842100072449,-0.7358201906665783,-0.5354315066091655,-0.3584260152988018,-0.5157987390250419,-0.7212750108688117,-0.9242974195200814,1.0,1.0,1.0
M0006,364.0,1.0,0.0,0.0,13.0,27550.05,2119.234615384615,1406.63,1899.5613116481013,11.0,7.0,6.0,10.0,1.0,0.0,0.0,0.0,0.0,0.0,1.0,7.0,26794.43,0.23076923076923078,0.6153846153846154,0.07692307692307693,0.07692307692307693,1.1818181818181819,1.8571428571428572,2.1666666666666665,1.3,2755.005,-0.7103189742864754,7.0,6.0,11.0,1.0,118,118,141,494,0.48455,0.4757351875995944,0.0018174096022205025,0.0010571322618340934,0.07383586313352203,0.0,0.8461538461538461,0.23076923076923078,0.3076923076923077,0.1111111111111111,2.3076923076923075,4.149426226086703,1.2949662421552222,0.6365,0.23382173382173382,0.17686480186480186,0.1526862026862027,5.076923076923077,7.153846153846154,0.9999999999999999,0.9999999999999999,0.9999999999999999,0.5434002116148412,-0.43432366555104623,-0.37754708160381983,-0.3238249644787828,-0.5157987390250419,-0.7212750108688117,-0.49402103457107793,1.0,1.0,1.0
M0010,84.0,1.0,0.0,0.0,7.0,4729.0,675.5714285714286,595.66,408.76512491603177,7.0,5.0,4.0,6.0,1.0,0.0,0.0,0.0,0.0,0.0,1.0,6.0,4605.18,0.7142857142857143,0.14285714285714285,0.0,0.14285714285714285,1.0,1.4,1.75,1.1666666666666667,788.1666666666666,-0.6487374596035649,5.0,4.0,7.0,1.0,82,82,96,494,0.47752,0.4646190906353508,0.0013244448313583408,0.00043818389110144836,0.19077196095829632,0.0,0.5714285714285714,0.5714285714285714,0.2857142857142857,0.06666666666666667,1.7142857142857142,2.109744131951787,0.7197494380521642,0.3891,0.18962585034013604,0.21020408163265308,0.17182539682539683,6.285714285714286,5.714285714285714,1.0,1.0,1.0,0.3625149785013172,-0.5987763156140637,-0.5309302341044932,-0.881361408822863,-0.5157987390250419,-0.7212750108688117,-0.6852549834373017,1.0,1.0,1.0
M0012,83.0,1.0,0.0,0.0,8.0,15058.68,1882.335,1682.5549999999998,1268.877232708395,8.0,3.0,5.0,8.0,0.875,0.125,0.0,0.0,0.0,0.0,1.0,7.0,10788.98,0.375,0.375,0.125,0.125,1.0,2.6666666666666665,1.6,1.0,1882.335,0.019147378498620287,3.0,5.0,8.0,0.0,84,84,100,494,0.52661,0.5152036718301779,0.0013531308662358679,0.00038769062218011217,0.11956521739130435,0.0,0.75,0.125,0.375,0.08888888888888889,1.0,2.068308776068022,0.6740974548677016,0.6437,0.17098214285714286,0.14496753246753247,0.17876984126984127,6.625,8.375,0.9999999999999999,0.9999999999999999,0.9999999999999999,0.34267993608998754,-0.5713675406035608,-0.4615031532855496,-0.4153145656783387,-0.5157987390250419,0.866416048543286,-0.6374464962207458,1.0,1.0,1.0
M0013,191.0,1.0,0.0,0.0,35.0,77138.68000000001,2203.962285714286,1762.23,1349.3024327910325,32.0,15.0,12.0,26.0,0.9142857142857143,0.05714285714285714,0.02857142857142857,1.0,816.23,0.010581332218803847,1.0,17.0,70036.33,0.11428571428571428,0.45714285714285713,0.22857142857142856,0.2,1.09375,2.3333333333333335,2.9166666666666665,1.3461538461538463,2966.872307692308,3.1459715772599397,15.0,12.0,31.0,1.0,181,181,275,494,0.41436,0.40785758133824435,0.0032179993858820278,0.0027872154370200165,0.06299911268855365,0.0,0.8,0.11428571428571428,0.22857142857142856,0.28888888888888886,2.228571428571428,2.516879469547573,0.668602996991897,0.4755,0.21339569160997732,0.20534013605442175,0.24183499040641898,6.142857142857143,5.8,0.9999999999999998,0.9999999999999998,0.970864033452478,0.35999935939551014,0.16866938468001794,-0.044255651209974364,-0.291103506672936,-0.07077153418221649,0.004526616291004293,0.5099571969765967,1.0,1.0,0.96875
M0014,381.0,1.0,0.0,0.0,3.0,4542.03,1514.01,1523.25,439.0929213731418,3.0,3.0,3.0,3.0,1.0,0.0,0.0,0.0,0.0,0.0,1.0,3.0,4368.14,0.3333333333333333,0.6666666666666666,0.0,0.0,1.0,1.0,1.0,1.0,1514.01,0.33114693519331134,3.0,3.0,3.0,1.0,49,49,53,494,0.52653,0.5068027210884354,0.0008688516921522574,0.00013011721974491317,0.3043478260869565,0.0,1.0,0.0,0.0,0.03333333333333333,1.0,1.2869201656528029,0.2900198290454764,0.5221,0.15252525252525254,0.2333333333333333,0.1537037037037037,7.333333333333333,4.666666666666667,1.0,1.0,1.0,0.1288762954008605,-0.7084114156560753,-0.5321868830326999,-0.5575600788553722,-0.5157987390250419,-0.7212750108688117,-0.8764889323035254,1.0,1.0,1.0
M0015,388.0,1.0,0.0,0.0,119.0,117180.11,984.7068067226891,719.66,784.3238587362601,84.0,31.0,16.0,63.0,0.8739495798319328,0.09243697478991597,0.03361344537815126,4.0,1382.33,0.01179662657766749,1.0,29.0,102717.95,0.5882352941176471,0.20168067226890757,0.03361344537815126,0.17647058823529413,1.4166666666666667,3.838709677419355,7.4375,1.8888888888888888,1860.001746031746,0.0796851617318411,30.0,16.0,83.0,1.0,303,303,703,494,0.34575,0.34142023473870564,0.007750105938896284,0.010300007121387095,0.0789154536494905,0.0,0.453781512605042,0.5966386554621849,0.2605042016806723,0.7,2.1176470588235294,2.7146049786094246,0.7011503804499248,0.733,0.20406829398426038,0.17909860914062595,0.19101976454917632,5.563025210084033,7.243697478991597,1.0000000000000002,0.9946722186896737,0.9824067412123101,0.38895924659558045,2.471006485562263,0.22486784503735155,-0.7619746701917561,0.00776267843710565,0.45281585659559664,2.9959985322375053,1.0,0.967741935483871,0.9880952380952381
M0016,230.0,1.0,0.0,0.0,2.0,8314.27,4157.135,4157.135,3553.741905548291,2.0,2.0,2.0,2.0,1.0,0.0,0.0,0.0,0.0,0.0,1.0,2.0,8130.780000000001,1.0,0.0,0.0,0.0,1.0,1.0,1.0,1.0,4157.135,3.056542152700911,2.0,2.0,2.0,1.0,34,34,34,494,0.56807,0.5418894830659536,0.0006914938496657437,0.00011533304087906268,0.47826086956521735,0.0,1.0,0.0,0.5,0.022222222222222223,1.0,1.604472791958885,0.8548536204737857,0.3634,0.225,0.16666666666666666,0.1125,4.5,6.0,1.0,1.0,1.0,0.3022363959792608,-0.7358201906665783,-0.5068331826907287,0.4632033013551666,-0.5157987390250419,-0.7212750108688117,-0.9242974195200814,1.0,1.0,1.0
M0023,207.0,1.0,0.0,0.0,7.0,23418.95,3345.5642857142857,1779.68,4282.310469341121,7.0,2.0,4.0,7.0,0.7142857142857143,0.2857142857142857,0.0,0.0,0.0,0.0,1.0,5.0,20626.71,0.2857142857142857,0.42857142857142855,0.2857142857142857,0.0,1.0,3.5,1.75,1.0,3345.5642857142857,5.1709249131917865,2.0,4.0,7.0,1.0,72,72,79,494,0.50304,0.4890453834115806,0.0011568703782178936,0.00036858847887035677,0.10559006211180123,0.0,0.5714285714285714,0.0,0.0,0.07777777777777778,1.0,3.8102540891030556,1.2799964680477924,0.4345,0.15,0.10518053375196233,0.17891156462585034,7.857142857142857,10.428571428571429,0.9999999999999999,0.9999999999999999,0.9999999999999999,0.527470275140399,-0.5987763156140637,-0.40531272522212547,0.14977822096957477,-0.5157987390250419,2.9077331249302687,-0.6852549834373017,1.0,1.0,1.0
M0024,312.0,1.0,0.0,0.0,13.0,23655.66,1819.6661538461537,1081.18,1562.1274974669345,11.0,8.0,2.0,12.0,1.0,0.0,0.0,0.0,0.0,0.0,1.0,11.0,22967.07,0.5384615384615384,0.07692307692307693,0.3076923076923077,0.07692307692307693,1.1818181818181819,1.625,6.5,1.0833333333333333,1971.305,-0.3876860959100646,8.0,2.0,11.0,0.0,85,85,102,494,0.53105,0.5198879551820729,0.0013892742690201796,0.0004968206212382975,0.12323128376640084,0.0,0.46153846153846156,0.38461538461538464,0.38461538461538464,0.13333333333333333,1.8461538461538463,2.796791972830181,0.9137849886646364,0.3557,0.2,0.20262515262515263,0.17823842823842823,5.0,5.615384615384615,1.0,1.0,1.0,0.44309106855045666,-0.43432366555104623,-0.40372176748668226,-0.4395170015199634,-0.5157987390250419,-0.7212750108688117,-0.49402103457107793,1.0,1.0,1.0
M0025,729.0,0.0,1.0,0.0,9.0,30670.19,3407.7988888888885,3225.49,1734.383657459073,9.0,5.0,6.0,9.0,0.7777777777777778,0.2222222222222222,0.0,0.0,0.0,0.0,1.0,6.0,23282.91,0.2222222222222222,0.2222222222222222,0.4444444444444444,0.1111111111111111,1.0,1.8,1.5,1.0,3407.7988888888885,-0.7113257254262642,5.0,6.0,9.0,1.0,84,84,98,494,0.46275,0.4497991967871486,0.0013511743618264812,0.0005321917330040737,0.07246376811594203,0.1111111111111111,0.6666666666666666,0.1111111111111111,0.4444444444444444,0.1,1.0,1.9623605201011147,0.5089454260678418,0.4109,0.20674603174603176,0.2222222222222222,0.22014713681380346,5.333333333333333,4.777777777777778,1.0000000000000002,1.0000000000000002,1.0000000000000002,0.2604930426290421,-0.5439587655930579,-0.3565762275264023,0.1738129540611119,-0.5157987390250419,2.1012868725304727,-0.5896380090041898,1.0,1.0,1.0
M0026,138.0,0.0,0.0,1.0,48.0,273708.96,5702.27,4804.255,3815.6403729348253,40.0,17.0,17.0,36.0,0.9583333333333334,0.0,0.041666666666666664,2.0,6479.69,0.023673649558275327,1.0,21.0,265335.52999999997,0.2916666666666667,0.4791666666666667,0.14583333333333334,0.08333333333333333,1.2,2.823529411764706,2.823529411764706,1.3333333333333333,7603.026666666668,-0.32038793902514395,17.0,17.0,38.0,0.0,230,230,384,494,0.39733,0.3920637934307955,0.00437306357745998,0.004726849278608579,0.057971014492753624,0.020833333333333332,0.8333333333333334,0.22916666666666666,0.22916666666666666,0.4,3.0,3.611321017770116,0.7414688218496281,0.4918,0.17039103835978833,0.20216675685425686,0.22900132275132276,7.395833333333333,5.833333333333333,0.9999999999999998,0.9999999999999998,0.9173436266025049,0.3694471147585212,0.5249834598165558,1.2769179685112948,1.0599277186572658,0.13319926803741183,-0.7212750108688117,0.8924250947090442,1.0,1.0,0.95
M0032,251.0,1.0,0.0,0.0,3.0,7781.16,2593.72,1232.96,2932.761628499664,3.0,3.0,3.0,3.0,1.0,0.0,0.0,0.0,0.0,0.0,1.0,3.0,7436.47,0.3333333333333333,0.6666666666666666,0.0,0.0,1.0,1.0,1.0,1.0,2593.72,4.310958992992473,3.0,3.0,3.0,0.0,43,43,48,494,0.56871,0.5481727574750831,0.0008093936968464309,0.00011497511028725667,0.3043478260869565,0.0,0.6666666666666666,0.3333333333333333,0.0,0.03333333333333333,1.0,2.297734528013818,1.1307163566227905,0.4254,0.2222222222222222,0.18888888888888888,0.11203703703703705,4.666666666666667,5.333333333333333,1.0,1.0,1.0,0.4601850281104359,-0.7084114156560753,-0.5104162821725508,-0.1405807724483273,-0.5157987390250419,-0.7212750108688117,-0.8764889323035254,1.0,1.0,1.0
M0034,130.0,1.0,0.0,0.0,3.0,1016.09,338.69666666666666,353.01,119.3454801546055,3.0,2.0,3.0,3.0,0.6666666666666666,0.3333333333333333,0.0,0.0,0.0,0.0,1.0,2.0,541.37,0.6666666666666666,0.0,0.0,0.3333333333333333,1.0,1.5,1.0,1.0,338.69666666666666,-1.0,2.0,3.0,3.0,1.0,50,50,55,494,0.52941,0.5102040816326531,0.000888969939048653,0.00014179911485863466,0.5362318840579711,0.0,0.6666666666666666,0.0,1.0,0.03333333333333333,1.0,1.3293310631932211,0.35236685772305254,0.4047,0.18055555555555555,0.18888888888888888,0.25132275132275134,7.666666666666667,7.666666666666667,1.0,1.0,1.0,0.1557604805343498,-0.7084114156560753,-0.5558851700408887,-1.0114609768226832,-0.5157987390250419,3.512567814230115,-0.8764889323035254,1.0,1.0,1.0
M0035,439.0,1.0,0.0,0.0,38.0,32194.35,847.2197368421052,662.645,626.5042206690591,35.0,14.0,6.0,30.0,0.8947368421052632,0.02631578947368421,0.07894736842105263,3.0,2175.45,0.0675724156567845,1.0,23.0,29396.57,0.4473684210526316,0.2631578947368421,0.02631578947368421,0.2631578947368421,1.0857142857142856,2.7142857142857144,6.333333333333333,1.2666666666666666,1073.145,0.2557573948576522,14.0,6.0,35.0,1.0,176,176,340,494,0.4496,0.4433116883116883,0.003832425457427937,0.0021531519862376227,0.06347103456581958,0.0,0.5,0.5526315789473685,0.34210526315789475,0.3333333333333333,1.5789473684210527,4.3458619291894385,0.9680524791720706,0.5628,0.1536549707602339,0.15004461912356648,0.16188606714922504,7.105263157894737,7.421052631578948,1.0,1.0,1.0,0.44046452250161444,0.2508957097115267,-0.3463321561223509,-0.8150715786567541,0.7138816954090811,-0.38702426151889646,0.6533826586262645,1.0,1.0,1.0
M0036,411.0,1.0,0.0,0.0,12.0,50770.96,4230.913333333333,3979.04,2454.904682790735,11.0,7.0,7.0,10.0,1.0,0.0,0.0,0.0,0.0,0.0,1.0,9.0,49518.65,0.16666666666666666,0.4166666666666667,0.16666666666666666,0.25,1.0909090909090908,1.7142857142857142,1.7142857142857142,1.2,5077.096,-0.5531456020390658,7.0,7.0,11.0,1.0,95,95,111,494,0.44956,0.43784994400895855,0.0015108866604767457,0.0008397704676648004,0.11594202898550726,0.0,0.6666666666666666,0.4166666666666667,0.6666666666666666,0.1111111111111111,1.6666666666666667,1.8800333891657754,0.4744745188355429,0.5596,0.2152777777777778,0.2181547619047619,0.22371031746031744,5.0,5.333333333333333,0.9999999999999999,0.9999999999999999,0.9999999999999999,0.25249095152031303,-0.46173244056154916,-0.221476419660815,0.4916961728310266,-0.5157987390250419,-0.7212750108688117,-0.49402103457107793,1.0,1.0,1.0
M0037,922.0,1.0,0.0,0.0,6.0,4357.0599999999995,726.1766666666666,686.16,318.0386124775838,6.0,4.0,6.0,6.0,0.6666666666666666,0.0,0.3333333333333333,2.0,1289.08,0.295860052420669,1.0,6.0,4192.9,0.16666666666666666,0.16666666666666666,0.3333333333333333,0.3333333333333333,1.0,1.5,1.0,1.0,726.1766666666666,-0.16462926611456066,4.0,6.0,6.0,1.0,95,95,119,494,0.51404,0.5036954087346025,0.0015597022057806421,0.0005963204030295036,0.13043478260869568,0.0,0.16666666666666666,0.5,0.16666666666666666,0.06666666666666667,1.0,1.4843770799575862,0.437963139104236,0.4653,0.1724206349206349,0.09620009620009619,0.17255892255892255,6.666666666666667,12.333333333333334,1.0000000000000002,1.0000000000000002,1.0000000000000002,0.2174042435341655,-0.6261850906245666,-0.5334300897089067,-0.8618178859495768,4.676185317474589,-0.7212750108688117,-0.7330634706538576,1.0,1.0,1.0
M0039,128.0,1.0,0.0,0.0,25.0,135886.62,5435.4648,3674.46,5677.121545068798,20.0,9.0,9.0,21.0,0.88,0.08,0.04,1.0,3733.89,0.027477981275860715,1.0,12.0,122537.43,0.4,0.4,0.12,0.08,1.25,2.7777777777777777,2.7777777777777777,1.1904761904761905,6470.791428571429,0.6361289203669062,8.0,9.0,20.0,1.0,156,156,200,494,0.41908,0.41157981803143096,0.0024393929855527144,0.00194758525925539,0.0817391304347826,0.0,0.68,0.28,0.24,0.23333333333333334,2.52,4.2930699137266055,0.9374252986626744,0.6961,0.26630303030303026,0.3117948717948718,0.223479242979243,5.04,6.44,1.0,0.809059273091052,1.0,0.42245773228691047,-0.10541836542501123,0.3505966557662782,0.9568887107368119,0.10723934775491374,0.29484726715493076,-0.06374464962207452,1.0,0.8888888888888888,1.0
M0040,145.0,1.0,0.0,0.0,12.0,31203.43,2600.2858333333334,2631.715,1061.1792816866812,11.0,6.0,6.0,12.0,0.9166666666666666,0.08333333333333333,0.0,0.0,0.0,0.0,1.0,9.0,28525.66,0.5,0.5,0.0,0.0,1.0909090909090908,2.0,2.0,1.0,2600.2858333333334,0.8727784447456027,6.0,6.0,11.0,1.0,109,109,138,494,0.50742,0.4983010533469249,0.0017469854144445333,0.0006694673026156874,0.10144927536231885,0.0,0.8333333333333334,0.16666666666666666,0.3333333333333333,0.13333333333333333,1.0,1.5380347609221166,0.4081010126207334,0.4491,0.1251984126984127,0.17708333333333334,0.17377946127946128,9.0,5.916666666666667,1.0000000000000002,1.0000000000000002,1.0000000000000002,0.2219179376540703,-0.46173244056154916,-0.3529922542982003,-0.13804507616940273,-0.5157987390250419,0.33718569540591997,-0.49402103457107793,1.0,1.0,1.0
M0042,160.0,1.0,0.0,0.0,14.0,41589.25,2970.660714285714,2328.725,2809.326749485786,14.0,6.0,9.0,13.0,0.8571428571428571,0.07142857142857142,0.07142857142857142,1.0,593.29,0.014265465234405524,1.0,9.0,39185.63,0.42857142857142855,0.2857142857142857,0.21428571428571427,0.07142857142857142,1.0,2.3333333333333335,1.5555555555555556,1.0769230769230769,3199.173076923077,0.4803414929432148,6.0,9.0,14.0,0.0,127,127,163,494,0.45103,0.4423197100362455,0.002074408740983687,0.0016674950150554057,0.07364685004436557,0.07142857142857142,0.42857142857142855,0.2857142857142857,0.2857142857142857,0.14444444444444443,1.8571428571428572,3.740704148307555,0.9172381957816446,0.8282,0.15337301587301586,0.17465986394557825,0.21005799755799753,8.0,6.142857142857143,1.0000000000000002,1.0000000000000002,1.0000000000000002,0.4055184008811373,-0.4069148905405433,-0.28318784946562053,0.004992092116632994,0.5967692730820217,0.1859770230809583,-0.35059557292141014,1.0,1.0,1.0
M0050,364.0,1.0,0.0,0.0,20.0,21067.76,1053.388,866.365,638.0176510311986,19.0,8.0,9.0,18.0,0.9,0.1,0.0,0.0,0.0,0.0,1.0,13.0,17820.010000000002,0.6,0.25,0.0,0.15,1.0526315789473684,2.5,2.2222222222222223,1.1111111111111112,1170.431111111111,0.12783733393125146,8.0,8.0,19.0,1.0,135,135,179,494,0.45098,0.4427860696517413,0.0022030713874183314,0.0012244717663060492,0.05043478260869568,0.0,0.7,0.35,0.3,0.2,1.7999999999999998,2.8462760160548632,0.5617693709820106,0.5027,0.26357142857142857,0.14931277056277056,0.1831547619047619,4.75,7.7,0.9880836880617591,1.0000000000000002,1.0000000000000002,0.26305180153096847,-0.24246224047752582,-0.42111536946189787,-0.7354502920383805,-0.5157987390250419,0.5488778366608664,-0.11155313683863045,0.8888888888888888,1.0,1.0
M0058,480.0,0.0,0.0,1.0,12.0,13452.14,1121.0116666666665,932.46,1157.9762396041979,11.0,6.0,9.0,11.0,0.9166666666666666,0.0,0.08333333333333333,1.0,1541.99,0.11462785846712865,1.0,9.0,12978.73,0.5833333333333334,0.16666666666666666,0.0,0.25,1.0909090909090908,2.0,1.3333333333333333,1.0909090909090908,1222.921818181818,-0.3315051026736323,6.0,9.0,11.0,1.0,112,112,141,494,0.48973,0.4805341055341055,0.0017927558200780502,0.0007810562790550445,0.08695652173913045,0.0,0.75,0.3333333333333333,0.5,0.12222222222222222,1.8333333333333335,3.6178764122288354,1.0130916194896793,0.6026,0.14894179894179893,0.2037037037037037,0.21845238095238095,8.166666666666666,5.916666666666667,1.0,1.0,1.0,0.47607187068711915,-0.46173244056154916,-0.472300911049475,-0.7093343260629169,0.7821972750998657,-0.7212750108688117,-0.49402103457107793,1.0,1.0,1.0
M0061,179.0,1.0,0.0,0.0,16.0,39452.82,2465.80125,1630.305,1528.8877111193178,13.0,11.0,7.0,16.0,1.0,0.0,0.0,0.0,0.0,0.0,1.0,13.0,38544.14,0.25,0.375,0.375,0.0,1.2307692307692308,1.4545454545454546,2.2857142857142856,1.0,2465.80125,0.24662091366303446,11.0,7.0,12.0,1.0,144,144,183,494,0.44042,0.4325951825951826,0.002274326415347019,0.0018089993084457923,0.07880434782608696,0.0,0.8125,0.25,0.25,0.17777777777777778,1.0,2.160863532695508,0.6200368789330923,0.4324,0.1485042735042735,0.19261363636363638,0.19992559523809522,7.9375,6.5,1.0,1.0,0.9628447345462251,0.31350743749115534,-0.35209734051953745,-0.2975470646856483,-0.1899824373874833,-0.5157987390250419,-0.7212750108688117,-0.3984040601379661,1.0,1.0,0.9230769230769231
M0064,406.0,1.0,0.0,0.0,3.0,33843.560000000005,11281.186666666668,2042.04,16853.710834843863,3.0,3.0,3.0,3.0,1.0,0.0,0.0,0.0,0.0,0.0,1.0,3.0,32461.239999999998,0.3333333333333333,0.3333333333333333,0.3333333333333333,0.0,1.0,1.0,1.0,1.0,11281.186666666668,10.0,3.0,3.0,3.0,1.0,45,45,50,494,0.49565,0.4727272727272727,0.0008472645921530742,0.00016330165740017634,0.3043478260869565,0.0,0.6666666666666666,0.3333333333333333,0.3333333333333333,0.03333333333333333,1.0,2.724362330676796,1.4939661343112718,0.3413,0.25,0.15833333333333333,0.16452991452991453,4.333333333333333,7.333333333333333,1.0,1.0,1.0,0.5843861185603619,-0.7084114156560753,-0.3352476079120084,3.214481072955522,-0.5157987390250419,-0.7212750108688117,-0.8764889323035254,1.0,1.0,1.0
M0065,335.0,1.0,0.0,0.0,22.0,171101.27,7777.330454545454,5266.285,5901.614636745792,19.0,9.0,8.0,20.0,0.9090909090909091,0.09090909090909091,0.0,0.0,0.0,0.0,1.0,13.0,158781.4,0.13636363636363635,0.45454545454545453,0.2727272727272727,0.13636363636363635,1.1578947368421053,2.4444444444444446,2.75,1.1,8555.0635,0.013182541471723165,9.0,8.0,19.0,0.0,137,137,178,494,0.46102,0.4530914555603263,0.0022151502552382974,0.0015652535516941992,0.12899748472871003,0.0,0.2727272727272727,0.8181818181818182,0.2727272727272727,0.2222222222222222,1.8181818181818181,2.6967982178039938,0.7067198011477557,0.4896,0.2974025974025974,0.26255411255411254,0.17355422355422354,4.0,4.7727272727272725,1.0,1.0,1.0,0.36077119415887343,-0.18764469045652,0.5872787554596681,1.8613070418913293,-0.5157987390250419,0.4334093959763502,-0.11155313683863045,1.0,1.0,1.0
M0066,384.0,0.0,1.0,0.0,15.0,13653.269999999999,910.218,548.97,869.6718769759414,14.0,10.0,8.0,13.0,0.9333333333333333,0.0,0.06666666666666667,1.0,108.13,0.007919714471331777,1.0,12.0,13214.57,0.4,0.3333333333333333,0.0,0.26666666666666666,1.0714285714285714,1.5,1.875,1.1538461538461537,1050.2515384615383,0.866738055494315,10.0,8.0,14.0,1.0,146,146,189,494,0.42764,0.4197449220595182,0.002346049038216696,0.0019207314052683087,0.10956521739130436,0.0,0.3333333333333333,0.7333333333333333,0.4666666666666667,0.14444444444444443,2.6,3.516129103137929,1.0909105892244713,0.5074,0.16861619861619861,0.18263403263403263,0.189973544973545,6.8,8.466666666666667,1.0000000000000002,1.0000000000000002,1.0000000000000002,0.5308577809846438,-0.3795061155300404,-0.47094909097710935,-0.7907419234007803,0.5225980722748842,-0.7212750108688117,-0.35059557292141014,1.0,1.0,1.0
M0069,686.0,1.0,0.0,0.0,16.0,19149.84,1196.865,982.5899999999999,783.8870938598237,13.0,10.0,8.0,14.0,0.875,0.0625,0.0625,1.0,635.37,0.03317886729079721,1.0,10.0,16840.879999999997,0.4375,0.375,0.125,0.0625,1.2307692307692308,1.6,2.0,1.1428571428571428,1367.8457142857144,0.4740915873723377,10.0,8.0,13.0,1.0,123,123,167,494,0.50105,0.492869518859123,0.0020504621128222583,0.0008844694014943822,0.05434782608695652,0.0625,0.5625,0.375,0.1875,0.15555555555555556,1.75,2.4170342937591123,0.7274947325412885,0.4286,0.29538690476190477,0.20566152597402595,0.15220352564102563,4.0625,6.3125,0.9999999999999998,0.9999999999999998,0.9999999999999998,0.373352466652449,-0.35209734051953745,-0.4340059514396812,-0.680040098611105,0.4576982715686388,0.07257051883723707,-0.3984040601379661,1.0,1.0,1.0
M0075,1169.0,1.0,0.0,0.0,98.0,122191.2,1246.8489795918367,949.06,902.5572025867481,58.0,23.0,15.0,60.0,0.9489795918367347,0.04081632653061224,0.01020408163265306,1.0,645.74,0.005284668617707331,1.0,30.0,114582.7,0.46938775510204084,0.2857142857142857,0.12244897959183673,0.12244897959183673,1.6896551724137931,4.260869565217392,6.533333333333333,1.6333333333333333,2036.52,0.04378873463472847,23.0,15.0,57.0,0.0,263,263,545,494,0.36035,0.35546977041186545,0.006083874905857742,0.0072959564895682645,0.042790141788747446,0.02040816326530612,0.7755102040816326,0.20408163265306123,0.25510204081632654,0.6666666666666666,2.4489795918367347,3.2101624339559645,0.6935927805339096,0.5642,0.1977465986394558,0.16089624661053234,0.16921606304859604,7.040816326530612,7.428571428571429,1.0,1.0,0.9727567124310098,0.36960409587597093,1.8954222103417018,0.25854801232433433,-0.6607365030700172,-0.35686045158117574,-0.2028452771832289,1.7529778646070513,1.0,1.0,0.9827586206896551
M0076,54.0,1.0,0.0,0.0,59.0,88750.94,1504.253220338983,1224.43,1300.3853705124875,43.0,12.0,9.0,41.0,0.864406779661017,0.13559322033898305,0.0,0.0,0.0,0.0,1.0,25.0,74145.79,0.5423728813559322,0.3220338983050847,0.0847457627118644,0.05084745762711865,1.372093023255814,4.916666666666667,6.555555555555555,1.4390243902439024,2164.6570731707316,0.7371871698062,12.0,9.0,42.0,1.0,203,203,334,494,0.40428,0.3983807247719846,0.0038275809961380715,0.0036590841699236125,0.03775776575946445,0.0,0.6949152542372882,0.2542372881355932,0.3389830508474576,0.45555555555555555,2.7796610169491527,3.3071658733980738,0.8578616750683086,0.488,0.16329701372074254,0.16440677966101694,0.2113454812607355,6.6440677966101696,7.389830508474576,1.0000000000000002,1.0000000000000002,0.9503866663271396,0.43888024886436394,0.826479984932088,0.03379181139395791,-0.5613281047288171,-0.5157987390250419,1.0009661383239723,1.035850556358712,1.0,1.0,0.9767441860465116
M0077,232.0,1.0,0.0,0.0,16.0,29405.12,1837.82,1068.435,1869.4635114955663,14.0,12.0,9.0,14.0,0.9375,0.0,0.0625,1.0,441.82,0.015025274510017303,1.0,12.0,28672.11,0.3125,0.5625,0.0625,0.0625,1.1428571428571428,1.3333333333333333,1.7777777777777777,1.1428571428571428,2100.365714285714,-0.2056635021058424,12.0,9.0,14.0,1.0,134,134,172,494,0.44809,0.4397935136348334,0.0021149413600354554,0.0011725955515667131,0.07880434782608696,0.0,0.75,0.125,0.125,0.15555555555555556,1.75,3.891536575943237,0.917212960649309,0.576,0.1865327380952381,0.2078125,0.17827380952380953,6.625,5.125,1.0000000000000002,1.0000000000000002,1.0000000000000002,0.38524325987154645,-0.35209734051953745,-0.3650789223951321,-0.432506065085318,0.4576982715686388,-0.7212750108688117,-0.35059557292141014,1.0,1.0,1.0
M0080,449.0,1.0,0.0,0.0,12.0,54903.26,4575.2716666666665,3740.295,2802.4707194637226,10.0,9.0,8.0,12.0,0.9166666666666666,0.08333333333333333,0.0,0.0,0.0,0.0,1.0,11.0,49396.600000000006,0.6666666666666666,0.16666666666666666,0.16666666666666666,0.0,1.2,1.3333333333333333,1.5,1.0,4575.2716666666665,-0.24383804478170987,9.0,8.0,10.0,0.0,112,112,137,494,0.47709,0.46766409266409265,0.0017597814171877906,0.0008668323125989909,0.08695652173913045,0.0,0.9166666666666666,0.08333333333333333,0.3333333333333333,0.13333333333333333,1.0,1.9712905936733085,0.6125255337035482,0.3913,0.24745670995670996,0.22794612794612792,0.18297258297258298,5.5,5.166666666666667,1.0000000000000002,1.0000000000000002,1.0000000000000002,0.32957001703237765,-0.46173244056154916,-0.1937027106913095,0.6246858635709654,-0.5157987390250419,0.33718569540591997,-0.5418295217876339,1.0,1.0,1.0
M0090,282.0,1.0,0.0,0.0,17.0,13236.33,778.6076470588235,549.33,786.4560532106151,17.0,7.0,6.0,14.0,1.0,0.0,0.0,0.0,0.0,0.0,1.0,12.0,12815.41,0.7058823529411765,0.23529411764705882,0.0,0.058823529411764705,1.0,2.4285714285714284,2.8333333333333335,1.2142857142857142,945.4521428571428,2.3543423909467727,7.0,6.0,17.0,1.0,134,134,175,494,0.43096,0.42239928178655595,0.002186479969261713,0.0015413909703078095,0.09011584173311271,0.0,0.4117647058823529,0.7058823529411765,0.47058823529411764,0.15555555555555556,1.647058823529412,4.450484386533126,1.0140127380021873,0.7217,0.15784313725490196,0.18137254901960786,0.19118283677107206,7.411764705882353,6.0,1.0000000000000002,1.0000000000000002,1.0000000000000002,0.346916565457109,-0.3246885655090346,-0.4737513972515196,-0.8415692693412625,-0.5157987390250419,-0.7212750108688117,-0.20717011127174234,1.0,1.0,1.0
M0098,369.0,1.0,0.0,0.0,16.0,31346.77,1959.173125,1165.62,2498.2933753550474,15.0,7.0,8.0,16.0,1.0,0.0,0.0,0.0,0.0,0.0,1.0,13.0,30396.160000000003,0.5,0.3125,0.0625,0.125,1.0666666666666667,2.2857142857142856,2.0,1.0,1959.173125,0.6032107082293187,7.0,8.0,15.0,0.0,130,130,160,494,0.45132,0.442814549791294,0.0020190013911474836,0.0013365152905422304,0.07880434782608696,0.0,0.75,0.1875,0.25,0.17777777777777778,1.0,4.990967809442568,1.2751774427056044,0.7282,0.21019345238095238,0.14761904761904762,0.19990079365079363,5.8125,7.125,1.0,1.0,1.0,0.5466508391454575,-0.35209734051953745,-0.35202884809737045,-0.3856400159676591,-0.5157987390250419,-0.7212750108688117,-0.3027870857048542,1.0,1.0,1.0
M0100,481.0,0.0,0.0,1.0,6.0,13443.400000000001,2240.566666666667,1883.095,1865.5862521327356,6.0,6.0,5.0,6.0,1.0,0.0,0.0,0.0,0.0,0.0,1.0,6.0,13055.71,0.16666666666666666,0.0,0.3333333333333333,0.5,1.0,1.0,1.2,1.0,2240.566666666667,0.48882256998505974,6.0,5.0,6.0,0.0,77,77,87,494,0.55778,0.5461380724538619,0.0012105854627743728,0.00027816445265543637,0.18840579710144933,0.0,0.8333333333333334,0.3333333333333333,0.3333333333333333,0.06666666666666667,1.0,2.6145260871505718,0.8326403672282616,0.2979,0.13839285714285712,0.2611111111111111,0.1974206349206349,8.166666666666666,4.5,0.9999999999999998,0.9999999999999998,0.9999999999999998,0.36509737120069263,-0.6261850906245666,-0.4723596536907144,-0.2769670539393472,-0.5157987390250419,-0.7212750108688117,-0.7330634706538576,1.0,1.0,1.0
M0101,617.0,1.0,0.0,0.0,60.0,131216.52,2186.942,1466.29,2618.570263651651,45.0,15.0,14.0,43.0,0.95,0.05,0.0,0.0,0.0,0.0,1.0,24.0,123430.01,0.55,0.26666666666666666,0.1,0.08333333333333333,1.3333333333333333,4.0,4.285714285714286,1.3953488372093024,3051.546976744186,-0.0852937996281676,14.0,13.0,45.0,0.0,203,203,387,494,0.42384,0.418133931619763,0.004351552488479647,0.0035689316650693,0.04115942028985508,0.03333333333333333,0.8,0.25,0.23333333333333334,0.4777777777777778,2.8666666666666667,8.301061787037181,1.3437214938354343,0.5995,0.3232738095238095,0.2517460317460317,0.186502479002479,5.0,7.3,0.8048020935168835,0.8751494095408108,1.0000000000000002,0.48071510196046613,0.8538887599425908,0.319208325234011,-0.2976766669956084,-0.5157987390250419,-0.08619858710397266,1.1314675307918238,0.9285714285714286,0.9333333333333333,1.0
M0106,521.0,1.0,0.0,0.0,5.0,12767.35,2553.4700000000003,2061.02,1747.1805906230761,5.0,3.0,5.0,5.0,1.0,0.0,0.0,0.0,0.0,0.0,1.0,5.0,12278.4,0.4,0.4,0.0,0.2,1.0,1.6666666666666667,1.0,1.0,2553.4700000000003,-0.22172095698791439,3.0,5.0,5.0,1.0,61,61,71,494,0.54416,0.5289617486338798,0.0010529133842380259,0.00021432886157243518,0.16521739130434787,0.0,0.8,0.0,0.2,0.05555555555555555,1.0,1.7502574927451664,0.6842377590584874,0.4272,0.29,0.21333333333333332,0.13752747252747252,4.0,6.2,1.0000000000000002,1.0000000000000002,1.0000000000000002,0.3339324135391708,-0.6535938656350696,-0.47690347092296614,-0.15612514740353137,-0.5157987390250419,-0.7212750108688117,-0.7808719578704135,1.0,1.0,1.0
M0107,152.0,1.0,0.0,0.0,5.0,3137.84,627.568,595.35,266.56548561282267,5.0,4.0,5.0,5.0,0.8,0.0,0.2,1.0,780.03,0.2485882008005507,1.0,5.0,3080.23,0.8,0.2,0.0,0.0,1.0,1.25,1.0,1.0,627.568,-0.7495207845981565,4.0,4.0,5.0,1.0,49,49,54,494,0.51347,0.4931972789115646,0.0008911789433771778,0.0001873180780985474,0.24869565217391307,0.0,0.4,0.6,0.0,0.05555555555555555,1.0,1.7082929658618666,0.42475952504401543,0.3808,0.39166666666666666,0.2126984126984127,0.2619047619047619,4.0,6.2,0.7996934196772303,1.0,1.0,0.19380975448066576,-0.6535938656350696,-0.5416246209505399,-0.8999001241731648,2.5993916948747366,-0.7212750108688117,-0.7808719578704135,0.8,1.0,1.0
M0108,37.0,1.0,0.0,0.0,2.0,3065.63,1532.815,1532.815,0.34648232278133434,2.0,1.0,2.0,2.0,0.5,0.0,0.5,1.0,612.76,0.1998806118155159,1.0,2.0,2926.08,0.5,0.5,0.0,0.0,1.0,2.0,1.0,1.0,1532.815,-1.0,1.0,2.0,2.0,0.0,24,24,24,494,0.6,0.5652173913043478,0.0005567019194007988,2.5970111397525736e-05,0.47826086956521735,0.0,0.5,0.0,0.5,0.022222222222222223,1.0,1.0001598366404294,0.00022604314465965892,0.5858,0.3055555555555556,0.16666666666666666,0.17142857142857143,5.5,6.0,1.0,1.0,1.0,7.99183202146394e-05,-0.7358201906665783,-0.5421099534589947,-0.5502976696371705,7.272177345724405,-0.7212750108688117,-0.9242974195200814,1.0,1.0,1.0
M0111,128.0,1.0,0.0,0.0,11.0,10372.92,942.9927272727273,1018.52,696.2920582211306,11.0,7.0,9.0,11.0,1.0,0.0,0.0,0.0,0.0,0.0,1.0,10.0,10105.3,0.45454545454545453,0.2727272727272727,0.0,0.2727272727272727,1.0,1.5714285714285714,1.2222222222222223,1.0,942.9927272727273,-0.6403588337379214,7.0,9.0,11.0,0.0,100,100,126,494,0.46653,0.45575757575757575,0.0016393301553108593,0.0007290588790668433,0.1548688465684513,0.0,0.6363636363636364,0.5454545454545454,0.18181818181818182,0.12222222222222222,1.0,2.5237628363083875,0.7383853958608024,0.5611,0.2303030303030303,0.2103174603174603,0.16302636757182212,4.7272727272727275,5.454545454545454,1.0000000000000002,1.0000000000000002,1.0000000000000002,0.38078381015178503,-0.48914121557205203,-0.49299673665097554,-0.7780844662633435,-0.5157987390250419,-0.7212750108688117,-0.49402103457107793,1.0,1.0,1.0
M0112,551.0,1.0,0.0,0.0,6.0,32916.19,5486.031666666667,5855.535,1785.908709922393,6.0,4.0,5.0,6.0,0.8333333333333334,0.16666666666666666,0.0,0.0,0.0,0.0,1.0,5.0,26143.59,0.3333333333333333,0.5,0.16666666666666666,0.0,1.0,1.5,1.2,1.0,5486.031666666667,-0.2595509735111278,4.0,5.0,6.0,0.0,75,75,86,494,0.53719,0.5246846846846847,0.0012117329822595984,0.00034119938412649936,0.13043478260869568,0.0,0.8333333333333334,0.16666666666666666,0.16666666666666666,0.06666666666666667,1.0,1.3126792620895673,0.3255374409837335,0.5275,0.19444444444444445,0.15404040404040403,0.1974206349206349,7.166666666666667,7.166666666666667,1.0,1.0,1.0,0.15020222571323563,-0.6261850906245666,-0.34148057853056235,0.9764174147312589,-0.5157987390250419,1.3956464016806518,-0.7330634706538576,1.0,1.0,1.0
M0120,267.0,0.0,0.0,1.0,35.0,295545.3,8444.151428571427,5737.96,7740.982181085498,28.0,8.0,13.0,27.0,0.9428571428571428,0.05714285714285714,0.0,0.0,0.0,0.0,1.0,21.0,279747.98,0.11428571428571428,0.6,0.2857142857142857,0.0,1.25,4.375,2.6923076923076925,1.2962962962962963,10946.122222222222,1.1499118639472226,8.0,12.0,28.0,1.0,179,179,263,494,0.43575,0.42941434938170864,0.003101989010034138,0.0026024512211203325,0.12092280390417037,0.0,0.2,0.8857142857142857,0.34285714285714286,0.3,2.3142857142857145,3.5686619614658057,0.8618697609053938,0.4567,0.2906235827664399,0.15237833594976452,0.1831975960547389,4.142857142857143,7.828571428571428,0.9911119209136469,1.0000000000000002,1.0000000000000002,0.4458258557869001,0.16866938468001794,1.423682761028578,2.1188304020964037,-0.5157987390250419,0.004526616291004293,0.31872324811037295,0.9230769230769231,1.0,1.0
M0124,116.0,1.0,0.0,0.0,8.0,5650.16,706.27,570.245,467.38569346648046,8.0,3.0,5.0,8.0,0.625,0.25,0.125,1.0,504.36,0.08926472878644146,1.0,6.0,4280.58,0.25,0.25,0.125,0.375,1.0,2.6666666666666665,1.6,1.0,706.27,-0.023279164552976357,3.0,5.0,8.0,1.0,67,67,79,494,0.52985,0.5156037991858887,0.0011445495313376192,0.00030802138704628577,0.08695652173913045,0.125,0.375,0.125,0.125,0.08888888888888889,1.0,2.358262420887196,0.6617663124109483,0.5731,0.2119047619047619,0.15178571428571427,0.19092261904761904,5.25,6.625,1.0,1.0,1.0,0.3265292487291674,-0.5713675406035608,-0.5247390016783989,-0.8695057540433639,1.4311952821623195,2.454107107955384,-0.6374464962207458,1.0,1.0,1.0
M0129,74.0,1.0,0.0,0.0,79.0,92406.75,1169.7056962025317,852.63,1098.6906733677786,45.0,15.0,15.0,49.0,0.9367088607594937,0.05063291139240506,0.012658227848101266,1.0,1025.79,0.011100812440649628,1.0,27.0,84659.76,0.4430379746835443,0.31645569620253167,0.10126582278481013,0.13924050632911392,1.7555555555555555,5.266666666666667,5.266666666666667,1.6122448979591837,1885.8520408163265,-0.052646563467283615,15.0,15.0,45.0,1.0,229,229,427,494,0.39358,0.3882632345054777,0.004830658189573328,0.0049426979063322335,0.033599687898399754,0.0,0.6708860759493671,0.34177215189873417,0.3670886075949367,0.5444444444444444,2.481012658227848,4.032272858855008,0.9818572418271952,0.5224,0.20598754269640343,0.19241054304345445,0.17209282609505988,5.987341772151899,5.772151898734177,1.0,1.0,1.0,0.48437809257573,1.3746554851421462,0.05836297103575732,-0.690528903623531,-0.31863478751239777,-0.07815964503100006,1.1314675307918238,1.0,1.0,1.0
M0130,536.0,0.0,1.0,0.0,14.0,164396.24,11742.58857142857,10122.029999999999,7896.868426028966,13.0,8.0,4.0,13.0,0.9285714285714286,0.07142857142857142,0.0,0.0,0.0,0.0,1.0,11.0,138395.59,0.14285714285714285,0.5,0.2857142857142857,0.07142857142857142,1.0769230769230769,1.75,3.5,1.0769230769230769,12645.864615384615,3.40596610013433,8.0,4.0,13.0,0.0,126,126,159,494,0.45682,0.44812698412698415,0.0019930580216127856,0.001145013599483852,0.2333629103815439,0.0,0.2857142857142857,0.8571428571428571,0.2857142857142857,0.14444444444444443,1.8571428571428572,1.8680889538592853,0.6055011678676997,0.4455,0.26723057644110276,0.165644474573046,0.17676252319109462,6.5,8.0,1.0000000000000002,1.0000000000000002,1.0000000000000002,0.33200922169696484,-0.4069148905405433,0.5422134039963661,3.392672481965819,-0.5157987390250419,0.1859770230809583,-0.3984040601379661,1.0,1.0,1.0
M0131,129.0,1.0,0.0,0.0,29.0,200479.32,6913.08,4338.43,6569.821349593262,27.0,6.0,13.0,24.0,0.9655172413793104,0.034482758620689655,0.0,0.0,0.0,0.0,1.0,17.0,183374.97999999998,0.2413793103448276,0.5172413793103449,0.10344827586206896,0.13793103448275862,1.0740740740740742,4.833333333333333,2.230769230769231,1.2083333333333333,8353.305,0.5279683932265147,6.0,12.0,25.0,0.0,140,140,196,494,0.45947,0.4516957862281603,0.002378637950175364,0.0014767221621360424,0.07687535542573541,0.0,0.896551724137931,0.20689655172413793,0.20689655172413793,0.26666666666666666,1.6551724137931036,4.060777141502675,0.923551530463614,0.4669,0.4304597701149425,0.17504105090311986,0.29410484151863464,4.103448275862069,6.931034482758621,0.7106842740687668,0.9999999999999997,0.9645971963592054,0.42451118732179705,0.004216734617000434,0.7847323311418742,1.5275372749184042,-0.5157987390250419,-0.28329127034133655,0.270914760893817,0.9230769230769231,1.0,0.9259259259259259
M0132,305.0,1.0,0.0,0.0,24.0,59562.380000000005,2481.7658333333334,2083.04,1594.4513869146522,20.0,7.0,9.0,20.0,0.9166666666666666,0.08333333333333333,0.0,0.0,0.0,0.0,1.0,17.0,51517.26,0.3333333333333333,0.5,0.041666666666666664,0.125,1.2,3.4285714285714284,2.6666666666666665,1.2,2978.119,-0.4058475969835431,7.0,8.0,19.0,1.0,138,138,173,494,0.42425,0.41584682111498994,0.002205170712980855,0.0019451238120216658,0.06521739130434782,0.041666666666666664,0.6666666666666666,0.3333333333333333,0.2916666666666667,0.2222222222222222,1.6666666666666667,2.633484424228851,0.7030738480129572,0.5093,0.21388888888888888,0.35324074074074074,0.19890896140896142,5.458333333333333,3.375,0.941879589096339,0.9999999999999999,0.9658111378356606,0.3734950148063226,-0.13282714043551413,-0.1623881781225216,-0.18381698473314942,-0.5157987390250419,0.33718569540591997,-0.06374464962207452,0.8888888888888888,1.0,0.95
M0135,287.0,0.0,1.0,0.0,18.0,160222.24,8901.235555555555,7369.31,6320.3046599522695,17.0,8.0,4.0,18.0,1.0,0.0,0.0,0.0,0.0,0.0,1.0,15.0,155486.38,0.3333333333333333,0.4444444444444444,0.2222222222222222,0.0,1.0588235294117647,2.25,4.5,1.0,8901.235555555555,-0.4922893469150236,8.0,4.0,17.0,1.0,110,110,143,494,0.5199,0.511092577147623,0.0017909288240380815,0.0006655065003478885,0.11755233494363931,0.0,0.2222222222222222,0.8333333333333334,0.3333333333333333,0.2,1.0,3.435126484313289,0.7100480175482559,0.4561,0.19497354497354497,0.1960978835978836,0.20588824755491422,5.166666666666667,6.111111111111111,1.0,1.0,1.0,0.3139584048312439,-0.29727979049853165,0.5141594240726636,2.295354304106676,-0.5157987390250419,-0.7212750108688117,-0.20717011127174234,1.0,1.0,1.0
M0137,815.0,1.0,0.0,0.0,14.0,43214.85,3086.775,2878.115,1916.7538707759575,14.0,5.0,8.0,14.0,0.8571428571428571,0.07142857142857142,0.07142857142857142,1.0,2588.74,0.05990394505592406,1.0,12.0,35801.229999999996,0.2857142857142857,0.42857142857142855,0.14285714285714285,0.14285714285714285,1.0,2.8,1.75,1.0,3086.775,-0.2811511852401623,5.0,8.0,13.0,1.0,141,141,181,494,0.47538,0.46788247213779127,0.0022105338367729072,0.0013348576831950971,0.11623779946761315,0.0,0.8571428571428571,0.07142857142857142,0.2857142857142857,0.15555555555555556,1.0,2.2748694025317686,0.6209567820058013,0.4605,0.17121707657421942,0.09959802102659246,0.2068060907346622,7.571428571428571,14.5,1.0000000000000002,1.0000000000000002,0.9395224095420904,0.334630225489612,-0.4069148905405433,-0.27226198704013643,0.049834924285541655,0.5967692730820217,0.1859770230809583,-0.35059557292141014,1.0,1.0,0.9285714285714286
M0139,433.0,1.0,0.0,0.0,13.0,59160.84,4550.833846153846,3627.88,2822.096053073963,13.0,9.0,6.0,12.0,1.0,0.0,0.0,0.0,0.0,0.0,1.0,10.0,57055.81,0.38461538461538464,0.3076923076923077,0.3076923076923077,0.0,1.0,1.4444444444444444,2.1666666666666665,1.0833333333333333,4930.07,-0.33357304077195377,9.0,6.0,13.0,0.0,111,111,143,494,0.45238,0.44242424242424244,0.0018155358496016395,0.0008799960499539557,0.13558013892462056,0.0,1.0,0.3076923076923077,0.46153846153846156,0.13333333333333333,1.8461538461538463,2.5763974953702484,0.618810028190356,0.5462,0.25213675213675213,0.1693223443223443,0.1944119982581521,5.230769230769231,7.538461538461538,1.0,1.0,1.0,0.3011940837892049,-0.43432366555104623,-0.16508697905653302,0.6152480835675055,-0.5157987390250419,-0.7212750108688117,-0.3984040601379661,1.0,1.0,1.0
M0140,616.0,1.0,0.0,0.0,8.0,8244.349999999999,1030.5437499999998,943.575,705.9898555308708,8.0,4.0,4.0,7.0,1.0,0.0,0.0,0.0,0.0,0.0,1.0,6.0,7950.18,0.5,0.25,0.125,0.125,1.0,2.0,2.0,1.1428571428571428,1177.7642857142855,-0.3446443164317798,4.0,4.0,8.0,1.0,106,106,119,494,0.44895,0.4384546271338724,0.001603366200902063,0.000992435030085068,0.4130434782608695,0.0,1.0,0.0,0.25,0.07777777777777778,1.75,1.8364880190676036,0.6964933457934515,0.4904,0.10501893939393939,0.1746031746031746,0.11651022588522589,10.375,6.0,1.0,1.0,1.0,0.3587350297909029,-0.5713675406035608,-0.5073031238206438,-0.7442726420401302,-0.5157987390250419,-0.7212750108688117,-0.6374464962207458,1.0,1.0,1.0
M0142,358.0,1.0,0.0,0.0,182.0,181956.18,999.7592307692307,741.54,1052.3567191582026,104.0,38.0,27.0,80.0,0.945054945054945,0.01098901098901099,0.04395604395604396,8.0,9212.27,0.0506290580512297,1.0,30.0,175062.63,0.5054945054945055,0.2692307692307692,0.016483516483516484,0.2087912087912088,1.75,4.7894736842105265,6.7407407407407405,2.275,2274.45225,-0.08605929575054377,37.0,27.0,103.0,0.0,332,332,845,494,0.32436,0.3202780912168311,0.009232308021355813,0.013642790053072581,0.05550159348534888,0.0,0.47802197802197804,0.5824175824175825,0.2857142857142857,0.8888888888888888,2.197802197802198,5.4950988749049365,0.9423302035223781,0.5666,0.14502391686457622,0.21191467262895836,0.20304004603455153,8.791208791208792,5.8901098901098905,1.0,0.9951241557170523,0.9901123995898354,0.4399214951094267,4.197759311223947,0.6602359732875545,-0.7561614894870562,0.16885849919468962,-0.5816977748765394,3.9521682765686243,1.0,0.9736842105263158,0.9903846153846154
M0146,339.0,1.0,0.0,0.0,46.0,73989.32,1608.4634782608698,1313.3600000000001,1070.6691195970602,34.0,8.0,19.0,34.0,0.9565217391304348,0.043478260869565216,0.0,0.0,0.0,0.0,1.0,22.0,69566.48,0.2826086956521739,0.41304347826086957,0.10869565217391304,0.1956521739130435,1.3529411764705883,5.75,2.4210526315789473,1.3529411764705883,2176.1564705882356,0.006554243634101384,8.0,18.0,33.0,0.0,201,201,318,494,0.41574,0.4099004975124378,0.0036494536107814267,0.003189643085912555,0.05317662529793707,0.021739130434782608,0.6739130434782609,0.32608695652173914,0.32608695652173914,0.37777777777777777,2.9565217391304346,4.610514057974854,0.8586739685719007,0.6603,0.21344893029675638,0.3902613087395696,0.19788804190978104,6.217391304347826,3.0869565217391304,0.985974462260229,1.0000000000000002,0.9776321771844912,0.379690887661019,0.47016590979555,-0.0654228965891099,-0.521082556323442,-0.5157987390250419,-0.16903464237764737,0.6055741714097086,0.9473684210526315,1.0,0.9705882352941176
M0147,288.0,1.0,0.0,0.0,159.0,249966.68,1572.1174842767296,1099.73,1449.5484209905383,98.0,32.0,26.0,75.0,0.9245283018867925,0.031446540880503145,0.0440251572327044,7.0,3166.63,0.01266820841881806,1.0,30.0,234449.35,0.4088050314465409,0.39622641509433965,0.06918238993710692,0.12578616352201258,1.6224489795918366,4.96875,6.115384615384615,2.12,3332.8890666666666,0.10757466340707889,32.0,25.0,97.0,0.0,318,318,789,494,0.33207,0.3278574688014602,0.00871126091071648,0.01305051274506734,0.031931524447815246,0.025157232704402517,0.7232704402515723,0.2389937106918239,0.3081761006289308,0.8333333333333334,2.830188679245283,3.5589663390336668,0.750453541898788,0.6458,0.38457122891085155,0.27937240956108883,0.2001107906768284,2.9559748427672954,4.540880503144654,0.9956004936337914,0.9999999999999999,0.9821775846284793,0.38822939868092265,3.5673574859823796,1.1173431131057068,-0.5351192211336053,0.16993500428622998,-0.3218558764255168,3.6653173532692884,0.9615384615384616,1.0,0.9897959183673469
M0148,121.0,1.0,0.0,0.0,3.0,1692.17,564.0566666666667,481.57,169.51681489850301,3.0,2.0,3.0,3.0,1.0,0.0,0.0,0.0,0.0,0.0,1.0,3.0,1649.54,0.6666666666666666,0.3333333333333333,0.0,0.0,1.0,1.5,1.0,1.0,564.0566666666667,-0.6360067709172981,2.0,3.0,3.0,0.0,39,39,44,494,0.58333,0.5614035087719298,0.0007669798953432774,7.726699198274051e-05,0.3043478260869565,0.0,0.6666666666666666,0.3333333333333333,0.0,0.03333333333333333,1.0,1.3456626698263174,0.3005315332948279,0.6527,0.20833333333333334,0.1623931623931624,0.24458874458874458,5.333333333333333,9.666666666666666,1.0,1.0,1.0,0.12113046167520376,-0.7084114156560753,-0.5513411511748568,-0.9244279248995819,-0.5157987390250419,-0.7212750108688117,-0.8764889323035254,1.0,1.0,1.0
M0153,294.0,1.0,0.0,0.0,11.0,15263.41,1387.5827272727272,781.76,1674.385169046184,11.0,7.0,4.0,11.0,0.9090909090909091,0.09090909090909091,0.0,0.0,0.0,0.0,1.0,8.0,13882.29,0.2727272727272727,0.45454545454545453,0.09090909090909091,0.18181818181818182,1.0,1.5714285714285714,2.75,1.0,1387.5827272727272,2.5347592152994625,7.0,4.0,11.0,1.0,103,103,122,494,0.53846,0.5294117647058824,0.0015719636897674944,0.0005647564981516238,0.12037369744879627,0.0,0.7272727272727273,0.2727272727272727,0.2727272727272727,0.12222222222222222,1.0,4.376387714147756,1.2066921388803697,0.6091,0.22727272727272727,0.18285880785880784,0.17276662731208184,4.636363636363637,6.181818181818182,1.0,1.0,1.0,0.49665024811859937,-0.48914121557205203,-0.4601271371595841,-0.6063857417581447,-0.5157987390250419,0.4334093959763502,-0.49402103457107793,1.0,1.0,1.0
M0157,63.0,0.0,1.0,0.0,5.0,6131.31,1226.2620000000002,1123.81,604.5134103309867,5.0,5.0,4.0,5.0,1.0,0.0,0.0,0.0,0.0,0.0,1.0,5.0,5949.82,0.2,0.4,0.4,0.0,1.0,1.0,1.25,1.0,1226.2620000000002,-0.5930940956996427,5.0,4.0,5.0,1.0,69,69,78,494,0.55362,0.5404944586530265,0.0011172342174016689,0.00021448457186754648,0.16521739130434787,0.0,0.8,0.2,0.4,0.05555555555555555,1.0,1.7903514909538094,0.4929724727105519,0.5515,0.195,0.2658008658008658,0.17055555555555554,5.4,7.0,0.9999999999999999,0.9999999999999999,0.9999999999999999,0.23589151421140483,-0.6535938656350696,-0.5215051319035332,-0.6686871050568655,-0.5157987390250419,-0.7212750108688117,-0.7808719578704135,1.0,1.0,1.0
M0159,543.0,1.0,0.0,0.0,49.0,214797.68,4383.626122448979,3926.92,2393.9414669421362,39.0,21.0,9.0,39.0,1.0,0.0,0.0,0.0,0.0,0.0,1.0,25.0,207871.57,0.2857142857142857,0.32653061224489793,0.3673469387755102,0.02040816326530612,1.2564102564102564,2.3333333333333335,5.444444444444445,1.2564102564102564,5507.63282051282,0.2288002284441147,21.0,9.0,39.0,0.0,214,214,353,494,0.41356,0.4080558115045413,0.0040497813846877995,0.004215415153263359,0.043876645600564965,0.0,0.6530612244897959,0.30612244897959184,0.3877551020408163,0.43333333333333335,2.3877551020408165,2.381740110042157,0.5803111203229501,0.547,0.17436831875607386,0.17245928674500102,0.1942569335426478,6.3061224489795915,6.530612244897959,1.0000000000000002,1.0000000000000002,1.0000000000000002,0.32034265680699814,0.5523922348270588,0.8809678328142136,0.5506731878488809,-0.5157987390250419,-0.7212750108688117,0.8446166074924882,1.0,1.0,1.0
M0161,359.0,1.0,0.0,0.0,4.0,5476.3,1369.075,1020.71,909.5210974463431,4.0,3.0,4.0,4.0,0.75,0.25,0.0,0.0,0.0,0.0,1.0,3.0,4547.5,0.75,0.25,0.0,0.0,1.0,1.3333333333333333,1.0,1.0,1369.075,-0.8216903814665235,3.0,4.0,4.0,1.0,62,62,63,494,0.44444,0.4262295081967213,0.0009908387617864679,0.0002817165321098753,0.21739130434782608,0.25,0.75,0.25,0.25,0.044444444444444446,1.0,1.9705859795847562,0.6643325584400729,0.3088,0.17063492063492064,0.18452380952380953,0.2648809523809524,8.0,7.0,1.0,1.0,1.0,0.2860800175299536,-0.6810026406455725,-0.5259075366447465,-0.6135333455418945,-0.5157987390250419,2.454107107955384,-0.8286804450869695,1.0,1.0,1.0
M0162,629.0,1.0,0.0,0.0,9.0,23313.75,2590.4166666666665,1219.34,2956.6074565623353,9.0,8.0,5.0,8.0,0.8888888888888888,0.1111111111111111,0.0,0.0,0.0,0.0,1.0,7.0,21803.4,0.5555555555555556,0.3333333333333333,0.0,0.1111111111111111,1.0,1.125,1.8,1.125,2914.21875,-0.07771113742278274,8.0,5.0,9.0,0.0,98,98,164,494,0.51268,0.5026299179465601,0.0020082797594513486,0.0005655107253979131,0.17552334943639292,0.0,0.6666666666666666,0.3333333333333333,0.2222222222222222,0.08888888888888889,1.7777777777777777,3.412067127767948,1.0715682515279963,0.4459,0.14131393298059963,0.15854700854700854,0.11816979316979317,7.444444444444445,8.333333333333334,1.0,1.0,1.0,0.4842919414508346,-0.5439587655930579,-0.40601978767731794,-0.14185650541566538,-0.5157987390250419,0.6900059308308305,-0.5896380090041898,1.0,1.0,1.0
M0163,260.0,1.0,0.0,0.0,7.0,54167.229999999996,7738.175714285714,6395.32,5300.371815457405,6.0,6.0,3.0,6.0,1.0,0.0,0.0,0.0,0.0,0.0,1.0,6.0,52935.75,0.7142857142857143,0.14285714285714285,0.0,0.14285714285714285,1.1666666666666667,1.1666666666666667,2.3333333333333335,1.1666666666666667,9027.871666666666,-0.796267995513719,6.0,3.0,6.0,1.0,69,69,80,494,0.56398,0.551150895140665,0.0011443961057853906,0.00026234938840178875,0.10559006211180123,0.0,0.5714285714285714,0.2857142857142857,0.0,0.06666666666666667,1.7142857142857142,2.026414494520026,0.5737881432913483,0.4341,0.15079365079365079,0.19642857142857142,0.168301936159079,7.714285714285714,5.571428571428571,1.0,1.0,1.0,0.27196895613823235,-0.5987763156140637,-0.1986496610610371,1.8461856514845953,-0.5157987390250419,-0.7212750108688117,-0.7330634706538576,1.0,1.0,1.0
M0167,179.0,0.0,0.0,1.0,40.0,88845.55,2221.13875,1577.955,1846.9197313867153,30.0,12.0,5.0,31.0,0.95,0.025,0.025,1.0,1160.59,0.013063006532122317,1.0,21.0,85932.52,0.4,0.325,0.15,0.125,1.3333333333333333,3.3333333333333335,8.0,1.2903225806451613,2865.985483870968,1.0034657369711175,12.0,5.0,30.0,0.0,175,175,285,494,0.43935,0.4329064039408867,0.0033018091431190975,0.002395091215666809,0.03869565217391306,0.0,0.75,0.25,0.325,0.34444444444444444,2.325,3.6865085533265307,0.9739423107791857,0.5207,0.18833333333333332,0.19310606060606061,0.16796529859029857,5.55,5.5,0.9999999999999999,0.9999999999999999,0.9999999999999999,0.4590721473315737,0.3057132597325325,0.034427697124811175,-0.284470030865189,-0.12639993478756964,-0.4037367989863922,0.41434022254348485,1.0,1.0,1.0
M0176,118.0,1.0,0.0,0.0,93.0,128078.96,1377.19311827957,856.12,1726.3440839008654,57.0,22.0,13.0,56.0,0.9139784946236559,0.06451612903225806,0.021505376344086023,2.0,3189.87,0.02490549579728005,1.0,29.0,118691.84,0.3978494623655914,0.3870967741935484,0.0967741935483871,0.11827956989247312,1.631578947368421,4.2272727272727275,7.153846153846154,1.6607142857142858,2287.1242857142856,-0.550092131253953,22.0,13.0,57.0,0.0,266,266,532,494,0.37667,0.3719676549865229,0.005980210644580122,0.007983747140295698,0.04302583359724925,0.010752688172043012,0.6451612903225806,0.3870967741935484,0.3010752688172043,0.6222222222222222,2.4086021505376345,6.2632188768553405,1.223303371246151,0.5187,0.17110855094726063,0.19193975081071854,0.16977699719635203,6.021505376344086,6.182795698924731,1.0,1.0,1.0,0.5268264229904954,1.7583783352891873,0.29812038914167477,-0.6103981635675261,-0.1808320257024851,0.0981784391503354,1.7051693773904952,1.0,1.0,1.0
M0177,162.0,1.0,0.0,0.0,5.0,2548.42,509.684,462.08,254.69130654578694,5.0,3.0,3.0,5.0,1.0,0.0,0.0,0.0,0.0,0.0,1.0,4.0,2504.65,0.8,0.0,0.0,0.2,1.0,1.6666666666666667,1.6666666666666667,1.0,509.684,-0.668641433534467,3.0,3.0,5.0,0.0,45,45,49,494,0.4657,0.4414141414141414,0.000844957823696043,0.00018259603342632197,0.24869565217391307,0.0,0.8,0.0,0.4,0.05555555555555555,1.0,1.834940865320473,0.49970433944519915,0.4311,0.1819047619047619,0.18,0.24166666666666664,5.6,5.6,1.0,1.0,1.0,0.23022421735802556,-0.6535938656350696,-0.5455861870374178,-0.9454264123028366,-0.5157987390250419,-0.7212750108688117,-0.7808719578704135,1.0,1.0,1.0
M0186,508.0,1.0,0.0,0.0,4.0,9251.75,2312.9375,2317.7400000000002,1217.9953954312252,4.0,3.0,3.0,4.0,1.0,0.0,0.0,0.0,0.0,0.0,1.0,4.0,8956.880000000001,0.25,0.75,0.0,0.0,1.0,1.3333333333333333,1.3333333333333333,1.0,2312.9375,1.1014813896031188,3.0,3.0,4.0,1.0,61,61,68,494,0.49815,0.4814207650273224,0.0010584591595830513,0.0003624058246264865,0.34782608695652173,0.0,1.0,0.0,0.0,0.044444444444444446,1.0,1.5751787499662226,0.5266010843056613,0.4007,0.15795454545454546,0.19423076923076923,0.12438949938949939,7.75,6.5,1.0,1.0,1.0,0.25242440619335466,-0.6810026406455725,-0.5005322614883156,-0.24901775284235536,-0.5157987390250419,-0.7212750108688117,-0.8286804450869695,1.0,1.0,1.0
M0188,357.0,1.0,0.0,0.0,5.0,7979.42,1595.884,1707.6,1048.25953185745,5.0,5.0,4.0,4.0,1.0,0.0,0.0,0.0,0.0,0.0,1.0,4.0,7710.58,0.4,0.4,0.0,0.2,1.0,1.0,1.25,1.25,1994.855,10.0,5.0,4.0,5.0,1.0,66,66,75,494,0.4948,0.47925407925407926,0.0011039214713841317,0.0003024681145799821,0.3321739130434783,0.0,1.0,0.0,0.2,0.044444444444444446,1.6,2.4354602214196017,1.0014260494461,0.3833,0.18714285714285714,0.16857142857142857,0.15634920634920635,5.6,6.0,1.0,1.0,1.0,0.4457924260157863,-0.6535938656350696,-0.509083751731805,-0.525940696120406,-0.5157987390250419,-0.7212750108688117,-0.7808719578704135,1.0,1.0,1.0
M0189,134.0,1.0,0.0,0.0,26.0,124115.31,4773.665769230769,4220.475,3356.967875294815,17.0,13.0,10.0,24.0,0.9615384615384616,0.0,0.038461538461538464,1.0,1840.46,0.014828629924865838,1.0,20.0,120722.45999999999,0.15384615384615385,0.15384615384615385,0.6153846153846154,0.07692307692307693,1.5294117647058822,2.0,2.6,1.0833333333333333,5171.47125,0.9679309305862436,13.0,10.0,17.0,0.0,152,152,210,494,0.42793,0.42035552457302194,0.0025515982156501717,0.002073554302409411,0.073835863133522,0.0,0.8076923076923077,0.3076923076923077,0.34615384615384615,0.26666666666666666,1.8461538461538463,2.7136997039285484,0.6583686213795765,0.4644,0.20608974358974358,0.1568652501344809,0.18041584483892176,5.961538461538462,7.5,1.0,1.0,1.0,0.35393811408117065,-0.07800959041450832,0.2714801980720572,0.7013048031773669,0.08327634441722315,-0.7212750108688117,-0.20717011127174234,1.0,1.0,1.0
M0192,97.0,1.0,0.0,0.0,4.0,5660.71,1415.1775,1510.455,707.274102658698,4.0,3.0,2.0,4.0,0.75,0.25,0.0,0.0,0.0,0.0,1.0,3.0,4340.49,0.5,0.25,0.0,0.25,1.0,1.3333333333333333,2.0,1.0,1415.1775,0.370203661212253,3.0,2.0,4.0,1.0,56,56,60,494,0.49499,0.4766233766233766,0.0009612963484578745,0.00025461416488984555,0.21739130434782608,0.25,0.5,0.25,0.5,0.044444444444444446,1.0,1.4868664884793605,0.4997776622781936,0.4618,0.1381578947368421,0.15267857142857144,0.20277777777777778,9.25,6.75,1.0,1.0,1.0,0.23804831902701337,-0.6810026406455725,-0.5246680937990996,-0.595728760538856,-0.5157987390250419,2.454107107955384,-0.8286804450869695,1.0,1.0,1.0
M0199,332.0,1.0,0.0,0.0,10.0,43108.45,4310.844999999999,3818.7200000000003,2636.356669194355,9.0,8.0,4.0,9.0,0.9,0.1,0.0,0.0,0.0,0.0,1.0,8.0,35178.619999999995,0.4,0.4,0.1,0.1,1.1111111111111112,1.25,2.5,1.1111111111111112,4789.827777777778,-0.49007497707535463,8.0,3.0,9.0,1.0,92,92,100,494,0.45582,0.4438604873387482,0.0013898057002906632,0.0006341804608727627,0.14434782608695654,0.0,0.6,0.6,0.2,0.1,1.7999999999999998,3.1367223827347077,0.914669225281757,0.7589,0.4381818181818182,0.2311111111111111,0.2555952380952381,4.6,5.2,0.7773083931340607,1.0,1.0,0.4232756119868631,-0.516549990582555,-0.27297711484652887,0.5225654348797486,-0.5157987390250419,0.5488778366608664,-0.5896380090041898,0.75,1.0,1.0
M0201,121.0,1.0,0.0,0.0,15.0,84757.34,5650.489333333333,2801.62,5735.4215237946255,14.0,6.0,8.0,13.0,0.8666666666666667,0.06666666666666667,0.06666666666666667,1.0,780.02,0.009202978762665275,1.0,12.0,75042.08,0.3333333333333333,0.26666666666666666,0.3333333333333333,0.06666666666666667,1.0714285714285714,2.5,1.875,1.1538461538461537,6519.795384615384,-0.012144685509824725,6.0,8.0,14.0,1.0,120,120,153,494,0.46061,0.4515406162464986,0.0019257400102042077,0.0009860208568682916,0.06318840579710146,0.06666666666666667,0.8,0.26666666666666666,0.2,0.14444444444444443,1.7333333333333334,3.422532255023577,1.0319186746479596,0.3854,0.18809523809523812,0.13785714285714287,0.17515873015873015,7.133333333333334,7.8,1.0000000000000002,1.0000000000000002,1.0000000000000002,0.49513326470059216,-0.3795061155300404,0.006950322600642527,1.0399302503815608,0.5225980722748842,0.12549355415097366,-0.35059557292141014,1.0,1.0,1.0
M0202,614.0,0.0,1.0,0.0,8.0,20540.62,2567.5775,1343.665,2475.9950425622537,8.0,6.0,4.0,8.0,1.0,0.0,0.0,0.0,0.0,0.0,1.0,8.0,19823.17,0.875,0.125,0.0,0.0,1.0,1.3333333333333333,2.0,1.0,2567.5775,1.1021285335862483,6.0,4.0,8.0,1.0,84,84,97,494,0.49216,0.4799196787148594,0.001342868388150995,0.0005428606374461845,0.11956521739130435,0.0,0.75,0.125,0.5,0.08888888888888889,1.0,2.854313063578412,0.9643311808746781,0.3891,0.21145833333333333,0.13887310606060604,0.24077380952380953,5.25,8.375,1.0,1.0,1.0,0.4732024885324497,-0.5713675406035608,-0.4246583438215003,-0.15067689225618883,-0.5157987390250419,-0.7212750108688117,-0.6374464962207458,1.0,1.0,1.0
M0203,151.0,1.0,0.0,0.0,90.0,92901.41,1032.2378888888888,744.3299999999999,1045.0982685879858,58.0,21.0,24.0,51.0,0.8777777777777778,0.07777777777777778,0.044444444444444446,4.0,1774.67,0.01910272405983935,1.0,29.0,84042.82,0.6444444444444445,0.16666666666666666,0.03333333333333333,0.15555555555555556,1.5517241379310345,4.285714285714286,3.75,1.7647058823529411,1821.596274509804,-0.036736560461150744,21.0,24.0,58.0,1.0,272,272,569,494,0.3652,0.3605111786411982,0.006308690486494721,0.007755753196149908,0.07916264090177132,0.0,0.45555555555555555,0.6333333333333333,0.3333333333333333,0.5666666666666667,2.8333333333333335,6.056418842297441,1.042378404117188,0.5311,0.1970947570947571,0.19860229276895944,0.1826868701378505,5.677777777777778,5.611111111111111,1.0,1.0,1.0,0.46170419781994754,1.6761520102576783,0.06168764322288209,-0.7436183729689481,0.17646580184157548,0.26662164832093793,1.7529778646070513,1.0,1.0,1.0
M0206,172.0,1.0,0.0,0.0,22.0,209541.88,9524.630909090909,6080.785,13767.041653277069,19.0,7.0,9.0,20.0,0.7727272727272727,0.045454545454545456,0.18181818181818182,4.0,24801.54,0.11836077828451286,1.0,14.0,197579.54,0.18181818181818182,0.6363636363636364,0.18181818181818182,0.0,1.1578947368421053,3.142857142857143,2.4444444444444446,1.1,10477.094000000001,-0.25723566322217223,7.0,9.0,18.0,1.0,130,130,184,494,0.48009,0.4720333929636255,0.0022401429609568684,0.0011436786565829484,0.10312612288896872,0.0,0.8636363636363636,0.13636363636363635,0.36363636363636365,0.2222222222222222,1.8181818181818181,7.364724416904153,1.5338093025447996,0.7057,0.21883116883116882,0.13105404696313785,0.24913583890856617,6.318181818181818,8.5,1.0,1.0,0.9408364094089449,0.4802545152310353,-0.18764469045652,0.8456429387837883,2.5361068785336482,2.316192564520211,-0.14393280744623077,-0.11155313683863045,1.0,1.0,0.9473684210526315
M0208,370.0,1.0,0.0,0.0,26.0,80128.36,3081.86,1795.04,2533.6201362556308,25.0,6.0,12.0,21.0,0.8846153846153846,0.11538461538461539,0.0,0.0,0.0,0.0,1.0,17.0,69051.86,0.11538461538461539,0.6153846153846154,0.19230769230769232,0.07692307692307693,1.04,4.333333333333333,2.1666666666666665,1.2380952380952381,3815.6361904761907,-0.6909167070743243,6.0,12.0,24.0,0.0,182,182,266,494,0.42743,0.4211037581203327,0.0031208568147063354,0.0027919651628503265,0.05839979418574736,0.0,0.8461538461538461,0.23076923076923078,0.5384615384615384,0.23333333333333334,2.423076923076923,2.539762575946893,0.7693418356478329,0.4918,0.1433730012677381,0.2490842490842491,0.1839285714285714,8.692307692307692,4.5,1.0000000000000002,1.0000000000000002,0.9723000695384255,0.4111590096547208,-0.07800959041450832,-0.024161635230507506,0.04793677266057698,-0.5157987390250419,0.7442859670500477,0.17529778646070515,1.0,1.0,0.96
M0214,411.0,1.0,0.0,0.0,64.0,167894.21,2623.34703125,1882.01,2945.9930483725334,50.0,16.0,14.0,50.0,0.90625,0.0625,0.03125,2.0,2966.38,0.017668149485321742,1.0,26.0,146266.03,0.375,0.421875,0.203125,0.0,1.28,4.0,4.571428571428571,1.28,3357.8842,-0.06494282740389004,16.0,14.0,50.0,0.0,263,263,451,494,0.3755,0.3707369459843845,0.00509126075638827,0.006769541112512697,0.04466711956521739,0.015625,0.765625,0.21875,0.296875,0.5555555555555556,2.34375,8.259436105628657,1.216643307889676,0.7489,0.18893229166666667,0.13466364364801864,0.18786053356365856,5.609375,10.3125,1.0000000000000002,1.0000000000000002,1.0000000000000002,0.45066588180735895,0.9635238599846025,0.5657237011103368,-0.12913894182572971,-0.029050233728201584,0.07257051883723707,1.3705099668746035,1.0,1.0,1.0
M0216,681.0,1.0,0.0,0.0,77.0,521959.64999999997,6778.696753246752,3529.04,13415.523579754286,60.0,20.0,15.0,52.0,0.8311688311688312,0.12987012987012986,0.03896103896103896,3.0,4720.3,0.009043419352434618,1.0,27.0,470500.48,0.33766233766233766,0.2727272727272727,0.35064935064935066,0.03896103896103896,1.2833333333333334,3.85,5.133333333333334,1.4807692307692308,10037.685576923077,-0.053810229442191514,19.0,15.0,60.0,1.0,271,271,514,494,0.36558,0.36088560885608856,0.0058164272675661315,0.008739003220472006,0.029207946203993633,0.012987012987012988,0.6493506493506493,0.33766233766233766,0.22077922077922077,0.5777777777777777,2.0259740259740258,10.808352101546546,1.7084819943906948,0.7016,0.23771387342815914,0.3060502989074418,0.18293474202565113,4.441558441558442,4.961038961038961,1.0,0.7977194405736152,1.0,0.5478245547996196,1.3198379351211404,2.94544213557054,1.4756390494468463,0.09105654030608369,0.9282741417671339,1.848594839040163,1.0,0.95,1.0
M0222,242.0,1.0,0.0,0.0,2.0,1955.16,977.58,977.58,775.469864791663,2.0,1.0,2.0,2.0,1.0,0.0,0.0,0.0,0.0,0.0,1.0,2.0,1901.18,0.5,0.0,0.0,0.5,1.0,2.0,1.0,1.0,977.58,2.554934302488119,1.0,2.0,2.0,1.0,34,34,35,494,0.5916,0.5668449197860963,0.0006735777573411914,5.135979680961134e-05,0.47826086956521735,0.0,0.0,1.0,1.0,0.022222222222222223,1.0,1.560915730681888,0.7932546336787403,0.2052,0.2916666666666667,0.16666666666666666,0.11688311688311688,7.0,6.0,1.0,1.0,1.0,0.28045786534022676,-0.7358201906665783,-0.5495735622481355,-0.7647270119540109,-0.5157987390250419,-0.7212750108688117,-0.9242974195200814,1.0,1.0,1.0
M0224,588.0,0.0,1.0,0.0,39.0,85504.68,2192.4276923076923,1820.12,1409.6440592994456,35.0,11.0,13.0,30.0,0.8974358974358975,0.05128205128205128,0.05128205128205128,2.0,4979.55,0.05823716315878851,1.0,17.0,78680.06,0.5641025641025641,0.2564102564102564,0.07692307692307693,0.10256410256410256,1.1142857142857143,3.5454545454545454,3.0,1.3,2850.156,-0.5664814427348227,11.0,13.0,34.0,1.0,194,194,307,494,0.40122,0.3950109502697505,0.0035604894997333424,0.0033809028973064183,0.04364977274676269,0.0,0.7948717948717948,0.20512820512820512,0.2564102564102564,0.3333333333333333,2.3076923076923075,3.1606445401585037,0.6733467193244165,0.4842,0.16957671957671958,0.1885133385133385,0.2057091057091057,6.153846153846154,6.3076923076923075,1.0,1.0,0.9371165414571461,0.34091227910955546,0.27830448472202957,0.011973288905429235,-0.29555811648331903,0.2829680388979781,-0.06991457623820761,0.6533826586262645,1.0,1.0,0.9714285714285714
M0225,351.0,0.0,1.0,0.0,5.0,4996.53,999.3059999999999,1060.77,294.6237183765081,5.0,4.0,3.0,5.0,1.0,0.0,0.0,0.0,0.0,0.0,1.0,5.0,4895.5,0.2,0.6,0.2,0.0,1.0,1.25,1.6666666666666667,1.0,999.3059999999999,-0.4943952606806444,4.0,3.0,5.0,0.0,49,49,57,494,0.62857,0.6130952380952381,0.0008933904334056606,9.466369299579992e-05,0.24869565217391307,0.0,0.2,0.2,0.2,0.05555555555555555,1.0,1.387532947865819,0.29482832923699864,0.3478,0.29,0.14136363636363636,0.2007936507936508,3.8,8.0,1.0,1.0,1.0,0.14726300052230357,-0.6535938656350696,-0.5291321312657323,-0.7563365252390601,-0.5157987390250419,-0.7212750108688117,-0.7808719578704135,1.0,1.0,1.0
M0229,394.0,1.0,0.0,0.0,149.0,1250666.61,8393.735637583894,6700.56,6586.665933484771,89.0,34.0,26.0,74.0,0.959731543624161,0.040268456375838924,0.0,0.0,0.0,0.0,1.0,30.0,1180563.72,0.24161073825503357,0.5100671140939598,0.174496644295302,0.0738255033557047,1.6741573033707866,4.382352941176471,5.730769230769231,2.0135135135135136,16900.900135135136,0.2503437412215898,33.0,26.0,87.0,1.0,318,318,770,494,0.33935,0.335178461599508,0.008437328398562113,0.010925516348807052,0.12079166038349233,0.0,0.3691275167785235,0.7449664429530202,0.2214765100671141,0.8222222222222222,2.483221476510067,5.312358470975731,0.8481854508822043,0.5901,0.21930329178651328,0.21762277617982315,0.19585268385603957,6.684563758389261,5.543624161073826,0.9999999999999998,0.9962823905565049,0.9877359322801462,0.41148920714910325,3.2932697358773506,7.84317343075556,2.099360042872219,-0.5157987390250419,-0.20980406555484746,3.235040968320285,1.0,0.9705882352941176,0.9775280898876404
M0230,347.0,1.0,0.0,0.0,22.0,31605.11,1436.5959090909091,1197.74,904.6642847180232,20.0,7.0,8.0,19.0,1.0,0.0,0.0,0.0,0.0,0.0,1.0,15.0,30781.79,0.4090909090909091,0.4090909090909091,0.13636363636363635,0.045454545454545456,1.1,3.142857142857143,2.75,1.1578947368421053,1663.4268421052632,-0.42076942064600076,7.0,8.0,19.0,1.0,143,143,187,494,0.42677,0.4186939820742638,0.0023434196940394147,0.002199665970050945,0.03844771828961548,0.045454545454545456,0.7272727272727273,0.2727272727272727,0.3181818181818182,0.2111111111111111,1.7272727272727273,2.119095298197032,0.5191448960588638,0.4509,0.2842712842712843,0.19848484848484846,0.2032111827566373,3.8636363636363638,7.136363636363637,1.0000000000000002,1.0000000000000002,0.9856333358751165,0.2764669850440029,-0.18764469045652,-0.3502925124065489,-0.5874570640953021,-0.5157987390250419,-0.7212750108688117,-0.06374464962207452,1.0,1.0,0.95
M0236,200.0,1.0,0.0,0.0,18.0,30968.35,1720.4638888888887,1319.525,1444.418004974928,17.0,8.0,8.0,15.0,0.8888888888888888,0.05555555555555555,0.05555555555555555,1.0,1155.76,0.0373206838594888,1.0,12.0,28147.16,0.3333333333333333,0.4444444444444444,0.1111111111111111,0.1111111111111111,1.0588235294117647,2.25,2.25,1.2,2064.5566666666664,0.9671071415568515,8.0,8.0,17.0,1.0,143,143,194,494,0.46222,0.4546439476016941,0.0023447831283030444,0.0014040775531530445,0.10466988727858295,0.0,0.7777777777777778,0.2777777777777778,0.4444444444444444,0.16666666666666666,1.6666666666666667,2.8290819497971316,0.8666583429304859,0.5217,0.24629629629629632,0.25350729517396187,0.1495556912223579,4.611111111111111,7.0,1.0,1.0,1.0,0.4435311535809852,-0.29727979049853165,-0.3545722565982635,-0.4778284848218577,0.34953193705822977,-0.015634540018990613,-0.20717011127174234,1.0,1.0,1.0
M0238,748.0,1.0,0.0,0.0,7.0,30712.89,4387.555714285714,3945.76,3641.429890596353,7.0,6.0,4.0,6.0,0.8571428571428571,0.14285714285714285,0.0,0.0,0.0,0.0,1.0,5.0,28608.449999999997,0.0,0.2857142857142857,0.42857142857142855,0.2857142857142857,1.0,1.1666666666666667,1.75,1.1666666666666667,5118.815,-0.5899390530846486,6.0,4.0,7.0,0.0,77,77,88,494,0.47786,0.46411483253588515,0.0012816791106715704,0.0006139450605522099,0.19077196095829632,0.0,0.7142857142857143,0.42857142857142855,0.2857142857142857,0.06666666666666667,1.7142857142857142,2.236822389556958,0.7040271343565856,0.7799,0.1714904143475572,0.21753246753246752,0.19047619047619047,6.285714285714286,6.571428571428571,1.0,1.0,1.0,0.33470610114079485,-0.5987763156140637,-0.35628923544620533,0.5521907791266727,-0.5157987390250419,1.0932290570307284,-0.6852549834373017,1.0,1.0,1.0
M0239,131.0,0.0,1.0,0.0,23.0,32992.3,1434.4478260869566,972.23,1417.5615450995626,22.0,3.0,7.0,22.0,1.0,0.0,0.0,0.0,0.0,0.0,1.0,17.0,32296.41,0.30434782608695654,0.43478260869565216,0.043478260869565216,0.21739130434782608,1.0454545454545454,7.666666666666667,3.2857142857142856,1.0454545454545454,1499.65,-0.16572689193832293,3.0,7.0,22.0,1.0,130,130,170,494,0.43711,0.4283840190816935,0.0021654111394693427,0.001965412806214983,0.07290211227089667,0.0,0.6956521739130435,0.30434782608695654,0.34782608695652173,0.24444444444444444,1.9130434782608696,3.6786983629513554,0.9796522383511459,0.5418,0.2975845410628019,0.31264822134387354,0.17967298402081008,4.304347826086956,4.086956521739131,1.0,1.0,1.0,0.4652231801745412,-0.16023591544601706,-0.34096903363070774,-0.5882866444095465,-0.5157987390250419,-0.7212750108688117,0.03187232481103735,1.0,1.0,1.0
M0249,333.0,1.0,0.0,0.0,35.0,20810.4,594.5828571428572,424.24,622.4705692668219,28.0,6.0,10.0,31.0,0.9142857142857143,0.05714285714285714,0.02857142857142857,1.0,287.26,0.013803675085534154,1.0,23.0,19845.09,0.7142857142857143,0.14285714285714285,0.05714285714285714,0.08571428571428572,1.25,5.833333333333333,3.5,1.1290322580645162,671.3032258064517,-0.0007186130384075018,6.0,10.0,28.0,1.0,154,154,228,494,0.44667,0.4394363806128512,0.0027187179412573852,0.0020632510002114974,0.042555456965394846,0.17142857142857143,0.7142857142857143,0.02857142857142857,0.3142857142857143,0.34444444444444444,1.7714285714285714,4.689147733825394,1.035653773034106,0.5596,0.2563492063492063,0.2073015873015873,0.19464781250495536,4.828571428571428,5.6571428571428575,1.0,1.0,1.0,0.4549139202111033,0.16866938468001794,-0.4228451184492395,-0.9126388428942184,-0.07077153418221649,0.004526616291004293,0.31872324811037295,1.0,1.0,1.0
M0254,819.0,1.0,0.0,0.0,76.0,118824.98,1563.4865789473683,1214.22,1050.7149193567243,49.0,22.0,13.0,56.0,0.868421052631579,0.10526315789473684,0.02631578947368421,2.0,1856.1799999999998,0.015621126130212687,1.0,26.0,104758.79,0.42105263157894735,0.25,0.13157894736842105,0.19736842105263158,1.5510204081632653,3.4545454545454546,5.846153846153846,1.3571428571428572,2121.8746428571426,-0.3058404422937006,22.0,12.0,49.0,0.0,248,248,479,494,0.3803,0.3752775238343999,0.00533985566109672,0.005785377573675458,0.03745634108153679,0.013157894736842105,0.7763157894736842,0.27631578947368424,0.27631578947368424,0.6222222222222222,2.2105263157894735,2.87225261893585,0.607519002836091,0.6113,0.33771929824561403,0.14747405372405373,0.15663232965864546,5.5,8.131578947368421,0.8438027088243567,1.0000000000000002,1.0000000000000002,0.3161722241761425,1.2924291601106375,0.23592322356085427,-0.5384524392365235,-0.10590526088033429,0.6157279865308494,1.3227014796580476,0.9230769230769231,1.0,1.0
M0255,264.0,1.0,0.0,0.0,8.0,41179.04,5147.38,4640.245,2280.5672322347477,8.0,5.0,6.0,6.0,0.75,0.0,0.25,2.0,6595.99,0.1601783334434217,1.0,4.0,39328.49,0.125,0.75,0.125,0.0,1.0,1.6,1.3333333333333333,1.3333333333333333,6863.173333333333,-0.8217832688751545,5.0,6.0,7.0,1.0,83,83,91,494,0.465,0.4519541580957978,0.0012827889021698332,0.00047295686991009097,0.11956521739130435,0.0,1.0,0.125,0.5,0.06666666666666667,1.5,1.5912711903920054,0.4799257634046135,0.5712,0.24910714285714286,0.1789772727272727,0.28189484126984127,5.25,6.875,0.9999999999999998,0.9999999999999998,0.8336029688890271,0.24373702414301693,-0.5713675406035608,-0.2859449225620513,0.8456316138400414,3.378189303349681,-0.7212750108688117,-0.6374464962207458,1.0,1.0,0.875
M0256,467.0,1.0,0.0,0.0,27.0,149994.95,5555.368518518519,4328.44,4577.380052004643,22.0,14.0,7.0,26.0,0.8518518518518519,0.07407407407407407,0.07407407407407407,2.0,10555.51,0.07037243587200769,1.0,19.0,140927.56,0.37037037037037035,0.2962962962962963,0.2962962962962963,0.037037037037037035,1.2272727272727273,1.9285714285714286,3.857142857142857,1.0384615384615385,5769.036538461539,-0.5954466405323549,14.0,7.0,21.0,1.0,174,174,240,494,0.41281,0.4060195335858083,0.0028970303891539457,0.0030700498715313758,0.05528717122920017,0.037037037037037035,0.7407407407407407,0.25925925925925924,0.3333333333333333,0.28888888888888886,1.9259259259259258,2.9811251645472066,0.8053884069824788,0.5472,0.19335684891240448,0.19791566458233126,0.20250521083854417,5.2592592592592595,6.0,1.0,1.0,0.9932729068545307,0.416461320864468,-0.0506008154040054,0.44542051934485266,1.0031950053747032,0.6379754957526537,0.2195789502642831,0.03187232481103735,1.0,1.0,0.9545454545454546
M0257,312.0,1.0,0.0,0.0,11.0,33576.0,3052.3636363636365,2391.46,2219.9351854379565,10.0,7.0,5.0,11.0,0.9090909090909091,0.09090909090909091,0.0,0.0,0.0,0.0,1.0,9.0,30647.82,0.45454545454545453,0.45454545454545453,0.0,0.09090909090909091,1.1,1.5714285714285714,2.2,1.0,3052.3636363636365,0.06689587033269408,7.0,5.0,9.0,0.0,91,91,115,494,0.46942,0.4576312576312576,0.001549482278029467,0.000741177958807149,0.0686309737693137,0.0,0.6363636363636364,0.36363636363636365,0.2727272727272727,0.12222222222222222,1.0,2.698892065761258,0.7272839837925161,0.5558,0.23441558441558438,0.23278993733539188,0.2225030020484566,4.7272727272727275,6.0,1.0,1.0,0.7546461758398856,0.35955677215325993,-0.48914121557205203,-0.3370459123845494,0.036545405302100264,-0.5157987390250419,0.4334093959763502,-0.5418295217876339,1.0,1.0,0.9
M0260,286.0,0.0,1.0,0.0,28.0,232646.22999999998,8308.793928571427,8169.6449999999995,5097.429818370227,25.0,10.0,5.0,25.0,0.9285714285714286,0.03571428571428571,0.03571428571428571,1.0,5270.03,0.02265254846381994,1.0,19.0,218597.52000000002,0.21428571428571427,0.4642857142857143,0.25,0.07142857142857142,1.12,2.8,5.6,1.12,9305.849199999999,-0.055095648376327556,10.0,5.0,24.0,0.0,160,160,224,494,0.45823,0.4514150943396226,0.0026386936580089925,0.0016162470058684883,0.14551907719609583,0.0,0.17857142857142858,0.8928571428571429,0.32142857142857145,0.2777777777777778,1.7857142857142856,2.5190436139885013,0.663838136386074,0.4488,0.14285714285714285,0.14896323914181056,0.24695552463409606,7.285714285714286,9.25,1.0000000000000002,1.0000000000000002,0.9472468563105451,0.3589079711285236,-0.02319204039350248,1.0009301862802413,2.0665559242579175,0.04048526702848987,-0.26764899389392677,0.17529778646070515,1.0,1.0,0.96
M0263,107.0,1.0,0.0,0.0,62.0,103076.83,1662.5295161290323,1277.97,1286.0819460384284,32.0,15.0,8.0,44.0,0.8387096774193549,0.0967741935483871,0.06451612903225806,4.0,3895.23,0.03778957889954512,1.0,25.0,93071.21,0.3709677419354839,0.43548387096774194,0.06451612903225806,0.12903225806451613,1.9375,4.133333333333334,7.75,1.4090909090909092,2342.655227272727,-0.3979521817226958,15.0,8.0,32.0,1.0,194,194,310,494,0.41454,0.4084717696704236,0.0035797165183040487,0.0030984007584575046,0.053160204497127085,0.016129032258064516,0.8225806451612904,0.20967741935483872,0.3387096774193548,0.4888888888888889,2.8387096774193545,3.890649334093802,0.8880216142260611,0.5501,0.295468509984639,0.15847315766670605,0.22091853039433684,3.532258064516129,7.274193548387097,0.9999999999999999,0.9999999999999999,0.9999999999999999,0.4248166480196452,0.9087063099635967,0.1300779231450768,-0.5002024876286596,0.4891014009426285,0.5079051641599089,0.5099571969765967,1.0,1.0,1.0
M0269,375.0,1.0,0.0,0.0,12.0,21855.010000000002,1821.2508333333335,1311.375,1719.5836919253468,12.0,9.0,7.0,12.0,0.75,0.25,0.0,0.0,0.0,0.0,1.0,7.0,19317.100000000002,0.4166666666666667,0.5,0.0,0.08333333333333333,1.0,1.3333333333333333,1.7142857142857142,1.0,1821.2508333333335,-0.6854785595666503,9.0,7.0,11.0,1.0,118,118,148,494,0.50278,0.4942778502100536,0.0018635467297474723,0.0008391955558233428,0.08695652173913045,0.0,0.8333333333333334,0.16666666666666666,0.3333333333333333,0.13333333333333333,1.0,3.422702620589055,0.9441772986195915,0.4041,0.16597222222222222,0.19662698412698412,0.23399470899470898,6.916666666666667,5.416666666666667,1.0,1.0,0.981838946767812,0.4654629533456911,-0.46173244056154916,-0.41582416301845393,-0.4389050051936891,-0.5157987390250419,2.454107107955384,-0.446212547354522,1.0,1.0,0.9166666666666666
M0272,595.0,1.0,0.0,0.0,8.0,49004.81,6125.60125,3396.295,6086.91429157063,7.0,6.0,5.0,7.0,1.0,0.0,0.0,0.0,0.0,0.0,1.0,7.0,47308.9,0.375,0.5,0.125,0.0,1.1428571428571428,1.3333333333333333,1.6,1.1428571428571428,7000.687142857142,10.0,6.0,5.0,7.0,0.0,82,82,92,494,0.49045,0.4778681120144535,0.0012856071781682994,0.0004478327473249632,0.21739130434782608,0.0,0.875,0.125,0.625,0.07777777777777778,1.75,2.73316741764737,0.8884320473141872,0.7638,0.2375,0.15295138888888887,0.225,4.875,10.75,1.0,1.0,1.0,0.42407201602103883,-0.5713675406035608,-0.23334693634558912,1.2234164063654718,-0.5157987390250419,-0.7212750108688117,-0.6852549834373017,1.0,1.0,1.0
M0278,448.0,1.0,0.0,0.0,28.0,22985.11,820.8967857142858,653.145,662.4814609512484,23.0,7.0,7.0,25.0,0.8928571428571429,0.07142857142857142,0.03571428571428571,1.0,273.59,0.01190292324030644,1.0,19.0,21474.8,0.35714285714285715,0.21428571428571427,0.10714285714285714,0.32142857142857145,1.2173913043478262,4.0,4.0,1.12,919.4044,-0.2584966545263338,7.0,6.0,23.0,1.0,141,141,199,494,0.43212,0.42401215805471126,0.0023911058546959717,0.0014837791078648414,0.07364685004436557,0.0,0.6428571428571429,0.5,0.25,0.2777777777777778,1.7857142857142856,3.2367802459940367,0.8084021212399547,0.4466,0.3821428571428571,0.20821995464852608,0.18537196930054073,4.821428571428571,5.0,0.6928211350739675,1.0000000000000002,1.0000000000000002,0.40170367685862024,-0.02319204039350248,-0.4082286185259345,-0.8252373879054085,0.04048526702848987,0.1859770230809583,0.07968081202759328,0.8571428571428571,1.0,1.0
M0282,106.0,1.0,0.0,0.0,4.0,14258.58,3564.645,3066.0299999999997,1867.4054563038349,4.0,4.0,4.0,3.0,0.75,0.0,0.25,1.0,1248.86,0.08758656191570267,1.0,3.0,13564.150000000001,0.25,0.5,0.25,0.0,1.0,1.0,1.0,1.3333333333333333,4752.86,2.6124418939420897,4.0,4.0,3.0,0.0,63,63,70,494,0.55655,0.5422427035330261,0.0010383292313514954,0.00021041058313016057,0.34782608695652173,0.0,0.75,0.25,0.25,0.03333333333333333,1.5,1.9524076030011406,0.8344713452388314,0.3284,0.23333333333333334,0.10833333333333334,0.3839285714285714,4.5,11.25,0.9999999999999999,0.9999999999999999,0.5624536244142123,0.34560664526192997,-0.6810026406455725,-0.4668807261980925,0.2343862400580496,3.378189303349681,-0.7212750108688117,-0.8286804450869695,1.0,1.0,0.75
M0288,204.0,1.0,0.0,0.0,23.0,15069.449999999999,655.1934782608695,593.84,420.888260647631,21.0,12.0,8.0,21.0,0.8260869565217391,0.17391304347826086,0.0,0.0,0.0,0.0,1.0,14.0,13591.27,0.5217391304347826,0.17391304347826086,0.08695652173913043,0.21739130434782608,1.0952380952380953,1.9166666666666667,2.875,1.0952380952380953,717.592857142857,-0.06357538453630779,12.0,8.0,20.0,1.0,156,156,195,494,0.39425,0.3864350703060381,0.002466657634736019,0.0029519383047956456,0.08079230706008055,0.043478260869565216,0.6956521739130435,0.0,0.34782608695652173,0.23333333333333334,1.826086956521739,3.082151637916447,0.7264983820325513,0.4156,0.20403726708074535,0.21680939833113747,0.2670064235281626,5.782608695652174,5.565217391304348,1.0000000000000002,1.0000000000000002,0.9532637222990887,0.36827526646861963,-0.16023591544601706,-0.4614307667585303,-0.8892312846103374,-0.5157987390250419,1.487686463095846,-0.015936162405518588,1.0,1.0,0.9523809523809523
M0289,177.0,1.0,0.0,0.0,122.0,104824.48,859.2170491803279,661.31,702.8594615770714,43.0,27.0,18.0,70.0,0.8524590163934426,0.01639344262295082,0.13114754098360656,16.0,8460.48,0.08071091790772537,1.0,30.0,98869.25,0.5573770491803278,0.21311475409836064,0.040983606557377046,0.1885245901639344,2.8372093023255816,4.518518518518518,6.777777777777778,1.7428571428571429,1497.4925714285714,-0.04814954535111878,27.0,18.0,41.0,1.0,255,255,455,494,0.35542,0.3503473830477073,0.005214730578982957,0.007781259529849718,0.060280663215825585,0.0,0.5163934426229508,0.5655737704918032,0.28688524590163933,0.7777777777777778,2.2950819672131146,4.4341188241525265,0.8071334698364304,0.5859,0.24196916471506635,0.17865224484076944,0.20206323730913894,4.352459016393443,6.655737704918033,1.0,1.0,0.9749461194560658,0.3955914278256917,2.5532328105937716,0.1418240989988522,-0.8104382688073123,1.5269490864830095,-0.513053232585258,1.035850556358712,1.0,1.0,0.9534883720930233
M0290,124.0,1.0,0.0,0.0,13.0,12296.310000000001,945.8700000000001,670.65,618.3892875177145,13.0,9.0,7.0,11.0,0.7692307692307693,0.23076923076923078,0.0,0.0,0.0,0.0,1.0,9.0,7869.46,0.5384615384615384,0.38461538461538464,0.0,0.07692307692307693,1.0,1.4444444444444444,1.8571428571428572,1.1818181818181819,1117.8463636363638,-0.06309433986040645,9.0,7.0,13.0,1.0,135,135,167,494,0.43965,0.4312880044223328,0.0020908909245433444,0.0014224971930312956,0.12323128376640084,0.0,0.9230769230769231,0.07692307692307693,0.07692307692307693,0.12222222222222222,2.5384615384615383,3.0697957354686083,0.7621667366009955,0.7372,0.18223443223443223,0.14184789569404954,0.19059829059829062,6.230769230769231,8.23076923076923,0.9999999999999997,0.9999999999999997,0.9999999999999997,0.33496804399780133,-0.43432366555104623,-0.48006939011397265,-0.7769732760491543,-0.5157987390250419,2.2098469449689073,-0.3984040601379661,1.0,1.0,1.0
M0296,185.0,1.0,0.0,0.0,37.0,100524.83,2716.887297297297,1913.46,2576.282020447564,34.0,18.0,8.0,34.0,0.8378378378378378,0.10810810810810811,0.05405405405405406,2.0,13956.91,0.13884042380375078,1.0,19.0,88067.5,0.4864864864864865,0.24324324324324326,0.16216216216216217,0.10810810810810811,1.088235294117647,2.0555555555555554,4.625,1.088235294117647,2956.6126470588238,-0.3445961367641736,17.0,7.0,34.0,1.0,211,211,345,494,0.39891,0.39318438275784245,0.003958732670352342,0.004285025476332643,0.09448343760917205,0.0,0.7567567567567568,0.16216216216216217,0.35135135135135137,0.37777777777777777,1.837837837837838,4.60956899902243,0.9114685178976843,0.5257,0.21652559152559153,0.16917721917721917,0.17684597684597683,5.378378378378378,7.8108108108108105,0.9809652998169707,0.8644244412052229,1.0000000000000002,0.4126123659316445,0.22348693470102377,0.1129256095932587,-0.09301409787917693,0.3261446214884117,0.6518632026767863,0.6055741714097086,0.875,0.9444444444444444,1.0
M0301,436.0,1.0,0.0,0.0,13.0,71389.56999999999,5491.505384615384,5813.92,4139.469027837618,12.0,4.0,5.0,13.0,1.0,0.0,0.0,0.0,0.0,0.0,1.0,11.0,69458.23,0.23076923076923078,0.3076923076923077,0.38461538461538464,0.07692307692307693,1.0833333333333333,3.25,2.6,1.0,5491.505384615384,0.7455541676217259,4.0,5.0,12.0,0.0,69,69,86,494,0.60745,0.5959079283887468,0.0011866442921687021,0.00018454600663252992,0.09853357344996144,0.0,0.8461538461538461,0.15384615384615385,0.3076923076923077,0.14444444444444443,1.0,2.419504137649239,0.7537949501851468,0.4262,0.24358974358974358,0.275,0.2052197802197802,6.384615384615385,4.769230769230769,1.0,1.0,1.0,0.4032289095107052,-0.43432366555104623,-0.08289614390742468,0.9785313407981879,-0.5157987390250419,-0.7212750108688117,-0.446212547354522,1.0,1.0,1.0
M0302,183.0,1.0,0.0,0.0,37.0,43750.22,1182.4383783783785,789.05,1102.1305666866676,30.0,12.0,10.0,35.0,0.9459459459459459,0.05405405405405406,0.0,0.0,0.0,0.0,1.0,21.0,36078.89,0.5405405405405406,0.2972972972972973,0.02702702702702703,0.13513513513513514,1.2333333333333334,3.0833333333333335,3.7,1.0571428571428572,1250.0062857142857,-0.3314530015579384,12.0,10.0,30.0,1.0,176,176,276,494,0.42122,0.4146103896103896,0.0032043855236712406,0.002410937255972982,0.08991012163750124,0.05405405405405406,0.7837837837837838,0.21621621621621623,0.2702702702702703,0.3888888888888889,1.8918918918918919,3.833492723008021,0.911915251172207,0.4966,0.18207438207438206,0.19224581724581724,0.17423784923784924,6.864864864864865,5.864864864864865,1.0000000000000002,1.0000000000000002,1.0000000000000002,0.42758844575932303,0.22348693470102377,-0.2686636978135546,-0.6856115971408775,-0.5157987390250419,-0.034705904096012735,0.41434022254348485,1.0,1.0,1.0
M0305,395.0,1.0,0.0,0.0,7.0,16320.11,2331.444285714286,1734.6,1135.9380245544082,7.0,5.0,3.0,7.0,1.0,0.0,0.0,0.0,0.0,0.0,1.0,7.0,15928.8,0.7142857142857143,0.14285714285714285,0.14285714285714285,0.0,1.0,1.4,2.3333333333333335,1.0,2331.444285714286,-0.437335368358361,5.0,3.0,7.0,0.0,61,61,73,494,0.56478,0.5502732240437158,0.0010573850841464195,0.00016196727834474087,0.19077196095829638,0.14285714285714285,0.8571428571428571,0.0,0.0,0.07777777777777778,1.0,1.9038970938308626,0.487225035363172,0.5285,0.2,0.2468253968253968,0.17528860028860027,5.0,4.714285714285714,1.0000000000000002,1.0000000000000002,1.0000000000000002,0.2346225432478935,-0.5987763156140637,-0.45302492331545946,-0.2418705126843808,-0.5157987390250419,-0.7212750108688117,-0.6852549834373017,1.0,1.0,1.0
M0306,613.0,1.0,0.0,0.0,20.0,29474.420000000002,1473.721,806.905,2797.297700100656,16.0,9.0,7.0,20.0,0.9,0.05,0.05,1.0,1229.26,0.04170599455392167,1.0,15.0,28399.09,0.65,0.3,0.0,0.05,1.25,2.2222222222222223,2.857142857142857,1.0,1473.721,1.9626328802152166,8.0,7.0,16.0,1.0,122,122,156,494,0.45875,0.44980354965451835,0.0019684346607836086,0.0011089270367529108,0.13391304347826088,0.0,0.4,0.55,0.5,0.2222222222222222,1.0,8.87568271063519,1.8981189113140524,0.8396,0.2816666666666666,0.2982936507936508,0.15849386724386724,3.9,5.55,0.9999999999999999,0.8621102637473442,0.9999999999999999,0.5988888330966209,-0.24246224047752582,-0.364613148363337,-0.5731195154409678,0.2629988694499027,-0.08619858710397266,-0.2549785984882983,1.0,0.8888888888888888,1.0
M0307,426.0,1.0,0.0,0.0,7.0,3544.3199999999997,506.33142857142855,480.75,150.15149032766556,6.0,5.0,3.0,7.0,1.0,0.0,0.0,0.0,0.0,0.0,1.0,7.0,3458.02,0.5714285714285714,0.0,0.0,0.42857142857142855,1.1666666666666667,1.4,2.3333333333333335,1.0,506.33142857142855,-0.04673309231990122,5.0,3.0,5.0,0.0,65,65,76,494,0.58415,0.5711538461538461,0.0010891403486533208,0.0001679301438670798,0.19077196095829632,0.0,1.0,0.0,0.42857142857142855,0.07777777777777778,1.0,1.4541858522932467,0.29654783774988125,0.4278,0.16904761904761906,0.19206349206349208,0.2867965367965368,6.142857142857143,6.142857142857143,1.0000000000000002,1.0000000000000002,0.912268079631636,0.15442817159360228,-0.5987763156140637,-0.5388926176540888,-0.9467211608084222,-0.5157987390250419,-0.7212750108688117,-0.7330634706538576,1.0,1.0,0.8333333333333334
M0308,402.0,1.0,0.0,0.0,15.0,94255.75,6283.716666666666,5089.7,3600.7868162759464,15.0,5.0,11.0,15.0,0.9333333333333333,0.06666666666666667,0.0,0.0,0.0,0.0,1.0,12.0,86582.03,0.26666666666666666,0.5333333333333333,0.2,0.0,1.0,3.0,1.3636363636363635,1.0,6283.716666666666,-0.2132949286261977,5.0,11.0,15.0,0.0,122,122,158,494,0.44009,0.4308359300907736,0.0019832623597306497,0.0010014504049881859,0.2394202898550725,0.0,0.13333333333333333,0.9333333333333333,0.3333333333333333,0.16666666666666666,1.0,2.386005097832228,0.573034560163589,0.4985,0.2110484544695071,0.1990842490842491,0.202991822991823,6.066666666666666,6.8,0.9999999999999999,0.9999999999999999,0.9999999999999999,0.300979126826036,-0.3795061155300404,0.07079033300962553,1.2844798926478322,-0.5157987390250419,0.12549355415097366,-0.3027870857048542,1.0,1.0,1.0
M0309,449.0,0.0,0.0,1.0,11.0,25498.97,2318.088181818182,1579.3,1934.081814333707,10.0,7.0,9.0,11.0,0.9090909090909091,0.09090909090909091,0.0,0.0,0.0,0.0,1.0,8.0,23058.15,0.2727272727272727,0.36363636363636365,0.09090909090909091,0.2727272727272727,1.1,1.5714285714285714,1.2222222222222223,1.0,2318.088181818182,0.5317795852876814,7.0,9.0,10.0,1.0,129,129,165,494,0.44508,0.43640988372093026,0.0020647118581561107,0.0012577027205003294,0.10312612288896875,0.0,0.8181818181818182,0.18181818181818182,0.2727272727272727,0.12222222222222222,1.0,2.647772439435789,0.8343435031952575,0.4374,0.1575757575757576,0.2325068870523416,0.16576479076479075,7.363636363636363,5.363636363636363,0.9999999999999999,0.9999999999999999,0.9999999999999999,0.40711512518489934,-0.48914121557205203,-0.39133264871975365,-0.24702858192417465,-0.5157987390250419,0.4334093959763502,-0.5418295217876339,1.0,1.0,1.0
M0311,488.0,1.0,0.0,0.0,8.0,9005.880000000001,1125.7350000000001,882.2349999999999,954.8671549936748,8.0,7.0,5.0,7.0,0.875,0.0,0.125,1.0,486.45,0.05401471038921237,1.0,6.0,8816.35,0.625,0.0,0.0,0.375,1.0,1.1428571428571428,1.6,1.1428571428571428,1286.554285714286,1.8193685192646158,7.0,5.0,8.0,0.0,88,88,105,494,0.49694,0.48537095088819227,0.0014214735384783842,0.0005707221637197269,0.21739130434782608,0.0,0.375,0.875,0.375,0.07777777777777778,1.75,2.4498461005476417,0.7657974739559917,0.4052,0.23586309523809523,0.19791666666666666,0.1484126984126984,5.125,6.0,1.0,1.0,1.0,0.38234543907498175,-0.5713675406035608,-0.502184784737918,-0.7075101952710721,1.4311952821623195,-0.7212750108688117,-0.6374464962207458,1.0,1.0,1.0
M0312,235.0,1.0,0.0,0.0,13.0,7637.91,587.5315384615385,404.74,398.3617443322537,12.0,5.0,10.0,11.0,0.9230769230769231,0.0,0.07692307692307693,1.0,114.53,0.014994939715183866,1.0,10.0,7414.59,0.7692307692307693,0.07692307692307693,0.07692307692307693,0.07692307692307693,1.0833333333333333,2.6,1.3,1.1818181818181819,694.3554545454546,0.08228077588909624,5.0,10.0,12.0,0.0,106,106,134,494,0.46941,0.4592991913746631,0.0017193423461583997,0.0007693053150869177,0.12323128376640084,0.15384615384615385,0.8461538461538461,0.07692307692307693,0.38461538461538464,0.12222222222222222,1.6923076923076923,2.6375827942460695,0.8235935676506769,0.6365,0.1855311355311355,0.30329670329670333,0.20052447552447553,5.769230769230769,4.384615384615385,1.0,1.0,1.0,0.4189623029907374,-0.43432366555104623,-0.5113790834720405,-0.9153620315031886,0.6823514278594883,-0.7212750108688117,-0.446212547354522,1.0,1.0,1.0
M0318,241.0,1.0,0.0,0.0,13.0,37287.78,2868.290769230769,1653.21,2605.8562869699904,13.0,8.0,5.0,13.0,0.8461538461538461,0.15384615384615385,0.0,0.0,0.0,0.0,1.0,9.0,27220.58,0.0,0.8461538461538461,0.15384615384615385,0.0,1.0,1.625,2.6,1.0,2868.290769230769,3.974169670752223,8.0,5.0,13.0,1.0,121,121,146,494,0.45387,0.4447658402203857,0.0018843621196127204,0.001269508720971625,0.12323128376640087,0.0,0.9230769230769231,0.07692307692307693,0.15384615384615385,0.14444444444444443,1.0,2.9987684973468522,0.9085049238814935,0.4862,0.20559440559440562,0.17774533159148545,0.18925518925518928,6.384615384615385,6.923076923076923,1.0,1.0,1.0,0.4551854212332699,-0.43432366555104623,-0.312098571320534,-0.03454273546293778,-0.5157987390250419,1.232806293023001,-0.3984040601379661,1.0,1.0,1.0
M0324,629.0,1.0,0.0,0.0,7.0,4686.54,669.5057142857142,576.13,492.04259337504317,7.0,2.0,5.0,5.0,0.8571428571428571,0.0,0.14285714285714285,1.0,1146.71,0.2446815774537292,1.0,5.0,4536.18,0.7142857142857143,0.2857142857142857,0.0,0.0,1.0,3.5,1.4,1.4,937.308,-0.6029386776844723,2.0,5.0,7.0,0.0,63,63,77,494,0.54663,0.5320020481310804,0.0011177502506791095,0.000246538214623367,0.19077196095829632,0.0,0.42857142857142855,0.5714285714285714,0.14285714285714285,0.05555555555555555,1.4285714285714286,2.064198747903571,0.6039289434209286,0.3711,0.15391156462585034,0.20238095238095236,0.15731292517006804,6.571428571428571,5.142857142857143,1.0,1.0,1.0,0.2481438331902648,-0.5987763156140637,-0.5312156131144503,-0.883703961300584,1.7093372851890853,-0.7212750108688117,-0.6852549834373017,1.0,1.0,1.0
M0325,293.0,1.0,0.0,0.0,36.0,91325.40000000001,2536.816666666667,1783.48,2934.664034951871,30.0,8.0,11.0,33.0,0.8888888888888888,0.027777777777777776,0.08333333333333333,3.0,3112.37,0.03408000402954709,1.0,21.0,87069.06,0.3611111111111111,0.3888888888888889,0.19444444444444445,0.05555555555555555,1.2,4.5,3.272727272727273,1.0909090909090908,2767.4363636363637,-0.6466836596714387,8.0,11.0,29.0,0.0,165,165,240,494,0.42526,0.4182557280118256,0.0028462168400654915,0.0022620114322596052,0.056360708534621586,0.0,0.7777777777777778,0.19444444444444445,0.3888888888888889,0.36666666666666664,1.8333333333333335,5.602603985309674,1.1133626955670246,0.6492,0.2310185185185185,0.20833333333333334,0.21023027898027896,4.722222222222222,5.416666666666667,1.0,1.0,0.9705828827467495,0.47465996216924056,0.19607815969052084,0.051095081435734456,-0.16255659231253342,0.7821972750998657,-0.3684547754439012,0.41434022254348485,1.0,1.0,0.9666666666666667
M0328,191.0,0.0,0.0,1.0,44.0,34657.66,787.674090909091,611.6949999999999,532.2368106848601,37.0,11.0,21.0,38.0,1.0,0.0,0.0,0.0,0.0,0.0,1.0,22.0,33668.79,0.6818181818181818,0.1590909090909091,0.022727272727272728,0.13636363636363635,1.1891891891891893,4.0,2.0952380952380953,1.1578947368421053,912.0436842105264,-0.22026183328489127,11.0,20.0,37.0,1.0,201,201,326,494,0.41244,0.4065671641791045,0.003762153792600782,0.0038591803523914366,0.09342436219906575,0.0,0.4090909090909091,0.6363636363636364,0.3181818181818182,0.4222222222222222,2.590909090909091,3.8500677772244285,0.6979195753858233,0.6164,0.33880772005772003,0.25501443001442997,0.19885543749180112,5.068181818181818,5.613636363636363,0.851524309488869,0.9999999999999998,0.9999999999999998,0.34670201410931084,0.41534835977454415,-0.32977593923546644,-0.8380678481557008,-0.5157987390250419,-0.7212750108688117,0.7489996330593763,0.9523809523809523,1.0,1.0
M0329,446.0,1.0,0.0,0.0,7.0,67517.82,9645.402857142859,7781.74,8908.711298597409,7.0,5.0,4.0,7.0,1.0,0.0,0.0,0.0,0.0,0.0,1.0,6.0,65667.21,0.2857142857142857,0.7142857142857143,0.0,0.0,1.0,1.4,1.75,1.0,9645.402857142859,-0.6431374440441919,5.0,4.0,7.0,0.0,88,88,99,494,0.52988,0.5190700104493208,0.0013315043085889858,0.0003747935993062953,0.23336291038154394,0.0,0.2857142857142857,0.7142857142857143,0.5714285714285714,0.07777777777777778,1.0,2.8841926472152086,0.923622520546159,0.3675,0.24047619047619048,0.1231060606060606,0.1621794871794872,4.714285714285714,10.714285714285714,1.0,1.0,1.0,0.4355647146190352,-0.5987763156140637,-0.10891866349764862,2.5827484796414732,-0.5157987390250419,-0.7212750108688117,-0.6852549834373017,1.0,1.0,1.0
M0331,545.0,1.0,0.0,0.0,12.0,60156.39,5013.0325,5382.1,2751.3145013384055,12.0,7.0,7.0,12.0,0.9166666666666666,0.0,0.08333333333333333,1.0,4073.97,0.06772298005249318,1.0,10.0,58187.89,0.4166666666666667,0.25,0.3333333333333333,0.0,1.0,1.7142857142857142,1.7142857142857142,1.0,5013.0325,0.9998907886456095,7.0,7.0,12.0,0.0,132,132,169,494,0.464,0.4558177191764978,0.0020820205119119997,0.0012084955750735068,0.11594202898550726,0.0,0.8333333333333334,0.25,0.3333333333333333,0.13333333333333333,1.0,1.7864077282562998,0.548832368698668,0.5515,0.20218253968253966,0.08981573981573981,0.17073713323713324,5.166666666666667,12.083333333333334,1.0000000000000002,1.0000000000000002,1.0000000000000002,0.2995582431060067,-0.46173244056154916,-0.15839576206730396,0.7937471936091272,0.7821972750998657,-0.7212750108688117,-0.446212547354522,1.0,1.0,1.0
M0333,188.0,1.0,0.0,0.0,30.0,132899.99,4429.999666666667,2725.33,5490.532653541934,24.0,15.0,10.0,26.0,0.9,0.03333333333333333,0.06666666666666667,2.0,1363.19,0.010257261870373355,1.0,22.0,122914.24,0.13333333333333333,0.7666666666666667,0.1,0.0,1.25,2.0,3.0,1.1538461538461537,5111.538076923077,-0.5272569954466861,15.0,10.0,24.0,1.0,154,154,220,494,0.42271,0.4151600033952975,0.00265029601100744,0.0021851872282363,0.07710144927536232,0.03333333333333333,0.8666666666666667,0.1,0.3333333333333333,0.28888888888888886,1.7333333333333334,5.824904275764054,1.198645642358661,0.7799,0.3561111111111111,0.2439285714285714,0.20746031746031746,3.466666666666667,5.3,1.0,1.0,1.0,0.5045276671809888,0.03162550962750335,0.33052313922111104,0.5685824489500356,0.5225980722748842,-0.29789072835891905,0.12748929924414923,1.0,1.0,1.0
M0335,694.0,1.0,0.0,0.0,13.0,12438.199999999999,956.7846153846153,933.67,462.67301885556617,12.0,7.0,7.0,13.0,0.9230769230769231,0.0,0.07692307692307693,1.0,492.62,0.039605409142802014,1.0,12.0,12133.52,0.5384615384615384,0.38461538461538464,0.07692307692307693,0.0,1.0833333333333333,1.8571428571428572,1.8571428571428572,1.0,956.7846153846153,1.076523520012664,7.0,7.0,12.0,0.0,120,120,153,494,0.49298,0.48445378151260504,0.0019055018382853847,0.0008287849977816641,0.09853357344996144,0.0,0.7692307692307693,0.15384615384615385,0.23076923076923078,0.14444444444444443,1.0,1.8374772877104402,0.48357071321592826,0.5348,0.15421245421245422,0.18675213675213673,0.14893162393162393,6.923076923076923,6.461538461538462,1.0000000000000002,1.0000000000000002,1.0000000000000002,0.26441260978893405,-0.43432366555104623,-0.47911572954584275,-0.7727580990546127,0.6823514278594883,-0.7212750108688117,-0.446212547354522,1.0,1.0,1.0
M0336,90.0,1.0,0.0,0.0,16.0,96908.23,6056.764375,6382.055,3248.8005905604996,14.0,9.0,10.0,13.0,1.0,0.0,0.0,0.0,0.0,0.0,1.0,12.0,94335.66,0.0,0.5,0.375,0.125,1.1428571428571428,1.7777777777777777,1.6,1.2307692307692308,7454.4792307692305,1.2986869005256347,9.0,10.0,13.0,0.0,117,117,154,494,0.45647,0.44709696433834367,0.0019438467326283434,0.001114392266096244,0.15217391304347827,0.0,0.4375,0.5625,0.3125,0.14444444444444443,1.625,2.2946512385996525,0.6165600665313454,0.4816,0.23511904761904762,0.19439484126984127,0.25124233405483404,5.3125,5.9375,1.0,1.0,0.9475656505128617,0.33072189891563997,-0.35209734051953745,0.08861798530191645,1.1968319046078437,-0.5157987390250419,-0.7212750108688117,-0.35059557292141014,1.0,1.0,0.9285714285714286
M0337,219.0,1.0,0.0,0.0,44.0,46894.44,1065.7827272727272,910.6600000000001,656.2541219409459,36.0,14.0,10.0,36.0,0.9090909090909091,0.09090909090909091,0.0,0.0,0.0,0.0,1.0,22.0,43496.68,0.4772727272727273,0.2727272727272727,0.11363636363636363,0.13636363636363635,1.2222222222222223,3.142857142857143,4.4,1.2222222222222223,1302.6233333333334,-0.18877517717539788,14.0,10.0,36.0,0.0,214,214,315,494,0.39009,0.3843622482558905,0.0037418683483323636,0.0056412132773079205,0.060007186489399914,0.0,0.8863636363636364,0.18181818181818182,0.2727272727272727,0.4,2.454545454545454,2.5524876723125383,0.5575293244654681,0.4633,0.26325757575757575,0.1842483274301456,0.18328905942542306,4.0,6.340909090909091,0.9999999999999999,0.9999999999999999,0.9999999999999999,0.2997727330669555,0.41534835977454415,-0.24753099902205866,-0.7306635022695663,-0.5157987390250419,0.4334093959763502,0.7011911458428205,1.0,1.0,1.0
M0339,148.0,0.0,0.0,1.0,16.0,16551.14,1034.44625,663.815,920.2652932850395,15.0,9.0,10.0,13.0,0.9375,0.0,0.0625,1.0,212.4,0.012832952896295966,1.0,12.0,16007.64,0.625,0.25,0.125,0.0,1.0666666666666667,1.7777777777777777,1.6,1.2307692307692308,1273.1646153846154,0.3801302294546354,9.0,10.0,15.0,0.0,158,158,213,494,0.40347,0.3958719664597275,0.0025970436070520265,0.002132726430653402,0.08695652173913045,0.0,0.75,0.3125,0.375,0.14444444444444443,1.625,2.8382347076998924,0.8079810478556669,0.4617,0.17373355810855812,0.18878968253968254,0.1522531288156288,7.125,5.6875,1.0,1.0,1.0,0.4207387620336623,-0.35209734051953745,-0.45147214157569593,-0.7427655135118647,0.4576982715686388,-0.7212750108688117,-0.3027870857048542,1.0,1.0,1.0
M0340,822.0,0.0,1.0,0.0,16.0,31952.99,1997.061875,1469.35,1771.0802411756836,16.0,9.0,8.0,15.0,0.9375,0.0,0.0625,1.0,1687.23,0.052803509155168266,1.0,14.0,30919.0,0.5625,0.375,0.0,0.0625,1.0,1.7777777777777777,2.0,1.0666666666666667,2130.1993333333335,0.5776439554056888,9.0,8.0,16.0,1.0,120,120,144,494,0.48292,0.4742296918767507,0.0018197248721261244,0.0009127032285958562,0.07065217391304349,0.0,0.8125,0.1875,0.3125,0.16666666666666666,1.875,3.37451518621575,0.8304856579758275,0.5074,0.2296875,0.23705357142857142,0.2097184065934066,4.6875,5.1875,0.9999999999999999,0.9999999999999999,0.9999999999999999,0.40838398326206915,-0.35209734051953745,-0.34795436709369365,-0.3710075454935226,0.4576982715686388,-0.7212750108688117,-0.2549785984882983,1.0,1.0,1.0
M0343,132.0,1.0,0.0,0.0,24.0,36709.69,1529.5704166666667,1327.7649999999999,996.720525643447,20.0,12.0,13.0,23.0,0.7916666666666666,0.16666666666666666,0.041666666666666664,1.0,613.62,0.016715477575539317,1.0,15.0,29017.47,0.625,0.20833333333333334,0.125,0.041666666666666664,1.2,2.0,1.8461538461538463,1.0434782608695652,1596.0734782608697,-0.5688352770463567,12.0,13.0,20.0,1.0,166,166,251,494,0.42299,0.4159912376779847,0.002989302749454466,0.002453260467807938,0.07608695652173915,0.041666666666666664,0.75,0.25,0.3333333333333333,0.25555555555555554,1.9166666666666667,2.5438365183688556,0.6399333679060742,0.5671,0.16305299232930812,0.1952876984126984,0.17625407000407,8.041666666666666,5.708333333333333,1.0,1.0,1.0,0.3485313858666371,-0.13282714043551413,-0.3159839870498327,-0.5515507136100088,0.13319926803741183,1.3956464016806518,-0.06374464962207452,1.0,1.0,1.0
M0347,492.0,1.0,0.0,0.0,66.0,144594.07,2190.8192424242425,1386.675,2069.1825186932083,47.0,10.0,17.0,46.0,0.9545454545454546,0.015151515151515152,0.030303030303030304,2.0,2319.48,0.01604132174991685,1.0,29.0,140148.72,0.5606060606060606,0.25757575757575757,0.12121212121212122,0.06060606060606061,1.4042553191489362,6.6,3.8823529411764706,1.434782608695652,3143.349347826087,0.122452475518136,10.0,17.0,47.0,1.0,228,228,428,494,0.37263,0.3671071953010279,0.004871039436250654,0.006041835747266987,0.04707150556952929,0.015151515151515152,0.8333333333333334,0.16666666666666666,0.3181818181818182,0.5111111111111111,2.787878787878788,4.679174464070345,0.9290391816143326,0.4707,0.19486208236208236,0.1422023262932354,0.1548438934802571,6.651515151515151,8.969696969696969,0.9999999999999998,0.9999999999999998,0.9999999999999998,0.4597019134475833,1.0183414100056083,0.4091205243543576,-0.29617929283325684,-0.04380018843416643,-0.5288276097279514,1.2270845052249357,1.0,1.0,1.0
M0349,94.0,1.0,0.0,0.0,9.0,95097.53,10566.392222222223,9591.67,10419.735645199664,8.0,7.0,7.0,9.0,1.0,0.0,0.0,0.0,0.0,0.0,1.0,9.0,91195.17,0.0,0.6666666666666666,0.2222222222222222,0.1111111111111111,1.125,1.2857142857142858,1.2857142857142858,1.0,10566.392222222223,-0.15708390001406933,7.0,7.0,8.0,1.0,101,101,116,494,0.46341,0.4526732673267327,0.0015339384596146843,0.0006362321085781321,0.1497584541062802,0.0,0.3333333333333333,0.6666666666666666,0.3333333333333333,0.1,1.0,3.4415824469888965,0.9861204681845782,0.3676,0.1603174603174603,0.23888888888888887,0.17235449735449737,7.0,5.555555555555555,1.0,1.0,1.0,0.4327780589510996,-0.5439587655930579,0.07644804245384552,2.938430567108532,-0.5157987390250419,-0.7212750108688117,-0.6374464962207458,1.0,1.0,1.0
M0351,258.0,1.0,0.0,0.0,16.0,151007.78,9437.98625,6708.895,9152.29661276693,15.0,7.0,8.0,14.0,1.0,0.0,0.0,0.0,0.0,0.0,1.0,12.0,145481.04,0.25,0.625,0.125,0.0,1.0666666666666667,2.2857142857142856,2.0,1.1428571428571428,10786.27,1.254912940953317,7.0,8.0,14.0,1.0,116,116,147,494,0.47569,0.46656671664167915,0.0018722051983509178,0.0010025766512021853,0.1358695652173913,0.0,0.25,0.9375,0.3125,0.15555555555555556,1.75,2.884421584106461,0.8549551505389643,0.4501,0.22331349206349205,0.21423611111111113,0.24781746031746033,5.5,5.3125,1.0,1.0,0.9845786753503695,0.4065246836951031,-0.35209734051953745,0.4522278773913604,2.5026450880050786,-0.5157987390250419,-0.7212750108688117,-0.3027870857048542,1.0,1.0,0.9333333333333333
M0352,538.0,1.0,0.0,0.0,22.0,152311.72,6923.26,5150.175,5470.5266881979205,19.0,5.0,5.0,21.0,1.0,0.0,0.0,0.0,0.0,0.0,1.0,19.0,148163.76,0.18181818181818182,0.6363636363636364,0.18181818181818182,0.0,1.1578947368421053,4.4,4.4,1.0476190476190477,7252.939047619047,1.411577505838209,5.0,5.0,19.0,1.0,120,120,164,494,0.47617,0.4673669467787115,0.0020331449228515835,0.0010095351398658192,0.07725476104922743,0.0,0.6818181818181818,0.3181818181818182,0.13636363636363635,0.23333333333333334,1.909090909090909,2.963201518569943,0.7740051782334573,0.4341,0.20995670995670992,0.18181818181818182,0.1934163059163059,5.454545454545454,6.454545454545454,1.0,1.0,1.0,0.3837993119198782,-0.18764469045652,0.4609918224277075,1.5314687466462051,-0.5157987390250419,-0.7212750108688117,-0.11155313683863045,1.0,1.0,1.0
M0353,463.0,1.0,0.0,0.0,22.0,22305.47,1013.8850000000001,960.28,643.6697308680239,19.0,10.0,13.0,20.0,0.9090909090909091,0.09090909090909091,0.0,0.0,0.0,0.0,1.0,15.0,19701.84,0.7272727272727273,0.13636363636363635,0.13636363636363635,0.0,1.1578947368421053,2.2,1.6923076923076923,1.1,1115.2735,-0.5831553713191717,10.0,13.0,19.0,1.0,165,165,232,494,0.42848,0.4215077605321508,0.0027700696239056936,0.0021280208237585163,0.10312612288896872,0.0,0.6363636363636364,0.5909090909090909,0.13636363636363635,0.2222222222222222,1.8181818181818181,2.292442167773196,0.5803411953672003,0.55,0.19125180375180373,0.17169913419913418,0.19597094824367553,5.909090909090909,7.181818181818182,1.0000000000000002,1.0000000000000002,1.0000000000000002,0.3162350983861734,-0.18764469045652,-0.41279656460052605,-0.7507061788422421,-0.5157987390250419,0.4334093959763502,-0.11155313683863045,1.0,1.0,1.0
M0356,125.0,1.0,0.0,0.0,22.0,24274.26,1103.3754545454544,747.655,1094.9414633395977,20.0,12.0,7.0,18.0,1.0,0.0,0.0,0.0,0.0,0.0,1.0,17.0,23528.76,0.8636363636363636,0.045454545454545456,0.0,0.09090909090909091,1.1,1.8333333333333333,3.142857142857143,1.2222222222222223,1348.57,-0.350137634320902,12.0,7.0,20.0,1.0,185,185,263,494,0.41784,0.4115158636897767,0.003097586158008154,0.002653720583044784,0.07294286740927057,0.0,0.6363636363636364,0.4090909090909091,0.2727272727272727,0.2,1.6363636363636362,3.979956546564138,0.8739319064988893,0.715,0.15109649122807017,0.18051948051948052,0.15695693195693197,9.863636363636363,6.863636363636363,1.0000000000000002,1.0000000000000002,1.0000000000000002,0.39408382926330665,-0.18764469045652,-0.3995640789431264,-0.7161453544853178,-0.5157987390250419,-0.7212750108688117,-0.06374464962207452,1.0,1.0,1.0
M0357,200.0,1.0,0.0,0.0,33.0,143464.16999999998,4347.399090909091,3591.16,2890.173215908049,32.0,9.0,10.0,29.0,0.8484848484848485,0.12121212121212122,0.030303030303030304,1.0,1160.74,0.008090800650782702,1.0,19.0,121735.98,0.30303030303030304,0.24242424242424243,0.3333333333333333,0.12121212121212122,1.03125,3.6666666666666665,3.3,1.1379310344827587,4947.040344827586,-0.523794706621215,9.0,10.0,32.0,0.0,190,190,294,494,0.41279,0.4065719855193539,0.003468415554032186,0.003445649125140165,0.04180141334291533,0.0,0.7272727272727273,0.2727272727272727,0.30303030303030304,0.32222222222222224,2.6363636363636362,2.86714661925692,0.6837562931927582,0.5044,0.15836940836940838,0.15641479732388822,0.17423258559622196,7.333333333333333,7.2727272727272725,1.0,1.0,1.0,0.36782246144058767,0.1138518346590121,0.401526324087038,0.5366824658173273,-0.04380018843416643,0.818304198258071,0.5099571969765967,1.0,1.0,1.0
M0360,146.0,1.0,0.0,0.0,9.0,91724.06,10191.562222222223,6580.16,9068.185084695528,9.0,7.0,2.0,7.0,0.6666666666666666,0.3333333333333333,0.0,0.0,0.0,0.0,1.0,6.0,72591.51000000001,0.0,0.7777777777777778,0.2222222222222222,0.0,1.0,1.2857142857142858,4.5,1.2857142857142858,13103.437142857143,1.1522830358180007,7.0,2.0,9.0,0.0,71,71,81,494,0.53208,0.5187122736418511,0.001153515061956056,0.0002896321314029403,0.20128824476650561,0.0,0.0,1.0,0.4444444444444444,0.07777777777777778,1.5555555555555554,2.1496909316922954,0.7517633778767425,0.3805,0.2,0.24735449735449735,0.21084656084656084,5.0,4.555555555555555,1.0,1.0,1.0,0.3877039147946198,-0.5439587655930579,0.053774525526865964,2.7936728512213467,-0.5157987390250419,3.512567814230115,-0.5896380090041898,1.0,1.0,1.0
M0361,348.0,1.0,0.0,0.0,4.0,4981.94,1245.485,640.7,1478.903910119473,4.0,3.0,4.0,4.0,1.0,0.0,0.0,0.0,0.0,0.0,1.0,4.0,4904.77,0.25,0.5,0.0,0.25,1.0,1.3333333333333333,1.0,1.0,1245.485,10.0,3.0,4.0,4.0,0.0,53,53,59,494,0.58351,0.5674891146589259,0.0009173396770467846,0.00013222290093607169,0.34782608695652173,0.0,1.0,0.0,0.25,0.044444444444444446,1.0,2.7464963447974085,1.1874120604579526,0.7638,0.19821428571428573,0.11666666666666667,0.19444444444444445,5.25,9.0,1.0,1.0,1.0,0.5017382786622773,-0.6810026406455725,-0.5292301924940712,-0.6612632660565205,-0.5157987390250419,-0.7212750108688117,-0.8286804450869695,1.0,1.0,1.0
M0366,642.0,1.0,0.0,0.0,82.0,46134.2,562.6121951219512,501.82500000000005,378.90169510460976,42.0,15.0,15.0,51.0,0.8902439024390244,0.07317073170731707,0.036585365853658534,3.0,1340.07,0.029047214430942773,1.0,27.0,41905.92,0.5487804878048781,0.21951219512195122,0.04878048780487805,0.18292682926829268,1.9523809523809523,5.466666666666667,5.466666666666667,1.607843137254902,904.592156862745,0.6341913517544355,15.0,15.0,42.0,0.0,212,212,344,494,0.39122,0.3854511311812573,0.004010604677297234,0.004967784862661184,0.037219046633732496,0.10975609756097561,0.6829268292682927,0.06097560975609756,0.2926829268292683,0.5666666666666667,2.4878048780487805,3.66342995001539,0.7428417394448092,0.5393,0.1858207510646535,0.2119047619047619,0.19049598775208532,6.048780487804878,4.975609756097561,1.0,1.0,1.0,0.38938900416780514,1.456881810173655,-0.25264066785224454,-0.9249857735282324,0.05405316961516137,0.20810512146997706,0.9880420691421561,1.0,1.0,1.0
M0369,403.0,1.0,0.0,0.0,3.0,6735.179999999999,2245.06,2138.29,1849.0184508814398,3.0,3.0,3.0,3.0,1.0,0.0,0.0,0.0,0.0,0.0,1.0,3.0,6495.63,0.6666666666666666,0.0,0.0,0.3333333333333333,1.0,1.0,1.0,1.0,2245.06,-0.37516615804011916,3.0,3.0,3.0,1.0,27,27,29,494,0.59259,0.5612535612535613,0.0006439725957141105,9.351465939650884e-05,0.3043478260869565,0.3333333333333333,0.3333333333333333,0.3333333333333333,0.6666666666666666,0.03333333333333333,1.0,1.8463426367224038,0.8235942250458517,0.5125,0.27777777777777773,0.3055555555555555,0.23611111111111108,4.0,3.3333333333333335,1.0,1.0,1.0,0.36558389431791205,-0.7084114156560753,-0.5174464455459563,-0.2752317481472467,-0.5157987390250419,-0.7212750108688117,-0.8764889323035254,1.0,1.0,1.0
M0373,303.0,1.0,0.0,0.0,9.0,5204.88,578.32,301.93,636.6029827529871,9.0,4.0,7.0,9.0,1.0,0.0,0.0,0.0,0.0,0.0,1.0,9.0,5128.64,0.6666666666666666,0.3333333333333333,0.0,0.0,1.0,2.25,1.2857142857142858,1.0,578.32,-0.8195115091776308,2.0,7.0,9.0,0.0,59,59,108,494,0.54407,0.5283459964932787,0.001452714018168287,0.0003580637568025228,0.07246376811594203,0.3333333333333333,0.5555555555555556,0.1111111111111111,0.5555555555555556,0.1,1.0,2.961561073454143,1.1007798152458623,0.6026,0.2506172839506173,0.7314814814814814,0.11816979316979317,5.0,2.7777777777777777,1.0000000000000002,0.380808010943576,1.0000000000000002,0.5000777048546535,-0.5439587655930579,-0.5277317846636471,-0.9189194875966156,-0.5157987390250419,-0.7212750108688117,-0.5896380090041898,1.0,0.5,1.0
M0374,157.0,1.0,0.0,0.0,18.0,20575.55,1143.086111111111,1045.07,591.0190513614787,14.0,5.0,6.0,17.0,0.9444444444444444,0.05555555555555555,0.0,0.0,0.0,0.0,1.0,13.0,18452.19,0.2777777777777778,0.3888888888888889,0.1111111111111111,0.2222222222222222,1.2857142857142858,3.6,3.0,1.0588235294117647,1210.3264705882352,-0.47206080998291283,5.0,6.0,14.0,0.0,114,114,144,494,0.47994,0.47073435801894115,0.001811794969713391,0.0008321563673069445,0.07246376811594203,0.05555555555555555,0.7777777777777778,0.2222222222222222,0.05555555555555555,0.18888888888888888,1.8888888888888888,2.171042329366651,0.5433148455995528,0.5212,0.2496031746031746,0.195679012345679,0.20189635165125364,4.333333333333333,7.166666666666667,1.0,1.0,1.0,0.2917577644625812,-0.29727979049853165,-0.42442357489032273,-0.7008092716188853,-0.5157987390250419,-0.015634540018990613,-0.35059557292141014,1.0,1.0,1.0
M0376,724.0,1.0,0.0,0.0,25.0,26845.99,1073.8396,678.98,727.8374040578477,21.0,15.0,12.0,23.0,0.88,0.04,0.08,2.0,1337.36,0.049816006040380695,1.0,18.0,23400.57,0.32,0.4,0.16,0.12,1.1904761904761905,1.6666666666666667,2.0833333333333335,1.0869565217391304,1167.2169565217391,-0.5478481141383369,15.0,12.0,21.0,0.0,182,182,258,494,0.4204,0.41400036427660736,0.003036716009533704,0.002658997145012316,0.055026086956521766,0.0,0.8,0.28,0.52,0.25555555555555554,1.84,2.3236297115509617,0.6514186732385436,0.5079,0.1885054945054945,0.19814285714285712,0.16674114774114773,6.0,6.36,1.0,1.0,1.0,0.3560552165373131,-0.10541836542501123,-0.38227915757532965,-0.7275519730611418,0.7302774345348695,-0.2132138718569405,-0.015936162405518588,1.0,1.0,1.0
M0379,299.0,1.0,0.0,0.0,42.0,21486.93,511.5935714285714,347.13,554.4557604108622,36.0,14.0,13.0,35.0,0.7857142857142857,0.023809523809523808,0.19047619047619047,8.0,2530.84,0.11778509075051671,1.0,23.0,20097.48,0.6428571428571429,0.2619047619047619,0.023809523809523808,0.07142857142857142,1.1666666666666667,3.0,3.230769230769231,1.2,613.9122857142858,-0.3726584215030636,14.0,13.0,36.0,1.0,198,198,331,494,0.42658,0.4207557811618725,0.0037864023127064366,0.0033828849519847545,0.038154392191659246,0.14285714285714285,0.5476190476190477,0.07142857142857142,0.3333333333333333,0.3888888888888889,2.5,6.162069220684387,1.0898943718832488,0.7057,0.1875283446712018,0.19227135298563872,0.18947639661925375,5.714285714285714,5.619047619047619,0.9999999999999998,0.9999999999999998,0.9999999999999998,0.4580916598402516,0.36053080975353835,-0.41829807507650774,-0.9446889441217321,2.451049293260461,-0.4188576662188884,0.7011911458428205,1.0,1.0,1.0
M0380,62.0,1.0,0.0,0.0,69.0,374106.58999999997,5421.834637681159,3433.28,5387.394779222137,54.0,22.0,21.0,47.0,0.9565217391304348,0.028985507246376812,0.014492753623188406,1.0,2525.19,0.006749921192246306,1.0,29.0,355266.82,0.2898550724637681,0.30434782608695654,0.3333333333333333,0.07246376811594203,1.2777777777777777,3.1363636363636362,3.2857142857142856,1.4680851063829787,7959.714680851063,0.8332369878063902,22.0,21.0,54.0,1.0,261,261,521,494,0.36173,0.35682287061597406,0.00581648896506735,0.0070296220231466,0.03739623571956936,0.014492753623188406,0.7246376811594203,0.30434782608695654,0.2318840579710145,0.5222222222222223,2.7246376811594204,4.956557060382176,0.9337970253957542,0.547,0.20452574800400886,0.17034161490683228,0.23283174152739372,6.043478260869565,7.492753623188406,1.0,1.0,1.0,0.4311799331524338,1.100567735037117,1.951703089835518,0.9516248013260203,-0.29006030178592757,-0.3531147652080355,1.5617439157408275,1.0,1.0,1.0
M0381,79.0,1.0,0.0,0.0,30.0,33298.83,1109.961,948.6800000000001,789.8985739227361,27.0,13.0,7.0,26.0,0.8333333333333334,0.16666666666666666,0.0,0.0,0.0,0.0,1.0,18.0,27569.9,0.6666666666666666,0.1,0.03333333333333333,0.2,1.1111111111111112,2.3076923076923075,4.285714285714286,1.1538461538461537,1280.7242307692309,-0.04814109680739697,13.0,7.0,25.0,1.0,186,186,293,494,0.4182,0.411915140947399,0.0034026718325305743,0.002928059995628182,0.06318840579710147,0.0,0.4666666666666667,0.6333333333333333,0.16666666666666666,0.28888888888888886,1.7333333333333334,3.192100142857872,0.7520011835354606,0.5453,0.19013227513227512,0.15653513153513154,0.19767029267029265,5.5,7.466666666666667,0.9999999999999998,0.9999999999999998,0.8772269175823895,0.39428602931509327,0.03162550962750335,-0.3389088068779496,-0.713602045470908,-0.5157987390250419,1.3956464016806518,0.270914760893817,1.0,1.0,0.9259259259259259
M0385,278.0,0.0,0.0,1.0,15.0,7770.0,518.0,445.72,516.874748132604,14.0,9.0,7.0,12.0,0.8,0.13333333333333333,0.06666666666666667,1.0,111.21,0.014312741312741312,1.0,11.0,4938.59,0.8666666666666667,0.13333333333333333,0.0,0.0,1.0714285714285714,1.6666666666666667,2.142857142857143,1.25,647.5,-0.015923680729690585,9.0,7.0,14.0,0.0,144,144,193,494,0.41322,0.40501165501165504,0.0023611447368557647,0.0016677805767536984,0.1002898550724638,0.0,0.7333333333333333,0.06666666666666667,0.4,0.13333333333333333,1.6,4.366146718146718,1.165099322636685,0.7489,0.1888888888888889,0.11017131017131017,0.16293965293965293,5.866666666666666,9.933333333333334,1.0000000000000002,1.0000000000000002,1.0000000000000002,0.49012505362500103,-0.3795061155300404,-0.51049128993871,-0.9422148092686136,0.5225980722748842,0.9722621191707591,-0.35059557292141014,1.0,1.0,1.0
M0386,200.0,1.0,0.0,0.0,13.0,18646.77,1434.366923076923,1382.12,886.610855687588,13.0,9.0,8.0,10.0,0.9230769230769231,0.07692307692307693,0.0,0.0,0.0,0.0,1.0,9.0,17371.45,0.46153846153846156,0.3076923076923077,0.15384615384615385,0.07692307692307693,1.0,1.4444444444444444,1.625,1.3,1864.6770000000001,-0.41671810747633803,9.0,8.0,13.0,1.0,117,117,202,494,0.47342,0.4643383436486885,0.0024245464718170764,0.0009912408882438038,0.07383586313352203,0.0,0.6923076923076923,0.38461538461538464,0.3076923076923077,0.1111111111111111,2.3076923076923075,2.547175730702958,0.7398339572929535,0.5188,0.17338217338217338,0.16675824175824175,0.13046953046953047,6.384615384615385,8.307692307692308,1.0000000000000002,1.0000000000000002,1.0000000000000002,0.36478301603975566,-0.43432366555104623,-0.43738714829646524,-0.5883178888001792,-0.5157987390250419,0.25576564107709454,-0.3984040601379661,1.0,1.0,1.0
M0390,439.0,1.0,0.0,0.0,15.0,32935.25,2195.6833333333334,1620.87,1923.2059652594476,13.0,10.0,6.0,14.0,0.9333333333333333,0.0,0.06666666666666667,1.0,1776.99,0.05395404619670414,1.0,11.0,31717.149999999998,0.4,0.4,0.2,0.0,1.1538461538461537,1.5,2.5,1.0714285714285714,2352.5178571428573,4.20478557056842,10.0,6.0,13.0,0.0,112,112,146,494,0.53477,0.5263835263835264,0.001839123316524009,0.00082313684370248,0.11884057971014493,0.0,0.8666666666666667,0.06666666666666667,0.3333333333333333,0.15555555555555556,1.8666666666666667,2.8992426048079185,0.8390776588769981,0.401,0.31833333333333336,0.2238888888888889,0.18816886816886816,3.7333333333333334,5.0,1.0,1.0,1.0,0.40847574298921135,-0.3795061155300404,-0.3413524738690037,-0.29430080207780074,0.5225980722748842,-0.7212750108688117,-0.3984040601379661,1.0,1.0,1.0
M0391,421.0,1.0,0.0,0.0,13.0,130391.40000000001,10030.107692307693,5853.13,11722.573907442536,13.0,11.0,7.0,13.0,1.0,0.0,0.0,0.0,0.0,0.0,1.0,11.0,127678.67,0.38461538461538464,0.46153846153846156,0.15384615384615385,0.0,1.0,1.1818181818181819,1.8571428571428572,1.0,10030.107692307693,-0.2852316089481044,11.0,7.0,13.0,1.0,132,132,179,494,0.46446,0.45628036086051355,0.0022134627465673824,0.0013853708097889923,0.23437098019037822,0.0,0.15384615384615385,0.8461538461538461,0.23076923076923078,0.14444444444444443,1.0,4.528128848988507,1.1687385885629953,0.8321,0.2391941391941392,0.15927768812384197,0.16306748806748805,4.384615384615385,7.538461538461538,0.9999999999999999,0.9999999999999999,0.9999999999999999,0.49196350962740176,-0.43432366555104623,0.31366258974894995,2.7313198139242614,-0.5157987390250419,-0.7212750108688117,-0.3984040601379661,1.0,1.0,1.0
M0394,290.0,1.0,0.0,0.0,16.0,47390.68,2961.9175,1672.225,2438.758462823519,14.0,11.0,9.0,14.0,0.9375,0.0625,0.0,0.0,0.0,0.0,1.0,11.0,41574.84,0.125,0.5625,0.1875,0.125,1.1428571428571428,1.4545454545454546,1.7777777777777777,1.1428571428571428,3385.0485714285714,2.2102145321833806,10.0,9.0,14.0,1.0,139,139,184,494,0.47102,0.46335105828380774,0.002242604724292563,0.0012307214427264715,0.09510869565217392,0.0625,0.875,0.0,0.25,0.15555555555555556,1.75,3.1144663887498556,0.8204858103801553,0.423,0.29583333333333334,0.1954326923076923,0.20774034992784993,4.3125,8.0625,1.0,0.973572651837872,1.0,0.4041344054509029,-0.35209734051953745,-0.24419570745585406,0.0016155007831959826,-0.5157987390250419,0.07257051883723707,-0.35059557292141014,1.0,0.9090909090909091,1.0
M0395,750.0,1.0,0.0,0.0,17.0,18034.45,1060.8500000000001,699.71,989.4121966728529,17.0,9.0,10.0,15.0,0.7058823529411765,0.29411764705882354,0.0,0.0,0.0,0.0,1.0,9.0,14511.279999999999,0.4117647058823529,0.35294117647058826,0.058823529411764705,0.17647058823529413,1.0,1.8888888888888888,1.7,1.1333333333333333,1202.2966666666666,2.944846892890829,9.0,10.0,16.0,0.0,148,148,202,494,0.43434,0.4266409266409266,0.0024632164825870062,0.0018414934598174233,0.09011584173311268,0.0,0.7647058823529411,0.23529411764705882,0.35294117647058826,0.16666666666666666,1.7647058823529411,3.454937633251915,0.9044580214287938,0.5184,0.14840102707749764,0.22850140056022408,0.22452955541190836,8.176470588235293,5.9411764705882355,1.0,1.0,0.8478223622012316,0.4209765199382137,-0.3246885655090346,-0.44150262816874164,-0.7325685000901634,-0.5157987390250419,3.014468658336124,-0.20717011127174234,1.0,1.0,0.9411764705882353
M0398,475.0,1.0,0.0,0.0,31.0,50222.72,1620.087741935484,1521.61,757.1511197848141,24.0,7.0,9.0,26.0,0.9354838709677419,0.06451612903225806,0.0,0.0,0.0,0.0,1.0,18.0,46365.86,0.45161290322580644,0.3548387096774194,0.0967741935483871,0.0967741935483871,1.2916666666666667,4.428571428571429,3.4444444444444446,1.1923076923076923,1931.643076923077,-0.4757432625400657,7.0,9.0,24.0,0.0,148,148,261,494,0.48494,0.47793712079426365,0.003013283754420653,0.0014149148154172769,0.07053341175406053,0.0,0.8709677419354839,0.1935483870967742,0.22580645161290322,0.28888888888888886,1.6774193548387097,2.120148410918405,0.5215420529934703,0.4626,0.16124261043615884,0.14846390168970813,0.1400351440674021,7.161290322580645,6.967741935483871,1.0,1.0,1.0,0.2911326862546528,0.059034284638006265,-0.2251612097790159,-0.5165933162455199,-0.5157987390250419,0.0981784391503354,0.12748929924414923,1.0,1.0,1.0
M0403,45.0,1.0,0.0,0.0,72.0,359411.4,4991.825000000001,4004.9700000000003,3810.187973661748,60.0,21.0,19.0,49.0,0.9722222222222222,0.027777777777777776,0.0,0.0,0.0,0.0,1.0,29.0,344062.5,0.375,0.2638888888888889,0.25,0.1111111111111111,1.2,3.4285714285714284,3.789473684210526,1.469387755102041,7334.926530612245,0.5436428991513675,21.0,19.0,60.0,0.0,287,287,581,494,0.36798,0.3635632660022904,0.006431218891465612,0.008006896109592309,0.04750402576489535,0.0,0.7361111111111112,0.3055555555555556,0.2361111111111111,0.5444444444444444,2.722222222222222,3.5854728592359617,0.8067393826529076,0.53,0.1610237188088065,0.19472853535353535,0.17226911387450602,8.027777777777779,6.013888888888889,1.0,1.0,1.0,0.41778245753802906,1.1827940600686258,1.852934866252626,0.7855569493392517,-0.5157987390250419,-0.3684547754439012,1.848594839040163,1.0,1.0,1.0
M0404,490.0,1.0,0.0,0.0,24.0,33580.05,1399.16875,896.215,1346.7449488765333,15.0,12.0,6.0,22.0,0.7083333333333334,0.2916666666666667,0.0,0.0,0.0,0.0,1.0,15.0,21701.52,0.5,0.375,0.0,0.125,1.6,2.0,4.0,1.0909090909090908,1526.3659090909093,0.48202419933034235,12.0,6.0,15.0,1.0,125,125,155,494,0.44787,0.4389677419354839,0.0019807939081507423,0.0013189085775635425,0.05434782608695649,0.08333333333333333,0.7916666666666666,0.25,0.2916666666666667,0.24444444444444444,1.8333333333333335,3.805404697134161,0.8908980653593919,0.612,0.1909722222222222,0.21319444444444444,0.20026501276501274,5.375,5.041666666666667,1.0,1.0,1.0,0.43162615086256656,-0.13282714043551413,-0.33701869182424965,-0.6019112701677783,-0.5157987390250419,2.98333746109275,-0.3027870857048542,1.0,1.0,1.0
M0405,174.0,1.0,0.0,0.0,121.0,265748.21,2196.2661983471075,1386.79,3657.8670824861074,45.0,20.0,29.0,65.0,0.9504132231404959,0.04132231404958678,0.008264462809917356,1.0,3113.35,0.011715412871454523,1.0,29.0,244581.78,0.512396694214876,0.23140495867768596,0.14049586776859505,0.11570247933884298,2.688888888888889,6.05,4.172413793103448,1.8615384615384616,4088.434,-0.16769979446383043,20.0,29.0,45.0,0.0,270,270,493,494,0.35894,0.35417871403001516,0.005547431039791539,0.007470820225501026,0.0408352957596743,0.024793388429752067,0.7520661157024794,0.24793388429752067,0.2644628099173554,0.7222222222222222,2.68595041322314,12.348126446458473,1.5912209167940052,0.6492,0.2638757706939525,0.14598204825477554,0.1771418205302503,4.8347107438016526,7.231404958677686,1.0,1.0,1.0,0.5243282428882584,2.525824035583269,1.2234127647073623,-0.29407570214432555,-0.3870718615911668,-0.19641846230282906,1.1314675307918238,1.0,1.0,1.0
M0408,464.0,1.0,0.0,0.0,30.0,78785.41,2626.1803333333332,1911.58,2525.612227866376,30.0,9.0,10.0,27.0,0.9333333333333333,0.03333333333333333,0.03333333333333333,1.0,4104.08,0.0520918784328215,1.0,20.0,73440.79000000001,0.36666666666666664,0.4,0.23333333333333334,0.0,1.0,3.3333333333333335,3.0,1.1111111111111112,2917.978148148148,-0.05625255040739905,9.0,10.0,30.0,0.0,177,177,286,494,0.42487,0.41833590138674887,0.003328731194101408,0.0025822800849568455,0.05391304347826089,0.03333333333333333,0.6,0.3333333333333333,0.3,0.3,1.7999999999999998,3.8085343466512387,0.9771934686466716,0.4698,0.19814327485380115,0.13923280423280424,0.18755531505531503,6.166666666666667,8.3,0.9999999999999998,0.9999999999999998,0.9999999999999998,0.44346183160336483,0.03162550962750335,-0.033187771392111765,-0.12804473288300436,0.003399666624921102,-0.29789072835891905,0.41434022254348485,1.0,1.0,1.0
M0409,31.0,1.0,0.0,0.0,8.0,5944.83,743.10375,799.225,406.25114867310134,8.0,6.0,6.0,7.0,0.75,0.125,0.125,1.0,817.39,0.13749594185199576,1.0,6.0,5409.9800000000005,0.25,0.25,0.125,0.375,1.0,1.3333333333333333,1.3333333333333333,1.1428571428571428,849.2614285714286,-0.4982493810943263,6.0,6.0,8.0,0.0,96,96,120,494,0.45189,0.44035087719298244,0.0015942420223269546,0.0007714391582998493,0.1847826086956522,0.0,1.0,0.25,0.125,0.07777777777777778,1.75,1.5886274292116007,0.4489529102924133,0.4799,0.14995039682539682,0.20005411255411254,0.17019300144300142,7.0,5.625,1.0,1.0,1.0,0.23397617281372848,-0.5713675406035608,-0.5227584874799999,-0.8552807199810968,1.4311952821623195,0.866416048543286,-0.6374464962207458,1.0,1.0,1.0
M0410,610.0,1.0,0.0,0.0,142.0,310359.02,2185.626901408451,1512.04,2562.4339851192026,65.0,27.0,17.0,73.0,0.8873239436619719,0.08450704225352113,0.028169014084507043,4.0,6529.05,0.021037087950593475,1.0,30.0,274782.84,0.4225352112676056,0.30985915492957744,0.14788732394366197,0.11971830985915492,2.1846153846153844,5.2592592592592595,8.352941176470589,1.9452054794520548,4251.493424657535,-0.11146194580153708,25.0,17.0,65.0,0.0,271,271,535,494,0.36862,0.3639469728030614,0.005944747430792688,0.007240062906470047,0.03528457949164675,0.02112676056338028,0.7323943661971831,0.2676056338028169,0.2676056338028169,0.8111111111111111,2.5704225352112675,6.732349586617459,0.9712661537843891,0.6175,0.21424938520008943,0.14754511920004876,0.20902409405930533,4.929577464788732,8.084507042253522,1.0,0.9799692304737914,1.0,0.44749978523105444,3.10140831080383,1.5232476396762424,-0.29818455235238106,-0.07703952298281964,0.3520935926773951,2.0876372751229426,1.0,0.9259259259259259,1.0
M0414,836.0,1.0,0.0,0.0,7.0,10108.95,1444.1357142857144,729.22,1745.5695277650514,7.0,6.0,6.0,7.0,0.8571428571428571,0.0,0.14285714285714285,1.0,549.77,0.05438448107864812,1.0,7.0,9762.2,0.42857142857142855,0.2857142857142857,0.2857142857142857,0.0,1.0,1.1666666666666667,1.1666666666666667,1.0,1444.1357142857144,-0.5677357105817212,6.0,6.0,7.0,1.0,75,75,89,494,0.52316,0.5102702702702703,0.001241233337976697,0.00033988289491562095,0.14818101153504878,0.0,0.5714285714285714,0.42857142857142855,0.2857142857142857,0.07777777777777778,1.0,3.6839681668224693,1.2087295608698587,0.508,0.1963718820861678,0.2119047619047619,0.18605442176870748,6.428571428571429,5.285714285714286,0.9999999999999998,0.9999999999999998,0.9999999999999998,0.48008122929250385,-0.5987763156140637,-0.49477091228117676,-0.5845452241192213,1.7093372851890853,-0.7212750108688117,-0.6852549834373017,1.0,1.0,1.0
M0416,596.0,0.0,0.0,1.0,20.0,24529.6,1226.48,972.2950000000001,904.9663576474455,20.0,9.0,7.0,18.0,1.0,0.0,0.0,0.0,0.0,0.0,1.0,13.0,23758.760000000002,0.5,0.4,0.05,0.05,1.0,2.2222222222222223,2.857142857142857,1.1111111111111112,1362.7555555555555,-0.1369730673153822,9.0,6.0,20.0,0.0,118,118,162,494,0.48967,0.48095031145878603,0.0020099621546942723,0.000999691523636198,0.05043478260869568,0.0,0.6,0.3,0.2,0.2,1.7999999999999998,2.392784228034701,0.6916405370798372,0.4041,0.251547619047619,0.21958333333333332,0.185989010989011,4.85,4.85,0.9626646989759311,1.0,1.0,0.35512269983112565,-0.24246224047752582,-0.3978479066303046,-0.6686029144049342,-0.5157987390250419,-0.7212750108688117,-0.06374464962207452,0.8571428571428571,1.0,1.0
M0422,123.0,1.0,0.0,0.0,1.0,899.2,899.2,899.2,0.0,1.0,1.0,1.0,1.0,1.0,0.0,0.0,0.0,0.0,0.0,1.0,1.0,857.41,0.0,0.0,0.0,1.0,1.0,1.0,1.0,1.0,899.2,1.0,1.0,1.0,1.0,0.0,11,11,11,494,0.71212,0.6545454545454545,0.0004269493116662433,8.301368037429087e-06,1.0,0.0,1.0,0.0,1.0,0.011111111111111112,1.0,1.0,0.0,0.2392,0.3333333333333333,0.14285714285714285,0.25,3.0,7.0,1.0,1.0,1.0,0.0,-0.7632289656770812,-0.5566708024590203,-0.79499702708417,-0.5157987390250419,-0.7212750108688117,-0.9721059067366373,1.0,1.0,1.0
M0423,342.0,1.0,0.0,0.0,12.0,15564.55,1297.0458333333333,705.7049999999999,1478.0615870946299,10.0,8.0,3.0,12.0,0.8333333333333334,0.0,0.16666666666666666,2.0,866.32,0.0556598166988445,1.0,10.0,15290.34,0.5833333333333334,0.16666666666666666,0.25,0.0,1.2,1.5,4.0,1.0,1297.0458333333333,1.5048188430273144,8.0,3.0,10.0,1.0,119,119,149,494,0.45378,0.4445235721407207,0.001877630526172157,0.000924926480327836,0.14492753623188406,0.08333333333333333,0.8333333333333334,0.0,0.3333333333333333,0.13333333333333333,1.0,4.246172231127788,1.1395600287278183,0.5748,0.12261904761904763,0.15066438191438192,0.1517094017094017,8.333333333333334,7.25,1.0,1.0,1.0,0.5000500603400837,-0.46173244056154916,-0.4581031372759656,-0.6413506964581074,2.080193289224773,-0.7212750108688117,-0.5418295217876339,1.0,1.0,1.0
M0424,846.0,1.0,0.0,0.0,211.0,265191.83,1256.8333175355451,897.92,1146.0896181465164,116.0,37.0,27.0,81.0,0.966824644549763,0.02843601895734597,0.004739336492890996,1.0,301.82,0.001138119526532925,1.0,30.0,246568.65,0.41232227488151657,0.3175355450236967,0.12796208530805686,0.14218009478672985,1.8189655172413792,5.702702702702703,7.814814814814815,2.6049382716049383,3273.9732098765435,-0.14533879276998343,36.0,27.0,114.0,1.0,356,356,970,494,0.30806,0.30416205095743,0.01059805641874977,0.016933643623976008,0.02985889414179728,0.009478672985781991,0.7630331753554502,0.23696682464454977,0.3033175355450237,0.9,2.3033175355450237,3.554311307403399,0.7525851340069777,0.733,0.2755077860528098,0.1641589387442468,0.1854589460039697,5.895734597156398,7.587677725118484,1.0,0.9928366948559463,0.9848298493961899,0.39832204148638767,4.992613786528532,1.2196732646235218,-0.6568805951774339,-0.4419790604966112,-0.3600941063580028,4.525870123167295,1.0,0.972972972972973,0.9827586206896551
M0425,438.0,1.0,0.0,0.0,35.0,307536.09,8786.745428571428,6256.19,9281.406732435978,27.0,11.0,10.0,24.0,1.0,0.0,0.0,0.0,0.0,0.0,1.0,19.0,299533.88,0.2,0.45714285714285713,0.34285714285714286,0.0,1.2962962962962963,3.1818181818181817,3.5,1.4583333333333333,12814.003750000002,-0.17195595947318557,11.0,10.0,27.0,0.0,169,169,256,494,0.42165,0.41476472245703017,0.0030575306862360525,0.0028783087162102027,0.1430700976042591,0.0,0.22857142857142856,0.9142857142857143,0.2857142857142857,0.26666666666666666,2.0571428571428574,3.358921289530604,0.8300889126770813,0.6121,0.22158730158730158,0.164850863422292,0.18246063460349174,6.0285714285714285,7.0,0.9999999999999998,0.9999999999999998,0.9999999999999998,0.4232437036901907,0.16866938468001794,1.5042743714572637,2.2511387149759874,-0.5157987390250419,-0.7212750108688117,0.270914760893817,1.0,1.0,1.0
M0427,379.0,1.0,0.0,0.0,13.0,70415.84,5416.6030769230765,4725.91,2308.090002633435,12.0,5.0,6.0,13.0,0.9230769230769231,0.0,0.07692307692307693,1.0,3728.74,0.052953142361150556,1.0,12.0,68257.04,0.23076923076923078,0.5384615384615384,0.15384615384615385,0.07692307692307693,1.0833333333333333,2.6,2.1666666666666665,1.0,5416.6030769230765,-0.32039910171106634,5.0,6.0,12.0,1.0,96,96,111,494,0.45833,0.4469298245614035,0.0015448387340902085,0.0010522637815070259,0.08618471829174174,0.07692307692307693,0.7692307692307693,0.23076923076923078,0.38461538461538464,0.14444444444444443,1.0,2.0245493059516155,0.4261139259893038,0.4065,0.158974358974359,0.30186480186480186,0.22860195360195357,6.769230769230769,3.769230769230769,1.0000000000000002,1.0000000000000002,1.0000000000000002,0.2132164712240422,-0.43432366555104623,-0.08944070592733525,0.9496043953129878,0.6823514278594883,-0.7212750108688117,-0.446212547354522,1.0,1.0,1.0
M0431,264.0,1.0,0.0,0.0,11.0,23092.22,2099.2927272727275,1620.73,1547.0035124529675,10.0,7.0,7.0,10.0,1.0,0.0,0.0,0.0,0.0,0.0,1.0,10.0,22692.87,0.6363636363636364,0.2727272727272727,0.0,0.09090909090909091,1.1,1.5714285714285714,1.5714285714285714,1.1,2309.222,1.026590543895106,6.0,7.0,10.0,0.0,96,96,119,494,0.47788,0.4668859649122807,0.0015583439922219264,0.0006025240627917944,0.13762127200862379,0.0,0.7272727272727273,0.2727272727272727,0.2727272727272727,0.1111111111111111,1.8181818181818181,3.3612446096564126,0.9061027956374531,0.4062,0.19297520661157022,0.2671487603305785,0.17586580086580086,6.636363636363637,6.454545454545454,0.9999999999999999,0.9381237490375545,0.9999999999999999,0.39858237969323007,-0.48914121557205203,-0.40750871872008215,-0.33152643494153833,-0.5157987390250419,-0.7212750108688117,-0.5418295217876339,1.0,0.8571428571428571,1.0
M0432,413.0,1.0,0.0,0.0,8.0,27988.07,3498.50875,3378.2,1475.0734122790295,8.0,4.0,6.0,7.0,1.0,0.0,0.0,0.0,0.0,0.0,1.0,6.0,27169.28,0.625,0.0,0.375,0.0,1.0,2.0,1.3333333333333333,1.1428571428571428,3998.2957142857144,0.35611829051367605,4.0,5.0,8.0,1.0,75,75,82,494,0.54105,0.5286486486486487,0.0011492892340739008,0.00024733991016934957,0.15217391304347827,0.0,0.75,0.375,0.25,0.07777777777777778,1.75,1.9255529230847286,0.5533254594134844,0.5665,0.3470238095238095,0.17857142857142858,0.1790719696969697,4.125,6.125,0.9377913518152555,1.0,1.0,0.2829459633540657,-0.5713675406035608,-0.3746030939933311,0.2088447079305682,-0.5157987390250419,-0.7212750108688117,-0.6374464962207458,0.8333333333333334,1.0,1.0
M0433,361.0,1.0,0.0,0.0,9.0,28385.21,3153.912222222222,2009.27,2767.2006494640837,8.0,7.0,5.0,8.0,0.8888888888888888,0.1111111111111111,0.0,0.0,0.0,0.0,1.0,7.0,24086.81,0.0,0.6666666666666666,0.2222222222222222,0.1111111111111111,1.125,1.2857142857142858,1.8,1.125,3548.15125,2.299864271626408,7.0,5.0,8.0,0.0,91,91,102,494,0.43765,0.42515262515262514,0.0013989343095850335,0.0006026896490746324,0.12399355877616747,0.0,0.8888888888888888,0.0,0.1111111111111111,0.08888888888888889,1.7777777777777777,2.7800844172017753,0.8248787048251804,0.5249,0.32407407407407407,0.1455026455026455,0.24581128747795417,3.111111111111111,8.444444444444445,1.0000000000000002,1.0000000000000002,1.0000000000000002,0.3938241517325222,-0.5439587655930579,-0.3719338660137194,0.07576302753207807,-0.5157987390250419,0.6900059308308305,-0.6374464962207458,1.0,1.0,1.0
M0434,388.0,1.0,0.0,0.0,28.0,77331.91,2761.8539285714287,1831.79,3495.1032585820208,26.0,12.0,13.0,23.0,0.8214285714285714,0.14285714285714285,0.03571428571428571,1.0,1085.38,0.014035344529832511,1.0,18.0,67900.62,0.35714285714285715,0.39285714285714285,0.10714285714285714,0.14285714285714285,1.0769230769230769,2.3333333333333335,2.1538461538461537,1.2173913043478262,3362.256956521739,0.7407112985540121,12.0,13.0,26.0,0.0,190,190,296,494,0.42039,0.4142578668894458,0.0034579094297386777,0.0034522337253567086,0.06566104702750666,0.03571428571428571,0.8571428571428571,0.17857142857142858,0.21428571428571427,0.25555555555555554,2.464285714285714,5.39629190588982,1.132668844051225,0.5089,0.16485904968047826,0.22037981859410433,0.1594378835450264,7.107142857142857,4.857142857142857,0.9999999999999998,0.9999999999999998,0.9999999999999998,0.49419782518148353,-0.02319204039350248,-0.042956928033008164,-0.07564818043824494,0.04048526702848987,1.0932290570307284,0.2231062736772611,1.0,1.0,1.0
M0439,367.0,1.0,0.0,0.0,2.0,8095.99,4047.995,4047.995,1000.6621613961424,2.0,2.0,2.0,2.0,0.5,0.5,0.0,0.0,0.0,0.0,1.0,1.0,3313.17,0.0,0.5,0.5,0.0,1.0,1.0,1.0,1.0,4047.995,1.0,2.0,2.0,2.0,1.0,42,42,43,494,0.55703,0.5354239256678281,0.0007636116585980892,0.00010215236601075393,0.47826086956521735,0.0,1.0,0.0,0.0,0.022222222222222223,1.0,1.1747964115568323,0.2471994558778216,0.4724,0.1125,0.11805555555555555,0.19642857142857142,9.0,8.5,1.0,1.0,1.0,0.08739820577836223,-0.7358201906665783,-0.5083002700739933,0.42105390799837167,-0.5157987390250419,5.629489226779579,-0.9242974195200814,1.0,1.0,1.0
M0440,643.0,1.0,0.0,0.0,31.0,272205.57,8780.824838709677,6562.46,6839.87201270651,26.0,9.0,11.0,28.0,0.9032258064516129,0.06451612903225806,0.03225806451612903,1.0,10103.73,0.03711801341904943,1.0,18.0,248010.28,0.16129032258064516,0.6451612903225806,0.12903225806451613,0.06451612903225806,1.1923076923076923,3.4444444444444446,2.8181818181818183,1.1071428571428572,9721.6275,0.311032355743634,9.0,11.0,26.0,1.0,187,187,269,494,0.41597,0.40969466965671897,0.0031609491280747072,0.0028386502966926074,0.25295208795186175,0.0,0.16129032258064516,0.8709677419354839,0.41935483870967744,0.3111111111111111,2.7096774193548385,5.249874056581575,0.989690072260005,0.3934,0.17036959456314293,0.20113461807010194,0.18706875561714273,7.064516129032258,6.838709677419355,1.0,1.0,1.0,0.4260330200863576,0.059034284638006265,1.2668134948942618,2.2488522089196636,-0.013348669041206747,0.0981784391503354,0.2231062736772611,1.0,1.0,1.0
M0442,485.0,1.0,0.0,0.0,29.0,35717.55,1231.639655172414,764.25,1804.1900432098982,28.0,9.0,7.0,25.0,0.9655172413793104,0.034482758620689655,0.0,0.0,0.0,0.0,1.0,17.0,33648.61,0.41379310344827586,0.41379310344827586,0.0,0.1724137931034483,1.0357142857142858,3.2222222222222223,4.142857142857143,1.16,1428.7020000000002,0.10645709951864298,9.0,7.0,28.0,1.0,180,180,273,494,0.42848,0.42209807572936064,0.003218009635999535,0.002786823848344833,0.044615623222871326,0.034482758620689655,0.7586206896551724,0.13793103448275862,0.1724137931034483,0.2777777777777778,2.586206896551724,6.904329944243095,1.3617197110780617,0.8282,0.17101806239737274,0.15646924914166294,0.15500648776510845,5.896551724137931,8.137931034482758,1.0,1.0,1.0,0.5094011207375588,0.004216734617000434,-0.322652284999402,-0.6666102780163737,-0.5157987390250419,-0.28329127034133655,0.31872324811037295,1.0,1.0,1.0
M0443,75.0,0.0,0.0,1.0,22.0,100686.64,4576.665454545455,3883.615,2446.3373917012136,18.0,10.0,8.0,20.0,0.8636363636363636,0.09090909090909091,0.045454545454545456,1.0,1497.97,0.014877544826205343,1.0,15.0,91830.54000000001,0.3181818181818182,0.09090909090909091,0.4090909090909091,0.18181818181818182,1.2222222222222223,2.2,2.75,1.1,5034.332,-0.5102071012921341,8.0,8.0,18.0,0.0,126,126,167,494,0.48481,0.4765714285714286,0.0020533197594133617,0.0010098363472813437,0.07294286740927054,0.0,0.7272727272727273,0.2727272727272727,0.4090909090909091,0.2222222222222222,1.8181818181818181,1.893796436150814,0.4916759581936871,0.4628,0.222041847041847,0.35984848484848486,0.17927489177489175,6.636363636363637,3.4545454545454546,0.9999999999999999,0.9377797292669613,0.9999999999999999,0.2740498938091475,-0.18764469045652,0.11401315499130715,0.6252241383882551,0.19219908686127132,0.4334093959763502,-0.1593616240551864,1.0,0.8,1.0
M0444,364.0,1.0,0.0,0.0,118.0,663109.74,5619.5740677966105,4470.82,4163.097300898795,76.0,23.0,16.0,65.0,0.8220338983050848,0.0423728813559322,0.13559322033898305,16.0,55393.19,0.08353547936122911,1.0,30.0,616175.72,0.3135593220338983,0.4067796610169492,0.15254237288135594,0.1271186440677966,1.5526315789473684,5.130434782608695,7.375,1.8153846153846154,10201.688307692308,-0.08903678263419605,23.0,16.0,75.0,0.0,306,306,624,494,0.33821,0.33386906675238404,0.006985911606316848,0.010548299279072125,0.03266177884915632,0.00847457627118644,0.788135593220339,0.2033898305084746,0.2966101694915254,0.7222222222222222,2.7542372881355934,3.451651230458476,0.7551882723456748,0.5385,0.22943233790691417,0.17027034876611147,0.18594244738312535,4.805084745762712,6.423728813559322,1.0,1.0,0.9956339504227459,0.4023248983934856,2.44359771055176,3.894129675361819,1.0279909092798833,1.5961947754832824,-0.18307465174606682,2.613530634505058,1.0,1.0,0.9868421052631579
M0448,304.0,1.0,0.0,0.0,34.0,325765.19,9581.32911764706,6378.469999999999,9444.732191797926,31.0,9.0,10.0,28.0,0.8823529411764706,0.11764705882352941,0.0,0.0,0.0,0.0,1.0,17.0,288703.07,0.14705882352941177,0.5588235294117647,0.2647058823529412,0.029411764705882353,1.096774193548387,3.7777777777777777,3.4,1.2142857142857142,11634.471071428572,-0.18257971045702395,9.0,10.0,29.0,0.0,173,173,259,494,0.42064,0.4138997177039925,0.0030459403157954454,0.002499519135615003,0.1821874529863096,0.0,0.20588235294117646,0.8235294117647058,0.3235294117647059,0.3111111111111111,1.647058823529412,3.2369034886753862,0.9254596034076055,0.4117,0.15276610644257702,0.22223389355742298,0.22399626517273574,6.852941176470588,6.029411764705882,1.0,1.0,0.9804881239766593,0.47017536618937056,0.141260609669515,1.6267944494225641,2.558003480100982,-0.5157987390250419,0.7730224568131625,0.46214870976004074,1.0,1.0,0.9354838709677419
M0449,122.0,1.0,0.0,0.0,15.0,20409.39,1360.626,795.27,1971.4489772999814,14.0,8.0,5.0,13.0,0.9333333333333333,0.06666666666666667,0.0,0.0,0.0,0.0,1.0,10.0,19092.79,0.6,0.2,0.06666666666666667,0.13333333333333333,1.0714285714285714,1.875,3.0,1.1538461538461537,1569.9530769230769,2.1233839831746355,8.0,5.0,14.0,1.0,129,129,159,494,0.42993,0.42102713178294576,0.002019748401024962,0.0013699153899481924,0.10956521739130436,0.0,0.7333333333333333,0.3333333333333333,0.2,0.14444444444444443,1.7333333333333334,5.752732443252836,1.4868866547132458,0.6398,0.13467000835421888,0.21816239316239316,0.16563085063085065,9.533333333333333,6.066666666666666,1.0,1.0,1.0,0.5549888103918171,-0.3795061155300404,-0.42554035718647093,-0.6167963125977087,-0.5157987390250419,0.12549355415097366,-0.35059557292141014,1.0,1.0,1.0
M0451,696.0,0.0,1.0,0.0,4.0,4105.97,1026.4925,1038.255,596.558618655088,4.0,4.0,3.0,4.0,1.0,0.0,0.0,0.0,0.0,0.0,1.0,4.0,3953.42,0.5,0.5,0.0,0.0,1.0,1.0,1.3333333333333333,1.0,1026.4925,4.211754916792739,4.0,3.0,4.0,0.0,59,59,63,494,0.47853,0.4605493863237873,0.0009814869169197328,0.00025439120955559897,0.21739130434782608,0.0,0.5,0.25,0.5,0.044444444444444446,1.0,1.597878211482305,0.5811621796117243,0.6529,0.21022727272727273,0.15,0.19166666666666665,5.75,7.5,1.0,1.0,1.0,0.27444124043753704,-0.6810026406455725,-0.5351176972362288,-0.7458372171714909,-0.5157987390250419,-0.7212750108688117,-0.8286804450869695,1.0,1.0,1.0
M0452,387.0,1.0,0.0,0.0,49.0,95929.45999999999,1957.744081632653,1437.39,1479.2461924193549,37.0,14.0,17.0,36.0,0.9183673469387755,0.02040816326530612,0.061224489795918366,3.0,1240.56,0.012932002327543593,1.0,22.0,92262.83,0.46938775510204084,0.24489795918367346,0.14285714285714285,0.14285714285714285,1.3243243243243243,3.5,2.8823529411764706,1.3611111111111112,2664.707222222222,-0.2981031185355762,13.0,17.0,36.0,1.0,209,209,371,494,0.39216,0.3863176297386824,0.0042367378674805,0.004144683196283913,0.052568676095105314,0.0,0.8571428571428571,0.14285714285714285,0.24489795918367346,0.4,2.204081632653061,3.8556018140829735,0.8123033866361283,0.5285,0.15738360279176605,0.3901684483317136,0.2172190621170213,7.387755102040816,5.571428571428571,1.0000000000000002,0.7362331654947292,0.9896913836479431,0.40587115898610293,0.5523922348270588,0.08203954880696618,-0.3861919063013061,0.4378309856381555,-0.4620601440260203,0.7489996330593763,1.0,0.9285714285714286,0.972972972972973
M0456,226.0,1.0,0.0,0.0,13.0,73551.02,5657.7707692307695,6077.45,2264.561163041902,11.0,3.0,7.0,13.0,0.9230769230769231,0.0,0.07692307692307693,1.0,1980.9,0.0269323253436866,1.0,13.0,70991.5,0.3076923076923077,0.46153846153846156,0.15384615384615385,0.07692307692307693,1.1818181818181819,4.333333333333333,1.8571428571428572,1.0,5657.7707692307695,-0.5957296262382419,3.0,7.0,11.0,0.0,86,86,105,494,0.52125,0.5099863201094391,0.0013951466075714284,0.0004205611447083911,0.12323128376640087,0.0,0.7692307692307693,0.23076923076923078,0.15384615384615385,0.14444444444444443,1.0,1.8620814504000078,0.4002567893626046,0.4643,0.29914529914529914,0.18500986193293883,0.18188926458157229,4.076923076923077,8.538461538461538,1.0,1.0,1.0,0.21235881830472955,-0.43432366555104623,-0.06836876611487867,1.04274230925863,0.6823514278594883,-0.7212750108688117,-0.49402103457107793,1.0,1.0,1.0
M0458,447.0,1.0,0.0,0.0,8.0,6579.12,822.39,570.2750000000001,715.674184987235,8.0,6.0,4.0,8.0,1.0,0.0,0.0,0.0,0.0,0.0,1.0,8.0,6421.91,0.375,0.25,0.0,0.375,1.0,1.3333333333333333,2.0,1.0,822.39,-0.46770929162833474,6.0,4.0,8.0,0.0,114,114,131,494,0.43722,0.4272628473839466,0.0017356058199286327,0.0012212476022916959,0.21739130434782608,0.0,0.5,0.625,0.125,0.08888888888888889,1.0,2.532290032709542,0.870236973926282,0.7589,0.08928571428571427,0.1795558608058608,0.1418154761904762,11.625,7.125,1.0000000000000002,1.0000000000000002,1.0000000000000002,0.42927587580093735,-0.5713675406035608,-0.5184953444695052,-0.8246607150421635,-0.5157987390250419,-0.7212750108688117,-0.6374464962207458,1.0,1.0,1.0
M0461,1011.0,1.0,0.0,0.0,6.0,33117.35,5519.558333333333,4718.37,2538.873738321122,6.0,6.0,5.0,6.0,1.0,0.0,0.0,0.0,0.0,0.0,1.0,6.0,31803.23,0.3333333333333333,0.5,0.16666666666666666,0.0,1.0,1.0,1.2,1.0,5519.558333333333,1.125717311365987,6.0,5.0,6.0,1.0,67,67,82,494,0.53819,0.5241971958389868,0.0011717833680721609,0.00028879891427094855,0.3043478260869565,0.0,0.3333333333333333,0.6666666666666666,0.3333333333333333,0.06666666666666667,1.0,1.9195593850353365,0.45997769839454944,0.4704,0.2162037037037037,0.1951058201058201,0.23749999999999996,6.166666666666667,5.833333333333333,1.0000000000000002,1.0000000000000002,1.0000000000000002,0.1892217120834352,-0.6261850906245666,-0.34012855682441673,0.9893652675924964,-0.5157987390250419,-0.7212750108688117,-0.7330634706538576,1.0,1.0,1.0
M0463,149.0,1.0,0.0,0.0,2.0,2603.83,1301.915,1301.915,1284.4523969575516,2.0,2.0,2.0,2.0,1.0,0.0,0.0,0.0,0.0,0.0,1.0,2.0,2523.23,1.0,0.0,0.0,0.0,1.0,1.0,1.0,1.0,1301.915,-0.8218816737249791,2.0,2.0,2.0,0.0,34,34,36,494,0.6084,0.5846702317290553,0.0006858465890293198,5.787739498548804e-05,0.47826086956521735,0.0,0.5,0.5,0.0,0.022222222222222223,1.0,1.6976223486172293,0.986586986829057,0.7372,0.14583333333333331,0.1388888888888889,0.15476190476190477,7.0,7.5,1.0,1.0,1.0,0.3488111743079448,-0.7358201906665783,-0.5452137694457617,-0.6394702454671497,-0.5157987390250419,-0.7212750108688117,-0.9242974195200814,1.0,1.0,1.0
M0464,534.0,1.0,0.0,0.0,14.0,24749.579999999998,1767.8271428571427,1298.6750000000002,1415.7060770427681,14.0,8.0,11.0,13.0,1.0,0.0,0.0,0.0,0.0,0.0,1.0,12.0,24100.71,0.21428571428571427,0.5714285714285714,0.07142857142857142,0.14285714285714285,1.0,1.75,1.2727272727272727,1.0769230769230769,1903.813846153846,2.6039905649145783,8.0,11.0,14.0,0.0,161,161,214,494,0.415,0.40768633540372673,0.0025965215717297227,0.0021137613562461945,0.12688553682342504,0.0,0.9285714285714286,0.14285714285714285,0.2857142857142857,0.14444444444444443,1.8571428571428572,4.725987269278913,1.1933910839674768,0.7002,0.15236935683364256,0.18975468975468976,0.13868611547182977,8.571428571428571,7.357142857142857,1.0000000000000002,1.0000000000000002,1.0000000000000002,0.4788794861911104,-0.4069148905405433,-0.39636939333284027,-0.45953700211922155,-0.5157987390250419,-0.7212750108688117,-0.35059557292141014,1.0,1.0,1.0
M0467,668.0,1.0,0.0,0.0,2.0,3002.55,1501.275,1501.275,839.809510811827,2.0,2.0,2.0,2.0,1.0,0.0,0.0,0.0,0.0,0.0,1.0,2.0,2911.82,0.0,1.0,0.0,0.0,1.0,1.0,1.0,1.0,1501.275,1.3088138058714627,2.0,2.0,2.0,1.0,29,29,29,494,0.53793,0.5049261083743842,0.0006261619584042365,6.737926415189583e-05,0.47826086956521735,0.0,1.0,0.0,0.0,0.022222222222222223,1.0,1.3955537792876056,0.5593975193164656,0.3984,0.20833333333333331,0.18055555555555555,0.22916666666666666,5.0,6.5,1.0,1.0,1.0,0.19777688964347342,-0.7358201906665783,-0.5425339220870702,-0.5624782804716337,-0.5157987390250419,-0.7212750108688117,-0.9242974195200814,1.0,1.0,1.0
M0470,461.0,1.0,0.0,0.0,49.0,57173.77,1166.8116326530612,688.21,1365.9632388711198,41.0,11.0,9.0,38.0,0.9387755102040817,0.04081632653061224,0.02040816326530612,1.0,652.84,0.011418522864593328,1.0,24.0,50870.0,0.5714285714285714,0.1836734693877551,0.0,0.24489795918367346,1.1951219512195121,4.454545454545454,5.444444444444445,1.2894736842105263,1504.572894736842,0.7250493546010117,11.0,9.0,40.0,0.0,193,193,339,494,0.41275,0.4066278065630397,0.0038624153700197654,0.003075274983715602,0.09515962551835286,0.0,0.3469387755102041,0.7142857142857143,0.3469387755102041,0.4222222222222222,2.326530612244898,5.597681594199578,1.1385001547933826,0.4898,0.18540654356980885,0.20787172011661806,0.19140649599833273,6.510204081632653,5.3061224489795915,1.0000000000000002,1.0000000000000002,0.994765431770548,0.4950402357400473,0.5523922348270588,-0.1784423268972114,-0.6916465783802307,-0.1979221641373095,-0.2028452771832289,0.9402335819256001,1.0,1.0,0.975609756097561
M0471,140.0,0.0,1.0,0.0,52.0,28320.17,544.6186538461538,442.0,350.3343187614852,46.0,13.0,11.0,41.0,0.9615384615384616,0.019230769230769232,0.019230769230769232,1.0,151.44,0.0053474255274597576,1.0,22.0,26718.56,0.46153846153846156,0.3076923076923077,0.057692307692307696,0.17307692307692307,1.1304347826086956,4.0,4.7272727272727275,1.2682926829268293,690.7358536585366,0.011365710539791397,13.0,10.0,46.0,1.0,195,195,338,494,0.41334,0.40729579698651863,0.0038682172376732393,0.00345615837829962,0.03601749421147416,0.07692307692307693,0.6346153846153846,0.07692307692307693,0.2692307692307692,0.45555555555555555,2.3653846153846154,2.5393209150933767,0.6397041040258976,0.5061,0.17925824175824176,0.2071657509157509,0.18548153235653236,6.653846153846154,5.096153846153846,0.986845771052928,1.0000000000000002,1.0000000000000002,0.3549544973535465,0.6346185598585675,-0.3723710080487548,-0.9319348009161315,-0.2162611973039094,-0.47701484788233517,1.17927601800838,0.9090909090909091,1.0,1.0
M0475,363.0,1.0,0.0,0.0,7.0,11245.68,1606.5257142857142,1724.3,533.6842783536955,7.0,6.0,4.0,7.0,0.5714285714285714,0.14285714285714285,0.2857142857142857,2.0,2474.48,0.22003827247440794,1.0,6.0,9296.81,0.14285714285714285,0.7142857142857143,0.14285714285714285,0.0,1.0,1.1666666666666667,1.75,1.0,1606.5257142857142,-0.5777762039480923,6.0,3.0,7.0,0.0,73,73,81,494,0.45687,0.4417808219178082,0.001208752515461754,0.0005839821107490061,0.14818101153504878,0.0,0.8571428571428571,0.42857142857142855,0.42857142857142855,0.07777777777777778,1.0,1.482970349503098,0.33219778159043,0.4121,0.39285714285714285,0.27619047619047615,0.13860544217687074,5.571428571428571,4.714285714285714,0.6921279993739818,0.9999999999999999,0.9999999999999999,0.1730205986400145,-0.5987763156140637,-0.4871308067232778,-0.5218309123434297,3.934473309403213,1.0932290570307284,-0.6852549834373017,0.75,1.0,1.0
M0478,710.0,1.0,0.0,0.0,137.0,1161787.01,8480.197153284671,6025.66,7064.923396222744,83.0,30.0,20.0,71.0,0.9051094890510949,0.072992700729927,0.021897810218978103,3.0,49003.7,0.04217959021593812,1.0,30.0,1056305.89,0.20437956204379562,0.5255474452554745,0.24817518248175183,0.021897810218978103,1.6506024096385543,4.566666666666666,6.85,1.9295774647887325,16363.197323943663,-0.2051997326215146,30.0,20.0,82.0,1.0,315,315,673,494,0.32548,0.3211808714993428,0.007508155651304555,0.01270556145329632,0.14715986351222066,0.0,0.29927007299270075,0.7518248175182481,0.30656934306569344,0.7888888888888889,2.591240875912409,4.863741995187224,0.9230280206769025,0.545,0.2467271779315575,0.22690012744757268,0.1903910870151746,6.627737226277373,6.153284671532846,0.9999999999999998,0.9999999999999998,0.9592643663660865,0.44520540623575994,2.9643644357513157,7.2458024403322945,2.132751104219999,-0.17471949443747498,0.20584385594117222,2.9481900450209495,1.0,1.0,0.9879518072289156
M0482,263.0,1.0,0.0,0.0,30.0,170431.82,5681.060666666667,4630.705,3576.0742342039644,21.0,12.0,10.0,26.0,0.9666666666666667,0.0,0.03333333333333333,1.0,6256.56,0.036710046281263675,1.0,20.0,165363.26,0.4,0.4666666666666667,0.1,0.03333333333333333,1.4285714285714286,2.5,3.0,1.1538461538461537,6555.070000000001,-0.11369067646537977,12.0,10.0,21.0,0.0,174,174,258,494,0.41655,0.40980665736495914,0.003056278115630136,0.002848803499197333,0.044637681159420295,0.0,0.6,0.4,0.4666666666666667,0.28888888888888886,2.6,2.3861209720109775,0.6079505728880237,0.3915,0.1988888888888889,0.15964590964590963,0.15411375661375662,5.5,8.066666666666666,0.9999999999999998,0.9999999999999998,0.9999999999999998,0.32692512827349074,0.03162550962750335,0.5827792976590159,1.0517367663620298,0.003399666624921102,-0.7212750108688117,-0.015936162405518588,1.0,1.0,1.0
M0486,387.0,1.0,0.0,0.0,2.0,836.84,418.42,418.42,247.07725148220345,2.0,2.0,2.0,1.0,1.0,0.0,0.0,0.0,0.0,0.0,1.0,1.0,796.22,1.0,0.0,0.0,0.0,1.0,1.0,1.0,2.0,836.84,1.0,2.0,2.0,2.0,0.0,32,32,33,494,0.57197,0.5443548387096774,0.0006651216783434504,6.702559877232037e-05,0.47826086956521735,0.0,0.5,0.5,1.0,0.011111111111111112,1.0,1.0,0.0,0.2244,0.20238095238095238,0.25,0.21666666666666667,8.5,4.5,1.0,1.0,1.0,0.0,-0.7358201906665783,-0.5570899318763759,-0.9806721722012655,-0.5157987390250419,-0.7212750108688117,-0.9242974195200814,1.0,1.0,1.0
M0487,293.0,1.0,0.0,0.0,197.0,185050.96,939.3449746192892,737.93,781.7266348959456,109.0,42.0,46.0,81.0,0.7563451776649747,0.16751269035532995,0.07614213197969544,15.0,8625.72,0.04661267361163649,1.0,30.0,154561.7,0.583756345177665,0.18274111675126903,0.005076142131979695,0.22842639593908629,1.8073394495412844,4.690476190476191,4.282608695652174,2.432098765432099,2284.5797530864197,0.12645522958760075,42.0,45.0,107.0,0.0,355,355,1028,494,0.30679,0.3028726028487308,0.011261989322931577,0.016468132684789496,0.059366552133245654,0.005076142131979695,0.4873096446700508,0.6142131979695431,0.26903553299492383,0.9,2.467005076142132,3.144735914906899,0.7217265623637553,0.6458,0.2169380197532749,0.27065475415729223,0.1908283341024458,6.558375634517766,4.50761421319797,0.9953589000565034,1.0,0.9731201610626609,0.3913679751035758,4.60889093638149,0.6810363796096138,-0.7794932124742474,0.6701874667743661,1.4063921956529843,4.1912107126514035,0.9782608695652174,1.0,0.981651376146789
M0488,95.0,1.0,0.0,0.0,5.0,19130.58,3826.1160000000004,3201.1,1670.8789699825656,5.0,4.0,5.0,5.0,1.0,0.0,0.0,0.0,0.0,0.0,1.0,5.0,18608.94,0.6,0.4,0.0,0.0,1.0,1.25,1.0,1.0,3826.1160000000004,-0.2613305462146687,4.0,5.0,5.0,0.0,65,65,74,494,0.4331,0.4153846153846154,0.001122427020249755,0.00040419733090380004,0.16521739130434787,0.0,0.4,0.6,0.2,0.05555555555555555,1.0,1.5925052978006937,0.4367036885401712,0.5249,0.23166666666666663,0.11492063492063491,0.2702380952380953,4.8,9.4,0.9999999999999998,0.9999999999999998,0.9999999999999998,0.21573731690307185,-0.6535938656350696,-0.43413540032643977,0.3353652031366139,-0.5157987390250419,-0.7212750108688117,-0.7808719578704135,1.0,1.0,1.0
M0490,575.0,1.0,0.0,0.0,41.0,40907.87,997.7529268292684,610.33,1184.2596056719235,24.0,17.0,12.0,33.0,0.8292682926829268,0.07317073170731707,0.0975609756097561,4.0,2064.16,0.050458750357816225,1.0,22.0,38091.15,0.5609756097560976,0.1951219512195122,0.024390243902439025,0.21951219512195122,1.7083333333333333,2.411764705882353,3.4166666666666665,1.2424242424242424,1239.6324242424243,0.7834958881590139,17.0,12.0,24.0,0.0,208,208,316,494,0.40118,0.39539204756596064,0.0036792268069223808,0.003945832724637607,0.05894524480769727,0.0,0.43902439024390244,0.5853658536585366,0.36585365853658536,0.36666666666666664,2.4146341463414633,6.248537750804429,1.1773119641930705,0.7002,0.17743902439024392,0.18926662768126182,0.14778919868589882,6.658536585365853,6.390243902439025,0.9999999999999998,0.9999999999999998,0.9999999999999998,0.4884481774644928,0.3331220347430354,-0.287767490299452,-0.7569363153433761,1.003806350682167,0.20810512146997706,0.12748929924414923,1.0,1.0,1.0
M0491,254.0,1.0,0.0,0.0,79.0,240240.13,3041.0143037974685,2289.72,3598.034448569315,49.0,18.0,14.0,51.0,0.9240506329113924,0.05063291139240506,0.02531645569620253,2.0,6239.34,0.025971264667564074,1.0,28.0,217718.51,0.189873417721519,0.5063291139240507,0.21518987341772153,0.08860759493670886,1.6122448979591837,4.388888888888889,5.642857142857143,1.5490196078431373,4710.590784313726,-0.01010296286927356,18.0,13.0,49.0,0.0,254,254,449,494,0.37774,0.37281752824375214,0.005075616118137306,0.00642486108539289,0.023902245320217647,0.02531645569620253,0.7215189873417721,0.25316455696202533,0.31645569620253167,0.5666666666666667,2.5822784810126582,6.843598069981064,1.1065814042054107,0.6091,0.27555756479807114,0.1719231190750178,0.16821483720217897,5.037974683544304,7.658227848101266,0.995087581745814,0.9999999999999999,0.9999999999999999,0.47382437811733763,1.3746554851421462,1.0519697450111003,0.032162342422601506,-0.12147083599975356,-0.07815964503100006,1.3227014796580476,0.9285714285714286,1.0,1.0
M0492,87.0,1.0,0.0,0.0,37.0,135148.92,3652.673513513514,2326.41,6293.113292096553,26.0,12.0,14.0,28.0,0.9459459459459459,0.05405405405405406,0.0,0.0,0.0,0.0,1.0,21.0,126161.5,0.1891891891891892,0.6216216216216216,0.13513513513513514,0.05405405405405406,1.4230769230769231,3.0833333333333335,2.642857142857143,1.3214285714285714,4826.747142857143,0.7796912060274634,12.0,14.0,26.0,0.0,169,169,238,494,0.42123,0.41434206818822206,0.0028640898237691165,0.0029413737128722614,0.08076348969415952,0.0,0.7567567567567568,0.13513513513513514,0.2702702702702703,0.3111111111111111,2.27027027027027,8.161811429939654,1.4728947714361853,0.8282,0.25585585585585585,0.23738738738738738,0.19830642330642329,4.891891891891892,5.0,1.0,1.0,1.0,0.4851506450387139,0.22348693470102377,0.3456384811161309,0.26838246914633096,-0.5157987390250419,-0.034705904096012735,0.2231062736772611,1.0,1.0,1.0
M0493,783.0,1.0,0.0,0.0,3.0,8827.24,2942.4133333333334,2898.48,1477.9598114405326,3.0,3.0,3.0,3.0,1.0,0.0,0.0,0.0,0.0,0.0,1.0,3.0,8698.189999999999,0.3333333333333333,0.3333333333333333,0.0,0.3333333333333333,1.0,1.0,1.0,1.0,2942.4133333333334,-1.0,3.0,3.0,3.0,1.0,49,49,53,494,0.59837,0.5816326530612245,0.0008603259171339658,0.00011534387001716763,0.3043478260869565,0.3333333333333333,0.3333333333333333,0.0,0.0,0.03333333333333333,1.0,1.5095941653336717,0.5022951040553555,0.4346,0.30158730158730157,0.13425925925925927,0.1726190476190476,6.333333333333333,7.666666666666667,1.0,1.0,1.0,0.22316828363103938,-0.7084114156560753,-0.5033854466865453,-0.005916923561039088,-0.5157987390250419,-0.7212750108688117,-0.8764889323035254,1.0,1.0,1.0
M0494,413.0,1.0,0.0,0.0,19.0,27107.65,1426.7184210526316,1134.21,947.9619145142861,16.0,9.0,7.0,17.0,0.8421052631578947,0.10526315789473684,0.05263157894736842,1.0,182.31,0.0067254077723447065,1.0,15.0,25076.41,0.3684210526315789,0.47368421052631576,0.05263157894736842,0.10526315789473684,1.1875,2.111111111111111,2.7142857142857144,1.1176470588235294,1594.5676470588237,0.1795288239735185,9.0,7.0,15.0,1.0,130,130,176,494,0.48761,0.47966607036374476,0.0021667998885362438,0.001285438793844792,0.0692520775623269,0.0,0.7368421052631579,0.3157894736842105,0.2631578947368421,0.18888888888888888,1.7894736842105263,2.0060547483828364,0.5889974485447298,0.4836,0.22593984962406014,0.17134181607865817,0.18870091896407687,4.894736842105263,6.2631578947368425,1.0,1.0,0.9602363170544108,0.32689704154491817,-0.2698710154880287,-0.38052050774618834,-0.5912717070190916,0.30398821726437336,0.6157279865308494,-0.2549785984882983,1.0,1.0,0.9375
M0496,154.0,1.0,0.0,0.0,17.0,15459.62,909.389411764706,561.76,787.1798546907069,16.0,10.0,7.0,11.0,0.8823529411764706,0.11764705882352941,0.0,0.0,0.0,0.0,1.0,11.0,13726.98,0.5294117647058824,0.11764705882352941,0.058823529411764705,0.29411764705882354,1.0625,1.7,2.4285714285714284,1.5454545454545454,1405.42,0.2621858871835094,10.0,7.0,16.0,1.0,152,152,219,494,0.45158,0.4443185779017079,0.0025955097522602846,0.0015879714408524388,0.08289453888972469,0.0,0.7058823529411765,0.4117647058823529,0.35294117647058826,0.12222222222222222,1.2941176470588236,2.832612315179804,0.8943560224648907,0.5702,0.18193277310924372,0.14875965537730243,0.14287879556045646,6.411764705882353,8.941176470588236,1.0,1.0,1.0,0.4599129862182629,-0.3246885655090346,-0.4588083850271381,-0.7910619205737711,-0.5157987390250419,0.7730224568131625,-0.2549785984882983,1.0,1.0,1.0
M0498,322.0,1.0,0.0,0.0,2.0,5178.7,2589.35,2589.35,821.8419275018767,2.0,1.0,2.0,2.0,1.0,0.0,0.0,0.0,0.0,0.0,1.0,2.0,5019.71,0.0,0.5,0.5,0.0,1.0,2.0,1.0,1.0,2589.35,1.0,1.0,2.0,2.0,1.0,40,40,45,494,0.52683,0.5025641025641026,0.000792390547859024,0.00011366082641732702,0.47826086956521735,0.0,0.5,0.5,0.0,0.022222222222222223,1.0,1.2244308417170333,0.31739314017103776,0.3604,0.10101010101010101,0.07692307692307693,0.13392857142857142,10.0,13.0,1.0,1.0,1.0,0.11221542085840827,-0.7358201906665783,-0.5279077437423253,-0.14226844744346373,-0.5157987390250419,-0.7212750108688117,-0.9242974195200814,1.0,1.0,1.0
M0500,124.0,1.0,0.0,0.0,20.0,28541.0,1427.05,1043.815,2147.453742243051,20.0,9.0,8.0,18.0,0.95,0.0,0.05,1.0,1324.03,0.04639045583546477,1.0,17.0,27642.42,0.65,0.15,0.05,0.15,1.0,2.2222222222222223,2.5,1.1111111111111112,1585.611111111111,1.764687570898692,9.0,7.0,20.0,1.0,152,152,206,494,0.42939,0.42183687696061345,0.002469801568925529,0.0015613592701222236,0.08173913043478263,0.0,0.6,0.5,0.25,0.2,1.7999999999999998,6.4089233033180335,1.4115034037256402,0.492,0.21000000000000002,0.21313852813852813,0.1902579365079365,6.45,5.65,0.9892638660173083,0.9999999999999999,0.9999999999999999,0.5101291709003323,-0.24246224047752582,-0.3708867817941905,-0.5911436526716346,0.2629988694499027,-0.7212750108688117,-0.06374464962207452,0.875,1.0,1.0
