settlement_id,merchant_id,settlement_account_id,amount,timestamp
S00000001,M0001,SA0035,3613.84,2026-01-05 00:00:00
S00000002,M0001,SA0035,5122.35,2026-01-07 07:00:00
S00000003,M0001,SA0035,32665.69,2026-01-13 05:00:00
S00000004,M0001,SA0035,8360.74,2026-01-20 01:00:00
S00000005,M0001,SA0035,2646.18,2026-01-22 20:00:00
S00000006,M0001,SA0035,992.5,2026-01-25 16:00:00
S00000007,M0001,SA0035,4415.92,2026-02-03 14:00:00
S00000008,M0001,SA0035,2292.88,2026-02-06 20:00:00
S00000009,M0001,SA0035,5323.66,2026-02-18 19:00:00
S00000010,M0001,SA0035,9117.5,2026-02-22 03:00:00
S00000011,M0001,SA0035,2494.09,2026-02-28 00:00:00
S00000012,M0001,SA0035,4595.97,2026-03-05 17:00:00
S00000013,M0001,SA0035,2929.08,2026-03-08 15:00:00
S00000014,M0001,SA0035,5381.58,2026-03-17 09:00:00
S00000015,M0001,SA0035,25554.09,2026-03-20 14:00:00
S00000016,M0001,SA0035,6491.01,2026-03-23 06:00:00
S00000017,M0001,SA0035,23727.17,2026-03-30 03:00:00
S00000018,M0001,SA0035,2253.44,2026-04-01 08:00:00
S00000019,M0002,SA0245,538.75,2026-01-07 14:00:00
S00000020,M0002,SA0245,204.05,2026-01-25 19:00:00
S00000021,M0002,SA0245,1195.19,2026-01-31 17:00:00
S00000022,M0002,SA0245,193.51,2026-02-27 14:00:00
S00000023,M0003,SA0654,7804.81,2026-01-13 04:00:00
S00000024,M0003,SA0654,4444.56,2026-01-17 02:00:00
S00000025,M0003,SA0654,1678.02,2026-01-31 21:00:00
S00000026,M0003,SA0654,1855.76,2026-02-09 08:00:00
S00000027,M0003,SA0654,2671.19,2026-02-12 06:00:00
S00000028,M0003,SA0654,2529.68,2026-02-21 20:00:00
S00000029,M0003,SA0654,1331.04,2026-02-24 13:00:00
S00000030,M0003,SA0654,967.92,2026-03-05 13:00:00
S00000031,M0003,SA0654,4421.27,2026-03-11 14:00:00
S00000032,M0003,SA0654,735.82,2026-03-14 20:00:00
S00000033,M0003,SA0654,782.02,2026-03-18 03:00:00
S00000034,M0003,SA0654,2180.82,2026-03-29 13:00:00
S00000035,M0004,SA0650,4651.65,2026-01-04 14:00:00
S00000036,M0004,SA0650,6683.49,2026-01-11 01:00:00
S00000037,M0004,SA0650,2556.87,2026-01-19 13:00:00
S00000038,M0004,SA0650,800.2,2026-01-25 21:00:00
S00000039,M0004,SA0650,9935.68,2026-01-28 10:00:00
S00000040,M0004,SA0650,13687.96,2026-02-09 23:00:00
S00000041,M0004,SA0650,2469.05,2026-02-12 22:00:00
S00000042,M0004,SA0650,4946.89,2026-02-15 13:00:00
S00000043,M0004,SA0650,1119.43,2026-02-24 05:00:00
S00000044,M0004,SA0650,2644.25,2026-02-27 14:00:00
S00000045,M0004,SA0650,1382.61,2026-03-02 16:00:00
S00000046,M0004,SA0650,1805.13,2026-03-08 17:00:00
S00000047,M0004,SA0650,686.21,2026-03-23 15:00:00
S00000048,M0004,SA0650,1347.75,2026-03-29 19:00:00
S00000049,M0005,SA0007,3386.77,2026-02-24 19:00:00
S00000050,M0005,SA0007,550.7,2026-03-02 21:00:00
S00000051,M0006,SA0509,6725.44,2026-01-13 22:00:00
S00000052,M0006,SA0509,877.63,2026-02-04 02:00:00
S00000053,M0006,SA0509,13207.75,2026-02-06 14:00:00
S00000054,M0006,SA0509,772.87,2026-02-27 17:00:00
S00000055,M0006,SA0509,482.74,2026-03-08 20:00:00
S00000056,M0006,SA0509,2199.22,2026-03-11 16:00:00
S00000057,M0006,SA0509,2528.78,2026-03-20 08:00:00
S00000058,M0007,SA0744,11116.97,2026-01-04 21:00:00
S00000059,M0007,SA0744,2395.52,2026-01-14 00:00:00
S00000060,M0007,SA0744,21952.19,2026-01-19 06:00:00
S00000061,M0007,SA0744,4711.93,2026-01-25 10:00:00
S00000062,M0007,SA0744,3782.06,2026-02-01 01:00:00
S00000063,M0007,SA0744,2082.79,2026-02-21 14:00:00
S00000064,M0007,SA0744,4303.44,2026-03-11 07:00:00
S00000065,M0007,SA0744,6020.08,2026-03-17 19:00:00
S00000066,M0007,SA0744,1549.2,2026-03-20 20:00:00
S00000067,M0007,SA0744,3863.24,2026-03-29 17:00:00
S00000068,M0008,SA0434,4916.05,2026-01-04 16:00:00
S00000069,M0008,SA0434,6437.12,2026-01-19 07:00:00
S00000070,M0008,SA0434,4807.17,2026-01-26 03:00:00
S00000071,M0008,SA0434,7746.31,2026-01-28 23:00:00
S00000072,M0008,SA0434,2051.22,2026-02-12 08:00:00
S00000073,M0008,SA0434,7999.43,2026-02-27 17:00:00
S00000074,M0008,SA0434,7692.7,2026-03-11 14:00:00
S00000075,M0008,SA0434,2341.13,2026-03-14 17:00:00
S00000076,M0008,SA0434,24777.64,2026-03-23 10:00:00
S00000077,M0008,SA0434,9589.09,2026-03-29 22:00:00
S00000078,M0008,SA0434,17421.11,2026-04-01 05:00:00
S00000079,M0009,SA0293,655.06,2026-02-03 20:00:00
S00000080,M0009,SA0293,546.98,2026-03-05 12:00:00
S00000081,M0010,SA0369,1622.64,2026-01-16 08:00:00
S00000082,M0010,SA0369,563.23,2026-01-28 14:00:00
S00000083,M0010,SA0369,1219.25,2026-02-12 13:00:00
S00000084,M0010,SA0369,241.92,2026-02-18 22:00:00
S00000085,M0010,SA0369,730.09,2026-03-08 17:00:00
S00000086,M0010,SA0369,228.05,2026-04-01 09:00:00
S00000087,M0011,SA0160,498.11,2026-01-07 20:00:00
S00000088,M0011,SA0160,705.53,2026-01-11 03:00:00
S00000089,M0011,SA0160,707.63,2026-01-13 04:00:00
S00000090,M0011,SA0160,172.31,2026-01-16 12:00:00
S00000091,M0011,SA0160,650.25,2026-01-25 10:00:00
S00000092,M0011,SA0160,529.1,2026-02-07 01:00:00
S00000093,M0011,SA0160,257.99,2026-02-21 12:00:00
S00000094,M0011,SA0160,1158.17,2026-03-11 22:00:00
S00000095,M0011,SA0160,696.54,2026-03-17 05:00:00
S00000096,M0011,SA0160,474.78,2026-03-20 06:00:00
S00000097,M0011,SA0160,206.39,2026-03-26 08:00:00
S00000098,M0011,SA0160,604.36,2026-04-02 02:00:00
S00000099,M0012,SA0298,669.22,2026-01-05 01:00:00
S00000100,M0012,SA0298,1006.91,2026-01-10 17:00:00
S00000101,M0012,SA0298,1718.41,2026-01-28 19:00:00
S00000102,M0012,SA0298,1815.38,2026-02-18 18:00:00
S00000103,M0012,SA0298,3577.94,2026-02-27 23:00:00
S00000104,M0012,SA0298,1523.31,2026-03-11 05:00:00
S00000105,M0012,SA0298,477.81,2026-03-17 12:00:00
S00000106,M0013,SA0703,1007.57,2026-01-05 02:00:00
S00000107,M0013,SA0703,6293.91,2026-01-07 20:00:00
S00000108,M0013,SA0703,2449.75,2026-01-16 06:00:00
S00000109,M0013,SA0703,1726.99,2026-01-26 02:00:00
S00000110,M0013,SA0703,3133.73,2026-02-15 17:00:00
S00000111,M0013,SA0703,2422.51,2026-02-21 22:00:00
S00000112,M0013,SA0703,4932.65,2026-02-25 03:00:00
S00000113,M0013,SA0703,4828.81,2026-02-27 16:00:00
S00000114,M0013,SA0703,10024.87,2026-03-02 08:00:00
S00000115,M0013,SA0703,4715.21,2026-03-05 10:00:00
S00000116,M0013,SA0703,7739.92,2026-03-08 21:00:00
S00000117,M0013,SA0703,7087.46,2026-03-11 20:00:00
S00000118,M0013,SA0703,2721.26,2026-03-17 06:00:00
S00000119,M0013,SA0703,3468.85,2026-03-23 06:00:00
S00000120,M0013,SA0703,3991.49,2026-03-26 17:00:00
S00000121,M0013,SA0703,2208.93,2026-03-29 22:00:00
S00000122,M0013,SA0703,1282.42,2026-04-02 03:00:00
S00000123,M0014,SA0460,1858.93,2026-01-14 00:00:00
S00000124,M0014,SA0460,1456.65,2026-02-28 01:00:00
S00000125,M0014,SA0460,1052.56,2026-03-14 19:00:00
S00000126,M0015,SA0324,699.94,2026-01-05 01:00:00
S00000127,M0015,SA0324,2967.69,2026-01-07 10:00:00
S00000128,M0015,SA0324,2936.99,2026-01-11 00:00:00
S00000129,M0015,SA0324,2487.0,2026-01-13 20:00:00
S00000130,M0015,SA0324,4768.89,2026-01-16 22:00:00
S00000131,M0015,SA0324,743.5,2026-01-19 17:00:00
S00000132,M0015,SA0324,3634.79,2026-01-22 22:00:00
S00000133,M0015,SA0324,7040.37,2026-01-25 05:00:00
S00000134,M0015,SA0324,3056.81,2026-01-28 12:00:00
S00000135,M0015,SA0324,4507.21,2026-01-31 16:00:00
S00000136,M0015,SA0324,6274.57,2026-02-03 23:00:00
S00000137,M0015,SA0324,4897.72,2026-02-06 16:00:00
S00000138,M0015,SA0324,1733.22,2026-02-09 10:00:00
S00000139,M0015,SA0324,2329.92,2026-02-12 16:00:00
S00000140,M0015,SA0324,765.88,2026-02-15 13:00:00
S00000141,M0015,SA0324,6323.12,2026-02-18 13:00:00
S00000142,M0015,SA0324,2363.85,2026-02-21 16:00:00
S00000143,M0015,SA0324,6551.31,2026-02-24 08:00:00
S00000144,M0015,SA0324,468.43,2026-02-28 01:00:00
S00000145,M0015,SA0324,4433.04,2026-03-02 17:00:00
S00000146,M0015,SA0324,4857.48,2026-03-06 01:00:00
S00000147,M0015,SA0324,4891.07,2026-03-08 18:00:00
S00000148,M0015,SA0324,2267.34,2026-03-11 15:00:00
S00000149,M0015,SA0324,3545.49,2026-03-14 08:00:00
S00000150,M0015,SA0324,2476.23,2026-03-17 15:00:00
S00000151,M0015,SA0324,9333.62,2026-03-21 00:00:00
S00000152,M0015,SA0324,1898.88,2026-03-23 11:00:00
S00000153,M0015,SA0324,1863.72,2026-03-26 12:00:00
S00000154,M0015,SA0324,2599.87,2026-03-29 16:00:00
S00000155,M0016,SA0094,1573.6,2026-01-19 17:00:00
S00000156,M0016,SA0094,6557.18,2026-03-05 10:00:00
S00000157,M0017,SA0680,490.43,2026-03-05 19:00:00
S00000158,M0018,SA0012,635.44,2026-01-16 23:00:00
S00000159,M0018,SA0012,1053.28,2026-02-06 11:00:00
S00000160,M0018,SA0012,2193.44,2026-02-19 00:00:00
S00000161,M0018,SA0012,3199.12,2026-02-24 14:00:00
S00000162,M0018,SA0012,1319.46,2026-03-02 13:00:00
S00000163,M0018,SA0012,349.65,2026-03-15 02:00:00
S00000164,M0018,SA0012,3664.19,2026-03-24 01:00:00
S00000165,M0018,SA0012,3177.29,2026-03-30 00:00:00
S00000166,M0019,SA0542,566.61,2026-04-01 14:00:00
S00000167,M0020,SA0666,22728.23,2026-01-05 00:00:00
S00000168,M0020,SA0666,16749.02,2026-01-22 09:00:00
S00000169,M0020,SA0666,5537.33,2026-01-28 04:00:00
S00000170,M0020,SA0666,3581.2,2026-03-02 23:00:00
S00000171,M0020,SA0666,12228.41,2026-03-11 23:00:00
S00000172,M0020,SA0666,5055.68,2026-03-20 08:00:00
S00000173,M0020,SA0666,42805.09,2026-03-30 03:00:00
S00000174,M0021,SA0209,1980.77,2026-02-03 21:00:00
S00000175,M0021,SA0209,1630.95,2026-02-06 16:00:00
S00000176,M0021,SA0209,15454.76,2026-02-18 22:00:00
S00000177,M0021,SA0209,8723.57,2026-02-21 16:00:00
S00000178,M0021,SA0209,2563.77,2026-02-24 11:00:00
S00000179,M0021,SA0209,15621.86,2026-03-15 03:00:00
S00000180,M0021,SA0209,5568.11,2026-04-01 10:00:00
S00000181,M0022,SA0129,1418.88,2026-01-13 13:00:00
S00000182,M0022,SA0129,79.15,2026-01-28 09:00:00
S00000183,M0022,SA0129,556.15,2026-02-15 20:00:00
S00000184,M0022,SA0129,1058.98,2026-02-18 21:00:00
S00000185,M0022,SA0129,633.12,2026-02-25 03:00:00
S00000186,M0022,SA0129,670.97,2026-02-28 02:00:00
S00000187,M0022,SA0129,736.15,2026-03-29 10:00:00
S00000188,M0023,SA0282,1753.07,2026-01-10 16:00:00
S00000189,M0023,SA0282,650.22,2026-02-21 09:00:00
S00000190,M0023,SA0282,3781.7,2026-03-05 18:00:00
S00000191,M0023,SA0282,2180.72,2026-03-14 16:00:00
S00000192,M0023,SA0282,12261.0,2026-03-26 05:00:00
S00000193,M0024,SA0508,486.98,2026-01-04 05:00:00
S00000194,M0024,SA0508,4163.41,2026-01-10 17:00:00
S00000195,M0024,SA0508,6697.1,2026-01-13 11:00:00
S00000196,M0024,SA0508,1037.17,2026-01-20 01:00:00
S00000197,M0024,SA0508,541.17,2026-01-28 22:00:00
S00000198,M0024,SA0508,716.46,2026-01-31 12:00:00
S00000199,M0024,SA0508,746.06,2026-02-03 04:00:00
S00000200,M0024,SA0508,956.42,2026-02-19 03:00:00
S00000201,M0024,SA0508,950.57,2026-02-25 01:00:00
S00000202,M0024,SA0508,2224.03,2026-02-28 01:00:00
S00000203,M0024,SA0508,4447.7,2026-03-23 07:00:00
S00000204,M0025,SA0313,6617.04,2026-01-29 00:00:00
S00000205,M0025,SA0313,5105.27,2026-02-01 02:00:00
S00000206,M0025,SA0313,4995.97,2026-02-03 23:00:00
S00000207,M0025,SA0313,2664.8,2026-02-18 22:00:00
S00000208,M0025,SA0313,827.12,2026-03-23 09:00:00
S00000209,M0025,SA0313,3072.71,2026-04-01 06:00:00
S00000210,M0026,SA0019,1191.72,2026-01-05 01:00:00
S00000211,M0026,SA0019,4509.02,2026-01-07 13:00:00
S00000212,M0026,SA0019,13285.92,2026-01-11 01:00:00
S00000213,M0026,SA0019,8754.98,2026-01-13 17:00:00
S00000214,M0026,SA0019,6447.62,2026-01-16 23:00:00
S00000215,M0026,SA0019,4828.26,2026-01-22 14:00:00
S00000216,M0026,SA0019,35836.59,2026-01-25 17:00:00
S00000217,M0026,SA0019,7439.86,2026-01-29 03:00:00
S00000218,M0026,SA0019,14155.01,2026-02-03 10:00:00
S00000219,M0026,SA0019,12859.69,2026-02-09 08:00:00
S00000220,M0026,SA0019,40632.09,2026-02-13 03:00:00
S00000221,M0026,SA0019,8357.08,2026-02-15 07:00:00
S00000222,M0026,SA0019,5128.38,2026-02-18 22:00:00
S00000223,M0026,SA0019,13790.81,2026-02-21 08:00:00
S00000224,M0026,SA0019,10064.21,2026-02-24 04:00:00
S00000225,M0026,SA0019,27807.36,2026-02-28 03:00:00
S00000226,M0026,SA0019,5411.74,2026-03-05 09:00:00
S00000227,M0026,SA0019,25292.71,2026-03-08 14:00:00
S00000228,M0026,SA0019,4006.09,2026-03-11 07:00:00
S00000229,M0026,SA0019,13365.23,2026-03-14 23:00:00
S00000230,M0026,SA0019,2171.16,2026-03-23 19:00:00
S00000231,M0027,SA0372,624.82,2026-01-13 17:00:00
S00000232,M0027,SA0372,454.23,2026-01-28 22:00:00
S00000233,M0027,SA0372,990.63,2026-02-09 10:00:00
S00000234,M0027,SA0372,1035.55,2026-02-24 16:00:00
S00000235,M0027,SA0372,1822.99,2026-03-05 15:00:00
S00000236,M0027,SA0372,1439.07,2026-03-18 01:00:00
S00000237,M0027,SA0372,695.86,2026-03-29 09:00:00
S00000238,M0028,SA0256,2048.98,2026-02-16 02:00:00
S00000239,M0028,SA0256,1918.82,2026-02-21 21:00:00
S00000240,M0028,SA0256,2732.34,2026-03-05 20:00:00
S00000241,M0028,SA0256,2201.16,2026-03-29 06:00:00
S00000242,M0029,SA0302,280.73,2026-03-20 19:00:00
S00000243,M0030,SA0677,6577.98,2026-01-10 19:00:00
S00000244,M0030,SA0677,7271.47,2026-01-25 22:00:00
S00000245,M0030,SA0677,921.28,2026-02-03 09:00:00
S00000246,M0030,SA0677,6773.85,2026-02-28 00:00:00
S00000247,M0031,SA0723,1403.74,2026-03-08 13:00:00
S00000248,M0032,SA0749,1184.9,2026-01-16 16:00:00
S00000249,M0032,SA0749,582.78,2026-03-05 11:00:00
S00000250,M0032,SA0749,5668.79,2026-03-20 20:00:00
S00000251,M0033,SA0085,2149.93,2026-01-04 20:00:00
S00000252,M0033,SA0085,1949.79,2026-01-13 07:00:00
S00000253,M0033,SA0085,666.75,2026-01-25 13:00:00
S00000254,M0033,SA0085,3289.6,2026-01-28 10:00:00
S00000255,M0033,SA0085,1288.77,2026-02-03 23:00:00
S00000256,M0033,SA0085,1077.32,2026-02-24 11:00:00
S00000257,M0033,SA0085,318.56,2026-03-11 12:00:00
S00000258,M0033,SA0085,1343.61,2026-03-17 17:00:00
S00000259,M0033,SA0085,1867.81,2026-03-20 11:00:00
S00000260,M0033,SA0085,400.61,2026-03-26 10:00:00
S00000261,M0034,SA0441,201.66,2026-01-13 15:00:00
S00000262,M0034,SA0441,339.71,2026-02-16 03:00:00
S00000263,M0035,SA0035,4524.37,2026-01-04 23:00:00
S00000264,M0035,SA0035,363.57,2026-01-07 05:00:00
S00000265,M0035,SA0035,470.54,2026-01-10 21:00:00
S00000266,M0035,SA0035,1935.1,2026-01-13 17:00:00
S00000267,M0035,SA0035,2464.39,2026-01-17 00:00:00
S00000268,M0035,SA0035,176.3,2026-01-22 06:00:00
S00000269,M0035,SA0035,263.32,2026-01-28 22:00:00
S00000270,M0035,SA0035,872.46,2026-01-31 05:00:00
S00000271,M0035,SA0035,643.26,2026-02-03 09:00:00
S00000272,M0035,SA0035,962.29,2026-02-09 14:00:00
S00000273,M0035,SA0035,1276.75,2026-02-15 06:00:00
S00000274,M0035,SA0035,1055.47,2026-02-18 22:00:00
S00000275,M0035,SA0035,3624.19,2026-02-22 01:00:00
S00000276,M0035,SA0035,1530.49,2026-02-25 00:00:00
S00000277,M0035,SA0035,1158.18,2026-02-27 17:00:00
S00000278,M0035,SA0035,942.03,2026-03-02 05:00:00
S00000279,M0035,SA0035,970.97,2026-03-06 02:00:00
S00000280,M0035,SA0035,273.27,2026-03-08 06:00:00
S00000281,M0035,SA0035,486.88,2026-03-11 16:00:00
S00000282,M0035,SA0035,1271.16,2026-03-17 09:00:00
S00000283,M0035,SA0035,851.04,2026-03-23 05:00:00
S00000284,M0035,SA0035,295.43,2026-03-26 05:00:00
S00000285,M0035,SA0035,2985.11,2026-04-01 13:00:00
S00000286,M0036,SA0372,12027.45,2026-01-04 12:00:00
S00000287,M0036,SA0372,5753.61,2026-01-07 08:00:00
S00000288,M0036,SA0372,9029.49,2026-01-16 08:00:00
S00000289,M0036,SA0372,1919.57,2026-01-28 07:00:00
S00000290,M0036,SA0372,3862.41,2026-02-09 05:00:00
S00000291,M0036,SA0372,1500.86,2026-02-15 09:00:00
S00000292,M0036,SA0372,5280.34,2026-02-27 18:00:00
S00000293,M0036,SA0372,6196.79,2026-03-08 16:00:00
S00000294,M0036,SA0372,3948.13,2026-03-11 21:00:00
S00000295,M0037,SA0433,836.21,2026-01-22 12:00:00
S00000296,M0037,SA0433,426.6,2026-01-28 11:00:00
S00000297,M0037,SA0433,1029.9,2026-02-13 01:00:00
S00000298,M0037,SA0433,380.04,2026-02-18 06:00:00
S00000299,M0037,SA0433,1037.61,2026-03-14 14:00:00
S00000300,M0037,SA0433,482.54,2026-03-23 10:00:00
S00000301,M0038,SA0581,731.13,2026-01-13 06:00:00
S00000302,M0038,SA0581,571.67,2026-02-16 01:00:00
S00000303,M0038,SA0581,1548.54,2026-02-18 19:00:00
S00000304,M0038,SA0581,419.18,2026-03-29 12:00:00
S00000305,M0039,SA0253,1563.53,2026-01-16 12:00:00
S00000306,M0039,SA0253,2879.18,2026-01-19 11:00:00
S00000307,M0039,SA0253,15246.84,2026-01-22 04:00:00
S00000308,M0039,SA0253,18216.69,2026-01-25 18:00:00
S00000309,M0039,SA0253,6266.6,2026-01-28 18:00:00
S00000310,M0039,SA0253,1014.5,2026-02-06 23:00:00
S00000311,M0039,SA0253,1929.84,2026-02-12 17:00:00
S00000312,M0039,SA0253,17719.01,2026-02-27 05:00:00
S00000313,M0039,SA0253,5635.14,2026-03-11 14:00:00
S00000314,M0039,SA0253,10190.92,2026-03-26 06:00:00
S00000315,M0039,SA0253,10391.45,2026-03-29 08:00:00
S00000316,M0039,SA0253,31483.73,2026-04-01 16:00:00
S00000317,M0040,SA0028,3276.09,2026-01-04 15:00:00
S00000318,M0040,SA0028,1286.04,2026-01-25 16:00:00
S00000319,M0040,SA0028,2530.86,2026-01-31 19:00:00
S00000320,M0040,SA0028,1759.24,2026-02-06 11:00:00
S00000321,M0040,SA0028,4198.92,2026-02-21 06:00:00
S00000322,M0040,SA0028,3820.67,2026-02-24 04:00:00
S00000323,M0040,SA0028,3605.28,2026-03-02 18:00:00
S00000324,M0040,SA0028,5978.35,2026-03-06 03:00:00
S00000325,M0040,SA0028,2070.21,2026-03-17 05:00:00
S00000326,M0041,SA0341,268.66,2026-02-12 12:00:00
S00000327,M0041,SA0341,614.91,2026-02-27 14:00:00
S00000328,M0041,SA0341,836.12,2026-03-20 06:00:00
S00000329,M0042,SA0321,4905.65,2026-01-13 07:00:00
S00000330,M0042,SA0321,2371.95,2026-01-22 08:00:00
S00000331,M0042,SA0321,2347.5,2026-01-28 12:00:00
S00000332,M0042,SA0321,2245.75,2026-02-04 01:00:00
S00000333,M0042,SA0321,4452.0,2026-02-12 08:00:00
S00000334,M0042,SA0321,3835.24,2026-02-21 11:00:00
S00000335,M0042,SA0321,1428.39,2026-03-11 05:00:00
S00000336,M0042,SA0321,1895.27,2026-03-14 21:00:00
S00000337,M0042,SA0321,15703.88,2026-03-29 21:00:00
S00000338,M0044,SA0075,567.07,2026-01-04 18:00:00
S00000339,M0044,SA0075,916.62,2026-02-27 22:00:00
S00000340,M0045,SA0460,835.67,2026-01-04 18:00:00
S00000341,M0045,SA0460,2316.08,2026-01-25 17:00:00
S00000342,M0045,SA0460,3442.88,2026-01-29 00:00:00
S00000343,M0045,SA0460,1910.75,2026-02-03 13:00:00
S00000344,M0045,SA0460,2354.01,2026-03-02 18:00:00
S00000345,M0046,SA0301,5760.21,2026-01-11 01:00:00
S00000346,M0046,SA0301,3539.73,2026-01-14 02:00:00
S00000347,M0046,SA0301,437.58,2026-01-19 07:00:00
S00000348,M0046,SA0301,2938.3,2026-01-22 07:00:00
S00000349,M0046,SA0301,9855.0,2026-01-31 14:00:00
S00000350,M0046,SA0301,4451.07,2026-02-03 13:00:00
S00000351,M0046,SA0301,398.9,2026-03-05 16:00:00
S00000352,M0046,SA0301,1742.19,2026-03-11 11:00:00
S00000353,M0046,SA0301,5796.66,2026-03-26 20:00:00
S00000354,M0047,SA0555,76.79,2026-01-08 03:00:00
S00000355,M0047,SA0555,352.03,2026-01-14 01:00:00
S00000356,M0047,SA0555,405.93,2026-01-16 13:00:00
S00000357,M0047,SA0555,962.05,2026-02-03 16:00:00
S00000358,M0047,SA0555,329.55,2026-02-07 00:00:00
S00000359,M0047,SA0555,495.95,2026-02-27 14:00:00
S00000360,M0047,SA0555,1139.4,2026-03-05 15:00:00
S00000361,M0047,SA0555,73.58,2026-03-14 12:00:00
S00000362,M0047,SA0555,495.9,2026-03-24 02:00:00
S00000363,M0047,SA0555,459.08,2026-04-01 07:00:00
S00000364,M0048,SA0738,1390.33,2026-01-07 23:00:00
S00000365,M0048,SA0738,1467.37,2026-01-16 10:00:00
S00000366,M0048,SA0738,827.58,2026-01-19 13:00:00
S00000367,M0048,SA0738,682.9,2026-01-25 07:00:00
S00000368,M0048,SA0738,469.72,2026-01-28 22:00:00
S00000369,M0048,SA0738,6314.96,2026-01-31 08:00:00
S00000370,M0048,SA0738,826.22,2026-02-03 06:00:00
S00000371,M0048,SA0738,4737.65,2026-02-06 07:00:00
S00000372,M0048,SA0738,2090.82,2026-02-10 02:00:00
S00000373,M0048,SA0738,4753.04,2026-02-12 21:00:00
S00000374,M0048,SA0738,668.62,2026-02-15 12:00:00
S00000375,M0048,SA0738,1163.85,2026-02-18 04:00:00
S00000376,M0048,SA0738,1269.88,2026-02-24 04:00:00
S00000377,M0048,SA0738,2782.13,2026-02-27 05:00:00
S00000378,M0048,SA0738,2664.8,2026-03-11 21:00:00
S00000379,M0048,SA0738,677.42,2026-03-18 00:00:00
S00000380,M0048,SA0738,4229.34,2026-03-20 18:00:00
S00000381,M0048,SA0738,2134.46,2026-03-24 03:00:00
S00000382,M0048,SA0738,1335.93,2026-03-26 15:00:00
S00000383,M0048,SA0738,675.72,2026-03-30 03:00:00
S00000384,M0048,SA0738,5564.24,2026-04-02 03:00:00
S00000385,M0049,SA0171,1268.77,2026-01-28 22:00:00
S00000386,M0049,SA0171,1683.38,2026-01-31 17:00:00
S00000387,M0049,SA0171,6579.01,2026-02-15 13:00:00
S00000388,M0050,SA0566,1127.5,2026-01-22 13:00:00
S00000389,M0050,SA0566,1407.29,2026-01-25 19:00:00
S00000390,M0050,SA0566,1046.06,2026-01-29 00:00:00
S00000391,M0050,SA0566,736.65,2026-01-31 21:00:00
S00000392,M0050,SA0566,2626.77,2026-02-12 05:00:00
S00000393,M0050,SA0566,1174.29,2026-02-24 17:00:00
S00000394,M0050,SA0566,1636.79,2026-02-27 11:00:00
S00000395,M0050,SA0566,1104.57,2026-03-02 08:00:00
S00000396,M0050,SA0566,1567.4,2026-03-11 17:00:00
S00000397,M0050,SA0566,767.21,2026-03-23 15:00:00
S00000398,M0050,SA0566,841.45,2026-03-27 00:00:00
S00000399,M0050,SA0566,561.78,2026-03-30 00:00:00
S00000400,M0050,SA0566,3222.25,2026-04-01 19:00:00
S00000401,M0051,SA0096,6837.12,2026-01-22 07:00:00
S00000402,M0051,SA0096,5002.87,2026-01-25 21:00:00
S00000403,M0051,SA0096,7200.23,2026-02-06 15:00:00
S00000404,M0051,SA0096,2458.15,2026-02-27 10:00:00
S00000405,M0051,SA0096,1975.51,2026-03-02 18:00:00
S00000406,M0051,SA0096,4410.19,2026-03-14 17:00:00
S00000407,M0052,SA0739,2403.84,2026-01-04 05:00:00
S00000408,M0052,SA0739,840.25,2026-01-22 18:00:00
S00000409,M0052,SA0739,726.13,2026-02-04 00:00:00
S00000410,M0052,SA0739,519.29,2026-03-26 17:00:00
S00000411,M0053,SA0361,2288.35,2026-01-04 15:00:00
S00000412,M0053,SA0361,4568.69,2026-01-07 22:00:00
S00000413,M0053,SA0361,7270.92,2026-01-10 09:00:00
S00000414,M0053,SA0361,5964.59,2026-01-16 16:00:00
S00000415,M0053,SA0361,2941.83,2026-01-25 16:00:00
S00000416,M0053,SA0361,1863.51,2026-02-03 23:00:00
S00000417,M0053,SA0361,5033.25,2026-02-12 10:00:00
S00000418,M0053,SA0361,7585.83,2026-02-18 15:00:00
S00000419,M0053,SA0361,3402.85,2026-02-22 02:00:00
S00000420,M0053,SA0361,5704.61,2026-02-24 19:00:00
S00000421,M0053,SA0361,5704.66,2026-03-11 08:00:00
S00000422,M0053,SA0361,2144.26,2026-03-17 10:00:00
S00000423,M0053,SA0361,3364.15,2026-04-01 10:00:00
S00000424,M0054,SA0560,4709.19,2026-01-07 21:00:00
S00000425,M0054,SA0560,3675.18,2026-01-13 14:00:00
S00000426,M0054,SA0560,1133.51,2026-02-07 03:00:00
S00000427,M0054,SA0560,7390.0,2026-02-24 14:00:00
S00000428,M0054,SA0560,1518.98,2026-03-08 17:00:00
S00000429,M0055,SA0584,1524.58,2026-01-08 00:00:00
S00000430,M0055,SA0584,1827.15,2026-01-10 12:00:00
S00000431,M0055,SA0584,4525.33,2026-01-22 06:00:00
S00000432,M0055,SA0584,1427.4,2026-01-28 15:00:00
S00000433,M0055,SA0584,1373.07,2026-02-07 01:00:00
S00000434,M0056,SA0457,10436.83,2026-01-10 06:00:00
S00000435,M0056,SA0457,1748.73,2026-01-25 08:00:00
S00000436,M0056,SA0457,1065.65,2026-02-03 19:00:00
S00000437,M0056,SA0457,1126.35,2026-02-10 00:00:00
S00000438,M0056,SA0457,3226.37,2026-03-06 00:00:00
S00000439,M0056,SA0457,690.11,2026-03-15 00:00:00
S00000440,M0056,SA0457,4404.28,2026-03-17 21:00:00
S00000441,M0056,SA0457,6745.98,2026-03-20 14:00:00
S00000442,M0057,SA0289,2853.28,2026-02-03 09:00:00
S00000443,M0057,SA0289,152.9,2026-02-12 11:00:00
S00000444,M0057,SA0289,3179.66,2026-02-15 19:00:00
S00000445,M0057,SA0289,632.61,2026-02-21 16:00:00
S00000446,M0057,SA0289,807.81,2026-03-05 18:00:00
S00000447,M0057,SA0289,693.89,2026-03-11 06:00:00
S00000448,M0057,SA0289,3572.26,2026-03-17 22:00:00
S00000449,M0057,SA0289,531.47,2026-03-26 13:00:00
S00000450,M0057,SA0289,1109.4,2026-04-01 08:00:00
S00000451,M0058,SA0566,4284.59,2026-01-07 06:00:00
S00000452,M0058,SA0566,1920.4,2026-01-10 07:00:00
S00000453,M0058,SA0566,123.31,2026-01-19 11:00:00
S00000454,M0058,SA0566,1320.13,2026-01-22 15:00:00
S00000455,M0058,SA0566,140.95,2026-02-03 09:00:00
S00000456,M0058,SA0566,651.97,2026-03-02 17:00:00
S00000457,M0058,SA0566,1376.51,2026-03-05 20:00:00
S00000458,M0058,SA0566,1793.02,2026-03-14 18:00:00
S00000459,M0058,SA0566,1367.85,2026-03-26 21:00:00
S00000460,M0059,SA0358,1371.41,2026-02-06 12:00:00
S00000461,M0059,SA0358,873.79,2026-02-16 03:00:00
S00000462,M0059,SA0358,1043.55,2026-02-19 01:00:00
S00000463,M0059,SA0358,3280.73,2026-04-01 15:00:00
S00000464,M0060,SA0495,748.42,2026-01-13 07:00:00
S00000465,M0060,SA0495,946.45,2026-03-12 01:00:00
S00000466,M0060,SA0495,365.74,2026-03-30 01:00:00
S00000467,M0061,SA0460,2191.68,2026-01-16 21:00:00
S00000468,M0061,SA0460,5801.26,2026-01-25 15:00:00
S00000469,M0061,SA0460,1396.28,2026-01-28 08:00:00
S00000470,M0061,SA0460,2653.9,2026-01-31 20:00:00
S00000471,M0061,SA0460,5167.77,2026-02-09 04:00:00
S00000472,M0061,SA0460,2617.27,2026-02-18 21:00:00
S00000473,M0061,SA0460,2346.54,2026-02-24 18:00:00
S00000474,M0061,SA0460,1200.33,2026-03-09 01:00:00
S00000475,M0061,SA0460,5172.34,2026-03-11 17:00:00
S00000476,M0061,SA0460,1356.33,2026-03-14 17:00:00
S00000477,M0061,SA0460,1588.24,2026-03-20 21:00:00
S00000478,M0061,SA0460,1431.19,2026-03-26 12:00:00
S00000479,M0061,SA0460,5621.01,2026-03-29 20:00:00
S00000480,M0062,SA0349,489.45,2026-01-04 21:00:00
S00000481,M0062,SA0349,933.59,2026-01-26 00:00:00
S00000482,M0062,SA0349,340.37,2026-01-31 18:00:00
S00000483,M0062,SA0349,402.49,2026-03-14 04:00:00
S00000484,M0062,SA0349,1701.61,2026-03-17 05:00:00
S00000485,M0063,SA0088,1354.91,2026-01-10 19:00:00
S00000486,M0063,SA0088,1465.71,2026-04-02 03:00:00
S00000487,M0064,SA0220,1999.75,2026-01-16 22:00:00
S00000488,M0064,SA0220,29432.01,2026-03-02 10:00:00
S00000489,M0064,SA0220,1029.48,2026-03-23 05:00:00
S00000490,M0065,SA0704,4355.81,2026-01-08 00:00:00
S00000491,M0065,SA0704,4529.49,2026-01-10 05:00:00
S00000492,M0065,SA0704,5216.9,2026-01-13 19:00:00
S00000493,M0065,SA0704,20159.89,2026-01-19 16:00:00
S00000494,M0065,SA0704,9833.67,2026-01-22 06:00:00
S00000495,M0065,SA0704,17713.8,2026-02-12 09:00:00
S00000496,M0065,SA0704,12816.6,2026-02-15 23:00:00
S00000497,M0065,SA0704,14270.33,2026-02-18 23:00:00
S00000498,M0065,SA0704,11503.81,2026-02-21 06:00:00
S00000499,M0065,SA0704,5133.79,2026-03-08 11:00:00
S00000500,M0065,SA0704,5708.32,2026-03-17 06:00:00
S00000501,M0065,SA0704,11762.33,2026-03-29 15:00:00
S00000502,M0065,SA0704,35776.66,2026-04-02 01:00:00
S00000503,M0066,SA0391,209.62,2026-01-05 03:00:00
S00000504,M0066,SA0391,313.0,2026-01-10 06:00:00
S00000505,M0066,SA0391,207.25,2026-01-13 23:00:00
S00000506,M0066,SA0391,2506.48,2026-01-22 21:00:00
S00000507,M0066,SA0391,529.64,2026-01-28 12:00:00
S00000508,M0066,SA0391,779.68,2026-02-09 17:00:00
S00000509,M0066,SA0391,1198.82,2026-02-19 03:00:00
S00000510,M0066,SA0391,262.22,2026-02-27 20:00:00
S00000511,M0066,SA0391,1087.51,2026-03-02 15:00:00
S00000512,M0066,SA0391,173.78,2026-03-08 07:00:00
S00000513,M0066,SA0391,2297.34,2026-03-18 02:00:00
S00000514,M0066,SA0391,3649.23,2026-03-24 00:00:00
S00000515,M0067,SA0478,274.28,2026-01-16 12:00:00
S00000516,M0067,SA0478,689.33,2026-01-28 18:00:00
S00000517,M0067,SA0478,2120.45,2026-01-31 04:00:00
S00000518,M0067,SA0478,594.82,2026-02-24 04:00:00
S00000519,M0067,SA0478,345.24,2026-03-14 12:00:00
S00000520,M0067,SA0478,1301.56,2026-03-17 09:00:00
S00000521,M0068,SA0194,599.79,2026-01-25 07:00:00
S00000522,M0068,SA0194,894.6,2026-03-14 11:00:00
S00000523,M0068,SA0194,1304.64,2026-03-21 02:00:00
S00000524,M0069,SA0441,1409.82,2026-01-04 19:00:00
S00000525,M0069,SA0441,1760.49,2026-01-19 05:00:00
S00000526,M0069,SA0441,4451.98,2026-01-31 06:00:00
S00000527,M0069,SA0441,458.26,2026-02-18 06:00:00
S00000528,M0069,SA0441,656.51,2026-02-24 08:00:00
S00000529,M0069,SA0441,2598.84,2026-02-27 10:00:00
S00000530,M0069,SA0441,580.32,2026-03-02 23:00:00
S00000531,M0069,SA0441,952.35,2026-03-05 11:00:00
S00000532,M0069,SA0441,1034.35,2026-03-09 02:00:00
S00000533,M0069,SA0441,2937.96,2026-03-14 06:00:00
S00000534,M0070,SA0366,229.64,2026-02-27 21:00:00
S00000535,M0071,SA0165,4353.97,2026-01-04 15:00:00
S00000536,M0071,SA0165,11665.83,2026-01-07 09:00:00
S00000537,M0071,SA0165,7313.14,2026-01-10 18:00:00
S00000538,M0071,SA0165,2785.68,2026-01-16 19:00:00
S00000539,M0071,SA0165,4244.25,2026-01-19 12:00:00
S00000540,M0071,SA0165,6494.67,2026-01-22 16:00:00
S00000541,M0071,SA0165,5613.7,2026-02-06 13:00:00
S00000542,M0071,SA0165,1465.09,2026-02-12 15:00:00
S00000543,M0071,SA0165,4954.44,2026-02-15 06:00:00
S00000544,M0071,SA0165,23869.81,2026-02-18 17:00:00
S00000545,M0071,SA0165,18188.5,2026-02-21 17:00:00
S00000546,M0071,SA0165,16471.43,2026-03-02 22:00:00
S00000547,M0071,SA0165,7008.75,2026-03-05 14:00:00
S00000548,M0071,SA0165,8172.22,2026-03-08 21:00:00
S00000549,M0071,SA0165,3139.07,2026-03-11 06:00:00
S00000550,M0071,SA0165,12646.85,2026-03-17 04:00:00
S00000551,M0071,SA0165,1503.2,2026-03-23 07:00:00
S00000552,M0071,SA0165,17667.92,2026-03-26 23:00:00
S00000553,M0071,SA0165,7579.94,2026-03-29 06:00:00
S00000554,M0072,SA0110,301.8,2026-01-25 21:00:00
S00000555,M0072,SA0110,180.29,2026-02-15 17:00:00
S00000556,M0073,SA0297,770.8,2026-03-20 07:00:00
S00000557,M0073,SA0297,1794.33,2026-04-01 20:00:00
S00000558,M0074,SA0425,24270.51,2026-01-13 11:00:00
S00000559,M0074,SA0425,5107.71,2026-01-25 06:00:00
S00000560,M0074,SA0425,4437.03,2026-02-18 08:00:00
S00000561,M0074,SA0425,5501.4,2026-03-08 16:00:00
S00000562,M0075,SA0211,4739.57,2026-01-04 07:00:00
S00000563,M0075,SA0211,4149.91,2026-01-07 06:00:00
S00000564,M0075,SA0211,6005.02,2026-01-11 00:00:00
S00000565,M0075,SA0211,5936.04,2026-01-13 09:00:00
S00000566,M0075,SA0211,311.46,2026-01-16 17:00:00
S00000567,M0075,SA0211,7506.34,2026-01-19 13:00:00
S00000568,M0075,SA0211,3438.75,2026-01-22 19:00:00
S00000569,M0075,SA0211,1075.42,2026-01-25 15:00:00
S00000570,M0075,SA0211,3347.64,2026-01-28 05:00:00
S00000571,M0075,SA0211,7821.46,2026-01-31 07:00:00
S00000572,M0075,SA0211,3688.27,2026-02-04 02:00:00
S00000573,M0075,SA0211,1741.15,2026-02-06 05:00:00
S00000574,M0075,SA0211,5009.96,2026-02-09 12:00:00
S00000575,M0075,SA0211,781.3,2026-02-12 09:00:00
S00000576,M0075,SA0211,1431.34,2026-02-16 03:00:00
S00000577,M0075,SA0211,1637.04,2026-02-18 22:00:00
S00000578,M0075,SA0211,4736.74,2026-02-21 22:00:00
S00000579,M0075,SA0211,5671.35,2026-02-24 09:00:00
S00000580,M0075,SA0211,562.1,2026-02-27 17:00:00
S00000581,M0075,SA0211,2219.18,2026-03-03 03:00:00
S00000582,M0075,SA0211,8182.52,2026-03-05 14:00:00
S00000583,M0075,SA0211,7315.07,2026-03-08 07:00:00
S00000584,M0075,SA0211,3112.0,2026-03-11 23:00:00
S00000585,M0075,SA0211,1103.15,2026-03-14 06:00:00
S00000586,M0075,SA0211,2107.74,2026-03-17 23:00:00
S00000587,M0075,SA0211,3122.32,2026-03-20 12:00:00
S00000588,M0075,SA0211,1290.19,2026-03-23 04:00:00
S00000589,M0075,SA0211,7550.53,2026-03-26 13:00:00
S00000590,M0075,SA0211,3299.42,2026-03-29 05:00:00
S00000591,M0075,SA0211,5689.72,2026-04-01 19:00:00
S00000592,M0076,SA0184,3471.09,2026-01-07 14:00:00
S00000593,M0076,SA0184,1543.65,2026-01-10 08:00:00
S00000594,M0076,SA0184,1247.92,2026-01-13 14:00:00
S00000595,M0076,SA0184,2390.98,2026-01-19 22:00:00
S00000596,M0076,SA0184,2159.06,2026-01-22 13:00:00
S00000597,M0076,SA0184,2070.77,2026-01-25 18:00:00
S00000598,M0076,SA0184,3861.45,2026-01-28 11:00:00
S00000599,M0076,SA0184,390.41,2026-01-31 08:00:00
S00000600,M0076,SA0184,1292.82,2026-02-03 07:00:00
S00000601,M0076,SA0184,488.95,2026-02-07 02:00:00
S00000602,M0076,SA0184,5562.63,2026-02-09 16:00:00
S00000603,M0076,SA0184,1191.46,2026-02-12 14:00:00
S00000604,M0076,SA0184,2106.61,2026-02-15 16:00:00
S00000605,M0076,SA0184,4676.78,2026-02-19 02:00:00
S00000606,M0076,SA0184,2743.66,2026-02-24 08:00:00
S00000607,M0076,SA0184,3393.85,2026-02-27 08:00:00
S00000608,M0076,SA0184,636.01,2026-03-02 04:00:00
S00000609,M0076,SA0184,1564.72,2026-03-05 10:00:00
S00000610,M0076,SA0184,1206.39,2026-03-09 01:00:00
S00000611,M0076,SA0184,1555.76,2026-03-15 02:00:00
S00000612,M0076,SA0184,5750.57,2026-03-17 22:00:00
S00000613,M0076,SA0184,9816.91,2026-03-20 13:00:00
S00000614,M0076,SA0184,1203.7,2026-03-23 06:00:00
S00000615,M0076,SA0184,8359.93,2026-03-29 12:00:00
S00000616,M0076,SA0184,5459.71,2026-04-01 21:00:00
S00000617,M0077,SA0203,5204.03,2026-01-10 13:00:00
S00000618,M0077,SA0203,1753.82,2026-01-29 03:00:00
S00000619,M0077,SA0203,7924.87,2026-01-31 10:00:00
S00000620,M0077,SA0203,1042.67,2026-02-12 12:00:00
S00000621,M0077,SA0203,3136.69,2026-02-21 12:00:00
S00000622,M0077,SA0203,773.81,2026-02-27 15:00:00
S00000623,M0077,SA0203,1719.2,2026-03-02 07:00:00
S00000624,M0077,SA0203,1321.68,2026-03-09 02:00:00
S00000625,M0077,SA0203,1865.92,2026-03-17 17:00:00
S00000626,M0077,SA0203,932.12,2026-03-20 07:00:00
S00000627,M0077,SA0203,985.62,2026-03-26 07:00:00
S00000628,M0077,SA0203,2011.68,2026-04-02 01:00:00
S00000629,M0078,SA0221,5589.49,2026-01-04 19:00:00
S00000630,M0078,SA0221,5661.45,2026-01-25 16:00:00
S00000631,M0078,SA0221,1072.58,2026-01-28 13:00:00
S00000632,M0078,SA0221,3489.79,2026-01-31 13:00:00
S00000633,M0078,SA0221,2260.17,2026-02-06 05:00:00
S00000634,M0078,SA0221,16200.0,2026-02-12 10:00:00
S00000635,M0078,SA0221,3929.75,2026-02-21 07:00:00
S00000636,M0078,SA0221,2159.1,2026-03-02 17:00:00
S00000637,M0078,SA0221,9975.39,2026-03-17 06:00:00
S00000638,M0078,SA0221,2968.47,2026-04-01 10:00:00
S00000639,M0079,SA0177,801.04,2026-01-13 10:00:00
S00000640,M0080,SA0375,7410.56,2026-01-07 21:00:00
S00000641,M0080,SA0375,1350.77,2026-01-13 10:00:00
S00000642,M0080,SA0375,2731.81,2026-01-17 01:00:00
S00000643,M0080,SA0375,8552.53,2026-01-28 19:00:00
S00000644,M0080,SA0375,1434.67,2026-02-04 02:00:00
S00000645,M0080,SA0375,1249.06,2026-02-06 20:00:00
S00000646,M0080,SA0375,3386.04,2026-02-09 10:00:00
S00000647,M0080,SA0375,3833.01,2026-02-16 01:00:00
S00000648,M0080,SA0375,6898.65,2026-02-27 19:00:00
S00000649,M0080,SA0375,7821.14,2026-03-14 08:00:00
S00000650,M0080,SA0375,4728.36,2026-03-18 02:00:00
S00000651,M0081,SA0352,2945.78,2026-03-20 22:00:00
S00000652,M0082,SA0122,257.99,2026-01-04 08:00:00
S00000653,M0082,SA0122,177.95,2026-01-10 11:00:00
S00000654,M0082,SA0122,202.76,2026-02-06 21:00:00
S00000655,M0082,SA0122,1228.16,2026-03-14 17:00:00
S00000656,M0083,SA0409,855.06,2026-01-04 17:00:00
S00000657,M0083,SA0409,992.99,2026-01-16 22:00:00
S00000658,M0083,SA0409,1106.25,2026-01-28 09:00:00
S00000659,M0083,SA0409,2330.13,2026-02-12 05:00:00
S00000660,M0083,SA0409,621.22,2026-02-21 17:00:00
S00000661,M0083,SA0409,1943.8,2026-02-24 04:00:00
S00000662,M0083,SA0409,6573.34,2026-03-02 12:00:00
S00000663,M0083,SA0409,2382.27,2026-03-05 06:00:00
S00000664,M0083,SA0409,1276.94,2026-03-11 14:00:00
S00000665,M0083,SA0409,2144.22,2026-03-17 10:00:00
S00000666,M0083,SA0409,4384.31,2026-03-20 21:00:00
S00000667,M0084,SA0722,4679.11,2026-01-10 04:00:00
S00000668,M0084,SA0722,5662.16,2026-01-13 12:00:00
S00000669,M0084,SA0722,1372.89,2026-01-23 00:00:00
S00000670,M0084,SA0722,2039.3,2026-01-31 12:00:00
S00000671,M0084,SA0722,1306.5,2026-02-21 04:00:00
S00000672,M0084,SA0722,2580.86,2026-03-05 13:00:00
S00000673,M0084,SA0722,6843.11,2026-03-23 06:00:00
S00000674,M0085,SA0560,1703.65,2026-01-11 01:00:00
S00000675,M0085,SA0560,731.44,2026-01-13 07:00:00
S00000676,M0085,SA0560,2463.58,2026-01-16 11:00:00
S00000677,M0085,SA0560,1165.52,2026-01-19 11:00:00
S00000678,M0085,SA0560,4901.34,2026-01-23 02:00:00
S00000679,M0085,SA0560,2527.93,2026-02-01 02:00:00
S00000680,M0085,SA0560,4776.68,2026-02-12 18:00:00
S00000681,M0085,SA0560,450.28,2026-02-18 06:00:00
S00000682,M0085,SA0560,674.9,2026-02-21 11:00:00
S00000683,M0085,SA0560,2298.91,2026-02-24 04:00:00
S00000684,M0085,SA0560,3697.91,2026-03-05 07:00:00
S00000685,M0085,SA0560,1035.8,2026-03-11 04:00:00
S00000686,M0085,SA0560,2917.7,2026-03-17 13:00:00
S00000687,M0085,SA0560,880.08,2026-03-23 14:00:00
S00000688,M0085,SA0560,5019.01,2026-04-01 13:00:00
S00000689,M0086,SA0336,646.46,2026-03-29 15:00:00
S00000690,M0087,SA0231,1479.94,2026-01-07 13:00:00
S00000691,M0087,SA0231,5893.69,2026-01-10 18:00:00
S00000692,M0087,SA0231,2990.61,2026-01-20 02:00:00
S00000693,M0087,SA0231,5168.9,2026-01-25 13:00:00
S00000694,M0087,SA0231,21115.81,2026-02-06 20:00:00
S00000695,M0087,SA0231,1221.27,2026-02-12 23:00:00
S00000696,M0087,SA0231,18830.22,2026-03-02 12:00:00
S00000697,M0087,SA0231,3798.33,2026-03-24 02:00:00
S00000698,M0087,SA0231,4883.45,2026-04-01 06:00:00
S00000699,M0088,SA0265,446.63,2026-01-04 18:00:00
S00000700,M0088,SA0265,215.82,2026-02-21 20:00:00
S00000701,M0089,SA0530,20278.2,2026-01-10 07:00:00
S00000702,M0089,SA0530,1196.67,2026-01-31 12:00:00
S00000703,M0089,SA0530,3629.05,2026-02-06 08:00:00
S00000704,M0089,SA0530,5587.68,2026-02-15 14:00:00
S00000705,M0089,SA0530,4993.51,2026-02-24 13:00:00
S00000706,M0089,SA0530,7967.78,2026-03-20 16:00:00
S00000707,M0090,SA0022,648.27,2026-01-16 17:00:00
S00000708,M0090,SA0022,509.51,2026-01-22 13:00:00
S00000709,M0090,SA0022,349.6,2026-01-28 18:00:00
S00000710,M0090,SA0022,923.38,2026-02-04 00:00:00
S00000711,M0090,SA0022,542.87,2026-02-12 23:00:00
S00000712,M0090,SA0022,796.32,2026-02-18 07:00:00
S00000713,M0090,SA0022,5045.91,2026-02-24 09:00:00
S00000714,M0090,SA0022,825.36,2026-02-28 03:00:00
S00000715,M0090,SA0022,446.14,2026-03-06 03:00:00
S00000716,M0090,SA0022,1314.79,2026-03-23 10:00:00
S00000717,M0090,SA0022,795.23,2026-03-26 08:00:00
S00000718,M0090,SA0022,618.03,2026-03-29 10:00:00
S00000719,M0091,SA0583,758.92,2026-03-26 10:00:00
S00000720,M0092,SA0012,7316.22,2026-01-07 12:00:00
S00000721,M0092,SA0012,7765.27,2026-01-16 23:00:00
S00000722,M0092,SA0012,6706.86,2026-01-19 09:00:00
S00000723,M0092,SA0012,6031.89,2026-01-22 05:00:00
S00000724,M0092,SA0012,709.85,2026-01-31 21:00:00
S00000725,M0092,SA0012,1336.78,2026-02-03 05:00:00
S00000726,M0092,SA0012,1225.01,2026-02-09 12:00:00
S00000727,M0092,SA0012,15327.24,2026-02-24 12:00:00
S00000728,M0092,SA0012,3955.79,2026-02-28 02:00:00
S00000729,M0092,SA0012,1342.55,2026-03-02 16:00:00
S00000730,M0092,SA0012,6504.0,2026-03-05 06:00:00
S00000731,M0092,SA0012,3549.73,2026-03-26 15:00:00
S00000732,M0093,SA0012,6228.44,2026-01-10 06:00:00
S00000733,M0093,SA0012,1108.14,2026-01-13 07:00:00
S00000734,M0093,SA0012,721.2,2026-01-17 00:00:00
S00000735,M0093,SA0012,733.32,2026-03-02 21:00:00
S00000736,M0093,SA0012,1503.38,2026-03-08 06:00:00
S00000737,M0093,SA0012,1081.67,2026-03-17 15:00:00
S00000738,M0093,SA0012,332.64,2026-03-20 20:00:00
S00000739,M0093,SA0012,762.27,2026-04-01 22:00:00
S00000740,M0094,SA0470,165.55,2026-01-25 15:00:00
S00000741,M0094,SA0470,298.07,2026-02-19 02:00:00
S00000742,M0094,SA0470,337.52,2026-03-11 04:00:00
S00000743,M0095,SA0697,883.77,2026-01-13 13:00:00
S00000744,M0095,SA0697,1068.13,2026-02-07 02:00:00
S00000745,M0095,SA0697,4639.57,2026-03-12 03:00:00
S00000746,M0095,SA0697,2569.1,2026-03-23 04:00:00
S00000747,M0095,SA0697,3439.5,2026-04-01 07:00:00
S00000748,M0096,SA0313,35711.14,2026-01-04 05:00:00
S00000749,M0096,SA0313,8250.01,2026-01-14 03:00:00
S00000750,M0096,SA0313,4425.51,2026-01-19 10:00:00
S00000751,M0096,SA0313,1322.62,2026-01-22 22:00:00
S00000752,M0096,SA0313,5690.58,2026-02-03 09:00:00
S00000753,M0096,SA0313,5433.48,2026-02-22 01:00:00
S00000754,M0096,SA0313,5373.29,2026-02-24 09:00:00
S00000755,M0096,SA0313,10955.25,2026-02-28 03:00:00
S00000756,M0097,SA0191,357.07,2026-03-02 09:00:00
S00000757,M0097,SA0191,500.45,2026-03-17 16:00:00
S00000758,M0097,SA0191,226.95,2026-03-23 14:00:00
S00000759,M0098,SA0185,5474.72,2026-01-07 13:00:00
S00000760,M0098,SA0185,903.01,2026-01-13 07:00:00
S00000761,M0098,SA0185,1313.63,2026-01-16 21:00:00
S00000762,M0098,SA0185,1081.2,2026-01-22 07:00:00
S00000763,M0098,SA0185,2632.88,2026-01-29 03:00:00
S00000764,M0098,SA0185,157.03,2026-02-04 03:00:00
S00000765,M0098,SA0185,722.73,2026-02-21 12:00:00
S00000766,M0098,SA0185,1310.64,2026-03-05 15:00:00
S00000767,M0098,SA0185,1170.46,2026-03-14 19:00:00
S00000768,M0098,SA0185,2289.25,2026-03-20 16:00:00
S00000769,M0098,SA0185,567.09,2026-03-26 20:00:00
S00000770,M0098,SA0185,2721.41,2026-03-30 02:00:00
S00000771,M0098,SA0185,10052.11,2026-04-02 03:00:00
S00000772,M0099,SA0178,563.99,2026-01-31 05:00:00
S00000773,M0099,SA0178,664.92,2026-02-03 08:00:00
S00000774,M0099,SA0178,641.16,2026-03-08 14:00:00
S00000775,M0099,SA0178,440.87,2026-03-23 23:00:00
S00000776,M0099,SA0178,521.64,2026-03-26 16:00:00
S00000777,M0100,SA0559,767.57,2026-01-05 01:00:00
S00000778,M0100,SA0559,1752.51,2026-01-08 01:00:00
S00000779,M0100,SA0559,819.47,2026-01-19 12:00:00
S00000780,M0100,SA0559,1902.15,2026-01-28 21:00:00
S00000781,M0100,SA0559,2080.18,2026-03-08 21:00:00
S00000782,M0100,SA0559,5733.83,2026-03-17 08:00:00
S00000783,M0101,SA0008,1972.27,2026-01-07 19:00:00
S00000784,M0101,SA0008,4622.41,2026-01-10 21:00:00
S00000785,M0101,SA0008,2101.54,2026-01-13 18:00:00
S00000786,M0101,SA0008,1846.75,2026-01-17 01:00:00
S00000787,M0101,SA0008,2786.35,2026-01-19 20:00:00
S00000788,M0101,SA0008,7628.61,2026-01-22 21:00:00
S00000789,M0101,SA0008,4923.95,2026-01-25 23:00:00
S00000790,M0101,SA0008,3912.19,2026-01-28 16:00:00
S00000791,M0101,SA0008,1173.66,2026-01-31 18:00:00
S00000792,M0101,SA0008,1042.5,2026-02-10 03:00:00
S00000793,M0101,SA0008,24912.87,2026-02-12 06:00:00
S00000794,M0101,SA0008,9805.73,2026-02-15 05:00:00
S00000795,M0101,SA0008,5923.79,2026-02-18 11:00:00
S00000796,M0101,SA0008,586.47,2026-02-21 09:00:00
S00000797,M0101,SA0008,4173.5,2026-02-27 14:00:00
S00000798,M0101,SA0008,5051.19,2026-03-02 23:00:00
S00000799,M0101,SA0008,6253.11,2026-03-05 07:00:00
S00000800,M0101,SA0008,2176.87,2026-03-09 00:00:00
S00000801,M0101,SA0008,11141.66,2026-03-14 10:00:00
S00000802,M0101,SA0008,2308.4,2026-03-17 12:00:00
S00000803,M0101,SA0008,1859.86,2026-03-20 04:00:00
S00000804,M0101,SA0008,3504.08,2026-03-23 09:00:00
S00000805,M0101,SA0008,1810.77,2026-03-26 23:00:00
S00000806,M0101,SA0008,11911.48,2026-04-01 19:00:00
S00000807,M0102,SA0104,3055.15,2026-01-13 12:00:00
S00000808,M0102,SA0104,1312.69,2026-01-17 00:00:00
S00000809,M0102,SA0104,1684.45,2026-01-19 21:00:00
S00000810,M0102,SA0104,6665.67,2026-02-03 17:00:00
S00000811,M0102,SA0104,3913.45,2026-02-19 00:00:00
S00000812,M0102,SA0104,924.01,2026-02-21 07:00:00
S00000813,M0102,SA0104,768.69,2026-03-02 11:00:00
S00000814,M0102,SA0104,3475.9,2026-03-11 19:00:00
S00000815,M0102,SA0104,1426.32,2026-04-01 10:00:00
S00000816,M0103,SA0441,1041.9,2026-01-28 08:00:00
S00000817,M0103,SA0441,1033.78,2026-01-31 16:00:00
S00000818,M0103,SA0441,673.15,2026-03-05 11:00:00
S00000819,M0104,SA0286,3434.63,2026-01-10 19:00:00
S00000820,M0104,SA0286,606.36,2026-01-16 06:00:00
S00000821,M0104,SA0286,2702.19,2026-01-22 06:00:00
S00000822,M0104,SA0286,3931.88,2026-01-26 00:00:00
S00000823,M0104,SA0286,4767.96,2026-02-21 16:00:00
S00000824,M0104,SA0286,2709.87,2026-02-24 16:00:00
S00000825,M0104,SA0286,2958.05,2026-03-05 08:00:00
S00000826,M0104,SA0286,2274.51,2026-03-08 08:00:00
S00000827,M0104,SA0286,7965.26,2026-03-18 00:00:00
S00000828,M0104,SA0286,1615.66,2026-03-20 10:00:00
S00000829,M0104,SA0286,1192.14,2026-03-23 15:00:00
S00000830,M0104,SA0286,1194.85,2026-03-29 20:00:00
S00000831,M0105,SA0527,2342.8,2026-01-10 18:00:00
S00000832,M0105,SA0527,6741.12,2026-01-16 11:00:00
S00000833,M0105,SA0527,4990.3,2026-01-19 17:00:00
S00000834,M0105,SA0527,11584.64,2026-02-12 04:00:00
S00000835,M0105,SA0527,6370.02,2026-03-21 00:00:00
S00000836,M0106,SA0102,616.08,2026-01-16 08:00:00
S00000837,M0106,SA0102,1972.55,2026-01-20 01:00:00
S00000838,M0106,SA0102,4308.41,2026-01-28 10:00:00
S00000839,M0106,SA0102,1234.13,2026-02-27 19:00:00
S00000840,M0106,SA0102,4147.23,2026-03-02 06:00:00
S00000841,M0107,SA0324,425.53,2026-01-04 20:00:00
S00000842,M0107,SA0324,570.73,2026-01-07 05:00:00
S00000843,M0107,SA0324,394.49,2026-01-10 23:00:00
S00000844,M0107,SA0324,1066.3,2026-02-06 23:00:00
S00000845,M0107,SA0324,623.18,2026-03-20 15:00:00
S00000846,M0108,SA0082,1470.35,2026-02-06 10:00:00
S00000847,M0108,SA0082,1455.73,2026-02-09 19:00:00
S00000848,M0109,SA0085,586.09,2026-01-07 10:00:00
S00000849,M0109,SA0085,546.64,2026-01-10 16:00:00
S00000850,M0109,SA0085,593.66,2026-01-17 02:00:00
S00000851,M0109,SA0085,406.5,2026-01-25 08:00:00
S00000852,M0109,SA0085,2264.77,2026-01-31 22:00:00
S00000853,M0109,SA0085,924.74,2026-02-15 08:00:00
S00000854,M0109,SA0085,924.93,2026-02-21 05:00:00
S00000855,M0109,SA0085,1329.13,2026-02-28 03:00:00
S00000856,M0109,SA0085,1692.93,2026-03-02 14:00:00
S00000857,M0109,SA0085,707.93,2026-03-08 06:00:00
S00000858,M0109,SA0085,1141.03,2026-03-26 06:00:00
S00000859,M0110,SA0005,1509.75,2026-01-10 10:00:00
S00000860,M0110,SA0005,1374.4,2026-01-13 08:00:00
S00000861,M0110,SA0005,1264.95,2026-04-01 11:00:00
S00000862,M0111,SA0597,350.07,2026-01-11 00:00:00
S00000863,M0111,SA0597,2319.47,2026-01-13 19:00:00
S00000864,M0111,SA0597,1542.47,2026-01-28 16:00:00
S00000865,M0111,SA0597,167.51,2026-01-31 09:00:00
S00000866,M0111,SA0597,1006.73,2026-02-03 20:00:00
S00000867,M0111,SA0597,989.41,2026-02-06 11:00:00
S00000868,M0111,SA0597,1050.07,2026-02-15 17:00:00
S00000869,M0111,SA0597,1860.7,2026-02-18 14:00:00
S00000870,M0111,SA0597,186.19,2026-03-17 15:00:00
S00000871,M0111,SA0597,632.68,2026-03-20 14:00:00
S00000872,M0112,SA0558,5643.01,2026-01-10 17:00:00
S00000873,M0112,SA0558,7030.14,2026-01-14 01:00:00
S00000874,M0112,SA0558,6284.31,2026-02-21 18:00:00
S00000875,M0112,SA0558,2033.06,2026-03-12 00:00:00
S00000876,M0112,SA0558,5153.07,2026-03-20 23:00:00
S00000877,M0113,SA0666,15351.56,2026-01-04 08:00:00
S00000878,M0113,SA0666,8091.49,2026-01-07 12:00:00
S00000879,M0113,SA0666,8047.32,2026-01-10 19:00:00
S00000880,M0113,SA0666,10756.56,2026-01-13 19:00:00
S00000881,M0113,SA0666,13122.67,2026-01-16 22:00:00
S00000882,M0113,SA0666,12352.93,2026-01-20 02:00:00
S00000883,M0113,SA0666,16186.42,2026-01-22 08:00:00
S00000884,M0113,SA0666,11631.94,2026-01-26 02:00:00
S00000885,M0113,SA0666,10351.0,2026-01-28 10:00:00
S00000886,M0113,SA0666,20448.92,2026-01-31 06:00:00
S00000887,M0113,SA0666,12139.52,2026-02-03 09:00:00
S00000888,M0113,SA0666,12700.59,2026-02-06 17:00:00
S00000889,M0113,SA0666,6662.34,2026-02-09 20:00:00
S00000890,M0113,SA0666,20647.29,2026-02-12 11:00:00
S00000891,M0113,SA0666,5360.84,2026-02-15 06:00:00
S00000892,M0113,SA0666,14972.65,2026-02-18 04:00:00
S00000893,M0113,SA0666,8711.56,2026-02-21 14:00:00
S00000894,M0113,SA0666,10438.03,2026-02-24 04:00:00
S00000895,M0113,SA0666,12239.6,2026-02-27 05:00:00
S00000896,M0113,SA0666,13345.75,2026-03-02 10:00:00
S00000897,M0113,SA0666,16652.89,2026-03-06 00:00:00
S00000898,M0113,SA0666,18489.63,2026-03-08 05:00:00
S00000899,M0113,SA0666,14223.56,2026-03-11 15:00:00
S00000900,M0113,SA0666,15173.29,2026-03-15 02:00:00
S00000901,M0113,SA0666,8665.38,2026-03-17 17:00:00
S00000902,M0113,SA0666,19695.51,2026-03-20 18:00:00
S00000903,M0113,SA0666,12811.8,2026-03-23 18:00:00
S00000904,M0113,SA0666,8985.3,2026-03-26 16:00:00
S00000905,M0113,SA0666,6275.47,2026-03-29 05:00:00
S00000906,M0113,SA0666,12683.61,2026-04-01 17:00:00
S00000907,M0114,SA0737,9824.98,2026-01-16 16:00:00
S00000908,M0114,SA0737,18420.85,2026-03-26 04:00:00
S00000909,M0115,SA0724,1262.09,2026-01-20 01:00:00
S00000910,M0117,SA0012,12281.22,2026-01-05 02:00:00
S00000911,M0117,SA0012,1763.03,2026-01-10 11:00:00
S00000912,M0117,SA0012,2301.91,2026-01-16 14:00:00
S00000913,M0117,SA0012,8194.96,2026-01-22 10:00:00
S00000914,M0117,SA0012,1763.38,2026-01-31 13:00:00
S00000915,M0117,SA0012,4834.06,2026-02-12 23:00:00
S00000916,M0117,SA0012,15959.62,2026-02-18 23:00:00
S00000917,M0117,SA0012,4004.86,2026-02-21 08:00:00
S00000918,M0117,SA0012,3531.35,2026-02-25 00:00:00
S00000919,M0117,SA0012,1918.21,2026-03-02 09:00:00
S00000920,M0117,SA0012,3952.15,2026-03-11 19:00:00
S00000921,M0117,SA0012,9365.49,2026-03-21 02:00:00
S00000922,M0117,SA0012,14794.0,2026-03-26 05:00:00
S00000923,M0117,SA0012,21902.02,2026-04-01 04:00:00
S00000924,M0118,SA0589,3185.79,2026-01-04 17:00:00
S00000925,M0118,SA0589,1918.64,2026-01-07 18:00:00
S00000926,M0118,SA0589,4084.88,2026-01-10 05:00:00
S00000927,M0118,SA0589,7897.88,2026-01-16 12:00:00
S00000928,M0118,SA0589,2873.06,2026-01-22 11:00:00
S00000929,M0118,SA0589,3183.53,2026-01-28 05:00:00
S00000930,M0118,SA0589,9221.43,2026-01-31 09:00:00
S00000931,M0118,SA0589,1415.73,2026-02-03 12:00:00
S00000932,M0118,SA0589,3853.21,2026-02-06 07:00:00
S00000933,M0118,SA0589,3826.08,2026-02-09 17:00:00
S00000934,M0118,SA0589,2153.13,2026-02-12 19:00:00
S00000935,M0118,SA0589,3286.81,2026-02-15 11:00:00
S00000936,M0118,SA0589,1682.75,2026-02-18 19:00:00
S00000937,M0118,SA0589,2509.04,2026-02-21 08:00:00
S00000938,M0118,SA0589,5215.05,2026-02-24 12:00:00
S00000939,M0118,SA0589,2956.82,2026-02-27 04:00:00
S00000940,M0118,SA0589,3227.52,2026-03-02 17:00:00
S00000941,M0118,SA0589,2579.87,2026-03-06 01:00:00
S00000942,M0118,SA0589,1063.83,2026-03-08 23:00:00
S00000943,M0118,SA0589,911.61,2026-03-15 01:00:00
S00000944,M0118,SA0589,2987.03,2026-03-17 20:00:00
S00000945,M0118,SA0589,6575.85,2026-03-20 17:00:00
S00000946,M0118,SA0589,2332.2,2026-03-29 17:00:00
S00000947,M0118,SA0589,4431.95,2026-04-01 21:00:00
S00000948,M0119,SA0543,286.2,2026-01-20 00:00:00
S00000949,M0119,SA0543,352.68,2026-01-28 12:00:00
S00000950,M0119,SA0543,1248.35,2026-02-06 22:00:00
S00000951,M0119,SA0543,273.91,2026-03-05 19:00:00
S00000952,M0119,SA0543,325.48,2026-03-08 06:00:00
S00000953,M0119,SA0543,133.76,2026-03-29 06:00:00
S00000954,M0120,SA0122,11718.74,2026-01-07 10:00:00
S00000955,M0120,SA0122,3358.21,2026-01-16 09:00:00
S00000956,M0120,SA0122,1616.79,2026-01-23 01:00:00
S00000957,M0120,SA0122,9739.77,2026-01-28 13:00:00
S00000958,M0120,SA0122,7268.67,2026-01-31 18:00:00
S00000959,M0120,SA0122,36925.99,2026-02-03 10:00:00
S00000960,M0120,SA0122,3727.51,2026-02-09 21:00:00
S00000961,M0120,SA0122,9571.26,2026-02-13 00:00:00
S00000962,M0120,SA0122,5762.58,2026-02-15 12:00:00
S00000963,M0120,SA0122,4123.5,2026-02-18 22:00:00
S00000964,M0120,SA0122,25617.63,2026-02-21 16:00:00
S00000965,M0120,SA0122,15281.49,2026-02-24 04:00:00
S00000966,M0120,SA0122,1198.86,2026-02-28 02:00:00
S00000967,M0120,SA0122,8942.74,2026-03-02 17:00:00
S00000968,M0120,SA0122,4791.51,2026-03-05 04:00:00
S00000969,M0120,SA0122,27610.63,2026-03-11 06:00:00
S00000970,M0120,SA0122,22510.56,2026-03-14 04:00:00
S00000971,M0120,SA0122,30523.26,2026-03-17 14:00:00
S00000972,M0120,SA0122,16250.0,2026-03-20 05:00:00
S00000973,M0120,SA0122,30712.46,2026-03-23 22:00:00
S00000974,M0120,SA0122,2495.82,2026-04-01 16:00:00
S00000975,M0121,SA0103,4621.71,2026-01-13 10:00:00
S00000976,M0121,SA0103,4829.43,2026-01-17 02:00:00
S00000977,M0121,SA0103,3801.71,2026-01-20 01:00:00
S00000978,M0121,SA0103,45174.65,2026-01-23 03:00:00
S00000979,M0121,SA0103,26708.0,2026-01-26 03:00:00
S00000980,M0121,SA0103,8667.65,2026-01-28 13:00:00
S00000981,M0121,SA0103,5306.34,2026-01-31 20:00:00
S00000982,M0121,SA0103,12922.85,2026-02-07 01:00:00
S00000983,M0121,SA0103,5132.49,2026-02-15 06:00:00
S00000984,M0121,SA0103,9135.3,2026-02-18 20:00:00
S00000985,M0121,SA0103,1958.96,2026-02-21 23:00:00
S00000986,M0121,SA0103,4050.41,2026-02-24 09:00:00
S00000987,M0121,SA0103,9800.07,2026-02-27 17:00:00
S00000988,M0121,SA0103,9358.35,2026-03-02 15:00:00
S00000989,M0121,SA0103,14632.07,2026-03-06 03:00:00
S00000990,M0121,SA0103,18168.23,2026-03-08 18:00:00
S00000991,M0121,SA0103,11451.19,2026-03-14 08:00:00
S00000992,M0121,SA0103,1956.57,2026-03-30 02:00:00
S00000993,M0122,SA0734,4764.42,2026-01-04 06:00:00
S00000994,M0122,SA0734,1166.59,2026-01-07 20:00:00
S00000995,M0122,SA0734,4913.13,2026-01-10 23:00:00
S00000996,M0122,SA0734,2599.24,2026-02-27 15:00:00
S00000997,M0122,SA0734,3058.31,2026-03-11 18:00:00
S00000998,M0122,SA0734,2986.84,2026-03-23 17:00:00
S00000999,M0122,SA0734,2736.24,2026-03-29 11:00:00
S00001000,M0123,SA0662,1178.24,2026-01-04 06:00:00
S00001001,M0123,SA0662,2176.75,2026-01-10 23:00:00
S00001002,M0123,SA0662,2043.75,2026-01-16 23:00:00
S00001003,M0123,SA0662,332.7,2026-01-25 05:00:00
S00001004,M0123,SA0662,2222.69,2026-02-13 03:00:00
S00001005,M0123,SA0662,3363.77,2026-02-18 19:00:00
S00001006,M0123,SA0662,357.07,2026-02-21 12:00:00
S00001007,M0123,SA0662,448.35,2026-03-14 21:00:00
S00001008,M0123,SA0662,789.72,2026-03-20 22:00:00
S00001009,M0124,SA0707,634.04,2026-01-16 18:00:00
S00001010,M0124,SA0707,329.96,2026-02-09 16:00:00
S00001011,M0124,SA0707,984.0,2026-02-15 15:00:00
S00001012,M0124,SA0707,1594.69,2026-03-02 10:00:00
S00001013,M0124,SA0707,468.92,2026-03-21 01:00:00
S00001014,M0124,SA0707,268.97,2026-03-26 22:00:00
S00001015,M0125,SA0072,2345.7,2026-01-04 09:00:00
S00001016,M0125,SA0072,1207.13,2026-01-10 10:00:00
S00001017,M0125,SA0072,1884.0,2026-01-13 10:00:00
S00001018,M0125,SA0072,471.56,2026-01-16 22:00:00
S00001019,M0125,SA0072,2216.84,2026-01-22 07:00:00
S00001020,M0125,SA0072,1625.45,2026-01-28 14:00:00
S00001021,M0125,SA0072,3248.01,2026-02-03 21:00:00
S00001022,M0125,SA0072,2182.01,2026-02-09 13:00:00
S00001023,M0125,SA0072,906.76,2026-02-18 06:00:00
S00001024,M0125,SA0072,1449.38,2026-02-24 09:00:00
S00001025,M0125,SA0072,899.45,2026-02-27 11:00:00
S00001026,M0125,SA0072,1757.22,2026-03-02 20:00:00
S00001027,M0125,SA0072,4448.28,2026-03-14 11:00:00
S00001028,M0125,SA0072,3078.38,2026-03-17 17:00:00
S00001029,M0125,SA0072,510.42,2026-03-27 02:00:00
S00001030,M0125,SA0072,664.5,2026-04-01 09:00:00
S00001031,M0126,SA0251,189.62,2026-01-13 19:00:00
S00001032,M0126,SA0251,301.18,2026-02-01 01:00:00
S00001033,M0126,SA0251,1287.5,2026-02-06 06:00:00
S00001034,M0126,SA0251,1454.8,2026-02-12 18:00:00
S00001035,M0126,SA0251,442.41,2026-02-15 14:00:00
S00001036,M0126,SA0251,291.46,2026-02-27 20:00:00
S00001037,M0126,SA0251,441.2,2026-03-02 20:00:00
S00001038,M0126,SA0251,1405.97,2026-03-05 14:00:00
S00001039,M0126,SA0251,1213.29,2026-03-08 22:00:00
S00001040,M0126,SA0251,925.26,2026-03-11 06:00:00
S00001041,M0126,SA0251,1071.33,2026-03-14 11:00:00
S00001042,M0126,SA0251,407.72,2026-03-21 02:00:00
S00001043,M0126,SA0251,289.2,2026-03-29 21:00:00
S00001044,M0126,SA0251,1724.64,2026-04-01 17:00:00
S00001045,M0127,SA0004,5796.83,2026-01-10 11:00:00
S00001046,M0127,SA0004,1900.01,2026-01-16 05:00:00
S00001047,M0127,SA0004,1610.82,2026-01-19 04:00:00
S00001048,M0127,SA0004,4131.75,2026-01-22 04:00:00
S00001049,M0127,SA0004,3509.77,2026-02-01 03:00:00
S00001050,M0127,SA0004,421.85,2026-02-06 18:00:00
S00001051,M0127,SA0004,2022.87,2026-02-10 03:00:00
S00001052,M0128,SA0707,2060.82,2026-01-08 00:00:00
S00001053,M0128,SA0707,1972.65,2026-01-16 12:00:00
S00001054,M0128,SA0707,1974.63,2026-01-31 06:00:00
S00001055,M0128,SA0707,974.29,2026-02-28 03:00:00
S00001056,M0128,SA0707,1645.27,2026-03-26 15:00:00
S00001057,M0129,SA0286,7338.62,2026-01-04 22:00:00
S00001058,M0129,SA0286,2628.78,2026-01-07 15:00:00
S00001059,M0129,SA0286,2850.7,2026-01-10 13:00:00
S00001060,M0129,SA0286,3051.63,2026-01-13 11:00:00
S00001061,M0129,SA0286,6169.79,2026-01-16 23:00:00
S00001062,M0129,SA0286,2917.25,2026-01-19 17:00:00
S00001063,M0129,SA0286,541.38,2026-01-23 02:00:00
S00001064,M0129,SA0286,780.07,2026-01-25 16:00:00
S00001065,M0129,SA0286,8826.7,2026-01-28 08:00:00
S00001066,M0129,SA0286,8038.38,2026-01-31 15:00:00
S00001067,M0129,SA0286,1000.79,2026-02-06 19:00:00
S00001068,M0129,SA0286,478.05,2026-02-10 01:00:00
S00001069,M0129,SA0286,1551.71,2026-02-18 11:00:00
S00001070,M0129,SA0286,3321.95,2026-02-21 16:00:00
S00001071,M0129,SA0286,1065.91,2026-02-24 12:00:00
S00001072,M0129,SA0286,2128.13,2026-02-27 19:00:00
S00001073,M0129,SA0286,2747.85,2026-03-02 10:00:00
S00001074,M0129,SA0286,2030.77,2026-03-05 15:00:00
S00001075,M0129,SA0286,2411.2,2026-03-08 11:00:00
S00001076,M0129,SA0286,4557.2,2026-03-11 17:00:00
S00001077,M0129,SA0286,1163.66,2026-03-14 08:00:00
S00001078,M0129,SA0286,1302.02,2026-03-17 08:00:00
S00001079,M0129,SA0286,2867.7,2026-03-20 20:00:00
S00001080,M0129,SA0286,6216.84,2026-03-23 19:00:00
S00001081,M0129,SA0286,5327.25,2026-03-26 10:00:00
S00001082,M0129,SA0286,2324.83,2026-03-29 19:00:00
S00001083,M0129,SA0286,1020.6,2026-04-01 06:00:00
S00001084,M0130,SA0037,18911.29,2026-01-04 20:00:00
S00001085,M0130,SA0037,3089.36,2026-01-07 21:00:00
S00001086,M0130,SA0037,1060.51,2026-02-06 17:00:00
S00001087,M0130,SA0037,6197.07,2026-02-12 19:00:00
S00001088,M0130,SA0037,32885.78,2026-03-03 02:00:00
S00001089,M0130,SA0037,14059.69,2026-03-05 08:00:00
S00001090,M0130,SA0037,10013.91,2026-03-08 07:00:00
S00001091,M0130,SA0037,19922.16,2026-03-15 02:00:00
S00001092,M0130,SA0037,18037.02,2026-03-23 07:00:00
S00001093,M0130,SA0037,4994.9,2026-03-26 21:00:00
S00001094,M0130,SA0037,9223.9,2026-04-01 18:00:00
S00001095,M0131,SA0735,3715.45,2026-01-10 16:00:00
S00001096,M0131,SA0735,17741.0,2026-01-19 17:00:00
S00001097,M0131,SA0735,5534.6,2026-01-22 05:00:00
S00001098,M0131,SA0735,15823.7,2026-01-28 07:00:00
S00001099,M0131,SA0735,7383.9,2026-01-31 11:00:00
S00001100,M0131,SA0735,4243.59,2026-02-03 15:00:00
S00001101,M0131,SA0735,4906.94,2026-02-09 23:00:00
S00001102,M0131,SA0735,4123.38,2026-02-12 11:00:00
S00001103,M0131,SA0735,2650.92,2026-02-15 11:00:00
S00001104,M0131,SA0735,24082.51,2026-02-24 21:00:00
S00001105,M0131,SA0735,3556.68,2026-03-02 23:00:00
S00001106,M0131,SA0735,16428.1,2026-03-05 08:00:00
S00001107,M0131,SA0735,5766.66,2026-03-11 11:00:00
S00001108,M0131,SA0735,8226.89,2026-03-14 14:00:00
S00001109,M0131,SA0735,32970.08,2026-03-18 03:00:00
S00001110,M0131,SA0735,1677.36,2026-03-20 04:00:00
S00001111,M0131,SA0735,24543.22,2026-03-26 04:00:00
S00001112,M0132,SA0620,1499.16,2026-01-04 04:00:00
S00001113,M0132,SA0620,4916.16,2026-01-07 19:00:00
S00001114,M0132,SA0620,3216.29,2026-01-13 07:00:00
S00001115,M0132,SA0620,2202.57,2026-01-16 13:00:00
S00001116,M0132,SA0620,1170.2,2026-01-22 09:00:00
S00001117,M0132,SA0620,3144.77,2026-01-25 17:00:00
S00001118,M0132,SA0620,3775.91,2026-01-28 07:00:00
S00001119,M0132,SA0620,2662.16,2026-02-09 10:00:00
S00001120,M0132,SA0620,7605.88,2026-02-16 00:00:00
S00001121,M0132,SA0620,944.58,2026-02-24 13:00:00
S00001122,M0132,SA0620,1486.61,2026-02-27 13:00:00
S00001123,M0132,SA0620,6341.09,2026-03-02 13:00:00
S00001124,M0132,SA0620,654.51,2026-03-05 17:00:00
S00001125,M0132,SA0620,5664.49,2026-03-14 13:00:00
S00001126,M0132,SA0620,815.91,2026-03-17 20:00:00
S00001127,M0132,SA0620,2112.42,2026-03-26 05:00:00
S00001128,M0132,SA0620,3304.55,2026-04-01 11:00:00
S00001129,M0133,SA0679,8869.89,2026-01-04 15:00:00
S00001130,M0133,SA0679,11405.61,2026-01-13 20:00:00
S00001131,M0133,SA0679,11368.67,2026-01-28 08:00:00
S00001132,M0133,SA0679,41724.03,2026-01-31 14:00:00
S00001133,M0133,SA0679,9313.72,2026-02-03 23:00:00
S00001134,M0133,SA0679,5231.08,2026-02-06 11:00:00
S00001135,M0133,SA0679,7714.97,2026-02-12 20:00:00
S00001136,M0133,SA0679,11257.48,2026-02-27 07:00:00
S00001137,M0133,SA0679,3119.54,2026-03-03 00:00:00
S00001138,M0133,SA0679,22640.1,2026-03-05 21:00:00
S00001139,M0133,SA0679,12180.26,2026-03-08 20:00:00
S00001140,M0133,SA0679,29944.52,2026-03-17 14:00:00
S00001141,M0133,SA0679,4689.8,2026-03-23 13:00:00
S00001142,M0133,SA0679,5855.81,2026-04-01 16:00:00
S00001143,M0134,SA0579,180.73,2026-01-16 17:00:00
S00001144,M0134,SA0579,1406.97,2026-01-22 20:00:00
S00001145,M0134,SA0579,357.14,2026-02-18 05:00:00
S00001146,M0134,SA0579,609.89,2026-03-02 22:00:00
S00001147,M0134,SA0579,424.52,2026-03-14 14:00:00
S00001148,M0135,SA0011,5705.96,2026-01-07 23:00:00
S00001149,M0135,SA0011,7401.06,2026-01-11 01:00:00
S00001150,M0135,SA0011,6531.05,2026-01-19 20:00:00
S00001151,M0135,SA0011,15847.29,2026-02-03 06:00:00
S00001152,M0135,SA0011,37446.15,2026-02-06 14:00:00
S00001153,M0135,SA0011,13078.56,2026-02-09 06:00:00
S00001154,M0135,SA0011,10010.34,2026-02-12 16:00:00
S00001155,M0135,SA0011,7109.17,2026-02-16 01:00:00
S00001156,M0135,SA0011,3332.18,2026-02-18 05:00:00
S00001157,M0135,SA0011,6862.25,2026-02-24 23:00:00
S00001158,M0135,SA0011,11182.45,2026-02-27 21:00:00
S00001159,M0135,SA0011,14593.44,2026-03-03 01:00:00
S00001160,M0135,SA0011,5519.35,2026-03-05 06:00:00
S00001161,M0135,SA0011,9098.45,2026-03-11 18:00:00
S00001162,M0135,SA0011,1768.68,2026-04-01 16:00:00
S00001163,M0136,SA0666,4274.44,2026-01-04 11:00:00
S00001164,M0136,SA0666,893.62,2026-01-08 01:00:00
S00001165,M0136,SA0666,1692.61,2026-01-10 12:00:00
S00001166,M0136,SA0666,1297.98,2026-01-22 09:00:00
S00001167,M0136,SA0666,379.17,2026-01-25 19:00:00
S00001168,M0136,SA0666,536.37,2026-01-31 22:00:00
S00001169,M0136,SA0666,1055.49,2026-02-03 16:00:00
S00001170,M0136,SA0666,1645.0,2026-02-06 16:00:00
S00001171,M0136,SA0666,443.69,2026-02-09 16:00:00
S00001172,M0136,SA0666,785.5,2026-02-18 16:00:00
S00001173,M0136,SA0666,857.63,2026-02-21 22:00:00
S00001174,M0136,SA0666,396.28,2026-02-27 16:00:00
S00001175,M0136,SA0666,1306.76,2026-03-02 09:00:00
S00001176,M0136,SA0666,1631.75,2026-03-05 07:00:00
S00001177,M0136,SA0666,2022.56,2026-03-11 06:00:00
S00001178,M0136,SA0666,479.9,2026-03-18 01:00:00
S00001179,M0136,SA0666,1741.68,2026-03-20 06:00:00
S00001180,M0136,SA0666,1025.96,2026-03-23 06:00:00
S00001181,M0136,SA0666,2280.17,2026-03-27 02:00:00
S00001182,M0137,SA0591,6730.25,2026-01-07 06:00:00
S00001183,M0137,SA0591,1960.89,2026-01-10 06:00:00
S00001184,M0137,SA0591,4004.18,2026-01-16 06:00:00
S00001185,M0137,SA0591,4111.23,2026-01-31 17:00:00
S00001186,M0137,SA0591,2987.19,2026-02-03 16:00:00
S00001187,M0137,SA0591,4022.6,2026-02-09 10:00:00
S00001188,M0137,SA0591,376.54,2026-02-15 12:00:00
S00001189,M0137,SA0591,3409.23,2026-02-24 22:00:00
S00001190,M0137,SA0591,3804.86,2026-02-27 19:00:00
S00001191,M0137,SA0591,975.24,2026-03-05 14:00:00
S00001192,M0137,SA0591,918.61,2026-03-17 23:00:00
S00001193,M0137,SA0591,2500.41,2026-03-23 19:00:00
S00001194,M0138,SA0587,1320.3,2026-01-07 08:00:00
S00001195,M0138,SA0587,1263.3,2026-01-13 06:00:00
S00001196,M0138,SA0587,540.41,2026-02-09 14:00:00
S00001197,M0138,SA0587,857.47,2026-03-05 22:00:00
S00001198,M0138,SA0587,1140.59,2026-03-08 04:00:00
S00001199,M0138,SA0587,818.05,2026-03-26 12:00:00
S00001200,M0139,SA0199,4185.06,2026-01-04 19:00:00
S00001201,M0139,SA0199,2853.6,2026-01-07 11:00:00
S00001202,M0139,SA0199,12189.64,2026-01-28 21:00:00
S00001203,M0139,SA0199,12606.14,2026-01-31 13:00:00
S00001204,M0139,SA0199,2405.85,2026-02-15 22:00:00
S00001205,M0139,SA0199,2893.5,2026-02-18 22:00:00
S00001206,M0139,SA0199,2642.81,2026-02-25 02:00:00
S00001207,M0139,SA0199,9265.55,2026-03-12 01:00:00
S00001208,M0139,SA0199,6057.68,2026-03-26 07:00:00
S00001209,M0139,SA0199,1955.98,2026-03-29 14:00:00
S00001210,M0140,SA0293,224.01,2026-01-04 20:00:00
S00001211,M0140,SA0293,2062.9,2026-01-11 01:00:00
S00001212,M0140,SA0293,647.47,2026-01-19 20:00:00
S00001213,M0140,SA0293,1800.1,2026-02-12 16:00:00
S00001214,M0140,SA0293,1063.95,2026-03-02 23:00:00
S00001215,M0140,SA0293,2151.75,2026-03-26 16:00:00
S00001216,M0141,SA0697,291.94,2026-01-11 02:00:00
S00001217,M0141,SA0697,1589.05,2026-01-13 11:00:00
S00001218,M0141,SA0697,685.47,2026-02-04 00:00:00
S00001219,M0141,SA0697,551.7,2026-02-06 17:00:00
S00001220,M0141,SA0697,1826.74,2026-02-12 22:00:00
S00001221,M0141,SA0697,319.87,2026-02-19 00:00:00
S00001222,M0141,SA0697,882.21,2026-03-05 12:00:00
S00001223,M0141,SA0697,1964.52,2026-03-11 22:00:00
S00001224,M0141,SA0697,1589.39,2026-03-23 16:00:00
S00001225,M0141,SA0697,1787.23,2026-03-29 15:00:00
S00001226,M0142,SA0050,15741.41,2026-01-05 00:00:00
S00001227,M0142,SA0050,953.76,2026-01-07 11:00:00
S00001228,M0142,SA0050,5596.29,2026-01-10 11:00:00
S00001229,M0142,SA0050,3601.76,2026-01-14 02:00:00
S00001230,M0142,SA0050,6476.72,2026-01-17 03:00:00
S00001231,M0142,SA0050,4199.35,2026-01-19 12:00:00
S00001232,M0142,SA0050,8876.96,2026-01-22 08:00:00
S00001233,M0142,SA0050,3573.14,2026-01-25 16:00:00
S00001234,M0142,SA0050,2497.33,2026-01-29 01:00:00
S00001235,M0142,SA0050,4874.26,2026-02-01 03:00:00
S00001236,M0142,SA0050,7913.23,2026-02-03 19:00:00
S00001237,M0142,SA0050,5688.43,2026-02-06 19:00:00
S00001238,M0142,SA0050,10950.76,2026-02-09 22:00:00
S00001239,M0142,SA0050,6991.57,2026-02-12 17:00:00
S00001240,M0142,SA0050,2292.35,2026-02-16 00:00:00
S00001241,M0142,SA0050,5012.31,2026-02-18 15:00:00
S00001242,M0142,SA0050,4051.04,2026-02-21 18:00:00
S00001243,M0142,SA0050,6487.75,2026-02-24 17:00:00
S00001244,M0142,SA0050,4898.66,2026-02-27 10:00:00
S00001245,M0142,SA0050,10620.58,2026-03-02 23:00:00
S00001246,M0142,SA0050,5151.83,2026-03-05 11:00:00
S00001247,M0142,SA0050,3050.23,2026-03-09 02:00:00
S00001248,M0142,SA0050,2936.0,2026-03-11 11:00:00
S00001249,M0142,SA0050,10635.28,2026-03-14 05:00:00
S00001250,M0142,SA0050,7489.9,2026-03-17 17:00:00
S00001251,M0142,SA0050,5512.67,2026-03-20 19:00:00
S00001252,M0142,SA0050,3381.19,2026-03-23 18:00:00
S00001253,M0142,SA0050,5450.89,2026-03-26 07:00:00
S00001254,M0142,SA0050,3889.4,2026-03-29 21:00:00
S00001255,M0142,SA0050,6267.58,2026-04-01 16:00:00
S00001256,M0143,SA0104,1959.21,2026-01-23 01:00:00
S00001257,M0143,SA0104,3857.85,2026-03-14 12:00:00
S00001258,M0144,SA0595,14558.27,2026-01-11 01:00:00
S00001259,M0144,SA0595,27184.56,2026-01-13 21:00:00
S00001260,M0144,SA0595,15364.3,2026-01-20 03:00:00
S00001261,M0144,SA0595,51274.32,2026-01-31 04:00:00
S00001262,M0144,SA0595,4034.99,2026-02-03 16:00:00
S00001263,M0144,SA0595,37282.69,2026-02-09 08:00:00
S00001264,M0144,SA0595,10968.95,2026-02-12 04:00:00
S00001265,M0144,SA0595,16108.4,2026-02-18 10:00:00
S00001266,M0144,SA0595,1894.74,2026-02-22 03:00:00
S00001267,M0144,SA0595,16216.45,2026-03-02 14:00:00
S00001268,M0144,SA0595,6678.29,2026-03-08 10:00:00
S00001269,M0144,SA0595,6023.96,2026-03-11 08:00:00
S00001270,M0144,SA0595,14563.36,2026-03-26 04:00:00
S00001271,M0144,SA0595,34165.46,2026-04-01 18:00:00
S00001272,M0145,SA0599,1871.97,2026-01-28 22:00:00
S00001273,M0145,SA0599,876.18,2026-02-09 19:00:00
S00001274,M0145,SA0599,747.37,2026-02-18 07:00:00
S00001275,M0145,SA0599,839.3,2026-02-21 08:00:00
S00001276,M0145,SA0599,1279.28,2026-03-08 09:00:00
S00001277,M0145,SA0599,250.31,2026-03-26 17:00:00
S00001278,M0146,SA0448,2216.14,2026-01-04 13:00:00
S00001279,M0146,SA0448,1259.02,2026-01-07 13:00:00
S00001280,M0146,SA0448,2050.28,2026-01-10 22:00:00
S00001281,M0146,SA0448,3496.82,2026-01-13 18:00:00
S00001282,M0146,SA0448,1602.93,2026-01-19 13:00:00
S00001283,M0146,SA0448,2632.81,2026-01-23 03:00:00
S00001284,M0146,SA0448,1800.23,2026-01-26 01:00:00
S00001285,M0146,SA0448,4331.72,2026-01-28 23:00:00
S00001286,M0146,SA0448,6370.5,2026-01-31 19:00:00
S00001287,M0146,SA0448,2734.44,2026-02-06 23:00:00
S00001288,M0146,SA0448,1741.12,2026-02-09 22:00:00
S00001289,M0146,SA0448,2711.79,2026-02-12 18:00:00
S00001290,M0146,SA0448,971.75,2026-02-15 17:00:00
S00001291,M0146,SA0448,5170.26,2026-02-18 16:00:00
S00001292,M0146,SA0448,979.0,2026-02-21 17:00:00
S00001293,M0146,SA0448,475.48,2026-02-24 13:00:00
S00001294,M0146,SA0448,3615.66,2026-03-02 13:00:00
S00001295,M0146,SA0448,1834.06,2026-03-08 08:00:00
S00001296,M0146,SA0448,3111.71,2026-03-20 15:00:00
S00001297,M0146,SA0448,2283.59,2026-03-23 06:00:00
S00001298,M0146,SA0448,15767.6,2026-03-26 07:00:00
S00001299,M0146,SA0448,2409.57,2026-03-29 04:00:00
S00001300,M0147,SA0576,8122.23,2026-01-04 14:00:00
S00001301,M0147,SA0576,1737.65,2026-01-08 02:00:00
S00001302,M0147,SA0576,6941.26,2026-01-10 18:00:00
S00001303,M0147,SA0576,11638.62,2026-01-13 07:00:00
S00001304,M0147,SA0576,5644.84,2026-01-17 01:00:00
S00001305,M0147,SA0576,6026.03,2026-01-19 20:00:00
S00001306,M0147,SA0576,8252.48,2026-01-22 14:00:00
S00001307,M0147,SA0576,5529.23,2026-01-25 11:00:00
S00001308,M0147,SA0576,1755.76,2026-01-29 00:00:00
S00001309,M0147,SA0576,15985.52,2026-01-31 12:00:00
S00001310,M0147,SA0576,8949.64,2026-02-03 17:00:00
S00001311,M0147,SA0576,6303.05,2026-02-06 12:00:00
S00001312,M0147,SA0576,5426.01,2026-02-09 13:00:00
S00001313,M0147,SA0576,13970.01,2026-02-12 18:00:00
S00001314,M0147,SA0576,7708.14,2026-02-15 07:00:00
S00001315,M0147,SA0576,10443.21,2026-02-19 01:00:00
S00001316,M0147,SA0576,4347.39,2026-02-22 00:00:00
S00001317,M0147,SA0576,2965.32,2026-02-24 11:00:00
S00001318,M0147,SA0576,9990.09,2026-02-27 12:00:00
S00001319,M0147,SA0576,6714.52,2026-03-02 05:00:00
S00001320,M0147,SA0576,7868.98,2026-03-05 12:00:00
S00001321,M0147,SA0576,8511.78,2026-03-08 19:00:00
S00001322,M0147,SA0576,25148.76,2026-03-11 11:00:00
S00001323,M0147,SA0576,6309.17,2026-03-14 18:00:00
S00001324,M0147,SA0576,2522.22,2026-03-17 10:00:00
S00001325,M0147,SA0576,4215.28,2026-03-20 08:00:00
S00001326,M0147,SA0576,3250.68,2026-03-23 11:00:00
S00001327,M0147,SA0576,10097.66,2026-03-27 02:00:00
S00001328,M0147,SA0576,10053.08,2026-03-30 03:00:00
S00001329,M0147,SA0576,8020.74,2026-04-01 16:00:00
S00001330,M0148,SA0683,732.48,2026-01-11 02:00:00
S00001331,M0148,SA0683,470.42,2026-02-06 19:00:00
S00001332,M0148,SA0683,446.64,2026-04-01 14:00:00
S00001333,M0149,SA0108,818.45,2026-02-21 20:00:00
S00001334,M0149,SA0108,928.49,2026-03-26 18:00:00
S00001335,M0149,SA0108,778.17,2026-03-29 16:00:00
S00001336,M0150,SA0087,633.54,2026-01-10 06:00:00
S00001337,M0150,SA0087,3480.05,2026-01-13 18:00:00
S00001338,M0150,SA0087,922.5,2026-01-28 15:00:00
S00001339,M0150,SA0087,174.59,2026-02-03 06:00:00
S00001340,M0150,SA0087,574.43,2026-02-06 15:00:00
S00001341,M0150,SA0087,435.68,2026-02-15 14:00:00
S00001342,M0150,SA0087,2192.81,2026-03-06 03:00:00
S00001343,M0150,SA0087,2441.62,2026-03-14 15:00:00
S00001344,M0150,SA0087,2505.27,2026-03-20 11:00:00
S00001345,M0150,SA0087,342.53,2026-03-29 23:00:00
S00001346,M0151,SA0184,3920.16,2026-02-12 13:00:00
S00001347,M0151,SA0184,1212.75,2026-03-05 07:00:00
S00001348,M0151,SA0184,506.85,2026-03-08 19:00:00
S00001349,M0151,SA0184,1555.5,2026-03-20 15:00:00
S00001350,M0151,SA0184,2831.4,2026-03-29 17:00:00
S00001351,M0152,SA0229,794.89,2026-01-04 21:00:00
S00001352,M0152,SA0229,2240.22,2026-01-14 02:00:00
S00001353,M0152,SA0229,2698.06,2026-01-16 20:00:00
S00001354,M0152,SA0229,3253.85,2026-01-19 23:00:00
S00001355,M0152,SA0229,687.16,2026-01-28 04:00:00
S00001356,M0152,SA0229,1040.29,2026-02-12 16:00:00
S00001357,M0152,SA0229,2658.58,2026-02-21 23:00:00
S00001358,M0152,SA0229,1621.39,2026-02-24 09:00:00
S00001359,M0152,SA0229,7722.16,2026-02-27 15:00:00
S00001360,M0152,SA0229,3542.64,2026-03-02 19:00:00
S00001361,M0152,SA0229,3070.78,2026-03-05 08:00:00
S00001362,M0152,SA0229,469.29,2026-03-14 09:00:00
S00001363,M0152,SA0229,2440.94,2026-03-17 04:00:00
S00001364,M0152,SA0229,572.19,2026-03-20 15:00:00
S00001365,M0152,SA0229,1123.97,2026-03-29 11:00:00
S00001366,M0153,SA0258,394.47,2026-01-28 12:00:00
S00001367,M0153,SA0258,1298.34,2026-01-31 18:00:00
S00001368,M0153,SA0258,609.79,2026-02-09 14:00:00
S00001369,M0153,SA0258,2228.81,2026-02-18 15:00:00
S00001370,M0153,SA0258,5921.39,2026-02-22 00:00:00
S00001371,M0153,SA0258,2339.32,2026-03-08 13:00:00
S00001372,M0153,SA0258,855.84,2026-03-12 03:00:00
S00001373,M0153,SA0258,234.33,2026-04-01 04:00:00
S00001374,M0154,SA0271,633.55,2026-01-04 04:00:00
S00001375,M0154,SA0271,2334.51,2026-01-10 06:00:00
S00001376,M0154,SA0271,252.87,2026-01-16 16:00:00
S00001377,M0154,SA0271,1499.42,2026-01-22 15:00:00
S00001378,M0154,SA0271,327.18,2026-01-25 11:00:00
S00001379,M0154,SA0271,393.81,2026-01-28 20:00:00
S00001380,M0154,SA0271,523.62,2026-01-31 08:00:00
S00001381,M0154,SA0271,852.14,2026-02-12 12:00:00
S00001382,M0154,SA0271,984.09,2026-02-15 10:00:00
S00001383,M0154,SA0271,1245.08,2026-02-24 13:00:00
S00001384,M0154,SA0271,1358.94,2026-02-27 15:00:00
S00001385,M0154,SA0271,1136.68,2026-03-08 19:00:00
S00001386,M0154,SA0271,862.24,2026-03-11 13:00:00
S00001387,M0154,SA0271,876.53,2026-03-14 19:00:00
S00001388,M0154,SA0271,791.94,2026-03-23 23:00:00
S00001389,M0155,SA0165,466.25,2026-02-12 18:00:00
S00001390,M0155,SA0165,552.17,2026-03-17 13:00:00
S00001391,M0156,SA0513,1835.26,2026-01-22 15:00:00
S00001392,M0156,SA0513,3544.21,2026-02-15 06:00:00
S00001393,M0157,SA0083,1307.28,2026-01-04 09:00:00
S00001394,M0157,SA0083,2096.47,2026-01-10 20:00:00
S00001395,M0157,SA0083,792.95,2026-01-16 18:00:00
S00001396,M0157,SA0083,645.66,2026-03-03 03:00:00
S00001397,M0157,SA0083,1107.46,2026-03-23 20:00:00
S00001398,M0159,SA0494,4990.67,2026-01-05 00:00:00
S00001399,M0159,SA0494,3558.43,2026-01-07 19:00:00
S00001400,M0159,SA0494,7851.98,2026-01-13 11:00:00
S00001401,M0159,SA0494,2553.94,2026-01-17 00:00:00
S00001402,M0159,SA0494,12119.36,2026-01-19 07:00:00
S00001403,M0159,SA0494,9863.51,2026-01-25 11:00:00
S00001404,M0159,SA0494,5083.18,2026-01-28 07:00:00
S00001405,M0159,SA0494,3187.61,2026-01-31 08:00:00
S00001406,M0159,SA0494,21496.31,2026-02-06 13:00:00
S00001407,M0159,SA0494,4602.29,2026-02-10 02:00:00
S00001408,M0159,SA0494,993.83,2026-02-12 07:00:00
S00001409,M0159,SA0494,16940.29,2026-02-15 05:00:00
S00001410,M0159,SA0494,9473.85,2026-02-18 19:00:00
S00001411,M0159,SA0494,6940.79,2026-02-21 23:00:00
S00001412,M0159,SA0494,13987.54,2026-02-24 08:00:00
S00001413,M0159,SA0494,11583.66,2026-02-27 17:00:00
S00001414,M0159,SA0494,16934.54,2026-03-03 03:00:00
S00001415,M0159,SA0494,10293.06,2026-03-09 02:00:00
S00001416,M0159,SA0494,4440.3,2026-03-12 03:00:00
S00001417,M0159,SA0494,8983.11,2026-03-14 07:00:00
S00001418,M0159,SA0494,4297.2,2026-03-20 05:00:00
S00001419,M0159,SA0494,6026.05,2026-03-24 00:00:00
S00001420,M0159,SA0494,6046.24,2026-03-26 23:00:00
S00001421,M0159,SA0494,11601.8,2026-03-29 07:00:00
S00001422,M0159,SA0494,4022.03,2026-04-01 07:00:00
S00001423,M0161,SA0005,1172.61,2026-01-14 02:00:00
S00001424,M0161,SA0005,704.14,2026-01-22 22:00:00
S00001425,M0161,SA0005,2670.75,2026-01-26 01:00:00
S00001426,M0162,SA0222,9440.19,2026-01-10 07:00:00
S00001427,M0162,SA0222,992.14,2026-01-16 19:00:00
S00001428,M0162,SA0222,1094.85,2026-01-31 16:00:00
S00001429,M0162,SA0222,3502.11,2026-02-19 02:00:00
S00001430,M0162,SA0222,2084.47,2026-02-21 08:00:00
S00001431,M0162,SA0222,724.54,2026-03-12 00:00:00
S00001432,M0162,SA0222,3965.1,2026-04-01 19:00:00
S00001433,M0163,SA0674,18107.56,2026-01-04 23:00:00
S00001434,M0163,SA0674,3946.7,2026-01-19 13:00:00
S00001435,M0163,SA0674,9516.11,2026-01-28 06:00:00
S00001436,M0163,SA0674,4258.01,2026-02-01 03:00:00
S00001437,M0163,SA0674,8404.8,2026-02-07 01:00:00
S00001438,M0163,SA0674,8702.57,2026-03-11 07:00:00
S00001439,M0164,SA0371,866.59,2026-02-27 12:00:00
S00001440,M0165,SA0421,2284.13,2026-01-04 07:00:00
S00001441,M0165,SA0421,2644.41,2026-01-08 00:00:00
S00001442,M0165,SA0421,877.22,2026-01-10 08:00:00
S00001443,M0165,SA0421,683.69,2026-01-13 06:00:00
S00001444,M0165,SA0421,1024.37,2026-01-17 01:00:00
S00001445,M0165,SA0421,1256.81,2026-01-19 04:00:00
S00001446,M0165,SA0421,634.73,2026-01-22 04:00:00
S00001447,M0165,SA0421,2496.59,2026-01-25 23:00:00
S00001448,M0165,SA0421,5057.13,2026-01-28 14:00:00
S00001449,M0165,SA0421,1837.98,2026-01-31 15:00:00
S00001450,M0165,SA0421,1230.07,2026-02-03 06:00:00
S00001451,M0165,SA0421,2458.73,2026-02-07 01:00:00
S00001452,M0165,SA0421,650.31,2026-02-09 13:00:00
S00001453,M0165,SA0421,1880.87,2026-02-12 08:00:00
S00001454,M0165,SA0421,1464.89,2026-02-15 21:00:00
S00001455,M0165,SA0421,1031.55,2026-02-18 09:00:00
S00001456,M0165,SA0421,4968.2,2026-02-21 07:00:00
S00001457,M0165,SA0421,1311.03,2026-02-24 17:00:00
S00001458,M0165,SA0421,2927.71,2026-02-27 08:00:00
S00001459,M0165,SA0421,355.43,2026-03-02 14:00:00
S00001460,M0165,SA0421,2415.14,2026-03-05 09:00:00
S00001461,M0165,SA0421,4724.27,2026-03-11 12:00:00
S00001462,M0165,SA0421,2179.89,2026-03-14 09:00:00
S00001463,M0165,SA0421,2371.55,2026-03-18 02:00:00
S00001464,M0165,SA0421,2261.62,2026-03-20 12:00:00
S00001465,M0165,SA0421,3682.16,2026-03-23 16:00:00
S00001466,M0165,SA0421,377.68,2026-03-27 02:00:00
S00001467,M0165,SA0421,2486.51,2026-03-29 20:00:00
S00001468,M0165,SA0421,958.54,2026-04-01 16:00:00
S00001469,M0166,SA0022,1446.23,2026-01-16 22:00:00
S00001470,M0166,SA0022,294.61,2026-02-06 22:00:00
S00001471,M0166,SA0022,407.88,2026-02-12 17:00:00
S00001472,M0167,SA0572,329.26,2026-01-04 06:00:00
S00001473,M0167,SA0572,2188.35,2026-01-10 08:00:00
S00001474,M0167,SA0572,8511.48,2026-01-17 02:00:00
S00001475,M0167,SA0572,5752.64,2026-01-25 21:00:00
S00001476,M0167,SA0572,2492.38,2026-01-28 05:00:00
S00001477,M0167,SA0572,1871.38,2026-01-31 05:00:00
S00001478,M0167,SA0572,884.57,2026-02-03 08:00:00
S00001479,M0167,SA0572,1968.78,2026-02-07 02:00:00
S00001480,M0167,SA0572,3863.81,2026-02-09 19:00:00
S00001481,M0167,SA0572,866.17,2026-02-12 22:00:00
S00001482,M0167,SA0572,1283.36,2026-02-18 05:00:00
S00001483,M0167,SA0572,4987.0,2026-02-22 02:00:00
S00001484,M0167,SA0572,11377.55,2026-02-24 05:00:00
S00001485,M0167,SA0572,2110.81,2026-02-27 06:00:00
S00001486,M0167,SA0572,11707.0,2026-03-02 12:00:00
S00001487,M0167,SA0572,2180.15,2026-03-05 19:00:00
S00001488,M0167,SA0572,13544.03,2026-03-08 19:00:00
S00001489,M0167,SA0572,2406.16,2026-03-14 04:00:00
S00001490,M0167,SA0572,762.87,2026-03-18 03:00:00
S00001491,M0167,SA0572,3072.55,2026-03-23 11:00:00
S00001492,M0167,SA0572,3772.22,2026-03-27 02:00:00
S00001493,M0168,SA0190,1914.85,2026-01-31 23:00:00
S00001494,M0168,SA0190,1496.11,2026-02-03 14:00:00
S00001495,M0168,SA0190,1377.66,2026-02-09 15:00:00
S00001496,M0168,SA0190,399.99,2026-02-15 08:00:00
S00001497,M0168,SA0190,6363.62,2026-02-18 13:00:00
S00001498,M0168,SA0190,4010.87,2026-03-20 21:00:00
S00001499,M0168,SA0190,920.27,2026-04-01 10:00:00
S00001500,M0169,SA0723,2440.2,2026-01-04 21:00:00
S00001501,M0169,SA0723,4832.63,2026-01-07 06:00:00
S00001502,M0169,SA0723,6191.02,2026-01-13 10:00:00
S00001503,M0169,SA0723,903.4,2026-01-16 17:00:00
S00001504,M0169,SA0723,1980.33,2026-01-19 20:00:00
S00001505,M0169,SA0723,1229.01,2026-01-22 22:00:00
S00001506,M0169,SA0723,3014.74,2026-01-26 00:00:00
S00001507,M0169,SA0723,4881.95,2026-02-03 22:00:00
S00001508,M0169,SA0723,9635.26,2026-02-06 12:00:00
S00001509,M0169,SA0723,728.12,2026-02-09 14:00:00
S00001510,M0169,SA0723,5307.39,2026-02-13 00:00:00
S00001511,M0169,SA0723,2518.51,2026-02-15 11:00:00
S00001512,M0169,SA0723,6392.53,2026-02-18 09:00:00
S00001513,M0169,SA0723,27892.23,2026-02-21 15:00:00
S00001514,M0169,SA0723,12703.57,2026-02-24 17:00:00
S00001515,M0169,SA0723,5145.58,2026-02-27 18:00:00
S00001516,M0169,SA0723,1132.54,2026-03-02 07:00:00
S00001517,M0169,SA0723,3978.37,2026-03-05 11:00:00
S00001518,M0169,SA0723,1070.89,2026-03-08 13:00:00
S00001519,M0169,SA0723,3157.46,2026-03-11 19:00:00
S00001520,M0169,SA0723,6107.72,2026-03-14 10:00:00
S00001521,M0169,SA0723,663.14,2026-03-17 12:00:00
S00001522,M0169,SA0723,11315.62,2026-03-21 02:00:00
S00001523,M0169,SA0723,376.74,2026-03-23 10:00:00
S00001524,M0169,SA0723,2501.03,2026-03-29 22:00:00
S00001525,M0169,SA0723,1507.02,2026-04-01 23:00:00
S00001526,M0170,SA0281,1024.45,2026-01-04 10:00:00
S00001527,M0170,SA0281,1785.59,2026-01-07 14:00:00
S00001528,M0170,SA0281,1675.66,2026-01-16 19:00:00
S00001529,M0170,SA0281,797.05,2026-01-19 06:00:00
S00001530,M0170,SA0281,627.67,2026-01-23 01:00:00
S00001531,M0170,SA0281,2207.49,2026-01-25 21:00:00
S00001532,M0170,SA0281,4860.81,2026-01-28 10:00:00
S00001533,M0170,SA0281,2113.26,2026-02-03 09:00:00
S00001534,M0170,SA0281,2395.73,2026-02-13 02:00:00
S00001535,M0170,SA0281,1385.75,2026-02-25 02:00:00
S00001536,M0170,SA0281,2851.83,2026-02-28 02:00:00
S00001537,M0170,SA0281,4959.8,2026-03-05 22:00:00
S00001538,M0170,SA0281,1449.43,2026-03-08 08:00:00
S00001539,M0170,SA0281,2532.42,2026-03-14 10:00:00
S00001540,M0170,SA0281,853.79,2026-03-20 11:00:00
S00001541,M0170,SA0281,564.35,2026-03-29 05:00:00
S00001542,M0170,SA0281,2951.83,2026-04-01 06:00:00
S00001543,M0171,SA0372,228.17,2026-01-13 07:00:00
S00001544,M0171,SA0372,5308.24,2026-01-26 01:00:00
S00001545,M0171,SA0372,1577.73,2026-02-03 18:00:00
S00001546,M0171,SA0372,1486.45,2026-03-23 08:00:00
S00001547,M0172,SA0446,931.89,2026-01-22 21:00:00
S00001548,M0172,SA0446,435.17,2026-01-28 10:00:00
S00001549,M0172,SA0446,2293.42,2026-02-18 19:00:00
S00001550,M0172,SA0446,378.27,2026-02-21 20:00:00
S00001551,M0173,SA0359,2540.47,2026-01-04 15:00:00
S00001552,M0173,SA0359,1392.85,2026-01-13 11:00:00
S00001553,M0173,SA0359,883.93,2026-01-17 02:00:00
S00001554,M0173,SA0359,2109.26,2026-01-20 02:00:00
S00001555,M0173,SA0359,3753.18,2026-01-22 13:00:00
S00001556,M0173,SA0359,901.69,2026-01-28 12:00:00
S00001557,M0173,SA0359,1268.42,2026-02-06 05:00:00
S00001558,M0173,SA0359,1108.52,2026-02-09 17:00:00
S00001559,M0173,SA0359,970.87,2026-02-15 09:00:00
S00001560,M0173,SA0359,1994.18,2026-02-21 14:00:00
S00001561,M0173,SA0359,355.51,2026-02-24 18:00:00
S00001562,M0173,SA0359,2392.28,2026-02-27 16:00:00
S00001563,M0173,SA0359,1620.93,2026-03-05 13:00:00
S00001564,M0173,SA0359,509.11,2026-03-08 16:00:00
S00001565,M0173,SA0359,217.99,2026-03-26 10:00:00
S00001566,M0173,SA0359,2032.35,2026-04-02 01:00:00
S00001567,M0174,SA0354,4433.06,2026-01-10 14:00:00
S00001568,M0174,SA0354,4819.95,2026-01-16 05:00:00
S00001569,M0174,SA0354,11295.03,2026-01-19 23:00:00
S00001570,M0174,SA0354,549.76,2026-01-28 14:00:00
S00001571,M0174,SA0354,1774.09,2026-02-01 03:00:00
S00001572,M0174,SA0354,3347.96,2026-02-06 23:00:00
S00001573,M0174,SA0354,1497.9,2026-02-10 03:00:00
S00001574,M0174,SA0354,1838.43,2026-02-12 16:00:00
S00001575,M0174,SA0354,534.02,2026-02-15 14:00:00
S00001576,M0174,SA0354,1047.1,2026-02-27 21:00:00
S00001577,M0174,SA0354,721.58,2026-03-02 18:00:00
S00001578,M0174,SA0354,1445.95,2026-03-05 19:00:00
S00001579,M0174,SA0354,343.37,2026-03-08 12:00:00
S00001580,M0174,SA0354,1397.48,2026-03-20 07:00:00
S00001581,M0174,SA0354,1767.34,2026-03-26 07:00:00
S00001582,M0174,SA0354,902.67,2026-03-29 09:00:00
S00001583,M0175,SA0713,2722.36,2026-03-05 06:00:00
S00001584,M0175,SA0713,2073.41,2026-03-14 17:00:00
S00001585,M0175,SA0713,1316.08,2026-03-26 09:00:00
S00001586,M0176,SA0274,7601.59,2026-01-04 05:00:00
S00001587,M0176,SA0274,3506.4,2026-01-10 09:00:00
S00001588,M0176,SA0274,1253.87,2026-01-13 09:00:00
S00001589,M0176,SA0274,16809.1,2026-01-16 04:00:00
S00001590,M0176,SA0274,19130.24,2026-01-19 09:00:00
S00001591,M0176,SA0274,8856.17,2026-01-22 21:00:00
S00001592,M0176,SA0274,2629.53,2026-01-25 17:00:00
S00001593,M0176,SA0274,5267.86,2026-01-28 07:00:00
S00001594,M0176,SA0274,3501.29,2026-01-31 22:00:00
S00001595,M0176,SA0274,891.89,2026-02-03 06:00:00
S00001596,M0176,SA0274,3622.48,2026-02-06 07:00:00
S00001597,M0176,SA0274,3525.31,2026-02-09 06:00:00
S00001598,M0176,SA0274,2766.28,2026-02-12 14:00:00
S00001599,M0176,SA0274,4285.84,2026-02-15 19:00:00
S00001600,M0176,SA0274,1406.82,2026-02-18 05:00:00
S00001601,M0176,SA0274,7502.61,2026-02-21 07:00:00
S00001602,M0176,SA0274,3033.14,2026-02-24 04:00:00
S00001603,M0176,SA0274,805.5,2026-02-27 12:00:00
S00001604,M0176,SA0274,282.36,2026-03-02 16:00:00
S00001605,M0176,SA0274,2798.59,2026-03-05 15:00:00
S00001606,M0176,SA0274,602.98,2026-03-08 23:00:00
S00001607,M0176,SA0274,5665.26,2026-03-11 13:00:00
S00001608,M0176,SA0274,5665.47,2026-03-14 11:00:00
S00001609,M0176,SA0274,242.25,2026-03-17 07:00:00
S00001610,M0176,SA0274,3215.41,2026-03-20 17:00:00
S00001611,M0176,SA0274,1168.55,2026-03-23 16:00:00
S00001612,M0176,SA0274,1223.1,2026-03-26 10:00:00
S00001613,M0176,SA0274,541.05,2026-03-29 07:00:00
S00001614,M0176,SA0274,890.9,2026-04-01 11:00:00
S00001615,M0177,SA0299,1380.63,2026-01-22 04:00:00
S00001616,M0177,SA0299,496.7,2026-01-28 08:00:00
S00001617,M0177,SA0299,345.16,2026-03-08 15:00:00
S00001618,M0177,SA0299,282.16,2026-04-01 11:00:00
S00001619,M0178,SA0372,1374.13,2026-01-19 11:00:00
S00001620,M0178,SA0372,3460.13,2026-01-25 16:00:00
S00001621,M0178,SA0372,288.6,2026-03-17 07:00:00
S00001622,M0178,SA0372,1155.03,2026-03-23 11:00:00
S00001623,M0179,SA0128,23272.95,2026-01-22 23:00:00
S00001624,M0179,SA0128,483.69,2026-02-07 00:00:00
S00001625,M0179,SA0128,742.81,2026-02-12 05:00:00
S00001626,M0179,SA0128,381.33,2026-02-15 16:00:00
S00001627,M0179,SA0128,1381.3,2026-03-18 00:00:00
S00001628,M0179,SA0128,5492.55,2026-03-29 22:00:00
S00001629,M0180,SA0622,2500.46,2026-02-09 21:00:00
S00001630,M0181,SA0173,829.6,2026-01-04 07:00:00
S00001631,M0181,SA0173,461.94,2026-01-22 16:00:00
S00001632,M0181,SA0173,883.8,2026-02-03 15:00:00
S00001633,M0181,SA0173,1201.85,2026-02-15 18:00:00
S00001634,M0181,SA0173,452.29,2026-02-27 09:00:00
S00001635,M0182,SA0182,869.33,2026-03-17 08:00:00
S00001636,M0182,SA0182,310.76,2026-03-20 10:00:00
S00001637,M0183,SA0009,602.37,2026-03-27 00:00:00
S00001638,M0184,SA0258,2795.45,2026-01-28 10:00:00
S00001639,M0184,SA0258,619.38,2026-02-21 21:00:00
S00001640,M0184,SA0258,291.12,2026-03-12 03:00:00
S00001641,M0184,SA0258,2809.44,2026-03-20 12:00:00
S00001642,M0185,SA0438,17944.09,2026-01-04 05:00:00
S00001643,M0185,SA0438,8048.03,2026-01-07 18:00:00
S00001644,M0185,SA0438,23403.55,2026-01-16 21:00:00
S00001645,M0185,SA0438,10033.61,2026-01-22 18:00:00
S00001646,M0185,SA0438,3012.1,2026-02-06 19:00:00
S00001647,M0185,SA0438,9618.43,2026-02-09 06:00:00
S00001648,M0185,SA0438,15703.71,2026-02-12 12:00:00
S00001649,M0185,SA0438,3985.68,2026-02-19 02:00:00
S00001650,M0185,SA0438,1252.93,2026-02-22 02:00:00
S00001651,M0185,SA0438,3992.78,2026-02-27 19:00:00
S00001652,M0185,SA0438,3797.71,2026-03-02 21:00:00
S00001653,M0185,SA0438,1830.69,2026-03-05 05:00:00
S00001654,M0185,SA0438,9803.68,2026-03-12 02:00:00
S00001655,M0185,SA0438,5819.86,2026-03-14 20:00:00
S00001656,M0185,SA0438,721.5,2026-03-23 04:00:00
S00001657,M0185,SA0438,5527.42,2026-03-26 08:00:00
S00001658,M0185,SA0438,6019.58,2026-03-29 18:00:00
S00001659,M0186,SA0529,2841.87,2026-01-13 12:00:00
S00001660,M0186,SA0529,1564.68,2026-02-27 20:00:00
S00001661,M0186,SA0529,944.05,2026-03-03 01:00:00
S00001662,M0186,SA0529,3606.28,2026-03-20 08:00:00
S00001663,M0187,SA0674,322.68,2026-01-13 15:00:00
S00001664,M0187,SA0674,259.29,2026-01-22 23:00:00
S00001665,M0187,SA0674,294.85,2026-02-03 05:00:00
S00001666,M0187,SA0674,178.62,2026-02-12 14:00:00
S00001667,M0187,SA0674,269.76,2026-03-23 11:00:00
S00001668,M0187,SA0674,684.87,2026-03-30 02:00:00
S00001669,M0188,SA0584,439.02,2026-01-28 07:00:00
S00001670,M0188,SA0584,1835.4,2026-03-02 12:00:00
S00001671,M0188,SA0584,4630.11,2026-03-14 16:00:00
S00001672,M0188,SA0584,806.05,2026-03-29 07:00:00
S00001673,M0189,SA0241,3993.69,2026-01-04 11:00:00
S00001674,M0189,SA0241,2202.24,2026-01-07 07:00:00
S00001675,M0189,SA0241,6610.86,2026-01-10 16:00:00
S00001676,M0189,SA0241,4571.11,2026-01-13 20:00:00
S00001677,M0189,SA0241,3986.3,2026-01-17 01:00:00
S00001678,M0189,SA0241,5326.93,2026-01-19 07:00:00
S00001679,M0189,SA0241,1331.09,2026-01-26 03:00:00
S00001680,M0189,SA0241,937.84,2026-01-28 11:00:00
S00001681,M0189,SA0241,7264.98,2026-02-03 19:00:00
S00001682,M0189,SA0241,4214.02,2026-02-09 06:00:00
S00001683,M0189,SA0241,24563.82,2026-02-21 23:00:00
S00001684,M0189,SA0241,2880.15,2026-03-02 18:00:00
S00001685,M0189,SA0241,5926.82,2026-03-05 06:00:00
S00001686,M0189,SA0241,924.05,2026-03-08 07:00:00
S00001687,M0189,SA0241,1761.01,2026-03-11 08:00:00
S00001688,M0189,SA0241,13132.15,2026-03-14 11:00:00
S00001689,M0189,SA0241,13719.59,2026-03-17 11:00:00
S00001690,M0189,SA0241,4075.12,2026-03-21 03:00:00
S00001691,M0189,SA0241,8430.62,2026-03-23 11:00:00
S00001692,M0189,SA0241,4870.07,2026-03-26 19:00:00
S00001693,M0190,SA0620,495.78,2026-01-16 10:00:00
S00001694,M0190,SA0620,819.6,2026-01-25 07:00:00
S00001695,M0190,SA0620,3590.93,2026-02-18 07:00:00
S00001696,M0190,SA0620,2349.86,2026-02-21 10:00:00
S00001697,M0190,SA0620,1652.09,2026-02-27 05:00:00
S00001698,M0190,SA0620,1904.9,2026-03-14 21:00:00
S00001699,M0190,SA0620,236.32,2026-03-17 16:00:00
S00001700,M0191,SA0146,293.14,2026-01-07 07:00:00
S00001701,M0191,SA0146,2659.07,2026-01-17 00:00:00
S00001702,M0191,SA0146,1063.64,2026-01-31 15:00:00
S00001703,M0191,SA0146,1355.57,2026-02-03 10:00:00
S00001704,M0191,SA0146,1661.25,2026-02-27 10:00:00
S00001705,M0191,SA0146,783.4,2026-03-12 01:00:00
S00001706,M0191,SA0146,1003.9,2026-03-14 15:00:00
S00001707,M0192,SA0177,507.52,2026-01-22 17:00:00
S00001708,M0192,SA0177,1807.23,2026-02-03 22:00:00
S00001709,M0192,SA0177,2025.74,2026-02-27 07:00:00
S00001710,M0193,SA0083,896.26,2026-01-10 11:00:00
S00001711,M0193,SA0083,187.82,2026-02-06 05:00:00
S00001712,M0193,SA0083,1969.57,2026-02-09 12:00:00
S00001713,M0193,SA0083,3141.96,2026-03-14 16:00:00
S00001714,M0194,SA0405,1267.37,2026-01-19 16:00:00
S00001715,M0194,SA0405,6690.55,2026-02-21 07:00:00
S00001716,M0194,SA0405,574.17,2026-02-24 15:00:00
S00001717,M0195,SA0153,4449.73,2026-01-05 00:00:00
S00001718,M0195,SA0153,855.53,2026-01-07 22:00:00
S00001719,M0195,SA0153,1095.45,2026-01-10 16:00:00
S00001720,M0195,SA0153,2540.66,2026-01-13 12:00:00
S00001721,M0195,SA0153,4043.46,2026-01-16 11:00:00
S00001722,M0195,SA0153,685.23,2026-01-22 08:00:00
S00001723,M0195,SA0153,3104.44,2026-01-26 00:00:00
S00001724,M0195,SA0153,1311.8,2026-01-31 13:00:00
S00001725,M0195,SA0153,1669.12,2026-02-06 09:00:00
S00001726,M0195,SA0153,306.27,2026-02-12 20:00:00
S00001727,M0195,SA0153,2832.55,2026-02-15 07:00:00
S00001728,M0195,SA0153,3911.01,2026-02-18 08:00:00
S00001729,M0195,SA0153,3065.66,2026-02-21 11:00:00
S00001730,M0195,SA0153,11765.87,2026-02-27 19:00:00
S00001731,M0195,SA0153,455.16,2026-03-02 12:00:00
S00001732,M0195,SA0153,630.21,2026-03-08 19:00:00
S00001733,M0195,SA0153,2979.78,2026-03-11 10:00:00
S00001734,M0195,SA0153,4400.87,2026-03-17 15:00:00
S00001735,M0195,SA0153,555.56,2026-03-23 19:00:00
S00001736,M0195,SA0153,1154.39,2026-03-26 09:00:00
S00001737,M0195,SA0153,404.06,2026-03-29 20:00:00
S00001738,M0196,SA0012,7386.0,2026-01-04 19:00:00
S00001739,M0196,SA0012,5503.41,2026-01-11 01:00:00
S00001740,M0196,SA0012,12708.52,2026-01-16 12:00:00
S00001741,M0196,SA0012,18493.86,2026-01-23 02:00:00
S00001742,M0196,SA0012,5282.17,2026-01-28 08:00:00
S00001743,M0196,SA0012,5425.67,2026-01-31 05:00:00
S00001744,M0196,SA0012,4511.73,2026-02-03 15:00:00
S00001745,M0196,SA0012,4549.63,2026-02-12 08:00:00
S00001746,M0196,SA0012,3105.42,2026-02-15 10:00:00
S00001747,M0196,SA0012,17599.82,2026-02-27 23:00:00
S00001748,M0196,SA0012,2833.42,2026-03-02 10:00:00
S00001749,M0196,SA0012,12806.94,2026-03-17 14:00:00
S00001750,M0196,SA0012,31960.9,2026-03-23 16:00:00
S00001751,M0196,SA0012,2353.31,2026-04-01 10:00:00
S00001752,M0197,SA0203,9272.6,2026-02-04 01:00:00
S00001753,M0197,SA0203,1683.87,2026-02-24 14:00:00
S00001754,M0197,SA0203,10507.62,2026-03-14 19:00:00
S00001755,M0197,SA0203,1946.3,2026-04-02 02:00:00
S00001756,M0198,SA0294,4309.56,2026-01-14 02:00:00
S00001757,M0198,SA0294,740.73,2026-01-16 23:00:00
S00001758,M0199,SA0454,1480.82,2026-01-13 14:00:00
S00001759,M0199,SA0454,7942.85,2026-01-16 23:00:00
S00001760,M0199,SA0454,3121.81,2026-01-22 07:00:00
S00001761,M0199,SA0454,7347.98,2026-01-28 05:00:00
S00001762,M0199,SA0454,1175.89,2026-02-13 01:00:00
S00001763,M0199,SA0454,4549.03,2026-02-18 14:00:00
S00001764,M0199,SA0454,1684.62,2026-03-11 07:00:00
S00001765,M0199,SA0454,7875.62,2026-03-14 04:00:00
S00001766,M0200,SA0323,1409.04,2026-01-20 02:00:00
S00001767,M0200,SA0323,787.68,2026-01-28 20:00:00
S00001768,M0200,SA0323,1065.27,2026-02-24 07:00:00
S00001769,M0200,SA0323,593.2,2026-03-23 11:00:00
S00001770,M0201,SA0732,17167.53,2026-01-04 09:00:00
S00001771,M0201,SA0732,2443.42,2026-01-07 19:00:00
S00001772,M0201,SA0732,2780.12,2026-01-10 22:00:00
S00001773,M0201,SA0732,9299.89,2026-01-16 23:00:00
S00001774,M0201,SA0732,1090.12,2026-01-25 22:00:00
S00001775,M0201,SA0732,875.46,2026-02-15 08:00:00
S00001776,M0201,SA0732,5648.4,2026-02-18 04:00:00
S00001777,M0201,SA0732,22011.07,2026-02-24 18:00:00
S00001778,M0201,SA0732,2179.17,2026-02-27 04:00:00
S00001779,M0201,SA0732,2342.96,2026-03-08 06:00:00
S00001780,M0201,SA0732,2254.84,2026-03-14 20:00:00
S00001781,M0201,SA0732,6949.1,2026-03-20 20:00:00
S00001782,M0202,SA0104,4657.74,2026-01-07 21:00:00
S00001783,M0202,SA0104,463.03,2026-02-03 23:00:00
S00001784,M0202,SA0104,1252.03,2026-02-06 14:00:00
S00001785,M0202,SA0104,1208.35,2026-02-24 07:00:00
S00001786,M0202,SA0104,3532.62,2026-02-28 02:00:00
S00001787,M0202,SA0104,1381.58,2026-03-11 13:00:00
S00001788,M0202,SA0104,350.4,2026-03-23 21:00:00
S00001789,M0202,SA0104,6977.42,2026-03-26 18:00:00
S00001790,M0203,SA0327,779.2,2026-01-04 11:00:00
S00001791,M0203,SA0327,9862.44,2026-01-07 16:00:00
S00001792,M0203,SA0327,713.05,2026-01-10 12:00:00
S00001793,M0203,SA0327,2264.11,2026-01-13 06:00:00
S00001794,M0203,SA0327,3346.91,2026-01-16 10:00:00
S00001795,M0203,SA0327,3672.28,2026-01-19 23:00:00
S00001796,M0203,SA0327,2021.36,2026-01-22 06:00:00
S00001797,M0203,SA0327,1382.92,2026-01-25 23:00:00
S00001798,M0203,SA0327,2015.42,2026-01-31 05:00:00
S00001799,M0203,SA0327,2865.96,2026-02-03 04:00:00
S00001800,M0203,SA0327,1435.05,2026-02-06 20:00:00
S00001801,M0203,SA0327,3117.71,2026-02-09 22:00:00
S00001802,M0203,SA0327,3433.82,2026-02-12 19:00:00
S00001803,M0203,SA0327,7853.37,2026-02-15 08:00:00
S00001804,M0203,SA0327,886.86,2026-02-18 07:00:00
S00001805,M0203,SA0327,6582.4,2026-02-21 15:00:00
S00001806,M0203,SA0327,3695.14,2026-02-24 08:00:00
S00001807,M0203,SA0327,1447.2,2026-02-27 09:00:00
S00001808,M0203,SA0327,3514.42,2026-03-02 16:00:00
S00001809,M0203,SA0327,2387.77,2026-03-05 19:00:00
S00001810,M0203,SA0327,4564.74,2026-03-08 23:00:00
S00001811,M0203,SA0327,3811.21,2026-03-12 02:00:00
S00001812,M0203,SA0327,647.81,2026-03-14 12:00:00
S00001813,M0203,SA0327,1168.97,2026-03-17 08:00:00
S00001814,M0203,SA0327,878.25,2026-03-20 12:00:00
S00001815,M0203,SA0327,743.57,2026-03-23 22:00:00
S00001816,M0203,SA0327,3109.36,2026-03-26 12:00:00
S00001817,M0203,SA0327,4423.36,2026-03-29 18:00:00
S00001818,M0203,SA0327,1418.16,2026-04-01 18:00:00
S00001819,M0204,SA0085,2635.45,2026-01-04 14:00:00
S00001820,M0204,SA0085,278.43,2026-01-07 23:00:00
S00001821,M0204,SA0085,2883.47,2026-01-11 02:00:00
S00001822,M0204,SA0085,1025.57,2026-01-13 17:00:00
S00001823,M0204,SA0085,1190.97,2026-01-16 09:00:00
S00001824,M0204,SA0085,472.26,2026-01-22 07:00:00
S00001825,M0204,SA0085,864.3,2026-01-25 10:00:00
S00001826,M0204,SA0085,1816.73,2026-01-31 11:00:00
S00001827,M0204,SA0085,1019.85,2026-02-03 07:00:00
S00001828,M0204,SA0085,2544.91,2026-02-06 13:00:00
S00001829,M0204,SA0085,3153.79,2026-02-09 13:00:00
S00001830,M0204,SA0085,2102.95,2026-02-15 11:00:00
S00001831,M0204,SA0085,1476.24,2026-02-18 10:00:00
S00001832,M0204,SA0085,300.62,2026-02-24 17:00:00
S00001833,M0204,SA0085,2219.92,2026-02-27 21:00:00
S00001834,M0204,SA0085,610.97,2026-03-02 19:00:00
S00001835,M0204,SA0085,503.37,2026-03-05 22:00:00
S00001836,M0204,SA0085,1732.04,2026-03-08 14:00:00
S00001837,M0204,SA0085,4063.62,2026-03-14 04:00:00
S00001838,M0204,SA0085,2065.14,2026-03-20 20:00:00
S00001839,M0204,SA0085,13799.45,2026-03-23 10:00:00
S00001840,M0204,SA0085,503.3,2026-03-27 00:00:00
S00001841,M0204,SA0085,249.76,2026-03-29 19:00:00
S00001842,M0205,SA0076,4563.97,2026-01-05 03:00:00
S00001843,M0205,SA0076,2850.77,2026-01-10 23:00:00
S00001844,M0205,SA0076,1037.26,2026-01-13 21:00:00
S00001845,M0205,SA0076,1698.77,2026-01-16 07:00:00
S00001846,M0205,SA0076,2556.59,2026-01-20 02:00:00
S00001847,M0205,SA0076,1466.49,2026-01-26 03:00:00
S00001848,M0205,SA0076,1357.97,2026-01-31 17:00:00
S00001849,M0205,SA0076,2597.94,2026-02-07 00:00:00
S00001850,M0205,SA0076,5436.05,2026-02-12 11:00:00
S00001851,M0205,SA0076,22954.75,2026-02-15 06:00:00
S00001852,M0205,SA0076,918.87,2026-02-18 23:00:00
S00001853,M0205,SA0076,2487.37,2026-02-21 20:00:00
S00001854,M0205,SA0076,4713.45,2026-02-25 01:00:00
S00001855,M0205,SA0076,2444.33,2026-03-02 21:00:00
S00001856,M0205,SA0076,1409.15,2026-03-05 10:00:00
S00001857,M0205,SA0076,2193.19,2026-03-11 08:00:00
S00001858,M0205,SA0076,1945.63,2026-03-14 15:00:00
S00001859,M0205,SA0076,309.34,2026-03-20 15:00:00
S00001860,M0205,SA0076,2839.14,2026-03-26 09:00:00
S00001861,M0205,SA0076,614.37,2026-03-30 03:00:00
S00001862,M0206,SA0530,5224.72,2026-01-07 13:00:00
S00001863,M0206,SA0530,12477.13,2026-01-16 08:00:00
S00001864,M0206,SA0530,75794.35,2026-01-25 19:00:00
S00001865,M0206,SA0530,5660.83,2026-01-28 14:00:00
S00001866,M0206,SA0530,5607.13,2026-01-31 05:00:00
S00001867,M0206,SA0530,5871.1,2026-02-15 23:00:00
S00001868,M0206,SA0530,6950.77,2026-02-18 09:00:00
S00001869,M0206,SA0530,5340.32,2026-02-21 20:00:00
S00001870,M0206,SA0530,16415.51,2026-03-02 20:00:00
S00001871,M0206,SA0530,4083.59,2026-03-05 10:00:00
S00001872,M0206,SA0530,15207.95,2026-03-14 04:00:00
S00001873,M0206,SA0530,12795.13,2026-03-17 20:00:00
S00001874,M0206,SA0530,14347.43,2026-03-26 23:00:00
S00001875,M0206,SA0530,11803.58,2026-03-29 10:00:00
S00001876,M0207,SA0165,1710.34,2026-01-04 04:00:00
S00001877,M0207,SA0165,989.28,2026-01-07 05:00:00
S00001878,M0207,SA0165,1853.8,2026-02-18 07:00:00
S00001879,M0207,SA0165,637.51,2026-03-23 18:00:00
S00001880,M0208,SA0638,5131.23,2026-01-10 07:00:00
S00001881,M0208,SA0638,8187.68,2026-01-13 07:00:00
S00001882,M0208,SA0638,2944.23,2026-01-16 15:00:00
S00001883,M0208,SA0638,5798.81,2026-01-19 06:00:00
S00001884,M0208,SA0638,6066.06,2026-01-22 08:00:00
S00001885,M0208,SA0638,1890.3,2026-01-28 08:00:00
S00001886,M0208,SA0638,4179.98,2026-02-03 08:00:00
S00001887,M0208,SA0638,7114.55,2026-02-09 16:00:00
S00001888,M0208,SA0638,9325.27,2026-02-12 20:00:00
S00001889,M0208,SA0638,2231.13,2026-02-15 18:00:00
S00001890,M0208,SA0638,1526.72,2026-02-21 07:00:00
S00001891,M0208,SA0638,2041.5,2026-02-24 18:00:00
S00001892,M0208,SA0638,8141.65,2026-02-28 00:00:00
S00001893,M0208,SA0638,661.33,2026-03-09 02:00:00
S00001894,M0208,SA0638,1067.78,2026-03-14 11:00:00
S00001895,M0208,SA0638,1225.01,2026-03-17 08:00:00
S00001896,M0208,SA0638,1518.63,2026-03-23 16:00:00
S00001897,M0209,SA0294,591.33,2026-01-20 00:00:00
S00001898,M0209,SA0294,1089.2,2026-01-22 16:00:00
S00001899,M0209,SA0294,1116.61,2026-01-28 19:00:00
S00001900,M0209,SA0294,706.65,2026-02-10 03:00:00
S00001901,M0209,SA0294,748.32,2026-02-15 07:00:00
S00001902,M0210,SA0022,1820.95,2026-01-04 13:00:00
S00001903,M0210,SA0022,594.66,2026-01-10 09:00:00
S00001904,M0210,SA0022,826.67,2026-01-13 23:00:00
S00001905,M0210,SA0022,1034.93,2026-01-16 21:00:00
S00001906,M0210,SA0022,2783.61,2026-01-19 14:00:00
S00001907,M0210,SA0022,825.4,2026-01-22 19:00:00
S00001908,M0210,SA0022,517.96,2026-01-25 20:00:00
S00001909,M0210,SA0022,2298.38,2026-01-28 08:00:00
S00001910,M0210,SA0022,1506.32,2026-01-31 09:00:00
S00001911,M0210,SA0022,1608.27,2026-02-03 19:00:00
S00001912,M0210,SA0022,3292.48,2026-02-06 04:00:00
S00001913,M0210,SA0022,2503.71,2026-02-09 04:00:00
S00001914,M0210,SA0022,381.43,2026-02-15 04:00:00
S00001915,M0210,SA0022,6043.84,2026-02-18 15:00:00
S00001916,M0210,SA0022,5912.08,2026-02-24 11:00:00
S00001917,M0210,SA0022,879.8,2026-02-28 00:00:00
S00001918,M0210,SA0022,2656.72,2026-03-02 19:00:00
S00001919,M0210,SA0022,10371.68,2026-03-05 10:00:00
S00001920,M0210,SA0022,682.97,2026-03-08 09:00:00
S00001921,M0210,SA0022,2125.53,2026-03-11 15:00:00
S00001922,M0210,SA0022,1164.56,2026-03-14 21:00:00
S00001923,M0210,SA0022,1281.12,2026-03-17 14:00:00
S00001924,M0210,SA0022,901.95,2026-03-20 05:00:00
S00001925,M0210,SA0022,433.85,2026-03-23 08:00:00
S00001926,M0210,SA0022,236.81,2026-03-26 14:00:00
S00001927,M0210,SA0022,275.9,2026-03-29 18:00:00
S00001928,M0211,SA0130,2144.95,2026-01-16 08:00:00
S00001929,M0211,SA0130,4912.27,2026-01-28 20:00:00
S00001930,M0211,SA0130,7299.2,2026-02-22 02:00:00
S00001931,M0211,SA0130,841.15,2026-02-24 04:00:00
S00001932,M0211,SA0130,1033.31,2026-03-02 14:00:00
S00001933,M0211,SA0130,1488.34,2026-03-06 01:00:00
S00001934,M0211,SA0130,4203.59,2026-03-11 15:00:00
S00001935,M0211,SA0130,5744.63,2026-03-26 13:00:00
S00001936,M0211,SA0130,1057.36,2026-04-01 18:00:00
S00001937,M0212,SA0536,30181.86,2026-01-04 17:00:00
S00001938,M0212,SA0536,28437.7,2026-01-10 06:00:00
S00001939,M0212,SA0536,5325.58,2026-01-13 10:00:00
S00001940,M0212,SA0536,19309.53,2026-01-31 14:00:00
S00001941,M0212,SA0536,5395.56,2026-02-10 02:00:00
S00001942,M0212,SA0536,6208.19,2026-03-02 19:00:00
S00001943,M0212,SA0536,25650.51,2026-03-05 08:00:00
S00001944,M0212,SA0536,1806.35,2026-03-09 00:00:00
S00001945,M0212,SA0536,10201.11,2026-03-17 08:00:00
S00001946,M0212,SA0536,3330.91,2026-03-20 17:00:00
S00001947,M0212,SA0536,20107.44,2026-03-23 19:00:00
S00001948,M0212,SA0536,12691.21,2026-03-29 11:00:00
S00001949,M0213,SA0163,9369.43,2026-01-10 23:00:00
S00001950,M0213,SA0163,2638.17,2026-01-16 14:00:00
S00001951,M0213,SA0163,14459.77,2026-01-23 01:00:00
S00001952,M0213,SA0163,16485.77,2026-01-28 13:00:00
S00001953,M0213,SA0163,7712.81,2026-02-04 01:00:00
S00001954,M0213,SA0163,27689.73,2026-02-09 15:00:00
S00001955,M0213,SA0163,10031.83,2026-02-27 23:00:00
S00001956,M0213,SA0163,5697.3,2026-03-05 14:00:00
S00001957,M0213,SA0163,18253.57,2026-03-20 08:00:00
S00001958,M0213,SA0163,4334.34,2026-03-29 11:00:00
S00001959,M0214,SA0353,7893.12,2026-01-07 19:00:00
S00001960,M0214,SA0353,14915.39,2026-01-10 17:00:00
S00001961,M0214,SA0353,6097.84,2026-01-13 13:00:00
S00001962,M0214,SA0353,4533.07,2026-01-16 20:00:00
S00001963,M0214,SA0353,3291.91,2026-01-19 05:00:00
S00001964,M0214,SA0353,3654.68,2026-01-22 16:00:00
S00001965,M0214,SA0353,3027.37,2026-01-26 03:00:00
S00001966,M0214,SA0353,4920.2,2026-01-28 05:00:00
S00001967,M0214,SA0353,4997.9,2026-01-31 21:00:00
S00001968,M0214,SA0353,3094.11,2026-02-03 05:00:00
S00001969,M0214,SA0353,762.61,2026-02-07 02:00:00
S00001970,M0214,SA0353,3958.31,2026-02-09 09:00:00
S00001971,M0214,SA0353,3791.66,2026-02-12 07:00:00
S00001972,M0214,SA0353,6130.09,2026-02-15 14:00:00
S00001973,M0214,SA0353,1647.78,2026-02-19 03:00:00
S00001974,M0214,SA0353,1077.31,2026-02-24 16:00:00
S00001975,M0214,SA0353,3659.38,2026-03-02 06:00:00
S00001976,M0214,SA0353,8147.41,2026-03-05 06:00:00
S00001977,M0214,SA0353,10183.81,2026-03-08 14:00:00
S00001978,M0214,SA0353,2708.37,2026-03-11 05:00:00
S00001979,M0214,SA0353,4289.16,2026-03-14 15:00:00
S00001980,M0214,SA0353,1927.69,2026-03-17 06:00:00
S00001981,M0214,SA0353,2470.85,2026-03-20 13:00:00
S00001982,M0214,SA0353,6426.83,2026-03-26 13:00:00
S00001983,M0214,SA0353,4525.31,2026-03-29 16:00:00
S00001984,M0214,SA0353,28133.87,2026-04-01 17:00:00
S00001985,M0215,SA0551,2890.78,2026-02-24 22:00:00
S00001986,M0216,SA0640,21735.88,2026-01-04 19:00:00
S00001987,M0216,SA0640,11268.34,2026-01-08 03:00:00
S00001988,M0216,SA0640,25887.0,2026-01-10 14:00:00
S00001989,M0216,SA0640,4881.61,2026-01-13 05:00:00
S00001990,M0216,SA0640,7348.93,2026-01-16 06:00:00
S00001991,M0216,SA0640,13997.16,2026-01-19 22:00:00
S00001992,M0216,SA0640,19389.98,2026-01-22 12:00:00
S00001993,M0216,SA0640,6793.9,2026-01-29 01:00:00
S00001994,M0216,SA0640,9598.66,2026-01-31 06:00:00
S00001995,M0216,SA0640,4782.31,2026-02-03 14:00:00
S00001996,M0216,SA0640,5548.36,2026-02-09 06:00:00
S00001997,M0216,SA0640,105964.62,2026-02-15 12:00:00
S00001998,M0216,SA0640,16438.11,2026-02-18 07:00:00
S00001999,M0216,SA0640,16669.03,2026-02-21 05:00:00
S00002000,M0216,SA0640,14305.4,2026-02-24 15:00:00
S00002001,M0216,SA0640,25095.01,2026-02-27 22:00:00
S00002002,M0216,SA0640,12131.1,2026-03-02 22:00:00
S00002003,M0216,SA0640,4991.55,2026-03-05 09:00:00
S00002004,M0216,SA0640,1221.67,2026-03-08 20:00:00
S00002005,M0216,SA0640,15887.97,2026-03-11 10:00:00
S00002006,M0216,SA0640,8854.7,2026-03-14 20:00:00
S00002007,M0216,SA0640,4084.38,2026-03-18 03:00:00
S00002008,M0216,SA0640,15880.61,2026-03-20 08:00:00
S00002009,M0216,SA0640,1924.07,2026-03-23 06:00:00
S00002010,M0216,SA0640,2247.48,2026-03-26 15:00:00
S00002011,M0216,SA0640,76689.23,2026-03-29 18:00:00
S00002012,M0216,SA0640,16883.42,2026-04-01 17:00:00
S00002013,M0217,SA0368,403.08,2026-01-04 22:00:00
S00002014,M0217,SA0368,586.41,2026-01-17 02:00:00
S00002015,M0217,SA0368,2505.4,2026-01-19 10:00:00
S00002016,M0217,SA0368,231.12,2026-02-13 01:00:00
S00002017,M0217,SA0368,970.32,2026-02-27 21:00:00
S00002018,M0217,SA0368,276.27,2026-03-11 19:00:00
S00002019,M0217,SA0368,1441.51,2026-03-20 14:00:00
S00002020,M0217,SA0368,1554.46,2026-03-24 00:00:00
S00002021,M0217,SA0368,426.76,2026-03-29 18:00:00
S00002022,M0218,SA0681,803.87,2026-01-22 17:00:00
S00002023,M0218,SA0681,1188.24,2026-01-28 12:00:00
S00002024,M0218,SA0681,2984.4,2026-02-06 17:00:00
S00002025,M0218,SA0681,872.93,2026-02-24 12:00:00
S00002026,M0218,SA0681,1135.12,2026-03-23 21:00:00
S00002027,M0219,SA0227,526.85,2026-01-23 03:00:00
S00002028,M0219,SA0227,16205.37,2026-03-11 16:00:00
S00002029,M0219,SA0227,904.84,2026-03-29 14:00:00
S00002030,M0219,SA0227,315.75,2026-04-02 01:00:00
S00002031,M0220,SA0275,165.47,2026-03-12 00:00:00
S00002032,M0221,SA0188,7049.35,2026-01-05 02:00:00
S00002033,M0221,SA0188,937.66,2026-01-08 00:00:00
S00002034,M0221,SA0188,1461.37,2026-01-10 13:00:00
S00002035,M0221,SA0188,760.05,2026-01-13 09:00:00
S00002036,M0221,SA0188,1533.36,2026-01-16 20:00:00
S00002037,M0221,SA0188,3311.22,2026-01-25 21:00:00
S00002038,M0221,SA0188,2375.11,2026-01-28 04:00:00
S00002039,M0221,SA0188,742.24,2026-01-31 10:00:00
S00002040,M0221,SA0188,1119.59,2026-02-09 18:00:00
S00002041,M0221,SA0188,3196.48,2026-02-12 10:00:00
S00002042,M0221,SA0188,310.89,2026-02-15 21:00:00
S00002043,M0221,SA0188,743.61,2026-02-18 09:00:00
S00002044,M0221,SA0188,11212.77,2026-02-21 18:00:00
S00002045,M0221,SA0188,3557.71,2026-02-24 16:00:00
S00002046,M0221,SA0188,890.07,2026-02-27 10:00:00
S00002047,M0221,SA0188,667.16,2026-03-02 14:00:00
S00002048,M0221,SA0188,931.88,2026-03-05 10:00:00
S00002049,M0221,SA0188,2504.71,2026-03-08 23:00:00
S00002050,M0221,SA0188,6794.02,2026-03-23 14:00:00
S00002051,M0221,SA0188,1218.28,2026-04-01 21:00:00
S00002052,M0222,SA0732,420.05,2026-02-03 12:00:00
S00002053,M0222,SA0732,1481.13,2026-03-17 21:00:00
S00002054,M0223,SA0545,5776.39,2026-01-07 10:00:00
S00002055,M0223,SA0545,6361.04,2026-01-10 08:00:00
S00002056,M0223,SA0545,1398.96,2026-01-22 11:00:00
S00002057,M0223,SA0545,1447.51,2026-01-26 02:00:00
S00002058,M0223,SA0545,2187.71,2026-02-03 16:00:00
S00002059,M0223,SA0545,1338.64,2026-02-28 02:00:00
S00002060,M0223,SA0545,560.39,2026-03-02 22:00:00
S00002061,M0223,SA0545,3062.25,2026-03-08 12:00:00
S00002062,M0223,SA0545,1006.39,2026-03-11 07:00:00
S00002063,M0223,SA0545,2197.4,2026-04-02 02:00:00
S00002064,M0224,SA0568,2898.65,2026-01-04 11:00:00
S00002065,M0224,SA0568,2397.09,2026-01-07 13:00:00
S00002066,M0224,SA0568,4767.05,2026-01-16 08:00:00
S00002067,M0224,SA0568,5599.84,2026-01-22 10:00:00
S00002068,M0224,SA0568,8283.29,2026-01-25 06:00:00
S00002069,M0224,SA0568,11251.6,2026-01-28 17:00:00
S00002070,M0224,SA0568,4509.93,2026-01-31 16:00:00
S00002071,M0224,SA0568,13431.95,2026-02-06 09:00:00
S00002072,M0224,SA0568,477.13,2026-02-15 06:00:00
S00002073,M0224,SA0568,2635.33,2026-02-21 07:00:00
S00002074,M0224,SA0568,5093.62,2026-02-25 02:00:00
S00002075,M0224,SA0568,2501.8,2026-03-05 09:00:00
S00002076,M0224,SA0568,1774.59,2026-03-09 01:00:00
S00002077,M0224,SA0568,2506.43,2026-03-11 05:00:00
S00002078,M0224,SA0568,2833.17,2026-03-17 12:00:00
S00002079,M0224,SA0568,1386.26,2026-03-20 18:00:00
S00002080,M0224,SA0568,6332.33,2026-03-29 07:00:00
S00002081,M0225,SA0695,778.91,2026-01-11 00:00:00
S00002082,M0225,SA0695,1367.58,2026-01-31 15:00:00
S00002083,M0225,SA0695,1103.99,2026-02-10 00:00:00
S00002084,M0225,SA0695,594.67,2026-03-08 14:00:00
S00002085,M0225,SA0695,1050.35,2026-03-14 17:00:00
S00002086,M0226,SA0692,6174.63,2026-01-07 21:00:00
S00002087,M0226,SA0692,811.0,2026-02-21 14:00:00
S00002088,M0226,SA0692,2634.82,2026-03-11 16:00:00
S00002089,M0226,SA0692,532.01,2026-03-17 11:00:00
S00002090,M0226,SA0692,871.88,2026-04-01 23:00:00
S00002091,M0227,SA0077,251.91,2026-02-18 22:00:00
S00002092,M0227,SA0077,2127.25,2026-03-30 03:00:00
S00002093,M0228,SA0467,1492.14,2026-01-05 01:00:00
S00002094,M0228,SA0467,860.4,2026-01-22 10:00:00
S00002095,M0228,SA0467,4769.6,2026-02-03 21:00:00
S00002096,M0228,SA0467,500.69,2026-03-02 13:00:00
S00002097,M0228,SA0467,584.01,2026-03-14 12:00:00
S00002098,M0228,SA0467,1163.12,2026-03-26 22:00:00
S00002099,M0229,SA0529,60507.58,2026-01-04 17:00:00
S00002100,M0229,SA0529,42983.79,2026-01-07 19:00:00
S00002101,M0229,SA0529,46985.58,2026-01-10 12:00:00
S00002102,M0229,SA0529,24623.35,2026-01-13 15:00:00
S00002103,M0229,SA0529,27318.93,2026-01-16 15:00:00
S00002104,M0229,SA0529,29730.74,2026-01-19 05:00:00
S00002105,M0229,SA0529,32884.14,2026-01-22 19:00:00
S00002106,M0229,SA0529,15921.21,2026-01-25 06:00:00
S00002107,M0229,SA0529,23470.08,2026-01-28 23:00:00
S00002108,M0229,SA0529,34465.51,2026-01-31 10:00:00
S00002109,M0229,SA0529,58519.31,2026-02-03 21:00:00
S00002110,M0229,SA0529,25910.47,2026-02-06 08:00:00
S00002111,M0229,SA0529,30025.49,2026-02-09 23:00:00
S00002112,M0229,SA0529,32749.98,2026-02-12 06:00:00
S00002113,M0229,SA0529,40733.38,2026-02-15 18:00:00
S00002114,M0229,SA0529,75663.43,2026-02-18 14:00:00
S00002115,M0229,SA0529,58638.88,2026-02-21 23:00:00
S00002116,M0229,SA0529,46455.41,2026-02-25 01:00:00
S00002117,M0229,SA0529,87365.76,2026-02-28 02:00:00
S00002118,M0229,SA0529,31619.76,2026-03-03 02:00:00
S00002119,M0229,SA0529,6947.57,2026-03-05 21:00:00
S00002120,M0229,SA0529,134430.11,2026-03-08 08:00:00
S00002121,M0229,SA0529,15537.5,2026-03-12 02:00:00
S00002122,M0229,SA0529,31282.87,2026-03-14 09:00:00
S00002123,M0229,SA0529,25087.3,2026-03-17 18:00:00
S00002124,M0229,SA0529,21379.48,2026-03-20 08:00:00
S00002125,M0229,SA0529,10960.81,2026-03-23 17:00:00
S00002126,M0229,SA0529,31597.23,2026-03-26 15:00:00
S00002127,M0229,SA0529,27554.73,2026-03-30 03:00:00
S00002128,M0229,SA0529,49213.34,2026-04-01 09:00:00
S00002129,M0230,SA0451,3329.14,2026-01-07 15:00:00
S00002130,M0230,SA0451,1689.36,2026-01-10 09:00:00
S00002131,M0230,SA0451,3387.24,2026-01-13 15:00:00
S00002132,M0230,SA0451,1566.58,2026-01-19 08:00:00
S00002133,M0230,SA0451,670.7,2026-01-22 20:00:00
S00002134,M0230,SA0451,3433.87,2026-01-26 03:00:00
S00002135,M0230,SA0451,2708.31,2026-01-29 01:00:00
S00002136,M0230,SA0451,2840.5,2026-01-31 10:00:00
S00002137,M0230,SA0451,1445.26,2026-02-18 23:00:00
S00002138,M0230,SA0451,1431.09,2026-02-27 17:00:00
S00002139,M0230,SA0451,1838.81,2026-03-02 06:00:00
S00002140,M0230,SA0451,1961.89,2026-03-08 10:00:00
S00002141,M0230,SA0451,1102.43,2026-03-11 04:00:00
S00002142,M0230,SA0451,1447.99,2026-03-14 13:00:00
S00002143,M0230,SA0451,1928.62,2026-03-26 20:00:00
S00002144,M0231,SA0015,1218.81,2026-01-16 17:00:00
S00002145,M0231,SA0015,1805.98,2026-01-19 05:00:00
S00002146,M0231,SA0015,1406.0,2026-01-29 03:00:00
S00002147,M0231,SA0015,1303.66,2026-01-31 15:00:00
S00002148,M0231,SA0015,2890.85,2026-02-06 06:00:00
S00002149,M0231,SA0015,764.6,2026-03-20 11:00:00
S00002150,M0231,SA0015,2381.01,2026-03-29 19:00:00
S00002151,M0232,SA0034,677.06,2026-01-04 21:00:00
S00002152,M0232,SA0034,2713.83,2026-02-21 11:00:00
S00002153,M0232,SA0034,621.1,2026-03-14 13:00:00
S00002154,M0233,SA0503,4350.46,2026-01-13 13:00:00
S00002155,M0233,SA0503,1283.6,2026-01-16 14:00:00
S00002156,M0233,SA0503,1692.39,2026-01-31 22:00:00
S00002157,M0233,SA0503,7670.35,2026-02-10 00:00:00
S00002158,M0233,SA0503,1939.61,2026-02-21 08:00:00
S00002159,M0233,SA0503,2395.22,2026-02-27 15:00:00
S00002160,M0233,SA0503,1781.62,2026-03-02 23:00:00
S00002161,M0233,SA0503,1463.2,2026-03-08 11:00:00
S00002162,M0233,SA0503,2097.32,2026-03-17 09:00:00
S00002163,M0234,SA0643,5791.91,2026-01-05 03:00:00
S00002164,M0234,SA0643,15435.78,2026-01-10 20:00:00
S00002165,M0234,SA0643,7315.69,2026-01-25 05:00:00
S00002166,M0234,SA0643,10704.93,2026-01-28 19:00:00
S00002167,M0234,SA0643,46591.07,2026-02-06 08:00:00
S00002168,M0234,SA0643,11368.47,2026-02-09 22:00:00
S00002169,M0234,SA0643,1517.53,2026-02-12 10:00:00
S00002170,M0234,SA0643,4982.5,2026-02-21 05:00:00
S00002171,M0234,SA0643,11060.81,2026-02-24 22:00:00
S00002172,M0234,SA0643,13969.71,2026-03-05 23:00:00
S00002173,M0234,SA0643,6901.35,2026-03-12 00:00:00
S00002174,M0234,SA0643,2203.21,2026-03-14 17:00:00
S00002175,M0235,SA0135,1249.05,2026-01-07 07:00:00
S00002176,M0235,SA0135,1989.53,2026-01-13 16:00:00
S00002177,M0235,SA0135,1064.35,2026-01-31 13:00:00
S00002178,M0235,SA0135,951.9,2026-02-15 22:00:00
S00002179,M0235,SA0135,2565.68,2026-02-19 02:00:00
S00002180,M0235,SA0135,3979.29,2026-02-21 05:00:00
S00002181,M0235,SA0135,3340.24,2026-03-14 17:00:00
S00002182,M0236,SA0035,1389.44,2026-01-07 11:00:00
S00002183,M0236,SA0035,1167.87,2026-01-13 16:00:00
S00002184,M0236,SA0035,295.91,2026-01-17 03:00:00
S00002185,M0236,SA0035,2759.95,2026-01-25 15:00:00
S00002186,M0236,SA0035,672.48,2026-01-31 19:00:00
S00002187,M0236,SA0035,3863.05,2026-02-15 23:00:00
S00002188,M0236,SA0035,2194.53,2026-02-18 16:00:00
S00002189,M0236,SA0035,5386.14,2026-03-02 18:00:00
S00002190,M0236,SA0035,959.36,2026-03-05 21:00:00
S00002191,M0236,SA0035,1012.8,2026-03-14 20:00:00
S00002192,M0236,SA0035,1996.59,2026-03-20 15:00:00
S00002193,M0236,SA0035,6449.04,2026-03-23 19:00:00
S00002194,M0237,SA0304,584.69,2026-02-24 19:00:00
S00002195,M0237,SA0304,1332.38,2026-03-29 15:00:00
S00002196,M0238,SA0236,6275.4,2026-01-13 19:00:00
S00002197,M0238,SA0236,3824.49,2026-01-19 08:00:00
S00002198,M0238,SA0236,11384.56,2026-01-25 22:00:00
S00002199,M0238,SA0236,4813.19,2026-03-11 13:00:00
S00002200,M0238,SA0236,2310.81,2026-03-29 16:00:00
S00002201,M0239,SA0738,1378.93,2026-01-07 19:00:00
S00002202,M0239,SA0738,806.25,2026-01-13 23:00:00
S00002203,M0239,SA0738,4357.68,2026-01-16 12:00:00
S00002204,M0239,SA0738,267.02,2026-01-19 22:00:00
S00002205,M0239,SA0738,844.87,2026-01-22 17:00:00
S00002206,M0239,SA0738,1160.95,2026-01-25 16:00:00
S00002207,M0239,SA0738,5185.37,2026-01-29 03:00:00
S00002208,M0239,SA0738,2785.26,2026-02-03 14:00:00
S00002209,M0239,SA0738,956.96,2026-02-12 08:00:00
S00002210,M0239,SA0738,5287.55,2026-02-18 10:00:00
S00002211,M0239,SA0738,1089.56,2026-02-24 20:00:00
S00002212,M0239,SA0738,1194.06,2026-02-27 21:00:00
S00002213,M0239,SA0738,1427.48,2026-03-02 14:00:00
S00002214,M0239,SA0738,592.64,2026-03-06 00:00:00
S00002215,M0239,SA0738,1138.84,2026-03-11 15:00:00
S00002216,M0239,SA0738,407.9,2026-03-23 18:00:00
S00002217,M0239,SA0738,3415.09,2026-03-26 14:00:00
S00002218,M0241,SA0419,1741.6,2026-01-04 10:00:00
S00002219,M0241,SA0419,1015.95,2026-01-11 03:00:00
S00002220,M0241,SA0419,3012.4,2026-01-14 03:00:00
S00002221,M0241,SA0419,10947.13,2026-01-16 04:00:00
S00002222,M0241,SA0419,5693.47,2026-01-19 05:00:00
S00002223,M0241,SA0419,860.5,2026-01-25 14:00:00
S00002224,M0241,SA0419,2200.99,2026-02-09 20:00:00
S00002225,M0241,SA0419,1624.66,2026-02-13 00:00:00
S00002226,M0241,SA0419,7836.19,2026-02-15 04:00:00
S00002227,M0241,SA0419,763.93,2026-03-06 02:00:00
S00002228,M0241,SA0419,7519.23,2026-03-20 13:00:00
S00002229,M0241,SA0419,3105.36,2026-03-29 16:00:00
S00002230,M0242,SA0666,1146.17,2026-01-04 08:00:00
S00002231,M0242,SA0666,12367.87,2026-01-19 10:00:00
S00002232,M0242,SA0666,5293.13,2026-01-25 08:00:00
S00002233,M0242,SA0666,4594.34,2026-02-21 12:00:00
S00002234,M0242,SA0666,19919.35,2026-03-02 06:00:00
S00002235,M0242,SA0666,6206.66,2026-03-11 19:00:00
S00002236,M0242,SA0666,3238.98,2026-03-20 23:00:00
S00002237,M0242,SA0666,1085.16,2026-03-23 04:00:00
S00002238,M0243,SA0108,6515.13,2026-01-28 09:00:00
S00002239,M0244,SA0076,1822.22,2026-01-04 19:00:00
S00002240,M0244,SA0076,2237.34,2026-01-13 04:00:00
S00002241,M0244,SA0076,1276.62,2026-02-01 00:00:00
S00002242,M0244,SA0076,2820.22,2026-02-06 21:00:00
S00002243,M0244,SA0076,1142.46,2026-02-16 00:00:00
S00002244,M0244,SA0076,584.51,2026-02-28 02:00:00
S00002245,M0244,SA0076,669.83,2026-03-09 00:00:00
S00002246,M0245,SA0336,16766.16,2026-01-04 19:00:00
S00002247,M0246,SA0358,1273.05,2026-01-04 04:00:00
S00002248,M0246,SA0358,6211.82,2026-01-07 12:00:00
S00002249,M0246,SA0358,3548.02,2026-01-10 16:00:00
S00002250,M0246,SA0358,4051.24,2026-01-13 20:00:00
S00002251,M0246,SA0358,2278.05,2026-01-23 02:00:00
S00002252,M0246,SA0358,3597.46,2026-01-25 16:00:00
S00002253,M0246,SA0358,843.68,2026-01-29 01:00:00
S00002254,M0246,SA0358,7201.0,2026-02-03 23:00:00
S00002255,M0246,SA0358,4652.31,2026-02-06 06:00:00
S00002256,M0246,SA0358,832.94,2026-02-09 06:00:00
S00002257,M0246,SA0358,1059.84,2026-02-12 19:00:00
S00002258,M0246,SA0358,2579.77,2026-02-15 20:00:00
S00002259,M0246,SA0358,2829.53,2026-02-19 02:00:00
S00002260,M0246,SA0358,911.42,2026-03-03 01:00:00
S00002261,M0246,SA0358,7411.98,2026-03-05 14:00:00
S00002262,M0246,SA0358,2111.46,2026-03-08 11:00:00
S00002263,M0246,SA0358,1769.3,2026-03-12 03:00:00
S00002264,M0246,SA0358,1308.14,2026-03-26 19:00:00
S00002265,M0246,SA0358,3530.83,2026-03-29 22:00:00
S00002266,M0246,SA0358,5294.45,2026-04-02 03:00:00
S00002267,M0247,SA0579,4758.5,2026-01-04 15:00:00
S00002268,M0247,SA0579,3166.81,2026-01-08 03:00:00
S00002269,M0247,SA0579,4094.8,2026-01-10 22:00:00
S00002270,M0247,SA0579,8539.53,2026-01-28 17:00:00
S00002271,M0247,SA0579,11874.82,2026-02-15 07:00:00
S00002272,M0247,SA0579,12437.71,2026-02-18 17:00:00
S00002273,M0247,SA0579,3192.11,2026-04-01 09:00:00
S00002274,M0248,SA0134,5427.06,2026-01-04 23:00:00
S00002275,M0248,SA0134,4497.71,2026-01-07 21:00:00
S00002276,M0248,SA0134,1039.92,2026-01-10 06:00:00
S00002277,M0248,SA0134,165.6,2026-01-13 16:00:00
S00002278,M0248,SA0134,1878.73,2026-01-16 07:00:00
S00002279,M0248,SA0134,1999.61,2026-01-19 19:00:00
S00002280,M0248,SA0134,1192.37,2026-01-22 22:00:00
S00002281,M0248,SA0134,1061.02,2026-01-25 15:00:00
S00002282,M0248,SA0134,2180.89,2026-01-28 17:00:00
S00002283,M0248,SA0134,869.9,2026-01-31 11:00:00
S00002284,M0248,SA0134,100.56,2026-02-06 09:00:00
S00002285,M0248,SA0134,495.75,2026-02-09 09:00:00
S00002286,M0248,SA0134,4028.62,2026-02-12 13:00:00
S00002287,M0248,SA0134,2138.01,2026-02-15 16:00:00
S00002288,M0248,SA0134,1754.09,2026-02-19 01:00:00
S00002289,M0248,SA0134,2642.04,2026-02-21 17:00:00
S00002290,M0248,SA0134,566.5,2026-02-25 03:00:00
S00002291,M0248,SA0134,3248.07,2026-02-27 05:00:00
S00002292,M0248,SA0134,201.56,2026-03-02 07:00:00
S00002293,M0248,SA0134,352.02,2026-03-05 13:00:00
S00002294,M0248,SA0134,1957.98,2026-03-08 15:00:00
S00002295,M0248,SA0134,1616.96,2026-03-11 12:00:00
S00002296,M0248,SA0134,1772.6,2026-03-15 02:00:00
S00002297,M0248,SA0134,1662.77,2026-03-17 13:00:00
S00002298,M0248,SA0134,1815.27,2026-03-20 07:00:00
S00002299,M0248,SA0134,5053.67,2026-03-23 07:00:00
S00002300,M0248,SA0134,1966.97,2026-03-26 08:00:00
S00002301,M0248,SA0134,474.14,2026-03-30 01:00:00
S00002302,M0248,SA0134,192.21,2026-04-01 15:00:00
S00002303,M0249,SA0146,1015.28,2026-01-04 16:00:00
S00002304,M0249,SA0146,178.72,2026-01-10 17:00:00
S00002305,M0249,SA0146,442.85,2026-01-14 02:00:00
S00002306,M0249,SA0146,3624.13,2026-01-17 03:00:00
S00002307,M0249,SA0146,410.36,2026-01-19 14:00:00
S00002308,M0249,SA0146,718.19,2026-01-22 08:00:00
S00002309,M0249,SA0146,494.17,2026-01-28 18:00:00
S00002310,M0249,SA0146,647.2,2026-02-06 12:00:00
S00002311,M0249,SA0146,308.08,2026-02-12 07:00:00
S00002312,M0249,SA0146,1863.48,2026-02-15 19:00:00
S00002313,M0249,SA0146,393.34,2026-02-18 21:00:00
S00002314,M0249,SA0146,218.17,2026-02-22 01:00:00
S00002315,M0249,SA0146,3102.03,2026-02-28 02:00:00
S00002316,M0249,SA0146,303.74,2026-03-03 02:00:00
S00002317,M0249,SA0146,593.7,2026-03-08 19:00:00
S00002318,M0249,SA0146,826.64,2026-03-11 14:00:00
S00002319,M0249,SA0146,402.18,2026-03-14 06:00:00
S00002320,M0249,SA0146,407.28,2026-03-17 06:00:00
S00002321,M0249,SA0146,546.76,2026-03-20 14:00:00
S00002322,M0249,SA0146,1398.8,2026-03-23 08:00:00
S00002323,M0249,SA0146,328.69,2026-03-26 16:00:00
S00002324,M0249,SA0146,1040.72,2026-03-29 17:00:00
S00002325,M0249,SA0146,580.58,2026-04-01 15:00:00
S00002326,M0250,SA0366,1202.37,2026-01-26 01:00:00
S00002327,M0250,SA0366,193.35,2026-02-24 10:00:00
S00002328,M0250,SA0366,352.94,2026-03-15 01:00:00
S00002329,M0250,SA0366,1958.44,2026-03-27 02:00:00
S00002330,M0251,SA0143,1584.03,2026-01-07 15:00:00
S00002331,M0251,SA0143,860.23,2026-02-18 06:00:00
S00002332,M0251,SA0143,2810.17,2026-03-23 12:00:00
S00002333,M0252,SA0077,1627.19,2026-01-19 07:00:00
S00002334,M0252,SA0077,1821.27,2026-01-22 18:00:00
S00002335,M0252,SA0077,1390.23,2026-02-15 08:00:00
S00002336,M0252,SA0077,951.49,2026-02-27 15:00:00
S00002337,M0252,SA0077,253.81,2026-03-11 16:00:00
S00002338,M0252,SA0077,7442.63,2026-03-17 19:00:00
S00002339,M0252,SA0077,1701.94,2026-03-30 00:00:00
S00002340,M0253,SA0454,404.15,2026-02-28 00:00:00
S00002341,M0254,SA0655,5678.9,2026-01-04 23:00:00
S00002342,M0254,SA0655,3949.63,2026-01-07 09:00:00
S00002343,M0254,SA0655,1075.16,2026-01-10 04:00:00
S00002344,M0254,SA0655,4960.51,2026-01-13 21:00:00
S00002345,M0254,SA0655,5111.86,2026-01-16 10:00:00
S00002346,M0254,SA0655,5076.87,2026-01-19 06:00:00
S00002347,M0254,SA0655,2823.57,2026-01-22 10:00:00
S00002348,M0254,SA0655,3569.98,2026-01-25 23:00:00
S00002349,M0254,SA0655,4545.85,2026-01-28 08:00:00
S00002350,M0254,SA0655,1132.87,2026-01-31 20:00:00
S00002351,M0254,SA0655,560.02,2026-02-03 08:00:00
S00002352,M0254,SA0655,1248.8,2026-02-06 11:00:00
S00002353,M0254,SA0655,3270.62,2026-02-10 00:00:00
S00002354,M0254,SA0655,5912.58,2026-02-12 10:00:00
S00002355,M0254,SA0655,10017.51,2026-02-16 03:00:00
S00002356,M0254,SA0655,1192.26,2026-02-19 02:00:00
S00002357,M0254,SA0655,3713.17,2026-02-21 13:00:00
S00002358,M0254,SA0655,1284.3,2026-02-24 10:00:00
S00002359,M0254,SA0655,5377.35,2026-02-27 14:00:00
S00002360,M0254,SA0655,7255.48,2026-03-02 08:00:00
S00002361,M0254,SA0655,2609.41,2026-03-05 12:00:00
S00002362,M0254,SA0655,7242.88,2026-03-09 03:00:00
S00002363,M0254,SA0655,10410.68,2026-03-17 15:00:00
S00002364,M0254,SA0655,2066.09,2026-03-20 14:00:00
S00002365,M0254,SA0655,3604.87,2026-03-26 18:00:00
S00002366,M0254,SA0655,1067.57,2026-03-29 09:00:00
S00002367,M0255,SA0053,10421.16,2026-01-25 19:00:00
S00002368,M0255,SA0053,22872.77,2026-01-29 01:00:00
S00002369,M0255,SA0053,1701.89,2026-03-11 05:00:00
S00002370,M0255,SA0053,4332.67,2026-04-01 13:00:00
S00002371,M0256,SA0421,1786.86,2026-01-04 05:00:00
S00002372,M0256,SA0421,5292.31,2026-01-07 12:00:00
S00002373,M0256,SA0421,28460.59,2026-01-10 18:00:00
S00002374,M0256,SA0421,2912.82,2026-01-17 01:00:00
S00002375,M0256,SA0421,2441.22,2026-01-19 15:00:00
S00002376,M0256,SA0421,6432.37,2026-01-22 17:00:00
S00002377,M0256,SA0421,885.16,2026-01-25 05:00:00
S00002378,M0256,SA0421,14729.73,2026-01-29 02:00:00
S00002379,M0256,SA0421,1495.25,2026-02-03 13:00:00
S00002380,M0256,SA0421,7562.89,2026-02-06 22:00:00
S00002381,M0256,SA0421,7334.24,2026-02-09 05:00:00
S00002382,M0256,SA0421,4790.68,2026-02-13 00:00:00
S00002383,M0256,SA0421,14480.95,2026-02-15 10:00:00
S00002384,M0256,SA0421,15290.83,2026-02-21 12:00:00
S00002385,M0256,SA0421,2500.26,2026-03-08 21:00:00
S00002386,M0256,SA0421,810.5,2026-03-17 05:00:00
S00002387,M0256,SA0421,4149.94,2026-03-20 11:00:00
S00002388,M0256,SA0421,8239.9,2026-03-29 16:00:00
S00002389,M0256,SA0421,11331.06,2026-04-01 10:00:00
S00002390,M0257,SA0721,5570.78,2026-02-01 03:00:00
S00002391,M0257,SA0721,1409.39,2026-02-06 15:00:00
S00002392,M0257,SA0721,5320.35,2026-02-12 14:00:00
S00002393,M0257,SA0721,3498.29,2026-02-15 22:00:00
S00002394,M0257,SA0721,7897.35,2026-02-25 03:00:00
S00002395,M0257,SA0721,820.75,2026-03-02 13:00:00
S00002396,M0257,SA0721,2469.32,2026-03-05 21:00:00
S00002397,M0257,SA0721,2370.89,2026-03-08 11:00:00
S00002398,M0257,SA0721,1290.7,2026-03-17 14:00:00
S00002399,M0258,SA0530,1618.92,2026-01-04 14:00:00
S00002400,M0258,SA0530,1006.75,2026-01-10 13:00:00
S00002401,M0258,SA0530,1036.99,2026-01-13 19:00:00
S00002402,M0258,SA0530,246.27,2026-01-22 21:00:00
S00002403,M0258,SA0530,995.36,2026-02-09 18:00:00
S00002404,M0258,SA0530,1486.52,2026-02-18 19:00:00
S00002405,M0258,SA0530,2826.25,2026-03-02 11:00:00
S00002406,M0258,SA0530,2973.02,2026-03-20 10:00:00
S00002407,M0258,SA0530,175.3,2026-03-26 12:00:00
S00002408,M0259,SA0138,1777.89,2026-01-10 21:00:00
S00002409,M0259,SA0138,1602.79,2026-01-13 18:00:00
S00002410,M0259,SA0138,300.0,2026-01-31 09:00:00
S00002411,M0259,SA0138,915.83,2026-02-12 08:00:00
S00002412,M0259,SA0138,1375.41,2026-02-24 18:00:00
S00002413,M0259,SA0138,331.87,2026-02-27 12:00:00
S00002414,M0259,SA0138,1066.51,2026-03-08 17:00:00
S00002415,M0259,SA0138,911.13,2026-03-11 19:00:00
S00002416,M0259,SA0138,812.2,2026-03-26 08:00:00
S00002417,M0259,SA0138,1671.67,2026-03-29 09:00:00
S00002418,M0260,SA0060,4696.06,2026-01-04 13:00:00
S00002419,M0260,SA0060,21641.45,2026-01-14 01:00:00
S00002420,M0260,SA0060,20294.86,2026-01-16 11:00:00
S00002421,M0260,SA0060,11234.11,2026-01-19 06:00:00
S00002422,M0260,SA0060,1150.98,2026-01-22 22:00:00
S00002423,M0260,SA0060,13781.37,2026-01-25 23:00:00
S00002424,M0260,SA0060,3295.65,2026-02-04 01:00:00
S00002425,M0260,SA0060,11188.63,2026-02-06 13:00:00
S00002426,M0260,SA0060,16397.86,2026-02-09 21:00:00
S00002427,M0260,SA0060,12276.67,2026-02-15 23:00:00
S00002428,M0260,SA0060,6853.07,2026-02-18 10:00:00
S00002429,M0260,SA0060,4903.28,2026-02-21 19:00:00
S00002430,M0260,SA0060,2156.59,2026-02-24 12:00:00
S00002431,M0260,SA0060,4029.86,2026-03-03 03:00:00
S00002432,M0260,SA0060,8036.71,2026-03-05 16:00:00
S00002433,M0260,SA0060,9740.15,2026-03-11 22:00:00
S00002434,M0260,SA0060,42923.62,2026-03-20 19:00:00
S00002435,M0260,SA0060,9415.93,2026-03-30 02:00:00
S00002436,M0260,SA0060,14580.67,2026-04-02 00:00:00
S00002437,M0261,SA0703,450.23,2026-01-07 04:00:00
S00002438,M0261,SA0703,2853.26,2026-01-10 16:00:00
S00002439,M0261,SA0703,3400.62,2026-01-13 22:00:00
S00002440,M0261,SA0703,2706.73,2026-01-26 00:00:00
S00002441,M0261,SA0703,1333.69,2026-02-03 07:00:00
S00002442,M0261,SA0703,2464.91,2026-02-15 21:00:00
S00002443,M0261,SA0703,2689.9,2026-03-11 08:00:00
S00002444,M0262,SA0304,1297.41,2026-03-11 16:00:00
S00002445,M0263,SA0707,6146.38,2026-01-04 18:00:00
S00002446,M0263,SA0707,4012.65,2026-01-07 08:00:00
S00002447,M0263,SA0707,860.16,2026-01-10 16:00:00
S00002448,M0263,SA0707,1534.93,2026-01-13 08:00:00
S00002449,M0263,SA0707,5915.46,2026-01-20 03:00:00
S00002450,M0263,SA0707,1972.36,2026-01-22 11:00:00
S00002451,M0263,SA0707,3731.87,2026-01-26 01:00:00
S00002452,M0263,SA0707,1200.06,2026-01-28 04:00:00
S00002453,M0263,SA0707,5506.92,2026-01-31 05:00:00
S00002454,M0263,SA0707,4131.48,2026-02-04 02:00:00
S00002455,M0263,SA0707,2330.66,2026-02-06 19:00:00
S00002456,M0263,SA0707,16664.11,2026-02-09 21:00:00
S00002457,M0263,SA0707,2838.84,2026-02-12 06:00:00
S00002458,M0263,SA0707,988.02,2026-02-15 14:00:00
S00002459,M0263,SA0707,792.94,2026-02-18 22:00:00
S00002460,M0263,SA0707,10885.51,2026-02-21 11:00:00
S00002461,M0263,SA0707,2250.33,2026-02-24 11:00:00
S00002462,M0263,SA0707,638.53,2026-02-27 13:00:00
S00002463,M0263,SA0707,3381.1,2026-03-05 07:00:00
S00002464,M0263,SA0707,2156.65,2026-03-08 19:00:00
S00002465,M0263,SA0707,2811.44,2026-03-11 09:00:00
S00002466,M0263,SA0707,545.58,2026-03-14 16:00:00
S00002467,M0263,SA0707,9229.77,2026-03-17 07:00:00
S00002468,M0263,SA0707,1533.84,2026-03-27 01:00:00
S00002469,M0263,SA0707,1011.62,2026-04-01 20:00:00
S00002470,M0264,SA0650,502.36,2026-02-03 22:00:00
S00002471,M0264,SA0650,1055.71,2026-03-05 04:00:00
S00002472,M0264,SA0650,770.81,2026-03-14 08:00:00
S00002473,M0264,SA0650,383.71,2026-03-17 11:00:00
S00002474,M0264,SA0650,1341.56,2026-03-26 14:00:00
S00002475,M0264,SA0650,2981.6,2026-03-29 11:00:00
S00002476,M0265,SA0602,1674.31,2026-02-07 03:00:00
S00002477,M0265,SA0602,1707.84,2026-02-09 08:00:00
S00002478,M0265,SA0602,7458.0,2026-04-02 03:00:00
S00002479,M0267,SA0064,5745.52,2026-01-07 20:00:00
S00002480,M0267,SA0064,3896.6,2026-01-16 18:00:00
S00002481,M0267,SA0064,2483.69,2026-01-19 04:00:00
S00002482,M0267,SA0064,221.68,2026-01-22 11:00:00
S00002483,M0267,SA0064,661.25,2026-02-03 08:00:00
S00002484,M0267,SA0064,4158.24,2026-02-21 17:00:00
S00002485,M0267,SA0064,705.15,2026-03-05 23:00:00
S00002486,M0267,SA0064,2305.02,2026-03-11 11:00:00
S00002487,M0267,SA0064,498.26,2026-03-14 21:00:00
S00002488,M0267,SA0064,3122.33,2026-03-17 05:00:00
S00002489,M0267,SA0064,434.77,2026-03-26 10:00:00
S00002490,M0267,SA0064,5859.12,2026-04-01 10:00:00
S00002491,M0268,SA0062,2955.78,2026-02-24 19:00:00
S00002492,M0268,SA0062,1793.93,2026-03-03 01:00:00
S00002493,M0268,SA0062,908.37,2026-03-06 02:00:00
S00002494,M0268,SA0062,786.81,2026-03-08 04:00:00
S00002495,M0268,SA0062,156.77,2026-03-21 02:00:00
S00002496,M0268,SA0062,1101.62,2026-03-29 17:00:00
S00002497,M0268,SA0062,4336.18,2026-04-01 19:00:00
S00002498,M0269,SA0165,230.6,2026-01-10 16:00:00
S00002499,M0269,SA0165,2110.62,2026-01-13 21:00:00
S00002500,M0269,SA0165,2385.34,2026-01-16 22:00:00
S00002501,M0269,SA0165,5980.05,2026-01-25 14:00:00
S00002502,M0269,SA0165,4108.56,2026-01-29 03:00:00
S00002503,M0269,SA0165,1063.97,2026-02-12 19:00:00
S00002504,M0269,SA0165,3437.96,2026-02-24 05:00:00
S00002505,M0270,SA0120,950.36,2026-01-25 15:00:00
S00002506,M0270,SA0120,750.59,2026-03-23 13:00:00
S00002507,M0270,SA0120,1178.43,2026-03-26 08:00:00
S00002508,M0271,SA0399,554.8,2026-01-22 04:00:00
S00002509,M0271,SA0399,1069.7,2026-01-31 09:00:00
S00002510,M0271,SA0399,509.11,2026-02-03 10:00:00
S00002511,M0271,SA0399,4459.48,2026-02-09 08:00:00
S00002512,M0271,SA0399,5393.78,2026-03-26 18:00:00
S00002513,M0272,SA0295,959.82,2026-01-25 21:00:00
S00002514,M0272,SA0295,2855.8,2026-02-21 08:00:00
S00002515,M0272,SA0295,5201.11,2026-03-05 13:00:00
S00002516,M0272,SA0295,3529.58,2026-03-11 20:00:00
S00002517,M0272,SA0295,5335.82,2026-03-18 03:00:00
S00002518,M0272,SA0295,18774.62,2026-03-23 09:00:00
S00002519,M0272,SA0295,10652.15,2026-03-29 16:00:00
S00002520,M0273,SA0574,1718.46,2026-01-10 13:00:00
S00002521,M0273,SA0574,1079.72,2026-01-16 11:00:00
S00002522,M0273,SA0574,472.09,2026-01-25 07:00:00
S00002523,M0273,SA0574,1383.27,2026-01-28 19:00:00
S00002524,M0273,SA0574,1608.72,2026-01-31 18:00:00
S00002525,M0273,SA0574,598.14,2026-02-03 20:00:00
S00002526,M0273,SA0574,725.82,2026-02-06 12:00:00
S00002527,M0273,SA0574,296.37,2026-02-09 15:00:00
S00002528,M0273,SA0574,745.24,2026-02-12 14:00:00
S00002529,M0273,SA0574,2749.41,2026-02-18 21:00:00
S00002530,M0273,SA0574,275.27,2026-02-22 02:00:00
S00002531,M0273,SA0574,993.15,2026-03-05 21:00:00
S00002532,M0273,SA0574,1024.11,2026-03-17 09:00:00
S00002533,M0273,SA0574,638.93,2026-03-23 18:00:00
S00002534,M0273,SA0574,1265.46,2026-03-29 16:00:00
S00002535,M0274,SA0077,16569.77,2026-01-07 10:00:00
S00002536,M0274,SA0077,2025.79,2026-01-16 23:00:00
S00002537,M0274,SA0077,9388.32,2026-01-19 21:00:00
S00002538,M0274,SA0077,5452.25,2026-01-22 13:00:00
S00002539,M0274,SA0077,6905.74,2026-01-26 00:00:00
S00002540,M0274,SA0077,12125.34,2026-01-28 18:00:00
S00002541,M0274,SA0077,6924.91,2026-02-06 14:00:00
S00002542,M0274,SA0077,35256.39,2026-02-09 12:00:00
S00002543,M0274,SA0077,3247.24,2026-02-15 18:00:00
S00002544,M0274,SA0077,9493.63,2026-02-21 04:00:00
S00002545,M0274,SA0077,10036.26,2026-02-24 05:00:00
S00002546,M0274,SA0077,13886.58,2026-03-03 02:00:00
S00002547,M0274,SA0077,20156.32,2026-03-06 00:00:00
S00002548,M0274,SA0077,36554.63,2026-03-08 07:00:00
S00002549,M0274,SA0077,14388.35,2026-03-11 22:00:00
S00002550,M0274,SA0077,24645.17,2026-03-17 15:00:00
S00002551,M0274,SA0077,5095.69,2026-03-20 18:00:00
S00002552,M0274,SA0077,10761.05,2026-03-26 17:00:00
S00002553,M0275,SA0546,2762.97,2026-01-19 05:00:00
S00002554,M0275,SA0546,3627.7,2026-01-22 21:00:00
S00002555,M0275,SA0546,2802.84,2026-03-21 03:00:00
S00002556,M0275,SA0546,859.08,2026-03-23 04:00:00
S00002557,M0276,SA0530,699.46,2026-01-04 16:00:00
S00002558,M0276,SA0530,418.48,2026-01-07 19:00:00
S00002559,M0276,SA0530,1884.74,2026-01-10 17:00:00
S00002560,M0276,SA0530,1771.36,2026-01-13 20:00:00
S00002561,M0276,SA0530,272.25,2026-01-16 17:00:00
S00002562,M0276,SA0530,789.93,2026-01-19 08:00:00
S00002563,M0276,SA0530,2545.76,2026-02-06 08:00:00
S00002564,M0276,SA0530,970.41,2026-02-12 12:00:00
S00002565,M0276,SA0530,2612.86,2026-02-19 00:00:00
S00002566,M0276,SA0530,604.37,2026-03-02 04:00:00
S00002567,M0276,SA0530,522.73,2026-03-17 13:00:00
S00002568,M0276,SA0530,562.68,2026-03-20 11:00:00
S00002569,M0276,SA0530,520.33,2026-03-30 01:00:00
S00002570,M0277,SA0098,650.54,2026-01-04 15:00:00
S00002571,M0277,SA0098,618.07,2026-01-07 22:00:00
S00002572,M0277,SA0098,840.96,2026-01-22 08:00:00
S00002573,M0277,SA0098,238.05,2026-01-25 12:00:00
S00002574,M0277,SA0098,1806.82,2026-02-06 06:00:00
S00002575,M0277,SA0098,1202.2,2026-02-10 03:00:00
S00002576,M0277,SA0098,2507.13,2026-03-11 12:00:00
S00002577,M0277,SA0098,505.21,2026-03-17 16:00:00
S00002578,M0277,SA0098,1022.86,2026-03-20 05:00:00
S00002579,M0277,SA0098,522.31,2026-04-01 15:00:00
S00002580,M0278,SA0403,883.28,2026-01-05 00:00:00
S00002581,M0278,SA0403,458.29,2026-01-07 15:00:00
S00002582,M0278,SA0403,4645.62,2026-01-11 01:00:00
S00002583,M0278,SA0403,2483.84,2026-01-13 17:00:00
S00002584,M0278,SA0403,733.89,2026-01-16 05:00:00
S00002585,M0278,SA0403,1245.6,2026-01-22 21:00:00
S00002586,M0278,SA0403,1728.44,2026-01-25 17:00:00
S00002587,M0278,SA0403,215.89,2026-01-28 12:00:00
S00002588,M0278,SA0403,168.35,2026-02-06 13:00:00
S00002589,M0278,SA0403,557.76,2026-02-21 12:00:00
S00002590,M0278,SA0403,1910.76,2026-02-24 04:00:00
S00002591,M0278,SA0403,297.7,2026-03-03 03:00:00
S00002592,M0278,SA0403,298.72,2026-03-05 20:00:00
S00002593,M0278,SA0403,448.18,2026-03-08 11:00:00
S00002594,M0278,SA0403,694.91,2026-03-14 13:00:00
S00002595,M0278,SA0403,807.38,2026-03-17 19:00:00
S00002596,M0278,SA0403,1798.51,2026-03-21 02:00:00
S00002597,M0278,SA0403,1517.46,2026-03-23 20:00:00
S00002598,M0278,SA0403,580.22,2026-03-26 10:00:00
S00002599,M0279,SA0076,775.87,2026-01-16 10:00:00
S00002600,M0279,SA0076,968.03,2026-01-26 01:00:00
S00002601,M0279,SA0076,1662.48,2026-01-28 13:00:00
S00002602,M0279,SA0076,1613.34,2026-02-01 01:00:00
S00002603,M0279,SA0076,776.95,2026-02-03 20:00:00
S00002604,M0279,SA0076,5150.16,2026-02-24 20:00:00
S00002605,M0279,SA0076,1444.39,2026-03-05 05:00:00
S00002606,M0279,SA0076,217.71,2026-03-08 05:00:00
S00002607,M0279,SA0076,6531.36,2026-03-26 22:00:00
S00002608,M0279,SA0076,3236.22,2026-03-29 11:00:00
S00002609,M0279,SA0076,2068.71,2026-04-02 03:00:00
S00002610,M0280,SA0072,1457.37,2026-01-16 20:00:00
S00002611,M0280,SA0072,1433.44,2026-01-19 18:00:00
S00002612,M0280,SA0072,1726.26,2026-02-03 05:00:00
S00002613,M0280,SA0072,1701.94,2026-02-15 09:00:00
S00002614,M0280,SA0072,2085.8,2026-03-20 18:00:00
S00002615,M0281,SA0220,2433.86,2026-01-31 20:00:00
S00002616,M0281,SA0220,969.75,2026-02-06 17:00:00
S00002617,M0281,SA0220,486.46,2026-02-09 10:00:00
S00002618,M0281,SA0220,285.41,2026-03-02 23:00:00
S00002619,M0281,SA0220,544.86,2026-03-05 18:00:00
S00002620,M0281,SA0220,1154.59,2026-03-08 05:00:00
S00002621,M0281,SA0220,635.63,2026-03-11 04:00:00
S00002622,M0281,SA0220,943.27,2026-03-14 13:00:00
S00002623,M0281,SA0220,568.3,2026-03-20 21:00:00
S00002624,M0281,SA0220,532.75,2026-04-01 04:00:00
S00002625,M0282,SA0592,2977.56,2026-01-07 19:00:00
S00002626,M0282,SA0592,1804.57,2026-03-02 05:00:00
S00002627,M0282,SA0592,8782.02,2026-03-11 22:00:00
S00002628,M0283,SA0652,4043.97,2026-01-16 10:00:00
S00002629,M0283,SA0652,9107.58,2026-01-28 23:00:00
S00002630,M0283,SA0652,2082.98,2026-03-26 11:00:00
S00002631,M0284,SA0277,606.92,2026-03-17 19:00:00
S00002632,M0285,SA0080,13278.49,2026-01-13 04:00:00
S00002633,M0285,SA0080,7865.81,2026-01-25 21:00:00
S00002634,M0285,SA0080,4198.92,2026-02-09 13:00:00
S00002635,M0285,SA0080,14918.97,2026-02-15 09:00:00
S00002636,M0285,SA0080,9598.33,2026-02-18 21:00:00
S00002637,M0285,SA0080,5623.01,2026-02-21 05:00:00
S00002638,M0285,SA0080,13943.95,2026-02-27 04:00:00
S00002639,M0285,SA0080,7983.64,2026-03-27 01:00:00
S00002640,M0286,SA0666,1140.73,2026-01-10 20:00:00
S00002641,M0286,SA0666,2960.89,2026-01-13 08:00:00
S00002642,M0286,SA0666,3410.97,2026-01-16 21:00:00
S00002643,M0286,SA0666,1865.86,2026-01-22 09:00:00
S00002644,M0286,SA0666,3525.69,2026-01-26 02:00:00
S00002645,M0286,SA0666,1797.95,2026-01-28 13:00:00
S00002646,M0286,SA0666,785.41,2026-01-31 05:00:00
S00002647,M0286,SA0666,1997.52,2026-02-03 12:00:00
S00002648,M0286,SA0666,552.93,2026-02-06 12:00:00
S00002649,M0286,SA0666,1576.13,2026-02-09 10:00:00
S00002650,M0286,SA0666,1482.74,2026-02-12 18:00:00
S00002651,M0286,SA0666,1374.58,2026-02-15 11:00:00
S00002652,M0286,SA0666,2832.1,2026-02-18 18:00:00
S00002653,M0286,SA0666,243.78,2026-02-22 03:00:00
S00002654,M0286,SA0666,1160.82,2026-02-24 18:00:00
S00002655,M0286,SA0666,199.52,2026-02-27 13:00:00
S00002656,M0286,SA0666,1418.28,2026-03-02 05:00:00
S00002657,M0286,SA0666,230.69,2026-03-05 04:00:00
S00002658,M0286,SA0666,1135.28,2026-03-08 23:00:00
S00002659,M0286,SA0666,419.06,2026-03-11 23:00:00
S00002660,M0286,SA0666,1927.85,2026-03-14 10:00:00
S00002661,M0286,SA0666,371.44,2026-03-17 04:00:00
S00002662,M0286,SA0666,1343.18,2026-03-21 00:00:00
S00002663,M0286,SA0666,302.4,2026-03-23 19:00:00
S00002664,M0286,SA0666,1651.21,2026-03-29 12:00:00
S00002665,M0286,SA0666,352.97,2026-04-01 18:00:00
S00002666,M0287,SA0633,1331.6,2026-01-22 05:00:00
S00002667,M0287,SA0633,1408.81,2026-01-28 19:00:00
S00002668,M0287,SA0633,967.72,2026-02-21 16:00:00
S00002669,M0287,SA0633,510.35,2026-03-11 19:00:00
S00002670,M0288,SA0428,3068.64,2026-01-05 03:00:00
S00002671,M0288,SA0428,1548.42,2026-01-11 01:00:00
S00002672,M0288,SA0428,728.16,2026-01-16 07:00:00
S00002673,M0288,SA0428,376.59,2026-01-29 01:00:00
S00002674,M0288,SA0428,309.84,2026-02-06 23:00:00
S00002675,M0288,SA0428,866.89,2026-02-12 05:00:00
S00002676,M0288,SA0428,596.98,2026-02-15 21:00:00
S00002677,M0288,SA0428,2304.41,2026-02-18 08:00:00
S00002678,M0288,SA0428,162.88,2026-02-21 16:00:00
S00002679,M0288,SA0428,571.6,2026-02-27 07:00:00
S00002680,M0288,SA0428,1363.24,2026-03-11 15:00:00
S00002681,M0288,SA0428,580.97,2026-03-17 23:00:00
S00002682,M0288,SA0428,251.21,2026-03-20 15:00:00
S00002683,M0288,SA0428,861.44,2026-04-01 12:00:00
S00002684,M0289,SA0323,2064.11,2026-01-04 15:00:00
S00002685,M0289,SA0323,2025.06,2026-01-07 08:00:00
S00002686,M0289,SA0323,1949.71,2026-01-10 13:00:00
S00002687,M0289,SA0323,1584.83,2026-01-13 10:00:00
S00002688,M0289,SA0323,2508.82,2026-01-16 09:00:00
S00002689,M0289,SA0323,5285.22,2026-01-19 21:00:00
S00002690,M0289,SA0323,5661.57,2026-01-22 08:00:00
S00002691,M0289,SA0323,1261.13,2026-01-25 22:00:00
S00002692,M0289,SA0323,6399.55,2026-01-28 20:00:00
S00002693,M0289,SA0323,3863.87,2026-01-31 09:00:00
S00002694,M0289,SA0323,1338.66,2026-02-03 19:00:00
S00002695,M0289,SA0323,4296.28,2026-02-06 16:00:00
S00002696,M0289,SA0323,2926.67,2026-02-09 07:00:00
S00002697,M0289,SA0323,4322.21,2026-02-12 08:00:00
S00002698,M0289,SA0323,3760.85,2026-02-15 16:00:00
S00002699,M0289,SA0323,2497.94,2026-02-18 23:00:00
S00002700,M0289,SA0323,2099.85,2026-02-21 12:00:00
S00002701,M0289,SA0323,7399.48,2026-02-24 15:00:00
S00002702,M0289,SA0323,3067.25,2026-02-28 01:00:00
S00002703,M0289,SA0323,4237.21,2026-03-02 19:00:00
S00002704,M0289,SA0323,1699.27,2026-03-05 11:00:00
S00002705,M0289,SA0323,4440.0,2026-03-08 22:00:00
S00002706,M0289,SA0323,1525.52,2026-03-11 10:00:00
S00002707,M0289,SA0323,2744.05,2026-03-14 08:00:00
S00002708,M0289,SA0323,2387.01,2026-03-17 21:00:00
S00002709,M0289,SA0323,3585.04,2026-03-20 17:00:00
S00002710,M0289,SA0323,1077.97,2026-03-23 11:00:00
S00002711,M0289,SA0323,4424.09,2026-03-26 08:00:00
S00002712,M0289,SA0323,6823.76,2026-03-29 22:00:00
S00002713,M0289,SA0323,1612.27,2026-04-01 20:00:00
S00002714,M0290,SA0011,522.86,2026-01-31 09:00:00
S00002715,M0290,SA0011,687.42,2026-02-03 06:00:00
S00002716,M0290,SA0011,838.36,2026-02-09 15:00:00
S00002717,M0290,SA0011,583.96,2026-02-12 19:00:00
S00002718,M0290,SA0011,1309.22,2026-02-18 13:00:00
S00002719,M0290,SA0011,584.69,2026-02-24 11:00:00
S00002720,M0290,SA0011,1596.67,2026-02-27 23:00:00
S00002721,M0290,SA0011,587.96,2026-03-11 06:00:00
S00002722,M0290,SA0011,1158.32,2026-03-23 05:00:00
S00002723,M0291,SA0588,1245.39,2026-01-10 04:00:00
S00002724,M0291,SA0588,520.87,2026-01-22 18:00:00
S00002725,M0291,SA0588,3212.22,2026-01-28 12:00:00
S00002726,M0291,SA0588,1903.18,2026-01-31 07:00:00
S00002727,M0291,SA0588,2375.05,2026-02-09 14:00:00
S00002728,M0291,SA0588,4540.95,2026-02-12 06:00:00
S00002729,M0291,SA0588,1982.77,2026-03-02 18:00:00
S00002730,M0291,SA0588,3269.67,2026-03-20 10:00:00
S00002731,M0291,SA0588,5324.79,2026-03-23 17:00:00
S00002732,M0291,SA0588,977.06,2026-04-01 12:00:00
S00002733,M0292,SA0350,643.18,2026-02-03 12:00:00
S00002734,M0292,SA0350,3892.55,2026-02-18 22:00:00
S00002735,M0292,SA0350,1362.01,2026-02-27 22:00:00
S00002736,M0292,SA0350,820.76,2026-03-14 06:00:00
S00002737,M0293,SA0409,1058.87,2026-01-10 15:00:00
S00002738,M0293,SA0409,1781.55,2026-01-16 11:00:00
S00002739,M0293,SA0409,2374.26,2026-01-28 22:00:00
S00002740,M0293,SA0409,2546.32,2026-01-31 23:00:00
S00002741,M0293,SA0409,1577.65,2026-02-06 15:00:00
S00002742,M0293,SA0409,510.1,2026-02-09 13:00:00
S00002743,M0293,SA0409,1444.75,2026-02-24 18:00:00
S00002744,M0293,SA0409,3681.31,2026-02-27 15:00:00
S00002745,M0293,SA0409,1118.73,2026-03-29 20:00:00
S00002746,M0293,SA0409,1899.18,2026-04-01 17:00:00
S00002747,M0294,SA0633,854.66,2026-02-19 02:00:00
S00002748,M0294,SA0633,1677.12,2026-03-05 18:00:00
S00002749,M0294,SA0633,896.98,2026-03-08 09:00:00
S00002750,M0294,SA0633,8564.93,2026-03-17 09:00:00
S00002751,M0295,SA0422,6094.27,2026-01-04 07:00:00
S00002752,M0295,SA0422,3187.67,2026-01-31 20:00:00
S00002753,M0295,SA0422,410.84,2026-02-06 12:00:00
S00002754,M0295,SA0422,5333.42,2026-03-05 05:00:00
S00002755,M0295,SA0422,4308.47,2026-03-15 00:00:00
S00002756,M0295,SA0422,1784.19,2026-03-29 22:00:00
S00002757,M0296,SA0441,9343.09,2026-01-04 09:00:00
S00002758,M0296,SA0441,12056.52,2026-01-07 13:00:00
S00002759,M0296,SA0441,15161.3,2026-01-10 23:00:00
S00002760,M0296,SA0441,1446.96,2026-01-25 09:00:00
S00002761,M0296,SA0441,2459.21,2026-01-28 06:00:00
S00002762,M0296,SA0441,2344.66,2026-02-06 16:00:00
S00002763,M0296,SA0441,2786.71,2026-02-10 03:00:00
S00002764,M0296,SA0441,7280.55,2026-02-12 08:00:00
S00002765,M0296,SA0441,7496.6,2026-02-18 12:00:00
S00002766,M0296,SA0441,3577.47,2026-02-24 16:00:00
S00002767,M0296,SA0441,1995.96,2026-02-27 14:00:00
S00002768,M0296,SA0441,2310.96,2026-03-02 04:00:00
S00002769,M0296,SA0441,1361.69,2026-03-08 11:00:00
S00002770,M0296,SA0441,1044.4,2026-03-12 02:00:00
S00002771,M0296,SA0441,2963.56,2026-03-14 11:00:00
S00002772,M0296,SA0441,3306.85,2026-03-17 18:00:00
S00002773,M0296,SA0441,3329.44,2026-03-20 18:00:00
S00002774,M0296,SA0441,1601.83,2026-03-23 17:00:00
S00002775,M0296,SA0441,6199.74,2026-04-01 12:00:00
S00002776,M0297,SA0666,8984.61,2026-01-04 18:00:00
S00002777,M0297,SA0666,4665.38,2026-01-07 06:00:00
S00002778,M0297,SA0666,15244.88,2026-01-11 01:00:00
S00002779,M0297,SA0666,1687.0,2026-01-13 19:00:00
S00002780,M0297,SA0666,17000.47,2026-01-16 20:00:00
S00002781,M0297,SA0666,9759.76,2026-01-20 02:00:00
S00002782,M0297,SA0666,3581.34,2026-01-22 14:00:00
S00002783,M0297,SA0666,7497.13,2026-01-25 17:00:00
S00002784,M0297,SA0666,10225.98,2026-01-29 03:00:00
S00002785,M0297,SA0666,3404.7,2026-01-31 17:00:00
S00002786,M0297,SA0666,12685.58,2026-02-03 17:00:00
S00002787,M0297,SA0666,16020.53,2026-02-07 00:00:00
S00002788,M0297,SA0666,1056.81,2026-02-09 11:00:00
S00002789,M0297,SA0666,5747.48,2026-02-13 03:00:00
S00002790,M0297,SA0666,8328.26,2026-02-15 10:00:00
S00002791,M0297,SA0666,8992.27,2026-02-18 18:00:00
S00002792,M0297,SA0666,2540.8,2026-02-21 23:00:00
S00002793,M0297,SA0666,8255.06,2026-02-25 01:00:00
S00002794,M0297,SA0666,761.16,2026-02-27 22:00:00
S00002795,M0297,SA0666,5578.8,2026-03-02 16:00:00
S00002796,M0297,SA0666,1361.43,2026-03-05 05:00:00
S00002797,M0297,SA0666,7167.08,2026-03-09 00:00:00
S00002798,M0297,SA0666,18939.99,2026-03-11 19:00:00
S00002799,M0297,SA0666,1464.06,2026-03-14 14:00:00
S00002800,M0297,SA0666,4488.19,2026-03-17 04:00:00
S00002801,M0297,SA0666,5875.86,2026-03-20 19:00:00
S00002802,M0297,SA0666,7066.32,2026-03-24 03:00:00
S00002803,M0297,SA0666,5043.85,2026-03-26 06:00:00
S00002804,M0297,SA0666,6841.9,2026-03-29 21:00:00
S00002805,M0297,SA0666,10804.61,2026-04-01 14:00:00
S00002806,M0298,SA0257,5677.98,2026-02-18 11:00:00
S00002807,M0298,SA0257,1154.09,2026-03-14 12:00:00
S00002808,M0298,SA0257,3689.56,2026-03-23 21:00:00
S00002809,M0299,SA0693,2177.34,2026-01-19 22:00:00
S00002810,M0299,SA0693,1140.95,2026-01-25 04:00:00
S00002811,M0299,SA0693,7255.36,2026-02-04 00:00:00
S00002812,M0300,SA0482,2508.89,2026-01-29 00:00:00
S00002813,M0300,SA0482,4117.91,2026-03-17 06:00:00
S00002814,M0300,SA0482,14633.1,2026-03-23 22:00:00
S00002815,M0301,SA0571,3613.54,2026-01-10 13:00:00
S00002816,M0301,SA0571,2356.92,2026-01-19 08:00:00
S00002817,M0301,SA0571,17759.88,2026-01-25 23:00:00
S00002818,M0301,SA0571,952.05,2026-01-31 21:00:00
S00002819,M0301,SA0571,763.01,2026-02-12 21:00:00
S00002820,M0301,SA0571,1010.04,2026-02-18 06:00:00
S00002821,M0301,SA0571,13093.06,2026-02-21 14:00:00
S00002822,M0301,SA0571,8684.0,2026-03-02 22:00:00
S00002823,M0301,SA0571,5817.09,2026-03-09 00:00:00
S00002824,M0301,SA0571,9695.92,2026-03-11 20:00:00
S00002825,M0301,SA0571,5712.72,2026-03-14 23:00:00
S00002826,M0302,SA0171,2470.55,2026-01-07 23:00:00
S00002827,M0302,SA0171,3572.68,2026-01-10 22:00:00
S00002828,M0302,SA0171,2439.0,2026-01-13 08:00:00
S00002829,M0302,SA0171,4562.22,2026-01-16 09:00:00
S00002830,M0302,SA0171,798.0,2026-01-20 00:00:00
S00002831,M0302,SA0171,1070.06,2026-01-22 07:00:00
S00002832,M0302,SA0171,617.92,2026-01-25 14:00:00
S00002833,M0302,SA0171,1300.3,2026-01-29 01:00:00
S00002834,M0302,SA0171,1569.79,2026-02-06 06:00:00
S00002835,M0302,SA0171,197.57,2026-02-10 01:00:00
S00002836,M0302,SA0171,449.96,2026-02-15 18:00:00
S00002837,M0302,SA0171,1933.71,2026-02-18 19:00:00
S00002838,M0302,SA0171,764.98,2026-02-21 06:00:00
S00002839,M0302,SA0171,2117.36,2026-03-02 19:00:00
S00002840,M0302,SA0171,991.7,2026-03-05 05:00:00
S00002841,M0302,SA0171,2011.89,2026-03-09 01:00:00
S00002842,M0302,SA0171,4545.7,2026-03-11 20:00:00
S00002843,M0302,SA0171,1271.1,2026-03-17 11:00:00
S00002844,M0302,SA0171,622.01,2026-03-20 11:00:00
S00002845,M0302,SA0171,1517.18,2026-03-26 13:00:00
S00002846,M0302,SA0171,1255.21,2026-03-29 07:00:00
S00002847,M0303,SA0072,5326.06,2026-01-04 16:00:00
S00002848,M0303,SA0072,2625.99,2026-01-07 17:00:00
S00002849,M0303,SA0072,5319.82,2026-01-10 06:00:00
S00002850,M0303,SA0072,4100.6,2026-01-13 05:00:00
S00002851,M0303,SA0072,3118.41,2026-01-17 02:00:00
S00002852,M0303,SA0072,4424.26,2026-01-20 01:00:00
S00002853,M0303,SA0072,6407.62,2026-01-22 23:00:00
S00002854,M0303,SA0072,9588.87,2026-01-25 10:00:00
S00002855,M0303,SA0072,8344.29,2026-01-29 00:00:00
S00002856,M0303,SA0072,5779.47,2026-01-31 21:00:00
S00002857,M0303,SA0072,4647.07,2026-02-03 07:00:00
S00002858,M0303,SA0072,6444.34,2026-02-06 11:00:00
S00002859,M0303,SA0072,6779.31,2026-02-09 06:00:00
S00002860,M0303,SA0072,6943.25,2026-02-12 10:00:00
S00002861,M0303,SA0072,2401.79,2026-02-15 23:00:00
S00002862,M0303,SA0072,4550.54,2026-02-18 18:00:00
S00002863,M0303,SA0072,4330.5,2026-02-21 17:00:00
S00002864,M0303,SA0072,8186.91,2026-02-24 23:00:00
S00002865,M0303,SA0072,3830.23,2026-02-27 18:00:00
S00002866,M0303,SA0072,5183.17,2026-03-02 18:00:00
S00002867,M0303,SA0072,4105.03,2026-03-05 21:00:00
S00002868,M0303,SA0072,2572.06,2026-03-08 21:00:00
S00002869,M0303,SA0072,19664.18,2026-03-11 09:00:00
S00002870,M0303,SA0072,2578.15,2026-03-14 18:00:00
S00002871,M0303,SA0072,4047.59,2026-03-17 09:00:00
S00002872,M0303,SA0072,10741.17,2026-03-20 18:00:00
S00002873,M0303,SA0072,3121.12,2026-03-24 03:00:00
S00002874,M0303,SA0072,6202.7,2026-03-26 14:00:00
S00002875,M0303,SA0072,2684.59,2026-03-29 04:00:00
S00002876,M0303,SA0072,21365.59,2026-04-02 00:00:00
S00002877,M0304,SA0421,338.62,2026-01-04 20:00:00
S00002878,M0304,SA0421,2642.25,2026-01-08 00:00:00
S00002879,M0304,SA0421,183.83,2026-01-10 04:00:00
S00002880,M0304,SA0421,858.92,2026-01-13 13:00:00
S00002881,M0304,SA0421,153.99,2026-01-16 20:00:00
S00002882,M0304,SA0421,698.83,2026-02-16 00:00:00
S00002883,M0304,SA0421,377.84,2026-02-18 23:00:00
S00002884,M0304,SA0421,1442.87,2026-02-21 11:00:00
S00002885,M0304,SA0421,868.16,2026-02-24 14:00:00
S00002886,M0304,SA0421,1118.77,2026-03-02 18:00:00
S00002887,M0304,SA0421,1283.03,2026-03-08 14:00:00
S00002888,M0304,SA0421,156.66,2026-03-14 20:00:00
S00002889,M0304,SA0421,1543.68,2026-03-20 12:00:00
S00002890,M0304,SA0421,93.93,2026-03-23 07:00:00
S00002891,M0304,SA0421,1852.71,2026-03-29 16:00:00
S00002892,M0305,SA0079,1352.5,2026-01-16 07:00:00
S00002893,M0305,SA0079,1624.66,2026-01-22 04:00:00
S00002894,M0305,SA0079,3228.93,2026-01-28 15:00:00
S00002895,M0305,SA0079,1652.29,2026-01-31 05:00:00
S00002896,M0305,SA0079,2325.33,2026-02-09 12:00:00
S00002897,M0305,SA0079,1373.51,2026-03-09 02:00:00
S00002898,M0305,SA0079,4371.58,2026-03-17 06:00:00
S00002899,M0306,SA0191,1804.54,2026-01-07 06:00:00
S00002900,M0306,SA0191,852.13,2026-01-10 16:00:00
S00002901,M0306,SA0191,182.83,2026-01-13 06:00:00
S00002902,M0306,SA0191,804.28,2026-01-19 09:00:00
S00002903,M0306,SA0191,202.01,2026-01-26 02:00:00
S00002904,M0306,SA0191,714.6,2026-02-03 13:00:00
S00002905,M0306,SA0191,1159.55,2026-02-09 07:00:00
S00002906,M0306,SA0191,1434.01,2026-02-12 21:00:00
S00002907,M0306,SA0191,481.43,2026-03-02 15:00:00
S00002908,M0306,SA0191,2195.88,2026-03-11 14:00:00
S00002909,M0306,SA0191,831.16,2026-03-17 23:00:00
S00002910,M0306,SA0191,1587.75,2026-03-20 04:00:00
S00002911,M0306,SA0191,1279.31,2026-03-23 06:00:00
S00002912,M0306,SA0191,2228.34,2026-03-29 16:00:00
S00002913,M0306,SA0191,12641.27,2026-04-01 05:00:00
S00002914,M0307,SA0684,451.9,2026-01-07 09:00:00
S00002915,M0307,SA0684,596.82,2026-01-25 21:00:00
S00002916,M0307,SA0684,721.43,2026-02-12 06:00:00
S00002917,M0307,SA0684,300.56,2026-02-27 15:00:00
S00002918,M0307,SA0684,476.68,2026-03-02 11:00:00
S00002919,M0307,SA0684,338.2,2026-03-17 13:00:00
S00002920,M0307,SA0684,572.43,2026-03-20 07:00:00
S00002921,M0308,SA0429,11492.77,2026-01-07 06:00:00
S00002922,M0308,SA0429,7666.32,2026-01-19 07:00:00
S00002923,M0308,SA0429,14400.53,2026-01-23 03:00:00
S00002924,M0308,SA0429,9296.47,2026-02-06 19:00:00
S00002925,M0308,SA0429,3537.49,2026-02-10 02:00:00
S00002926,M0308,SA0429,8858.53,2026-02-18 20:00:00
S00002927,M0308,SA0429,9202.42,2026-02-24 20:00:00
S00002928,M0308,SA0429,8462.54,2026-02-27 16:00:00
S00002929,M0308,SA0429,6146.61,2026-03-02 23:00:00
S00002930,M0308,SA0429,2407.51,2026-03-11 23:00:00
S00002931,M0308,SA0429,2218.59,2026-03-14 10:00:00
S00002932,M0308,SA0429,2892.25,2026-03-27 03:00:00
S00002933,M0309,SA0581,6645.99,2026-01-07 16:00:00
S00002934,M0309,SA0581,1532.49,2026-02-09 16:00:00
S00002935,M0309,SA0581,3933.72,2026-02-21 09:00:00
S00002936,M0309,SA0581,993.36,2026-02-27 18:00:00
S00002937,M0309,SA0581,5831.1,2026-03-08 06:00:00
S00002938,M0309,SA0581,2954.98,2026-03-11 04:00:00
S00002939,M0309,SA0581,306.45,2026-03-17 08:00:00
S00002940,M0309,SA0581,860.06,2026-03-26 20:00:00
S00002941,M0310,SA0129,1121.01,2026-01-10 10:00:00
S00002942,M0311,SA0164,501.0,2026-01-28 20:00:00
S00002943,M0311,SA0164,1820.57,2026-02-07 01:00:00
S00002944,M0311,SA0164,798.68,2026-03-08 10:00:00
S00002945,M0311,SA0164,1007.98,2026-03-12 02:00:00
S00002946,M0311,SA0164,1574.37,2026-03-14 10:00:00
S00002947,M0311,SA0164,3113.75,2026-04-01 05:00:00
S00002948,M0312,SA0706,679.49,2026-01-13 06:00:00
S00002949,M0312,SA0706,783.33,2026-01-19 15:00:00
S00002950,M0312,SA0706,1798.05,2026-02-06 15:00:00
S00002951,M0312,SA0706,297.63,2026-02-09 20:00:00
S00002952,M0312,SA0706,160.44,2026-02-18 17:00:00
S00002953,M0312,SA0706,255.27,2026-02-27 23:00:00
S00002954,M0312,SA0706,1064.97,2026-03-05 13:00:00
S00002955,M0312,SA0706,289.28,2026-03-09 03:00:00
S00002956,M0312,SA0706,1489.13,2026-03-29 10:00:00
S00002957,M0312,SA0706,597.0,2026-04-01 09:00:00
S00002958,M0313,SA0316,2070.27,2026-01-04 10:00:00
S00002959,M0313,SA0316,36406.16,2026-01-07 23:00:00
S00002960,M0313,SA0316,1773.12,2026-01-11 00:00:00
S00002961,M0313,SA0316,2928.66,2026-01-13 11:00:00
S00002962,M0313,SA0316,3021.14,2026-01-16 11:00:00
S00002963,M0313,SA0316,8782.84,2026-01-23 03:00:00
S00002964,M0313,SA0316,5578.97,2026-02-06 14:00:00
S00002965,M0313,SA0316,3666.59,2026-02-10 02:00:00
S00002966,M0313,SA0316,70290.95,2026-02-12 09:00:00
S00002967,M0313,SA0316,11367.37,2026-02-15 14:00:00
S00002968,M0313,SA0316,5131.48,2026-02-19 00:00:00
S00002969,M0313,SA0316,1697.02,2026-02-21 20:00:00
S00002970,M0313,SA0316,7149.92,2026-03-02 22:00:00
S00002971,M0313,SA0316,6927.8,2026-03-05 17:00:00
S00002972,M0313,SA0316,4043.86,2026-03-08 06:00:00
S00002973,M0313,SA0316,4416.87,2026-03-11 22:00:00
S00002974,M0313,SA0316,5784.02,2026-03-14 19:00:00
S00002975,M0313,SA0316,3449.06,2026-03-20 09:00:00
S00002976,M0313,SA0316,9010.99,2026-04-01 15:00:00
S00002977,M0314,SA0666,1158.21,2026-01-07 12:00:00
S00002978,M0314,SA0666,1197.2,2026-01-19 05:00:00
S00002979,M0314,SA0666,82.69,2026-01-28 21:00:00
S00002980,M0314,SA0666,1278.37,2026-03-02 09:00:00
S00002981,M0315,SA0607,179.82,2026-02-22 02:00:00
S00002982,M0316,SA0253,957.69,2026-01-08 00:00:00
S00002983,M0316,SA0253,919.91,2026-02-15 15:00:00
S00002984,M0316,SA0253,438.99,2026-03-29 11:00:00
S00002985,M0316,SA0253,2436.48,2026-04-01 09:00:00
S00002986,M0317,SA0713,119.18,2026-01-08 01:00:00
S00002987,M0317,SA0713,1375.67,2026-01-19 12:00:00
S00002988,M0318,SA0583,1564.79,2026-01-04 04:00:00
S00002989,M0318,SA0583,552.28,2026-01-13 17:00:00
S00002990,M0318,SA0583,1011.76,2026-01-25 12:00:00
S00002991,M0318,SA0583,527.19,2026-01-28 17:00:00
S00002992,M0318,SA0583,1588.66,2026-02-12 09:00:00
S00002993,M0318,SA0583,2443.29,2026-02-28 02:00:00
S00002994,M0318,SA0583,1318.81,2026-03-02 19:00:00
S00002995,M0318,SA0583,6614.29,2026-03-08 05:00:00
S00002996,M0318,SA0583,11599.51,2026-03-26 23:00:00
S00002997,M0319,SA0012,3389.6,2026-01-05 00:00:00
S00002998,M0319,SA0012,600.45,2026-01-07 17:00:00
S00002999,M0319,SA0012,943.36,2026-01-16 11:00:00
S00003000,M0319,SA0012,1779.9,2026-01-28 13:00:00
S00003001,M0319,SA0012,895.81,2026-02-01 02:00:00
S00003002,M0319,SA0012,2199.69,2026-02-06 05:00:00
S00003003,M0319,SA0012,10273.59,2026-02-15 16:00:00
S00003004,M0319,SA0012,2078.17,2026-02-27 21:00:00
S00003005,M0319,SA0012,580.13,2026-03-06 02:00:00
S00003006,M0319,SA0012,1222.78,2026-03-08 11:00:00
S00003007,M0319,SA0012,3596.21,2026-03-11 11:00:00
S00003008,M0319,SA0012,1442.55,2026-03-23 15:00:00
S00003009,M0319,SA0012,1738.28,2026-03-26 08:00:00
S00003010,M0319,SA0012,1374.96,2026-03-29 07:00:00
S00003011,M0320,SA0072,1165.78,2026-01-05 03:00:00
S00003012,M0320,SA0072,2450.56,2026-01-10 11:00:00
S00003013,M0320,SA0072,1550.4,2026-02-13 02:00:00
S00003014,M0320,SA0072,3923.57,2026-02-27 05:00:00
S00003015,M0320,SA0072,1159.23,2026-03-02 07:00:00
S00003016,M0320,SA0072,1906.65,2026-03-05 06:00:00
S00003017,M0320,SA0072,1759.36,2026-03-09 03:00:00
S00003018,M0320,SA0072,1144.84,2026-03-20 15:00:00
S00003019,M0321,SA0095,824.88,2026-01-10 14:00:00
S00003020,M0321,SA0095,2922.85,2026-01-13 07:00:00
S00003021,M0321,SA0095,3234.57,2026-01-23 03:00:00
S00003022,M0321,SA0095,1335.38,2026-01-28 06:00:00
S00003023,M0321,SA0095,1658.17,2026-02-03 17:00:00
S00003024,M0321,SA0095,1569.07,2026-02-06 18:00:00
S00003025,M0321,SA0095,923.06,2026-02-09 19:00:00
S00003026,M0321,SA0095,3416.45,2026-02-12 08:00:00
S00003027,M0321,SA0095,3449.73,2026-02-15 22:00:00
S00003028,M0321,SA0095,2857.17,2026-02-18 12:00:00
S00003029,M0321,SA0095,1922.89,2026-02-21 13:00:00
S00003030,M0321,SA0095,2263.04,2026-03-06 00:00:00
S00003031,M0321,SA0095,4609.43,2026-03-08 04:00:00
S00003032,M0321,SA0095,2303.42,2026-03-17 05:00:00
S00003033,M0321,SA0095,1595.67,2026-03-24 02:00:00
S00003034,M0321,SA0095,2936.49,2026-03-29 06:00:00
S00003035,M0322,SA0556,1815.01,2026-01-19 13:00:00
S00003036,M0322,SA0556,2099.12,2026-01-25 06:00:00
S00003037,M0323,SA0108,3465.46,2026-01-10 17:00:00
S00003038,M0323,SA0108,1624.06,2026-01-14 02:00:00
S00003039,M0323,SA0108,4952.76,2026-01-31 11:00:00
S00003040,M0323,SA0108,3405.92,2026-02-19 00:00:00
S00003041,M0323,SA0108,744.3,2026-03-20 16:00:00
S00003042,M0324,SA0212,567.04,2026-01-28 14:00:00
S00003043,M0324,SA0212,814.21,2026-01-31 06:00:00
S00003044,M0324,SA0212,1855.98,2026-02-03 13:00:00
S00003045,M0324,SA0212,655.59,2026-02-21 21:00:00
S00003046,M0324,SA0212,643.36,2026-03-11 20:00:00
S00003047,M0325,SA0326,3622.5,2026-01-04 13:00:00
S00003048,M0325,SA0326,4178.14,2026-01-07 15:00:00
S00003049,M0325,SA0326,958.29,2026-01-13 19:00:00
S00003050,M0325,SA0326,4317.12,2026-01-16 15:00:00
S00003051,M0325,SA0326,4436.42,2026-01-19 05:00:00
S00003052,M0325,SA0326,624.12,2026-01-23 00:00:00
S00003053,M0325,SA0326,14479.15,2026-01-26 02:00:00
S00003054,M0325,SA0326,2156.86,2026-01-28 09:00:00
S00003055,M0325,SA0326,6707.42,2026-01-31 10:00:00
S00003056,M0325,SA0326,4585.9,2026-02-03 11:00:00
S00003057,M0325,SA0326,15882.83,2026-02-09 16:00:00
S00003058,M0325,SA0326,2161.21,2026-02-12 07:00:00
S00003059,M0325,SA0326,3078.5,2026-02-27 17:00:00
S00003060,M0325,SA0326,878.05,2026-03-06 02:00:00
S00003061,M0325,SA0326,1248.06,2026-03-08 16:00:00
S00003062,M0325,SA0326,5704.38,2026-03-11 16:00:00
S00003063,M0325,SA0326,4246.55,2026-03-14 19:00:00
S00003064,M0325,SA0326,4085.33,2026-03-20 10:00:00
S00003065,M0325,SA0326,304.25,2026-03-23 23:00:00
S00003066,M0325,SA0326,963.5,2026-03-29 23:00:00
S00003067,M0325,SA0326,2450.48,2026-04-01 06:00:00
S00003068,M0326,SA0102,815.51,2026-01-07 06:00:00
S00003069,M0326,SA0102,5265.5,2026-01-10 11:00:00
S00003070,M0326,SA0102,1699.85,2026-01-17 01:00:00
S00003071,M0326,SA0102,2708.1,2026-01-22 21:00:00
S00003072,M0326,SA0102,7024.12,2026-01-28 04:00:00
S00003073,M0326,SA0102,1142.12,2026-02-03 05:00:00
S00003074,M0326,SA0102,1092.13,2026-02-09 15:00:00
S00003075,M0326,SA0102,2561.14,2026-02-15 04:00:00
S00003076,M0326,SA0102,1681.69,2026-02-18 17:00:00
S00003077,M0326,SA0102,8347.49,2026-02-21 06:00:00
S00003078,M0326,SA0102,1410.75,2026-02-28 03:00:00
S00003079,M0326,SA0102,1227.39,2026-03-02 13:00:00
S00003080,M0326,SA0102,1710.19,2026-03-08 18:00:00
S00003081,M0326,SA0102,1113.88,2026-03-17 22:00:00
S00003082,M0326,SA0102,26208.15,2026-03-26 08:00:00
S00003083,M0326,SA0102,283.04,2026-04-01 11:00:00
S00003084,M0327,SA0248,2329.88,2026-01-04 13:00:00
S00003085,M0327,SA0248,4115.68,2026-01-08 03:00:00
S00003086,M0327,SA0248,2631.01,2026-01-16 21:00:00
S00003087,M0327,SA0248,1675.17,2026-01-19 12:00:00
S00003088,M0327,SA0248,1564.83,2026-01-22 11:00:00
S00003089,M0327,SA0248,683.44,2026-01-25 22:00:00
S00003090,M0327,SA0248,3179.07,2026-02-03 15:00:00
S00003091,M0327,SA0248,2605.3,2026-02-06 23:00:00
S00003092,M0327,SA0248,348.61,2026-02-12 19:00:00
S00003093,M0327,SA0248,5855.76,2026-02-15 21:00:00
S00003094,M0327,SA0248,1420.53,2026-02-18 05:00:00
S00003095,M0327,SA0248,4700.47,2026-02-21 06:00:00
S00003096,M0327,SA0248,5162.19,2026-02-24 07:00:00
S00003097,M0327,SA0248,2622.7,2026-02-27 17:00:00
S00003098,M0327,SA0248,5005.07,2026-03-02 14:00:00
S00003099,M0327,SA0248,4119.37,2026-03-09 01:00:00
S00003100,M0327,SA0248,584.52,2026-03-12 02:00:00
S00003101,M0327,SA0248,1480.8,2026-03-14 15:00:00
S00003102,M0327,SA0248,790.32,2026-03-18 02:00:00
S00003103,M0327,SA0248,1167.87,2026-03-23 06:00:00
S00003104,M0327,SA0248,1692.15,2026-03-26 09:00:00
S00003105,M0327,SA0248,846.56,2026-04-01 10:00:00
S00003106,M0328,SA0509,1235.38,2026-01-04 14:00:00
S00003107,M0328,SA0509,945.96,2026-01-08 00:00:00
S00003108,M0328,SA0509,444.7,2026-01-10 06:00:00
S00003109,M0328,SA0509,1557.18,2026-01-13 09:00:00
S00003110,M0328,SA0509,1313.36,2026-01-16 20:00:00
S00003111,M0328,SA0509,1004.94,2026-01-22 23:00:00
S00003112,M0328,SA0509,1851.39,2026-01-26 00:00:00
S00003113,M0328,SA0509,3973.18,2026-01-31 05:00:00
S00003114,M0328,SA0509,1719.27,2026-02-04 01:00:00
S00003115,M0328,SA0509,1275.86,2026-02-06 21:00:00
S00003116,M0328,SA0509,3700.84,2026-02-15 22:00:00
S00003117,M0328,SA0509,573.41,2026-02-21 09:00:00
S00003118,M0328,SA0509,228.6,2026-02-24 17:00:00
S00003119,M0328,SA0509,2879.88,2026-02-27 15:00:00
S00003120,M0328,SA0509,153.37,2026-03-02 19:00:00
S00003121,M0328,SA0509,494.96,2026-03-05 23:00:00
S00003122,M0328,SA0509,1874.56,2026-03-08 07:00:00
S00003123,M0328,SA0509,588.03,2026-03-15 03:00:00
S00003124,M0328,SA0509,2413.86,2026-03-20 15:00:00
S00003125,M0328,SA0509,900.64,2026-03-26 13:00:00
S00003126,M0328,SA0509,3362.38,2026-03-29 04:00:00
S00003127,M0328,SA0509,1177.04,2026-04-02 01:00:00
S00003128,M0329,SA0730,2851.13,2026-01-08 00:00:00
S00003129,M0329,SA0730,7588.85,2026-01-23 00:00:00
S00003130,M0329,SA0730,26849.13,2026-02-04 02:00:00
S00003131,M0329,SA0730,11139.37,2026-02-06 20:00:00
S00003132,M0329,SA0730,12258.04,2026-03-23 15:00:00
S00003133,M0329,SA0730,4980.69,2026-03-30 03:00:00
S00003134,M0330,SA0012,2805.86,2026-01-04 06:00:00
S00003135,M0330,SA0012,1307.55,2026-01-07 20:00:00
S00003136,M0330,SA0012,4722.45,2026-01-10 22:00:00
S00003137,M0330,SA0012,3633.34,2026-01-13 22:00:00
S00003138,M0330,SA0012,2405.95,2026-01-16 22:00:00
S00003139,M0330,SA0012,6895.91,2026-01-25 16:00:00
S00003140,M0330,SA0012,11399.6,2026-01-31 21:00:00
S00003141,M0330,SA0012,1798.09,2026-02-03 13:00:00
S00003142,M0330,SA0012,1355.77,2026-02-09 08:00:00
S00003143,M0330,SA0012,4285.73,2026-02-12 15:00:00
S00003144,M0330,SA0012,1142.73,2026-02-15 08:00:00
S00003145,M0330,SA0012,660.1,2026-02-18 16:00:00
S00003146,M0330,SA0012,1298.31,2026-02-21 08:00:00
S00003147,M0330,SA0012,8543.8,2026-02-25 00:00:00
S00003148,M0330,SA0012,1923.23,2026-03-02 18:00:00
S00003149,M0330,SA0012,3930.89,2026-03-05 15:00:00
S00003150,M0330,SA0012,1382.74,2026-03-11 04:00:00
S00003151,M0330,SA0012,277.73,2026-03-17 08:00:00
S00003152,M0330,SA0012,814.49,2026-03-20 20:00:00
S00003153,M0330,SA0012,1801.92,2026-03-23 08:00:00
S00003154,M0330,SA0012,1773.57,2026-03-26 17:00:00
S00003155,M0330,SA0012,3946.74,2026-03-29 20:00:00
S00003156,M0330,SA0012,1728.62,2026-04-01 21:00:00
S00003157,M0331,SA0561,2507.51,2026-01-04 09:00:00
S00003158,M0331,SA0561,1383.97,2026-01-08 02:00:00
S00003159,M0331,SA0561,12226.15,2026-01-11 01:00:00
S00003160,M0331,SA0561,1407.67,2026-01-20 02:00:00
S00003161,M0331,SA0561,2117.8,2026-02-01 00:00:00
S00003162,M0331,SA0561,8658.69,2026-03-02 08:00:00
S00003163,M0331,SA0561,6633.41,2026-03-05 08:00:00
S00003164,M0331,SA0561,4622.45,2026-03-17 23:00:00
S00003165,M0331,SA0561,15400.11,2026-03-23 18:00:00
S00003166,M0331,SA0561,3230.13,2026-04-01 09:00:00
S00003167,M0332,SA0398,5176.45,2026-01-22 12:00:00
S00003168,M0332,SA0398,2751.68,2026-01-28 16:00:00
S00003169,M0332,SA0398,5668.07,2026-03-14 16:00:00
S00003170,M0333,SA0350,2132.23,2026-01-04 09:00:00
S00003171,M0333,SA0350,1556.9,2026-01-07 04:00:00
S00003172,M0333,SA0350,9669.96,2026-01-10 23:00:00
S00003173,M0333,SA0350,13796.57,2026-01-13 10:00:00
S00003174,M0333,SA0350,1573.81,2026-01-16 17:00:00
S00003175,M0333,SA0350,9586.54,2026-01-19 11:00:00
S00003176,M0333,SA0350,2856.89,2026-01-22 13:00:00
S00003177,M0333,SA0350,29202.91,2026-01-25 16:00:00
S00003178,M0333,SA0350,3826.15,2026-01-31 05:00:00
S00003179,M0333,SA0350,633.89,2026-02-10 03:00:00
S00003180,M0333,SA0350,1565.87,2026-02-12 12:00:00
S00003181,M0333,SA0350,5211.68,2026-02-15 21:00:00
S00003182,M0333,SA0350,3145.06,2026-02-18 07:00:00
S00003183,M0333,SA0350,11331.6,2026-03-02 05:00:00
S00003184,M0333,SA0350,2287.94,2026-03-06 02:00:00
S00003185,M0333,SA0350,2890.75,2026-03-08 15:00:00
S00003186,M0333,SA0350,2132.79,2026-03-12 01:00:00
S00003187,M0333,SA0350,4796.17,2026-03-17 04:00:00
S00003188,M0333,SA0350,2314.86,2026-03-20 11:00:00
S00003189,M0333,SA0350,3037.83,2026-03-26 07:00:00
S00003190,M0333,SA0350,5798.66,2026-03-29 16:00:00
S00003191,M0333,SA0350,3565.18,2026-04-01 21:00:00
S00003192,M0334,SA0391,8034.93,2026-03-02 16:00:00
S00003193,M0335,SA0719,654.98,2026-01-07 09:00:00
S00003194,M0335,SA0719,1212.96,2026-01-16 11:00:00
S00003195,M0335,SA0719,479.72,2026-01-19 14:00:00
S00003196,M0335,SA0719,998.26,2026-02-03 17:00:00
S00003197,M0335,SA0719,610.31,2026-02-15 10:00:00
S00003198,M0335,SA0719,924.76,2026-02-18 19:00:00
S00003199,M0335,SA0719,1117.67,2026-02-21 17:00:00
S00003200,M0335,SA0719,1722.06,2026-02-27 06:00:00
S00003201,M0335,SA0719,1436.5,2026-03-02 04:00:00
S00003202,M0335,SA0719,353.97,2026-03-05 09:00:00
S00003203,M0335,SA0719,1594.85,2026-03-18 01:00:00
S00003204,M0335,SA0719,1027.48,2026-03-26 04:00:00
S00003205,M0336,SA0045,626.34,2026-01-10 07:00:00
S00003206,M0336,SA0045,7842.16,2026-01-31 09:00:00
S00003207,M0336,SA0045,3378.85,2026-02-03 18:00:00
S00003208,M0336,SA0045,16527.53,2026-02-06 08:00:00
S00003209,M0336,SA0045,4365.58,2026-02-18 21:00:00
S00003210,M0336,SA0045,13428.87,2026-02-24 17:00:00
S00003211,M0336,SA0045,16905.71,2026-03-08 12:00:00
S00003212,M0336,SA0045,8955.34,2026-03-11 19:00:00
S00003213,M0336,SA0045,5043.21,2026-03-14 16:00:00
S00003214,M0336,SA0045,6459.84,2026-03-17 19:00:00
S00003215,M0336,SA0045,8402.04,2026-03-26 09:00:00
S00003216,M0336,SA0045,2400.19,2026-04-01 13:00:00
S00003217,M0337,SA0386,1165.97,2026-01-04 11:00:00
S00003218,M0337,SA0386,2842.42,2026-01-10 16:00:00
S00003219,M0337,SA0386,450.24,2026-01-16 22:00:00
S00003220,M0337,SA0386,765.51,2026-01-19 09:00:00
S00003221,M0337,SA0386,634.28,2026-01-22 23:00:00
S00003222,M0337,SA0386,1130.69,2026-01-25 20:00:00
S00003223,M0337,SA0386,2173.0,2026-01-29 01:00:00
S00003224,M0337,SA0386,356.38,2026-01-31 08:00:00
S00003225,M0337,SA0386,1056.65,2026-02-03 15:00:00
S00003226,M0337,SA0386,3183.83,2026-02-06 21:00:00
S00003227,M0337,SA0386,3709.82,2026-02-09 07:00:00
S00003228,M0337,SA0386,3335.71,2026-02-13 00:00:00
S00003229,M0337,SA0386,3669.68,2026-02-15 07:00:00
S00003230,M0337,SA0386,2060.64,2026-02-18 07:00:00
S00003231,M0337,SA0386,1487.3,2026-02-25 03:00:00
S00003232,M0337,SA0386,1322.71,2026-03-08 05:00:00
S00003233,M0337,SA0386,765.33,2026-03-11 12:00:00
S00003234,M0337,SA0386,4368.14,2026-03-15 01:00:00
S00003235,M0337,SA0386,3073.09,2026-03-17 13:00:00
S00003236,M0337,SA0386,1602.56,2026-03-20 11:00:00
S00003237,M0337,SA0386,3862.1,2026-03-24 02:00:00
S00003238,M0337,SA0386,480.63,2026-04-01 04:00:00
S00003239,M0338,SA0707,10113.62,2026-01-17 00:00:00
S00003240,M0338,SA0707,8197.83,2026-02-04 03:00:00
S00003241,M0338,SA0707,5834.6,2026-02-06 13:00:00
S00003242,M0338,SA0707,12026.45,2026-02-21 22:00:00
S00003243,M0338,SA0707,13046.43,2026-02-24 16:00:00
S00003244,M0339,SA0657,1694.7,2026-01-10 11:00:00
S00003245,M0339,SA0657,1329.39,2026-01-19 10:00:00
S00003246,M0339,SA0657,314.46,2026-01-28 21:00:00
S00003247,M0339,SA0657,2143.23,2026-01-31 10:00:00
S00003248,M0339,SA0657,923.27,2026-02-03 06:00:00
S00003249,M0339,SA0657,317.06,2026-02-15 05:00:00
S00003250,M0339,SA0657,3532.23,2026-02-22 03:00:00
S00003251,M0339,SA0657,2085.11,2026-03-02 21:00:00
S00003252,M0339,SA0657,332.07,2026-03-14 12:00:00
S00003253,M0339,SA0657,382.46,2026-03-20 05:00:00
S00003254,M0339,SA0657,817.95,2026-03-29 08:00:00
S00003255,M0339,SA0657,2135.71,2026-04-01 06:00:00
S00003256,M0340,SA0451,2358.78,2026-01-04 11:00:00
S00003257,M0340,SA0451,614.77,2026-01-10 16:00:00
S00003258,M0340,SA0451,2792.88,2026-01-14 03:00:00
S00003259,M0340,SA0451,2824.54,2026-01-28 16:00:00
S00003260,M0340,SA0451,476.64,2026-02-06 13:00:00
S00003261,M0340,SA0451,2647.71,2026-02-09 20:00:00
S00003262,M0340,SA0451,331.01,2026-02-12 18:00:00
S00003263,M0340,SA0451,653.39,2026-02-18 12:00:00
S00003264,M0340,SA0451,3171.28,2026-02-22 02:00:00
S00003265,M0340,SA0451,571.0,2026-03-02 12:00:00
S00003266,M0340,SA0451,3211.38,2026-03-05 23:00:00
S00003267,M0340,SA0451,1608.06,2026-03-11 17:00:00
S00003268,M0340,SA0451,1307.27,2026-03-20 04:00:00
S00003269,M0340,SA0451,8350.29,2026-03-23 23:00:00
S00003270,M0341,SA0036,1256.09,2026-01-07 15:00:00
S00003271,M0341,SA0036,1150.03,2026-01-10 17:00:00
S00003272,M0341,SA0036,2224.49,2026-01-16 21:00:00
S00003273,M0341,SA0036,1648.75,2026-01-28 12:00:00
S00003274,M0341,SA0036,360.5,2026-02-12 15:00:00
S00003275,M0341,SA0036,2263.9,2026-02-21 12:00:00
S00003276,M0341,SA0036,168.59,2026-03-11 20:00:00
S00003277,M0341,SA0036,785.46,2026-04-01 14:00:00
S00003278,M0342,SA0468,5167.66,2026-01-31 05:00:00
S00003279,M0342,SA0468,559.34,2026-02-06 05:00:00
S00003280,M0342,SA0468,3821.6,2026-03-03 02:00:00
S00003281,M0342,SA0468,918.82,2026-03-20 04:00:00
S00003282,M0343,SA0327,1181.85,2026-01-10 20:00:00
S00003283,M0343,SA0327,6298.54,2026-01-13 19:00:00
S00003284,M0343,SA0327,1193.57,2026-01-19 04:00:00
S00003285,M0343,SA0327,551.71,2026-01-28 15:00:00
S00003286,M0343,SA0327,1666.26,2026-01-31 16:00:00
S00003287,M0343,SA0327,504.95,2026-02-03 16:00:00
S00003288,M0343,SA0327,2173.63,2026-02-06 06:00:00
S00003289,M0343,SA0327,1902.86,2026-02-13 00:00:00
S00003290,M0343,SA0327,2926.5,2026-02-16 01:00:00
S00003291,M0343,SA0327,556.7,2026-02-27 19:00:00
S00003292,M0343,SA0327,4026.98,2026-03-05 12:00:00
S00003293,M0343,SA0327,2727.11,2026-03-08 07:00:00
S00003294,M0343,SA0327,382.18,2026-03-11 07:00:00
S00003295,M0343,SA0327,2636.34,2026-03-23 06:00:00
S00003296,M0343,SA0327,288.29,2026-04-01 23:00:00
S00003297,M0344,SA0036,21601.37,2026-01-04 20:00:00
S00003298,M0344,SA0036,25696.74,2026-01-13 22:00:00
S00003299,M0344,SA0036,27513.33,2026-01-28 15:00:00
S00003300,M0344,SA0036,4408.26,2026-01-31 22:00:00
S00003301,M0344,SA0036,1190.61,2026-02-06 13:00:00
S00003302,M0344,SA0036,3905.13,2026-02-15 08:00:00
S00003303,M0344,SA0036,4067.3,2026-02-18 09:00:00
S00003304,M0344,SA0036,8473.35,2026-02-28 03:00:00
S00003305,M0344,SA0036,3210.4,2026-03-05 19:00:00
S00003306,M0344,SA0036,33197.26,2026-03-11 20:00:00
S00003307,M0344,SA0036,5891.9,2026-03-14 08:00:00
S00003308,M0344,SA0036,86001.95,2026-03-26 13:00:00
S00003309,M0344,SA0036,2576.86,2026-03-29 09:00:00
S00003310,M0344,SA0036,9506.51,2026-04-01 13:00:00
S00003311,M0345,SA0734,2281.96,2026-01-29 02:00:00
S00003312,M0345,SA0734,8663.18,2026-02-25 03:00:00
S00003313,M0345,SA0734,3581.04,2026-03-02 16:00:00
S00003314,M0345,SA0734,2253.73,2026-03-20 05:00:00
S00003315,M0346,SA0284,3797.08,2026-01-16 09:00:00
S00003316,M0346,SA0284,2041.7,2026-02-03 08:00:00
S00003317,M0346,SA0284,1028.32,2026-02-15 21:00:00
S00003318,M0346,SA0284,2977.66,2026-02-19 01:00:00
S00003319,M0346,SA0284,5756.98,2026-02-21 21:00:00
S00003320,M0346,SA0284,2312.44,2026-02-24 15:00:00
S00003321,M0347,SA0018,7377.78,2026-01-07 07:00:00
S00003322,M0347,SA0018,951.08,2026-01-11 03:00:00
S00003323,M0347,SA0018,2632.58,2026-01-14 02:00:00
S00003324,M0347,SA0018,741.4,2026-01-16 20:00:00
S00003325,M0347,SA0018,8920.14,2026-01-19 12:00:00
S00003326,M0347,SA0018,6534.76,2026-01-22 05:00:00
S00003327,M0347,SA0018,4367.69,2026-01-25 21:00:00
S00003328,M0347,SA0018,1740.89,2026-01-28 07:00:00
S00003329,M0347,SA0018,4518.36,2026-01-31 10:00:00
S00003330,M0347,SA0018,16695.73,2026-02-03 04:00:00
S00003331,M0347,SA0018,4778.92,2026-02-06 14:00:00
S00003332,M0347,SA0018,1553.34,2026-02-09 17:00:00
S00003333,M0347,SA0018,2409.02,2026-02-12 09:00:00
S00003334,M0347,SA0018,2527.83,2026-02-15 10:00:00
S00003335,M0347,SA0018,5421.22,2026-02-18 18:00:00
S00003336,M0347,SA0018,5811.62,2026-02-21 15:00:00
S00003337,M0347,SA0018,8455.42,2026-02-25 03:00:00
S00003338,M0347,SA0018,695.08,2026-02-27 12:00:00
S00003339,M0347,SA0018,5768.8,2026-03-02 20:00:00
S00003340,M0347,SA0018,2688.52,2026-03-05 13:00:00
S00003341,M0347,SA0018,2977.11,2026-03-08 10:00:00
S00003342,M0347,SA0018,702.26,2026-03-11 11:00:00
S00003343,M0347,SA0018,4901.3,2026-03-14 18:00:00
S00003344,M0347,SA0018,2087.66,2026-03-17 06:00:00
S00003345,M0347,SA0018,4998.8,2026-03-20 23:00:00
S00003346,M0347,SA0018,14537.02,2026-03-23 14:00:00
S00003347,M0347,SA0018,549.38,2026-03-26 23:00:00
S00003348,M0347,SA0018,10284.69,2026-03-29 05:00:00
S00003349,M0347,SA0018,4520.32,2026-04-01 13:00:00
S00003350,M0348,SA0460,377.52,2026-01-05 01:00:00
S00003351,M0348,SA0460,2799.35,2026-01-10 19:00:00
S00003352,M0348,SA0460,4483.55,2026-02-12 19:00:00
S00003353,M0348,SA0460,1652.55,2026-03-02 18:00:00
S00003354,M0348,SA0460,4333.64,2026-03-26 22:00:00
S00003355,M0349,SA0282,34731.4,2026-01-08 02:00:00
S00003356,M0349,SA0282,11488.13,2026-01-31 08:00:00
S00003357,M0349,SA0282,3138.25,2026-02-06 12:00:00
S00003358,M0349,SA0282,5295.05,2026-03-03 01:00:00
S00003359,M0349,SA0282,2323.97,2026-03-11 05:00:00
S00003360,M0349,SA0282,12291.52,2026-03-14 17:00:00
S00003361,M0349,SA0282,9504.91,2026-03-18 02:00:00
S00003362,M0349,SA0282,9111.09,2026-03-26 05:00:00
S00003363,M0349,SA0282,3310.85,2026-04-01 13:00:00
S00003364,M0350,SA0372,914.22,2026-03-02 22:00:00
S00003365,M0351,SA0122,12131.6,2026-01-07 15:00:00
S00003366,M0351,SA0122,3808.67,2026-01-19 09:00:00
S00003367,M0351,SA0122,12483.92,2026-01-22 11:00:00
S00003368,M0351,SA0122,6266.14,2026-01-28 04:00:00
S00003369,M0351,SA0122,4884.08,2026-01-31 11:00:00
S00003370,M0351,SA0122,5205.73,2026-02-09 13:00:00
S00003371,M0351,SA0122,2741.53,2026-02-18 10:00:00
S00003372,M0351,SA0122,10029.76,2026-02-21 12:00:00
S00003373,M0351,SA0122,36446.14,2026-02-24 22:00:00
S00003374,M0351,SA0122,12259.47,2026-03-14 22:00:00
S00003375,M0351,SA0122,29749.51,2026-03-23 22:00:00
S00003376,M0351,SA0122,9474.49,2026-03-30 03:00:00
S00003377,M0352,SA0622,2030.03,2026-01-05 01:00:00
S00003378,M0352,SA0622,3019.15,2026-01-07 19:00:00
S00003379,M0352,SA0622,2662.29,2026-01-19 10:00:00
S00003380,M0352,SA0622,5995.48,2026-01-22 20:00:00
S00003381,M0352,SA0622,10670.34,2026-01-25 23:00:00
S00003382,M0352,SA0622,12211.51,2026-02-09 06:00:00
S00003383,M0352,SA0622,3844.88,2026-02-12 13:00:00
S00003384,M0352,SA0622,3001.13,2026-02-15 10:00:00
S00003385,M0352,SA0622,3840.79,2026-02-18 19:00:00
S00003386,M0352,SA0622,2299.38,2026-02-21 09:00:00
S00003387,M0352,SA0622,7535.75,2026-02-27 06:00:00
S00003388,M0352,SA0622,20846.22,2026-03-02 18:00:00
S00003389,M0352,SA0622,3951.64,2026-03-05 14:00:00
S00003390,M0352,SA0622,16378.72,2026-03-08 20:00:00
S00003391,M0352,SA0622,3937.81,2026-03-11 11:00:00
S00003392,M0352,SA0622,7357.53,2026-03-21 01:00:00
S00003393,M0352,SA0622,15620.71,2026-03-23 19:00:00
S00003394,M0352,SA0622,20752.81,2026-03-29 11:00:00
S00003395,M0352,SA0622,2207.59,2026-04-01 04:00:00
S00003396,M0353,SA0316,1822.39,2026-01-04 22:00:00
S00003397,M0353,SA0316,348.38,2026-01-10 11:00:00
S00003398,M0353,SA0316,871.31,2026-01-13 05:00:00
S00003399,M0353,SA0316,4173.46,2026-01-17 02:00:00
S00003400,M0353,SA0316,1480.9,2026-01-22 16:00:00
S00003401,M0353,SA0316,1615.38,2026-02-03 12:00:00
S00003402,M0353,SA0316,881.95,2026-02-09 16:00:00
S00003403,M0353,SA0316,2960.42,2026-02-13 03:00:00
S00003404,M0353,SA0316,828.52,2026-02-15 05:00:00
S00003405,M0353,SA0316,1876.11,2026-02-19 01:00:00
S00003406,M0353,SA0316,856.72,2026-02-21 04:00:00
S00003407,M0353,SA0316,605.22,2026-03-02 14:00:00
S00003408,M0353,SA0316,211.58,2026-03-05 22:00:00
S00003409,M0353,SA0316,214.82,2026-03-27 01:00:00
S00003410,M0353,SA0316,954.68,2026-03-29 17:00:00
S00003411,M0354,SA0316,7666.41,2026-01-10 12:00:00
S00003412,M0354,SA0316,5175.28,2026-01-22 13:00:00
S00003413,M0354,SA0316,12524.65,2026-01-28 06:00:00
S00003414,M0354,SA0316,7156.3,2026-02-09 21:00:00
S00003415,M0354,SA0316,6484.08,2026-02-12 20:00:00
S00003416,M0354,SA0316,6263.95,2026-02-24 04:00:00
S00003417,M0354,SA0316,4627.46,2026-03-02 17:00:00
S00003418,M0354,SA0316,9847.92,2026-03-06 03:00:00
S00003419,M0354,SA0316,9513.67,2026-03-08 19:00:00
S00003420,M0354,SA0316,16934.71,2026-03-12 02:00:00
S00003421,M0354,SA0316,4814.27,2026-03-18 01:00:00
S00003422,M0354,SA0316,11666.26,2026-03-23 06:00:00
S00003423,M0354,SA0316,21161.58,2026-03-26 07:00:00
S00003424,M0355,SA0603,1293.6,2026-01-10 06:00:00
S00003425,M0355,SA0603,2256.47,2026-01-13 17:00:00
S00003426,M0355,SA0603,1399.19,2026-01-16 09:00:00
S00003427,M0355,SA0603,1632.88,2026-01-20 01:00:00
S00003428,M0355,SA0603,1455.41,2026-01-25 17:00:00
S00003429,M0355,SA0603,834.06,2026-01-28 20:00:00
S00003430,M0355,SA0603,1120.44,2026-01-31 04:00:00
S00003431,M0355,SA0603,400.27,2026-02-04 00:00:00
S00003432,M0355,SA0603,690.26,2026-02-09 17:00:00
S00003433,M0355,SA0603,676.8,2026-02-21 08:00:00
S00003434,M0355,SA0603,157.14,2026-02-24 08:00:00
S00003435,M0355,SA0603,3446.33,2026-03-14 05:00:00
S00003436,M0355,SA0603,5655.03,2026-03-17 09:00:00
S00003437,M0355,SA0603,3120.5,2026-03-23 06:00:00
S00003438,M0355,SA0603,1750.87,2026-03-26 04:00:00
S00003439,M0355,SA0603,376.18,2026-03-29 14:00:00
S00003440,M0355,SA0603,2918.27,2026-04-01 06:00:00
S00003441,M0356,SA0108,786.8,2026-01-10 20:00:00
S00003442,M0356,SA0108,731.41,2026-01-13 18:00:00
S00003443,M0356,SA0108,5177.57,2026-01-28 12:00:00
S00003444,M0356,SA0108,1778.67,2026-02-03 12:00:00
S00003445,M0356,SA0108,1565.68,2026-02-06 05:00:00
S00003446,M0356,SA0108,714.75,2026-02-09 20:00:00
S00003447,M0356,SA0108,3464.16,2026-02-12 08:00:00
S00003448,M0356,SA0108,734.61,2026-02-18 18:00:00
S00003449,M0356,SA0108,144.71,2026-02-27 05:00:00
S00003450,M0356,SA0108,939.9,2026-03-06 02:00:00
S00003451,M0356,SA0108,1323.55,2026-03-08 10:00:00
S00003452,M0356,SA0108,1608.95,2026-03-11 06:00:00
S00003453,M0356,SA0108,2251.47,2026-03-14 04:00:00
S00003454,M0356,SA0108,706.09,2026-03-18 01:00:00
S00003455,M0356,SA0108,344.3,2026-03-23 10:00:00
S00003456,M0356,SA0108,456.61,2026-03-26 14:00:00
S00003457,M0356,SA0108,799.53,2026-04-02 02:00:00
S00003458,M0357,SA0002,3284.03,2026-01-04 06:00:00
S00003459,M0357,SA0002,3130.58,2026-01-07 16:00:00
S00003460,M0357,SA0002,1075.68,2026-01-10 21:00:00
S00003461,M0357,SA0002,12947.96,2026-01-13 16:00:00
S00003462,M0357,SA0002,5274.57,2026-01-19 04:00:00
S00003463,M0357,SA0002,8052.9,2026-01-22 12:00:00
S00003464,M0357,SA0002,8892.35,2026-01-25 16:00:00
S00003465,M0357,SA0002,10085.18,2026-01-28 17:00:00
S00003466,M0357,SA0002,3563.68,2026-02-03 17:00:00
S00003467,M0357,SA0002,13672.35,2026-02-07 01:00:00
S00003468,M0357,SA0002,8730.19,2026-02-12 08:00:00
S00003469,M0357,SA0002,8560.47,2026-02-18 13:00:00
S00003470,M0357,SA0002,8014.52,2026-02-21 11:00:00
S00003471,M0357,SA0002,6317.42,2026-02-24 07:00:00
S00003472,M0357,SA0002,1203.73,2026-03-02 11:00:00
S00003473,M0357,SA0002,5647.28,2026-03-06 01:00:00
S00003474,M0357,SA0002,6042.65,2026-03-08 06:00:00
S00003475,M0357,SA0002,2412.0,2026-03-20 16:00:00
S00003476,M0357,SA0002,4828.44,2026-03-23 14:00:00
S00003477,M0358,SA0434,6105.13,2026-01-04 07:00:00
S00003478,M0358,SA0434,18172.93,2026-01-07 08:00:00
S00003479,M0358,SA0434,5110.01,2026-01-13 19:00:00
S00003480,M0358,SA0434,1963.45,2026-01-16 11:00:00
S00003481,M0358,SA0434,15355.75,2026-01-19 13:00:00
S00003482,M0358,SA0434,9419.62,2026-01-22 07:00:00
S00003483,M0358,SA0434,5835.59,2026-01-25 21:00:00
S00003484,M0358,SA0434,6020.44,2026-01-31 14:00:00
S00003485,M0358,SA0434,5199.43,2026-02-03 19:00:00
S00003486,M0358,SA0434,1617.64,2026-02-09 23:00:00
S00003487,M0358,SA0434,4774.0,2026-02-21 21:00:00
S00003488,M0358,SA0434,33447.77,2026-02-24 05:00:00
S00003489,M0358,SA0434,3222.47,2026-03-05 12:00:00
S00003490,M0358,SA0434,1707.79,2026-03-08 07:00:00
S00003491,M0358,SA0434,3535.85,2026-03-12 00:00:00
S00003492,M0358,SA0434,8244.33,2026-03-20 15:00:00
S00003493,M0358,SA0434,3021.24,2026-03-23 13:00:00
S00003494,M0358,SA0434,6889.42,2026-04-01 18:00:00
S00003495,M0359,SA0485,2194.51,2026-01-04 19:00:00
S00003496,M0359,SA0485,439.26,2026-01-07 21:00:00
S00003497,M0359,SA0485,1380.69,2026-01-10 17:00:00
S00003498,M0359,SA0485,4201.32,2026-01-13 14:00:00
S00003499,M0359,SA0485,2494.08,2026-01-17 02:00:00
S00003500,M0359,SA0485,915.23,2026-01-19 13:00:00
S00003501,M0359,SA0485,3112.25,2026-01-22 05:00:00
S00003502,M0359,SA0485,1046.02,2026-01-26 01:00:00
S00003503,M0359,SA0485,1527.34,2026-01-29 00:00:00
S00003504,M0359,SA0485,503.11,2026-01-31 14:00:00
S00003505,M0359,SA0485,270.56,2026-02-03 15:00:00
S00003506,M0359,SA0485,420.26,2026-02-07 00:00:00
S00003507,M0359,SA0485,1305.78,2026-02-09 16:00:00
S00003508,M0359,SA0485,4312.18,2026-02-12 15:00:00
S00003509,M0359,SA0485,1239.78,2026-02-15 09:00:00
S00003510,M0359,SA0485,1535.42,2026-02-18 04:00:00
S00003511,M0359,SA0485,1144.47,2026-02-21 15:00:00
S00003512,M0359,SA0485,880.55,2026-02-24 08:00:00
S00003513,M0359,SA0485,422.72,2026-02-27 11:00:00
S00003514,M0359,SA0485,885.08,2026-03-05 14:00:00
S00003515,M0359,SA0485,2758.49,2026-03-09 01:00:00
S00003516,M0359,SA0485,1266.64,2026-03-11 10:00:00
S00003517,M0359,SA0485,284.37,2026-03-14 09:00:00
S00003518,M0359,SA0485,2071.32,2026-03-20 22:00:00
S00003519,M0359,SA0485,1056.65,2026-03-24 00:00:00
S00003520,M0359,SA0485,686.55,2026-03-30 02:00:00
S00003521,M0359,SA0485,13855.81,2026-04-01 18:00:00
S00003522,M0360,SA0235,3463.79,2026-01-07 07:00:00
S00003523,M0360,SA0235,2695.62,2026-01-19 04:00:00
S00003524,M0360,SA0235,6380.1,2026-01-22 18:00:00
S00003525,M0360,SA0235,15731.85,2026-02-21 06:00:00
S00003526,M0360,SA0235,27500.79,2026-03-11 07:00:00
S00003527,M0360,SA0235,16819.36,2026-04-01 18:00:00
S00003528,M0361,SA0136,273.67,2026-02-07 02:00:00
S00003529,M0361,SA0136,919.54,2026-02-21 04:00:00
S00003530,M0361,SA0136,346.79,2026-03-05 21:00:00
S00003531,M0361,SA0136,3364.77,2026-03-24 01:00:00
S00003532,M0362,SA0076,1193.5,2026-01-07 04:00:00
S00003533,M0362,SA0076,392.22,2026-01-10 12:00:00
S00003534,M0362,SA0076,440.91,2026-01-13 06:00:00
S00003535,M0362,SA0076,1588.14,2026-01-25 14:00:00
S00003536,M0362,SA0076,3326.06,2026-01-28 18:00:00
S00003537,M0362,SA0076,6603.64,2026-01-31 15:00:00
S00003538,M0362,SA0076,673.82,2026-02-04 02:00:00
S00003539,M0362,SA0076,710.19,2026-02-06 19:00:00
S00003540,M0362,SA0076,1815.28,2026-02-10 00:00:00
S00003541,M0362,SA0076,3536.67,2026-02-16 00:00:00
S00003542,M0362,SA0076,1527.27,2026-02-21 10:00:00
S00003543,M0362,SA0076,2258.01,2026-02-27 19:00:00
S00003544,M0362,SA0076,451.37,2026-03-02 15:00:00
S00003545,M0362,SA0076,2376.25,2026-03-08 16:00:00
S00003546,M0362,SA0076,1274.0,2026-03-17 11:00:00
S00003547,M0362,SA0076,2432.54,2026-03-26 10:00:00
S00003548,M0362,SA0076,2139.23,2026-03-29 08:00:00
S00003549,M0363,SA0635,739.9,2026-01-04 20:00:00
S00003550,M0363,SA0635,1854.44,2026-01-07 18:00:00
S00003551,M0363,SA0635,999.28,2026-01-14 03:00:00
S00003552,M0363,SA0635,1665.77,2026-01-19 17:00:00
S00003553,M0363,SA0635,398.82,2026-01-25 09:00:00
S00003554,M0363,SA0635,14971.72,2026-01-28 05:00:00
S00003555,M0363,SA0635,684.36,2026-02-06 15:00:00
S00003556,M0363,SA0635,867.64,2026-02-12 04:00:00
S00003557,M0363,SA0635,3755.16,2026-02-15 04:00:00
S00003558,M0363,SA0635,813.98,2026-02-18 05:00:00
S00003559,M0363,SA0635,440.62,2026-02-21 14:00:00
S00003560,M0363,SA0635,904.52,2026-02-25 03:00:00
S00003561,M0363,SA0635,659.42,2026-02-28 03:00:00
S00003562,M0363,SA0635,374.12,2026-03-02 05:00:00
S00003563,M0363,SA0635,1555.08,2026-03-11 12:00:00
S00003564,M0363,SA0635,394.44,2026-03-14 23:00:00
S00003565,M0363,SA0635,1857.66,2026-03-18 00:00:00
S00003566,M0363,SA0635,487.37,2026-03-20 16:00:00
S00003567,M0363,SA0635,1352.46,2026-03-23 08:00:00
S00003568,M0363,SA0635,2631.79,2026-03-26 10:00:00
S00003569,M0363,SA0635,2715.72,2026-03-30 02:00:00
S00003570,M0364,SA0004,4623.78,2026-01-05 00:00:00
S00003571,M0364,SA0004,7262.93,2026-01-07 20:00:00
S00003572,M0364,SA0004,5816.52,2026-01-16 13:00:00
S00003573,M0364,SA0004,4639.14,2026-01-19 20:00:00
S00003574,M0364,SA0004,442.21,2026-01-22 18:00:00
S00003575,M0364,SA0004,2935.01,2026-01-26 02:00:00
S00003576,M0364,SA0004,4784.41,2026-01-28 08:00:00
S00003577,M0364,SA0004,3222.96,2026-01-31 09:00:00
S00003578,M0364,SA0004,1631.56,2026-02-03 11:00:00
S00003579,M0364,SA0004,2701.91,2026-02-06 05:00:00
S00003580,M0364,SA0004,1504.28,2026-02-09 07:00:00
S00003581,M0364,SA0004,2719.2,2026-02-12 13:00:00
S00003582,M0364,SA0004,1682.19,2026-02-15 04:00:00
S00003583,M0364,SA0004,6136.05,2026-02-18 09:00:00
S00003584,M0364,SA0004,3538.47,2026-02-21 22:00:00
S00003585,M0364,SA0004,1250.11,2026-02-25 01:00:00
S00003586,M0364,SA0004,2063.56,2026-02-27 10:00:00
S00003587,M0364,SA0004,2222.05,2026-03-02 16:00:00
S00003588,M0364,SA0004,723.94,2026-03-05 21:00:00
S00003589,M0364,SA0004,1946.51,2026-03-11 06:00:00
S00003590,M0364,SA0004,7733.75,2026-03-14 20:00:00
S00003591,M0364,SA0004,980.57,2026-03-17 11:00:00
S00003592,M0364,SA0004,3352.45,2026-03-21 01:00:00
S00003593,M0364,SA0004,2423.42,2026-03-23 08:00:00
S00003594,M0364,SA0004,696.17,2026-03-26 23:00:00
S00003595,M0364,SA0004,907.8,2026-03-29 11:00:00
S00003596,M0365,SA0438,3953.45,2026-01-04 22:00:00
S00003597,M0365,SA0438,3577.63,2026-01-07 18:00:00
S00003598,M0365,SA0438,2318.71,2026-01-11 01:00:00
S00003599,M0365,SA0438,352.45,2026-01-14 01:00:00
S00003600,M0365,SA0438,2340.1,2026-01-16 12:00:00
S00003601,M0365,SA0438,2340.94,2026-01-19 13:00:00
S00003602,M0365,SA0438,4852.38,2026-01-22 12:00:00
S00003603,M0365,SA0438,2418.91,2026-01-25 18:00:00
S00003604,M0365,SA0438,1314.5,2026-01-28 13:00:00
S00003605,M0365,SA0438,2719.35,2026-02-01 03:00:00
S00003606,M0365,SA0438,5427.86,2026-02-03 23:00:00
S00003607,M0365,SA0438,1861.26,2026-02-09 05:00:00
S00003608,M0365,SA0438,1746.24,2026-02-16 00:00:00
S00003609,M0365,SA0438,6545.15,2026-02-21 15:00:00
S00003610,M0365,SA0438,9325.22,2026-02-25 00:00:00
S00003611,M0365,SA0438,3829.77,2026-02-27 17:00:00
S00003612,M0365,SA0438,185.04,2026-03-02 21:00:00
S00003613,M0365,SA0438,10108.8,2026-03-14 10:00:00
S00003614,M0365,SA0438,741.25,2026-03-17 14:00:00
S00003615,M0365,SA0438,6493.57,2026-03-21 03:00:00
S00003616,M0365,SA0438,1893.27,2026-03-27 02:00:00
S00003617,M0365,SA0438,2297.82,2026-03-29 22:00:00
S00003618,M0365,SA0438,3077.41,2026-04-01 22:00:00
S00003619,M0366,SA0628,2541.65,2026-01-05 02:00:00
S00003620,M0366,SA0628,581.58,2026-01-07 08:00:00
S00003621,M0366,SA0628,1319.27,2026-01-10 07:00:00
S00003622,M0366,SA0628,1671.54,2026-01-13 16:00:00
S00003623,M0366,SA0628,928.12,2026-01-17 01:00:00
S00003624,M0366,SA0628,1984.71,2026-01-19 12:00:00
S00003625,M0366,SA0628,244.79,2026-01-28 18:00:00
S00003626,M0366,SA0628,596.46,2026-01-31 09:00:00
S00003627,M0366,SA0628,1168.13,2026-02-03 14:00:00
S00003628,M0366,SA0628,1204.64,2026-02-06 08:00:00
S00003629,M0366,SA0628,1446.2,2026-02-10 01:00:00
S00003630,M0366,SA0628,1097.45,2026-02-12 20:00:00
S00003631,M0366,SA0628,1303.16,2026-02-15 20:00:00
S00003632,M0366,SA0628,1724.03,2026-02-18 18:00:00
S00003633,M0366,SA0628,1723.9,2026-02-21 14:00:00
S00003634,M0366,SA0628,1421.1,2026-02-27 07:00:00
S00003635,M0366,SA0628,983.17,2026-03-02 04:00:00
S00003636,M0366,SA0628,499.25,2026-03-05 14:00:00
S00003637,M0366,SA0628,870.29,2026-03-08 20:00:00
S00003638,M0366,SA0628,2236.35,2026-03-11 15:00:00
S00003639,M0366,SA0628,4432.7,2026-03-15 00:00:00
S00003640,M0366,SA0628,1801.11,2026-03-17 12:00:00
S00003641,M0366,SA0628,2374.25,2026-03-20 16:00:00
S00003642,M0366,SA0628,4235.6,2026-03-23 14:00:00
S00003643,M0366,SA0628,758.59,2026-03-26 06:00:00
S00003644,M0366,SA0628,1798.37,2026-03-29 09:00:00
S00003645,M0366,SA0628,959.51,2026-04-01 20:00:00
S00003646,M0367,SA0265,7248.87,2026-01-05 02:00:00
S00003647,M0367,SA0265,17647.93,2026-01-07 22:00:00
S00003648,M0367,SA0265,7039.75,2026-01-16 23:00:00
S00003649,M0367,SA0265,3319.61,2026-01-19 20:00:00
S00003650,M0367,SA0265,8035.23,2026-01-22 21:00:00
S00003651,M0367,SA0265,2853.47,2026-01-28 19:00:00
S00003652,M0367,SA0265,34459.95,2026-01-31 04:00:00
S00003653,M0367,SA0265,2918.67,2026-02-06 14:00:00
S00003654,M0367,SA0265,4143.54,2026-02-15 10:00:00
S00003655,M0367,SA0265,3502.5,2026-02-18 12:00:00
S00003656,M0367,SA0265,1677.82,2026-03-02 12:00:00
S00003657,M0367,SA0265,3223.07,2026-03-05 21:00:00
S00003658,M0367,SA0265,708.46,2026-03-08 15:00:00
S00003659,M0367,SA0265,9914.25,2026-03-20 18:00:00
S00003660,M0367,SA0265,29831.85,2026-03-27 03:00:00
S00003661,M0367,SA0265,1398.08,2026-03-29 18:00:00
S00003662,M0367,SA0265,5103.56,2026-04-01 11:00:00
S00003663,M0368,SA0151,2895.59,2026-01-04 08:00:00
S00003664,M0368,SA0151,6237.78,2026-01-25 20:00:00
S00003665,M0368,SA0151,3362.44,2026-02-09 08:00:00
S00003666,M0368,SA0151,8509.55,2026-02-12 17:00:00
S00003667,M0368,SA0151,541.73,2026-02-15 23:00:00
S00003668,M0368,SA0151,1693.75,2026-02-18 07:00:00
S00003669,M0368,SA0151,1691.18,2026-02-27 18:00:00
S00003670,M0368,SA0151,3853.02,2026-03-02 11:00:00
S00003671,M0368,SA0151,2493.54,2026-03-11 22:00:00
S00003672,M0368,SA0151,5417.25,2026-03-20 16:00:00
S00003673,M0368,SA0151,795.81,2026-03-29 16:00:00
S00003674,M0368,SA0151,2322.25,2026-04-01 10:00:00
S00003675,M0369,SA0537,3951.85,2026-02-06 14:00:00
S00003676,M0369,SA0537,2109.7,2026-03-11 13:00:00
S00003677,M0369,SA0537,434.08,2026-03-17 09:00:00
S00003678,M0370,SA0473,591.37,2026-01-05 02:00:00
S00003679,M0370,SA0473,2711.63,2026-01-07 04:00:00
S00003680,M0370,SA0473,15981.02,2026-01-11 01:00:00
S00003681,M0370,SA0473,1158.17,2026-01-13 20:00:00
S00003682,M0370,SA0473,3778.88,2026-01-16 13:00:00
S00003683,M0370,SA0473,753.28,2026-01-22 04:00:00
S00003684,M0370,SA0473,12832.7,2026-01-25 21:00:00
S00003685,M0370,SA0473,2168.1,2026-01-28 18:00:00
S00003686,M0370,SA0473,6460.99,2026-02-06 23:00:00
S00003687,M0370,SA0473,2791.72,2026-02-09 12:00:00
S00003688,M0370,SA0473,6231.27,2026-02-12 10:00:00
S00003689,M0370,SA0473,10762.46,2026-02-15 13:00:00
S00003690,M0370,SA0473,11026.14,2026-02-18 22:00:00
S00003691,M0370,SA0473,12632.74,2026-02-21 05:00:00
S00003692,M0370,SA0473,3242.68,2026-02-27 11:00:00
S00003693,M0370,SA0473,1546.23,2026-03-02 04:00:00
S00003694,M0370,SA0473,7539.55,2026-03-05 21:00:00
S00003695,M0370,SA0473,1344.75,2026-03-08 15:00:00
S00003696,M0370,SA0473,2861.3,2026-03-11 23:00:00
S00003697,M0370,SA0473,6276.77,2026-03-14 20:00:00
S00003698,M0370,SA0473,5606.07,2026-03-17 04:00:00
S00003699,M0370,SA0473,2809.09,2026-03-23 16:00:00
S00003700,M0370,SA0473,8745.33,2026-03-26 22:00:00
S00003701,M0370,SA0473,4011.09,2026-04-01 20:00:00
S00003702,M0371,SA0012,2344.73,2026-01-04 15:00:00
S00003703,M0371,SA0012,2269.21,2026-01-13 09:00:00
S00003704,M0371,SA0012,12380.74,2026-02-15 22:00:00
S00003705,M0371,SA0012,1610.46,2026-03-05 12:00:00
S00003706,M0371,SA0012,5677.02,2026-03-17 09:00:00
S00003707,M0371,SA0012,1217.99,2026-03-20 13:00:00
S00003708,M0371,SA0012,1240.72,2026-03-23 05:00:00
S00003709,M0372,SA0433,723.66,2026-01-07 05:00:00
S00003710,M0372,SA0433,1383.97,2026-01-22 12:00:00
S00003711,M0372,SA0433,1513.06,2026-01-31 21:00:00
S00003712,M0372,SA0433,1002.93,2026-02-03 07:00:00
S00003713,M0372,SA0433,1458.93,2026-02-07 02:00:00
S00003714,M0372,SA0433,1073.92,2026-02-15 16:00:00
S00003715,M0372,SA0433,4613.21,2026-02-18 14:00:00
S00003716,M0372,SA0433,7067.07,2026-02-21 21:00:00
S00003717,M0372,SA0433,1739.79,2026-03-08 15:00:00
S00003718,M0372,SA0433,3791.43,2026-04-01 04:00:00
S00003719,M0373,SA0001,1695.16,2026-01-07 19:00:00
S00003720,M0373,SA0001,423.43,2026-01-11 00:00:00
S00003721,M0373,SA0001,200.01,2026-01-13 08:00:00
S00003722,M0373,SA0001,292.11,2026-02-03 10:00:00
S00003723,M0373,SA0001,111.13,2026-02-06 23:00:00
S00003724,M0373,SA0001,1635.6,2026-02-12 06:00:00
S00003725,M0373,SA0001,126.24,2026-03-02 18:00:00
S00003726,M0373,SA0001,197.22,2026-03-11 18:00:00
S00003727,M0373,SA0001,447.74,2026-04-01 12:00:00
S00003728,M0374,SA0300,1717.7,2026-01-07 14:00:00
S00003729,M0374,SA0300,1130.75,2026-01-11 03:00:00
S00003730,M0374,SA0300,3333.0,2026-01-16 18:00:00
S00003731,M0374,SA0300,1279.72,2026-01-25 21:00:00
S00003732,M0374,SA0300,674.84,2026-01-28 11:00:00
S00003733,M0374,SA0300,1151.54,2026-01-31 14:00:00
S00003734,M0374,SA0300,1991.89,2026-02-04 01:00:00
S00003735,M0374,SA0300,971.4,2026-02-07 01:00:00
S00003736,M0374,SA0300,741.47,2026-02-15 16:00:00
S00003737,M0374,SA0300,1820.75,2026-02-18 05:00:00
S00003738,M0374,SA0300,1090.0,2026-02-22 01:00:00
S00003739,M0374,SA0300,2193.71,2026-03-14 12:00:00
S00003740,M0374,SA0300,355.42,2026-03-27 00:00:00
S00003741,M0375,SA0229,401.19,2026-01-10 06:00:00
S00003742,M0375,SA0229,2420.76,2026-01-19 20:00:00
S00003743,M0375,SA0229,2534.55,2026-01-25 07:00:00
S00003744,M0375,SA0229,551.17,2026-01-28 12:00:00
S00003745,M0375,SA0229,1635.73,2026-03-06 00:00:00
S00003746,M0375,SA0229,3142.29,2026-03-08 13:00:00
S00003747,M0375,SA0229,615.85,2026-03-17 13:00:00
S00003748,M0375,SA0229,190.58,2026-03-20 19:00:00
S00003749,M0376,SA0626,1253.57,2026-01-04 05:00:00
S00003750,M0376,SA0626,430.46,2026-01-07 05:00:00
S00003751,M0376,SA0626,2952.79,2026-01-10 08:00:00
S00003752,M0376,SA0626,636.87,2026-01-14 00:00:00
S00003753,M0376,SA0626,526.0,2026-01-17 01:00:00
S00003754,M0376,SA0626,537.96,2026-01-22 08:00:00
S00003755,M0376,SA0626,1697.24,2026-01-25 10:00:00
S00003756,M0376,SA0626,1402.77,2026-01-28 10:00:00
S00003757,M0376,SA0626,1185.53,2026-02-01 02:00:00
S00003758,M0376,SA0626,1844.34,2026-02-03 15:00:00
S00003759,M0376,SA0626,653.46,2026-02-09 17:00:00
S00003760,M0376,SA0626,2089.15,2026-02-15 08:00:00
S00003761,M0376,SA0626,2401.38,2026-02-24 14:00:00
S00003762,M0376,SA0626,3115.07,2026-03-02 12:00:00
S00003763,M0376,SA0626,1206.1,2026-03-08 16:00:00
S00003764,M0376,SA0626,484.31,2026-03-11 13:00:00
S00003765,M0376,SA0626,523.83,2026-03-23 22:00:00
S00003766,M0376,SA0626,459.74,2026-03-30 01:00:00
S00003767,M0377,SA0733,925.05,2026-01-16 09:00:00
S00003768,M0378,SA0524,507.07,2026-01-11 03:00:00
S00003769,M0378,SA0524,549.88,2026-01-19 06:00:00
S00003770,M0378,SA0524,537.37,2026-01-25 19:00:00
S00003771,M0378,SA0524,586.39,2026-01-31 06:00:00
S00003772,M0378,SA0524,521.77,2026-02-12 04:00:00
S00003773,M0378,SA0524,2010.61,2026-02-15 09:00:00
S00003774,M0378,SA0524,457.24,2026-02-18 17:00:00
S00003775,M0378,SA0524,130.15,2026-02-21 14:00:00
S00003776,M0378,SA0524,244.44,2026-02-27 10:00:00
S00003777,M0378,SA0524,269.36,2026-03-11 18:00:00
S00003778,M0378,SA0524,458.46,2026-03-17 04:00:00
S00003779,M0378,SA0524,978.88,2026-03-23 13:00:00
S00003780,M0378,SA0524,518.24,2026-03-26 07:00:00
S00003781,M0378,SA0524,428.32,2026-04-01 20:00:00
S00003782,M0379,SA0551,627.0,2026-01-04 09:00:00
S00003783,M0379,SA0551,1600.63,2026-01-08 00:00:00
S00003784,M0379,SA0551,1760.57,2026-01-11 03:00:00
S00003785,M0379,SA0551,686.94,2026-01-22 13:00:00
S00003786,M0379,SA0551,4347.78,2026-01-25 17:00:00
S00003787,M0379,SA0551,749.56,2026-01-28 11:00:00
S00003788,M0379,SA0551,520.39,2026-01-31 16:00:00
S00003789,M0379,SA0551,1953.53,2026-02-06 16:00:00
S00003790,M0379,SA0551,201.31,2026-02-10 00:00:00
S00003791,M0379,SA0551,206.33,2026-02-13 03:00:00
S00003792,M0379,SA0551,252.7,2026-02-15 14:00:00
S00003793,M0379,SA0551,1229.56,2026-02-18 22:00:00
S00003794,M0379,SA0551,357.78,2026-02-21 04:00:00
S00003795,M0379,SA0551,196.86,2026-02-24 22:00:00
S00003796,M0379,SA0551,118.12,2026-02-27 12:00:00
S00003797,M0379,SA0551,1322.3,2026-03-02 21:00:00
S00003798,M0379,SA0551,325.93,2026-03-05 12:00:00
S00003799,M0379,SA0551,223.1,2026-03-12 00:00:00
S00003800,M0379,SA0551,1006.82,2026-03-17 17:00:00
S00003801,M0379,SA0551,62.2,2026-03-20 14:00:00
S00003802,M0379,SA0551,696.97,2026-03-24 03:00:00
S00003803,M0379,SA0551,794.29,2026-03-26 16:00:00
S00003804,M0379,SA0551,856.81,2026-04-01 11:00:00
S00003805,M0380,SA0018,5327.19,2026-01-04 09:00:00
S00003806,M0380,SA0018,3464.2,2026-01-08 01:00:00
S00003807,M0380,SA0018,9586.36,2026-01-10 16:00:00
S00003808,M0380,SA0018,15113.73,2026-01-13 09:00:00
S00003809,M0380,SA0018,8997.07,2026-01-17 02:00:00
S00003810,M0380,SA0018,2459.01,2026-01-19 22:00:00
S00003811,M0380,SA0018,4834.65,2026-01-22 17:00:00
S00003812,M0380,SA0018,8262.33,2026-01-25 22:00:00
S00003813,M0380,SA0018,5426.01,2026-01-31 06:00:00
S00003814,M0380,SA0018,5380.69,2026-02-03 06:00:00
S00003815,M0380,SA0018,24806.91,2026-02-07 02:00:00
S00003816,M0380,SA0018,12392.98,2026-02-09 22:00:00
S00003817,M0380,SA0018,5118.77,2026-02-12 04:00:00
S00003818,M0380,SA0018,12853.13,2026-02-16 03:00:00
S00003819,M0380,SA0018,7124.14,2026-02-18 15:00:00
S00003820,M0380,SA0018,9293.67,2026-02-21 05:00:00
S00003821,M0380,SA0018,31833.73,2026-02-24 22:00:00
S00003822,M0380,SA0018,8687.2,2026-02-28 01:00:00
S00003823,M0380,SA0018,4078.83,2026-03-02 11:00:00
S00003824,M0380,SA0018,6152.82,2026-03-05 12:00:00
S00003825,M0380,SA0018,37525.25,2026-03-08 23:00:00
S00003826,M0380,SA0018,19315.91,2026-03-11 15:00:00
S00003827,M0380,SA0018,11805.73,2026-03-14 07:00:00
S00003828,M0380,SA0018,19601.96,2026-03-17 23:00:00
S00003829,M0380,SA0018,16564.77,2026-03-20 16:00:00
S00003830,M0380,SA0018,36389.22,2026-03-23 06:00:00
S00003831,M0380,SA0018,4259.89,2026-03-26 22:00:00
S00003832,M0380,SA0018,17050.65,2026-03-29 22:00:00
S00003833,M0380,SA0018,1560.02,2026-04-01 23:00:00
S00003834,M0381,SA0579,211.21,2026-01-05 01:00:00
S00003835,M0381,SA0579,388.81,2026-01-08 02:00:00
S00003836,M0381,SA0579,2159.96,2026-01-10 23:00:00
S00003837,M0381,SA0579,1982.48,2026-01-13 21:00:00
S00003838,M0381,SA0579,1136.38,2026-01-16 09:00:00
S00003839,M0381,SA0579,1293.39,2026-01-25 08:00:00
S00003840,M0381,SA0579,629.73,2026-01-28 10:00:00
S00003841,M0381,SA0579,401.88,2026-01-31 13:00:00
S00003842,M0381,SA0579,565.37,2026-02-03 12:00:00
S00003843,M0381,SA0579,719.27,2026-02-06 18:00:00
S00003844,M0381,SA0579,1477.91,2026-02-12 19:00:00
S00003845,M0381,SA0579,1521.0,2026-02-15 05:00:00
S00003846,M0381,SA0579,287.79,2026-02-28 03:00:00
S00003847,M0381,SA0579,4256.66,2026-03-02 20:00:00
S00003848,M0381,SA0579,3981.11,2026-03-08 14:00:00
S00003849,M0381,SA0579,3609.55,2026-03-14 19:00:00
S00003850,M0381,SA0579,594.13,2026-03-27 03:00:00
S00003851,M0381,SA0579,2353.27,2026-04-01 16:00:00
S00003852,M0382,SA0583,265.7,2026-01-04 18:00:00
S00003853,M0382,SA0583,3961.83,2026-01-07 23:00:00
S00003854,M0382,SA0583,5582.32,2026-01-10 07:00:00
S00003855,M0382,SA0583,1917.89,2026-01-13 08:00:00
S00003856,M0382,SA0583,5913.22,2026-01-17 00:00:00
S00003857,M0382,SA0583,5607.33,2026-01-19 23:00:00
S00003858,M0382,SA0583,9482.73,2026-01-22 13:00:00
S00003859,M0382,SA0583,8444.67,2026-01-25 10:00:00
S00003860,M0382,SA0583,788.72,2026-01-28 11:00:00
S00003861,M0382,SA0583,7754.95,2026-01-31 06:00:00
S00003862,M0382,SA0583,3027.42,2026-02-06 10:00:00
S00003863,M0382,SA0583,7056.34,2026-02-15 11:00:00
S00003864,M0382,SA0583,6450.51,2026-02-18 18:00:00
S00003865,M0382,SA0583,2295.22,2026-02-21 10:00:00
S00003866,M0382,SA0583,9853.9,2026-02-27 12:00:00
S00003867,M0382,SA0583,5046.82,2026-03-02 13:00:00
S00003868,M0382,SA0583,4851.33,2026-03-05 05:00:00
S00003869,M0382,SA0583,1568.14,2026-03-08 20:00:00
S00003870,M0382,SA0583,8154.46,2026-03-11 10:00:00
S00003871,M0382,SA0583,3107.31,2026-03-15 03:00:00
S00003872,M0382,SA0583,3658.6,2026-03-17 07:00:00
S00003873,M0382,SA0583,401.39,2026-03-20 19:00:00
S00003874,M0382,SA0583,3465.09,2026-03-24 02:00:00
S00003875,M0382,SA0583,766.34,2026-03-27 02:00:00
S00003876,M0382,SA0583,983.19,2026-03-29 08:00:00
S00003877,M0382,SA0583,5901.01,2026-04-01 16:00:00
S00003878,M0383,SA0022,1266.22,2026-01-04 08:00:00
S00003879,M0383,SA0022,13073.31,2026-01-11 02:00:00
S00003880,M0383,SA0022,11965.09,2026-01-13 23:00:00
S00003881,M0383,SA0022,924.44,2026-01-16 13:00:00
S00003882,M0383,SA0022,1867.14,2026-01-19 17:00:00
S00003883,M0383,SA0022,4110.18,2026-01-23 00:00:00
S00003884,M0383,SA0022,14630.26,2026-02-15 16:00:00
S00003885,M0383,SA0022,8096.64,2026-02-18 22:00:00
S00003886,M0383,SA0022,1006.69,2026-02-21 23:00:00
S00003887,M0383,SA0022,2456.49,2026-03-05 13:00:00
S00003888,M0383,SA0022,9412.15,2026-03-08 22:00:00
S00003889,M0383,SA0022,3892.51,2026-04-01 14:00:00
S00003890,M0384,SA0381,801.99,2026-01-22 09:00:00
S00003891,M0384,SA0381,906.95,2026-02-06 06:00:00
S00003892,M0384,SA0381,1121.87,2026-02-18 20:00:00
S00003893,M0384,SA0381,636.42,2026-03-17 20:00:00
S00003894,M0384,SA0381,736.33,2026-04-01 22:00:00
S00003895,M0385,SA0519,199.97,2026-01-05 02:00:00
S00003896,M0385,SA0519,1227.41,2026-01-16 17:00:00
S00003897,M0385,SA0519,602.54,2026-01-25 21:00:00
S00003898,M0385,SA0519,775.55,2026-02-03 08:00:00
S00003899,M0385,SA0519,326.75,2026-02-09 23:00:00
S00003900,M0385,SA0519,277.92,2026-02-12 20:00:00
S00003901,M0385,SA0519,454.88,2026-02-19 00:00:00
S00003902,M0385,SA0519,232.62,2026-02-24 08:00:00
S00003903,M0385,SA0519,123.32,2026-03-08 14:00:00
S00003904,M0385,SA0519,177.37,2026-03-18 01:00:00
S00003905,M0385,SA0519,540.26,2026-04-01 19:00:00
S00003906,M0386,SA0732,1079.58,2026-01-04 08:00:00
S00003907,M0386,SA0732,1380.62,2026-01-07 22:00:00
S00003908,M0386,SA0732,813.03,2026-01-10 21:00:00
S00003909,M0386,SA0732,586.94,2026-01-19 12:00:00
S00003910,M0386,SA0732,3383.63,2026-01-28 16:00:00
S00003911,M0386,SA0732,1370.19,2026-02-10 00:00:00
S00003912,M0386,SA0732,2731.4,2026-02-12 05:00:00
S00003913,M0386,SA0732,1395.95,2026-02-18 05:00:00
S00003914,M0386,SA0732,4630.11,2026-02-27 19:00:00
S00003915,M0387,SA0512,3196.75,2026-01-13 13:00:00
S00003916,M0387,SA0512,1968.53,2026-02-13 02:00:00
S00003917,M0387,SA0512,4085.2,2026-03-29 21:00:00
S00003918,M0387,SA0512,1528.07,2026-04-02 00:00:00
S00003919,M0388,SA0546,5754.88,2026-01-28 15:00:00
S00003920,M0388,SA0546,1864.89,2026-02-10 02:00:00
S00003921,M0388,SA0546,2198.45,2026-02-12 10:00:00
S00003922,M0388,SA0546,1697.79,2026-03-14 05:00:00
S00003923,M0389,SA0181,1148.21,2026-01-25 21:00:00
S00003924,M0389,SA0181,465.56,2026-02-25 00:00:00
S00003925,M0390,SA0515,3079.97,2026-01-10 09:00:00
S00003926,M0390,SA0515,738.7,2026-01-31 05:00:00
S00003927,M0390,SA0515,1322.62,2026-02-09 09:00:00
S00003928,M0390,SA0515,2246.15,2026-03-02 09:00:00
S00003929,M0390,SA0515,1364.9,2026-03-08 07:00:00
S00003930,M0390,SA0515,9685.46,2026-03-11 05:00:00
S00003931,M0390,SA0515,1042.59,2026-03-14 17:00:00
S00003932,M0390,SA0515,2380.68,2026-03-20 04:00:00
S00003933,M0390,SA0515,1818.7,2026-03-23 16:00:00
S00003934,M0390,SA0515,6505.1,2026-03-26 08:00:00
S00003935,M0390,SA0515,1532.28,2026-04-01 10:00:00
S00003936,M0391,SA0128,5941.15,2026-01-11 02:00:00
S00003937,M0391,SA0128,44582.09,2026-01-20 01:00:00
S00003938,M0391,SA0128,12085.89,2026-02-03 22:00:00
S00003939,M0391,SA0128,12011.18,2026-02-15 16:00:00
S00003940,M0391,SA0128,4537.95,2026-02-24 21:00:00
S00003941,M0391,SA0128,26538.44,2026-02-27 14:00:00
S00003942,M0391,SA0128,5604.98,2026-03-02 22:00:00
S00003943,M0391,SA0128,1982.2,2026-03-11 21:00:00
S00003944,M0391,SA0128,5514.5,2026-03-14 17:00:00
S00003945,M0391,SA0128,1929.21,2026-03-20 06:00:00
S00003946,M0391,SA0128,6951.08,2026-03-26 08:00:00
S00003947,M0392,SA0233,1985.77,2026-02-18 09:00:00
S00003948,M0392,SA0233,2909.87,2026-02-21 10:00:00
S00003949,M0392,SA0233,697.83,2026-03-03 02:00:00
S00003950,M0392,SA0233,1153.43,2026-03-05 13:00:00
S00003951,M0392,SA0233,2614.3,2026-03-21 02:00:00
S00003952,M0392,SA0233,498.87,2026-04-01 17:00:00
S00003953,M0393,SA0586,17060.81,2026-01-05 03:00:00
S00003954,M0393,SA0586,4087.92,2026-02-07 03:00:00
S00003955,M0393,SA0586,6559.97,2026-02-09 17:00:00
S00003956,M0393,SA0586,12512.15,2026-02-15 09:00:00
S00003957,M0394,SA0738,1330.8,2026-01-08 01:00:00
S00003958,M0394,SA0738,2193.9,2026-01-22 15:00:00
S00003959,M0394,SA0738,1612.06,2026-01-31 22:00:00
S00003960,M0394,SA0738,1644.68,2026-02-06 18:00:00
S00003961,M0394,SA0738,3384.59,2026-02-21 21:00:00
S00003962,M0394,SA0738,1185.66,2026-02-27 05:00:00
S00003963,M0394,SA0738,1351.51,2026-03-02 06:00:00
S00003964,M0394,SA0738,6638.82,2026-03-05 12:00:00
S00003965,M0394,SA0738,9988.67,2026-03-14 09:00:00
S00003966,M0394,SA0738,2068.98,2026-03-17 12:00:00
S00003967,M0394,SA0738,10175.17,2026-03-20 09:00:00
S00003968,M0395,SA0049,354.26,2026-01-16 16:00:00
S00003969,M0395,SA0049,854.7,2026-02-03 17:00:00
S00003970,M0395,SA0049,514.84,2026-02-06 06:00:00
S00003971,M0395,SA0049,437.29,2026-02-12 18:00:00
S00003972,M0395,SA0049,8943.46,2026-02-18 14:00:00
S00003973,M0395,SA0049,1294.11,2026-02-28 00:00:00
S00003974,M0395,SA0049,338.55,2026-03-02 07:00:00
S00003975,M0395,SA0049,626.61,2026-03-20 13:00:00
S00003976,M0395,SA0049,1147.46,2026-03-29 05:00:00
S00003977,M0396,SA0487,284.18,2026-02-03 06:00:00
S00003978,M0396,SA0487,425.33,2026-03-02 21:00:00
S00003979,M0397,SA0428,2086.91,2026-01-07 20:00:00
S00003980,M0397,SA0428,2302.63,2026-01-13 04:00:00
S00003981,M0397,SA0428,5872.57,2026-03-09 02:00:00
S00003982,M0397,SA0428,719.17,2026-03-24 03:00:00
S00003983,M0397,SA0428,1577.8,2026-04-01 05:00:00
S00003984,M0398,SA0455,894.73,2026-01-08 01:00:00
S00003985,M0398,SA0455,2271.81,2026-01-10 22:00:00
S00003986,M0398,SA0455,1375.84,2026-01-16 05:00:00
S00003987,M0398,SA0455,4401.57,2026-01-20 00:00:00
S00003988,M0398,SA0455,3273.73,2026-01-25 06:00:00
S00003989,M0398,SA0455,2958.78,2026-01-29 01:00:00
S00003990,M0398,SA0455,7475.11,2026-02-03 04:00:00
S00003991,M0398,SA0455,2133.05,2026-02-06 12:00:00
S00003992,M0398,SA0455,1485.53,2026-02-12 05:00:00
S00003993,M0398,SA0455,4231.25,2026-02-15 08:00:00
S00003994,M0398,SA0455,2226.95,2026-02-18 07:00:00
S00003995,M0398,SA0455,1112.91,2026-02-21 06:00:00
S00003996,M0398,SA0455,3946.51,2026-03-02 07:00:00
S00003997,M0398,SA0455,2151.53,2026-03-08 19:00:00
S00003998,M0398,SA0455,2730.68,2026-03-11 16:00:00
S00003999,M0398,SA0455,818.39,2026-03-14 23:00:00
S00004000,M0398,SA0455,2325.76,2026-03-21 00:00:00
S00004001,M0398,SA0455,551.73,2026-03-29 15:00:00
S00004002,M0399,SA0591,362.3,2026-02-12 08:00:00
S00004003,M0400,SA0053,282.25,2026-01-13 16:00:00
S00004004,M0400,SA0053,1015.2,2026-01-22 12:00:00
S00004005,M0400,SA0053,1961.09,2026-01-28 23:00:00
S00004006,M0400,SA0053,496.83,2026-02-03 16:00:00
S00004007,M0400,SA0053,4303.85,2026-02-06 09:00:00
S00004008,M0400,SA0053,7522.61,2026-02-09 14:00:00
S00004009,M0400,SA0053,1259.31,2026-02-13 00:00:00
S00004010,M0400,SA0053,899.71,2026-03-05 20:00:00
S00004011,M0400,SA0053,1514.41,2026-03-08 05:00:00
S00004012,M0400,SA0053,184.18,2026-03-29 11:00:00
S00004013,M0401,SA0072,1356.05,2026-01-07 10:00:00
S00004014,M0401,SA0072,2924.95,2026-01-13 23:00:00
S00004015,M0401,SA0072,983.82,2026-01-16 09:00:00
S00004016,M0401,SA0072,3018.44,2026-01-19 23:00:00
S00004017,M0401,SA0072,1211.17,2026-01-22 19:00:00
S00004018,M0401,SA0072,2727.72,2026-01-28 08:00:00
S00004019,M0401,SA0072,1415.56,2026-02-04 03:00:00
S00004020,M0401,SA0072,1207.41,2026-02-06 14:00:00
S00004021,M0401,SA0072,811.49,2026-02-09 08:00:00
S00004022,M0401,SA0072,2261.1,2026-02-15 18:00:00
S00004023,M0401,SA0072,563.56,2026-02-18 08:00:00
S00004024,M0401,SA0072,441.3,2026-02-21 09:00:00
S00004025,M0401,SA0072,10871.4,2026-02-24 05:00:00
S00004026,M0401,SA0072,6498.07,2026-02-27 16:00:00
S00004027,M0401,SA0072,4301.73,2026-03-02 22:00:00
S00004028,M0401,SA0072,3866.69,2026-03-05 04:00:00
S00004029,M0401,SA0072,785.64,2026-03-14 15:00:00
S00004030,M0401,SA0072,4478.56,2026-03-20 09:00:00
S00004031,M0401,SA0072,4829.76,2026-03-24 02:00:00
S00004032,M0401,SA0072,545.23,2026-03-29 08:00:00
S00004033,M0401,SA0072,2554.42,2026-04-01 18:00:00
S00004034,M0402,SA0210,1652.71,2026-01-04 13:00:00
S00004035,M0402,SA0210,9705.12,2026-01-08 01:00:00
S00004036,M0402,SA0210,10263.07,2026-01-11 03:00:00
S00004037,M0402,SA0210,3071.79,2026-01-14 01:00:00
S00004038,M0402,SA0210,3153.79,2026-01-16 09:00:00
S00004039,M0402,SA0210,3348.96,2026-01-19 12:00:00
S00004040,M0402,SA0210,4680.51,2026-01-22 20:00:00
S00004041,M0402,SA0210,4455.42,2026-01-25 09:00:00
S00004042,M0402,SA0210,16450.17,2026-01-28 06:00:00
S00004043,M0402,SA0210,946.34,2026-02-01 02:00:00
S00004044,M0402,SA0210,1465.98,2026-02-03 12:00:00
S00004045,M0402,SA0210,4156.46,2026-02-07 02:00:00
S00004046,M0402,SA0210,5754.06,2026-02-10 01:00:00
S00004047,M0402,SA0210,4572.03,2026-02-12 17:00:00
S00004048,M0402,SA0210,1814.44,2026-02-15 12:00:00
S00004049,M0402,SA0210,2078.33,2026-02-18 10:00:00
S00004050,M0402,SA0210,5537.09,2026-02-24 09:00:00
S00004051,M0402,SA0210,4709.47,2026-02-28 02:00:00
S00004052,M0402,SA0210,2682.12,2026-03-02 06:00:00
S00004053,M0402,SA0210,1871.37,2026-03-05 05:00:00
S00004054,M0402,SA0210,1774.58,2026-03-09 03:00:00
S00004055,M0402,SA0210,5476.84,2026-03-11 08:00:00
S00004056,M0402,SA0210,1322.45,2026-03-15 01:00:00
S00004057,M0402,SA0210,4363.7,2026-03-17 11:00:00
S00004058,M0402,SA0210,8888.29,2026-03-21 02:00:00
S00004059,M0402,SA0210,1087.07,2026-03-23 06:00:00
S00004060,M0402,SA0210,6323.27,2026-03-26 09:00:00
S00004061,M0402,SA0210,1286.26,2026-03-30 02:00:00
S00004062,M0403,SA0116,743.43,2026-01-04 05:00:00
S00004063,M0403,SA0116,5691.69,2026-01-07 21:00:00
S00004064,M0403,SA0116,18198.1,2026-01-10 05:00:00
S00004065,M0403,SA0116,2357.89,2026-01-14 02:00:00
S00004066,M0403,SA0116,13085.8,2026-01-16 22:00:00
S00004067,M0403,SA0116,14692.75,2026-01-19 20:00:00
S00004068,M0403,SA0116,11045.46,2026-01-22 06:00:00
S00004069,M0403,SA0116,25180.06,2026-01-25 17:00:00
S00004070,M0403,SA0116,4116.25,2026-01-28 06:00:00
S00004071,M0403,SA0116,9717.65,2026-01-31 07:00:00
S00004072,M0403,SA0116,3027.24,2026-02-04 00:00:00
S00004073,M0403,SA0116,8543.7,2026-02-06 14:00:00
S00004074,M0403,SA0116,17700.51,2026-02-10 02:00:00
S00004075,M0403,SA0116,2588.63,2026-02-15 22:00:00
S00004076,M0403,SA0116,25329.48,2026-02-19 03:00:00
S00004077,M0403,SA0116,23235.9,2026-02-21 08:00:00
S00004078,M0403,SA0116,10119.19,2026-02-25 00:00:00
S00004079,M0403,SA0116,23777.49,2026-02-27 05:00:00
S00004080,M0403,SA0116,21328.65,2026-03-02 10:00:00
S00004081,M0403,SA0116,5136.33,2026-03-05 21:00:00
S00004082,M0403,SA0116,4072.82,2026-03-08 15:00:00
S00004083,M0403,SA0116,4161.45,2026-03-11 23:00:00
S00004084,M0403,SA0116,12002.59,2026-03-14 07:00:00
S00004085,M0403,SA0116,11692.73,2026-03-17 04:00:00
S00004086,M0403,SA0116,25489.34,2026-03-20 05:00:00
S00004087,M0403,SA0116,19294.91,2026-03-23 20:00:00
S00004088,M0403,SA0116,3722.65,2026-03-26 18:00:00
S00004089,M0403,SA0116,7165.12,2026-03-29 15:00:00
S00004090,M0403,SA0116,10844.69,2026-04-01 18:00:00
S00004091,M0404,SA0336,2095.84,2026-01-04 14:00:00
S00004092,M0404,SA0336,678.3,2026-01-10 06:00:00
S00004093,M0404,SA0336,485.07,2026-01-13 17:00:00
S00004094,M0404,SA0336,2365.29,2026-01-19 21:00:00
S00004095,M0404,SA0336,473.44,2026-01-28 14:00:00
S00004096,M0404,SA0336,1801.38,2026-01-31 13:00:00
S00004097,M0404,SA0336,3336.92,2026-02-03 22:00:00
S00004098,M0404,SA0336,352.12,2026-02-15 09:00:00
S00004099,M0404,SA0336,3788.46,2026-02-21 18:00:00
S00004100,M0404,SA0336,1565.8,2026-02-27 19:00:00
S00004101,M0404,SA0336,996.61,2026-03-08 10:00:00
S00004102,M0404,SA0336,865.68,2026-03-11 14:00:00
S00004103,M0404,SA0336,873.3,2026-03-17 10:00:00
S00004104,M0404,SA0336,326.06,2026-03-20 21:00:00
S00004105,M0404,SA0336,1697.25,2026-03-26 10:00:00
S00004106,M0405,SA0021,4392.75,2026-01-04 09:00:00
S00004107,M0405,SA0021,5993.2,2026-01-07 23:00:00
S00004108,M0405,SA0021,6514.59,2026-01-10 11:00:00
S00004109,M0405,SA0021,7035.03,2026-01-13 12:00:00
S00004110,M0405,SA0021,6678.45,2026-01-16 18:00:00
S00004111,M0405,SA0021,2556.17,2026-01-19 07:00:00
S00004112,M0405,SA0021,2768.18,2026-01-22 04:00:00
S00004113,M0405,SA0021,9918.48,2026-01-25 22:00:00
S00004114,M0405,SA0021,1915.83,2026-01-28 09:00:00
S00004115,M0405,SA0021,9356.43,2026-01-31 07:00:00
S00004116,M0405,SA0021,6922.2,2026-02-03 18:00:00
S00004117,M0405,SA0021,6695.72,2026-02-06 06:00:00
S00004118,M0405,SA0021,49546.44,2026-02-09 06:00:00
S00004119,M0405,SA0021,10738.76,2026-02-12 16:00:00
S00004120,M0405,SA0021,4769.48,2026-02-15 04:00:00
S00004121,M0405,SA0021,17113.9,2026-02-18 13:00:00
S00004122,M0405,SA0021,6696.01,2026-02-21 13:00:00
S00004123,M0405,SA0021,14275.89,2026-02-24 06:00:00
S00004124,M0405,SA0021,9480.94,2026-02-27 17:00:00
S00004125,M0405,SA0021,15203.2,2026-03-02 08:00:00
S00004126,M0405,SA0021,9320.06,2026-03-05 16:00:00
S00004127,M0405,SA0021,3079.74,2026-03-08 09:00:00
S00004128,M0405,SA0021,772.93,2026-03-11 06:00:00
S00004129,M0405,SA0021,5121.43,2026-03-14 08:00:00
S00004130,M0405,SA0021,5324.65,2026-03-17 04:00:00
S00004131,M0405,SA0021,10874.55,2026-03-20 05:00:00
S00004132,M0405,SA0021,4183.23,2026-03-23 23:00:00
S00004133,M0405,SA0021,2980.78,2026-03-29 13:00:00
S00004134,M0405,SA0021,4352.76,2026-04-01 13:00:00
S00004135,M0406,SA0473,3674.82,2026-03-08 20:00:00
S00004136,M0406,SA0473,1398.6,2026-03-20 21:00:00
S00004137,M0407,SA0424,1082.34,2026-01-28 22:00:00
S00004138,M0407,SA0424,683.88,2026-02-04 03:00:00
S00004139,M0407,SA0424,1787.59,2026-02-12 10:00:00
S00004140,M0408,SA0385,3127.0,2026-01-07 07:00:00
S00004141,M0408,SA0385,6494.02,2026-01-10 15:00:00
S00004142,M0408,SA0385,2359.35,2026-01-17 03:00:00
S00004143,M0408,SA0385,3508.41,2026-01-20 00:00:00
S00004144,M0408,SA0385,2451.78,2026-01-22 09:00:00
S00004145,M0408,SA0385,1845.74,2026-01-25 10:00:00
S00004146,M0408,SA0385,8429.03,2026-01-28 15:00:00
S00004147,M0408,SA0385,1380.28,2026-01-31 14:00:00
S00004148,M0408,SA0385,787.41,2026-02-03 19:00:00
S00004149,M0408,SA0385,2639.12,2026-02-09 08:00:00
S00004150,M0408,SA0385,2983.78,2026-02-12 19:00:00
S00004151,M0408,SA0385,3211.01,2026-02-15 06:00:00
S00004152,M0408,SA0385,10522.75,2026-02-21 15:00:00
S00004153,M0408,SA0385,2233.68,2026-02-27 05:00:00
S00004154,M0408,SA0385,3050.99,2026-03-05 10:00:00
S00004155,M0408,SA0385,1068.86,2026-03-08 11:00:00
S00004156,M0408,SA0385,12603.26,2026-03-14 21:00:00
S00004157,M0408,SA0385,2215.0,2026-03-23 04:00:00
S00004158,M0408,SA0385,1749.55,2026-03-29 10:00:00
S00004159,M0408,SA0385,779.77,2026-04-01 10:00:00
S00004160,M0409,SA0023,395.43,2026-01-04 04:00:00
S00004161,M0409,SA0023,946.66,2026-01-07 04:00:00
S00004162,M0409,SA0023,1310.3,2026-01-16 21:00:00
S00004163,M0409,SA0023,1193.56,2026-01-28 17:00:00
S00004164,M0409,SA0023,912.08,2026-02-21 07:00:00
S00004165,M0409,SA0023,651.95,2026-03-02 18:00:00
S00004166,M0410,SA0573,16109.49,2026-01-04 06:00:00
S00004167,M0410,SA0573,2350.66,2026-01-08 02:00:00
S00004168,M0410,SA0573,7112.49,2026-01-11 02:00:00
S00004169,M0410,SA0573,3361.72,2026-01-14 01:00:00
S00004170,M0410,SA0573,9426.13,2026-01-16 20:00:00
S00004171,M0410,SA0573,22625.5,2026-01-19 22:00:00
S00004172,M0410,SA0573,15532.21,2026-01-22 04:00:00
S00004173,M0410,SA0573,10896.4,2026-01-26 03:00:00
S00004174,M0410,SA0573,4297.12,2026-01-28 04:00:00
S00004175,M0410,SA0573,17052.08,2026-01-31 20:00:00
S00004176,M0410,SA0573,2865.04,2026-02-03 22:00:00
S00004177,M0410,SA0573,4707.87,2026-02-07 02:00:00
S00004178,M0410,SA0573,11379.18,2026-02-09 19:00:00
S00004179,M0410,SA0573,14706.89,2026-02-12 05:00:00
S00004180,M0410,SA0573,5395.89,2026-02-15 08:00:00
S00004181,M0410,SA0573,9946.63,2026-02-18 17:00:00
S00004182,M0410,SA0573,4988.14,2026-02-21 16:00:00
S00004183,M0410,SA0573,4556.25,2026-02-24 15:00:00
S00004184,M0410,SA0573,2665.36,2026-02-27 07:00:00
S00004185,M0410,SA0573,2886.21,2026-03-03 00:00:00
S00004186,M0410,SA0573,4604.76,2026-03-05 10:00:00
S00004187,M0410,SA0573,12877.95,2026-03-08 23:00:00
S00004188,M0410,SA0573,29933.16,2026-03-11 17:00:00
S00004189,M0410,SA0573,2024.62,2026-03-15 03:00:00
S00004190,M0410,SA0573,10133.27,2026-03-17 18:00:00
S00004191,M0410,SA0573,18115.67,2026-03-20 06:00:00
S00004192,M0410,SA0573,7718.86,2026-03-23 21:00:00
S00004193,M0410,SA0573,1200.92,2026-03-26 15:00:00
S00004194,M0410,SA0573,6675.88,2026-03-29 05:00:00
S00004195,M0410,SA0573,8636.49,2026-04-01 06:00:00
S00004196,M0411,SA0027,4527.72,2026-01-04 04:00:00
S00004197,M0411,SA0027,4049.62,2026-01-07 22:00:00
S00004198,M0411,SA0027,3828.09,2026-01-25 17:00:00
S00004199,M0411,SA0027,620.11,2026-01-31 12:00:00
S00004200,M0411,SA0027,8115.13,2026-02-15 18:00:00
S00004201,M0411,SA0027,1026.46,2026-02-24 14:00:00
S00004202,M0411,SA0027,3075.37,2026-03-23 10:00:00
S00004203,M0411,SA0027,1526.32,2026-03-29 19:00:00
S00004204,M0412,SA0022,1175.03,2026-01-11 03:00:00
S00004205,M0412,SA0022,1177.15,2026-01-16 06:00:00
S00004206,M0412,SA0022,1926.77,2026-01-31 17:00:00
S00004207,M0412,SA0022,2489.5,2026-02-06 15:00:00
S00004208,M0412,SA0022,6373.87,2026-02-24 04:00:00
S00004209,M0412,SA0022,1210.01,2026-02-27 05:00:00
S00004210,M0412,SA0022,797.82,2026-03-14 10:00:00
S00004211,M0412,SA0022,1632.03,2026-04-01 08:00:00
S00004212,M0413,SA0297,1158.8,2026-01-07 14:00:00
S00004213,M0413,SA0297,895.31,2026-01-28 04:00:00
S00004214,M0413,SA0297,3832.06,2026-01-31 19:00:00
S00004215,M0413,SA0297,5935.69,2026-02-03 10:00:00
S00004216,M0413,SA0297,500.55,2026-02-06 05:00:00
S00004217,M0413,SA0297,677.46,2026-02-21 23:00:00
S00004218,M0413,SA0297,1212.03,2026-02-28 00:00:00
S00004219,M0413,SA0297,441.34,2026-03-08 18:00:00
S00004220,M0413,SA0297,1514.04,2026-03-20 23:00:00
S00004221,M0414,SA0527,563.29,2026-01-07 07:00:00
S00004222,M0414,SA0527,718.96,2026-01-10 07:00:00
S00004223,M0414,SA0527,5084.14,2026-01-19 17:00:00
S00004224,M0414,SA0527,413.37,2026-02-12 05:00:00
S00004225,M0414,SA0527,1441.65,2026-02-24 09:00:00
S00004226,M0414,SA0527,1004.21,2026-03-05 14:00:00
S00004227,M0414,SA0527,536.58,2026-03-15 01:00:00
S00004228,M0415,SA0306,1334.06,2026-01-16 20:00:00
S00004229,M0415,SA0306,558.02,2026-01-31 18:00:00
S00004230,M0415,SA0306,1191.18,2026-02-04 02:00:00
S00004231,M0415,SA0306,71.15,2026-03-11 16:00:00
S00004232,M0415,SA0306,1259.22,2026-03-23 15:00:00
S00004233,M0416,SA0613,890.69,2026-01-04 10:00:00
S00004234,M0416,SA0613,1637.61,2026-01-07 20:00:00
S00004235,M0416,SA0613,4105.28,2026-01-11 02:00:00
S00004236,M0416,SA0613,1205.38,2026-01-26 03:00:00
S00004237,M0416,SA0613,1167.94,2026-02-03 23:00:00
S00004238,M0416,SA0613,1659.55,2026-02-07 01:00:00
S00004239,M0416,SA0613,2123.15,2026-02-15 05:00:00
S00004240,M0416,SA0613,3664.95,2026-03-05 06:00:00
S00004241,M0416,SA0613,1657.14,2026-03-08 23:00:00
S00004242,M0416,SA0613,3186.29,2026-03-11 13:00:00
S00004243,M0416,SA0613,395.45,2026-03-14 22:00:00
S00004244,M0416,SA0613,1307.82,2026-03-17 23:00:00
S00004245,M0416,SA0613,757.51,2026-03-20 09:00:00
S00004246,M0417,SA0701,709.77,2026-02-16 03:00:00
S00004247,M0417,SA0701,1737.69,2026-04-01 04:00:00
S00004248,M0418,SA0574,4866.08,2026-01-05 01:00:00
S00004249,M0418,SA0574,5393.01,2026-01-07 10:00:00
S00004250,M0418,SA0574,7017.63,2026-01-10 16:00:00
S00004251,M0418,SA0574,42562.02,2026-01-13 18:00:00
S00004252,M0418,SA0574,3150.42,2026-01-17 03:00:00
S00004253,M0418,SA0574,3574.73,2026-01-28 21:00:00
S00004254,M0418,SA0574,5325.9,2026-01-31 22:00:00
S00004255,M0418,SA0574,1985.5,2026-02-27 22:00:00
S00004256,M0418,SA0574,2973.02,2026-03-05 17:00:00
S00004257,M0418,SA0574,2362.01,2026-03-11 23:00:00
S00004258,M0418,SA0574,7241.43,2026-03-14 13:00:00
S00004259,M0418,SA0574,3362.73,2026-03-20 19:00:00
S00004260,M0418,SA0574,2665.16,2026-03-26 10:00:00
S00004261,M0418,SA0574,2511.72,2026-03-29 20:00:00
S00004262,M0419,SA0030,26193.0,2026-01-04 09:00:00
S00004263,M0419,SA0030,9339.81,2026-01-07 09:00:00
S00004264,M0419,SA0030,3422.22,2026-01-10 05:00:00
S00004265,M0419,SA0030,15550.46,2026-01-19 14:00:00
S00004266,M0419,SA0030,3046.3,2026-01-25 20:00:00
S00004267,M0419,SA0030,7785.57,2026-01-31 07:00:00
S00004268,M0419,SA0030,3073.3,2026-02-06 07:00:00
S00004269,M0419,SA0030,4032.86,2026-02-09 20:00:00
S00004270,M0419,SA0030,23260.88,2026-02-12 05:00:00
S00004271,M0419,SA0030,2605.75,2026-03-08 20:00:00
S00004272,M0419,SA0030,6609.58,2026-03-11 15:00:00
S00004273,M0419,SA0030,8809.63,2026-03-14 05:00:00
S00004274,M0420,SA0579,509.13,2026-01-07 20:00:00
S00004275,M0420,SA0579,7781.95,2026-01-13 04:00:00
S00004276,M0420,SA0579,6195.54,2026-01-20 03:00:00
S00004277,M0420,SA0579,6497.24,2026-01-22 18:00:00
S00004278,M0420,SA0579,4867.59,2026-01-25 19:00:00
S00004279,M0420,SA0579,3320.35,2026-01-28 05:00:00
S00004280,M0420,SA0579,3111.38,2026-02-03 13:00:00
S00004281,M0420,SA0579,840.87,2026-02-06 23:00:00
S00004282,M0420,SA0579,2120.64,2026-02-09 11:00:00
S00004283,M0420,SA0579,1777.33,2026-02-15 20:00:00
S00004284,M0420,SA0579,474.53,2026-02-18 09:00:00
S00004285,M0420,SA0579,10099.21,2026-02-27 13:00:00
S00004286,M0420,SA0579,1086.08,2026-03-02 13:00:00
S00004287,M0420,SA0579,2689.72,2026-03-05 18:00:00
S00004288,M0420,SA0579,3061.03,2026-03-14 09:00:00
S00004289,M0420,SA0579,521.47,2026-03-20 11:00:00
S00004290,M0420,SA0579,3912.63,2026-03-23 22:00:00
S00004291,M0420,SA0579,1502.2,2026-03-26 11:00:00
S00004292,M0420,SA0579,2275.44,2026-04-01 09:00:00
S00004293,M0421,SA0155,1615.8,2026-01-10 09:00:00
S00004294,M0421,SA0155,6638.04,2026-02-21 11:00:00
S00004295,M0421,SA0155,5014.32,2026-02-25 02:00:00
S00004296,M0421,SA0155,2513.81,2026-03-05 23:00:00
S00004297,M0422,SA0667,857.41,2026-03-17 07:00:00
S00004298,M0423,SA0734,641.53,2026-01-07 18:00:00
S00004299,M0423,SA0734,1243.56,2026-01-22 17:00:00
S00004300,M0423,SA0734,1997.04,2026-01-25 06:00:00
S00004301,M0423,SA0734,412.85,2026-02-09 04:00:00
S00004302,M0423,SA0734,214.11,2026-02-27 14:00:00
S00004303,M0423,SA0734,2287.24,2026-03-06 00:00:00
S00004304,M0423,SA0734,460.29,2026-03-08 11:00:00
S00004305,M0423,SA0734,2045.42,2026-03-17 15:00:00
S00004306,M0423,SA0734,5468.23,2026-03-23 22:00:00
S00004307,M0423,SA0734,520.07,2026-04-01 11:00:00
S00004308,M0424,SA0064,9616.61,2026-01-04 21:00:00
S00004309,M0424,SA0064,11235.34,2026-01-07 20:00:00
S00004310,M0424,SA0064,9928.71,2026-01-10 07:00:00
S00004311,M0424,SA0064,4806.26,2026-01-13 23:00:00
S00004312,M0424,SA0064,7237.8,2026-01-16 08:00:00
S00004313,M0424,SA0064,8035.87,2026-01-19 04:00:00
S00004314,M0424,SA0064,3889.39,2026-01-22 17:00:00
S00004315,M0424,SA0064,15774.26,2026-01-25 05:00:00
S00004316,M0424,SA0064,3921.63,2026-01-28 15:00:00
S00004317,M0424,SA0064,8755.08,2026-01-31 06:00:00
S00004318,M0424,SA0064,7695.93,2026-02-03 05:00:00
S00004319,M0424,SA0064,12963.64,2026-02-07 02:00:00
S00004320,M0424,SA0064,10212.3,2026-02-09 08:00:00
S00004321,M0424,SA0064,6739.64,2026-02-13 02:00:00
S00004322,M0424,SA0064,8693.76,2026-02-16 03:00:00
S00004323,M0424,SA0064,18248.28,2026-02-18 18:00:00
S00004324,M0424,SA0064,7338.86,2026-02-21 22:00:00
S00004325,M0424,SA0064,9609.16,2026-02-24 11:00:00
S00004326,M0424,SA0064,9058.83,2026-02-27 10:00:00
S00004327,M0424,SA0064,5741.8,2026-03-02 06:00:00
S00004328,M0424,SA0064,9671.34,2026-03-05 05:00:00
S00004329,M0424,SA0064,7809.36,2026-03-08 20:00:00
S00004330,M0424,SA0064,3291.78,2026-03-11 13:00:00
S00004331,M0424,SA0064,3865.46,2026-03-14 18:00:00
S00004332,M0424,SA0064,6245.95,2026-03-17 16:00:00
S00004333,M0424,SA0064,15071.25,2026-03-20 12:00:00
S00004334,M0424,SA0064,3468.55,2026-03-23 19:00:00
S00004335,M0424,SA0064,5085.69,2026-03-26 21:00:00
S00004336,M0424,SA0064,5767.09,2026-03-29 12:00:00
S00004337,M0424,SA0064,6789.03,2026-04-01 08:00:00
S00004338,M0425,SA0074,23988.82,2026-01-07 11:00:00
S00004339,M0425,SA0074,31776.23,2026-01-10 19:00:00
S00004340,M0425,SA0074,2250.71,2026-01-16 19:00:00
S00004341,M0425,SA0074,8244.49,2026-01-22 11:00:00
S00004342,M0425,SA0074,30830.51,2026-01-28 16:00:00
S00004343,M0425,SA0074,14268.32,2026-01-31 07:00:00
S00004344,M0425,SA0074,29645.44,2026-02-03 22:00:00
S00004345,M0425,SA0074,9995.24,2026-02-06 18:00:00
S00004346,M0425,SA0074,2654.08,2026-02-09 12:00:00
S00004347,M0425,SA0074,9270.48,2026-02-12 14:00:00
S00004348,M0425,SA0074,2293.26,2026-02-24 17:00:00
S00004349,M0425,SA0074,11948.99,2026-02-27 07:00:00
S00004350,M0425,SA0074,22756.24,2026-03-02 19:00:00
S00004351,M0425,SA0074,12555.48,2026-03-08 13:00:00
S00004352,M0425,SA0074,21526.19,2026-03-17 08:00:00
S00004353,M0425,SA0074,4012.08,2026-03-20 08:00:00
S00004354,M0425,SA0074,16831.34,2026-03-23 16:00:00
S00004355,M0425,SA0074,42431.97,2026-03-26 08:00:00
S00004356,M0425,SA0074,2254.01,2026-03-29 23:00:00
S00004357,M0426,SA0523,5092.01,2026-02-27 16:00:00
S00004358,M0426,SA0523,3305.93,2026-03-18 02:00:00
S00004359,M0427,SA0108,13942.56,2026-01-13 10:00:00
S00004360,M0427,SA0108,6567.35,2026-01-22 22:00:00
S00004361,M0427,SA0108,5685.66,2026-01-25 14:00:00
S00004362,M0427,SA0108,5093.16,2026-01-28 20:00:00
S00004363,M0427,SA0108,3855.85,2026-02-06 11:00:00
S00004364,M0427,SA0108,5262.91,2026-02-09 17:00:00
S00004365,M0427,SA0108,4291.7,2026-03-02 08:00:00
S00004366,M0427,SA0108,3421.01,2026-03-08 10:00:00
S00004367,M0427,SA0108,8624.98,2026-03-11 04:00:00
S00004368,M0427,SA0108,4691.53,2026-03-17 09:00:00
S00004369,M0427,SA0108,4132.76,2026-03-23 07:00:00
S00004370,M0427,SA0108,2687.57,2026-03-26 20:00:00
S00004371,M0428,SA0727,4582.0,2026-01-10 13:00:00
S00004372,M0428,SA0727,4272.42,2026-01-13 07:00:00
S00004373,M0428,SA0727,526.32,2026-01-25 22:00:00
S00004374,M0428,SA0727,2395.34,2026-01-29 00:00:00
S00004375,M0428,SA0727,3152.3,2026-01-31 04:00:00
S00004376,M0428,SA0727,6786.69,2026-02-04 03:00:00
S00004377,M0428,SA0727,10193.28,2026-02-07 02:00:00
S00004378,M0428,SA0727,672.25,2026-02-15 20:00:00
S00004379,M0428,SA0727,5025.74,2026-03-02 15:00:00
S00004380,M0428,SA0727,396.7,2026-03-09 03:00:00
S00004381,M0428,SA0727,726.15,2026-03-11 12:00:00
S00004382,M0428,SA0727,989.22,2026-03-15 01:00:00
S00004383,M0428,SA0727,1703.12,2026-03-17 20:00:00
S00004384,M0428,SA0727,2294.24,2026-03-20 07:00:00
S00004385,M0428,SA0727,1667.54,2026-03-30 02:00:00
S00004386,M0428,SA0727,4746.84,2026-04-01 05:00:00
S00004387,M0429,SA0406,1233.17,2026-02-06 05:00:00
S00004388,M0430,SA0431,4724.02,2026-01-04 22:00:00
S00004389,M0430,SA0431,385.31,2026-01-07 13:00:00
S00004390,M0430,SA0431,4867.91,2026-01-10 21:00:00
S00004391,M0430,SA0431,4562.45,2026-01-17 01:00:00
S00004392,M0430,SA0431,3604.17,2026-01-19 10:00:00
S00004393,M0430,SA0431,2729.89,2026-01-23 02:00:00
S00004394,M0430,SA0431,3805.45,2026-01-25 20:00:00
S00004395,M0430,SA0431,4262.98,2026-01-28 17:00:00
S00004396,M0430,SA0431,3290.63,2026-02-03 17:00:00
S00004397,M0430,SA0431,8726.91,2026-02-06 14:00:00
S00004398,M0430,SA0431,5978.89,2026-02-12 14:00:00
S00004399,M0430,SA0431,2411.71,2026-02-15 17:00:00
S00004400,M0430,SA0431,866.69,2026-02-18 19:00:00
S00004401,M0430,SA0431,1323.47,2026-02-21 15:00:00
S00004402,M0430,SA0431,3670.14,2026-02-24 16:00:00
S00004403,M0430,SA0431,10501.75,2026-02-27 09:00:00
S00004404,M0430,SA0431,9378.9,2026-03-02 07:00:00
S00004405,M0430,SA0431,2973.44,2026-03-05 16:00:00
S00004406,M0430,SA0431,3217.34,2026-03-08 08:00:00
S00004407,M0430,SA0431,2682.76,2026-03-11 18:00:00
S00004408,M0430,SA0431,2102.62,2026-03-14 09:00:00
S00004409,M0430,SA0431,8398.56,2026-03-17 18:00:00
S00004410,M0430,SA0431,4874.91,2026-03-20 13:00:00
S00004411,M0430,SA0431,6184.6,2026-03-26 21:00:00
S00004412,M0430,SA0431,2175.1,2026-03-30 00:00:00
S00004413,M0430,SA0431,4310.76,2026-04-01 17:00:00
S00004414,M0431,SA0646,3311.21,2026-01-04 04:00:00
S00004415,M0431,SA0646,2600.21,2026-01-22 08:00:00
S00004416,M0431,SA0646,662.43,2026-02-13 03:00:00
S00004417,M0431,SA0646,933.15,2026-02-15 09:00:00
S00004418,M0431,SA0646,1267.44,2026-02-18 10:00:00
S00004419,M0431,SA0646,2277.88,2026-03-11 18:00:00
S00004420,M0431,SA0646,7688.86,2026-03-14 20:00:00
S00004421,M0431,SA0646,1385.11,2026-03-17 18:00:00
S00004422,M0431,SA0646,972.85,2026-03-23 23:00:00
S00004423,M0431,SA0646,1593.73,2026-03-26 23:00:00
S00004424,M0432,SA0163,7802.83,2026-01-17 00:00:00
S00004425,M0432,SA0163,1661.13,2026-02-01 02:00:00
S00004426,M0432,SA0163,1978.0,2026-02-15 06:00:00
S00004427,M0432,SA0163,2331.08,2026-02-27 15:00:00
S00004428,M0432,SA0163,5791.61,2026-03-06 00:00:00
S00004429,M0432,SA0163,7604.63,2026-03-30 00:00:00
S00004430,M0433,SA0417,1444.7,2026-01-25 21:00:00
S00004431,M0433,SA0417,1723.73,2026-02-10 00:00:00
S00004432,M0433,SA0417,7458.63,2026-02-18 05:00:00
S00004433,M0433,SA0417,1013.75,2026-03-17 13:00:00
S00004434,M0433,SA0417,996.72,2026-03-23 21:00:00
S00004435,M0433,SA0417,9539.33,2026-03-26 12:00:00
S00004436,M0433,SA0417,1909.95,2026-03-29 05:00:00
S00004437,M0434,SA0750,3481.24,2026-01-04 08:00:00
S00004438,M0434,SA0750,1191.94,2026-01-10 05:00:00
S00004439,M0434,SA0750,983.62,2026-01-14 02:00:00
S00004440,M0434,SA0750,1459.6,2026-01-16 07:00:00
S00004441,M0434,SA0750,3606.31,2026-01-22 13:00:00
S00004442,M0434,SA0750,10679.04,2026-02-03 22:00:00
S00004443,M0434,SA0750,803.67,2026-02-06 06:00:00
S00004444,M0434,SA0750,1887.21,2026-02-09 18:00:00
S00004445,M0434,SA0750,698.89,2026-02-15 21:00:00
S00004446,M0434,SA0750,684.34,2026-02-21 11:00:00
S00004447,M0434,SA0750,4369.11,2026-02-28 02:00:00
S00004448,M0434,SA0750,827.38,2026-03-06 01:00:00
S00004449,M0434,SA0750,17545.77,2026-03-09 00:00:00
S00004450,M0434,SA0750,4551.49,2026-03-14 10:00:00
S00004451,M0434,SA0750,504.24,2026-03-17 16:00:00
S00004452,M0434,SA0750,6272.19,2026-03-20 11:00:00
S00004453,M0434,SA0750,2668.06,2026-03-27 00:00:00
S00004454,M0434,SA0750,5686.52,2026-04-01 17:00:00
S00004455,M0435,SA0017,1100.8,2026-02-06 22:00:00
S00004456,M0435,SA0017,2060.51,2026-03-02 05:00:00
S00004457,M0435,SA0017,632.51,2026-03-08 06:00:00
S00004458,M0436,SA0132,17860.8,2026-01-19 05:00:00
S00004459,M0436,SA0132,4284.77,2026-02-06 08:00:00
S00004460,M0437,SA0110,4617.05,2026-01-07 21:00:00
S00004461,M0437,SA0110,269.49,2026-01-10 08:00:00
S00004462,M0437,SA0110,2418.36,2026-01-13 04:00:00
S00004463,M0437,SA0110,4090.87,2026-01-16 15:00:00
S00004464,M0437,SA0110,1534.94,2026-01-22 04:00:00
S00004465,M0437,SA0110,1769.39,2026-01-25 23:00:00
S00004466,M0437,SA0110,708.75,2026-02-01 02:00:00
S00004467,M0437,SA0110,340.55,2026-02-09 21:00:00
S00004468,M0437,SA0110,467.67,2026-02-12 22:00:00
S00004469,M0437,SA0110,1100.31,2026-02-24 06:00:00
S00004470,M0437,SA0110,2037.55,2026-03-12 02:00:00
S00004471,M0437,SA0110,2244.64,2026-03-17 09:00:00
S00004472,M0437,SA0110,692.64,2026-03-26 20:00:00
S00004473,M0437,SA0110,566.27,2026-03-29 13:00:00
S00004474,M0438,SA0252,472.07,2026-01-22 16:00:00
S00004475,M0439,SA0083,3313.17,2026-03-14 04:00:00
S00004476,M0440,SA0130,25911.77,2026-01-08 00:00:00
S00004477,M0440,SA0130,9979.64,2026-01-19 20:00:00
S00004478,M0440,SA0130,9445.24,2026-01-22 22:00:00
S00004479,M0440,SA0130,9571.2,2026-01-31 12:00:00
S00004480,M0440,SA0130,23302.02,2026-02-06 12:00:00
S00004481,M0440,SA0130,17115.35,2026-02-09 04:00:00
S00004482,M0440,SA0130,12953.74,2026-02-13 00:00:00
S00004483,M0440,SA0130,5539.25,2026-02-15 11:00:00
S00004484,M0440,SA0130,1538.94,2026-02-18 20:00:00
S00004485,M0440,SA0130,3944.28,2026-02-27 16:00:00
S00004486,M0440,SA0130,8484.91,2026-03-05 09:00:00
S00004487,M0440,SA0130,6527.22,2026-03-08 15:00:00
S00004488,M0440,SA0130,28282.27,2026-03-12 02:00:00
S00004489,M0440,SA0130,2776.4,2026-03-14 06:00:00
S00004490,M0440,SA0130,49621.63,2026-03-17 20:00:00
S00004491,M0440,SA0130,12193.18,2026-03-20 06:00:00
S00004492,M0440,SA0130,16429.04,2026-03-23 12:00:00
S00004493,M0440,SA0130,4394.2,2026-04-01 13:00:00
S00004494,M0441,SA0640,1503.95,2026-01-04 09:00:00
S00004495,M0441,SA0640,1418.34,2026-01-16 11:00:00
S00004496,M0441,SA0640,3186.23,2026-01-19 14:00:00
S00004497,M0441,SA0640,1787.6,2026-01-26 01:00:00
S00004498,M0441,SA0640,5113.81,2026-02-04 02:00:00
S00004499,M0441,SA0640,2435.74,2026-02-09 07:00:00
S00004500,M0441,SA0640,1323.04,2026-02-18 04:00:00
S00004501,M0441,SA0640,700.15,2026-03-14 17:00:00
S00004502,M0441,SA0640,550.41,2026-03-17 20:00:00
S00004503,M0441,SA0640,509.35,2026-03-23 22:00:00
S00004504,M0441,SA0640,566.68,2026-03-29 20:00:00
S00004505,M0442,SA0349,2651.68,2026-01-05 00:00:00
S00004506,M0442,SA0349,1816.29,2026-01-14 03:00:00
S00004507,M0442,SA0349,938.03,2026-01-19 13:00:00
S00004508,M0442,SA0349,987.63,2026-01-22 10:00:00
S00004509,M0442,SA0349,1663.17,2026-01-25 14:00:00
S00004510,M0442,SA0349,2331.08,2026-01-28 09:00:00
S00004511,M0442,SA0349,555.42,2026-01-31 11:00:00
S00004512,M0442,SA0349,1550.68,2026-02-03 13:00:00
S00004513,M0442,SA0349,3055.8,2026-02-15 04:00:00
S00004514,M0442,SA0349,856.08,2026-02-19 00:00:00
S00004515,M0442,SA0349,1069.62,2026-02-21 11:00:00
S00004516,M0442,SA0349,10355.73,2026-02-25 01:00:00
S00004517,M0442,SA0349,508.05,2026-03-05 07:00:00
S00004518,M0442,SA0349,3231.11,2026-03-12 01:00:00
S00004519,M0442,SA0349,751.77,2026-03-18 01:00:00
S00004520,M0442,SA0349,222.32,2026-03-23 16:00:00
S00004521,M0442,SA0349,1104.15,2026-03-27 02:00:00
S00004522,M0443,SA0269,4584.77,2026-01-07 05:00:00
S00004523,M0443,SA0269,1863.87,2026-01-13 04:00:00
S00004524,M0443,SA0269,9081.94,2026-01-17 02:00:00
S00004525,M0443,SA0269,3519.27,2026-01-19 21:00:00
S00004526,M0443,SA0269,2465.76,2026-01-22 23:00:00
S00004527,M0443,SA0269,9761.61,2026-01-28 19:00:00
S00004528,M0443,SA0269,7318.53,2026-02-01 03:00:00
S00004529,M0443,SA0269,9955.63,2026-02-03 23:00:00
S00004530,M0443,SA0269,8860.2,2026-02-06 04:00:00
S00004531,M0443,SA0269,3727.62,2026-02-09 21:00:00
S00004532,M0443,SA0269,12327.26,2026-02-27 11:00:00
S00004533,M0443,SA0269,1226.26,2026-03-02 12:00:00
S00004534,M0443,SA0269,6467.81,2026-03-08 18:00:00
S00004535,M0443,SA0269,5784.01,2026-03-15 01:00:00
S00004536,M0443,SA0269,4886.0,2026-04-01 06:00:00
S00004537,M0444,SA0315,22264.95,2026-01-04 19:00:00
S00004538,M0444,SA0315,18975.05,2026-01-07 17:00:00
S00004539,M0444,SA0315,12108.6,2026-01-10 07:00:00
S00004540,M0444,SA0315,49511.08,2026-01-13 18:00:00
S00004541,M0444,SA0315,4819.97,2026-01-17 02:00:00
S00004542,M0444,SA0315,6808.81,2026-01-19 19:00:00
S00004543,M0444,SA0315,28275.74,2026-01-22 06:00:00
S00004544,M0444,SA0315,34247.58,2026-01-25 14:00:00
S00004545,M0444,SA0315,12780.12,2026-01-28 22:00:00
S00004546,M0444,SA0315,43808.48,2026-02-01 01:00:00
S00004547,M0444,SA0315,22439.99,2026-02-03 11:00:00
S00004548,M0444,SA0315,44159.67,2026-02-06 23:00:00
S00004549,M0444,SA0315,1152.77,2026-02-09 16:00:00
S00004550,M0444,SA0315,14393.38,2026-02-12 13:00:00
S00004551,M0444,SA0315,13958.23,2026-02-15 09:00:00
S00004552,M0444,SA0315,4126.51,2026-02-18 19:00:00
S00004553,M0444,SA0315,36103.18,2026-02-21 21:00:00
S00004554,M0444,SA0315,18509.06,2026-02-24 21:00:00
S00004555,M0444,SA0315,25882.61,2026-02-28 03:00:00
S00004556,M0444,SA0315,40863.58,2026-03-02 18:00:00
S00004557,M0444,SA0315,14851.97,2026-03-05 14:00:00
S00004558,M0444,SA0315,8928.32,2026-03-08 04:00:00
S00004559,M0444,SA0315,3609.89,2026-03-12 00:00:00
S00004560,M0444,SA0315,14366.78,2026-03-14 11:00:00
S00004561,M0444,SA0315,11813.3,2026-03-18 01:00:00
S00004562,M0444,SA0315,26111.93,2026-03-20 22:00:00
S00004563,M0444,SA0315,24859.31,2026-03-23 08:00:00
S00004564,M0444,SA0315,6868.93,2026-03-26 14:00:00
S00004565,M0444,SA0315,32164.27,2026-03-29 15:00:00
S00004566,M0444,SA0315,17411.66,2026-04-01 22:00:00
S00004567,M0445,SA0728,818.48,2026-01-10 13:00:00
S00004568,M0445,SA0728,549.87,2026-01-13 21:00:00
S00004569,M0445,SA0728,843.02,2026-01-22 16:00:00
S00004570,M0445,SA0728,2180.55,2026-01-28 11:00:00
S00004571,M0445,SA0728,2084.03,2026-01-31 04:00:00
S00004572,M0445,SA0728,2104.15,2026-03-29 11:00:00
S00004573,M0445,SA0728,1258.49,2026-04-02 00:00:00
S00004574,M0446,SA0369,2056.59,2026-01-05 00:00:00
S00004575,M0446,SA0369,4381.55,2026-01-07 05:00:00
S00004576,M0446,SA0369,1987.57,2026-01-17 01:00:00
S00004577,M0446,SA0369,1290.74,2026-01-19 19:00:00
S00004578,M0446,SA0369,257.79,2026-01-28 16:00:00
S00004579,M0446,SA0369,970.22,2026-01-31 20:00:00
S00004580,M0446,SA0369,1783.61,2026-02-15 04:00:00
S00004581,M0446,SA0369,4527.88,2026-02-21 20:00:00
S00004582,M0446,SA0369,6330.81,2026-02-24 22:00:00
S00004583,M0446,SA0369,2388.82,2026-02-27 18:00:00
S00004584,M0446,SA0369,1171.33,2026-03-03 00:00:00
S00004585,M0446,SA0369,8663.92,2026-03-06 03:00:00
S00004586,M0446,SA0369,1767.58,2026-03-14 08:00:00
S00004587,M0446,SA0369,12269.67,2026-03-17 09:00:00
S00004588,M0446,SA0369,1738.3,2026-03-20 12:00:00
S00004589,M0446,SA0369,6319.73,2026-03-23 11:00:00
S00004590,M0446,SA0369,640.27,2026-03-26 11:00:00
S00004591,M0446,SA0369,1586.08,2026-03-29 17:00:00
S00004592,M0446,SA0369,1390.39,2026-04-01 23:00:00
S00004593,M0447,SA0352,2102.49,2026-01-20 02:00:00
S00004594,M0447,SA0352,3098.46,2026-01-22 07:00:00
S00004595,M0447,SA0352,1415.52,2026-01-28 05:00:00
S00004596,M0447,SA0352,1468.59,2026-02-22 01:00:00
S00004597,M0447,SA0352,1271.85,2026-03-02 16:00:00
S00004598,M0447,SA0352,2374.1,2026-03-20 09:00:00
S00004599,M0447,SA0352,2081.13,2026-03-27 00:00:00
S00004600,M0448,SA0696,1476.03,2026-01-04 21:00:00
S00004601,M0448,SA0696,2543.5,2026-01-07 16:00:00
S00004602,M0448,SA0696,42373.62,2026-01-13 18:00:00
S00004603,M0448,SA0696,7376.9,2026-01-17 01:00:00
S00004604,M0448,SA0696,38706.3,2026-01-22 06:00:00
S00004605,M0448,SA0696,4569.72,2026-01-25 05:00:00
S00004606,M0448,SA0696,9190.26,2026-01-31 08:00:00
S00004607,M0448,SA0696,6666.8,2026-02-06 19:00:00
S00004608,M0448,SA0696,43987.8,2026-02-09 09:00:00
S00004609,M0448,SA0696,19252.24,2026-02-27 14:00:00
S00004610,M0448,SA0696,19255.91,2026-03-02 21:00:00
S00004611,M0448,SA0696,1684.97,2026-03-05 09:00:00
S00004612,M0448,SA0696,5320.57,2026-03-08 20:00:00
S00004613,M0448,SA0696,28743.77,2026-03-11 07:00:00
S00004614,M0448,SA0696,6821.51,2026-03-23 18:00:00
S00004615,M0448,SA0696,34895.11,2026-03-29 22:00:00
S00004616,M0448,SA0696,15838.06,2026-04-02 01:00:00
S00004617,M0449,SA0028,2070.91,2026-01-07 11:00:00
S00004618,M0449,SA0028,332.31,2026-01-10 12:00:00
S00004619,M0449,SA0028,323.8,2026-01-25 21:00:00
S00004620,M0449,SA0028,498.17,2026-02-09 23:00:00
S00004621,M0449,SA0028,1591.02,2026-02-12 18:00:00
S00004622,M0449,SA0028,1216.93,2026-02-21 23:00:00
S00004623,M0449,SA0028,2422.34,2026-02-27 06:00:00
S00004624,M0449,SA0028,403.73,2026-03-02 11:00:00
S00004625,M0449,SA0028,9113.26,2026-03-05 04:00:00
S00004626,M0449,SA0028,1120.32,2026-03-20 17:00:00
S00004627,M0450,SA0666,5453.55,2026-01-07 20:00:00
S00004628,M0450,SA0666,3828.41,2026-01-13 12:00:00
S00004629,M0450,SA0666,12551.13,2026-01-19 16:00:00
S00004630,M0450,SA0666,4568.49,2026-01-25 21:00:00
S00004631,M0450,SA0666,12979.45,2026-01-31 23:00:00
S00004632,M0450,SA0666,47528.98,2026-02-03 07:00:00
S00004633,M0450,SA0666,19370.17,2026-02-06 19:00:00
S00004634,M0450,SA0666,38930.64,2026-02-09 22:00:00
S00004635,M0450,SA0666,6133.05,2026-02-13 01:00:00
S00004636,M0450,SA0666,6276.4,2026-02-18 14:00:00
S00004637,M0450,SA0666,21108.61,2026-02-21 21:00:00
S00004638,M0450,SA0666,2286.56,2026-02-27 12:00:00
S00004639,M0450,SA0666,27386.19,2026-03-02 16:00:00
S00004640,M0450,SA0666,4089.28,2026-03-11 14:00:00
S00004641,M0450,SA0666,9083.39,2026-03-14 20:00:00
S00004642,M0450,SA0666,36288.73,2026-03-17 17:00:00
S00004643,M0450,SA0666,2615.36,2026-03-20 12:00:00
S00004644,M0450,SA0666,5928.6,2026-03-23 23:00:00
S00004645,M0450,SA0666,14556.01,2026-03-26 23:00:00
S00004646,M0450,SA0666,40262.98,2026-03-29 17:00:00
S00004647,M0450,SA0666,14300.37,2026-04-01 04:00:00
S00004648,M0451,SA0562,632.43,2026-01-16 17:00:00
S00004649,M0451,SA0562,371.42,2026-02-19 03:00:00
S00004650,M0451,SA0562,1576.4,2026-03-29 20:00:00
S00004651,M0451,SA0562,1373.17,2026-04-01 11:00:00
S00004652,M0452,SA0403,1669.4,2026-01-05 00:00:00
S00004653,M0452,SA0403,2504.78,2026-01-10 14:00:00
S00004654,M0452,SA0403,2692.23,2026-01-13 12:00:00
S00004655,M0452,SA0403,1950.06,2026-01-16 20:00:00
S00004656,M0452,SA0403,2242.81,2026-01-22 16:00:00
S00004657,M0452,SA0403,5250.07,2026-01-26 03:00:00
S00004658,M0452,SA0403,16869.32,2026-01-28 09:00:00
S00004659,M0452,SA0403,5951.75,2026-01-31 23:00:00
S00004660,M0452,SA0403,1738.87,2026-02-03 22:00:00
S00004661,M0452,SA0403,648.06,2026-02-07 03:00:00
S00004662,M0452,SA0403,5810.56,2026-02-09 06:00:00
S00004663,M0452,SA0403,1950.88,2026-02-12 12:00:00
S00004664,M0452,SA0403,4544.19,2026-02-15 08:00:00
S00004665,M0452,SA0403,9268.41,2026-02-18 22:00:00
S00004666,M0452,SA0403,2068.0,2026-02-22 02:00:00
S00004667,M0452,SA0403,1013.76,2026-02-24 23:00:00
S00004668,M0452,SA0403,3984.39,2026-03-02 09:00:00
S00004669,M0452,SA0403,806.6,2026-03-05 22:00:00
S00004670,M0452,SA0403,941.83,2026-03-09 01:00:00
S00004671,M0452,SA0403,10217.75,2026-03-12 01:00:00
S00004672,M0452,SA0403,4259.61,2026-03-14 10:00:00
S00004673,M0452,SA0403,5879.5,2026-03-20 07:00:00
S00004674,M0453,SA0652,5001.59,2026-01-14 03:00:00
S00004675,M0453,SA0652,1688.18,2026-01-22 09:00:00
S00004676,M0453,SA0652,1247.5,2026-01-25 08:00:00
S00004677,M0453,SA0652,1593.44,2026-01-31 10:00:00
S00004678,M0453,SA0652,2641.81,2026-02-12 06:00:00
S00004679,M0453,SA0652,4249.72,2026-02-18 11:00:00
S00004680,M0453,SA0652,2211.06,2026-02-27 23:00:00
S00004681,M0453,SA0652,4581.66,2026-03-20 06:00:00
S00004682,M0453,SA0652,3197.93,2026-03-24 00:00:00
S00004683,M0453,SA0652,5693.56,2026-03-30 02:00:00
S00004684,M0454,SA0666,1734.65,2026-01-07 19:00:00
S00004685,M0454,SA0666,3267.81,2026-01-13 15:00:00
S00004686,M0454,SA0666,2370.04,2026-01-22 08:00:00
S00004687,M0454,SA0666,12595.36,2026-02-01 00:00:00
S00004688,M0454,SA0666,1825.27,2026-02-12 12:00:00
S00004689,M0454,SA0666,2714.35,2026-02-15 06:00:00
S00004690,M0454,SA0666,1479.61,2026-02-24 23:00:00
S00004691,M0454,SA0666,4464.56,2026-02-27 19:00:00
S00004692,M0454,SA0666,5612.01,2026-03-03 01:00:00
S00004693,M0454,SA0666,3486.24,2026-03-17 16:00:00
S00004694,M0454,SA0666,2285.87,2026-03-23 07:00:00
S00004695,M0455,SA0253,1114.34,2026-01-10 04:00:00
S00004696,M0455,SA0253,2454.92,2026-01-22 05:00:00
S00004697,M0455,SA0253,1684.26,2026-02-01 02:00:00
S00004698,M0455,SA0253,201.85,2026-02-03 13:00:00
S00004699,M0455,SA0253,669.12,2026-02-09 20:00:00
S00004700,M0455,SA0253,1015.41,2026-02-18 14:00:00
S00004701,M0455,SA0253,2763.6,2026-03-08 20:00:00
S00004702,M0455,SA0253,1655.75,2026-03-14 14:00:00
S00004703,M0455,SA0253,603.16,2026-03-17 20:00:00
S00004704,M0456,SA0614,3938.26,2026-01-04 08:00:00
S00004705,M0456,SA0614,6040.31,2026-01-07 06:00:00
S00004706,M0456,SA0614,7670.86,2026-01-16 20:00:00
S00004707,M0456,SA0614,9987.67,2026-01-22 19:00:00
S00004708,M0456,SA0614,6014.07,2026-01-25 11:00:00
S00004709,M0456,SA0614,5995.52,2026-01-28 21:00:00
S00004710,M0456,SA0614,3246.96,2026-02-09 07:00:00
S00004711,M0456,SA0614,7727.75,2026-02-16 03:00:00
S00004712,M0456,SA0614,4188.22,2026-02-27 06:00:00
S00004713,M0456,SA0614,6174.36,2026-03-11 04:00:00
S00004714,M0456,SA0614,3957.39,2026-03-23 06:00:00
S00004715,M0456,SA0614,3488.48,2026-03-26 21:00:00
S00004716,M0456,SA0614,2561.65,2026-03-29 09:00:00
S00004717,M0457,SA0183,484.57,2026-01-17 02:00:00
S00004718,M0457,SA0183,1022.36,2026-01-25 22:00:00
S00004719,M0457,SA0183,1134.86,2026-01-28 12:00:00
S00004720,M0457,SA0183,1667.37,2026-02-03 18:00:00
S00004721,M0457,SA0183,603.31,2026-02-21 07:00:00
S00004722,M0457,SA0183,3958.59,2026-03-02 22:00:00
S00004723,M0457,SA0183,3406.18,2026-03-05 10:00:00
S00004724,M0457,SA0183,2397.65,2026-03-09 03:00:00
S00004725,M0457,SA0183,1604.56,2026-03-14 13:00:00
S00004726,M0457,SA0183,3075.3,2026-03-17 13:00:00
S00004727,M0457,SA0183,645.01,2026-03-27 03:00:00
S00004728,M0457,SA0183,2922.67,2026-04-01 11:00:00
S00004729,M0458,SA0180,642.02,2026-01-04 18:00:00
S00004730,M0458,SA0180,771.67,2026-01-13 09:00:00
S00004731,M0458,SA0180,1721.28,2026-01-16 19:00:00
S00004732,M0458,SA0180,462.88,2026-01-19 05:00:00
S00004733,M0458,SA0180,118.28,2026-01-22 08:00:00
S00004734,M0458,SA0180,478.64,2026-01-29 03:00:00
S00004735,M0458,SA0180,2027.14,2026-03-14 09:00:00
S00004736,M0458,SA0180,200.0,2026-03-26 08:00:00
S00004737,M0459,SA0734,3549.78,2026-01-31 14:00:00
S00004738,M0459,SA0734,4482.57,2026-02-21 08:00:00
S00004739,M0459,SA0734,7889.91,2026-03-02 22:00:00
S00004740,M0460,SA0010,11765.62,2026-01-04 20:00:00
S00004741,M0460,SA0010,10711.63,2026-01-13 07:00:00
S00004742,M0460,SA0010,7240.0,2026-02-03 07:00:00
S00004743,M0460,SA0010,12080.15,2026-02-24 23:00:00
S00004744,M0461,SA0265,10070.3,2026-01-29 00:00:00
S00004745,M0461,SA0265,4034.57,2026-02-21 22:00:00
S00004746,M0461,SA0265,5022.2,2026-03-02 06:00:00
S00004747,M0461,SA0265,3553.16,2026-03-11 15:00:00
S00004748,M0461,SA0265,4771.61,2026-03-14 07:00:00
S00004749,M0461,SA0265,4351.39,2026-03-26 14:00:00
S00004750,M0462,SA0473,656.34,2026-01-10 09:00:00
S00004751,M0462,SA0473,1639.44,2026-01-23 02:00:00
S00004752,M0462,SA0473,2829.92,2026-01-28 09:00:00
S00004753,M0462,SA0473,3423.29,2026-02-06 12:00:00
S00004754,M0462,SA0473,1920.38,2026-02-12 11:00:00
S00004755,M0462,SA0473,3700.99,2026-02-18 04:00:00
S00004756,M0462,SA0473,875.96,2026-02-21 07:00:00
S00004757,M0462,SA0473,3482.77,2026-02-24 07:00:00
S00004758,M0462,SA0473,271.01,2026-02-27 08:00:00
S00004759,M0462,SA0473,431.62,2026-03-02 23:00:00
S00004760,M0462,SA0473,1910.38,2026-03-08 15:00:00
S00004761,M0462,SA0473,869.77,2026-03-11 09:00:00
S00004762,M0462,SA0473,2230.15,2026-03-24 00:00:00
S00004763,M0462,SA0473,791.08,2026-03-26 12:00:00
S00004764,M0463,SA0311,2147.07,2026-02-09 20:00:00
S00004765,M0463,SA0311,376.16,2026-02-21 23:00:00
S00004766,M0464,SA0634,1535.76,2026-01-19 09:00:00
S00004767,M0464,SA0634,1074.82,2026-01-28 21:00:00
S00004768,M0464,SA0634,2611.89,2026-02-09 19:00:00
S00004769,M0464,SA0634,481.46,2026-02-27 23:00:00
S00004770,M0464,SA0634,2830.36,2026-03-02 19:00:00
S00004771,M0464,SA0634,1746.08,2026-03-05 14:00:00
S00004772,M0464,SA0634,8780.02,2026-03-08 18:00:00
S00004773,M0464,SA0634,1104.6,2026-03-11 05:00:00
S00004774,M0464,SA0634,1430.41,2026-03-14 20:00:00
S00004775,M0464,SA0634,580.46,2026-03-17 07:00:00
S00004776,M0464,SA0634,833.8,2026-03-21 00:00:00
S00004777,M0464,SA0634,1091.05,2026-03-29 04:00:00
S00004778,M0465,SA0189,20184.5,2026-01-05 00:00:00
S00004779,M0465,SA0189,6357.73,2026-01-08 00:00:00
S00004780,M0465,SA0189,4513.25,2026-01-13 04:00:00
S00004781,M0465,SA0189,5316.57,2026-01-23 03:00:00
S00004782,M0465,SA0189,6312.12,2026-01-25 11:00:00
S00004783,M0465,SA0189,3969.41,2026-02-03 23:00:00
S00004784,M0465,SA0189,156772.14,2026-02-06 23:00:00
S00004785,M0465,SA0189,2072.72,2026-02-15 12:00:00
S00004786,M0465,SA0189,11142.27,2026-02-19 02:00:00
S00004787,M0465,SA0189,17139.95,2026-02-22 02:00:00
S00004788,M0465,SA0189,16300.78,2026-03-02 11:00:00
S00004789,M0465,SA0189,16798.88,2026-03-08 05:00:00
S00004790,M0465,SA0189,4327.97,2026-03-15 03:00:00
S00004791,M0465,SA0189,8043.97,2026-03-17 05:00:00
S00004792,M0465,SA0189,3041.05,2026-03-20 22:00:00
S00004793,M0465,SA0189,6998.74,2026-03-23 17:00:00
S00004794,M0465,SA0189,9562.16,2026-03-26 11:00:00
S00004795,M0465,SA0189,2360.35,2026-03-29 04:00:00
S00004796,M0466,SA0415,1256.5,2026-01-16 16:00:00
S00004797,M0466,SA0415,1187.11,2026-01-19 19:00:00
S00004798,M0466,SA0415,2181.06,2026-01-23 00:00:00
S00004799,M0466,SA0415,8896.63,2026-01-26 01:00:00
S00004800,M0466,SA0415,3616.16,2026-01-28 12:00:00
S00004801,M0466,SA0415,3318.92,2026-01-31 16:00:00
S00004802,M0466,SA0415,4181.13,2026-02-03 04:00:00
S00004803,M0466,SA0415,3884.4,2026-02-12 14:00:00
S00004804,M0466,SA0415,843.22,2026-02-15 10:00:00
S00004805,M0466,SA0415,1591.91,2026-02-19 01:00:00
S00004806,M0466,SA0415,2039.77,2026-02-21 20:00:00
S00004807,M0466,SA0415,12174.97,2026-03-05 18:00:00
S00004808,M0466,SA0415,8744.16,2026-03-08 16:00:00
S00004809,M0466,SA0415,1940.86,2026-03-12 00:00:00
S00004810,M0466,SA0415,1454.81,2026-03-14 09:00:00
S00004811,M0466,SA0415,2510.45,2026-03-20 18:00:00
S00004812,M0466,SA0415,4104.16,2026-03-23 17:00:00
S00004813,M0466,SA0415,2638.79,2026-03-26 09:00:00
S00004814,M0466,SA0415,1004.11,2026-04-01 06:00:00
S00004815,M0467,SA0094,878.09,2026-01-25 04:00:00
S00004816,M0467,SA0094,2033.73,2026-02-27 18:00:00
S00004817,M0468,SA0159,991.32,2026-01-10 21:00:00
S00004818,M0468,SA0159,1850.05,2026-01-19 12:00:00
S00004819,M0468,SA0159,1395.4,2026-01-25 20:00:00
S00004820,M0468,SA0159,806.33,2026-02-03 19:00:00
S00004821,M0468,SA0159,6181.94,2026-02-06 10:00:00
S00004822,M0468,SA0159,1688.52,2026-03-05 23:00:00
S00004823,M0468,SA0159,484.56,2026-03-08 17:00:00
S00004824,M0468,SA0159,2685.04,2026-03-23 18:00:00
S00004825,M0468,SA0159,560.19,2026-04-01 04:00:00
S00004826,M0469,SA0131,493.49,2026-01-11 03:00:00
S00004827,M0469,SA0131,1350.52,2026-01-16 11:00:00
S00004828,M0469,SA0131,3108.37,2026-01-19 04:00:00
S00004829,M0469,SA0131,343.49,2026-01-22 16:00:00
S00004830,M0469,SA0131,1732.54,2026-01-25 16:00:00
S00004831,M0469,SA0131,1514.95,2026-02-01 03:00:00
S00004832,M0469,SA0131,534.84,2026-02-06 14:00:00
S00004833,M0469,SA0131,984.24,2026-02-09 13:00:00
S00004834,M0469,SA0131,437.32,2026-02-18 19:00:00
S00004835,M0469,SA0131,1339.7,2026-03-02 17:00:00
S00004836,M0469,SA0131,8144.85,2026-03-05 19:00:00
S00004837,M0469,SA0131,788.21,2026-03-11 18:00:00
S00004838,M0469,SA0131,1311.83,2026-03-14 08:00:00
S00004839,M0469,SA0131,1693.63,2026-03-17 20:00:00
S00004840,M0469,SA0131,641.15,2026-03-20 14:00:00
S00004841,M0469,SA0131,2383.95,2026-03-23 18:00:00
S00004842,M0469,SA0131,576.12,2026-03-30 00:00:00
S00004843,M0470,SA0557,788.35,2026-01-04 18:00:00
S00004844,M0470,SA0557,1009.58,2026-01-07 05:00:00
S00004845,M0470,SA0557,3144.59,2026-01-10 04:00:00
S00004846,M0470,SA0557,657.81,2026-01-14 01:00:00
S00004847,M0470,SA0557,635.37,2026-01-16 09:00:00
S00004848,M0470,SA0557,856.61,2026-01-22 18:00:00
S00004849,M0470,SA0557,425.38,2026-01-25 19:00:00
S00004850,M0470,SA0557,929.55,2026-01-28 17:00:00
S00004851,M0470,SA0557,538.95,2026-02-06 07:00:00
S00004852,M0470,SA0557,1019.31,2026-02-09 11:00:00
S00004853,M0470,SA0557,10431.83,2026-02-12 15:00:00
S00004854,M0470,SA0557,689.32,2026-02-18 07:00:00
S00004855,M0470,SA0557,3067.35,2026-02-21 17:00:00
S00004856,M0470,SA0557,6150.17,2026-02-24 20:00:00
S00004857,M0470,SA0557,4334.27,2026-03-02 18:00:00
S00004858,M0470,SA0557,852.27,2026-03-05 16:00:00
S00004859,M0470,SA0557,254.07,2026-03-08 09:00:00
S00004860,M0470,SA0557,710.7,2026-03-11 23:00:00
S00004861,M0470,SA0557,352.68,2026-03-14 04:00:00
S00004862,M0470,SA0557,1101.73,2026-03-18 00:00:00
S00004863,M0470,SA0557,582.01,2026-03-20 14:00:00
S00004864,M0470,SA0557,4574.94,2026-03-23 21:00:00
S00004865,M0470,SA0557,1565.14,2026-03-26 20:00:00
S00004866,M0470,SA0557,6198.02,2026-04-01 06:00:00
S00004867,M0471,SA0153,2164.1,2026-01-04 18:00:00
S00004868,M0471,SA0153,301.39,2026-01-10 10:00:00
S00004869,M0471,SA0153,2597.66,2026-01-14 01:00:00
S00004870,M0471,SA0153,1503.1,2026-01-16 23:00:00
S00004871,M0471,SA0153,2398.43,2026-01-19 07:00:00
S00004872,M0471,SA0153,1095.22,2026-01-23 03:00:00
S00004873,M0471,SA0153,1470.78,2026-01-29 01:00:00
S00004874,M0471,SA0153,547.26,2026-02-03 07:00:00
S00004875,M0471,SA0153,464.65,2026-02-06 15:00:00
S00004876,M0471,SA0153,689.43,2026-02-10 02:00:00
S00004877,M0471,SA0153,383.8,2026-02-12 22:00:00
S00004878,M0471,SA0153,1392.13,2026-02-18 08:00:00
S00004879,M0471,SA0153,1353.71,2026-02-21 12:00:00
S00004880,M0471,SA0153,1461.25,2026-02-24 16:00:00
S00004881,M0471,SA0153,496.8,2026-03-02 20:00:00
S00004882,M0471,SA0153,1251.64,2026-03-05 22:00:00
S00004883,M0471,SA0153,1645.41,2026-03-08 04:00:00
S00004884,M0471,SA0153,362.36,2026-03-11 22:00:00
S00004885,M0471,SA0153,2082.76,2026-03-15 03:00:00
S00004886,M0471,SA0153,153.54,2026-03-17 20:00:00
S00004887,M0471,SA0153,1617.0,2026-03-20 15:00:00
S00004888,M0471,SA0153,1286.14,2026-04-01 10:00:00
S00004889,M0472,SA0503,2481.38,2026-01-08 00:00:00
S00004890,M0472,SA0503,2572.66,2026-01-28 22:00:00
S00004891,M0472,SA0503,1729.19,2026-02-09 12:00:00
S00004892,M0472,SA0503,1073.81,2026-04-02 02:00:00
S00004893,M0473,SA0260,543.12,2026-02-12 05:00:00
S00004894,M0473,SA0260,19646.11,2026-04-02 02:00:00
S00004895,M0474,SA0424,5088.56,2026-01-07 17:00:00
S00004896,M0474,SA0424,4638.71,2026-01-10 21:00:00
S00004897,M0474,SA0424,838.43,2026-01-13 23:00:00
S00004898,M0474,SA0424,3881.99,2026-01-16 17:00:00
S00004899,M0474,SA0424,2793.78,2026-01-28 04:00:00
S00004900,M0474,SA0424,1069.69,2026-01-31 18:00:00
S00004901,M0474,SA0424,2434.8,2026-02-03 07:00:00
S00004902,M0474,SA0424,479.16,2026-02-12 20:00:00
S00004903,M0474,SA0424,1620.16,2026-02-16 01:00:00
S00004904,M0474,SA0424,908.39,2026-02-24 22:00:00
S00004905,M0474,SA0424,253.79,2026-02-28 01:00:00
S00004906,M0474,SA0424,1598.86,2026-03-02 20:00:00
S00004907,M0474,SA0424,2228.33,2026-03-05 10:00:00
S00004908,M0474,SA0424,871.93,2026-03-08 05:00:00
S00004909,M0474,SA0424,2791.0,2026-03-14 19:00:00
S00004910,M0474,SA0424,1651.62,2026-03-26 04:00:00
S00004911,M0474,SA0424,856.08,2026-03-29 13:00:00
S00004912,M0474,SA0424,447.89,2026-04-01 14:00:00
S00004913,M0475,SA0656,2368.5,2026-01-04 13:00:00
S00004914,M0475,SA0656,1999.21,2026-01-13 12:00:00
S00004915,M0475,SA0656,1679.94,2026-01-16 08:00:00
S00004916,M0475,SA0656,1227.13,2026-03-08 23:00:00
S00004917,M0475,SA0656,1248.87,2026-03-23 15:00:00
S00004918,M0475,SA0656,773.16,2026-04-02 03:00:00
S00004919,M0476,SA0648,1377.11,2026-01-10 14:00:00
S00004920,M0476,SA0648,1757.77,2026-01-31 14:00:00
S00004921,M0476,SA0648,1360.65,2026-02-03 05:00:00
S00004922,M0476,SA0648,595.99,2026-03-03 03:00:00
S00004923,M0477,SA0076,2828.87,2026-01-10 09:00:00
S00004924,M0477,SA0076,316.16,2026-01-31 12:00:00
S00004925,M0477,SA0076,298.01,2026-02-12 15:00:00
S00004926,M0477,SA0076,335.13,2026-03-18 02:00:00
S00004927,M0477,SA0076,1132.73,2026-03-29 20:00:00
S00004928,M0478,SA0589,52055.0,2026-01-04 16:00:00
S00004929,M0478,SA0589,93144.3,2026-01-07 18:00:00
S00004930,M0478,SA0589,23906.62,2026-01-10 11:00:00
S00004931,M0478,SA0589,33691.34,2026-01-14 01:00:00
S00004932,M0478,SA0589,4589.91,2026-01-17 03:00:00
S00004933,M0478,SA0589,24332.12,2026-01-19 18:00:00
S00004934,M0478,SA0589,65012.85,2026-01-22 06:00:00
S00004935,M0478,SA0589,42999.69,2026-01-25 09:00:00
S00004936,M0478,SA0589,7187.97,2026-01-28 19:00:00
S00004937,M0478,SA0589,80911.56,2026-02-01 02:00:00
S00004938,M0478,SA0589,21663.27,2026-02-03 10:00:00
S00004939,M0478,SA0589,50826.61,2026-02-07 03:00:00
S00004940,M0478,SA0589,64116.91,2026-02-09 09:00:00
S00004941,M0478,SA0589,19905.94,2026-02-12 21:00:00
S00004942,M0478,SA0589,11049.58,2026-02-16 00:00:00
S00004943,M0478,SA0589,7402.75,2026-02-18 18:00:00
S00004944,M0478,SA0589,17321.06,2026-02-21 05:00:00
S00004945,M0478,SA0589,19538.47,2026-02-24 21:00:00
S00004946,M0478,SA0589,24213.53,2026-02-27 17:00:00
S00004947,M0478,SA0589,30776.84,2026-03-03 02:00:00
S00004948,M0478,SA0589,3260.22,2026-03-05 08:00:00
S00004949,M0478,SA0589,80658.58,2026-03-08 15:00:00
S00004950,M0478,SA0589,30025.58,2026-03-11 17:00:00
S00004951,M0478,SA0589,23917.48,2026-03-15 00:00:00
S00004952,M0478,SA0589,38819.76,2026-03-17 16:00:00
S00004953,M0478,SA0589,40252.73,2026-03-20 17:00:00
S00004954,M0478,SA0589,17938.47,2026-03-24 03:00:00
S00004955,M0478,SA0589,28500.22,2026-03-26 22:00:00
S00004956,M0478,SA0589,66098.01,2026-03-29 13:00:00
S00004957,M0478,SA0589,32188.52,2026-04-01 21:00:00
S00004958,M0479,SA0717,10416.83,2026-02-12 15:00:00
S00004959,M0479,SA0717,5540.41,2026-03-14 16:00:00
S00004960,M0479,SA0717,10070.29,2026-03-26 06:00:00
S00004961,M0480,SA0666,1532.07,2026-01-04 23:00:00
S00004962,M0480,SA0666,1790.13,2026-01-07 18:00:00
S00004963,M0480,SA0666,2437.09,2026-01-10 16:00:00
S00004964,M0480,SA0666,1340.17,2026-01-13 14:00:00
S00004965,M0480,SA0666,750.45,2026-01-16 20:00:00
S00004966,M0480,SA0666,2503.65,2026-01-19 19:00:00
S00004967,M0480,SA0666,2857.47,2026-01-22 06:00:00
S00004968,M0480,SA0666,583.59,2026-01-26 00:00:00
S00004969,M0480,SA0666,1911.07,2026-01-28 12:00:00
S00004970,M0480,SA0666,1102.54,2026-01-31 12:00:00
S00004971,M0480,SA0666,3259.58,2026-02-04 00:00:00
S00004972,M0480,SA0666,2974.39,2026-02-06 21:00:00
S00004973,M0480,SA0666,2411.77,2026-02-09 17:00:00
S00004974,M0480,SA0666,1473.19,2026-02-12 23:00:00
S00004975,M0480,SA0666,2974.13,2026-02-16 01:00:00
S00004976,M0480,SA0666,4117.29,2026-02-19 03:00:00
S00004977,M0480,SA0666,2362.99,2026-02-21 23:00:00
S00004978,M0480,SA0666,2157.88,2026-02-24 17:00:00
S00004979,M0480,SA0666,2260.44,2026-02-27 19:00:00
S00004980,M0480,SA0666,2248.77,2026-03-02 09:00:00
S00004981,M0480,SA0666,2581.35,2026-03-06 02:00:00
S00004982,M0480,SA0666,2089.61,2026-03-11 09:00:00
S00004983,M0480,SA0666,4507.4,2026-03-14 21:00:00
S00004984,M0480,SA0666,3082.43,2026-03-17 14:00:00
S00004985,M0480,SA0666,2017.22,2026-03-20 23:00:00
S00004986,M0480,SA0666,2458.37,2026-03-24 00:00:00
S00004987,M0480,SA0666,3076.93,2026-03-26 09:00:00
S00004988,M0480,SA0666,1634.44,2026-03-29 15:00:00
S00004989,M0480,SA0666,1258.45,2026-04-01 13:00:00
S00004990,M0481,SA0141,2255.21,2026-01-08 00:00:00
S00004991,M0481,SA0141,1021.03,2026-01-19 09:00:00
S00004992,M0482,SA0499,5036.19,2026-01-04 14:00:00
S00004993,M0482,SA0499,4960.29,2026-01-13 17:00:00
S00004994,M0482,SA0499,6679.84,2026-01-16 09:00:00
S00004995,M0482,SA0499,11347.54,2026-01-20 02:00:00
S00004996,M0482,SA0499,5654.47,2026-01-25 06:00:00
S00004997,M0482,SA0499,30120.25,2026-02-03 05:00:00
S00004998,M0482,SA0499,3627.66,2026-02-07 03:00:00
S00004999,M0482,SA0499,9797.79,2026-02-09 15:00:00
S00005000,M0482,SA0499,10397.07,2026-02-15 18:00:00
S00005001,M0482,SA0499,2868.58,2026-02-18 15:00:00
S00005002,M0482,SA0499,6014.5,2026-02-21 11:00:00
S00005003,M0482,SA0499,5051.31,2026-02-25 02:00:00
S00005004,M0482,SA0499,9297.75,2026-03-06 01:00:00
S00005005,M0482,SA0499,5983.06,2026-03-08 23:00:00
S00005006,M0482,SA0499,8409.25,2026-03-11 11:00:00
S00005007,M0482,SA0499,3631.34,2026-03-18 02:00:00
S00005008,M0482,SA0499,3437.52,2026-03-21 00:00:00
S00005009,M0482,SA0499,12648.86,2026-03-23 11:00:00
S00005010,M0482,SA0499,6711.57,2026-03-26 04:00:00
S00005011,M0482,SA0499,13688.42,2026-04-01 19:00:00
S00005012,M0483,SA0478,6258.12,2026-01-16 16:00:00
S00005013,M0483,SA0478,3873.96,2026-01-23 01:00:00
S00005014,M0483,SA0478,15172.48,2026-01-29 00:00:00
S00005015,M0483,SA0478,3584.89,2026-02-21 10:00:00
S00005016,M0483,SA0478,6996.99,2026-02-24 20:00:00
S00005017,M0483,SA0478,3083.28,2026-02-27 19:00:00
S00005018,M0484,SA0497,1249.27,2026-01-05 00:00:00
S00005019,M0484,SA0497,1500.94,2026-01-19 22:00:00
S00005020,M0484,SA0497,1256.86,2026-01-22 09:00:00
S00005021,M0484,SA0497,965.69,2026-01-29 00:00:00
S00005022,M0484,SA0497,881.47,2026-01-31 23:00:00
S00005023,M0484,SA0497,1758.73,2026-02-03 11:00:00
S00005024,M0484,SA0497,511.69,2026-02-09 07:00:00
S00005025,M0484,SA0497,1792.75,2026-02-15 19:00:00
S00005026,M0484,SA0497,1621.71,2026-03-11 20:00:00
S00005027,M0484,SA0497,2234.74,2026-03-17 15:00:00
S00005028,M0484,SA0497,801.33,2026-03-20 07:00:00
S00005029,M0484,SA0497,505.01,2026-03-26 04:00:00
S00005030,M0485,SA0083,2040.03,2026-01-04 06:00:00
S00005031,M0485,SA0083,974.7,2026-01-25 08:00:00
S00005032,M0485,SA0083,1944.17,2026-01-28 09:00:00
S00005033,M0485,SA0083,1102.41,2026-01-31 13:00:00
S00005034,M0485,SA0083,663.73,2026-02-24 17:00:00
S00005035,M0485,SA0083,1100.94,2026-02-28 00:00:00
S00005036,M0485,SA0083,881.45,2026-03-02 18:00:00
S00005037,M0485,SA0083,1724.74,2026-03-20 18:00:00
S00005038,M0485,SA0083,947.74,2026-03-29 12:00:00
S00005039,M0486,SA0394,796.22,2026-02-18 15:00:00
S00005040,M0487,SA0489,2692.29,2026-01-04 10:00:00
S00005041,M0487,SA0489,2410.51,2026-01-07 05:00:00
S00005042,M0487,SA0489,1415.62,2026-01-11 01:00:00
S00005043,M0487,SA0489,6574.1,2026-01-13 13:00:00
S00005044,M0487,SA0489,10567.07,2026-01-17 00:00:00
S00005045,M0487,SA0489,2588.75,2026-01-20 00:00:00
S00005046,M0487,SA0489,8650.27,2026-01-22 08:00:00
S00005047,M0487,SA0489,2524.04,2026-01-25 07:00:00
S00005048,M0487,SA0489,4198.98,2026-01-28 18:00:00
S00005049,M0487,SA0489,5304.3,2026-01-31 17:00:00
S00005050,M0487,SA0489,2376.98,2026-02-03 18:00:00
S00005051,M0487,SA0489,4945.13,2026-02-06 19:00:00
S00005052,M0487,SA0489,5863.59,2026-02-09 16:00:00
S00005053,M0487,SA0489,8359.69,2026-02-12 23:00:00
S00005054,M0487,SA0489,2441.16,2026-02-15 11:00:00
S00005055,M0487,SA0489,8135.68,2026-02-18 21:00:00
S00005056,M0487,SA0489,423.67,2026-02-22 01:00:00
S00005057,M0487,SA0489,1430.3,2026-02-24 17:00:00
S00005058,M0487,SA0489,13067.45,2026-02-27 22:00:00
S00005059,M0487,SA0489,6735.95,2026-03-03 03:00:00
S00005060,M0487,SA0489,10774.28,2026-03-05 21:00:00
S00005061,M0487,SA0489,7234.68,2026-03-09 00:00:00
S00005062,M0487,SA0489,1999.14,2026-03-11 16:00:00
S00005063,M0487,SA0489,8865.78,2026-03-14 15:00:00
S00005064,M0487,SA0489,6333.6,2026-03-17 07:00:00
S00005065,M0487,SA0489,4604.34,2026-03-20 17:00:00
S00005066,M0487,SA0489,2790.66,2026-03-23 11:00:00
S00005067,M0487,SA0489,2789.41,2026-03-26 23:00:00
S00005068,M0487,SA0489,6004.52,2026-03-29 18:00:00
S00005069,M0487,SA0489,2459.76,2026-04-02 00:00:00
S00005070,M0488,SA0348,5842.48,2026-01-26 02:00:00
S00005071,M0488,SA0348,4843.76,2026-02-03 08:00:00
S00005072,M0488,SA0348,3012.9,2026-03-20 14:00:00
S00005073,M0488,SA0348,1757.15,2026-03-23 12:00:00
S00005074,M0488,SA0348,3152.65,2026-03-27 03:00:00
S00005075,M0489,SA0581,32336.56,2026-03-02 05:00:00
S00005076,M0490,SA0533,879.15,2026-01-05 03:00:00
S00005077,M0490,SA0533,1631.11,2026-01-07 14:00:00
S00005078,M0490,SA0533,576.88,2026-01-11 02:00:00
S00005079,M0490,SA0533,4043.49,2026-01-13 10:00:00
S00005080,M0490,SA0533,2465.43,2026-01-20 01:00:00
S00005081,M0490,SA0533,1632.07,2026-01-25 15:00:00
S00005082,M0490,SA0533,1317.87,2026-02-03 11:00:00
S00005083,M0490,SA0533,443.25,2026-02-06 19:00:00
S00005084,M0490,SA0533,417.49,2026-02-10 01:00:00
S00005085,M0490,SA0533,990.94,2026-02-12 12:00:00
S00005086,M0490,SA0533,1158.01,2026-02-18 20:00:00
S00005087,M0490,SA0533,540.85,2026-02-21 07:00:00
S00005088,M0490,SA0533,332.42,2026-02-24 18:00:00
S00005089,M0490,SA0533,1179.31,2026-02-27 07:00:00
S00005090,M0490,SA0533,1439.79,2026-03-02 04:00:00
S00005091,M0490,SA0533,276.78,2026-03-05 21:00:00
S00005092,M0490,SA0533,7431.13,2026-03-08 15:00:00
S00005093,M0490,SA0533,4375.93,2026-03-11 15:00:00
S00005094,M0490,SA0533,656.67,2026-03-14 18:00:00
S00005095,M0490,SA0533,957.83,2026-03-23 11:00:00
S00005096,M0490,SA0533,2787.33,2026-03-29 16:00:00
S00005097,M0490,SA0533,2557.42,2026-04-01 16:00:00
S00005098,M0491,SA0228,1470.4,2026-01-04 06:00:00
S00005099,M0491,SA0228,11413.34,2026-01-07 17:00:00
S00005100,M0491,SA0228,10893.96,2026-01-10 11:00:00
S00005101,M0491,SA0228,7745.74,2026-01-13 06:00:00
S00005102,M0491,SA0228,3325.94,2026-01-16 16:00:00
S00005103,M0491,SA0228,16690.55,2026-01-19 15:00:00
S00005104,M0491,SA0228,5339.66,2026-01-22 09:00:00
S00005105,M0491,SA0228,2335.05,2026-01-25 15:00:00
S00005106,M0491,SA0228,7419.48,2026-01-28 14:00:00
S00005107,M0491,SA0228,9188.75,2026-02-03 22:00:00
S00005108,M0491,SA0228,12477.06,2026-02-06 19:00:00
S00005109,M0491,SA0228,5610.72,2026-02-10 01:00:00
S00005110,M0491,SA0228,5807.61,2026-02-12 15:00:00
S00005111,M0491,SA0228,4370.58,2026-02-15 10:00:00
S00005112,M0491,SA0228,10312.12,2026-02-18 06:00:00
S00005113,M0491,SA0228,31021.89,2026-02-21 19:00:00
S00005114,M0491,SA0228,2698.7,2026-02-25 00:00:00
S00005115,M0491,SA0228,4068.56,2026-02-27 04:00:00
S00005116,M0491,SA0228,8812.91,2026-03-02 10:00:00
S00005117,M0491,SA0228,1381.72,2026-03-05 06:00:00
S00005118,M0491,SA0228,4045.52,2026-03-12 03:00:00
S00005119,M0491,SA0228,11337.29,2026-03-14 08:00:00
S00005120,M0491,SA0228,3012.79,2026-03-17 07:00:00
S00005121,M0491,SA0228,1424.97,2026-03-20 18:00:00
S00005122,M0491,SA0228,15309.07,2026-03-23 22:00:00
S00005123,M0491,SA0228,6772.31,2026-03-26 20:00:00
S00005124,M0491,SA0228,2129.1,2026-03-29 18:00:00
S00005125,M0491,SA0228,11302.72,2026-04-01 13:00:00
S00005126,M0492,SA0458,5179.73,2026-01-05 02:00:00
S00005127,M0492,SA0458,3189.16,2026-01-10 13:00:00
S00005128,M0492,SA0458,8390.59,2026-01-14 03:00:00
S00005129,M0492,SA0458,2079.85,2026-01-22 13:00:00
S00005130,M0492,SA0458,8075.79,2026-01-25 20:00:00
S00005131,M0492,SA0458,3175.8,2026-01-31 05:00:00
S00005132,M0492,SA0458,5915.83,2026-02-03 09:00:00
S00005133,M0492,SA0458,5183.89,2026-02-09 20:00:00
S00005134,M0492,SA0458,4613.12,2026-02-12 22:00:00
S00005135,M0492,SA0458,2368.31,2026-02-18 05:00:00
S00005136,M0492,SA0458,1873.34,2026-02-21 04:00:00
S00005137,M0492,SA0458,1936.64,2026-02-24 08:00:00
S00005138,M0492,SA0458,6358.5,2026-02-27 07:00:00
S00005139,M0492,SA0458,994.98,2026-03-02 19:00:00
S00005140,M0492,SA0458,2031.46,2026-03-05 11:00:00
S00005141,M0492,SA0458,2375.18,2026-03-08 23:00:00
S00005142,M0492,SA0458,8841.83,2026-03-15 01:00:00
S00005143,M0492,SA0458,2217.93,2026-03-23 04:00:00
S00005144,M0492,SA0458,3904.51,2026-03-26 18:00:00
S00005145,M0492,SA0458,43596.27,2026-03-29 11:00:00
S00005146,M0492,SA0458,3858.79,2026-04-02 01:00:00
S00005147,M0493,SA0568,4394.69,2026-01-04 15:00:00
S00005148,M0493,SA0568,2836.0,2026-01-10 05:00:00
S00005149,M0493,SA0568,1467.5,2026-02-09 04:00:00
S00005150,M0494,SA0368,1078.59,2026-01-10 09:00:00
S00005151,M0494,SA0368,1029.08,2026-01-13 16:00:00
S00005152,M0494,SA0368,265.12,2026-01-22 21:00:00
S00005153,M0494,SA0368,2040.52,2026-01-25 18:00:00
S00005154,M0494,SA0368,669.2,2026-01-31 05:00:00
S00005155,M0494,SA0368,2671.6,2026-02-07 02:00:00
S00005156,M0494,SA0368,492.84,2026-02-12 06:00:00
S00005157,M0494,SA0368,2606.85,2026-02-16 02:00:00
S00005158,M0494,SA0368,1399.27,2026-02-18 17:00:00
S00005159,M0494,SA0368,1699.08,2026-02-27 08:00:00
S00005160,M0494,SA0368,3131.62,2026-03-02 15:00:00
S00005161,M0494,SA0368,922.56,2026-03-08 09:00:00
S00005162,M0494,SA0368,2048.93,2026-03-12 00:00:00
S00005163,M0494,SA0368,2251.32,2026-03-14 04:00:00
S00005164,M0494,SA0368,2769.83,2026-04-01 06:00:00
S00005165,M0495,SA0537,3691.32,2026-01-28 11:00:00
S00005166,M0495,SA0537,3598.89,2026-03-11 04:00:00
S00005167,M0496,SA0095,265.06,2026-01-10 10:00:00
S00005168,M0496,SA0095,275.41,2026-01-16 08:00:00
S00005169,M0496,SA0095,3860.08,2026-01-25 14:00:00
S00005170,M0496,SA0095,533.52,2026-01-31 05:00:00
S00005171,M0496,SA0095,237.49,2026-02-06 18:00:00
S00005172,M0496,SA0095,711.75,2026-02-09 19:00:00
S00005173,M0496,SA0095,897.56,2026-02-18 04:00:00
S00005174,M0496,SA0095,1769.8,2026-02-22 01:00:00
S00005175,M0496,SA0095,229.52,2026-02-27 19:00:00
S00005176,M0496,SA0095,1882.07,2026-03-17 19:00:00
S00005177,M0496,SA0095,3064.72,2026-04-01 08:00:00
S00005178,M0497,SA0290,238.61,2026-01-13 13:00:00
S00005179,M0497,SA0290,283.77,2026-03-29 21:00:00
S00005180,M0498,SA0527,3084.8,2026-02-18 16:00:00
S00005181,M0498,SA0527,1934.91,2026-02-21 21:00:00
S00005182,M0499,SA0672,5689.28,2026-01-04 05:00:00
S00005183,M0499,SA0672,853.73,2026-01-08 03:00:00
S00005184,M0499,SA0672,349.15,2026-01-13 17:00:00
S00005185,M0499,SA0672,492.96,2026-01-26 02:00:00
S00005186,M0499,SA0672,792.94,2026-02-12 16:00:00
S00005187,M0499,SA0672,294.06,2026-02-15 09:00:00
S00005188,M0499,SA0672,742.19,2026-03-11 07:00:00
S00005189,M0499,SA0672,446.93,2026-03-23 20:00:00
S00005190,M0499,SA0672,253.23,2026-03-29 21:00:00
S00005191,M0500,SA0530,774.76,2026-01-16 11:00:00
S00005192,M0500,SA0530,116.92,2026-01-19 14:00:00
S00005193,M0500,SA0530,468.87,2026-01-25 15:00:00
S00005194,M0500,SA0530,1866.28,2026-01-28 05:00:00
S00005195,M0500,SA0530,1997.75,2026-02-06 17:00:00
S00005196,M0500,SA0530,1806.97,2026-02-09 10:00:00
S00005197,M0500,SA0530,360.21,2026-02-15 12:00:00
S00005198,M0500,SA0530,2092.44,2026-02-18 21:00:00
S00005199,M0500,SA0530,926.34,2026-02-25 02:00:00
S00005200,M0500,SA0530,1219.78,2026-02-28 02:00:00
S00005201,M0500,SA0530,1223.8,2026-03-05 11:00:00
S00005202,M0500,SA0530,11514.49,2026-03-09 03:00:00
S00005203,M0500,SA0530,1058.82,2026-03-11 12:00:00
S00005204,M0500,SA0530,351.7,2026-03-14 20:00:00
S00005205,M0500,SA0530,1113.02,2026-03-23 23:00:00
S00005206,M0500,SA0530,301.87,2026-03-27 03:00:00
S00005207,M0500,SA0530,448.4,2026-04-01 05:00:00
