transaction_id,merchant_id,customer_id,timestamp,amount,payment_method,device_id,ip_id,status
T00000001,M0015,C0664,2026-01-17 16:07:25,335.17,wallet,D0156,IP0273,SUCCESS
T00000002,M0057,C0793,2026-02-09 22:24:03,153.89,wallet,D0345,IP0069,SUCCESS
T00000003,M0470,C0049,2026-03-24 21:34:30,1305.06,card,D0050,IP0726,SUCCESS
T00000004,M0058,C0067,2026-02-28 23:08:03,470.56,wallet,D0105,IP0644,SUCCESS
T00000005,M0418,C1254,2026-01-05 15:15:27,5494.64,UPI,D0649,IP0112,SUCCESS
T00000006,M0491,C1346,2026-02-03 19:11:56,2006.02,card,D0034,IP0119,SUCCESS
T00000007,M0430,C1191,2026-02-13 16:41:12,1609.34,card,D0732,IP0143,SUCCESS
T00000008,M0229,C1170,2026-02-22 16:00:10,4149.26,card,D0248,IP0493,SUCCESS
T00000009,M0142,C0993,2026-02-20 19:11:29,502.73,wallet,D0436,IP0672,SUCCESS
T00000010,M0113,C0002,2026-02-15 18:46:35,2543.57,UPI,D0403,IP0411,SUCCESS
T00000011,M0210,C0260,2026-02-25 19:15:32,217.86,wallet,D0643,IP0040,SUCCESS
T00000012,M0279,C0063,2026-03-26 12:37:41,3313.32,card,D0370,IP0147,SUCCESS
T00000013,M0268,C1116,2026-01-04 15:53:48,1158.88,UPI,D0059,IP0555,FAILED
T00000014,M0344,C1433,2026-03-03 21:14:31,3373.06,card,D0070,IP0732,SUCCESS
T00000015,M0416,C0411,2026-03-05 21:48:49,462.51,card,D0539,IP0527,SUCCESS
T00000016,M0113,C0259,2026-03-30 11:37:54,364.19,netbanking,D0296,IP0262,SUCCESS
T00000017,M0195,C1443,2026-01-06 14:14:32,867.26,card,D0200,IP0264,SUCCESS
T00000018,M0402,C0233,2026-01-04 16:32:47,4780.51,UPI,D0224,IP0022,SUCCESS
T00000019,M0454,C0974,2026-02-10 20:56:17,1868.25,UPI,D0168,IP0203,SUCCESS
T00000020,M0433,C0393,2026-03-20 13:37:16,1028.54,netbanking,D0388,IP0098,SUCCESS
T00000021,M0487,C0895,2026-02-12 14:52:34,560.16,UPI,D0523,IP0566,SUCCESS
T00000022,M0420,C1489,2026-01-04 14:33:09,514.93,UPI,D0498,IP0152,SUCCESS
T00000023,M0487,C0490,2026-01-23 18:06:38,447.84,card,D0570,IP0224,FAILED
T00000024,M0478,C1306,2026-01-24 23:47:15,5181.82,card,D0551,IP0692,SUCCESS
T00000025,M0362,C0394,2026-01-24 22:27:23,619.82,card,D0678,IP0147,SUCCESS
T00000026,M0381,C0004,2026-03-30 20:47:38,1292.84,wallet,D0247,IP0262,SUCCESS
T00000027,M0176,C0839,2026-03-09 19:49:32,426.34,wallet,D0152,IP0462,SUCCESS
T00000028,M0461,C1174,2026-01-26 23:43:40,10595.12,UPI,D0287,IP0619,SUCCESS
T00000029,M0380,C0675,2026-01-14 13:45:47,9450.84,card,D0472,IP0481,SUCCESS
T00000030,M0457,C0985,2026-01-13 14:00:54,496.39,UPI,D0542,IP0222,SUCCESS
T00000031,M0136,C0413,2026-03-27 12:17:03,1022.37,UPI,D0443,IP0045,FAILED
T00000032,M0210,C0474,2026-02-17 17:02:36,1088.99,UPI,D0118,IP0661,SUCCESS
T00000033,M0066,C0308,2026-02-26 23:16:17,270.68,UPI,D0075,IP0321,SUCCESS
T00000034,M0478,C0277,2026-03-19 13:31:36,11790.34,card,D0722,IP0514,SUCCESS
T00000035,M0424,C0594,2026-02-02 10:59:47,448.61,netbanking,D0442,IP0125,SUCCESS
T00000036,M0405,C0242,2026-02-23 15:30:22,580.0,UPI,D0015,IP0351,SUCCESS
T00000037,M0248,C1099,2026-03-13 13:29:05,615.17,wallet,D0623,IP0112,SUCCESS
T00000038,M0007,C1409,2026-02-19 20:06:58,2119.95,netbanking,D0522,IP0095,SUCCESS
T00000039,M0487,C0874,2026-02-03 18:27:58,622.22,UPI,D0405,IP0541,FAILED
T00000040,M0216,C1153,2026-01-15 21:01:19,849.8,card,D0352,IP0179,SUCCESS
T00000041,M0147,C0122,2026-02-06 06:43:24,2882.76,card,D0489,IP0245,SUCCESS
T00000042,M0442,C1173,2026-01-23 13:25:24,1699.37,wallet,D0645,IP0110,SUCCESS
T00000043,M0133,C1338,2026-01-03 23:22:44,8940.68,card,D0660,IP0399,SUCCESS
T00000044,M0117,C0143,2026-03-18 21:19:24,5827.81,netbanking,D0407,IP0514,SUCCESS
T00000045,M0264,C1286,2026-03-11 13:49:02,777.33,UPI,D0509,IP0585,SUCCESS
T00000046,M0258,C0670,2026-01-10 10:34:52,1063.27,card,D0631,IP0371,SUCCESS
T00000047,M0452,C0050,2026-02-22 12:39:26,1022.29,UPI,D0705,IP0364,SUCCESS
T00000048,M0496,C1099,2026-01-24 10:15:33,1858.17,card,D0645,IP0417,SUCCESS
T00000049,M0147,C0086,2026-03-27 23:21:48,1982.41,card,D0661,IP0082,SUCCESS
T00000050,M0130,C0163,2026-02-05 22:05:48,1082.8,card,D0728,IP0010,SUCCESS
T00000051,M0263,C1143,2026-01-15 20:08:59,2215.85,UPI,D0151,IP0629,FAILED
T00000052,M0249,C0232,2026-01-20 10:56:02,427.78,card,D0294,IP0739,SUCCESS
T00000053,M0424,C0292,2026-01-04 08:02:42,693.74,netbanking,D0189,IP0263,SUCCESS
T00000054,M0075,C0034,2026-03-23 15:23:38,1792.66,card,D0403,IP0200,FAILED
T00000055,M0113,C0904,2026-03-19 17:54:40,871.16,card,D0134,IP0262,SUCCESS
T00000056,M0132,C0548,2026-03-14 16:47:33,859.65,UPI,D0187,IP0251,SUCCESS
T00000057,M0065,C0315,2026-01-17 18:34:56,21186.54,card,D0335,IP0659,SUCCESS
T00000058,M0047,C0324,2026-02-05 15:27:19,339.18,wallet,D0431,IP0506,SUCCESS
T00000059,M0290,C0076,2026-02-06 17:24:00,212.14,card,D0718,IP0561,SUCCESS
T00000060,M0453,C0476,2026-02-17 15:55:11,4285.54,card,D0550,IP0087,SUCCESS
T00000061,M0424,C0265,2026-03-26 10:37:24,2112.11,wallet,D0189,IP0263,SUCCESS
T00000062,M0129,C0694,2026-01-29 14:45:43,3242.5,card,D0432,IP0372,SUCCESS
T00000063,M0111,C1155,2026-02-15 13:54:59,1895.98,card,D0258,IP0275,SUCCESS
T00000064,M0338,C0678,2026-01-21 12:12:10,3164.47,wallet,D0242,IP0286,FAILED
T00000065,M0191,C0013,2026-01-29 10:58:55,1080.41,card,D0372,IP0602,SUCCESS
T00000066,M0289,C1201,2026-02-19 23:35:04,393.09,card,D0289,IP0579,SUCCESS
T00000067,M0385,C1378,2026-01-31 12:49:02,461.38,UPI,D0250,IP0719,FAILED
T00000068,M0461,C0166,2026-03-01 22:58:59,5162.69,UPI,D0110,IP0148,SUCCESS
T00000069,M0125,C1166,2026-01-27 14:05:29,1662.54,netbanking,D0185,IP0339,SUCCESS
T00000070,M0050,C0217,2026-03-28 10:05:13,572.32,card,D0387,IP0311,SUCCESS
T00000071,M0142,C0693,2026-03-30 20:22:57,1390.99,UPI,D0247,IP0469,SUCCESS
T00000072,M0303,C0411,2026-02-02 19:28:25,1212.2,UPI,D0181,IP0092,SUCCESS
T00000073,M0071,C0308,2026-01-21 13:12:58,6613.59,netbanking,D0457,IP0348,SUCCESS
T00000074,M0190,C0941,2026-03-15 03:43:44,249.36,wallet,D0105,IP0057,SUCCESS
T00000075,M0174,C0804,2026-01-18 11:56:28,3252.14,UPI,D0533,IP0454,SUCCESS
T00000076,M0077,C1080,2026-03-17 14:51:39,942.33,card,D0280,IP0510,REFUNDED
T00000077,M0490,C0588,2026-01-12 23:58:42,1430.43,UPI,D0707,IP0570,REFUNDED
T00000078,M0442,C0021,2026-03-25 06:26:24,521.23,card,D0486,IP0294,SUCCESS
T00000079,M0328,C0913,2026-03-27 13:01:22,1138.58,UPI,D0262,IP0166,SUCCESS
T00000080,M0452,C0035,2026-01-26 12:28:48,4856.59,UPI,D0349,IP0142,SUCCESS
T00000081,M0165,C0991,2026-02-19 23:45:29,486.03,card,D0587,IP0165,SUCCESS
T00000082,M0437,C0664,2026-03-16 15:47:23,2295.11,card,D0545,IP0234,SUCCESS
T00000083,M0369,C0792,2026-03-08 05:45:27,2138.29,UPI,D0289,IP0149,SUCCESS
T00000084,M0142,C0957,2026-02-25 13:30:36,1300.84,wallet,D0247,IP0672,SUCCESS
T00000085,M0366,C0711,2026-02-11 11:10:40,393.33,wallet,D0748,IP0410,SUCCESS
T00000086,M0289,C0910,2026-03-21 20:37:31,198.36,wallet,D0286,IP0703,REFUNDED
T00000087,M0286,C0867,2026-02-25 09:47:57,201.72,UPI,D0379,IP0228,SUCCESS
T00000088,M0478,C1075,2026-03-12 23:09:05,18273.29,card,D0722,IP0182,FAILED
T00000089,M0217,C0494,2026-01-13 09:30:55,594.33,UPI,D0164,IP0456,SUCCESS
T00000090,M0471,C0616,2026-01-20 12:04:42,194.16,netbanking,D0235,IP0541,REFUNDED
T00000091,M0426,C0656,2026-02-26 17:19:51,2506.96,UPI,D0071,IP0221,SUCCESS
T00000092,M0236,C0559,2026-03-04 18:34:45,447.51,UPI,D0101,IP0296,SUCCESS
T00000093,M0410,C1421,2026-01-07 13:23:31,4293.96,card,D0152,IP0189,SUCCESS
T00000094,M0083,C1421,2026-02-09 14:02:01,2441.38,netbanking,D0637,IP0163,SUCCESS
T00000095,M0288,C1166,2026-01-03 17:20:56,760.9,UPI,D0162,IP0561,SUCCESS
T00000096,M0044,C1009,2026-02-24 22:05:20,932.19,card,D0625,IP0744,SUCCESS
T00000097,M0129,C0609,2026-01-11 11:09:25,1553.32,wallet,D0256,IP0372,SUCCESS
T00000098,M0205,C0733,2026-02-14 13:32:40,1352.53,UPI,D0526,IP0147,SUCCESS
T00000099,M0074,C0991,2026-01-10 11:57:28,25597.86,card,D0732,IP0121,SUCCESS
T00000100,M0454,C0803,2026-03-02 14:25:56,2541.48,card,D0151,IP0231,FAILED
T00000101,M0448,C0449,2026-01-15 22:03:22,7596.64,card,D0522,IP0408,SUCCESS
T00000102,M0002,C1123,2026-01-24 06:58:17,212.0,UPI,D0611,IP0505,SUCCESS
T00000103,M0075,C1235,2026-03-28 13:23:58,2030.81,wallet,D0403,IP0342,SUCCESS
T00000104,M0480,C1468,2026-01-19 10:43:26,357.07,UPI,D0616,IP0203,SUCCESS
T00000105,M0001,C0330,2026-01-16 20:36:43,5272.66,card,D0150,IP0339,SUCCESS
T00000106,M0485,C1200,2026-01-03 10:05:45,2087.17,card,D0528,IP0697,SUCCESS
T00000107,M0313,C1118,2026-02-13 18:04:30,7900.89,UPI,D0547,IP0349,SUCCESS
T00000108,M0303,C0291,2026-03-16 22:48:32,1978.9,UPI,D0046,IP0456,SUCCESS
T00000109,M0018,C0910,2026-03-01 16:34:11,1336.52,card,D0273,IP0613,SUCCESS
T00000110,M0208,C1182,2026-01-19 13:11:02,6258.4,card,D0533,IP0457,SUCCESS
T00000111,M0430,C1298,2026-02-25 20:53:49,9548.2,UPI,D0287,IP0480,SUCCESS
T00000112,M0188,C0109,2026-03-01 16:23:26,1847.3,wallet,D0229,IP0021,SUCCESS
T00000113,M0466,C0623,2026-02-20 09:56:34,2052.24,card,D0390,IP0251,SUCCESS
T00000114,M0289,C0737,2026-03-12 17:52:53,212.04,UPI,D0701,IP0579,SUCCESS
T00000115,M0432,C0240,2026-03-28 17:18:06,2979.87,netbanking,D0170,IP0181,SUCCESS
T00000116,M0410,C1116,2026-03-05 12:24:23,7003.95,card,D0323,IP0720,SUCCESS
T00000117,M0261,C0043,2026-01-31 16:59:00,1367.91,UPI,D0243,IP0371,SUCCESS
T00000118,M0430,C1251,2026-02-22 17:16:54,405.47,netbanking,D0541,IP0143,SUCCESS
T00000119,M0444,C0382,2026-03-09 18:56:21,1355.02,netbanking,D0645,IP0075,SUCCESS
T00000120,M0487,C0765,2026-01-27 04:04:57,745.92,wallet,D0570,IP0068,SUCCESS
T00000121,M0056,C0451,2026-01-22 19:52:39,1839.94,netbanking,D0146,IP0143,SUCCESS
T00000122,M0424,C0619,2026-02-24 23:06:43,1695.51,UPI,D0346,IP0596,SUCCESS
T00000123,M0365,C0194,2026-02-22 18:30:14,3341.79,card,D0043,IP0175,SUCCESS
T00000124,M0380,C0370,2026-03-02 20:26:52,3854.26,UPI,D0039,IP0251,SUCCESS
T00000125,M0478,C1179,2026-03-06 19:59:22,3750.74,netbanking,D0293,IP0286,FAILED
T00000126,M0023,C0235,2026-01-09 12:11:25,1779.68,card,D0306,IP0641,SUCCESS
T00000127,M0404,C0617,2026-01-01 03:32:39,1685.27,UPI,D0056,IP0490,SUCCESS
T00000128,M0214,C0101,2026-03-03 17:14:15,1585.41,card,D0035,IP0090,SUCCESS
T00000129,M0333,C0211,2026-02-12 13:04:17,5388.66,UPI,D0134,IP0039,SUCCESS
T00000130,M0143,C0075,2026-01-21 17:34:37,2003.11,card,D0335,IP0601,SUCCESS
T00000131,M0169,C0359,2026-02-02 21:45:06,1753.7,UPI,D0642,IP0448,SUCCESS
T00000132,M0342,C1016,2026-01-28 17:54:47,5330.79,wallet,D0175,IP0518,SUCCESS
T00000133,M0210,C0896,2026-01-15 19:09:35,778.61,UPI,D0250,IP0235,SUCCESS
T00000134,M0169,C0842,2026-02-19 15:56:16,2235.05,UPI,D0642,IP0518,SUCCESS
T00000135,M0019,C0716,2026-03-31 12:14:23,584.72,UPI,D0251,IP0013,SUCCESS
T00000136,M0113,C0453,2026-01-05 17:46:47,1269.09,UPI,D0403,IP0156,SUCCESS
T00000137,M0336,C0120,2026-03-24 16:11:59,8715.97,card,D0626,IP0243,SUCCESS
T00000138,M0229,C0203,2026-02-09 10:21:41,7748.81,card,D0328,IP0327,SUCCESS
T00000139,M0015,C0191,2026-01-14 21:55:11,426.86,UPI,D0304,IP0351,SUCCESS
T00000140,M0203,C1088,2026-02-05 18:10:15,619.48,UPI,D0042,IP0283,SUCCESS
T00000141,M0210,C0595,2026-02-17 13:44:51,1260.33,UPI,D0250,IP0040,SUCCESS
T00000142,M0142,C0902,2026-02-02 12:56:14,393.25,wallet,D0130,IP0644,SUCCESS
T00000143,M0113,C0002,2026-03-17 16:43:36,1132.03,UPI,D0511,IP0635,SUCCESS
T00000144,M0006,C0233,2026-03-09 16:57:43,939.57,card,D0702,IP0276,SUCCESS
T00000145,M0351,C0407,2026-03-21 22:58:03,31112.15,UPI,D0371,IP0081,SUCCESS
T00000146,M0406,C0996,2026-03-19 14:53:52,1410.96,card,D0043,IP0141,SUCCESS
T00000147,M0142,C0139,2026-03-27 20:54:43,474.41,UPI,D0475,IP0469,SUCCESS
T00000148,M0189,C1137,2026-03-04 10:36:53,6112.12,netbanking,D0231,IP0629,SUCCESS
T00000149,M0462,C1453,2026-01-26 07:15:04,2655.57,card,D0031,IP0525,SUCCESS
T00000150,M0487,C1146,2026-02-03 21:48:52,1002.82,UPI,D0570,IP0224,FAILED
T00000151,M0308,C0093,2026-02-28 19:22:47,6452.83,netbanking,D0708,IP0059,SUCCESS
T00000152,M0228,C0103,2026-03-11 23:42:46,604.44,card,D0173,IP0198,SUCCESS
T00000153,M0491,C0545,2026-02-27 18:10:53,3507.14,wallet,D0589,IP0215,SUCCESS
T00000154,M0039,C1477,2026-01-26 16:42:07,2111.07,card,D0541,IP0210,SUCCESS
T00000155,M0169,C0842,2026-02-25 17:30:34,693.25,wallet,D0642,IP0518,SUCCESS
T00000156,M0297,C1199,2026-03-27 15:59:32,2024.58,UPI,D0182,IP0053,SUCCESS
T00000157,M0147,C1182,2026-03-19 13:04:30,1739.52,UPI,D0628,IP0082,SUCCESS
T00000158,M0478,C0929,2026-02-02 23:21:05,7745.28,UPI,D0551,IP0286,SUCCESS
T00000159,M0297,C0796,2026-01-26 23:45:25,2081.55,card,D0573,IP0309,SUCCESS
T00000160,M0453,C1142,2026-02-06 11:54:17,5717.62,UPI,D0704,IP0334,FAILED
T00000161,M0195,C0827,2026-01-14 14:32:25,888.99,card,D0034,IP0264,SUCCESS
T00000162,M0113,C1238,2026-03-15 17:15:40,2507.0,UPI,D0296,IP0635,FAILED
T00000163,M0471,C0859,2026-03-29 12:16:13,371.53,netbanking,D0062,IP0310,SUCCESS
T00000164,M0272,C1296,2026-03-28 15:08:54,11143.81,UPI,D0471,IP0162,SUCCESS
T00000165,M0418,C0848,2026-03-02 22:20:13,3140.77,netbanking,D0155,IP0649,SUCCESS
T00000166,M0176,C0013,2026-03-07 19:28:17,624.48,card,D0376,IP0559,SUCCESS
T00000167,M0077,C0652,2026-03-31 14:46:58,2026.6,wallet,D0229,IP0305,SUCCESS
T00000168,M0353,C0435,2026-03-17 23:45:15,1689.03,UPI,D0399,IP0133,FAILED
T00000169,M0152,C0529,2026-03-14 17:21:41,1166.07,wallet,D0046,IP0612,SUCCESS
T00000170,M0471,C0210,2026-03-31 08:21:48,819.96,card,D0672,IP0541,SUCCESS
T00000171,M0169,C0243,2026-01-18 16:15:08,676.97,wallet,D0642,IP0570,SUCCESS
T00000172,M0167,C0406,2026-01-24 09:48:17,1386.28,netbanking,D0196,IP0680,SUCCESS
T00000173,M0403,C0118,2026-01-22 19:09:08,19007.89,card,D0477,IP0239,SUCCESS
T00000174,M0214,C0430,2026-01-27 13:30:13,2769.81,card,D0655,IP0204,REFUNDED
T00000175,M0109,C0516,2026-01-29 10:54:41,2323.94,UPI,D0242,IP0200,SUCCESS
T00000176,M0145,C0571,2026-01-27 20:28:26,374.67,UPI,D0413,IP0362,FAILED
T00000177,M0365,C0008,2026-03-31 10:48:37,3183.91,card,D0098,IP0228,SUCCESS
T00000178,M0092,C0762,2026-01-31 04:22:27,1371.04,UPI,D0736,IP0262,SUCCESS
T00000179,M0379,C0631,2026-03-01 16:08:19,452.6,UPI,D0072,IP0448,SUCCESS
T00000180,M0480,C0805,2026-01-14 14:30:51,155.34,netbanking,D0695,IP0746,SUCCESS
T00000181,M0102,C0428,2026-02-15 16:04:35,4025.25,card,D0403,IP0449,SUCCESS
T00000182,M0165,C1165,2026-03-20 19:40:24,1411.28,UPI,D0730,IP0165,SUCCESS
T00000183,M0201,C1273,2026-01-08 15:00:59,2801.62,netbanking,D0049,IP0455,SUCCESS
T00000184,M0325,C1081,2026-03-04 14:24:58,917.72,wallet,D0492,IP0614,SUCCESS
T00000185,M0359,C0991,2026-01-03 21:25:29,1913.25,UPI,D0698,IP0026,SUCCESS
T00000186,M0487,C0236,2026-03-20 23:01:39,185.34,wallet,D0738,IP0541,SUCCESS
T00000187,M0491,C0568,2026-02-28 08:51:51,2269.5,card,D0153,IP0215,FAILED
T00000188,M0183,C1058,2026-03-05 23:33:42,618.52,UPI,D0160,IP0097,FAILED
T00000189,M0133,C1496,2026-01-29 19:38:27,7791.04,card,D0276,IP0513,SUCCESS
T00000190,M0147,C1477,2026-01-29 14:07:58,1068.48,UPI,D0347,IP0245,SUCCESS
T00000191,M0337,C0393,2026-01-15 17:54:20,460.87,card,D0243,IP0633,SUCCESS
T00000192,M0159,C0522,2026-02-03 10:53:37,3406.22,netbanking,D0286,IP0622,SUCCESS
T00000193,M0424,C1192,2026-02-01 13:44:06,2440.51,card,D0463,IP0263,SUCCESS
T00000194,M0260,C1095,2026-01-03 20:03:25,4943.69,netbanking,D0578,IP0194,SUCCESS
T00000195,M0008,C0506,2026-03-18 09:50:16,2249.15,UPI,D0485,IP0234,FAILED
T00000196,M0411,C1386,2026-01-29 05:17:43,640.58,netbanking,D0630,IP0498,SUCCESS
T00000197,M0236,C0147,2026-01-13 10:18:49,313.1,card,D0681,IP0296,SUCCESS
T00000198,M0494,C1018,2026-02-13 16:41:54,2683.26,UPI,D0384,IP0480,SUCCESS
T00000199,M0405,C0170,2026-02-16 15:18:17,2485.48,wallet,D0164,IP0351,SUCCESS
T00000200,M0303,C1035,2026-01-18 12:06:53,685.49,UPI,D0660,IP0010,SUCCESS
T00000201,M0090,C0770,2026-03-24 16:11:08,811.65,card,D0345,IP0231,SUCCESS
T00000202,M0296,C1239,2026-03-21 14:26:48,3183.19,UPI,D0546,IP0471,FAILED
T00000203,M0339,C1299,2026-01-29 11:20:11,481.97,UPI,D0132,IP0355,SUCCESS
T00000204,M0442,C1114,2026-01-01 17:48:40,839.13,wallet,D0462,IP0294,SUCCESS
T00000205,M0424,C0323,2026-02-06 09:14:48,1389.16,netbanking,D0442,IP0263,SUCCESS
T00000206,M0478,C0134,2026-02-07 23:28:18,18018.88,UPI,D0551,IP0748,SUCCESS
T00000207,M0382,C1199,2026-02-24 09:06:46,748.32,UPI,D0524,IP0325,SUCCESS
T00000208,M0273,C0561,2026-01-30 23:16:50,592.38,card,D0081,IP0204,SUCCESS
T00000209,M0229,C0781,2026-03-11 23:06:08,8232.11,UPI,D0248,IP0327,FAILED
T00000210,M0269,C1462,2026-01-27 06:40:01,1520.04,UPI,D0352,IP0204,SUCCESS
T00000211,M0173,C0009,2026-01-19 15:49:48,3158.89,card,D0396,IP0377,SUCCESS
T00000212,M0107,C0850,2026-01-05 23:04:22,595.35,card,D0153,IP0584,SUCCESS
T00000213,M0147,C1466,2026-03-26 23:21:47,2239.2,card,D0664,IP0082,SUCCESS
T00000214,M0378,C0712,2026-01-23 15:54:58,565.17,card,D0074,IP0042,SUCCESS
T00000215,M0060,C0994,2026-03-09 23:50:52,971.61,UPI,D0723,IP0084,SUCCESS
T00000216,M0221,C1427,2026-02-13 09:21:03,327.36,card,D0664,IP0019,SUCCESS
T00000217,M0119,C0215,2026-03-05 14:38:48,343.17,UPI,D0740,IP0666,SUCCESS
T00000218,M0374,C0250,2026-01-27 10:08:05,702.11,wallet,D0353,IP0455,SUCCESS
T00000219,M0196,C0840,2026-03-29 14:11:56,2460.04,card,D0018,IP0688,SUCCESS
T00000220,M0296,C1421,2026-02-23 17:09:05,2988.28,UPI,D0403,IP0471,SUCCESS
T00000221,M0430,C0324,2026-03-15 15:58:30,4500.85,UPI,D0429,IP0618,SUCCESS
T00000222,M0297,C1325,2026-02-04 13:49:57,5444.62,card,D0408,IP0509,SUCCESS
T00000223,M0170,C1441,2026-01-17 14:58:44,833.47,UPI,D0302,IP0366,SUCCESS
T00000224,M0329,C1185,2026-03-21 15:14:05,11420.34,card,D0042,IP0128,SUCCESS
T00000225,M0487,C0767,2026-01-10 17:18:11,1015.31,wallet,D0570,IP0109,SUCCESS
T00000226,M0312,C0404,2026-03-28 16:34:00,774.87,UPI,D0157,IP0411,SUCCESS
T00000227,M0203,C0509,2026-01-11 20:38:23,831.88,UPI,D0441,IP0476,SUCCESS
T00000228,M0408,C1315,2026-01-17 15:44:43,2509.87,UPI,D0190,IP0553,SUCCESS
T00000229,M0344,C0820,2026-01-27 20:27:50,26962.3,UPI,D0199,IP0585,SUCCESS
T00000230,M0487,C0647,2026-02-17 09:23:15,586.14,UPI,D0625,IP0037,SUCCESS
T00000231,M0113,C0842,2026-01-04 08:04:58,543.63,netbanking,D0426,IP0635,FAILED
T00000232,M0491,C1279,2026-03-22 12:12:25,2796.65,card,D0544,IP0261,SUCCESS
T00000233,M0380,C1251,2026-03-22 14:50:57,2690.43,netbanking,D0471,IP0007,SUCCESS
T00000234,M0339,C0880,2026-03-01 16:37:24,1722.97,UPI,D0018,IP0657,SUCCESS
T00000235,M0405,C0631,2026-01-28 15:47:52,2083.73,netbanking,D0164,IP0205,SUCCESS
T00000236,M0113,C0972,2026-02-06 15:20:19,609.95,netbanking,D0296,IP0156,SUCCESS
T00000237,M0147,C0697,2026-02-07 15:07:56,1185.85,card,D0489,IP0245,SUCCESS
T00000238,M0085,C1300,2026-02-11 19:01:18,4833.67,card,D0203,IP0022,SUCCESS
T00000239,M0282,C0758,2026-02-28 12:40:33,1887.73,UPI,D0471,IP0567,SUCCESS
T00000240,M0289,C0597,2026-03-05 10:07:17,602.09,UPI,D0110,IP0703,SUCCESS
T00000241,M0464,C1423,2026-03-06 18:36:26,3716.91,UPI,D0546,IP0705,SUCCESS
T00000242,M0249,C0136,2026-03-12 14:07:30,413.39,UPI,D0004,IP0241,SUCCESS
T00000243,M0387,C0357,2026-02-11 19:09:53,2040.31,card,D0540,IP0432,REFUNDED
T00000244,M0229,C0622,2026-03-22 17:12:36,3202.77,card,D0256,IP0327,SUCCESS
T00000245,M0420,C1140,2026-03-19 12:23:23,545.16,card,D0737,IP0231,SUCCESS
T00000246,M0084,C0636,2026-01-12 13:19:20,5920.15,UPI,D0206,IP0645,SUCCESS
T00000247,M0076,C1344,2026-01-04 15:21:04,249.68,wallet,D0158,IP0249,SUCCESS
T00000248,M0185,C0777,2026-02-28 16:37:27,4002.37,card,D0246,IP0696,SUCCESS
T00000249,M0496,C1459,2026-03-16 17:48:02,309.14,wallet,D0029,IP0417,SUCCESS
T00000250,M0297,C0572,2026-01-10 18:10:10,1031.11,card,D0698,IP0148,SUCCESS
T00000251,M0359,C0049,2026-02-10 20:32:20,2464.78,UPI,D0059,IP0493,SUCCESS
T00000252,M0075,C0358,2026-01-24 23:44:10,484.14,card,D0537,IP0342,FAILED
T00000253,M0219,C1220,2026-03-31 13:17:22,326.41,wallet,D0491,IP0309,SUCCESS
T00000254,M0478,C0357,2026-03-01 19:41:30,14493.9,netbanking,D0070,IP0194,SUCCESS
T00000255,M0313,C0563,2026-02-11 16:48:43,5135.79,card,D0572,IP0126,SUCCESS
T00000256,M0039,C0832,2026-03-29 16:02:29,4771.53,UPI,D0540,IP0562,SUCCESS
T00000257,M0440,C0698,2026-03-14 19:15:36,29486.96,card,D0712,IP0500,SUCCESS
T00000258,M0076,C0982,2026-03-26 12:48:34,1519.85,netbanking,D0158,IP0045,SUCCESS
T00000259,M0344,C0779,2026-02-26 20:05:09,8638.42,card,D0199,IP0249,SUCCESS
T00000260,M0113,C0002,2026-01-31 16:55:12,560.36,card,D0403,IP0156,SUCCESS
T00000261,M0446,C0263,2026-03-26 23:54:45,1664.16,wallet,D0236,IP0586,SUCCESS
T00000262,M0487,C1253,2026-02-01 12:30:02,1100.69,card,D0738,IP0541,SUCCESS
T00000263,M0147,C1310,2026-03-12 13:17:00,2521.43,netbanking,D0689,IP0245,SUCCESS
T00000264,M0440,C0255,2026-03-20 23:21:06,11328.54,wallet,D0160,IP0040,SUCCESS
T00000265,M0466,C0871,2026-01-30 07:10:39,3511.43,card,D0466,IP0554,REFUNDED
T00000266,M0405,C0765,2026-03-12 22:18:43,578.51,UPI,D0015,IP0155,SUCCESS
T00000267,M0410,C1079,2026-01-31 13:09:46,1322.87,netbanking,D0547,IP0189,SUCCESS
T00000268,M0380,C0451,2026-02-01 14:29:54,3971.58,UPI,D0450,IP0182,SUCCESS
T00000269,M0050,C0219,2026-02-23 09:49:36,1241.32,wallet,D0387,IP0311,SUCCESS
T00000270,M0205,C0128,2026-03-12 13:05:48,775.81,wallet,D0048,IP0107,SUCCESS
T00000271,M0176,C1464,2026-02-06 18:48:07,1046.31,card,D0097,IP0559,SUCCESS
T00000272,M0135,C0252,2026-02-06 13:16:44,8288.27,card,D0032,IP0289,SUCCESS
T00000273,M0259,C1482,2026-02-24 13:45:02,347.35,UPI,D0684,IP0325,SUCCESS
T00000274,M0150,C0763,2026-03-19 23:53:33,2316.78,netbanking,D0029,IP0657,SUCCESS
T00000275,M0297,C0142,2026-01-22 21:19:36,3617.92,UPI,D0182,IP0425,SUCCESS
T00000276,M0274,C0664,2026-01-27 23:22:45,12454.34,netbanking,D0197,IP0081,SUCCESS
T00000277,M0004,C0302,2026-01-02 14:35:04,2697.55,card,D0354,IP0692,SUCCESS
T00000278,M0101,C1252,2026-02-11 12:54:23,1553.72,card,D0645,IP0563,SUCCESS
T00000279,M0325,C0952,2026-02-01 20:26:28,1484.94,card,D0745,IP0486,SUCCESS
T00000280,M0490,C0504,2026-03-28 14:13:28,1579.14,UPI,D0521,IP0726,SUCCESS
T00000281,M0318,C1262,2026-03-23 17:06:22,6914.57,card,D0637,IP0530,SUCCESS
T00000282,M0478,C1096,2026-01-30 23:50:19,8251.05,card,D0293,IP0286,SUCCESS
T00000283,M0492,C0497,2026-01-03 15:21:11,2787.25,netbanking,D0589,IP0532,SUCCESS
T00000284,M0371,C1370,2026-01-02 23:59:04,2403.87,card,D0322,IP0452,SUCCESS
T00000285,M0327,C0273,2026-01-14 17:34:00,825.34,card,D0182,IP0600,REFUNDED
T00000286,M0320,C0402,2026-02-26 14:10:53,4119.8,card,D0646,IP0695,SUCCESS
T00000287,M0131,C1287,2026-01-18 21:34:07,4291.35,UPI,D0147,IP0300,SUCCESS
T00000288,M0113,C0803,2026-03-21 14:50:28,2203.77,UPI,D0296,IP0221,SUCCESS
T00000289,M0170,C1139,2026-03-11 13:54:19,1624.21,card,D0302,IP0189,SUCCESS
T00000290,M0195,C0619,2026-02-28 19:13:39,471.88,wallet,D0116,IP0114,SUCCESS
T00000291,M0165,C0116,2026-01-29 18:24:56,256.88,UPI,D0189,IP0377,SUCCESS
T00000292,M0129,C0325,2026-01-22 11:57:11,454.61,UPI,D0469,IP0372,SUCCESS
T00000293,M0403,C0550,2026-02-24 20:57:06,10504.67,card,D0242,IP0375,SUCCESS
T00000294,M0212,C0514,2026-03-22 14:17:26,11786.39,card,D0632,IP0573,SUCCESS
T00000295,M0321,C0378,2026-02-17 19:22:47,2988.4,UPI,D0456,IP0112,SUCCESS
T00000296,M0225,C1310,2026-01-09 07:17:40,815.7,UPI,D0301,IP0705,SUCCESS
T00000297,M0248,C0992,2026-03-09 08:39:16,519.95,UPI,D0445,IP0361,SUCCESS
T00000298,M0239,C0870,2026-02-24 07:38:27,972.23,wallet,D0398,IP0250,SUCCESS
T00000299,M0316,C0644,2026-03-29 23:19:53,2533.36,card,D0532,IP0434,SUCCESS
T00000300,M0142,C0323,2026-03-28 21:03:34,753.25,card,D0475,IP0469,SUCCESS
T00000301,M0491,C0294,2026-01-06 16:15:51,4240.59,card,D0153,IP0215,SUCCESS
T00000302,M0330,C0697,2026-03-03 15:36:40,1560.12,UPI,D0368,IP0453,SUCCESS
T00000303,M0379,C0938,2026-03-18 15:47:36,65.41,UPI,D0141,IP0439,REFUNDED
T00000304,M0203,C0424,2026-01-11 10:04:19,386.86,UPI,D0042,IP0076,SUCCESS
T00000305,M0444,C1163,2026-03-30 14:46:08,9539.01,wallet,D0049,IP0078,SUCCESS
T00000306,M0210,C1151,2026-03-03 16:30:43,1062.99,UPI,D0643,IP0325,REFUNDED
T00000307,M0430,C0913,2026-03-02 13:48:57,3063.78,UPI,D0023,IP0618,SUCCESS
T00000308,M0142,C1155,2026-01-16 23:31:23,434.81,UPI,D0208,IP0672,SUCCESS
T00000309,M0430,C1085,2026-01-23 15:25:29,2601.38,UPI,D0023,IP0618,SUCCESS
T00000310,M0482,C0790,2026-03-29 19:22:18,9948.21,card,D0544,IP0641,SUCCESS
T00000311,M0131,C1036,2026-02-02 16:31:40,2693.36,card,D0186,IP0300,SUCCESS
T00000312,M0015,C1179,2026-02-08 12:24:04,472.7,wallet,D0228,IP0273,SUCCESS
T00000313,M0424,C0292,2026-03-28 15:20:35,471.51,UPI,D0436,IP0263,SUCCESS
T00000314,M0324,C1376,2026-03-09 16:22:02,653.63,UPI,D0084,IP0405,SUCCESS
T00000315,M0147,C0359,2026-01-15 15:40:08,669.83,UPI,D0074,IP0082,SUCCESS
T00000316,M0297,C1414,2026-02-15 16:31:50,771.89,UPI,D0579,IP0053,SUCCESS
T00000317,M0491,C0545,2026-02-17 23:11:37,2477.3,card,D0711,IP0119,SUCCESS
T00000318,M0480,C0034,2026-03-18 06:54:17,426.1,card,D0450,IP0746,SUCCESS
T00000319,M0176,C1060,2026-02-08 16:31:52,746.09,UPI,D0097,IP0462,SUCCESS
T00000320,M0374,C0605,2026-01-06 10:34:03,787.07,UPI,D0353,IP0455,SUCCESS
T00000321,M0289,C0196,2026-01-09 17:52:20,322.5,card,D0121,IP0390,SUCCESS
T00000322,M0167,C0908,2026-02-23 14:10:42,1066.09,UPI,D0472,IP0415,SUCCESS
T00000323,M0109,C0206,2026-02-24 14:10:59,751.44,UPI,D0560,IP0289,SUCCESS
T00000324,M0096,C1075,2026-01-02 19:21:56,36153.3,card,D0281,IP0271,SUCCESS
T00000325,M0015,C0715,2026-03-12 23:00:24,1388.4,wallet,D0228,IP0288,SUCCESS
T00000326,M0356,C1495,2026-03-10 19:17:29,1693.42,UPI,D0093,IP0422,SUCCESS
T00000327,M0159,C0348,2026-02-22 15:24:22,837.13,card,D0170,IP0123,SUCCESS
T00000328,M0325,C0125,2026-03-19 15:23:06,412.09,UPI,D0361,IP0111,SUCCESS
T00000329,M0404,C0872,2026-02-26 18:46:53,362.35,UPI,D0056,IP0269,SUCCESS
T00000330,M0003,C0424,2026-02-18 19:59:47,1313.29,card,D0669,IP0362,SUCCESS
T00000331,M0249,C0495,2026-02-15 07:24:34,287.96,UPI,D0004,IP0241,SUCCESS
T00000332,M0159,C0966,2026-02-14 14:58:53,2206.66,UPI,D0247,IP0207,SUCCESS
T00000333,M0339,C0737,2026-03-01 13:09:04,442.68,UPI,D0729,IP0309,SUCCESS
T00000334,M0110,C0838,2026-01-12 10:30:53,1382.68,card,D0291,IP0051,SUCCESS
T00000335,M0313,C0051,2026-01-20 15:25:20,9017.34,UPI,D0304,IP0126,SUCCESS
T00000336,M0325,C1433,2026-02-08 12:51:12,15504.85,card,D0361,IP0545,SUCCESS
T00000337,M0356,C0632,2026-02-11 20:22:53,638.28,UPI,D0484,IP0071,SUCCESS
T00000338,M0075,C0429,2026-01-13 22:49:05,322.4,card,D0301,IP0268,SUCCESS
T00000339,M0490,C0330,2026-02-28 17:51:13,1520.89,UPI,D0421,IP0726,SUCCESS
T00000340,M0248,C1059,2026-02-18 16:14:25,900.17,UPI,D0013,IP0033,SUCCESS
T00000341,M0258,C1115,2026-03-18 12:35:30,2151.54,card,D0642,IP0090,SUCCESS
T00000342,M0386,C0033,2026-02-28 12:24:49,701.23,UPI,D0382,IP0089,FAILED
T00000343,M0478,C1096,2026-03-26 21:58:01,8389.51,UPI,D0722,IP0257,SUCCESS
T00000344,M0370,C0142,2026-01-15 16:28:54,1128.44,card,D0537,IP0644,FAILED
T00000345,M0365,C0116,2026-02-24 05:17:14,3920.85,card,D0098,IP0175,SUCCESS
T00000346,M0379,C1500,2026-03-21 08:37:53,321.42,card,D0631,IP0517,SUCCESS
T00000347,M0370,C0412,2026-01-02 13:39:03,608.12,UPI,D0202,IP0622,REFUNDED
T00000348,M0302,C1026,2026-02-03 05:01:47,4626.66,UPI,D0080,IP0290,FAILED
T00000349,M0290,C0664,2026-02-02 13:42:51,720.93,UPI,D0256,IP0511,SUCCESS
T00000350,M0269,C0633,2026-01-25 14:24:44,2759.57,card,D0478,IP0203,SUCCESS
T00000351,M0405,C0098,2026-02-15 16:24:02,1081.67,card,D0015,IP0115,SUCCESS
T00000352,M0263,C1000,2026-03-14 18:19:24,445.6,UPI,D0087,IP0629,SUCCESS
T00000353,M0102,C0333,2026-01-23 06:34:56,939.9,wallet,D0142,IP0725,FAILED
T00000354,M0278,C1467,2026-01-07 20:23:43,935.19,UPI,D0298,IP0588,SUCCESS
T00000355,M0355,C0172,2026-03-21 19:07:41,3299.75,UPI,D0062,IP0037,SUCCESS
T00000356,M0306,C0866,2026-03-30 15:26:41,13080.28,UPI,D0614,IP0426,SUCCESS
T00000357,M0343,C0576,2026-02-10 17:25:53,1955.82,UPI,D0572,IP0673,SUCCESS
T00000358,M0216,C0233,2026-03-03 11:15:04,1510.46,UPI,D0688,IP0179,SUCCESS
T00000359,M0118,C0774,2026-01-14 08:19:18,6958.83,card,D0055,IP0708,SUCCESS
T00000360,M0390,C0587,2026-01-07 13:34:11,765.51,UPI,D0279,IP0268,SUCCESS
T00000361,M0021,C0005,2026-02-23 20:41:59,2675.9,card,D0266,IP0347,SUCCESS
T00000362,M0147,C0208,2026-02-10 16:30:11,3371.98,card,D0489,IP0082,SUCCESS
T00000363,M0478,C1054,2026-03-06 23:30:11,18707.79,UPI,D0551,IP0194,SUCCESS
T00000364,M0210,C0128,2026-02-13 22:00:31,386.43,card,D0643,IP0422,SUCCESS
T00000365,M0195,C1101,2026-02-18 12:35:54,1322.81,card,D0541,IP0114,SUCCESS
T00000366,M0093,C0165,2026-01-08 19:03:27,1236.62,UPI,D0579,IP0737,SUCCESS
T00000367,M0147,C0470,2026-01-15 13:22:18,958.02,wallet,D0661,IP0082,SUCCESS
T00000368,M0201,C0711,2026-01-06 15:02:45,2496.81,netbanking,D0484,IP0561,SUCCESS
T00000369,M0165,C1389,2026-03-14 16:49:13,287.68,UPI,D0029,IP0165,SUCCESS
T00000370,M0147,C1347,2026-02-07 14:18:56,274.04,UPI,D0689,IP0082,REFUNDED
T00000371,M0478,C0836,2026-02-07 23:34:57,13171.65,netbanking,D0581,IP0101,SUCCESS
T00000372,M0304,C0940,2026-02-15 20:28:01,384.08,wallet,D0371,IP0531,SUCCESS
T00000373,M0033,C1157,2026-03-13 22:26:37,1673.27,card,D0603,IP0534,FAILED
T00000374,M0478,C0464,2026-02-24 23:12:38,19388.21,UPI,D0293,IP0257,SUCCESS
T00000375,M0424,C0622,2026-03-21 12:57:51,514.09,UPI,D0016,IP0724,SUCCESS
T00000376,M0075,C0946,2026-02-08 13:37:01,439.05,card,D0301,IP0342,SUCCESS
T00000377,M0142,C0058,2026-02-02 19:29:22,358.59,UPI,D0436,IP0382,SUCCESS
T00000378,M0129,C0018,2026-01-05 14:26:01,1147.59,wallet,D0534,IP0372,SUCCESS
T00000379,M0376,C1061,2026-02-28 11:21:41,1858.15,wallet,D0354,IP0700,SUCCESS
T00000380,M0330,C0368,2026-02-08 17:02:15,734.67,UPI,D0100,IP0631,SUCCESS
T00000381,M0405,C1140,2026-01-22 18:46:03,751.33,wallet,D0268,IP0155,SUCCESS
T00000382,M0289,C0872,2026-01-25 12:07:12,2019.3,UPI,D0520,IP0390,SUCCESS
T00000383,M0173,C0954,2026-02-12 16:28:16,1014.71,UPI,D0278,IP0377,SUCCESS
T00000384,M0146,C0652,2026-02-17 14:07:24,1718.67,card,D0124,IP0268,SUCCESS
T00000385,M0365,C0284,2026-01-31 16:48:08,2344.19,card,D0559,IP0708,SUCCESS
T00000386,M0213,C0282,2026-01-27 20:29:30,11616.33,card,D0415,IP0592,SUCCESS
T00000387,M0229,C0840,2026-03-26 23:17:08,6194.67,card,D0225,IP0327,SUCCESS
T00000388,M0135,C1271,2026-02-02 19:58:07,16149.73,card,D0029,IP0047,SUCCESS
T00000389,M0411,C0214,2026-03-22 11:24:16,3145.74,card,D0630,IP0741,SUCCESS
T00000390,M0337,C1304,2026-02-16 09:05:11,1278.94,UPI,D0733,IP0409,SUCCESS
T00000391,M0142,C1085,2026-03-08 15:47:33,640.66,UPI,D0436,IP0672,SUCCESS
T00000392,M0230,C1335,2026-03-08 09:14:08,519.05,card,D0588,IP0378,SUCCESS
T00000393,M0381,C0423,2026-02-27 20:13:17,1114.5,UPI,D0713,IP0565,SUCCESS
T00000394,M0376,C0657,2026-03-21 21:18:08,446.43,card,D0122,IP0269,SUCCESS
T00000395,M0254,C0959,2026-02-04 17:22:16,1157.45,netbanking,D0091,IP0307,FAILED
T00000396,M0362,C0004,2026-01-04 15:06:13,549.08,UPI,D0477,IP0147,REFUNDED
T00000397,M0347,C0545,2026-01-06 07:27:57,565.57,netbanking,D0389,IP0214,SUCCESS
T00000398,M0066,C1015,2026-01-10 21:16:02,216.96,card,D0683,IP0493,SUCCESS
T00000399,M0323,C1235,2026-01-28 15:30:19,2391.83,wallet,D0435,IP0344,SUCCESS
T00000400,M0033,C0392,2026-02-23 16:13:45,1137.98,card,D0049,IP0534,SUCCESS
T00000401,M0420,C0608,2026-02-16 21:59:55,496.67,card,D0015,IP0384,SUCCESS
T00000402,M0425,C1028,2026-03-20 20:38:43,14145.65,card,D0245,IP0274,SUCCESS
T00000403,M0035,C1422,2026-03-29 16:15:04,668.33,UPI,D0437,IP0089,SUCCESS
T00000404,M0195,C0232,2026-02-05 18:33:54,623.72,netbanking,D0167,IP0151,SUCCESS
T00000405,M0410,C1431,2026-02-08 09:40:34,1291.01,UPI,D0526,IP0471,SUCCESS
T00000406,M0365,C1419,2026-01-01 09:26:18,3477.35,card,D0043,IP0175,SUCCESS
T00000407,M0216,C0200,2026-01-27 17:30:06,4500.26,card,D0605,IP0001,SUCCESS
T00000408,M0151,C0778,2026-03-28 08:45:06,2949.92,card,D0339,IP0562,SUCCESS
T00000409,M0169,C0928,2026-02-24 14:18:36,1820.79,wallet,D0642,IP0518,SUCCESS
T00000410,M0090,C1201,2026-02-22 18:28:10,478.84,UPI,D0706,IP0294,SUCCESS
T00000411,M0499,C0952,2026-01-24 06:21:49,171.28,card,D0132,IP0523,SUCCESS
T00000412,M0367,C0143,2026-03-31 17:36:08,3819.93,UPI,D0013,IP0540,SUCCESS
T00000413,M0303,C0196,2026-01-27 17:22:49,1317.43,UPI,D0181,IP0010,SUCCESS
T00000414,M0491,C0586,2026-01-09 09:47:37,2710.24,UPI,D0048,IP0261,SUCCESS
T00000415,M0211,C0874,2026-02-20 10:11:23,1590.46,card,D0454,IP0651,SUCCESS
T00000416,M0445,C0807,2026-01-12 04:38:10,566.76,wallet,D0553,IP0253,SUCCESS
T00000417,M0454,C0852,2026-01-21 02:13:56,2470.8,card,D0151,IP0211,SUCCESS
T00000418,M0089,C1401,2026-01-08 09:24:04,18589.41,card,D0288,IP0713,SUCCESS
T00000419,M0492,C0975,2026-01-12 09:30:52,2528.12,card,D0415,IP0197,SUCCESS
T00000420,M0403,C0541,2026-02-21 21:07:30,2110.14,netbanking,D0736,IP0375,SUCCESS
T00000421,M0203,C0701,2026-01-11 13:07:28,614.75,UPI,D0042,IP0031,SUCCESS
T00000422,M0229,C0394,2026-01-30 23:50:01,10717.21,card,D0395,IP0481,SUCCESS
T00000423,M0050,C0300,2026-03-25 13:22:22,850.21,UPI,D0387,IP0545,SUCCESS
T00000424,M0410,C0293,2026-01-24 13:48:49,856.19,card,D0364,IP0189,SUCCESS
T00000425,M0174,C0727,2026-03-23 15:58:53,1848.51,card,D0320,IP0030,SUCCESS
T00000426,M0203,C0424,2026-01-29 23:45:44,1097.07,UPI,D0006,IP0676,SUCCESS
T00000427,M0291,C0887,2026-02-07 23:22:21,2413.54,netbanking,D0086,IP0074,SUCCESS
T00000428,M0289,C0400,2026-02-02 23:47:23,149.73,wallet,D0093,IP0587,SUCCESS
T00000429,M0133,C0837,2026-03-15 20:44:57,14247.05,UPI,D0671,IP0513,SUCCESS
T00000430,M0008,C0767,2026-01-03 12:47:24,1500.28,UPI,D0740,IP0234,SUCCESS
T00000431,M0382,C0979,2026-03-22 13:23:52,893.35,netbanking,D0524,IP0325,SUCCESS
T00000432,M0248,C0859,2026-01-04 07:56:22,347.1,UPI,D0013,IP0395,SUCCESS
T00000433,M0386,C1226,2026-02-26 15:25:06,445.28,netbanking,D0483,IP0089,SUCCESS
T00000434,M0216,C1011,2026-03-28 18:07:32,6953.81,UPI,D0352,IP0179,SUCCESS
T00000435,M0211,C0607,2026-03-04 20:14:44,1550.51,netbanking,D0480,IP0603,SUCCESS
T00000436,M0466,C0761,2026-02-17 17:50:36,1610.83,card,D0054,IP0251,SUCCESS
T00000437,M0159,C0431,2026-03-06 13:37:27,991.95,netbanking,D0004,IP0123,SUCCESS
T00000438,M0216,C0415,2026-01-29 14:04:32,6361.3,card,D0688,IP0179,SUCCESS
T00000439,M0204,C0806,2026-02-13 08:24:24,2117.13,UPI,D0183,IP0126,SUCCESS
T00000440,M0129,C1072,2026-02-20 23:11:19,1303.63,UPI,D0469,IP0094,REFUNDED
T00000441,M0131,C1371,2026-03-17 12:08:55,1686.36,card,D0061,IP0400,SUCCESS
T00000442,M0480,C1225,2026-03-15 14:28:26,1601.32,card,D0450,IP0202,SUCCESS
T00000443,M0075,C1094,2026-03-24 14:46:52,232.41,UPI,D0403,IP0200,SUCCESS
T00000444,M0382,C0413,2026-02-16 13:23:55,423.7,UPI,D0524,IP0036,SUCCESS
T00000445,M0081,C0920,2026-03-19 10:36:06,3028.34,UPI,D0603,IP0650,SUCCESS
T00000446,M0113,C1053,2026-03-01 18:45:17,5328.11,UPI,D0296,IP0262,SUCCESS
T00000447,M0400,C1249,2026-01-27 19:26:28,1348.66,wallet,D0567,IP0278,SUCCESS
T00000448,M0352,C1149,2026-01-23 19:10:32,7922.2,card,D0179,IP0716,SUCCESS
T00000449,M0204,C1214,2026-02-28 17:15:28,636.26,UPI,D0046,IP0485,SUCCESS
T00000450,M0147,C1080,2026-01-07 16:53:15,1931.57,UPI,D0661,IP0082,SUCCESS
T00000451,M0231,C1137,2026-01-27 16:21:13,1431.54,UPI,D0475,IP0251,SUCCESS
T00000452,M0447,C0699,2026-01-27 16:37:43,1489.45,UPI,D0142,IP0680,SUCCESS
T00000453,M0394,C0774,2026-03-01 15:45:31,1417.96,UPI,D0276,IP0178,SUCCESS
T00000454,M0459,C1085,2026-02-27 17:23:14,8253.55,UPI,D0649,IP0692,SUCCESS
T00000455,M0167,C0804,2026-03-24 12:38:23,988.67,card,D0449,IP0415,SUCCESS
T00000456,M0263,C0099,2026-01-12 20:47:10,1594.95,wallet,D0087,IP0210,SUCCESS
T00000457,M0366,C0891,2026-03-01 09:26:02,381.99,card,D0748,IP0040,SUCCESS
T00000458,M0445,C1499,2026-01-25 18:01:35,2258.59,UPI,D0553,IP0710,SUCCESS
T00000459,M0337,C0837,2026-01-09 16:19:52,1791.37,UPI,D0349,IP0623,SUCCESS
T00000460,M0033,C0126,2026-03-14 17:57:38,197.39,UPI,D0049,IP0722,SUCCESS
T00000461,M0252,C1360,2026-02-13 16:48:55,1416.44,UPI,D0539,IP0264,SUCCESS
T00000462,M0444,C1353,2026-02-18 14:46:40,7879.11,card,D0687,IP0078,SUCCESS
T00000463,M0413,C0108,2026-01-30 16:29:37,3474.26,UPI,D0335,IP0741,SUCCESS
T00000464,M0485,C1218,2026-01-22 09:17:15,1017.85,UPI,D0315,IP0562,SUCCESS
T00000465,M0403,C1194,2026-02-17 11:53:37,2736.15,netbanking,D0048,IP0199,FAILED
T00000466,M0113,C0605,2026-03-29 15:17:15,1832.05,card,D0296,IP0204,SUCCESS
T00000467,M0131,C1313,2026-01-20 16:12:05,2806.18,UPI,D0061,IP0300,SUCCESS
T00000468,M0203,C0038,2026-02-21 15:57:48,981.07,wallet,D0006,IP0150,SUCCESS
T00000469,M0083,C0236,2026-01-04 15:05:29,2579.8,wallet,D0005,IP0393,FAILED
T00000470,M0378,C0352,2026-02-19 10:27:03,134.0,UPI,D0319,IP0701,SUCCESS
T00000471,M0205,C0281,2026-02-12 20:53:45,430.36,card,D0267,IP0112,SUCCESS
T00000472,M0129,C1306,2026-01-17 19:18:28,1573.47,wallet,D0432,IP0343,SUCCESS
T00000473,M0143,C0206,2026-03-13 11:19:15,3990.0,wallet,D0641,IP0601,SUCCESS
T00000474,M0480,C1123,2026-03-03 06:46:49,1313.41,wallet,D0450,IP0311,SUCCESS
T00000475,M0408,C0884,2026-01-17 08:20:28,1175.88,UPI,D0369,IP0699,SUCCESS
T00000476,M0185,C0943,2026-03-13 23:49:27,3099.02,netbanking,D0084,IP0611,SUCCESS
T00000477,M0410,C1431,2026-01-17 18:29:55,4142.65,card,D0526,IP0720,SUCCESS
T00000478,M0474,C1245,2026-01-30 05:54:26,1083.25,card,D0578,IP0048,SUCCESS
T00000479,M0408,C0386,2026-03-10 20:15:45,2350.33,UPI,D0742,IP0422,FAILED
T00000480,M0219,C0331,2026-03-26 13:31:34,952.12,netbanking,D0733,IP0409,SUCCESS
T00000481,M0120,C1104,2026-02-22 18:38:51,2626.83,card,D0347,IP0639,SUCCESS
T00000482,M0412,C0218,2026-03-11 14:25:14,827.53,card,D0370,IP0387,SUCCESS
T00000483,M0036,C1043,2026-02-08 18:16:08,3920.06,UPI,D0209,IP0220,SUCCESS
T00000484,M0167,C1033,2026-02-11 07:48:18,911.07,netbanking,D0659,IP0680,SUCCESS
T00000485,M0058,C1197,2026-01-04 18:00:04,235.18,UPI,D0314,IP0368,SUCCESS
T00000486,M0147,C1453,2026-02-13 12:31:07,873.94,card,D0689,IP0245,SUCCESS
T00000487,M0176,C0900,2026-01-20 23:54:45,436.38,card,D0608,IP0282,SUCCESS
T00000488,M0209,C0731,2026-01-19 18:06:48,1148.01,UPI,D0420,IP0409,SUCCESS
T00000489,M0109,C0766,2026-02-27 15:23:30,364.06,card,D0255,IP0289,SUCCESS
T00000490,M0339,C1113,2026-01-30 23:07:33,228.75,UPI,D0018,IP0469,SUCCESS
T00000491,M0487,C1156,2026-01-25 23:23:49,519.46,wallet,D0738,IP0530,SUCCESS
T00000492,M0083,C0515,2026-02-19 16:32:28,643.56,netbanking,D0304,IP0092,SUCCESS
T00000493,M0382,C0260,2026-01-13 14:02:48,3504.83,UPI,D0045,IP0325,SUCCESS
T00000494,M0121,C1487,2026-01-24 22:19:54,6074.68,netbanking,D0158,IP0244,SUCCESS
T00000495,M0357,C1371,2026-01-09 12:45:14,1109.46,netbanking,D0148,IP0517,SUCCESS
T00000496,M0113,C1013,2026-02-10 10:45:58,1093.92,card,D0447,IP0262,SUCCESS
T00000497,M0452,C1456,2026-03-18 16:20:36,668.76,UPI,D0262,IP0142,SUCCESS
T00000498,M0015,C1305,2026-02-22 17:23:05,400.92,UPI,D0304,IP0351,SUCCESS
T00000499,M0141,C0721,2026-01-10 23:11:42,1217.69,UPI,D0644,IP0451,SUCCESS
T00000500,M0362,C0914,2026-01-23 10:16:28,1004.95,card,D0269,IP0691,SUCCESS
T00000501,M0366,C1215,2026-03-23 09:36:03,253.35,netbanking,D0662,IP0347,SUCCESS
T00000502,M0257,C0582,2026-03-03 07:46:17,2562.1,card,D0439,IP0578,SUCCESS
T00000503,M0147,C0717,2026-01-14 20:42:08,2491.74,card,D0489,IP0257,SUCCESS
T00000504,M0347,C0719,2026-01-10 14:36:57,2653.09,card,D0206,IP0329,SUCCESS
T00000505,M0492,C1019,2026-02-02 13:50:44,2109.99,card,D0287,IP0718,SUCCESS
T00000506,M0356,C0047,2026-02-03 09:20:34,128.97,UPI,D0117,IP0606,SUCCESS
T00000507,M0120,C1258,2026-02-28 22:40:45,9363.97,netbanking,D0540,IP0195,SUCCESS
T00000508,M0471,C0610,2026-02-01 22:25:34,249.34,UPI,D0311,IP0507,SUCCESS
T00000509,M0383,C1067,2026-01-10 21:00:35,3890.74,netbanking,D0038,IP0288,SUCCESS
T00000510,M0330,C0026,2026-03-17 20:40:11,859.89,UPI,D0100,IP0409,SUCCESS
T00000511,M0120,C0345,2026-01-29 20:19:57,7479.83,card,D0641,IP0336,SUCCESS
T00000512,M0169,C1173,2026-03-11 10:46:35,1318.4,UPI,D0643,IP0665,SUCCESS
T00000513,M0271,C0153,2026-02-08 17:13:06,1570.53,UPI,D0265,IP0567,SUCCESS
T00000514,M0328,C0564,2026-02-13 19:55:20,1524.27,card,D0682,IP0435,SUCCESS
T00000515,M0204,C1488,2026-02-04 17:32:15,841.05,card,D0317,IP0329,SUCCESS
T00000516,M0359,C0565,2026-03-26 15:28:25,702.51,card,D0722,IP0674,SUCCESS
T00000517,M0113,C0017,2026-01-05 17:39:51,1502.14,UPI,D0403,IP0262,SUCCESS
T00000518,M0424,C0026,2026-03-16 07:57:11,641.19,wallet,D0471,IP0263,SUCCESS
T00000519,M0117,C1451,2026-02-15 10:33:16,16749.85,UPI,D0263,IP0550,SUCCESS
T00000520,M0485,C0238,2026-03-19 12:49:06,391.23,card,D0268,IP0204,SUCCESS
T00000521,M0394,C0485,2026-03-19 13:41:25,1469.46,wallet,D0170,IP0551,SUCCESS
T00000522,M0408,C0753,2026-02-14 17:28:25,2780.44,card,D0036,IP0336,SUCCESS
T00000523,M0190,C0802,2026-02-16 20:50:28,304.14,card,D0128,IP0057,SUCCESS
T00000524,M0176,C1425,2026-02-24 08:43:13,839.34,UPI,D0281,IP0559,SUCCESS
T00000525,M0424,C0067,2026-03-23 15:10:11,228.89,netbanking,D0463,IP0263,SUCCESS
T00000526,M0430,C0817,2026-02-09 23:27:40,1371.77,netbanking,D0102,IP0618,SUCCESS
T00000527,M0325,C0147,2026-01-30 11:00:23,1803.57,UPI,D0492,IP0545,SUCCESS
T00000528,M0216,C0291,2026-02-08 14:34:37,4770.56,netbanking,D0688,IP0001,SUCCESS
T00000529,M0303,C0456,2026-01-18 22:10:11,898.82,wallet,D0403,IP0605,SUCCESS
T00000530,M0380,C1416,2026-02-14 07:01:50,2076.94,card,D0267,IP0556,SUCCESS
T00000531,M0413,C0306,2026-01-06 14:04:02,526.05,UPI,D0302,IP0632,SUCCESS
T00000532,M0254,C0341,2026-02-09 11:44:15,1572.44,card,D0091,IP0660,FAILED
T00000533,M0418,C1346,2026-02-24 13:18:11,2071.37,netbanking,D0401,IP0470,SUCCESS
T00000534,M0357,C0060,2026-01-25 14:05:42,3387.84,netbanking,D0076,IP0231,SUCCESS
T00000535,M0435,C1265,2026-03-01 05:08:21,2134.88,UPI,D0001,IP0039,SUCCESS
T00000536,M0423,C0293,2026-03-06 11:17:16,462.64,UPI,D0649,IP0086,SUCCESS
T00000537,M0229,C0808,2026-02-28 18:04:26,1671.67,card,D0248,IP0481,FAILED
T00000538,M0408,C0194,2026-01-14 16:37:07,2427.78,card,D0036,IP0699,SUCCESS
T00000539,M0333,C1372,2026-01-07 14:11:40,2529.13,card,D0491,IP0576,SUCCESS
T00000540,M0365,C1087,2026-03-18 12:59:52,6843.74,netbanking,D0533,IP0175,SUCCESS
T00000541,M0142,C0910,2026-01-01 13:47:47,948.8,wallet,D0073,IP0469,SUCCESS
T00000542,M0410,C1431,2026-02-07 16:51:17,1993.47,UPI,D0098,IP0720,REFUNDED
T00000543,M0083,C1204,2026-03-03 13:50:03,2505.32,card,D0006,IP0092,REFUNDED
T00000544,M0129,C0158,2026-03-24 17:34:14,1008.63,card,D0320,IP0094,SUCCESS
T00000545,M0203,C0033,2026-03-07 19:56:37,942.48,UPI,D0578,IP0002,SUCCESS
T00000546,M0405,C0762,2026-03-13 13:18:11,839.62,UPI,D0268,IP0351,SUCCESS
T00000547,M0229,C1261,2026-02-12 20:40:56,21915.75,netbanking,D0451,IP0015,SUCCESS
T00000548,M0343,C0013,2026-01-31 04:53:16,2953.64,UPI,D0233,IP0498,FAILED
T00000549,M0471,C0282,2026-03-04 14:06:38,37.72,UPI,D0465,IP0194,SUCCESS
T00000550,M0382,C0849,2026-01-25 13:26:08,803.63,UPI,D0424,IP0235,SUCCESS
T00000551,M0428,C0333,2026-03-28 14:40:34,1724.57,UPI,D0654,IP0090,SUCCESS
T00000552,M0101,C1035,2026-02-15 15:44:13,1469.19,card,D0093,IP0047,SUCCESS
T00000553,M0041,C0865,2026-02-24 02:42:59,649.61,UPI,D0470,IP0228,SUCCESS
T00000554,M0146,C0210,2026-01-27 07:26:12,1140.65,card,D0095,IP0500,SUCCESS
T00000555,M0458,C0543,2026-01-01 18:09:53,654.45,wallet,D0718,IP0570,SUCCESS
T00000556,M0398,C1187,2026-02-02 13:40:05,1193.93,UPI,D0438,IP0089,SUCCESS
T00000557,M0214,C1145,2026-01-07 16:38:49,1618.89,UPI,D0154,IP0405,SUCCESS
T00000558,M0470,C0232,2026-01-03 20:33:13,341.2,card,D0482,IP0485,SUCCESS
T00000559,M0363,C1118,2026-02-28 23:07:48,383.15,card,D0505,IP0024,SUCCESS
T00000560,M0420,C1034,2026-01-11 12:34:53,1545.58,wallet,D0016,IP0152,SUCCESS
T00000561,M0069,C0803,2026-02-28 12:18:05,597.41,UPI,D0435,IP0341,SUCCESS
T00000562,M0428,C0147,2026-03-01 15:48:32,448.27,UPI,D0621,IP0379,SUCCESS
T00000563,M0279,C0390,2026-03-25 17:16:54,4460.64,netbanking,D0526,IP0112,SUCCESS
T00000564,M0066,C0912,2026-02-28 14:55:04,169.06,UPI,D0552,IP0500,SUCCESS
T00000565,M0023,C0162,2026-03-12 06:16:29,2202.96,UPI,D0450,IP0086,SUCCESS
T00000566,M0308,C0701,2026-03-24 20:34:04,2941.68,UPI,D0529,IP0384,SUCCESS
T00000567,M0325,C1151,2026-02-02 17:42:54,1409.58,netbanking,D0492,IP0486,SUCCESS
T00000568,M0121,C1343,2026-02-19 17:36:44,2040.55,card,D0015,IP0318,SUCCESS
T00000569,M0175,C0388,2026-03-11 09:46:52,2151.4,card,D0727,IP0239,SUCCESS
T00000570,M0224,C1457,2026-01-24 21:41:40,1422.17,card,D0141,IP0327,SUCCESS
T00000571,M0007,C0782,2026-03-19 17:27:26,1598.94,UPI,D0708,IP0520,SUCCESS
T00000572,M0487,C1499,2026-03-30 12:16:43,1060.91,wallet,D0405,IP0019,SUCCESS
T00000573,M0427,C1168,2026-01-26 14:03:15,5236.21,netbanking,D0505,IP0199,SUCCESS
T00000574,M0147,C0354,2026-01-09 10:03:45,568.91,card,D0661,IP0082,SUCCESS
T00000575,M0437,C0067,2026-03-10 12:36:20,2142.2,wallet,D0114,IP0356,SUCCESS
T00000576,M0337,C0527,2026-02-21 10:14:36,307.94,netbanking,D0444,IP0633,SUCCESS
T00000577,M0120,C1203,2026-01-06 21:40:13,12136.37,card,D0540,IP0027,SUCCESS
T00000578,M0414,C1191,2026-02-23 12:15:40,1456.45,card,D0145,IP0305,SUCCESS
T00000579,M0075,C0946,2026-01-01 13:53:45,340.62,UPI,D0226,IP0342,SUCCESS
T00000580,M0237,C1266,2026-02-22 14:43:57,595.53,UPI,D0017,IP0314,SUCCESS
T00000581,M0404,C1286,2026-01-11 10:42:38,491.4,wallet,D0422,IP0583,SUCCESS
T00000582,M0459,C0046,2026-02-18 21:12:22,4728.0,UPI,D0649,IP0634,SUCCESS
T00000583,M0167,C0574,2026-01-02 13:08:24,336.06,netbanking,D0659,IP0680,SUCCESS
T00000584,M0333,C1362,2026-01-11 12:04:38,6456.39,netbanking,D0386,IP0376,FAILED
T00000585,M0434,C1153,2026-02-04 16:10:05,815.2,wallet,D0592,IP0488,SUCCESS
T00000586,M0444,C0677,2026-03-06 13:44:40,5727.76,UPI,D0611,IP0075,FAILED
T00000587,M0001,C1232,2026-01-11 17:30:52,1320.81,card,D0385,IP0603,SUCCESS
T00000588,M0075,C0771,2026-02-18 17:54:47,983.46,UPI,D0226,IP0342,REFUNDED
T00000589,M0126,C1461,2026-02-14 19:55:58,466.75,UPI,D0586,IP0072,SUCCESS
T00000590,M0008,C0721,2026-01-26 16:21:30,2535.17,netbanking,D0369,IP0217,SUCCESS
T00000591,M0456,C0185,2026-03-27 19:20:47,2631.24,card,D0654,IP0578,SUCCESS
T00000592,M0048,C0745,2026-02-01 19:06:45,840.7,UPI,D0279,IP0176,REFUNDED
T00000593,M0471,C0210,2026-01-03 07:43:11,392.99,UPI,D0738,IP0541,SUCCESS
T00000594,M0174,C1303,2026-01-27 12:57:57,565.66,card,D0533,IP0562,SUCCESS
T00000595,M0054,C0715,2026-01-10 16:20:33,3732.08,card,D0387,IP0620,SUCCESS
T00000596,M0214,C1426,2026-03-24 05:25:07,1793.46,netbanking,D0154,IP0053,SUCCESS
T00000597,M0395,C1224,2026-02-15 14:11:21,2744.44,netbanking,D0376,IP0495,SUCCESS
T00000598,M0101,C0719,2026-01-16 21:23:07,2810.83,UPI,D0310,IP0278,SUCCESS
T00000599,M0482,C1477,2026-03-14 19:41:10,3732.34,card,D0295,IP0741,SUCCESS
T00000600,M0120,C0859,2026-01-31 12:40:04,39063.01,card,D0424,IP0370,SUCCESS
T00000601,M0461,C1346,2026-02-20 14:33:48,4255.18,card,D0727,IP0199,SUCCESS
T00000602,M0011,C0251,2026-01-08 08:10:01,514.08,UPI,D0018,IP0194,SUCCESS
T00000603,M0401,C0863,2026-02-12 16:23:39,926.31,UPI,D0257,IP0016,SUCCESS
T00000604,M0277,C0623,2026-03-29 12:34:09,535.37,card,D0154,IP0271,SUCCESS
T00000605,M0405,C0156,2026-02-08 13:16:28,7993.23,UPI,D0164,IP0734,SUCCESS
T00000606,M0363,C0384,2026-02-26 19:46:16,673.45,UPI,D0282,IP0319,SUCCESS
T00000607,M0129,C1053,2026-02-20 22:25:44,425.64,netbanking,D0320,IP0094,SUCCESS
T00000608,M0033,C1233,2026-01-03 23:39:08,1107.46,UPI,D0603,IP0222,SUCCESS
T00000609,M0229,C0126,2026-03-11 23:37:19,16511.15,card,D0328,IP0747,SUCCESS
T00000610,M0320,C0730,2026-01-09 10:19:53,2518.52,card,D0431,IP0133,SUCCESS
T00000611,M0440,C0805,2026-02-07 21:06:01,6228.42,card,D0268,IP0088,SUCCESS
T00000612,M0144,C1225,2026-03-29 21:21:01,5770.59,netbanking,D0565,IP0640,SUCCESS
T00000613,M0173,C0903,2026-01-03 21:04:05,1759.73,card,D0671,IP0377,SUCCESS
T00000614,M0201,C1497,2026-01-15 11:33:24,2697.56,netbanking,D0484,IP0070,SUCCESS
T00000615,M0393,C0193,2026-02-13 17:25:21,12992.89,card,D0119,IP0234,SUCCESS
T00000616,M0094,C0485,2026-03-08 06:51:12,347.0,UPI,D0076,IP0309,SUCCESS
T00000617,M0296,C0353,2026-03-05 14:08:13,183.72,netbanking,D0575,IP0135,FAILED
T00000618,M0327,C1342,2026-02-13 18:15:37,4554.57,UPI,D0182,IP0061,SUCCESS
T00000619,M0296,C1333,2026-03-31 10:24:39,4894.37,UPI,D0454,IP0471,SUCCESS
T00000620,M0303,C1439,2026-01-14 15:58:00,225.99,card,D0442,IP0456,SUCCESS
T00000621,M0247,C0920,2026-01-02 23:32:38,4821.48,card,D0018,IP0504,SUCCESS
T00000622,M0491,C0220,2026-03-11 10:10:42,671.55,card,D0053,IP0110,SUCCESS
T00000623,M0254,C0970,2026-03-05 18:28:23,4623.09,netbanking,D0437,IP0394,SUCCESS
T00000624,M0430,C0480,2026-03-28 12:04:28,2286.8,card,D0250,IP0143,SUCCESS
T00000625,M0303,C0246,2026-01-30 20:23:52,777.98,UPI,D0708,IP0488,SUCCESS
T00000626,M0337,C1200,2026-03-31 15:55:20,483.86,UPI,D0444,IP0623,SUCCESS
T00000627,M0424,C0834,2026-02-09 11:31:03,718.69,netbanking,D0436,IP0125,SUCCESS
T00000628,M0491,C0494,2026-01-20 11:46:12,2746.56,card,D0141,IP0215,SUCCESS
T00000629,M0108,C1223,2026-02-07 07:26:34,1532.57,UPI,D0659,IP0187,SUCCESS
T00000630,M0321,C1389,2026-03-27 11:49:21,3017.78,UPI,D0027,IP0603,SUCCESS
T00000631,M0121,C0151,2026-01-24 23:59:55,21563.39,netbanking,D0015,IP0244,SUCCESS
T00000632,M0032,C0174,2026-01-14 10:02:08,1232.96,card,D0082,IP0434,SUCCESS
T00000633,M0460,C0577,2026-01-10 18:16:40,11049.69,card,D0098,IP0295,REFUNDED
T00000634,M0494,C1070,2026-01-20 18:18:10,280.2,card,D0654,IP0616,SUCCESS
T00000635,M0376,C0203,2026-01-21 14:48:44,547.74,card,D0292,IP0538,SUCCESS
T00000636,M0229,C0779,2026-03-20 16:10:15,8076.21,UPI,D0248,IP0254,SUCCESS
T00000637,M0404,C1431,2026-03-25 12:10:49,1747.35,card,D0414,IP0367,SUCCESS
T00000638,M0491,C1279,2026-02-10 20:27:49,3776.33,wallet,D0498,IP0185,SUCCESS
T00000639,M0471,C0855,2026-01-14 11:21:31,817.67,UPI,D0465,IP0507,SUCCESS
T00000640,M0444,C1353,2026-01-02 11:36:01,7600.46,UPI,D0611,IP0373,SUCCESS
T00000641,M0289,C1072,2026-01-20 11:52:29,269.53,card,D0688,IP0062,SUCCESS
T00000642,M0139,C0026,2026-02-23 16:38:27,2780.71,card,D0301,IP0512,SUCCESS
T00000643,M0101,C0723,2026-02-15 20:23:24,372.39,UPI,D0202,IP0023,SUCCESS
T00000644,M0051,C1176,2026-02-28 13:09:12,1999.5,card,D0082,IP0401,SUCCESS
T00000645,M0202,C1010,2026-03-23 20:45:25,7328.67,UPI,D0018,IP0183,SUCCESS
T00000646,M0024,C1429,2026-01-28 16:21:29,724.02,UPI,D0725,IP0174,SUCCESS
T00000647,M0367,C1322,2026-01-05 13:03:53,15122.45,wallet,D0013,IP0540,SUCCESS
T00000648,M0425,C0003,2026-03-26 20:13:15,2367.79,UPI,D0255,IP0446,SUCCESS
T00000649,M0419,C0450,2026-01-30 14:45:49,6338.21,card,D0060,IP0465,SUCCESS
T00000650,M0066,C1421,2026-03-16 16:52:01,2385.47,card,D0540,IP0398,SUCCESS
T00000651,M0130,C0855,2026-01-03 23:48:25,19573.86,netbanking,D0243,IP0050,SUCCESS
T00000652,M0487,C1269,2026-02-11 20:40:06,243.67,UPI,D0738,IP0081,SUCCESS
T00000653,M0499,C0420,2026-01-04 07:24:31,594.17,wallet,D0160,IP0186,SUCCESS
T00000654,M0487,C0221,2026-01-28 13:08:38,366.72,card,D0400,IP0425,SUCCESS
T00000655,M0478,C0849,2026-01-21 21:55:26,2066.55,card,D0722,IP0101,SUCCESS
T00000656,M0113,C1375,2026-01-23 15:22:07,1756.71,UPI,D0082,IP0635,SUCCESS
T00000657,M0414,C0179,2026-01-08 19:12:49,729.22,card,D0412,IP0211,SUCCESS
T00000658,M0136,C0897,2026-01-20 08:08:04,1365.65,UPI,D0372,IP0504,SUCCESS
T00000659,M0147,C0122,2026-02-10 15:16:46,1058.39,UPI,D0540,IP0082,SUCCESS
T00000660,M0280,C1474,2026-03-17 15:23:01,2196.99,card,D0471,IP0063,SUCCESS
T00000661,M0424,C1390,2026-01-28 08:13:04,456.54,UPI,D0463,IP0564,SUCCESS
T00000662,M0249,C0515,2026-03-21 16:22:21,182.01,UPI,D0004,IP0241,SUCCESS
T00000663,M0142,C1288,2026-01-20 17:18:18,884.83,UPI,D0130,IP0469,SUCCESS
T00000664,M0469,C0552,2026-03-17 23:09:34,678.11,UPI,D0710,IP0634,SUCCESS
T00000665,M0167,C0617,2026-03-14 18:31:21,773.21,card,D0208,IP0680,SUCCESS
T00000666,M0410,C0981,2026-01-01 08:18:31,1794.98,netbanking,D0525,IP0720,REFUNDED
T00000667,M0405,C0979,2026-01-13 11:21:04,1188.52,wallet,D0268,IP0155,SUCCESS
T00000668,M0071,C1375,2026-02-05 12:48:54,2608.27,card,D0472,IP0542,SUCCESS
T00000669,M0251,C0562,2026-02-15 14:15:57,889.48,UPI,D0408,IP0363,SUCCESS
T00000670,M0101,C1406,2026-01-22 17:15:51,2958.98,UPI,D0621,IP0375,SUCCESS
T00000671,M0392,C0803,2026-02-10 14:20:28,569.88,UPI,D0742,IP0564,FAILED
T00000672,M0402,C0345,2026-03-04 06:44:46,818.23,UPI,D0740,IP0022,SUCCESS
T00000673,M0173,C0620,2026-03-24 12:25:16,224.56,UPI,D0046,IP0693,SUCCESS
T00000674,M0370,C0971,2026-03-22 15:13:59,1255.42,card,D0548,IP0013,SUCCESS
T00000675,M0230,C0320,2026-01-30 21:38:16,2883.24,card,D0588,IP0505,SUCCESS
T00000676,M0304,C0547,2026-03-21 15:57:16,94.57,UPI,D0025,IP0562,SUCCESS
T00000677,M0372,C1259,2026-03-29 12:15:27,1638.17,card,D0501,IP0263,SUCCESS
T00000678,M0433,C0935,2026-03-16 10:19:57,1071.91,card,D0308,IP0073,SUCCESS
T00000679,M0285,C1242,2026-02-07 20:25:26,4296.34,card,D0246,IP0748,SUCCESS
T00000680,M0380,C0810,2026-03-11 15:12:49,2484.04,netbanking,D0373,IP0481,SUCCESS
T00000681,M0165,C1098,2026-03-18 16:39:11,616.6,card,D0587,IP0165,FAILED
T00000682,M0263,C0462,2026-02-08 11:35:49,3804.19,wallet,D0447,IP0556,SUCCESS
T00000683,M0069,C0184,2026-01-02 20:17:35,1485.85,card,D0083,IP0467,SUCCESS
T00000684,M0274,C0873,2026-02-07 22:24:40,9270.78,UPI,D0135,IP0657,SUCCESS
T00000685,M0211,C0415,2026-01-14 08:13:02,2251.01,card,D0454,IP0185,SUCCESS
T00000686,M0474,C0588,2026-01-07 13:13:18,4027.16,UPI,D0655,IP0092,SUCCESS
T00000687,M0152,C0823,2026-02-20 13:33:58,2743.9,card,D0043,IP0612,SUCCESS
T00000688,M0496,C1123,2026-02-15 18:49:02,939.46,UPI,D0426,IP0477,SUCCESS
T00000689,M0135,C0381,2026-02-27 20:13:37,4727.81,UPI,D0468,IP0431,SUCCESS
T00000690,M0330,C0636,2026-02-20 13:53:19,1343.12,wallet,D0100,IP0637,SUCCESS
T00000691,M0190,C1294,2026-02-25 12:51:34,737.79,netbanking,D0484,IP0633,SUCCESS
T00000692,M0462,C1036,2026-01-27 12:05:49,295.46,UPI,D0037,IP0480,SUCCESS
T00000693,M0275,C0548,2026-01-19 14:38:47,3770.83,card,D0243,IP0304,SUCCESS
T00000694,M0152,C0457,2026-02-28 19:13:54,2766.26,UPI,D0721,IP0424,SUCCESS
T00000695,M0115,C0991,2026-01-16 20:32:09,1313.01,card,D0609,IP0566,SUCCESS
T00000696,M0403,C0920,2026-02-16 17:30:01,3966.58,UPI,D0477,IP0019,SUCCESS
T00000697,M0455,C1103,2026-03-07 13:51:54,808.67,card,D0221,IP0049,SUCCESS
T00000698,M0405,C0114,2026-02-22 14:27:33,1410.76,UPI,D0015,IP0351,SUCCESS
T00000699,M0292,C1220,2026-02-15 15:49:30,3702.54,card,D0445,IP0543,SUCCESS
T00000700,M0474,C0399,2026-03-28 11:53:16,899.08,wallet,D0333,IP0048,SUCCESS
T00000701,M0289,C0400,2026-03-16 15:00:45,640.1,UPI,D0137,IP0062,SUCCESS
T00000702,M0142,C1445,2026-02-09 15:26:26,841.29,UPI,D0441,IP0672,SUCCESS
T00000703,M0142,C1388,2026-01-27 23:15:49,582.79,UPI,D0092,IP0672,SUCCESS
T00000704,M0357,C0224,2026-01-24 16:42:31,1395.49,card,D0546,IP0504,SUCCESS
T00000705,M0424,C0406,2026-03-19 12:29:17,1809.55,card,D0436,IP0125,SUCCESS
T00000706,M0380,C0322,2026-03-01 08:55:29,4272.22,card,D0450,IP0481,SUCCESS
T00000707,M0090,C0996,2026-02-26 13:56:26,367.77,UPI,D0613,IP0231,SUCCESS
T00000708,M0260,C0385,2026-02-23 23:23:35,2222.96,netbanking,D0331,IP0178,SUCCESS
T00000709,M0047,C1441,2026-02-26 14:30:02,498.89,wallet,D0715,IP0485,SUCCESS
T00000710,M0474,C1058,2026-01-26 12:35:14,1441.63,wallet,D0578,IP0048,SUCCESS
T00000711,M0076,C0107,2026-02-26 20:17:04,1262.79,card,D0397,IP0249,SUCCESS
T00000712,M0470,C1124,2026-03-17 19:07:53,599.16,UPI,D0185,IP0007,SUCCESS
T00000713,M0205,C0257,2026-01-17 18:31:31,578.0,card,D0740,IP0520,REFUNDED
T00000714,M0325,C1478,2026-03-08 17:44:08,1026.47,card,D0492,IP0614,SUCCESS
T00000715,M0380,C0287,2026-02-21 17:03:10,1477.84,netbanking,D0135,IP0481,SUCCESS
T00000716,M0430,C1233,2026-02-04 09:54:15,1663.15,netbanking,D0250,IP0282,REFUNDED
T00000717,M0382,C0351,2026-03-18 13:27:38,416.96,UPI,D0524,IP0230,SUCCESS
T00000718,M0289,C1144,2026-03-19 17:25:50,1219.7,netbanking,D0520,IP0611,SUCCESS
T00000719,M0152,C0671,2026-01-26 05:19:20,722.27,netbanking,D0046,IP0424,SUCCESS
T00000720,M0130,C0746,2026-02-27 21:42:28,10063.1,netbanking,D0141,IP0422,SUCCESS
T00000721,M0370,C0876,2026-03-31 14:48:29,641.82,netbanking,D0537,IP0013,FAILED
T00000722,M0229,C1350,2026-02-13 13:55:54,3851.04,card,D0283,IP0327,SUCCESS
T00000723,M0391,C0012,2026-02-23 23:10:05,4675.15,UPI,D0203,IP0005,SUCCESS
T00000724,M0410,C0570,2026-01-20 09:36:42,381.53,wallet,D0098,IP0189,SUCCESS
T00000725,M0147,C0470,2026-03-02 17:35:48,1073.37,UPI,D0689,IP0245,SUCCESS
T00000726,M0015,C0593,2026-03-19 21:29:06,1104.15,UPI,D0098,IP0111,FAILED
T00000727,M0287,C0239,2026-02-24 21:41:35,1404.27,UPI,D0158,IP0423,FAILED
T00000728,M0189,C1378,2026-03-01 13:29:15,2943.59,wallet,D0540,IP0217,SUCCESS
T00000729,M0076,C1150,2026-02-16 13:12:56,1783.72,UPI,D0129,IP0538,SUCCESS
T00000730,M0244,C0617,2026-03-06 21:24:14,675.52,wallet,D0496,IP0147,SUCCESS
T00000731,M0219,C0971,2026-03-08 21:31:44,17100.42,UPI,D0334,IP0297,SUCCESS
T00000732,M0142,C0902,2026-01-28 20:01:21,2292.48,wallet,D0208,IP0577,SUCCESS
T00000733,M0190,C0145,2026-02-17 23:57:16,1267.31,card,D0105,IP0317,SUCCESS
T00000734,M0027,C1002,2026-01-11 08:37:47,646.14,UPI,D0010,IP0270,SUCCESS
T00000735,M0487,C0121,2026-03-11 16:00:29,2112.25,card,D0570,IP0224,SUCCESS
T00000736,M0385,C0578,2026-01-14 11:17:48,445.72,UPI,D0540,IP0492,SUCCESS
T00000737,M0122,C1262,2026-01-07 12:32:44,5095.38,card,D0621,IP0526,SUCCESS
T00000738,M0306,C0210,2026-01-16 17:11:38,180.71,wallet,D0568,IP0426,SUCCESS
T00000739,M0364,C1470,2026-02-15 15:34:34,1365.82,wallet,D0273,IP0385,SUCCESS
T00000740,M0297,C0066,2026-02-09 12:38:06,3596.22,UPI,D0041,IP0429,SUCCESS
T00000741,M0333,C0965,2026-01-11 10:33:10,7158.89,card,D0213,IP0376,SUCCESS
T00000742,M0444,C0062,2026-01-26 10:03:12,1700.39,card,D0049,IP0494,SUCCESS
T00000743,M0453,C0696,2026-03-20 12:09:52,3332.49,netbanking,D0151,IP0209,SUCCESS
T00000744,M0015,C1151,2026-01-30 23:35:57,4106.34,UPI,D0098,IP0111,FAILED
T00000745,M0289,C0675,2026-01-05 20:27:33,989.71,UPI,D0520,IP0611,SUCCESS
T00000746,M0257,C0499,2026-01-28 14:12:46,5669.38,card,D0238,IP0463,SUCCESS
T00000747,M0025,C0097,2026-01-04 22:47:16,3225.49,card,D0712,IP0695,FAILED
T00000748,M0467,C0941,2026-01-22 09:24:34,907.44,card,D0536,IP0032,SUCCESS
T00000749,M0492,C1226,2026-01-10 14:00:34,1609.76,UPI,D0386,IP0342,FAILED
T00000750,M0382,C0831,2026-03-22 15:24:38,2742.32,card,D0424,IP0235,SUCCESS
T00000751,M0159,C0909,2026-02-12 16:02:33,3153.53,card,D0233,IP0503,SUCCESS
T00000752,M0048,C0208,2026-03-30 18:13:33,2458.44,UPI,D0109,IP0342,SUCCESS
T00000753,M0165,C0830,2026-03-10 20:27:10,2543.46,wallet,D0730,IP0377,SUCCESS
T00000754,M0335,C0999,2026-03-15 17:27:27,1610.01,UPI,D0419,IP0001,SUCCESS
T00000755,M0167,C0138,2026-03-25 11:38:52,1640.48,card,D0227,IP0415,SUCCESS
T00000756,M0402,C0302,2026-01-30 12:45:19,988.3,wallet,D0424,IP0511,SUCCESS
T00000757,M0490,C0210,2026-01-23 17:33:32,418.74,wallet,D0424,IP0086,SUCCESS
T00000758,M0137,C0617,2026-02-07 09:26:58,1680.03,card,D0031,IP0338,SUCCESS
T00000759,M0494,C0998,2026-01-28 13:59:58,706.13,card,D0390,IP0616,SUCCESS
T00000760,M0287,C1070,2026-01-21 19:18:29,1399.38,wallet,D0220,IP0271,SUCCESS
T00000761,M0230,C0355,2026-01-17 01:38:32,454.06,card,D0588,IP0529,SUCCESS
T00000762,M0129,C0168,2026-03-22 15:38:09,1306.39,card,D0432,IP0237,SUCCESS
T00000763,M0052,C0042,2026-01-02 16:32:22,2450.65,UPI,D0559,IP0613,SUCCESS
T00000764,M0402,C1265,2026-01-16 10:06:49,327.53,card,D0424,IP0511,SUCCESS
T00000765,M0366,C0324,2026-02-17 12:32:04,1229.94,UPI,D0662,IP0637,SUCCESS
T00000766,M0405,C1164,2026-02-11 13:35:02,915.15,UPI,D0015,IP0115,SUCCESS
T00000767,M0140,C0633,2026-01-03 10:21:16,227.18,UPI,D0621,IP0415,SUCCESS
T00000768,M0403,C0657,2026-03-13 08:12:45,5302.82,wallet,D0084,IP0239,SUCCESS
T00000769,M0351,C0624,2026-01-29 23:46:27,5022.94,card,D0520,IP0111,SUCCESS
T00000770,M0224,C1226,2026-03-28 17:38:32,423.89,UPI,D0107,IP0179,SUCCESS
T00000771,M0118,C0595,2026-03-17 11:11:59,3393.39,netbanking,D0164,IP0043,SUCCESS
T00000772,M0365,C1191,2026-01-30 06:21:48,2769.73,card,D0653,IP0175,SUCCESS
T00000773,M0470,C1015,2026-03-05 15:40:35,256.68,UPI,D0482,IP0704,SUCCESS
T00000774,M0423,C1290,2026-01-05 09:01:33,666.87,UPI,D0162,IP0747,SUCCESS
T00000775,M0491,C1113,2026-03-25 13:09:33,5880.08,UPI,D0052,IP0261,SUCCESS
T00000776,M0113,C0842,2026-02-16 23:24:21,918.74,netbanking,D0428,IP0262,FAILED
T00000777,M0359,C0627,2026-02-06 16:46:17,325.86,wallet,D0698,IP0057,SUCCESS
T00000778,M0205,C0229,2026-02-14 13:00:27,20624.94,wallet,D0645,IP0321,SUCCESS
T00000779,M0203,C0254,2026-01-06 21:54:07,254.3,card,D0258,IP0076,SUCCESS
T00000780,M0196,C1162,2026-01-15 14:53:15,4539.74,netbanking,D0478,IP0092,SUCCESS
T00000781,M0364,C1220,2026-03-08 13:02:47,926.77,card,D0595,IP0422,FAILED
T00000782,M0410,C0293,2026-01-20 11:10:33,237.25,card,D0552,IP0471,SUCCESS
T00000783,M0303,C1157,2026-03-25 12:08:32,1488.54,wallet,D0660,IP0092,SUCCESS
T00000784,M0380,C0258,2026-03-18 19:12:27,17281.4,netbanking,D0135,IP0182,SUCCESS
T00000785,M0204,C0865,2026-02-22 17:11:04,163.05,card,D0650,IP0702,SUCCESS
T00000786,M0286,C0318,2026-02-28 12:12:56,1430.34,UPI,D0729,IP0610,SUCCESS
T00000787,M0113,C1166,2026-03-16 11:26:50,934.65,UPI,D0296,IP0635,SUCCESS
T00000788,M0035,C1012,2026-03-04 19:47:41,351.04,card,D0552,IP0482,SUCCESS
T00000789,M0256,C0777,2026-01-15 16:44:08,2950.3,netbanking,D0574,IP0560,SUCCESS
T00000790,M0487,C0140,2026-02-24 11:56:10,1816.08,UPI,D0738,IP0526,SUCCESS
T00000791,M0477,C0714,2026-03-14 05:48:12,343.53,UPI,D0526,IP0147,SUCCESS
T00000792,M0458,C0943,2026-03-12 14:46:48,2082.53,wallet,D0118,IP0570,SUCCESS
T00000793,M0209,C0530,2026-02-07 14:45:12,736.23,UPI,D0210,IP0663,SUCCESS
T00000794,M0403,C0802,2026-03-20 15:24:17,17408.9,wallet,D0736,IP0566,SUCCESS
T00000795,M0478,C1326,2026-03-10 19:35:37,12817.42,card,D0391,IP0101,SUCCESS
T00000796,M0041,C0982,2026-02-12 09:02:36,1249.83,UPI,D0520,IP0526,FAILED
T00000797,M0252,C0648,2026-03-15 15:52:24,7565.43,UPI,D0539,IP0681,SUCCESS
T00000798,M0212,C0407,2026-01-09 20:01:49,3944.27,card,D0325,IP0353,SUCCESS
T00000799,M0434,C0719,2026-01-31 11:17:19,7317.96,card,D0684,IP0566,SUCCESS
T00000800,M0319,C0184,2026-03-08 17:16:07,2359.27,card,D0720,IP0353,SUCCESS
T00000801,M0499,C0513,2026-03-08 10:25:26,772.97,wallet,D0336,IP0484,SUCCESS
T00000802,M0037,C0094,2026-01-20 20:40:34,863.13,netbanking,D0256,IP0214,SUCCESS
T00000803,M0176,C0774,2026-01-15 12:17:09,499.2,UPI,D0281,IP0282,SUCCESS
T00000804,M0303,C0081,2026-02-14 14:08:01,2138.73,UPI,D0708,IP0422,FAILED
T00000805,M0142,C1449,2026-01-19 23:33:14,270.01,UPI,D0415,IP0672,SUCCESS
T00000806,M0487,C0324,2026-01-22 23:02:37,740.52,UPI,D0738,IP0541,SUCCESS
T00000807,M0378,C1059,2026-02-21 09:57:36,211.56,UPI,D0492,IP0488,FAILED
T00000808,M0335,C0223,2026-02-19 19:08:42,806.86,UPI,D0441,IP0736,SUCCESS
T00000809,M0102,C0856,2026-03-09 11:30:40,3546.32,card,D0265,IP0495,SUCCESS
T00000810,M0416,C0753,2026-01-07 22:19:36,1028.87,UPI,D0245,IP0453,SUCCESS
T00000811,M0487,C0121,2026-03-22 13:14:11,804.17,UPI,D0367,IP0618,SUCCESS
T00000812,M0423,C0095,2026-01-24 10:32:01,2035.37,netbanking,D0168,IP0086,SUCCESS
T00000813,M0307,C0220,2026-02-10 15:54:37,736.3,wallet,D0508,IP0118,SUCCESS
T00000814,M0370,C1380,2026-01-10 17:44:31,1177.4,UPI,D0548,IP0644,SUCCESS
T00000815,M0297,C0094,2026-01-23 22:32:05,1726.13,card,D0408,IP0148,SUCCESS
T00000816,M0021,C0685,2026-02-17 09:40:32,2292.07,card,D0063,IP0627,REFUNDED
T00000817,M0446,C1264,2026-03-14 12:17:12,12953.52,card,D0423,IP0618,SUCCESS
T00000818,M0142,C0902,2026-01-12 22:21:00,940.45,UPI,D0475,IP0469,SUCCESS
T00000819,M0176,C1475,2026-02-15 18:48:19,198.7,UPI,D0576,IP0559,SUCCESS
T00000820,M0471,C0538,2026-03-18 07:20:43,218.7,wallet,D0672,IP0541,SUCCESS
T00000821,M0403,C0742,2026-01-22 11:44:06,7291.29,UPI,D0244,IP0122,SUCCESS
T00000822,M0303,C0272,2026-02-22 16:15:01,1039.28,UPI,D0403,IP0615,SUCCESS
T00000823,M0147,C0628,2026-01-20 14:01:22,481.06,wallet,D0489,IP0245,SUCCESS
T00000824,M0424,C1062,2026-03-07 16:43:52,958.99,UPI,D0463,IP0263,SUCCESS
T00000825,M0297,C0898,2026-03-09 17:01:29,680.04,card,D0286,IP0429,SUCCESS
T00000826,M0303,C0104,2026-02-25 15:07:16,1520.15,UPI,D0271,IP0092,SUCCESS
T00000827,M0126,C1484,2026-03-29 15:59:23,1773.51,UPI,D0203,IP0267,REFUNDED
T00000828,M0248,C1005,2026-03-26 08:15:38,131.03,card,D0369,IP0513,SUCCESS
T00000829,M0205,C0895,2026-01-22 21:33:16,1534.36,UPI,D0290,IP0309,SUCCESS
T00000830,M0169,C0884,2026-03-02 14:32:07,2803.38,UPI,D0642,IP0665,SUCCESS
T00000831,M0267,C0047,2026-03-30 17:21:11,386.09,netbanking,D0650,IP0071,SUCCESS
T00000832,M0434,C0570,2026-01-07 14:32:48,1199.92,UPI,D0719,IP0061,REFUNDED
T00000833,M0178,C0468,2026-03-15 14:10:35,296.74,card,D0532,IP0607,SUCCESS
T00000834,M0147,C0495,2026-01-30 15:30:49,2134.51,UPI,D0489,IP0082,SUCCESS
T00000835,M0450,C0559,2026-03-12 19:06:18,9445.53,UPI,D0209,IP0425,SUCCESS
T00000836,M0410,C0821,2026-02-03 19:01:43,1876.0,UPI,D0724,IP0720,SUCCESS
T00000837,M0307,C0968,2026-01-06 11:52:51,469.61,UPI,D0447,IP0592,SUCCESS
T00000838,M0370,C0572,2026-01-19 19:03:37,759.34,UPI,D0548,IP0013,SUCCESS
T00000839,M0066,C0152,2026-03-07 17:45:01,179.86,UPI,D0626,IP0374,SUCCESS
T00000840,M0401,C0957,2026-03-30 08:19:34,1506.91,UPI,D0362,IP0016,REFUNDED
T00000841,M0454,C1315,2026-02-14 18:39:01,2738.27,card,D0650,IP0642,SUCCESS
T00000842,M0267,C0249,2026-01-18 21:17:45,573.59,UPI,D0055,IP0197,SUCCESS
T00000843,M0434,C0769,2026-03-04 15:53:02,847.99,card,D0116,IP0222,SUCCESS
T00000844,M0312,C1201,2026-03-06 01:36:32,297.5,UPI,D0157,IP0319,SUCCESS
T00000845,M0020,C1181,2026-01-01 23:39:45,9872.4,card,D0544,IP0169,SUCCESS
T00000846,M0008,C1070,2026-03-28 18:59:06,4180.56,UPI,D0048,IP0217,SUCCESS
T00000847,M0096,C0245,2026-02-21 20:59:25,5477.45,netbanking,D0361,IP0176,SUCCESS
T00000848,M0487,C0362,2026-01-19 12:27:02,1375.13,UPI,D0405,IP0530,FAILED
T00000849,M0485,C0588,2026-02-27 16:01:06,922.51,wallet,D0614,IP0697,SUCCESS
T00000850,M0025,C0921,2026-02-15 17:07:22,2799.42,netbanking,D0099,IP0306,SUCCESS
T00000851,M0210,C1082,2026-02-23 14:16:58,1344.88,UPI,D0455,IP0481,FAILED
T00000852,M0480,C0420,2026-03-17 09:27:56,257.02,UPI,D0695,IP0322,SUCCESS
T00000853,M0303,C1382,2026-01-11 18:39:54,338.43,UPI,D0708,IP0010,SUCCESS
T00000854,M0417,C0013,2026-02-25 23:26:18,483.6,UPI,D0088,IP0494,FAILED
T00000855,M0132,C0739,2026-01-23 16:20:17,2013.4,card,D0030,IP0251,SUCCESS
T00000856,M0076,C1138,2026-03-18 19:44:29,344.81,UPI,D0527,IP0303,SUCCESS
T00000857,M0195,C0039,2026-02-04 20:46:21,839.43,card,D0350,IP0264,SUCCESS
T00000858,M0376,C1302,2026-01-04 15:09:48,434.48,card,D0145,IP0269,SUCCESS
T00000859,M0478,C0857,2026-03-08 23:05:53,3137.25,UPI,D0693,IP0194,SUCCESS
T00000860,M0410,C1373,2026-03-21 15:30:41,1786.09,card,D0547,IP0189,SUCCESS
T00000861,M0229,C1145,2026-03-23 18:16:28,6080.93,UPI,D0451,IP0254,SUCCESS
T00000862,M0212,C1463,2026-03-16 17:05:00,8639.41,card,D0632,IP0452,SUCCESS
T00000863,M0444,C1216,2026-02-09 12:50:58,5057.03,card,D0611,IP0520,SUCCESS
T00000864,M0291,C1246,2026-02-27 15:06:01,1996.55,netbanking,D0712,IP0473,SUCCESS
T00000865,M0256,C0162,2026-02-05 18:04:22,7950.76,UPI,D0718,IP0249,SUCCESS
T00000866,M0166,C0219,2026-02-10 11:30:00,413.54,UPI,D0568,IP0716,SUCCESS
T00000867,M0375,C0414,2026-03-04 14:39:11,458.65,card,D0716,IP0449,SUCCESS
T00000868,M0113,C0904,2026-03-19 09:08:42,620.64,wallet,D0457,IP0343,SUCCESS
T00000869,M0216,C0414,2026-01-31 11:54:46,3579.64,netbanking,D0295,IP0416,SUCCESS
T00000870,M0403,C1272,2026-01-17 15:28:01,6448.69,UPI,D0736,IP0199,SUCCESS
T00000871,M0366,C1141,2026-03-11 09:36:42,538.23,UPI,D0748,IP0455,SUCCESS
T00000872,M0101,C1042,2026-01-23 15:40:30,2034.55,UPI,D0747,IP0375,SUCCESS
T00000873,M0205,C0762,2026-01-01 19:29:46,1419.87,wallet,D0740,IP0321,SUCCESS
T00000874,M0224,C0385,2026-03-19 15:04:47,1453.88,UPI,D0141,IP0179,SUCCESS
T00000875,M0142,C0699,2026-01-07 07:55:04,729.83,wallet,D0022,IP0672,FAILED
T00000876,M0130,C0906,2026-03-22 22:29:49,18314.27,wallet,D0224,IP0010,SUCCESS
T00000877,M0289,C0196,2026-03-14 23:36:32,1529.77,wallet,D0414,IP0062,REFUNDED
T00000878,M0196,C0643,2026-01-28 11:50:14,5523.06,wallet,D0478,IP0692,SUCCESS
T00000879,M0335,C0186,2026-02-17 16:49:11,933.67,card,D0126,IP0644,SUCCESS
T00000880,M0357,C1432,2026-01-02 15:33:47,3328.84,wallet,D0273,IP0704,SUCCESS
T00000881,M0484,C0331,2026-01-30 13:43:16,914.42,card,D0389,IP0677,SUCCESS
T00000882,M0327,C0240,2026-03-12 17:44:22,1540.77,UPI,D0271,IP0600,SUCCESS
T00000883,M0424,C1324,2026-01-22 16:07:25,280.68,UPI,D0471,IP0077,SUCCESS
T00000884,M0470,C0574,2026-02-15 23:26:18,707.16,UPI,D0109,IP0434,SUCCESS
T00000885,M0239,C1377,2026-01-15 19:31:39,2475.82,UPI,D0288,IP0335,SUCCESS
T00000886,M0118,C0269,2026-02-14 07:34:03,943.52,UPI,D0104,IP0214,SUCCESS
T00000887,M0165,C1186,2026-03-20 12:46:11,1350.04,UPI,D0261,IP0165,FAILED
T00000888,M0371,C0231,2026-01-11 20:15:05,2394.12,UPI,D0002,IP0571,SUCCESS
T00000889,M0185,C0319,2026-02-15 11:20:19,4130.98,wallet,D0211,IP0371,SUCCESS
T00000890,M0101,C1172,2026-02-15 14:06:15,1328.45,UPI,D0093,IP0563,SUCCESS
T00000891,M0104,C0474,2026-02-21 17:15:54,2802.94,wallet,D0231,IP0351,SUCCESS
T00000892,M0195,C0731,2026-01-29 23:54:43,1358.53,UPI,D0142,IP0140,SUCCESS
T00000893,M0112,C0374,2026-01-07 14:52:53,5817.9,card,D0318,IP0275,FAILED
T00000894,M0471,C1139,2026-03-17 05:48:14,950.47,wallet,D0672,IP0263,SUCCESS
T00000895,M0004,C1402,2026-02-24 10:04:38,2206.53,UPI,D0208,IP0571,FAILED
T00000896,M0142,C0839,2026-01-16 17:09:00,1205.8,card,D0438,IP0469,SUCCESS
T00000897,M0478,C0670,2026-02-18 23:36:56,3445.76,UPI,D0275,IP0101,SUCCESS
T00000898,M0424,C0860,2026-02-05 11:15:08,6713.83,UPI,D0189,IP0263,SUCCESS
T00000899,M0478,C0242,2026-03-15 21:39:14,4983.97,netbanking,D0722,IP0692,SUCCESS
T00000900,M0450,C0696,2026-03-19 18:28:08,2693.32,card,D0379,IP0197,SUCCESS
T00000901,M0233,C1193,2026-01-30 16:48:43,460.55,UPI,D0706,IP0713,SUCCESS
T00000902,M0075,C0232,2026-01-17 15:42:58,818.21,UPI,D0301,IP0225,SUCCESS
T00000903,M0428,C1482,2026-01-11 18:48:57,3322.31,card,D0621,IP0421,SUCCESS
T00000904,M0213,C0826,2026-01-20 15:26:19,14763.34,card,D0415,IP0592,SUCCESS
T00000905,M0083,C0807,2026-03-14 09:26:22,2255.66,netbanking,D0304,IP0034,SUCCESS
T00000906,M0410,C0809,2026-02-25 18:34:21,1692.77,wallet,D0098,IP0189,SUCCESS
T00000907,M0015,C0411,2026-03-08 20:27:33,519.78,card,D0304,IP0288,SUCCESS
T00000908,M0141,C0869,2026-01-07 23:58:46,300.04,UPI,D0276,IP0451,SUCCESS
T00000909,M0363,C0799,2026-02-07 16:55:12,1811.85,card,D0282,IP0207,FAILED
T00000910,M0146,C0635,2026-01-29 13:41:56,1719.01,UPI,D0095,IP0582,SUCCESS
T00000911,M0048,C1066,2026-03-15 11:14:46,716.39,card,D0351,IP0176,SUCCESS
T00000912,M0370,C0733,2026-03-04 13:38:01,3198.65,card,D0537,IP0644,SUCCESS
T00000913,M0173,C0397,2026-02-24 12:07:22,1589.29,UPI,D0593,IP0377,SUCCESS
T00000914,M0471,C0859,2026-03-12 17:29:51,406.86,wallet,D0122,IP0263,SUCCESS
T00000915,M0046,C1262,2026-01-10 11:48:25,2332.89,card,D0418,IP0469,SUCCESS
T00000916,M0203,C1141,2026-03-04 23:48:44,842.56,UPI,D0173,IP0172,SUCCESS
T00000917,M0460,C0283,2026-02-23 23:58:05,12725.13,card,D0061,IP0733,SUCCESS
T00000918,M0061,C0920,2026-03-06 13:27:52,1270.18,netbanking,D0360,IP0208,SUCCESS
T00000919,M0448,C1190,2026-01-20 18:37:14,22681.65,UPI,D0522,IP0566,SUCCESS
T00000920,M0430,C0544,2026-02-03 12:26:42,2448.8,UPI,D0308,IP0678,SUCCESS
T00000921,M0101,C1429,2026-03-19 18:12:54,923.51,netbanking,D0310,IP0375,SUCCESS
T00000922,M0303,C1199,2026-01-27 23:48:05,1220.65,UPI,D0046,IP0222,SUCCESS
T00000923,M0085,C0002,2026-03-02 10:35:37,3367.99,netbanking,D0146,IP0508,SUCCESS
T00000924,M0478,C0565,2026-02-03 20:52:18,6086.44,netbanking,D0551,IP0101,SUCCESS
T00000925,M0491,C0575,2026-02-03 10:04:46,6675.18,card,D0153,IP0119,SUCCESS
T00000926,M0203,C0509,2026-01-06 15:46:37,1945.29,UPI,D0173,IP0489,SUCCESS
T00000927,M0487,C0411,2026-02-13 20:32:55,487.47,card,D0405,IP0541,SUCCESS
T00000928,M0162,C0064,2026-02-19 13:34:21,2161.15,UPI,D0508,IP0327,SUCCESS
T00000929,M0331,C0376,2026-03-22 13:46:48,8307.72,UPI,D0588,IP0735,SUCCESS
T00000930,M0146,C1424,2026-02-05 11:41:18,1025.72,wallet,D0530,IP0326,SUCCESS
T00000931,M0013,C0600,2026-03-14 15:13:05,2787.08,netbanking,D0698,IP0246,SUCCESS
T00000932,M0203,C0147,2026-02-28 16:56:00,1316.83,UPI,D0042,IP0476,SUCCESS
T00000933,M0248,C0083,2026-01-18 12:10:34,1616.43,UPI,D0531,IP0019,SUCCESS
T00000934,M0129,C1354,2026-02-24 14:33:57,1260.76,UPI,D0432,IP0372,SUCCESS
T00000935,M0291,C0975,2026-01-20 15:08:17,539.1,card,D0712,IP0458,SUCCESS
T00000936,M0478,C1205,2026-02-07 23:16:17,7471.23,card,D0551,IP0101,SUCCESS
T00000937,M0424,C1472,2026-01-31 22:14:29,946.48,wallet,D0471,IP0263,SUCCESS
T00000938,M0229,C0576,2026-03-27 22:38:15,2109.74,UPI,D0563,IP0254,SUCCESS
T00000939,M0233,C0636,2026-02-26 22:11:03,2451.07,UPI,D0019,IP0713,SUCCESS
T00000940,M0444,C1470,2026-01-29 13:41:30,12699.41,UPI,D0611,IP0078,SUCCESS
T00000941,M0313,C1366,2026-02-12 13:33:22,1302.88,wallet,D0166,IP0349,SUCCESS
T00000942,M0231,C0229,2026-01-18 20:53:08,1826.54,card,D0540,IP0344,SUCCESS
T00000943,M0165,C1228,2026-01-15 17:00:33,393.73,UPI,D0189,IP0165,SUCCESS
T00000944,M0480,C0631,2026-03-10 06:45:46,1335.62,wallet,D0450,IP0199,SUCCESS
T00000945,M0278,C1316,2026-02-23 18:45:58,339.77,UPI,D0581,IP0624,SUCCESS
T00000946,M0189,C1134,2026-02-07 13:11:32,4359.5,netbanking,D0510,IP0174,SUCCESS
T00000947,M0462,C0430,2026-03-07 13:19:42,680.35,UPI,D0637,IP0525,SUCCESS
T00000948,M0370,C0531,2026-01-05 13:06:32,1248.42,netbanking,D0537,IP0013,SUCCESS
T00000949,M0452,C1200,2026-01-09 11:00:12,2642.94,UPI,D0165,IP0387,SUCCESS
T00000950,M0171,C0542,2026-02-01 16:30:38,1142.15,UPI,D0039,IP0154,SUCCESS
T00000951,M0487,C0008,2026-03-01 19:39:34,340.98,UPI,D0738,IP0705,SUCCESS
T00000952,M0446,C1172,2026-03-17 15:36:34,1767.85,netbanking,D0230,IP0168,SUCCESS
T00000953,M0355,C0734,2026-01-30 15:45:26,499.75,UPI,D0422,IP0510,SUCCESS
T00000954,M0487,C0685,2026-01-02 14:41:57,1065.99,UPI,D0024,IP0109,SUCCESS
T00000955,M0248,C0781,2026-01-06 10:22:31,543.11,wallet,D0369,IP0112,SUCCESS
T00000956,M0288,C0662,2026-03-26 17:42:54,214.42,UPI,D0162,IP0377,FAILED
T00000957,M0328,C1235,2026-01-08 11:35:04,448.37,UPI,D0483,IP0166,SUCCESS
T00000958,M0410,C0077,2026-01-03 10:42:12,7169.84,card,D0098,IP0189,SUCCESS
T00000959,M0380,C0326,2026-03-27 23:27:27,14235.11,netbanking,D0472,IP0481,SUCCESS
T00000960,M0471,C0710,2026-02-22 14:04:48,897.05,card,D0672,IP0507,SUCCESS
T00000961,M0263,C1448,2026-01-24 16:05:47,876.17,card,D0255,IP0556,SUCCESS
T00000962,M0311,C0278,2026-03-31 23:25:13,3151.86,UPI,D0574,IP0025,SUCCESS
T00000963,M0229,C0220,2026-01-02 17:20:59,8246.67,netbanking,D0451,IP0327,SUCCESS
T00000964,M0414,C0464,2026-03-03 19:42:10,1053.55,UPI,D0319,IP0460,SUCCESS
T00000965,M0386,C0494,2026-02-17 18:45:29,1418.59,card,D0224,IP0134,SUCCESS
T00000966,M0483,C0922,2026-02-18 20:13:43,3610.31,wallet,D0024,IP0076,REFUNDED
T00000967,M0487,C1119,2026-01-13 13:43:19,662.78,wallet,D0405,IP0422,SUCCESS
T00000968,M0303,C1376,2026-01-06 22:22:43,414.43,UPI,D0052,IP0456,FAILED
T00000969,M0022,C0207,2026-02-22 03:49:04,193.76,UPI,D0533,IP0247,SUCCESS
T00000970,M0325,C1473,2026-01-03 12:17:54,711.71,card,D0745,IP0545,SUCCESS
T00000971,M0359,C0069,2026-02-10 22:15:00,377.31,wallet,D0698,IP0457,SUCCESS
T00000972,M0048,C0938,2026-03-17 05:12:43,1252.61,UPI,D0553,IP0176,SUCCESS
T00000973,M0121,C1091,2026-02-25 23:59:04,4300.81,card,D0680,IP0244,SUCCESS
T00000974,M0444,C0519,2026-02-27 13:52:31,2638.64,card,D0406,IP0078,FAILED
T00000975,M0246,C0084,2026-03-30 13:26:35,2309.88,UPI,D0313,IP0346,SUCCESS
T00000976,M0478,C1222,2026-02-25 23:31:57,6025.66,netbanking,D0391,IP0257,REFUNDED
T00000977,M0186,C0214,2026-02-27 10:22:30,972.98,card,D0595,IP0088,SUCCESS
T00000978,M0490,C0260,2026-03-08 20:29:59,1999.71,UPI,D0424,IP0402,SUCCESS
T00000979,M0366,C0512,2026-03-17 15:15:10,465.51,UPI,D0662,IP0187,SUCCESS
T00000980,M0403,C1266,2026-03-01 12:45:02,19477.31,UPI,D0736,IP0637,SUCCESS
T00000981,M0330,C0341,2026-02-17 19:38:46,697.4,card,D0100,IP0509,SUCCESS
T00000982,M0303,C1222,2026-03-06 17:54:56,337.59,UPI,D0046,IP0456,SUCCESS
T00000983,M0395,C0877,2026-02-26 09:33:08,1321.89,card,D0645,IP0413,SUCCESS
T00000984,M0130,C0599,2026-03-31 18:00:08,5795.95,card,D0224,IP0010,SUCCESS
T00000985,M0278,C0085,2026-01-03 18:27:50,929.42,UPI,D0581,IP0624,SUCCESS
T00000986,M0481,C1071,2026-03-20 08:29:40,480.49,UPI,D0298,IP0243,FAILED
T00000987,M0456,C0733,2026-02-25 11:02:35,4262.0,UPI,D0654,IP0187,SUCCESS
T00000988,M0478,C1061,2026-01-28 23:53:26,9422.47,UPI,D0722,IP0257,SUCCESS
T00000989,M0423,C0052,2026-03-03 08:58:49,744.54,UPI,D0121,IP0388,REFUNDED
T00000990,M0410,C0108,2026-01-16 18:12:38,1093.5,UPI,D0526,IP0189,SUCCESS
T00000991,M0478,C0516,2026-03-27 23:14:28,4316.66,card,D0551,IP0194,SUCCESS
T00000992,M0405,C1140,2026-03-06 23:32:27,2070.54,card,D0268,IP0155,SUCCESS
T00000993,M0071,C0915,2026-01-06 11:07:02,6534.66,UPI,D0420,IP0542,SUCCESS
T00000994,M0318,C0308,2026-03-07 14:04:45,4856.59,card,D0193,IP0689,SUCCESS
T00000995,M0022,C0812,2026-01-27 09:24:12,82.56,UPI,D0498,IP0064,SUCCESS
T00000996,M0120,C1061,2026-03-20 22:19:29,10690.13,UPI,D0347,IP0342,SUCCESS
T00000997,M0368,C0448,2026-03-17 12:54:57,2374.1,card,D0434,IP0748,SUCCESS
T00000998,M0476,C0557,2026-02-01 03:05:41,1382.56,card,D0243,IP0514,SUCCESS
T00000999,M0011,C0713,2026-03-08 14:19:16,182.1,wallet,D0272,IP0745,SUCCESS
T00001000,M0404,C0818,2026-03-16 12:44:34,920.96,UPI,D0056,IP0367,SUCCESS
T00001001,M0256,C1431,2026-01-09 04:04:53,17198.22,UPI,D0379,IP0013,SUCCESS
T00001002,M0424,C0026,2026-03-23 17:56:16,756.74,card,D0471,IP0263,SUCCESS
T00001003,M0353,C1415,2026-01-03 20:11:09,1890.92,UPI,D0653,IP0709,SUCCESS
T00001004,M0326,C0630,2026-03-24 08:07:07,1158.28,card,D0032,IP0290,SUCCESS
T00001005,M0239,C1416,2026-02-27 21:19:25,461.61,wallet,D0716,IP0684,SUCCESS
T00001006,M0203,C1046,2026-03-05 15:02:42,1294.0,card,D0097,IP0476,SUCCESS
T00001007,M0289,C0480,2026-01-16 20:29:44,702.12,UPI,D0512,IP0062,SUCCESS
T00001008,M0366,C0136,2026-03-30 12:23:26,977.14,wallet,D0701,IP0430,SUCCESS
T00001009,M0214,C1187,2026-02-16 11:41:12,1657.3,card,D0714,IP0405,SUCCESS
T00001010,M0278,C0413,2026-02-22 15:25:29,773.24,card,D0581,IP0588,SUCCESS
T00001011,M0328,C1271,2026-02-03 23:15:40,834.49,UPI,D0483,IP0739,SUCCESS
T00001012,M0001,C0136,2026-02-24 15:08:11,1894.51,card,D0397,IP0706,FAILED
T00001013,M0137,C1015,2026-01-05 08:59:02,7022.01,card,D0048,IP0089,SUCCESS
T00001014,M0123,C0633,2026-01-01 18:38:22,1221.99,UPI,D0406,IP0493,SUCCESS
T00001015,M0448,C1466,2026-01-28 20:05:13,6054.54,card,D0136,IP0408,SUCCESS
T00001016,M0462,C0180,2026-01-08 13:38:31,186.36,UPI,D0697,IP0525,SUCCESS
T00001017,M0120,C0234,2026-03-29 23:46:55,2550.35,card,D0540,IP0085,SUCCESS
T00001018,M0380,C0370,2026-01-16 07:34:48,2588.92,UPI,D0472,IP0481,SUCCESS
T00001019,M0230,C0080,2026-03-05 13:53:25,2057.42,card,D0508,IP0105,SUCCESS
T00001020,M0303,C0430,2026-01-13 17:27:41,489.37,UPI,D0708,IP0469,SUCCESS
T00001021,M0229,C1123,2026-02-16 23:30:27,3220.61,netbanking,D0451,IP0481,SUCCESS
T00001022,M0263,C0652,2026-03-08 16:02:09,299.11,card,D0087,IP0556,SUCCESS
T00001023,M0375,C0495,2026-03-18 11:30:12,200.06,card,D0222,IP0005,SUCCESS
T00001024,M0168,C1366,2026-03-17 23:29:21,2559.39,UPI,D0482,IP0104,SUCCESS
T00001025,M0013,C1443,2026-02-14 07:22:16,474.41,card,D0095,IP0663,SUCCESS
T00001026,M0288,C0698,2026-02-20 08:04:36,169.74,UPI,D0265,IP0377,SUCCESS
T00001027,M0075,C1417,2026-03-15 13:14:22,487.4,card,D0615,IP0688,SUCCESS
T00001028,M0486,C0656,2026-02-15 14:32:41,243.71,UPI,D0490,IP0253,SUCCESS
T00001029,M0203,C0388,2026-03-30 15:19:24,516.14,card,D0173,IP0283,SUCCESS
T00001030,M0013,C0912,2026-02-12 18:07:23,2792.61,netbanking,D0017,IP0663,SUCCESS
T00001031,M0273,C0623,2026-02-17 17:47:23,1251.84,card,D0685,IP0158,SUCCESS
T00001032,M0185,C0785,2026-01-13 16:15:48,9189.47,UPI,D0023,IP0031,SUCCESS
T00001033,M0372,C0137,2026-01-04 14:04:04,755.64,UPI,D0501,IP0263,SUCCESS
T00001034,M0381,C0206,2026-02-28 15:11:19,3234.12,UPI,D0247,IP0565,SUCCESS
T00001035,M0380,C1252,2026-01-05 13:50:56,2623.83,wallet,D0408,IP0007,SUCCESS
T00001036,M0221,C1218,2026-01-08 14:32:33,1508.24,UPI,D0255,IP0335,SUCCESS
T00001037,M0444,C1242,2026-03-26 12:50:17,8581.04,wallet,D0653,IP0078,SUCCESS
T00001038,M0031,C1177,2026-03-07 21:40:05,1448.83,netbanking,D0110,IP0520,SUCCESS
T00001039,M0263,C1259,2026-01-04 05:55:39,1688.86,wallet,D0255,IP0556,SUCCESS
T00001040,M0480,C1368,2026-03-24 09:23:56,521.34,UPI,D0695,IP0203,SUCCESS
T00001041,M0231,C0935,2026-02-04 22:39:18,3044.9,UPI,D0475,IP0336,SUCCESS
T00001042,M0491,C0434,2026-02-11 18:29:26,890.35,UPI,D0153,IP0435,SUCCESS
T00001043,M0382,C0135,2026-03-14 13:47:17,1649.69,netbanking,D0424,IP0325,SUCCESS
T00001044,M0229,C1306,2026-03-07 23:26:11,28622.64,card,D0248,IP0327,SUCCESS
T00001045,M0370,C0798,2026-03-16 06:28:32,903.43,card,D0548,IP0622,FAILED
T00001046,M0480,C0287,2026-03-25 10:17:17,866.33,netbanking,D0524,IP0295,REFUNDED
T00001047,M0440,C0873,2026-02-04 23:46:40,20634.59,card,D0160,IP0562,SUCCESS
T00001048,M0129,C1354,2026-01-09 12:42:50,1420.55,UPI,D0256,IP0372,SUCCESS
T00001049,M0424,C0122,2026-01-18 12:02:45,906.38,UPI,D0471,IP0263,SUCCESS
T00001050,M0142,C1440,2026-03-24 15:17:47,1605.03,UPI,D0208,IP0672,SUCCESS
T00001051,M0075,C0153,2026-01-29 10:19:16,5006.09,UPI,D0594,IP0692,SUCCESS
T00001052,M0229,C1372,2026-03-14 23:39:11,15693.78,card,D0515,IP0058,SUCCESS
T00001053,M0328,C1002,2026-02-03 22:48:44,508.79,wallet,D0698,IP0739,SUCCESS
T00001054,M0176,C1295,2026-03-11 13:50:14,1667.36,wallet,D0376,IP0559,SUCCESS
T00001055,M0440,C0062,2026-03-06 22:59:29,6683.93,UPI,D0712,IP0448,SUCCESS
T00001056,M0189,C0694,2026-03-15 13:13:41,1596.56,card,D0231,IP0217,SUCCESS
T00001057,M0087,C0999,2026-01-17 15:43:24,3042.7,wallet,D0301,IP0163,SUCCESS
T00001058,M0286,C0506,2026-01-07 09:52:45,1154.66,UPI,D0097,IP0450,SUCCESS
T00001059,M0353,C1329,2026-01-14 17:09:40,1362.84,UPI,D0721,IP0609,SUCCESS
T00001060,M0163,C1005,2026-03-09 11:48:47,6395.32,wallet,D0425,IP0325,SUCCESS
T00001061,M0456,C1197,2026-01-27 17:08:49,6077.45,UPI,D0654,IP0345,SUCCESS
T00001062,M0042,C0055,2026-01-25 05:07:15,2373.89,UPI,D0138,IP0409,SUCCESS
T00001063,M0328,C1010,2026-02-12 15:28:33,859.55,UPI,D0483,IP0141,SUCCESS
T00001064,M0434,C0034,2026-02-26 10:13:17,2665.72,card,D0062,IP0305,SUCCESS
T00001065,M0424,C0369,2026-03-05 19:37:46,853.3,netbanking,D0442,IP0125,SUCCESS
T00001066,M0359,C0530,2026-02-25 20:14:27,115.13,netbanking,D0698,IP0261,SUCCESS
T00001067,M0026,C0968,2026-02-18 09:14:32,6575.37,UPI,D0452,IP0704,SUCCESS
T00001068,M0063,C0359,2026-01-08 11:06:50,1428.24,wallet,D0723,IP0117,SUCCESS
T00001069,M0274,C1123,2026-03-07 23:22:54,21269.71,card,D0731,IP0431,SUCCESS
T00001070,M0480,C0918,2026-02-12 09:10:19,646.47,wallet,D0695,IP0295,SUCCESS
T00001071,M0059,C0807,2026-02-17 15:33:53,1103.8,wallet,D0069,IP0220,SUCCESS
T00001072,M0442,C0949,2026-03-10 09:33:05,278.24,card,D0603,IP0743,SUCCESS
T00001073,M0424,C0292,2026-02-16 18:11:28,214.71,wallet,D0189,IP0263,SUCCESS
T00001074,M0482,C0689,2026-02-15 18:33:37,2980.66,UPI,D0108,IP0713,SUCCESS
T00001075,M0113,C0816,2026-02-22 19:26:30,1796.14,card,D0403,IP0156,SUCCESS
T00001076,M0076,C1150,2026-03-26 15:52:10,1136.02,UPI,D0167,IP0538,SUCCESS
T00001077,M0214,C0720,2026-03-06 07:25:27,4012.84,card,D0091,IP0090,SUCCESS
T00001078,M0292,C0935,2026-03-13 13:33:07,843.23,netbanking,D0414,IP0122,SUCCESS
T00001079,M0444,C0749,2026-02-04 17:45:53,12275.77,UPI,D0653,IP0296,SUCCESS
T00001080,M0474,C0019,2026-01-26 10:03:11,684.68,card,D0649,IP0446,SUCCESS
T00001081,M0184,C1404,2026-03-19 07:41:26,2853.34,netbanking,D0297,IP0093,SUCCESS
T00001082,M0424,C1496,2026-02-27 12:08:46,1081.01,card,D0729,IP0263,SUCCESS
T00001083,M0431,C0741,2026-03-12 13:15:46,1666.8,UPI,D0402,IP0577,SUCCESS
T00001084,M0229,C1095,2026-02-25 22:07:51,4345.88,card,D0451,IP0481,SUCCESS
T00001085,M0257,C1269,2026-02-28 23:09:35,847.8,UPI,D0559,IP0463,SUCCESS
T00001086,M0450,C0922,2026-02-19 19:26:34,14103.89,wallet,D0281,IP0333,SUCCESS
T00001087,M0449,C1280,2026-02-26 20:04:59,1129.99,UPI,D0495,IP0507,SUCCESS
T00001088,M0487,C0053,2026-03-06 23:37:42,1106.85,UPI,D0570,IP0422,SUCCESS
T00001089,M0338,C0067,2026-02-03 15:44:52,5904.44,card,D0580,IP0063,SUCCESS
T00001090,M0277,C0196,2026-01-21 15:42:02,879.77,UPI,D0323,IP0605,SUCCESS
T00001091,M0425,C0018,2026-02-25 21:29:46,6135.87,UPI,D0698,IP0098,SUCCESS
T00001092,M0062,C0081,2026-01-24 15:58:06,955.95,wallet,D0566,IP0557,SUCCESS
T00001093,M0446,C0833,2026-01-27 13:11:45,271.78,netbanking,D0269,IP0121,SUCCESS
T00001094,M0140,C0632,2026-01-17 14:03:17,684.64,UPI,D0004,IP0327,SUCCESS
T00001095,M0263,C1448,2026-03-11 17:39:17,556.85,wallet,D0255,IP0721,SUCCESS
T00001096,M0373,C1226,2026-01-07 05:35:28,429.4,UPI,D0028,IP0040,SUCCESS
T00001097,M0015,C1309,2026-03-09 23:15:20,488.3,card,D0604,IP0288,SUCCESS
T00001098,M0221,C1456,2026-01-10 17:34:29,795.47,netbanking,D0493,IP0480,SUCCESS
T00001099,M0169,C0464,2026-01-12 20:40:58,2088.33,UPI,D0642,IP0687,SUCCESS
T00001100,M0048,C1143,2026-03-17 14:19:50,3213.18,card,D0038,IP0342,SUCCESS
T00001101,M0113,C0148,2026-01-24 15:19:46,2174.07,UPI,D0296,IP0635,SUCCESS
T00001102,M0113,C0015,2026-01-01 18:19:15,762.89,wallet,D0403,IP0156,SUCCESS
T00001103,M0403,C0159,2026-03-18 09:56:07,2786.36,netbanking,D0244,IP0562,SUCCESS
T00001104,M0229,C0609,2026-03-09 21:21:54,9852.76,UPI,D0451,IP0254,SUCCESS
T00001105,M0028,C1113,2026-02-20 10:12:21,1965.49,card,D0060,IP0615,SUCCESS
T00001106,M0142,C1015,2026-01-17 20:30:40,809.85,wallet,D0009,IP0672,SUCCESS
T00001107,M0392,C0566,2026-02-15 06:01:32,687.2,UPI,D0423,IP0205,SUCCESS
T00001108,M0142,C1092,2026-01-20 22:16:12,4135.83,UPI,D0443,IP0469,SUCCESS
T00001109,M0248,C1422,2026-03-31 13:16:14,199.83,netbanking,D0369,IP0684,SUCCESS
T00001110,M0364,C0215,2026-03-28 14:39:54,938.92,UPI,D0215,IP0475,SUCCESS
T00001111,M0487,C0269,2026-02-13 11:50:34,290.86,wallet,D0367,IP0224,FAILED
T00001112,M0040,C0396,2026-02-01 10:54:14,1865.94,UPI,D0704,IP0583,FAILED
T00001113,M0142,C1208,2026-02-11 23:18:06,765.45,card,D0436,IP0672,SUCCESS
T00001114,M0142,C1018,2026-02-20 21:09:43,542.18,UPI,D0280,IP0469,SUCCESS
T00001115,M0451,C0109,2026-03-29 20:20:45,1415.51,UPI,D0649,IP0581,SUCCESS
T00001116,M0303,C0842,2026-02-06 19:00:08,183.41,UPI,D0741,IP0467,SUCCESS
T00001117,M0403,C1466,2026-02-07 15:55:10,623.26,card,D0458,IP0055,SUCCESS
T00001118,M0259,C0188,2026-02-23 16:01:42,1447.04,card,D0403,IP0706,SUCCESS
T00001119,M0267,C1395,2026-03-31 20:44:33,1062.06,wallet,D0379,IP0197,SUCCESS
T00001120,M0487,C0900,2026-02-21 22:36:37,447.95,UPI,D0405,IP0019,FAILED
T00001121,M0113,C0219,2026-01-09 12:43:01,492.61,UPI,D0296,IP0635,FAILED
T00001122,M0224,C0668,2026-03-28 20:27:25,4403.07,UPI,D0182,IP0327,REFUNDED
T00001123,M0491,C0985,2026-02-02 08:14:10,2271.58,netbanking,D0153,IP0206,SUCCESS
T00001124,M0150,C1002,2026-03-19 12:41:55,277.85,card,D0129,IP0382,SUCCESS
T00001125,M0078,C0097,2026-01-24 13:03:17,2860.24,card,D0578,IP0462,SUCCESS
T00001126,M0169,C1167,2026-02-02 07:03:42,1161.02,UPI,D0642,IP0665,SUCCESS
T00001127,M0430,C0194,2026-01-21 06:37:48,1435.82,UPI,D0708,IP0282,REFUNDED
T00001128,M0496,C0617,2026-02-05 21:50:24,245.41,UPI,D0426,IP0034,SUCCESS
T00001129,M0347,C0653,2026-03-27 10:01:26,2189.86,UPI,D0206,IP0034,SUCCESS
T00001130,M0492,C1019,2026-01-28 21:54:00,3269.26,UPI,D0078,IP0532,SUCCESS
T00001131,M0120,C0716,2026-03-16 23:37:36,5012.98,card,D0424,IP0085,SUCCESS
T00001132,M0351,C1194,2026-01-06 23:47:19,12783.33,netbanking,D0705,IP0038,SUCCESS
T00001133,M0328,C1336,2026-02-24 19:08:22,974.23,wallet,D0446,IP0166,SUCCESS
T00001134,M0101,C0901,2026-02-28 18:59:59,3209.05,UPI,D0645,IP0090,SUCCESS
T00001135,M0341,C0394,2026-03-31 08:54:40,827.3,card,D0614,IP0245,SUCCESS
T00001136,M0300,C0698,2026-03-22 13:20:49,1962.43,UPI,D0446,IP0749,SUCCESS
T00001137,M0404,C1286,2026-02-02 16:15:14,3508.36,card,D0056,IP0583,SUCCESS
T00001138,M0428,C1259,2026-01-12 18:34:00,1114.24,UPI,D0383,IP0668,SUCCESS
T00001139,M0142,C1275,2026-03-18 18:41:08,1235.28,UPI,D0073,IP0469,SUCCESS
T00001140,M0077,C0007,2026-01-08 14:16:04,3276.3,card,D0180,IP0181,SUCCESS
T00001141,M0478,C1488,2026-01-19 23:31:58,34169.31,netbanking,D0391,IP0470,SUCCESS
T00001142,M0402,C0194,2026-01-04 15:20:56,2011.73,wallet,D0658,IP0511,SUCCESS
T00001143,M0208,C0608,2026-01-10 13:31:18,2365.6,card,D0428,IP0657,SUCCESS
T00001144,M0300,C0710,2026-01-27 20:16:45,2556.0,card,D0191,IP0435,SUCCESS
T00001145,M0424,C1001,2026-03-14 13:17:39,71.67,card,D0436,IP0263,SUCCESS
T00001146,M0113,C0736,2026-01-20 13:18:52,2212.56,wallet,D0403,IP0635,SUCCESS
T00001147,M0001,C0209,2026-01-02 17:13:16,3755.99,card,D0153,IP0706,SUCCESS
T00001148,M0303,C0998,2026-02-16 20:39:10,870.48,wallet,D0061,IP0456,SUCCESS
T00001149,M0075,C0232,2026-01-22 14:19:45,534.88,card,D0594,IP0660,SUCCESS
T00001150,M0487,C0076,2026-02-22 19:22:37,785.68,wallet,D0367,IP0541,SUCCESS
T00001151,M0132,C0151,2026-01-20 21:46:49,1186.59,wallet,D0241,IP0584,SUCCESS
T00001152,M0401,C0429,2026-02-19 16:15:10,461.65,UPI,D0374,IP0165,SUCCESS
T00001153,M0382,C0237,2026-01-04 14:43:13,1427.71,netbanking,D0524,IP0230,SUCCESS
T00001154,M0113,C0972,2026-03-01 10:15:19,2078.45,wallet,D0296,IP0262,SUCCESS
T00001155,M0015,C0557,2026-03-17 21:49:07,1165.36,netbanking,D0304,IP0288,SUCCESS
T00001156,M0142,C0689,2026-03-25 10:57:10,982.57,UPI,D0009,IP0672,SUCCESS
T00001157,M0302,C0026,2026-03-09 15:17:54,3853.08,UPI,D0608,IP0719,SUCCESS
T00001158,M0095,C1324,2026-03-31 13:21:22,351.54,UPI,D0311,IP0600,SUCCESS
T00001159,M0480,C0957,2026-02-06 09:28:16,927.2,UPI,D0450,IP0203,SUCCESS
T00001160,M0410,C1276,2026-02-17 09:39:20,1152.92,card,D0098,IP0720,REFUNDED
T00001161,M0142,C0824,2026-02-07 15:24:04,587.82,wallet,D0475,IP0360,SUCCESS
T00001162,M0080,C0326,2026-02-04 13:00:42,1256.75,UPI,D0207,IP0088,SUCCESS
T00001163,M0048,C0595,2026-02-15 20:23:51,1212.18,UPI,D0445,IP0342,SUCCESS
T00001164,M0424,C1178,2026-01-23 23:24:13,246.58,UPI,D0189,IP0125,SUCCESS
T00001165,M0450,C0093,2026-01-05 23:00:43,2070.67,card,D0209,IP0197,SUCCESS
T00001166,M0297,C1252,2026-02-12 11:31:47,2527.35,netbanking,D0573,IP0309,SUCCESS
T00001167,M0306,C0929,2026-01-04 22:07:57,1909.46,UPI,D0226,IP0426,REFUNDED
T00001168,M0236,C0178,2026-02-13 12:11:15,1614.59,card,D0004,IP0144,REFUNDED
T00001169,M0420,C0957,2026-02-12 21:59:58,942.56,card,D0737,IP0543,SUCCESS
T00001170,M0448,C0621,2026-01-02 22:50:15,1560.82,netbanking,D0457,IP0566,SUCCESS
T00001171,M0176,C0018,2026-01-20 18:57:54,3623.65,netbanking,D0471,IP0462,SUCCESS
T00001172,M0462,C1128,2026-02-27 13:44:42,456.4,card,D0061,IP0581,SUCCESS
T00001173,M0146,C1361,2026-01-10 16:36:04,840.97,UPI,D0530,IP0022,SUCCESS
T00001174,M0142,C0432,2026-02-20 14:16:35,861.66,wallet,D0300,IP0469,SUCCESS
T00001175,M0441,C0290,2026-02-15 13:36:54,1397.99,card,D0369,IP0534,SUCCESS
T00001176,M0294,C0609,2026-02-17 16:01:39,859.26,UPI,D0239,IP0266,SUCCESS
T00001177,M0035,C1270,2026-01-15 12:48:15,1086.63,wallet,D0546,IP0667,SUCCESS
T00001178,M0075,C0902,2026-02-20 15:22:36,819.68,UPI,D0403,IP0692,SUCCESS
T00001179,M0167,C0694,2026-03-12 19:43:34,949.48,netbanking,D0538,IP0680,SUCCESS
T00001180,M0120,C1062,2026-03-22 19:47:53,15141.32,card,D0167,IP0747,SUCCESS
T00001181,M0496,C0054,2026-03-31 23:25:59,2658.08,UPI,D0039,IP0034,SUCCESS
T00001182,M0385,C0952,2026-01-15 15:13:30,496.64,UPI,D0249,IP0526,SUCCESS
T00001183,M0248,C0578,2026-01-30 17:46:01,307.66,UPI,D0256,IP0019,SUCCESS
T00001184,M0424,C0430,2026-03-22 12:18:59,1217.68,UPI,D0189,IP0263,SUCCESS
T00001185,M0169,C0010,2026-03-30 12:02:45,1547.75,UPI,D0642,IP0443,SUCCESS
T00001186,M0015,C1167,2026-01-15 20:01:51,1247.09,netbanking,D0604,IP0351,SUCCESS
T00001187,M0210,C1110,2026-01-20 23:54:59,402.93,UPI,D0250,IP0481,FAILED
T00001188,M0205,C1138,2026-02-15 16:30:30,707.26,card,D0048,IP0686,FAILED
T00001189,M0106,C1167,2026-02-27 12:38:32,4303.29,card,D0724,IP0508,SUCCESS
T00001190,M0352,C0413,2026-03-18 16:48:29,7408.11,card,D0598,IP0716,SUCCESS
T00001191,M0216,C0088,2026-03-19 09:57:16,1177.48,netbanking,D0006,IP0179,SUCCESS
T00001192,M0170,C0669,2026-03-04 20:15:57,2736.0,card,D0246,IP0634,SUCCESS
T00001193,M0333,C0779,2026-01-01 14:56:02,2162.67,card,D0313,IP0576,SUCCESS
T00001194,M0391,C0473,2026-03-23 23:25:07,1784.79,netbanking,D0215,IP0718,SUCCESS
T00001195,M0492,C0418,2026-02-08 16:47:45,3398.64,card,D0287,IP0452,SUCCESS
T00001196,M0452,C0050,2026-01-30 11:57:41,3033.16,card,D0171,IP0364,SUCCESS
T00001197,M0011,C0461,2026-03-16 06:35:11,232.19,UPI,D0667,IP0175,SUCCESS
T00001198,M0113,C0690,2026-03-19 10:07:16,1036.28,UPI,D0403,IP0156,SUCCESS
T00001199,M0303,C0139,2026-03-30 23:27:52,955.78,UPI,D0271,IP0456,SUCCESS
T00001200,M0260,C0927,2026-02-13 20:54:07,2538.36,UPI,D0331,IP0178,SUCCESS
T00001201,M0447,C0782,2026-01-18 16:35:14,2115.73,netbanking,D0214,IP0573,SUCCESS
T00001202,M0424,C0619,2026-02-24 14:39:48,3494.01,UPI,D0463,IP0623,SUCCESS
T00001203,M0297,C0928,2026-02-17 12:30:55,227.49,UPI,D0182,IP0148,SUCCESS
T00001204,M0480,C0420,2026-02-10 14:59:50,204.81,UPI,D0168,IP0457,SUCCESS
T00001205,M0206,C0412,2026-03-14 16:20:18,3167.87,card,D0182,IP0197,SUCCESS
T00001206,M0360,C1426,2026-02-21 20:04:28,1428.36,card,D0669,IP0731,FAILED
T00001207,M0379,C1473,2026-02-18 14:20:45,360.23,UPI,D0523,IP0517,SUCCESS
T00001208,M0289,C0597,2026-03-26 18:30:46,763.62,card,D0093,IP0611,SUCCESS
T00001209,M0139,C0467,2026-03-09 12:20:46,3627.88,netbanking,D0658,IP0572,SUCCESS
T00001210,M0113,C0285,2026-03-05 19:33:44,1369.3,wallet,D0403,IP0635,SUCCESS
T00001211,M0113,C0044,2026-03-29 10:30:21,2418.75,wallet,D0403,IP0635,SUCCESS
T00001212,M0216,C1070,2026-02-26 23:41:42,26454.12,UPI,D0479,IP0584,SUCCESS
T00001213,M0366,C0438,2026-03-17 11:04:23,892.14,UPI,D0204,IP0637,SUCCESS
T00001214,M0176,C0837,2026-03-25 17:30:12,325.97,card,D0097,IP0462,SUCCESS
T00001215,M0444,C1071,2026-03-01 11:10:27,6179.65,netbanking,D0406,IP0078,REFUNDED
T00001216,M0328,C1121,2026-03-24 23:19:04,480.86,wallet,D0698,IP0435,SUCCESS
T00001217,M0255,C0454,2026-01-24 14:28:23,3335.96,netbanking,D0555,IP0303,REFUNDED
T00001218,M0185,C1436,2026-03-28 20:29:48,6283.3,wallet,D0668,IP0071,SUCCESS
T00001219,M0080,C0381,2026-03-16 21:02:22,4931.83,netbanking,D0462,IP0235,SUCCESS
T00001220,M0303,C1389,2026-03-08 19:52:31,2774.58,UPI,D0552,IP0010,SUCCESS
T00001221,M0214,C0955,2026-01-18 07:00:23,2520.03,UPI,D0540,IP0405,SUCCESS
T00001222,M0487,C0887,2026-01-11 18:06:03,401.11,UPI,D0405,IP0109,FAILED
T00001223,M0402,C0282,2026-03-23 13:43:44,2524.83,wallet,D0731,IP0511,SUCCESS
T00001224,M0101,C1432,2026-03-15 12:45:38,2494.75,UPI,D0645,IP0468,FAILED
T00001225,M0303,C1189,2026-03-18 21:09:49,1982.48,wallet,D0271,IP0227,SUCCESS
T00001226,M0448,C1433,2026-01-11 13:14:47,29629.85,card,D0049,IP0566,SUCCESS
T00001227,M0480,C0696,2026-02-22 12:30:21,265.19,UPI,D0450,IP0311,SUCCESS
T00001228,M0478,C1423,2026-01-30 15:24:39,4204.61,netbanking,D0391,IP0257,SUCCESS
T00001229,M0424,C0013,2026-01-24 17:28:19,807.62,UPI,D0442,IP0263,SUCCESS
T00001230,M0165,C0507,2026-02-14 21:03:32,567.68,UPI,D0189,IP0165,SUCCESS
T00001231,M0353,C0123,2026-03-24 13:55:32,223.58,card,D0399,IP0288,SUCCESS
T00001232,M0382,C0968,2026-03-05 22:58:27,852.78,UPI,D0424,IP0235,SUCCESS
T00001233,M0430,C0016,2026-03-25 13:28:49,1695.17,UPI,D0541,IP0678,SUCCESS
T00001234,M0452,C0251,2026-03-09 14:48:26,7175.82,card,D0171,IP0051,SUCCESS
T00001235,M0297,C0627,2026-01-09 10:08:01,430.82,card,D0041,IP0425,SUCCESS
T00001236,M0187,C0388,2026-01-19 15:08:00,263.04,card,D0443,IP0342,SUCCESS
T00001237,M0297,C0052,2026-03-15 14:48:48,562.34,card,D0151,IP0509,SUCCESS
T00001238,M0476,C1077,2026-01-08 17:36:01,1400.25,card,D0515,IP0437,SUCCESS
T00001239,M0297,C0611,2026-02-12 15:07:21,1891.11,UPI,D0588,IP0309,SUCCESS
T00001240,M0107,C0153,2026-02-05 22:51:43,1072.07,UPI,D0517,IP0453,REFUNDED
T00001241,M0248,C1084,2026-01-11 06:22:29,172.28,netbanking,D0445,IP0112,SUCCESS
T00001242,M0405,C0249,2026-03-20 13:19:06,1173.21,card,D0246,IP0351,SUCCESS
T00001243,M0487,C1167,2026-03-30 12:30:50,1325.9,UPI,D0405,IP0309,FAILED
T00001244,M0236,C0571,2026-03-13 15:05:52,1055.19,UPI,D0228,IP0275,SUCCESS
T00001245,M0419,C0813,2026-01-05 19:11:38,2350.6,card,D0016,IP0208,REFUNDED
T00001246,M0159,C1258,2026-01-18 16:18:15,4673.77,netbanking,D0004,IP0723,SUCCESS
T00001247,M0208,C0920,2026-03-14 23:36:16,1256.74,card,D0533,IP0457,SUCCESS
T00001248,M0169,C1088,2026-01-24 12:26:23,452.13,UPI,D0642,IP0213,SUCCESS
T00001249,M0368,C0027,2026-02-28 14:12:32,4010.16,UPI,D0051,IP0748,SUCCESS
T00001250,M0471,C1473,2026-02-19 07:24:13,374.16,wallet,D0085,IP0421,SUCCESS
T00001251,M0424,C1023,2026-02-18 15:04:17,1622.96,wallet,D0189,IP0263,SUCCESS
T00001252,M0328,C0394,2026-03-18 17:57:23,1581.29,UPI,D0698,IP0141,SUCCESS
T00001253,M0297,C0953,2026-03-14 14:57:28,880.52,UPI,D0286,IP0450,SUCCESS
T00001254,M0441,C0584,2026-03-27 15:03:40,581.84,UPI,D0048,IP0748,REFUNDED
T00001255,M0480,C0136,2026-02-12 08:00:04,1837.33,netbanking,D0450,IP0746,SUCCESS
T00001256,M0410,C0619,2026-03-27 10:35:39,704.65,card,D0098,IP0720,SUCCESS
T00001257,M0363,C1469,2026-02-09 11:19:00,885.99,card,D0265,IP0024,SUCCESS
T00001258,M0419,C0736,2026-01-04 18:28:33,7337.85,card,D0551,IP0204,SUCCESS
T00001259,M0278,C1167,2026-01-07 14:54:33,900.34,UPI,D0284,IP0173,SUCCESS
T00001260,M0238,C0047,2026-03-09 14:43:25,4900.28,netbanking,D0253,IP0440,SUCCESS
T00001261,M0487,C0053,2026-02-17 22:36:26,1317.33,UPI,D0405,IP0109,SUCCESS
T00001262,M0303,C1032,2026-03-03 21:05:20,1171.61,wallet,D0403,IP0219,SUCCESS
T00001263,M0316,C0668,2026-01-06 21:21:17,996.07,wallet,D0244,IP0655,SUCCESS
T00001264,M0085,C0588,2026-01-28 07:24:56,2569.58,UPI,D0146,IP0590,SUCCESS
T00001265,M0289,C1319,2026-02-01 23:39:15,422.96,UPI,D0137,IP0611,SUCCESS
T00001266,M0214,C0220,2026-02-22 11:27:39,1102.82,UPI,D0048,IP0473,REFUNDED
T00001267,M0165,C0210,2026-03-02 11:28:38,1160.68,card,D0121,IP0377,SUCCESS
T00001268,M0487,C0236,2026-01-15 23:16:54,1129.69,UPI,D0654,IP0142,SUCCESS
T00001269,M0478,C0929,2026-01-23 19:38:39,2165.65,card,D0722,IP0194,SUCCESS
T00001270,M0488,C1353,2026-02-02 22:03:30,4909.89,card,D0135,IP0190,SUCCESS
T00001271,M0203,C0136,2026-02-07 19:39:48,1575.88,UPI,D0042,IP0076,SUCCESS
T00001272,M0359,C1146,2026-02-07 12:42:33,1031.69,card,D0059,IP0317,SUCCESS
T00001273,M0176,C0517,2026-02-18 18:16:42,799.54,netbanking,D0700,IP0559,SUCCESS
T00001274,M0249,C0617,2026-01-11 10:09:07,96.15,netbanking,D0004,IP0284,SUCCESS
T00001275,M0154,C1401,2026-03-10 18:36:21,745.82,UPI,D0263,IP0418,SUCCESS
T00001276,M0325,C0735,2026-01-30 08:11:52,3749.15,card,D0492,IP0486,SUCCESS
T00001277,M0167,C0138,2026-02-20 12:34:59,3517.92,wallet,D0010,IP0680,SUCCESS
T00001278,M0169,C0010,2026-02-22 14:05:15,2266.99,UPI,D0642,IP0256,SUCCESS
T00001279,M0234,C1265,2026-02-09 23:41:54,1533.66,wallet,D0276,IP0048,SUCCESS
T00001280,M0015,C0249,2026-03-09 21:59:42,1352.43,UPI,D0579,IP0111,SUCCESS
T00001281,M0460,C0725,2026-01-03 11:49:47,12388.04,netbanking,D0098,IP0419,SUCCESS
T00001282,M0142,C0902,2026-03-15 22:58:54,345.82,UPI,D0130,IP0469,SUCCESS
T00001283,M0352,C1149,2026-02-19 18:41:18,2379.22,card,D0444,IP0716,SUCCESS
T00001284,M0048,C1477,2026-03-17 16:42:49,1442.35,UPI,D0279,IP0176,FAILED
T00001285,M0216,C1377,2026-01-15 22:48:13,4415.27,netbanking,D0694,IP0416,SUCCESS
T00001286,M0026,C0729,2026-02-12 11:46:01,4041.87,netbanking,D0027,IP0531,REFUNDED
T00001287,M0499,C0506,2026-01-23 15:13:07,340.36,UPI,D0336,IP0484,SUCCESS
T00001288,M0444,C1477,2026-03-09 19:50:21,2371.16,card,D0611,IP0075,SUCCESS
T00001289,M0441,C0147,2026-01-15 18:23:35,1444.9,card,D0304,IP0324,SUCCESS
T00001290,M0133,C0848,2026-03-31 17:38:33,1367.02,card,D0107,IP0299,SUCCESS
T00001291,M0312,C0107,2026-01-11 09:33:38,697.75,UPI,D0157,IP0537,SUCCESS
T00001292,M0444,C0215,2026-02-21 13:08:55,11005.41,UPI,D0049,IP0531,SUCCESS
T00001293,M0214,C1255,2026-01-08 07:27:05,6791.45,netbanking,D0714,IP0053,SUCCESS
T00001294,M0018,C1478,2026-03-26 16:29:00,3318.36,UPI,D0016,IP0221,SUCCESS
T00001295,M0234,C1087,2026-01-26 23:35:00,11009.47,netbanking,D0276,IP0048,SUCCESS
T00001296,M0455,C0584,2026-03-06 23:28:45,891.88,card,D0113,IP0336,SUCCESS
T00001297,M0078,C0500,2026-01-03 11:19:01,5798.65,UPI,D0213,IP0172,SUCCESS
T00001298,M0069,C0026,2026-02-19 23:19:50,1822.23,card,D0243,IP0138,FAILED
T00001299,M0330,C1444,2026-03-26 15:43:49,1089.8,UPI,D0288,IP0527,SUCCESS
T00001300,M0142,C1208,2026-01-09 14:28:14,364.8,UPI,D0441,IP0469,REFUNDED
T00001301,M0217,C1190,2026-02-25 14:35:48,582.93,UPI,D0682,IP0131,SUCCESS
T00001302,M0228,C0910,2026-02-01 14:12:25,4367.86,UPI,D0450,IP0299,SUCCESS
T00001303,M0380,C0258,2026-01-21 05:07:10,1287.98,UPI,D0133,IP0481,SUCCESS
T00001304,M0015,C0602,2026-01-24 23:20:06,786.92,card,D0110,IP0111,SUCCESS
T00001305,M0364,C0801,2026-02-03 07:28:21,1565.82,card,D0273,IP0241,SUCCESS
T00001306,M0279,C0061,2026-01-24 17:43:12,993.28,card,D0118,IP0147,SUCCESS
T00001307,M0289,C1470,2026-01-03 20:39:36,580.06,UPI,D0688,IP0390,SUCCESS
T00001308,M0381,C0598,2026-01-31 17:33:20,590.24,UPI,D0076,IP0207,SUCCESS
T00001309,M0357,C1130,2026-03-28 19:33:51,1805.84,UPI,D0273,IP0704,FAILED
T00001310,M0367,C0227,2026-03-17 16:03:51,10095.61,wallet,D0372,IP0440,SUCCESS
T00001311,M0170,C1446,2026-03-04 08:23:07,2415.45,wallet,D0663,IP0648,SUCCESS
T00001312,M0442,C0731,2026-01-20 09:24:58,1032.82,card,D0143,IP0110,SUCCESS
T00001313,M0340,C1120,2026-03-20 14:00:56,7188.39,UPI,D0372,IP0707,SUCCESS
T00001314,M0260,C1028,2026-02-20 16:33:34,5118.58,netbanking,D0052,IP0375,SUCCESS
T00001315,M0288,C1166,2026-02-17 15:24:04,871.35,wallet,D0481,IP0387,SUCCESS
T00001316,M0147,C0920,2026-01-31 20:46:56,556.4,UPI,D0489,IP0004,SUCCESS
T00001317,M0413,C0499,2026-02-24 16:36:30,1272.68,UPI,D0335,IP0151,SUCCESS
T00001318,M0165,C0725,2026-02-19 15:43:45,316.59,card,D0121,IP0396,SUCCESS
T00001319,M0320,C0639,2026-03-01 07:59:21,1185.16,UPI,D0137,IP0339,SUCCESS
T00001320,M0478,C1096,2026-03-07 23:32:52,12370.78,UPI,D0293,IP0257,SUCCESS
T00001321,M0303,C1123,2026-03-08 16:05:00,1155.3,card,D0350,IP0010,REFUNDED
T00001322,M0022,C0700,2026-01-11 11:58:56,553.49,UPI,D0655,IP0435,SUCCESS
T00001323,M0487,C0619,2026-03-24 19:18:45,692.17,UPI,D0570,IP0422,SUCCESS
T00001324,M0306,C0598,2026-01-24 20:28:17,209.53,UPI,D0614,IP0331,SUCCESS
T00001325,M0121,C0263,2026-01-30 21:37:24,5588.24,card,D0015,IP0703,SUCCESS
T00001326,M0286,C0696,2026-03-22 09:33:31,97.77,UPI,D0457,IP0522,SUCCESS
T00001327,M0210,C0177,2026-01-07 20:30:31,629.16,card,D0250,IP0481,SUCCESS
T00001328,M0233,C0899,2026-03-14 12:28:12,2111.64,UPI,D0019,IP0530,SUCCESS
T00001329,M0276,C0049,2026-01-07 18:34:30,1128.97,wallet,D0470,IP0724,SUCCESS
T00001330,M0425,C1264,2026-01-26 18:42:45,30316.9,card,D0245,IP0036,SUCCESS
T00001331,M0146,C0060,2026-03-19 20:23:31,1086.32,card,D0095,IP0676,SUCCESS
T00001332,M0364,C0547,2026-03-12 12:46:07,712.65,card,D0278,IP0158,SUCCESS
T00001333,M0387,C0221,2026-03-27 14:15:13,4215.08,card,D0292,IP0091,SUCCESS
T00001334,M0490,C0241,2026-01-06 19:22:03,302.08,UPI,D0046,IP0675,SUCCESS
T00001335,M0176,C0461,2026-01-07 17:53:37,1890.19,UPI,D0748,IP0462,SUCCESS
T00001336,M0130,C0189,2026-03-31 23:22:41,3569.72,netbanking,D0195,IP0010,SUCCESS
T00001337,M0478,C0849,2026-03-16 19:14:18,3476.4,UPI,D0551,IP0286,SUCCESS
T00001338,M0482,C0549,2026-02-08 10:16:06,6337.38,card,D0749,IP0307,SUCCESS
T00001339,M0410,C0673,2026-02-19 12:32:30,364.76,card,D0526,IP0720,SUCCESS
T00001340,M0216,C0284,2026-03-26 17:06:18,52046.69,UPI,D0479,IP0179,SUCCESS
T00001341,M0487,C0322,2026-02-13 23:44:57,394.89,UPI,D0227,IP0153,SUCCESS
T00001342,M0323,C0593,2026-02-16 19:04:23,3523.48,card,D0636,IP0339,SUCCESS
T00001343,M0142,C0522,2026-03-03 17:49:26,714.84,UPI,D0009,IP0469,SUCCESS
T00001344,M0425,C0257,2026-01-29 23:12:34,7241.26,netbanking,D0540,IP0481,SUCCESS
T00001345,M0274,C1271,2026-03-07 16:01:13,9067.77,netbanking,D0004,IP0081,SUCCESS
T00001346,M0039,C1203,2026-01-19 17:35:51,3864.48,wallet,D0540,IP0018,SUCCESS
T00001347,M0410,C1185,2026-01-02 21:52:21,550.08,card,D0257,IP0720,SUCCESS
T00001348,M0424,C0265,2026-02-08 08:26:50,1287.71,wallet,D0189,IP0263,SUCCESS
T00001349,M0443,C0542,2026-02-01 15:23:32,7587.9,wallet,D0211,IP0393,SUCCESS
T00001350,M0113,C0750,2026-01-11 07:42:23,282.93,UPI,D0296,IP0262,SUCCESS
T00001351,M0197,C1009,2026-02-01 17:44:26,6068.34,card,D0537,IP0508,SUCCESS
T00001352,M0416,C0803,2026-01-02 13:15:06,915.82,UPI,D0380,IP0054,SUCCESS
T00001353,M0405,C0624,2026-01-24 14:26:53,2523.06,card,D0164,IP0456,SUCCESS
T00001354,M0452,C0289,2026-01-26 08:11:46,1958.9,wallet,D0171,IP0078,SUCCESS
T00001355,M0303,C0458,2026-02-23 21:41:23,1015.93,UPI,D0708,IP0605,SUCCESS
T00001356,M0176,C0827,2026-01-27 17:56:38,767.47,UPI,D0608,IP0462,SUCCESS
T00001357,M0229,C0952,2026-03-29 23:58:37,3914.28,netbanking,D0328,IP0254,SUCCESS
T00001358,M0169,C0980,2026-02-22 11:54:39,3115.16,UPI,D0694,IP0570,SUCCESS
T00001359,M0357,C0066,2026-02-18 15:41:56,8307.63,card,D0546,IP0319,SUCCESS
T00001360,M0286,C0157,2026-03-07 06:00:56,495.17,UPI,D0091,IP0674,SUCCESS
T00001361,M0309,C0163,2026-03-10 15:12:08,1247.78,card,D0379,IP0027,SUCCESS
T00001362,M0366,C0155,2026-02-03 05:29:20,625.37,card,D0748,IP0127,SUCCESS
T00001363,M0145,C1057,2026-02-15 19:06:55,169.88,card,D0413,IP0646,SUCCESS
T00001364,M0456,C0693,2026-02-08 13:45:20,3312.94,card,D0253,IP0187,SUCCESS
T00001365,M0030,C0392,2026-01-07 16:47:07,1886.5,UPI,D0565,IP0603,SUCCESS
T00001366,M0147,C0069,2026-03-09 08:59:06,8350.7,UPI,D0489,IP0082,SUCCESS
T00001367,M0092,C0732,2026-02-07 14:06:04,1288.11,card,D0187,IP0226,SUCCESS
T00001368,M0229,C1280,2026-01-01 23:29:40,6869.34,UPI,D0248,IP0327,SUCCESS
T00001369,M0480,C0699,2026-02-08 14:15:18,430.3,UPI,D0450,IP0061,SUCCESS
T00001370,M0425,C1420,2026-02-07 20:48:36,2701.45,card,D0698,IP0045,SUCCESS
T00001371,M0285,C1354,2026-02-25 22:58:15,14425.55,netbanking,D0014,IP0010,SUCCESS
T00001372,M0229,C1075,2026-01-03 20:34:43,5122.7,card,D0328,IP0481,SUCCESS
T00001373,M0024,C0945,2026-02-23 07:53:39,1002.31,netbanking,D0100,IP0347,SUCCESS
T00001374,M0279,C1216,2026-01-28 19:21:02,1659.71,wallet,D0526,IP0561,SUCCESS
T00001375,M0147,C1009,2026-02-25 08:51:15,687.63,UPI,D0689,IP0082,SUCCESS
T00001376,M0001,C0436,2026-03-26 12:40:22,17469.08,card,D0166,IP0603,SUCCESS
T00001377,M0437,C0093,2026-02-23 13:29:26,1114.58,UPI,D0114,IP0408,SUCCESS
T00001378,M0391,C1425,2026-02-26 21:12:10,7942.85,UPI,D0663,IP0718,SUCCESS
T00001379,M0480,C0034,2026-03-31 12:54:32,297.47,UPI,D0450,IP0650,SUCCESS
T00001380,M0263,C1443,2026-01-02 12:17:41,2489.99,card,D0491,IP0556,SUCCESS
T00001381,M0286,C0230,2026-01-22 14:10:44,189.62,card,D0637,IP0450,SUCCESS
T00001382,M0304,C0081,2026-02-15 15:29:32,2214.93,UPI,D0378,IP0364,FAILED
T00001383,M0450,C1301,2026-02-02 19:17:47,3417.58,netbanking,D0242,IP0178,SUCCESS
T00001384,M0133,C0497,2026-03-31 20:30:27,4530.89,card,D0518,IP0399,SUCCESS
T00001385,M0048,C1066,2026-03-20 16:56:34,1020.68,UPI,D0553,IP0147,SUCCESS
T00001386,M0365,C0913,2026-03-12 17:20:41,1542.69,wallet,D0369,IP0469,SUCCESS
T00001387,M0289,C0937,2026-01-01 16:05:06,1003.38,card,D0093,IP0703,SUCCESS
T00001388,M0328,C1276,2026-02-20 23:07:13,591.11,UPI,D0446,IP0435,SUCCESS
T00001389,M0452,C1326,2026-02-11 13:23:57,1981.08,card,D0165,IP0024,SUCCESS
T00001390,M0466,C0912,2026-03-12 08:02:01,653.34,card,D0061,IP0251,SUCCESS
T00001391,M0214,C0323,2026-03-09 15:52:38,2723.59,UPI,D0540,IP0405,SUCCESS
T00001392,M0374,C0956,2026-02-12 21:53:12,766.91,UPI,D0361,IP0700,SUCCESS
T00001393,M0281,C0673,2026-03-05 06:07:10,601.58,UPI,D0621,IP0161,SUCCESS
T00001394,M0303,C0657,2026-01-06 21:17:37,682.53,UPI,D0181,IP0615,SUCCESS
T00001395,M0424,C1344,2026-02-18 14:43:59,2859.72,card,D0442,IP0689,SUCCESS
T00001396,M0165,C1309,2026-01-25 15:15:25,428.65,UPI,D0189,IP0377,SUCCESS
T00001397,M0073,C1216,2026-03-17 09:07:24,807.28,card,D0268,IP0094,SUCCESS
T00001398,M0370,C0801,2026-03-25 15:27:53,2168.37,netbanking,D0548,IP0644,SUCCESS
T00001399,M0174,C0479,2026-01-05 18:01:20,2199.62,netbanking,D0345,IP0714,FAILED
T00001400,M0169,C0243,2026-01-06 11:53:47,1004.23,UPI,D0642,IP0213,SUCCESS
T00001401,M0093,C0578,2026-03-05 17:10:17,1527.45,UPI,D0403,IP0204,SUCCESS
T00001402,M0482,C0852,2026-03-05 16:35:29,6033.79,UPI,D0544,IP0318,SUCCESS
T00001403,M0430,C0284,2026-01-11 12:06:57,4469.8,card,D0023,IP0143,FAILED
T00001404,M0398,C0697,2026-01-16 18:08:38,1597.95,card,D0250,IP0089,SUCCESS
T00001405,M0303,C0792,2026-01-19 20:27:29,2350.43,UPI,D0655,IP0488,SUCCESS
T00001406,M0015,C1305,2026-02-12 18:49:34,586.56,UPI,D0228,IP0288,REFUNDED
T00001407,M0487,C0782,2026-03-28 23:03:22,348.65,UPI,D0727,IP0109,SUCCESS
T00001408,M0129,C0044,2026-03-01 15:00:19,458.39,UPI,D0194,IP0372,SUCCESS
T00001409,M0384,C0639,2026-02-15 13:19:32,1139.16,wallet,D0416,IP0183,SUCCESS
T00001410,M0303,C0073,2026-01-01 17:58:29,791.0,UPI,D0655,IP0467,SUCCESS
T00001411,M0165,C0043,2026-02-20 13:26:38,2819.1,card,D0121,IP0165,SUCCESS
T00001412,M0256,C1471,2026-03-17 13:54:30,4175.8,card,D0133,IP0013,SUCCESS
T00001413,M0318,C0984,2026-01-23 11:03:21,1058.0,card,D0724,IP0630,SUCCESS
T00001414,M0380,C1127,2026-02-05 18:53:12,2627.54,UPI,D0471,IP0721,SUCCESS
T00001415,M0402,C1107,2026-03-24 17:11:16,1320.34,UPI,D0645,IP0568,SUCCESS
T00001416,M0017,C0998,2026-03-04 21:13:41,514.31,UPI,D0335,IP0712,SUCCESS
T00001417,M0445,C0066,2026-03-28 18:08:58,2157.58,card,D0274,IP0253,SUCCESS
T00001418,M0388,C0299,2026-03-13 10:52:44,1747.8,card,D0048,IP0499,SUCCESS
T00001419,M0410,C1094,2026-02-11 14:09:24,1141.14,wallet,D0552,IP0189,SUCCESS
T00001420,M0203,C0600,2026-01-05 11:25:44,357.89,card,D0042,IP0031,SUCCESS
T00001421,M0378,C0267,2026-03-23 06:12:22,530.83,UPI,D0312,IP0276,SUCCESS
T00001422,M0338,C1019,2026-03-25 12:12:13,1628.94,netbanking,D0698,IP0264,FAILED
T00001423,M0199,C0502,2026-01-25 19:38:42,3390.89,UPI,D0718,IP0413,SUCCESS
T00001424,M0113,C1379,2026-01-15 16:11:38,1996.94,card,D0403,IP0262,SUCCESS
T00001425,M0323,C0600,2026-01-07 23:01:05,390.14,card,D0630,IP0282,SUCCESS
T00001426,M0408,C0010,2026-01-24 19:08:06,856.68,card,D0189,IP0259,SUCCESS
T00001427,M0203,C0942,2026-03-09 23:27:35,672.25,UPI,D0589,IP0263,SUCCESS
T00001428,M0444,C0775,2026-02-01 18:03:13,4248.27,card,D0611,IP0296,SUCCESS
T00001429,M0444,C0125,2026-03-23 08:30:24,3511.3,netbanking,D0653,IP0296,SUCCESS
T00001430,M0405,C0186,2026-01-31 19:25:32,2005.63,UPI,D0164,IP0464,SUCCESS
T00001431,M0097,C1009,2026-03-01 06:20:49,359.24,card,D0516,IP0233,REFUNDED
T00001432,M0289,C0295,2026-01-28 19:43:00,563.74,UPI,D0688,IP0062,SUCCESS
T00001433,M0491,C0765,2026-02-13 13:18:08,2289.72,netbanking,D0052,IP0387,SUCCESS
T00001434,M0148,C0041,2026-03-31 23:02:55,451.57,card,D0623,IP0461,SUCCESS
T00001435,M0020,C0883,2026-01-25 22:49:42,5824.87,netbanking,D0080,IP0384,SUCCESS
T00001436,M0292,C0092,2026-02-24 04:08:36,1370.73,UPI,D0135,IP0380,SUCCESS
T00001437,M0154,C0328,2026-03-07 20:45:46,522.97,UPI,D0725,IP0047,SUCCESS
T00001438,M0402,C1087,2026-03-16 17:34:25,405.08,UPI,D0639,IP0511,SUCCESS
T00001439,M0480,C0951,2026-03-20 06:55:02,494.08,wallet,D0571,IP0202,SUCCESS
T00001440,M0245,C0518,2026-01-03 17:09:43,5036.98,netbanking,D0257,IP0220,SUCCESS
T00001441,M0420,C0964,2026-01-16 10:20:06,6497.31,wallet,D0153,IP0422,SUCCESS
T00001442,M0384,C0598,2026-03-29 23:02:18,756.07,wallet,D0604,IP0607,SUCCESS
T00001443,M0366,C1118,2026-02-16 08:16:17,384.99,wallet,D0204,IP0637,SUCCESS
T00001444,M0015,C1305,2026-01-11 12:46:25,355.65,UPI,D0098,IP0351,SUCCESS
T00001445,M0394,C0272,2026-02-20 17:17:57,3572.76,card,D0276,IP0629,SUCCESS
T00001446,M0410,C0036,2026-02-28 18:33:49,687.0,card,D0330,IP0720,SUCCESS
T00001447,M0055,C0435,2026-01-05 14:03:12,1576.87,UPI,D0099,IP0091,SUCCESS
T00001448,M0468,C0402,2026-02-02 19:44:57,822.89,card,D0393,IP0676,SUCCESS
T00001449,M0260,C0425,2026-02-05 10:27:36,11270.78,wallet,D0331,IP0178,SUCCESS
T00001450,M0409,C0122,2026-03-28 10:33:51,387.78,wallet,D0149,IP0208,FAILED
T00001451,M0380,C1097,2026-03-05 13:28:05,3377.08,UPI,D0044,IP0592,SUCCESS
T00001452,M0420,C0764,2026-02-28 07:29:58,1131.69,UPI,D0016,IP0152,SUCCESS
T00001453,M0015,C0220,2026-01-19 16:57:51,1867.93,UPI,D0110,IP0273,SUCCESS
T00001454,M0357,C0971,2026-02-22 09:49:02,6448.68,card,D0148,IP0286,SUCCESS
T00001455,M0179,C0309,2026-03-16 10:15:08,1428.32,card,D0663,IP0375,SUCCESS
T00001456,M0214,C1310,2026-01-26 10:39:39,1631.94,UPI,D0140,IP0090,SUCCESS
T00001457,M0101,C1387,2026-01-20 11:08:54,1712.52,UPI,D0621,IP0563,SUCCESS
T00001458,M0313,C0845,2026-02-16 19:51:50,5308.16,netbanking,D0542,IP0202,SUCCESS
T00001459,M0390,C1482,2026-03-19 12:52:31,2440.9,UPI,D0638,IP0259,SUCCESS
T00001460,M0146,C0131,2026-01-12 19:40:20,1955.64,UPI,D0530,IP0658,SUCCESS
T00001461,M0113,C0109,2026-02-15 10:17:42,239.09,UPI,D0296,IP0200,SUCCESS
T00001462,M0482,C0368,2026-02-07 20:22:04,3512.49,card,D0749,IP0153,SUCCESS
T00001463,M0146,C1403,2026-02-15 15:33:55,836.24,card,D0095,IP0346,SUCCESS
T00001464,M0190,C0621,2026-01-24 18:43:27,837.27,UPI,D0304,IP0637,SUCCESS
T00001465,M0450,C1442,2026-01-28 19:08:44,10037.43,wallet,D0281,IP0178,SUCCESS
T00001466,M0231,C1154,2026-01-13 15:29:41,1271.66,wallet,D0475,IP0161,SUCCESS
T00001467,M0195,C0083,2026-03-07 15:42:24,663.13,UPI,D0167,IP0140,SUCCESS
T00001468,M0050,C0832,2026-02-27 14:21:28,1140.84,UPI,D0575,IP0311,SUCCESS
T00001469,M0412,C0218,2026-01-28 18:17:23,1964.04,card,D0370,IP0277,SUCCESS
T00001470,M0401,C0733,2026-01-26 18:30:17,2288.55,card,D0211,IP0016,REFUNDED
T00001471,M0159,C0753,2026-01-10 17:11:29,8110.37,card,D0170,IP0123,SUCCESS
T00001472,M0337,C1323,2026-03-20 09:26:50,1751.27,UPI,D0155,IP0623,SUCCESS
T00001473,M0039,C0974,2026-01-22 08:54:11,10123.26,card,D0677,IP0562,SUCCESS
T00001474,M0142,C1407,2026-02-07 21:29:59,618.98,UPI,D0441,IP0743,SUCCESS
T00001475,M0424,C0745,2026-02-18 18:42:00,383.92,card,D0436,IP0125,SUCCESS
T00001476,M0480,C0420,2026-03-25 19:41:59,542.5,UPI,D0450,IP0078,SUCCESS
T00001477,M0409,C0045,2026-01-26 14:37:04,159.99,card,D0149,IP0019,SUCCESS
T00001478,M0390,C0983,2026-03-24 13:40:50,6820.52,card,D0638,IP0669,SUCCESS
T00001479,M0366,C1215,2026-03-11 15:39:19,1819.39,UPI,D0662,IP0127,SUCCESS
T00001480,M0053,C0194,2026-03-25 13:55:19,1929.34,netbanking,D0559,IP0215,FAILED
T00001481,M0303,C0928,2026-02-23 23:37:45,336.56,UPI,D0552,IP0422,SUCCESS
T00001482,M0366,C0420,2026-01-12 05:43:52,340.37,UPI,D0662,IP0455,REFUNDED
T00001483,M0405,C0170,2026-01-14 10:31:04,2645.63,card,D0273,IP0389,SUCCESS
T00001484,M0382,C0272,2026-03-10 12:15:36,4295.86,UPI,D0679,IP0325,SUCCESS
T00001485,M0192,C0434,2026-02-01 11:41:07,1852.66,wallet,D0729,IP0422,SUCCESS
T00001486,M0321,C0401,2026-03-06 16:01:47,1965.74,UPI,D0456,IP0112,FAILED
T00001487,M0424,C0515,2026-02-15 11:19:59,3556.62,netbanking,D0587,IP0263,SUCCESS
T00001488,M0286,C1447,2026-01-12 08:57:42,2312.57,UPI,D0564,IP0460,SUCCESS
T00001489,M0229,C0609,2026-03-18 23:58:52,2134.44,card,D0225,IP0254,SUCCESS
T00001490,M0071,C1497,2026-02-19 19:05:42,16978.21,netbanking,D0243,IP0067,SUCCESS
T00001491,M0303,C0429,2026-01-12 21:45:20,614.11,card,D0377,IP0422,FAILED
T00001492,M0382,C1309,2026-01-06 20:03:48,1504.99,netbanking,D0502,IP0230,SUCCESS
T00001493,M0204,C0657,2026-01-20 12:10:47,497.64,card,D0183,IP0726,SUCCESS
T00001494,M0403,C0518,2026-03-03 15:09:05,5404.17,wallet,D0378,IP0562,SUCCESS
T00001495,M0494,C1016,2026-01-07 19:09:43,347.03,wallet,D0390,IP0158,FAILED
T00001496,M0134,C1476,2026-02-16 16:24:53,862.21,card,D0300,IP0298,FAILED
T00001497,M0347,C1058,2026-02-07 12:40:21,1590.11,UPI,D0154,IP0652,SUCCESS
T00001498,M0196,C0681,2026-01-03 05:14:34,7605.94,netbanking,D0478,IP0281,SUCCESS
T00001499,M0146,C0914,2026-01-23 23:03:27,809.38,card,D0530,IP0577,SUCCESS
T00001500,M0303,C0378,2026-03-08 20:11:00,1214.86,UPI,D0091,IP0132,SUCCESS
T00001501,M0216,C0840,2026-02-21 13:45:32,8219.73,wallet,D0694,IP0546,SUCCESS
T00001502,M0345,C1416,2026-02-22 16:07:25,2934.66,netbanking,D0154,IP0349,SUCCESS
T00001503,M0364,C1311,2026-03-01 15:12:29,1900.35,card,D0274,IP0295,SUCCESS
T00001504,M0229,C0120,2026-01-09 23:01:02,848.41,card,D0283,IP0327,SUCCESS
T00001505,M0010,C0676,2026-01-25 08:43:12,595.66,UPI,D0381,IP0695,SUCCESS
T00001506,M0470,C0607,2026-02-03 23:49:45,566.69,UPI,D0482,IP0726,SUCCESS
T00001507,M0487,C1421,2026-02-04 13:33:03,1267.61,UPI,D0114,IP0081,REFUNDED
T00001508,M0162,C0033,2026-01-14 15:40:12,1026.58,wallet,D0735,IP0327,SUCCESS
T00001509,M0444,C0866,2026-01-25 15:32:20,1363.55,card,D0406,IP0078,FAILED
T00001510,M0470,C0113,2026-02-10 18:20:45,514.71,UPI,D0544,IP0726,SUCCESS
T00001511,M0142,C1254,2026-01-31 18:26:39,2493.81,card,D0441,IP0672,SUCCESS
T00001512,M0276,C0002,2026-01-07 11:16:18,771.22,UPI,D0047,IP0710,SUCCESS
T00001513,M0061,C0303,2026-03-17 17:59:53,1612.73,UPI,D0615,IP0489,SUCCESS
T00001514,M0249,C1003,2026-01-02 12:02:04,742.24,UPI,D0686,IP0653,SUCCESS
T00001515,M0175,C0624,2026-01-09 14:31:33,7471.1,UPI,D0534,IP0210,FAILED
T00001516,M0113,C1272,2026-02-15 12:40:33,3094.18,UPI,D0403,IP0156,SUCCESS
T00001517,M0303,C0378,2026-03-30 21:17:36,516.32,UPI,D0655,IP0292,SUCCESS
T00001518,M0098,C0999,2026-01-11 18:03:17,907.88,UPI,D0232,IP0378,SUCCESS
T00001519,M0204,C1004,2026-01-22 23:46:06,875.48,netbanking,D0109,IP0726,SUCCESS
T00001520,M0444,C0386,2026-01-25 17:59:29,7244.88,UPI,D0611,IP0078,REFUNDED
T00001521,M0370,C1452,2026-02-20 17:53:33,2534.67,card,D0202,IP0644,SUCCESS
T00001522,M0424,C0908,2026-02-22 11:33:55,1237.92,UPI,D0491,IP0125,SUCCESS
T00001523,M0142,C1315,2026-03-08 14:08:47,1246.41,UPI,D0301,IP0469,SUCCESS
T00001524,M0304,C1333,2026-03-05 12:34:59,548.77,UPI,D0301,IP0167,SUCCESS
T00001525,M0169,C0498,2026-02-23 14:24:00,3639.46,UPI,D0642,IP0665,FAILED
T00001526,M0254,C0198,2026-03-16 20:25:15,4721.99,UPI,D0512,IP0307,SUCCESS
T00001527,M0337,C0625,2026-02-21 11:32:18,558.11,wallet,D0733,IP0623,FAILED
T00001528,M0214,C1066,2026-01-23 12:53:49,2207.52,card,D0540,IP0090,SUCCESS
T00001529,M0297,C1072,2026-02-09 17:40:45,577.64,UPI,D0286,IP0309,SUCCESS
T00001530,M0326,C0505,2026-01-25 11:15:32,2392.53,wallet,D0419,IP0006,SUCCESS
T00001531,M0098,C0199,2026-01-25 13:27:05,2077.95,wallet,D0424,IP0242,SUCCESS
T00001532,M0013,C0511,2026-03-03 16:40:40,820.68,wallet,D0682,IP0246,FAILED
T00001533,M0071,C0542,2026-01-03 19:16:53,12125.08,wallet,D0113,IP0047,FAILED
T00001534,M0450,C0682,2026-01-07 23:59:10,1158.64,card,D0282,IP0333,FAILED
T00001535,M0491,C0738,2026-03-31 19:34:01,3328.84,netbanking,D0048,IP0114,SUCCESS
T00001536,M0113,C0824,2026-03-31 16:34:57,2106.63,UPI,D0403,IP0262,SUCCESS
T00001537,M0204,C0834,2026-03-20 17:17:33,6466.44,wallet,D0109,IP0329,SUCCESS
T00001538,M0195,C1291,2026-01-11 16:13:13,1811.76,UPI,D0167,IP0140,SUCCESS
T00001539,M0328,C0052,2026-01-04 23:39:53,632.28,UPI,D0698,IP0438,SUCCESS
T00001540,M0176,C0099,2026-01-29 09:13:47,1661.27,wallet,D0471,IP0282,SUCCESS
T00001541,M0485,C1295,2026-02-25 18:52:19,786.1,wallet,D0016,IP0641,SUCCESS
T00001542,M0122,C0732,2026-01-06 09:38:50,1208.43,wallet,D0621,IP0227,SUCCESS
T00001543,M0274,C1265,2026-02-08 19:39:54,9994.01,netbanking,D0731,IP0657,SUCCESS
T00001544,M0142,C1267,2026-02-24 18:47:21,1168.56,card,D0301,IP0469,SUCCESS
T00001545,M0229,C1196,2026-02-04 20:23:04,13246.38,card,D0248,IP0327,SUCCESS
T00001546,M0130,C0562,2026-03-06 23:00:59,10180.96,card,D0449,IP0010,SUCCESS
T00001547,M0069,C0001,2026-01-28 18:25:25,1443.65,UPI,D0054,IP0731,SUCCESS
T00001548,M0463,C1394,2026-02-20 20:02:03,393.67,UPI,D0443,IP0667,SUCCESS
T00001549,M0322,C1395,2026-01-16 15:03:48,1874.79,UPI,D0346,IP0247,SUCCESS
T00001550,M0366,C1190,2026-02-01 14:46:41,534.67,UPI,D0025,IP0455,SUCCESS
T00001551,M0229,C1154,2026-02-27 17:39:24,7482.08,card,D0108,IP0327,SUCCESS
T00001552,M0113,C1375,2026-02-11 12:45:26,6913.19,UPI,D0631,IP0156,SUCCESS
T00001553,M0487,C1421,2026-01-14 23:19:52,365.86,card,D0570,IP0679,SUCCESS
T00001554,M0200,C0165,2026-03-20 11:46:55,614.41,UPI,D0070,IP0742,SUCCESS
T00001555,M0401,C1243,2026-01-18 12:52:59,1346.34,UPI,D0638,IP0050,SUCCESS
T00001556,M0465,C0605,2026-02-18 23:03:26,8668.19,card,D0215,IP0194,SUCCESS
T00001557,M0303,C1279,2026-01-28 18:04:34,622.2,UPI,D0271,IP0092,SUCCESS
T00001558,M0229,C1128,2026-01-01 11:49:50,4286.39,netbanking,D0283,IP0254,SUCCESS
T00001559,M0147,C1170,2026-02-28 16:00:42,1100.97,UPI,D0661,IP0082,SUCCESS
T00001560,M0035,C1282,2026-03-29 16:55:23,1320.82,card,D0615,IP0089,SUCCESS
T00001561,M0053,C1221,2026-02-01 14:29:51,1934.58,netbanking,D0285,IP0641,SUCCESS
T00001562,M0366,C0169,2026-01-07 09:48:14,208.0,UPI,D0169,IP0585,SUCCESS
T00001563,M0474,C0232,2026-02-02 17:35:52,401.96,UPI,D0350,IP0048,SUCCESS
T00001564,M0405,C0249,2026-03-30 13:07:48,453.69,UPI,D0268,IP0456,SUCCESS
T00001565,M0176,C0743,2026-01-08 19:03:16,354.33,UPI,D0608,IP0462,SUCCESS
T00001566,M0080,C0394,2026-03-13 11:46:08,8151.63,UPI,D0383,IP0235,SUCCESS
T00001567,M0131,C0321,2026-02-21 10:44:04,13882.88,card,D0687,IP0397,SUCCESS
T00001568,M0444,C0370,2026-01-23 19:21:50,2078.99,UPI,D0611,IP0291,SUCCESS
T00001569,M0147,C0717,2026-01-03 19:54:37,2927.28,wallet,D0689,IP0245,SUCCESS
T00001570,M0303,C1323,2026-02-27 11:11:37,224.87,UPI,D0271,IP0605,SUCCESS
T00001571,M0496,C0817,2026-01-30 17:39:47,553.28,wallet,D0426,IP0034,SUCCESS
T00001572,M0500,C1144,2026-01-13 23:01:34,811.61,UPI,D0658,IP0278,SUCCESS
T00001573,M0139,C0551,2026-01-04 18:31:40,2999.24,card,D0487,IP0572,SUCCESS
T00001574,M0487,C0783,2026-02-16 19:27:21,537.43,card,D0570,IP0235,FAILED
T00001575,M0176,C1265,2026-03-10 20:52:26,859.49,card,D0700,IP0282,SUCCESS
T00001576,M0428,C1242,2026-02-05 16:51:47,6631.1,UPI,D0654,IP0668,SUCCESS
T00001577,M0142,C0906,2026-02-27 20:49:10,2195.14,card,D0130,IP0469,SUCCESS
T00001578,M0023,C0216,2026-03-19 16:55:49,701.59,netbanking,D0306,IP0086,FAILED
T00001579,M0424,C0137,2026-02-17 18:17:07,1228.0,wallet,D0463,IP0263,SUCCESS
T00001580,M0256,C0477,2026-01-08 15:11:45,12183.42,netbanking,D0541,IP0013,REFUNDED
T00001581,M0491,C0524,2026-01-22 17:28:24,557.28,card,D0153,IP0114,SUCCESS
T00001582,M0204,C0852,2026-01-14 12:49:12,1197.45,card,D0046,IP0126,SUCCESS
T00001583,M0210,C1042,2026-02-02 23:36:30,795.31,UPI,D0643,IP0111,SUCCESS
T00001584,M0308,C0640,2026-01-04 22:38:29,8613.99,card,D0532,IP0602,SUCCESS
T00001585,M0419,C0659,2026-01-17 13:00:29,8955.48,UPI,D0016,IP0208,SUCCESS
T00001586,M0013,C1018,2026-03-30 17:13:01,1313.44,card,D0095,IP0021,SUCCESS
T00001587,M0354,C1351,2026-03-07 13:09:55,9696.89,card,D0095,IP0617,SUCCESS
T00001588,M0146,C0331,2026-03-24 07:09:27,1369.36,card,D0124,IP0500,SUCCESS
T00001589,M0142,C0067,2026-01-11 15:39:57,662.75,UPI,D0301,IP0672,SUCCESS
T00001590,M0069,C1494,2026-03-04 14:55:51,638.74,card,D0702,IP0341,SUCCESS
T00001591,M0004,C0623,2026-03-21 13:40:33,708.56,card,D0432,IP0481,SUCCESS
T00001592,M0173,C1485,2026-02-07 05:07:08,1157.66,card,D0671,IP0693,SUCCESS
T00001593,M0359,C0526,2026-01-16 23:39:53,425.2,UPI,D0740,IP0112,SUCCESS
T00001594,M0241,C0738,2026-01-13 10:55:51,8107.23,netbanking,D0644,IP0469,SUCCESS
T00001595,M0084,C0254,2026-01-20 11:20:36,1411.95,card,D0253,IP0355,SUCCESS
T00001596,M0281,C0801,2026-01-29 22:24:08,2463.14,card,D0301,IP0685,SUCCESS
T00001597,M0424,C0188,2026-01-06 17:07:45,1009.57,UPI,D0463,IP0263,SUCCESS
T00001598,M0430,C0780,2026-02-27 12:43:56,3085.17,card,D0287,IP0143,SUCCESS
T00001599,M0321,C0533,2026-03-22 17:26:34,1613.14,UPI,D0505,IP0603,SUCCESS
T00001600,M0303,C1157,2026-02-05 23:05:01,962.66,card,D0271,IP0222,SUCCESS
T00001601,M0210,C0614,2026-01-29 23:23:54,990.09,UPI,D0643,IP0111,SUCCESS
T00001602,M0278,C0517,2026-03-03 18:03:51,311.71,UPI,D0298,IP0624,SUCCESS
T00001603,M0410,C1126,2026-02-09 16:36:59,1383.46,UPI,D0098,IP0720,SUCCESS
T00001604,M0246,C0146,2026-02-14 17:27:17,2670.25,card,D0313,IP0606,SUCCESS
T00001605,M0434,C1388,2026-02-06 18:21:33,1900.45,UPI,D0116,IP0488,SUCCESS
T00001606,M0339,C0524,2026-02-19 11:58:32,3613.54,UPI,D0368,IP0548,SUCCESS
T00001607,M0229,C0040,2026-02-20 18:20:48,1950.47,UPI,D0451,IP0481,SUCCESS
T00001608,M0477,C1246,2026-03-28 14:57:34,184.89,wallet,D0699,IP0259,SUCCESS
T00001609,M0452,C0787,2026-02-13 18:03:54,2219.88,card,D0171,IP0142,SUCCESS
T00001610,M0226,C0093,2026-02-20 20:25:01,833.12,netbanking,D0369,IP0186,SUCCESS
T00001611,M0402,C0741,2026-03-15 16:35:34,2654.47,card,D0639,IP0022,SUCCESS
T00001612,M0478,C0920,2026-03-29 20:20:55,3713.55,card,D0391,IP0286,SUCCESS
T00001613,M0326,C1377,2026-02-08 13:57:03,1121.93,card,D0032,IP0006,SUCCESS
T00001614,M0478,C1488,2026-02-07 17:17:07,13601.69,wallet,D0293,IP0692,SUCCESS
T00001615,M0061,C0649,2026-01-15 11:52:57,2211.85,UPI,D0552,IP0295,SUCCESS
T00001616,M0480,C0208,2026-03-27 18:56:14,226.11,UPI,D0695,IP0203,SUCCESS
T00001617,M0370,C0678,2026-02-18 15:47:02,3940.02,UPI,D0202,IP0013,SUCCESS
T00001618,M0113,C0183,2026-01-30 10:55:23,7099.17,card,D0403,IP0262,SUCCESS
T00001619,M0087,C0966,2026-03-30 18:52:10,4918.42,card,D0391,IP0163,SUCCESS
T00001620,M0398,C1231,2026-02-28 12:28:27,1833.64,netbanking,D0676,IP0187,SUCCESS
T00001621,M0147,C0391,2026-01-13 11:26:13,666.22,card,D0661,IP0082,SUCCESS
T00001622,M0015,C1382,2026-03-23 17:10:49,176.95,UPI,D0579,IP0111,SUCCESS
T00001623,M0131,C0120,2026-03-23 18:18:22,19099.98,card,D0147,IP0300,SUCCESS
T00001624,M0076,C1150,2026-02-10 15:43:00,401.86,card,D0397,IP0249,SUCCESS
T00001625,M0117,C0893,2026-01-02 22:03:47,12480.42,card,D0466,IP0280,SUCCESS
T00001626,M0297,C0873,2026-01-21 12:41:09,348.83,netbanking,D0598,IP0148,SUCCESS
T00001627,M0297,C0433,2026-02-15 17:48:48,1945.45,UPI,D0632,IP0148,SUCCESS
T00001628,M0254,C1445,2026-02-25 10:35:11,1262.14,UPI,D0465,IP0047,SUCCESS
T00001629,M0403,C0227,2026-01-21 19:24:03,2642.63,card,D0477,IP0664,SUCCESS
T00001630,M0011,C0843,2026-03-29 07:04:44,620.11,UPI,D0401,IP0175,SUCCESS
T00001631,M0453,C0752,2026-03-18 11:16:07,4747.32,card,D0550,IP0170,SUCCESS
T00001632,M0492,C0450,2026-02-24 12:55:31,6614.0,card,D0589,IP0718,SUCCESS
T00001633,M0480,C0555,2026-02-04 18:54:04,675.85,wallet,D0450,IP0418,SUCCESS
T00001634,M0154,C0598,2026-01-14 19:12:38,255.18,card,D0263,IP0678,REFUNDED
T00001635,M0450,C0386,2026-03-28 23:48:59,3398.99,wallet,D0527,IP0425,SUCCESS
T00001636,M0402,C0862,2026-03-17 11:40:36,1971.75,card,D0122,IP0022,SUCCESS
T00001637,M0276,C1053,2026-02-28 02:55:46,617.59,card,D0047,IP0724,SUCCESS
T00001638,M0491,C0985,2026-02-10 09:43:22,1197.38,netbanking,D0053,IP0435,SUCCESS
T00001639,M0142,C0070,2026-03-18 21:33:27,1072.21,UPI,D0726,IP0469,SUCCESS
T00001640,M0325,C1101,2026-03-31 14:46:37,685.68,card,D0745,IP0545,SUCCESS
T00001641,M0137,C0296,2026-03-21 13:40:32,2613.53,UPI,D0454,IP0089,SUCCESS
T00001642,M0147,C0201,2026-03-29 17:24:16,1138.06,card,D0308,IP0082,SUCCESS
T00001643,M0428,C0118,2026-03-10 19:38:54,730.32,card,D0654,IP0090,SUCCESS
T00001644,M0355,C0251,2026-01-10 20:34:26,1421.77,UPI,D0062,IP0006,SUCCESS
T00001645,M0383,C0635,2026-02-17 17:53:42,7209.02,card,D0527,IP0561,SUCCESS
T00001646,M0205,C0317,2026-03-24 13:37:37,489.38,UPI,D0740,IP0386,SUCCESS
T00001647,M0478,C1338,2026-02-05 23:31:37,4533.46,wallet,D0722,IP0692,SUCCESS
T00001648,M0256,C0220,2026-02-07 12:19:40,3183.19,card,D0118,IP0560,SUCCESS
T00001649,M0190,C1378,2026-02-24 15:00:56,995.9,UPI,D0744,IP0633,REFUNDED
T00001650,M0125,C1114,2026-02-25 21:21:39,941.75,wallet,D0558,IP0552,FAILED
T00001651,M0153,C0743,2026-03-07 15:40:53,1825.58,wallet,D0212,IP0283,SUCCESS
T00001652,M0413,C1308,2026-02-20 17:29:27,709.65,wallet,D0335,IP0632,SUCCESS
T00001653,M0195,C0572,2026-02-16 06:11:33,1800.65,UPI,D0541,IP0518,SUCCESS
T00001654,M0185,C0457,2026-03-10 14:43:30,4853.62,UPI,D0023,IP0082,SUCCESS
T00001655,M0216,C0327,2026-03-12 17:10:06,9186.8,card,D0688,IP0679,SUCCESS
T00001656,M0190,C1194,2026-01-13 15:15:19,524.58,UPI,D0057,IP0057,SUCCESS
T00001657,M0296,C0951,2026-03-07 15:46:13,1433.36,wallet,D0300,IP0471,SUCCESS
T00001658,M0488,C0854,2026-03-22 17:17:41,1851.68,card,D0036,IP0159,SUCCESS
T00001659,M0480,C0951,2026-01-21 13:34:22,412.55,netbanking,D0695,IP0295,SUCCESS
T00001660,M0478,C1258,2026-01-21 20:28:11,17935.6,UPI,D0551,IP0194,SUCCESS
T00001661,M0333,C0811,2026-03-28 15:44:03,1415.01,netbanking,D0313,IP0076,SUCCESS
T00001662,M0491,C0220,2026-02-02 16:28:26,882.62,netbanking,D0153,IP0185,SUCCESS
T00001663,M0210,C0109,2026-01-18 13:28:11,1697.44,UPI,D0061,IP0040,SUCCESS
T00001664,M0129,C0013,2026-03-08 13:39:16,1247.44,UPI,D0556,IP0094,SUCCESS
T00001665,M0466,C1308,2026-01-24 11:41:49,8985.74,card,D0390,IP0251,SUCCESS
T00001666,M0424,C0208,2026-03-16 20:26:21,936.56,UPI,D0442,IP0263,SUCCESS
T00001667,M0217,C0584,2026-03-21 15:10:26,219.79,wallet,D0123,IP0162,SUCCESS
T00001668,M0146,C1481,2026-03-23 18:26:52,3320.28,wallet,D0530,IP0346,SUCCESS
T00001669,M0210,C0983,2026-02-17 14:50:21,1729.64,wallet,D0061,IP0481,SUCCESS
T00001670,M0246,C0582,2026-01-20 12:35:08,2389.61,UPI,D0568,IP0615,SUCCESS
T00001671,M0430,C0284,2026-03-24 15:21:53,4833.57,card,D0102,IP0143,SUCCESS
T00001672,M0217,C0999,2026-01-16 11:34:38,2551.48,netbanking,D0682,IP0162,SUCCESS
T00001673,M0274,C1399,2026-01-18 23:51:12,3440.23,netbanking,D0672,IP0746,SUCCESS
T00001674,M0123,C1424,2026-02-20 22:08:00,362.52,UPI,D0215,IP0099,SUCCESS
T00001675,M0399,C1401,2026-02-10 15:35:22,377.99,UPI,D0215,IP0339,SUCCESS
T00001676,M0348,C1342,2026-02-10 18:41:43,4636.62,card,D0522,IP0081,SUCCESS
T00001677,M0113,C1347,2026-01-13 18:59:19,5273.31,card,D0296,IP0262,SUCCESS
T00001678,M0165,C1480,2026-02-22 18:10:21,184.33,UPI,D0189,IP0165,SUCCESS
T00001679,M0176,C0461,2026-02-22 15:03:13,414.81,UPI,D0576,IP0282,FAILED
T00001680,M0340,C1481,2026-03-08 14:50:37,1624.65,UPI,D0071,IP0707,SUCCESS
T00001681,M0013,C0665,2026-02-26 19:02:13,2836.32,card,D0226,IP0246,SUCCESS
T00001682,M0323,C0906,2026-01-09 12:31:46,1455.47,netbanking,D0003,IP0234,SUCCESS
T00001683,M0147,C1477,2026-03-03 11:25:36,2008.41,wallet,D0489,IP0245,SUCCESS
T00001684,M0469,C0429,2026-03-28 11:24:42,464.4,UPI,D0710,IP0027,SUCCESS
T00001685,M0424,C1353,2026-03-30 17:54:48,2237.87,netbanking,D0442,IP0125,SUCCESS
T00001686,M0303,C0476,2026-03-18 22:49:31,679.49,wallet,D0403,IP0122,SUCCESS
T00001687,M0169,C0005,2026-01-10 20:14:42,399.93,UPI,D0488,IP0443,SUCCESS
T00001688,M0152,C0906,2026-02-25 09:18:44,3322.31,UPI,D0046,IP0043,SUCCESS
T00001689,M0039,C0757,2026-01-25 16:05:02,1755.48,card,D0541,IP0501,SUCCESS
T00001690,M0216,C1227,2026-02-15 14:47:45,2629.27,netbanking,D0352,IP0001,SUCCESS
T00001691,M0113,C0891,2026-01-14 15:49:15,2099.77,wallet,D0403,IP0156,SUCCESS
T00001692,M0351,C0857,2026-03-26 21:25:20,9547.41,card,D0699,IP0631,SUCCESS
T00001693,M0444,C0775,2026-02-01 10:32:15,2526.74,UPI,D0611,IP0075,SUCCESS
T00001694,M0058,C1046,2026-01-07 14:07:34,1976.34,UPI,D0522,IP0071,SUCCESS
T00001695,M0456,C0646,2026-01-23 11:49:38,6255.37,card,D0387,IP0489,SUCCESS
T00001696,M0229,C1494,2026-01-04 13:00:49,5127.14,UPI,D0328,IP0327,SUCCESS
T00001697,M0015,C0381,2026-02-05 12:28:15,101.46,UPI,D0579,IP0288,FAILED
T00001698,M0065,C0977,2026-02-19 23:59:17,7887.2,netbanking,D0584,IP0659,SUCCESS
T00001699,M0001,C0102,2026-03-05 16:04:12,2503.47,netbanking,D0166,IP0339,SUCCESS
T00001700,M0328,C0293,2026-01-12 21:58:59,454.44,UPI,D0698,IP0648,SUCCESS
T00001701,M0159,C1493,2026-03-13 09:04:38,6400.6,card,D0004,IP0046,SUCCESS
T00001702,M0263,C1357,2026-02-26 11:55:34,662.0,card,D0168,IP0556,SUCCESS
T00001703,M0397,C0677,2026-03-22 17:52:31,757.1,card,D0653,IP0524,SUCCESS
T00001704,M0233,C0509,2026-01-15 23:05:49,1347.38,UPI,D0218,IP0530,SUCCESS
T00001705,M0129,C1121,2026-01-27 12:31:25,869.35,card,D0320,IP0372,SUCCESS
T00001706,M0431,C1303,2026-03-20 16:52:37,993.06,card,D0647,IP0088,SUCCESS
T00001707,M0133,C0941,2026-02-04 19:08:51,5319.41,UPI,D0679,IP0723,SUCCESS
T00001708,M0394,C0227,2026-02-05 15:11:34,1671.15,netbanking,D0276,IP0336,SUCCESS
T00001709,M0374,C0599,2026-03-11 12:42:35,1372.9,card,D0153,IP0455,SUCCESS
T00001710,M0423,C0405,2026-01-21 17:59:25,207.57,UPI,D0121,IP0388,SUCCESS
T00001711,M0252,C0687,2026-02-15 23:30:22,1487.93,card,D0309,IP0264,FAILED
T00001712,M0478,C1222,2026-01-26 21:20:50,3780.33,netbanking,D0293,IP0194,SUCCESS
T00001713,M0089,C0171,2026-03-18 09:19:28,6998.65,netbanking,D0449,IP0435,SUCCESS
T00001714,M0300,C1081,2026-03-22 21:17:02,13013.89,card,D0149,IP0504,SUCCESS
T00001715,M0381,C0200,2026-03-12 23:15:46,530.73,UPI,D0501,IP0207,FAILED
T00001716,M0444,C1301,2026-03-31 20:30:54,11559.61,card,D0302,IP0075,FAILED
T00001717,M0359,C0058,2026-03-05 12:56:26,551.68,UPI,D0698,IP0605,SUCCESS
T00001718,M0364,C0561,2026-01-04 06:59:11,1513.8,wallet,D0215,IP0475,SUCCESS
T00001719,M0487,C0189,2026-03-26 18:14:10,477.51,card,D0738,IP0224,REFUNDED
T00001720,M0229,C1405,2026-02-23 21:47:01,6062.53,UPI,D0451,IP0481,SUCCESS
T00001721,M0297,C1403,2026-01-28 16:03:29,1267.38,UPI,D0286,IP0509,SUCCESS
T00001722,M0366,C1141,2026-03-17 07:48:00,323.91,wallet,D0204,IP0127,SUCCESS
T00001723,M0159,C0415,2026-01-23 14:59:47,10045.17,netbanking,D0170,IP0723,SUCCESS
T00001724,M0216,C0051,2026-02-23 17:22:20,4341.22,card,D0688,IP0001,SUCCESS
T00001725,M0374,C0605,2026-02-16 10:11:29,1910.5,UPI,D0153,IP0741,SUCCESS
T00001726,M0224,C1092,2026-02-02 13:48:22,1139.79,card,D0182,IP0179,FAILED
T00001727,M0469,C1430,2026-01-21 16:45:13,1191.93,netbanking,D0710,IP0368,FAILED
T00001728,M0312,C0533,2026-03-04 13:21:54,1105.77,netbanking,D0429,IP0031,SUCCESS
T00001729,M0379,C0289,2026-01-26 03:47:01,153.15,card,D0607,IP0390,SUCCESS
T00001730,M0113,C0751,2026-03-24 09:52:12,1407.54,UPI,D0070,IP0156,FAILED
T00001731,M0487,C1376,2026-02-16 20:12:21,1021.5,UPI,D0570,IP0566,SUCCESS
T00001732,M0496,C0887,2026-01-15 14:05:30,286.37,UPI,D0742,IP0417,SUCCESS
T00001733,M0366,C1444,2026-03-06 16:49:18,346.85,card,D0218,IP0455,SUCCESS
T00001734,M0135,C1491,2026-01-08 16:02:30,7583.52,netbanking,D0662,IP0332,SUCCESS
T00001735,M0303,C0899,2026-02-20 17:09:50,221.67,UPI,D0046,IP0456,SUCCESS
T00001736,M0075,C0153,2026-03-06 18:31:21,1624.96,netbanking,D0226,IP0688,SUCCESS
T00001737,M0036,C0784,2026-01-25 21:00:10,436.44,netbanking,D0195,IP0220,SUCCESS
T00001738,M0173,C0237,2026-01-16 16:45:56,1497.92,card,D0697,IP0093,SUCCESS
T00001739,M0142,C0254,2026-03-04 19:54:12,983.98,UPI,D0130,IP0672,SUCCESS
T00001740,M0487,C0961,2026-03-18 23:08:43,878.46,UPI,D0405,IP0372,REFUNDED
T00001741,M0403,C1305,2026-03-19 13:15:47,7127.4,netbanking,D0736,IP0503,SUCCESS
T00001742,M0383,C1376,2026-01-02 10:54:37,1324.71,UPI,D0284,IP0288,SUCCESS
T00001743,M0405,C1220,2026-03-19 12:59:04,909.31,card,D0268,IP0694,SUCCESS
T00001744,M0206,C1182,2026-03-02 19:54:34,4271.36,UPI,D0062,IP0092,SUCCESS
T00001745,M0494,C1016,2026-01-05 06:16:39,730.66,UPI,D0384,IP0158,FAILED
T00001746,M0321,C0021,2026-01-26 15:27:19,1410.21,netbanking,D0505,IP0269,SUCCESS
T00001747,M0135,C0919,2026-02-15 20:40:48,3451.79,card,D0425,IP0289,SUCCESS
T00001748,M0366,C0218,2026-03-21 06:23:11,849.16,UPI,D0662,IP0545,SUCCESS
T00001749,M0303,C0554,2026-03-01 23:09:18,1326.69,UPI,D0061,IP0605,SUCCESS
T00001750,M0337,C0782,2026-02-05 15:38:29,576.58,card,D0609,IP0623,SUCCESS
T00001751,M0154,C0367,2026-01-23 20:47:09,333.66,wallet,D0725,IP0418,SUCCESS
T00001752,M0325,C0546,2026-03-26 16:19:18,1018.18,UPI,D0492,IP0400,SUCCESS
T00001753,M0054,C0879,2026-02-22 17:36:52,2452.86,netbanking,D0197,IP0430,SUCCESS
T00001754,M0424,C0405,2026-01-02 12:17:56,635.93,UPI,D0436,IP0263,SUCCESS
T00001755,M0333,C0372,2026-03-24 10:58:13,3159.18,card,D0313,IP0076,SUCCESS
T00001756,M0364,C0364,2026-02-18 06:03:24,3266.56,UPI,D0274,IP0422,SUCCESS
T00001757,M0318,C1466,2026-01-26 16:34:46,556.71,card,D0288,IP0689,SUCCESS
T00001758,M0491,C1146,2026-02-12 13:09:34,2169.77,card,D0498,IP0531,SUCCESS
T00001759,M0065,C1097,2026-01-05 21:56:15,4425.92,card,D0115,IP0218,SUCCESS
T00001760,M0263,C1443,2026-02-01 23:09:08,1264.16,card,D0151,IP0556,REFUNDED
T00001761,M0366,C0063,2026-03-21 08:45:26,779.48,UPI,D0662,IP0637,SUCCESS
T00001762,M0331,C0493,2026-01-06 15:45:26,1416.69,card,D0663,IP0145,SUCCESS
T00001763,M0390,C0414,2026-03-01 07:19:21,1944.45,card,D0495,IP0529,SUCCESS
T00001764,M0490,C0389,2026-01-04 17:22:47,1378.9,UPI,D0273,IP0567,SUCCESS
T00001765,M0276,C1422,2026-03-19 10:05:35,569.84,wallet,D0432,IP0724,SUCCESS
T00001766,M0420,C1034,2026-03-21 14:02:58,1530.16,card,D0553,IP0422,SUCCESS
T00001767,M0286,C0259,2026-03-11 05:34:58,840.11,card,D0210,IP0321,SUCCESS
T00001768,M0402,C0668,2026-01-07 08:23:44,1319.31,card,D0424,IP0568,SUCCESS
T00001769,M0286,C1370,2026-02-10 09:17:11,969.29,wallet,D0637,IP0674,SUCCESS
T00001770,M0254,C1187,2026-01-17 20:27:32,3918.71,UPI,D0592,IP0709,SUCCESS
T00001771,M0487,C0490,2026-01-03 23:54:36,1169.96,card,D0405,IP0081,FAILED
T00001772,M0372,C0368,2026-03-06 12:57:54,1787.14,card,D0501,IP0535,SUCCESS
T00001773,M0370,C1414,2026-03-01 17:34:39,1239.38,wallet,D0202,IP0013,SUCCESS
T00001774,M0293,C0557,2026-02-24 12:41:32,1040.58,UPI,D0327,IP0212,FAILED
T00001775,M0048,C0868,2026-03-30 08:52:08,477.52,UPI,D0065,IP0342,SUCCESS
T00001776,M0205,C0504,2026-01-28 14:01:19,1367.32,UPI,D0740,IP0309,SUCCESS
T00001777,M0034,C0604,2026-02-14 12:55:27,353.01,wallet,D0165,IP0655,SUCCESS
T00001778,M0402,C1304,2026-03-12 08:10:29,1337.45,card,D0685,IP0482,SUCCESS
T00001779,M0419,C1390,2026-01-29 08:03:33,1827.13,card,D0750,IP0204,SUCCESS
T00001780,M0015,C1061,2026-02-11 18:50:37,734.61,UPI,D0156,IP0410,SUCCESS
T00001781,M0286,C0607,2026-03-09 19:16:35,424.63,UPI,D0091,IP0136,SUCCESS
T00001782,M0462,C0430,2026-03-22 15:37:46,681.48,UPI,D0461,IP0480,SUCCESS
T00001783,M0076,C0734,2026-03-17 14:31:01,2480.44,UPI,D0397,IP0623,SUCCESS
T00001784,M0205,C0799,2026-02-23 16:49:37,972.0,UPI,D0048,IP0129,SUCCESS
T00001785,M0085,C0555,2026-01-21 16:07:19,3801.61,card,D0093,IP0019,SUCCESS
T00001786,M0286,C0661,2026-02-15 05:32:52,1235.15,UPI,D0053,IP0450,SUCCESS
T00001787,M0297,C0898,2026-02-27 15:12:56,3477.46,UPI,D0408,IP0425,SUCCESS
T00001788,M0221,C0506,2026-01-25 15:32:17,1245.93,card,D0255,IP0533,SUCCESS
T00001789,M0431,C0561,2026-02-16 18:51:40,1279.24,card,D0460,IP0676,SUCCESS
T00001790,M0229,C0568,2026-03-17 23:31:02,14395.16,card,D0225,IP0666,SUCCESS
T00001791,M0077,C1056,2026-02-19 16:07:05,486.94,UPI,D0578,IP0305,SUCCESS
T00001792,M0419,C1203,2026-02-07 12:23:44,2335.05,card,D0016,IP0547,FAILED
T00001793,M0136,C1472,2026-03-01 16:52:05,1332.4,UPI,D0372,IP0364,SUCCESS
T00001794,M0392,C1169,2026-03-18 15:45:46,1138.48,UPI,D0423,IP0367,SUCCESS
T00001795,M0248,C0060,2026-02-16 09:48:22,219.9,wallet,D0256,IP0395,SUCCESS
T00001796,M0142,C1420,2026-02-07 23:30:15,1692.08,UPI,D0247,IP0469,SUCCESS
T00001797,M0075,C0004,2026-01-01 09:19:51,1588.91,card,D0385,IP0692,SUCCESS
T00001798,M0425,C0857,2026-03-01 18:48:26,2990.25,card,D0262,IP0045,SUCCESS
T00001799,M0142,C1350,2026-02-21 23:22:21,1151.36,UPI,D0436,IP0672,SUCCESS
T00001800,M0491,C1243,2026-03-25 15:14:16,1180.16,UPI,D0302,IP0597,SUCCESS
T00001801,M0296,C1421,2026-03-15 15:36:32,1361.86,UPI,D0740,IP0471,SUCCESS
T00001802,M0395,C1167,2026-02-01 09:04:49,894.06,UPI,D0646,IP0450,SUCCESS
T00001803,M0308,C0038,2026-02-26 23:49:03,5089.7,card,D0563,IP0021,SUCCESS
T00001804,M0499,C1374,2026-01-02 10:06:07,4646.16,card,D0336,IP0186,SUCCESS
T00001805,M0146,C1059,2026-01-11 18:09:12,734.4,UPI,D0530,IP0676,SUCCESS
T00001806,M0221,C0726,2026-01-24 23:50:13,3421.86,UPI,D0058,IP0261,SUCCESS
T00001807,M0450,C1321,2026-03-15 19:16:45,8714.27,netbanking,D0282,IP0331,SUCCESS
T00001808,M0129,C1354,2026-03-09 19:57:40,2786.34,UPI,D0432,IP0483,SUCCESS
T00001809,M0351,C0568,2026-01-18 20:40:16,3973.96,card,D0369,IP0038,SUCCESS
T00001810,M0458,C0002,2026-01-12 14:56:50,799.16,card,D0295,IP0570,SUCCESS
T00001811,M0492,C1104,2026-03-24 12:51:31,4090.69,card,D0568,IP0532,SUCCESS
T00001812,M0420,C0673,2026-02-08 19:42:57,2219.98,card,D0737,IP0231,SUCCESS
T00001813,M0050,C0152,2026-03-09 18:16:18,846.91,UPI,D0387,IP0412,SUCCESS
T00001814,M0311,C0593,2026-02-05 23:07:34,1852.42,wallet,D0493,IP0203,SUCCESS
T00001815,M0373,C0029,2026-01-04 03:43:12,1712.73,card,D0028,IP0474,SUCCESS
T00001816,M0174,C0479,2026-02-06 14:55:09,1557.17,netbanking,D0345,IP0454,SUCCESS
T00001817,M0368,C0757,2026-01-01 18:21:25,3054.51,card,D0138,IP0570,SUCCESS
T00001818,M0470,C1081,2026-02-22 21:52:12,2756.39,UPI,D0482,IP0485,SUCCESS
T00001819,M0358,C1432,2026-03-09 23:26:31,1249.85,wallet,D0681,IP0381,SUCCESS
T00001820,M0285,C1110,2026-02-20 23:31:18,5788.43,UPI,D0260,IP0204,SUCCESS
T00001821,M0405,C0816,2026-02-23 15:46:08,669.37,UPI,D0268,IP0115,SUCCESS
T00001822,M0169,C0842,2026-02-20 09:56:24,4764.02,card,D0458,IP0665,SUCCESS
T00001823,M0366,C0155,2026-01-16 16:37:16,659.36,wallet,D0748,IP0187,SUCCESS
T00001824,M0289,C0146,2026-02-22 22:43:07,279.41,UPI,D0110,IP0579,SUCCESS
T00001825,M0337,C0405,2026-03-22 18:47:40,1059.82,UPI,D0243,IP0623,SUCCESS
T00001826,M0279,C0906,2026-03-03 22:14:17,1489.81,netbanking,D0370,IP0019,SUCCESS
T00001827,M0229,C0040,2026-02-23 23:14:27,3628.48,netbanking,D0283,IP0254,SUCCESS
T00001828,M0035,C1226,2026-03-30 23:08:45,648.55,wallet,D0300,IP0001,SUCCESS
T00001829,M0347,C1161,2026-02-19 14:26:47,398.76,UPI,D0389,IP0063,SUCCESS
T00001830,M0487,C0910,2026-01-22 21:56:16,160.83,wallet,D0367,IP0530,SUCCESS
T00001831,M0204,C0184,2026-03-22 19:33:59,6250.88,card,D0145,IP0320,SUCCESS
T00001832,M0347,C1405,2026-01-20 15:12:27,1332.85,card,D0588,IP0048,SUCCESS
T00001833,M0392,C0869,2026-02-20 20:17:25,255.61,wallet,D0656,IP0271,SUCCESS
T00001834,M0333,C0211,2026-03-14 20:09:36,5033.28,UPI,D0312,IP0376,SUCCESS
T00001835,M0462,C0906,2026-03-25 16:46:23,831.62,UPI,D0296,IP0525,SUCCESS
T00001836,M0478,C1119,2026-03-03 16:16:53,3382.3,card,D0722,IP0692,SUCCESS
T00001837,M0446,C0938,2026-02-19 18:13:49,4591.3,UPI,D0269,IP0168,SUCCESS
T00001838,M0234,C0284,2026-03-31 23:23:48,4839.95,card,D0276,IP0027,FAILED
T00001839,M0106,C0114,2026-01-25 13:05:46,4469.23,card,D0083,IP0582,SUCCESS
T00001840,M0229,C0006,2026-03-05 21:38:38,5362.04,netbanking,D0395,IP0327,SUCCESS
T00001841,M0296,C0041,2026-03-18 16:57:25,562.19,card,D0546,IP0135,SUCCESS
T00001842,M0026,C1289,2026-01-05 11:41:14,4550.75,card,D0743,IP0565,SUCCESS
T00001843,M0432,C0579,2026-03-03 18:28:16,6015.61,UPI,D0315,IP0181,SUCCESS
T00001844,M0452,C0514,2026-01-20 23:10:19,2321.52,UPI,D0165,IP0364,SUCCESS
T00001845,M0353,C0085,2026-01-07 15:58:07,361.81,UPI,D0653,IP0100,SUCCESS
T00001846,M0321,C0237,2026-02-08 14:57:39,973.95,netbanking,D0741,IP0112,SUCCESS
T00001847,M0216,C1027,2026-03-10 16:05:39,2237.36,wallet,D0568,IP0584,SUCCESS
T00001848,M0488,C0640,2026-03-23 21:08:34,3201.1,UPI,D0038,IP0522,SUCCESS
T00001849,M0248,C0951,2026-03-15 13:50:38,689.46,UPI,D0256,IP0199,SUCCESS
T00001850,M0133,C0693,2026-03-03 23:08:55,2273.07,UPI,D0679,IP0723,SUCCESS
T00001851,M0487,C0595,2026-03-26 16:57:32,1161.41,card,D0570,IP0530,SUCCESS
T00001852,M0430,C0046,2026-01-02 13:45:52,3133.96,UPI,D0541,IP0097,SUCCESS
T00001853,M0190,C0464,2026-02-18 20:58:57,634.24,wallet,D0057,IP0657,SUCCESS
T00001854,M0303,C0197,2026-03-04 18:52:25,256.47,wallet,D0655,IP0222,SUCCESS
T00001855,M0325,C1182,2026-01-03 12:00:05,3072.96,UPI,D0745,IP0516,SUCCESS
T00001856,M0449,C0925,2026-03-03 15:53:28,8236.25,card,D0655,IP0507,SUCCESS
T00001857,M0303,C0378,2026-03-08 21:06:31,1433.84,UPI,D0271,IP0456,SUCCESS
T00001858,M0231,C0625,2026-03-26 12:42:02,2469.54,netbanking,D0620,IP0400,SUCCESS
T00001859,M0328,C1470,2026-03-28 21:50:55,943.07,UPI,D0483,IP0096,SUCCESS
T00001860,M0487,C0714,2026-03-27 17:56:47,467.57,wallet,D0001,IP0708,FAILED
T00001861,M0035,C1029,2026-01-28 23:44:19,884.56,card,D0300,IP0667,REFUNDED
T00001862,M0359,C1119,2026-02-12 13:16:07,1285.04,wallet,D0059,IP0339,SUCCESS
T00001863,M0065,C0519,2026-03-15 21:38:01,5893.0,card,D0115,IP0139,SUCCESS
T00001864,M0152,C0800,2026-03-11 11:43:01,483.67,netbanking,D0043,IP0429,SUCCESS
T00001865,M0379,C1382,2026-02-11 05:00:58,214.57,UPI,D0486,IP0719,SUCCESS
T00001866,M0382,C0955,2026-03-03 05:44:02,947.8,netbanking,D0524,IP0235,SUCCESS
T00001867,M0430,C1284,2026-01-03 21:25:19,1707.85,UPI,D0427,IP0678,SUCCESS
T00001868,M0302,C0276,2026-01-04 17:04:18,473.08,UPI,D0094,IP0290,SUCCESS
T00001869,M0423,C0380,2026-01-19 04:57:04,1100.61,UPI,D0436,IP0747,SUCCESS
T00001870,M0289,C0596,2026-02-09 20:22:31,761.05,netbanking,D0688,IP0703,SUCCESS
T00001871,M0131,C0775,2026-01-29 17:11:34,7455.57,card,D0376,IP0300,SUCCESS
T00001872,M0251,C0238,2026-01-09 06:11:58,5989.67,card,D0623,IP0606,FAILED
T00001873,M0118,C0344,2026-01-30 13:07:29,9338.91,card,D0104,IP0666,SUCCESS
T00001874,M0303,C1049,2026-01-11 17:00:26,709.59,wallet,D0708,IP0456,SUCCESS
T00001875,M0290,C1214,2026-02-17 17:08:33,1347.39,wallet,D0405,IP0012,SUCCESS
T00001876,M0151,C1414,2026-03-17 10:23:35,1565.97,card,D0636,IP0562,SUCCESS
T00001877,M0277,C1232,2026-01-22 09:21:00,240.11,card,D0154,IP0154,SUCCESS
T00001878,M0333,C1360,2026-03-27 13:24:15,2921.53,card,D0313,IP0376,SUCCESS
T00001879,M0248,C1310,2026-03-09 10:54:30,186.4,UPI,D0369,IP0340,SUCCESS
T00001880,M0142,C1285,2026-03-30 16:30:42,277.88,UPI,D0247,IP0469,REFUNDED
T00001881,M0482,C1312,2026-03-20 15:14:38,1711.17,netbanking,D0209,IP0412,SUCCESS
T00001882,M0424,C0860,2026-03-12 20:37:48,2144.61,UPI,D0471,IP0263,SUCCESS
T00001883,M0136,C0631,2026-02-04 22:22:45,849.41,wallet,D0481,IP0039,SUCCESS
T00001884,M0269,C1056,2026-01-10 12:24:29,2121.77,UPI,D0207,IP0568,SUCCESS
T00001885,M0214,C1267,2026-02-02 21:44:43,507.88,UPI,D0048,IP0405,FAILED
T00001886,M0496,C1082,2026-03-31 15:21:33,483.8,wallet,D0367,IP0679,SUCCESS
T00001887,M0390,C0144,2026-02-28 15:16:07,395.84,UPI,D0620,IP0669,SUCCESS
T00001888,M0359,C0479,2026-01-28 18:54:24,163.16,UPI,D0059,IP0261,SUCCESS
T00001889,M0113,C1413,2026-01-18 13:22:58,452.96,card,D0296,IP0262,SUCCESS
T00001890,M0127,C0093,2026-01-15 10:36:36,1937.64,card,D0641,IP0620,SUCCESS
T00001891,M0478,C1243,2026-03-01 23:13:03,3670.17,netbanking,D0391,IP0354,SUCCESS
T00001892,M0254,C1009,2026-02-24 18:05:48,1144.95,UPI,D0631,IP0539,SUCCESS
T00001893,M0011,C0135,2026-01-12 15:28:45,543.92,wallet,D0272,IP0745,SUCCESS
T00001894,M0286,C0025,2026-02-02 14:16:33,1017.27,UPI,D0053,IP0674,SUCCESS
T00001895,M0343,C1267,2026-01-28 09:39:50,723.75,netbanking,D0424,IP0051,FAILED
T00001896,M0169,C0280,2026-01-02 17:28:04,2471.67,card,D0231,IP0213,SUCCESS
T00001897,M0239,C1166,2026-01-26 17:51:06,5221.17,card,D0398,IP0633,SUCCESS
T00001898,M0163,C0597,2026-03-09 20:43:13,2772.5,UPI,D0159,IP0325,SUCCESS
T00001899,M0249,C0155,2026-02-16 12:34:41,121.79,UPI,D0686,IP0653,SUCCESS
T00001900,M0491,C0651,2026-03-20 10:27:28,2175.88,card,D0048,IP0185,SUCCESS
T00001901,M0259,C0191,2026-01-30 10:19:10,314.88,card,D0684,IP0644,SUCCESS
T00001902,M0424,C0080,2026-02-17 07:38:02,1569.95,card,D0436,IP0263,SUCCESS
T00001903,M0098,C0121,2026-03-31 17:21:57,446.64,UPI,D0494,IP0632,SUCCESS
T00001904,M0415,C0030,2026-01-29 18:46:18,573.96,UPI,D0741,IP0309,SUCCESS
T00001905,M0289,C0133,2026-03-20 18:41:30,363.94,card,D0688,IP0390,SUCCESS
T00001906,M0210,C1418,2026-01-14 21:34:02,289.42,card,D0250,IP0111,SUCCESS
T00001907,M0318,C1040,2026-01-02 07:09:07,1641.35,card,D0261,IP0088,SUCCESS
T00001908,M0203,C0510,2026-01-15 17:15:11,662.45,UPI,D0006,IP0283,SUCCESS
T00001909,M0424,C0756,2026-03-11 09:54:12,563.56,UPI,D0447,IP0263,SUCCESS
T00001910,M0413,C1252,2026-03-07 11:55:40,460.11,UPI,D0159,IP0741,SUCCESS
T00001911,M0142,C0029,2026-03-07 23:29:35,831.54,card,D0475,IP0469,SUCCESS
T00001912,M0246,C0731,2026-03-02 12:36:12,3227.56,card,D0313,IP0606,SUCCESS
T00001913,M0104,C0413,2026-03-21 18:33:03,1259.82,UPI,D0728,IP0320,SUCCESS
T00001914,M0003,C1009,2026-02-07 16:22:28,1897.99,card,D0373,IP0164,SUCCESS
T00001915,M0169,C0710,2026-03-18 10:54:20,4436.14,UPI,D0642,IP0570,SUCCESS
T00001916,M0304,C0592,2026-03-26 19:57:26,1370.65,UPI,D0201,IP0595,SUCCESS
T00001917,M0405,C1164,2026-01-02 23:52:07,2462.71,card,D0291,IP0734,SUCCESS
T00001918,M0481,C1444,2026-01-17 10:08:52,1028.37,UPI,D0059,IP0690,SUCCESS
T00001919,M0236,C0617,2026-02-15 14:06:21,1455.14,card,D0228,IP0275,SUCCESS
T00001920,M0001,C0061,2026-03-02 15:47:55,2452.38,wallet,D0166,IP0603,SUCCESS
T00001921,M0359,C0696,2026-01-09 13:57:34,341.82,UPI,D0364,IP0493,SUCCESS
T00001922,M0133,C1103,2026-03-20 20:16:25,4897.08,netbanking,D0660,IP0299,SUCCESS
T00001923,M0318,C0214,2026-03-25 11:38:06,4802.18,card,D0544,IP0088,SUCCESS
T00001924,M0254,C1231,2026-01-10 16:42:44,1336.12,wallet,D0592,IP0188,FAILED
T00001925,M0165,C0239,2026-03-23 19:09:55,397.12,UPI,D0189,IP0165,SUCCESS
T00001926,M0170,C0023,2026-03-18 15:46:15,901.36,UPI,D0663,IP0048,SUCCESS
T00001927,M0203,C0528,2026-03-30 14:12:32,357.3,UPI,D0173,IP0489,FAILED
T00001928,M0118,C0376,2026-02-06 18:02:03,4025.12,UPI,D0104,IP0214,SUCCESS
T00001929,M0381,C0393,2026-02-04 17:58:43,743.17,UPI,D0731,IP0207,SUCCESS
T00001930,M0224,C0975,2026-01-23 09:24:51,1165.81,wallet,D0182,IP0390,SUCCESS
T00001931,M0386,C0676,2026-01-07 13:02:00,821.81,UPI,D0645,IP0659,SUCCESS
T00001932,M0321,C0401,2026-03-06 09:22:03,4665.99,netbanking,D0655,IP0603,SUCCESS
T00001933,M0142,C1185,2026-02-13 19:43:51,580.47,netbanking,D0301,IP0386,SUCCESS
T00001934,M0185,C1133,2026-02-19 19:20:11,1306.02,wallet,D0397,IP0082,SUCCESS
T00001935,M0478,C1221,2026-01-30 19:50:37,11735.37,card,D0391,IP0194,SUCCESS
T00001936,M0235,C1358,2026-02-17 08:04:00,2606.91,UPI,D0703,IP0039,REFUNDED
T00001937,M0080,C0664,2026-02-13 14:03:22,4049.19,netbanking,D0341,IP0544,SUCCESS
T00001938,M0357,C1429,2026-03-07 06:29:53,3696.09,card,D0273,IP0349,SUCCESS
T00001939,M0203,C1088,2026-02-20 23:26:55,203.91,UPI,D0042,IP0283,SUCCESS
T00001940,M0263,C1138,2026-02-19 17:05:03,7374.49,card,D0605,IP0556,SUCCESS
T00001941,M0133,C0914,2026-02-28 23:00:00,3241.14,netbanking,D0671,IP0299,SUCCESS
T00001942,M0008,C1384,2026-01-27 17:34:34,5265.06,netbanking,D0587,IP0334,SUCCESS
T00001943,M0325,C1473,2026-02-26 14:43:26,3242.26,netbanking,D0492,IP0547,SUCCESS
T00001944,M0247,C1479,2026-02-14 16:09:02,4045.27,UPI,D0449,IP0360,SUCCESS
T00001945,M0229,C1261,2026-01-16 18:01:20,4252.06,UPI,D0225,IP0327,SUCCESS
T00001946,M0478,C1096,2026-03-07 22:29:28,30128.89,netbanking,D0007,IP0101,SUCCESS
T00001947,M0150,C1337,2026-03-26 11:49:30,351.98,UPI,D0037,IP0734,SUCCESS
T00001948,M0325,C1085,2026-02-10 14:59:03,500.84,UPI,D0361,IP0035,SUCCESS
T00001949,M0425,C0287,2026-01-26 21:50:39,1094.99,netbanking,D0255,IP0481,SUCCESS
T00001950,M0256,C1382,2026-01-16 19:56:49,2542.16,UPI,D0305,IP0560,SUCCESS
T00001951,M0403,C0304,2026-03-19 17:28:58,2700.02,UPI,D0399,IP0123,SUCCESS
T00001952,M0303,C0411,2026-03-04 12:41:54,336.84,UPI,D0403,IP0591,SUCCESS
T00001953,M0203,C0387,2026-01-13 22:58:53,1083.96,netbanking,D0725,IP0076,SUCCESS
T00001954,M0467,C0192,2026-02-26 14:16:26,2095.11,card,D0004,IP0033,SUCCESS
T00001955,M0214,C0762,2026-01-12 11:58:30,2055.27,UPI,D0048,IP0405,SUCCESS
T00001956,M0258,C0297,2026-01-02 18:22:32,1710.42,UPI,D0275,IP0460,SUCCESS
T00001957,M0359,C0018,2026-03-30 23:13:30,12815.27,card,D0740,IP0242,SUCCESS
T00001958,M0328,C1212,2026-01-24 16:54:20,965.55,UPI,D0446,IP0138,SUCCESS
T00001959,M0289,C0146,2026-02-07 19:23:20,1350.32,card,D0137,IP0123,REFUNDED
T00001960,M0376,C1465,2026-03-05 20:37:57,1213.94,card,D0002,IP0295,SUCCESS
T00001961,M0378,C1477,2026-01-09 07:59:33,605.12,UPI,D0484,IP0488,FAILED
T00001962,M0297,C1199,2026-02-26 09:03:21,787.77,UPI,D0182,IP0425,SUCCESS
T00001963,M0289,C1319,2026-03-22 17:45:57,549.95,netbanking,D0093,IP0611,SUCCESS
T00001964,M0113,C1013,2026-02-22 16:39:33,398.62,netbanking,D0296,IP0156,SUCCESS
T00001965,M0382,C0095,2026-02-09 04:43:09,1121.16,netbanking,D0524,IP0230,FAILED
T00001966,M0492,C1284,2026-02-22 12:42:31,2019.17,card,D0287,IP0541,SUCCESS
T00001967,M0169,C1009,2026-03-08 15:30:03,1912.14,UPI,D0642,IP0570,SUCCESS
T00001968,M0130,C0752,2026-03-02 23:12:55,14381.94,netbanking,D0061,IP0422,SUCCESS
T00001969,M0480,C0660,2026-03-11 09:04:28,1046.96,UPI,D0664,IP0202,SUCCESS
T00001970,M0229,C0522,2026-02-14 23:19:16,2328.89,UPI,D0225,IP0327,SUCCESS
T00001971,M0376,C1062,2026-02-08 23:54:09,678.98,card,D0304,IP0736,SUCCESS
T00001972,M0264,C0639,2026-03-26 21:56:38,3100.85,UPI,D0308,IP0674,SUCCESS
T00001973,M0304,C1083,2026-03-27 19:18:35,516.8,wallet,D0025,IP0051,SUCCESS
T00001974,M0195,C0746,2026-03-21 16:08:07,560.68,UPI,D0116,IP0518,SUCCESS
T00001975,M0408,C1496,2026-03-29 19:24:21,783.87,netbanking,D0742,IP0336,SUCCESS
T00001976,M0289,C0547,2026-02-22 17:00:16,1774.53,UPI,D0093,IP0707,SUCCESS
T00001977,M0274,C0718,2026-02-21 23:27:37,3108.23,card,D0672,IP0657,SUCCESS
T00001978,M0304,C1157,2026-01-06 23:48:15,1127.13,UPI,D0201,IP0139,SUCCESS
T00001979,M0479,C0739,2026-02-09 19:10:28,10723.23,wallet,D0087,IP0265,SUCCESS
T00001980,M0424,C0153,2026-01-24 14:24:59,4691.42,netbanking,D0436,IP0263,SUCCESS
T00001981,M0040,C1030,2026-02-27 13:57:02,3771.97,UPI,D0263,IP0510,SUCCESS
T00001982,M0206,C0990,2026-03-23 07:03:37,3752.97,card,D0098,IP0528,SUCCESS
T00001983,M0113,C0107,2026-01-21 11:18:06,981.62,UPI,D0296,IP0107,FAILED
T00001984,M0470,C0032,2026-03-03 19:30:53,4086.66,wallet,D0109,IP0211,FAILED
T00001985,M0147,C0495,2026-02-28 21:38:46,634.67,card,D0231,IP0245,SUCCESS
T00001986,M0405,C0249,2026-02-03 18:58:31,1440.41,netbanking,D0164,IP0734,SUCCESS
T00001987,M0340,C0641,2026-03-02 21:58:52,3360.85,UPI,D0196,IP0474,REFUNDED
T00001988,M0405,C0249,2026-01-23 16:59:38,1888.49,UPI,D0268,IP0456,SUCCESS
T00001989,M0366,C0063,2026-01-18 05:41:25,512.89,UPI,D0748,IP0127,SUCCESS
T00001990,M0167,C0015,2026-03-02 21:24:47,691.94,UPI,D0449,IP0415,FAILED
T00001991,M0286,C0761,2026-01-14 07:56:51,1330.9,UPI,D0733,IP0572,SUCCESS
T00001992,M0118,C0550,2026-03-04 16:16:33,2640.62,UPI,D0164,IP0417,SUCCESS
T00001993,M0142,C1470,2026-02-21 23:20:16,2004.23,UPI,D0247,IP0672,SUCCESS
T00001994,M0092,C0459,2026-02-21 05:37:02,1137.68,card,D0212,IP0476,SUCCESS
T00001995,M0448,C1457,2026-01-20 23:24:29,3777.39,UPI,D0721,IP0003,FAILED
T00001996,M0166,C0057,2026-02-05 13:18:58,304.41,UPI,D0462,IP0743,SUCCESS
T00001997,M0101,C1247,2026-03-20 17:12:38,1358.14,wallet,D0645,IP0090,SUCCESS
T00001998,M0146,C1097,2026-02-15 14:14:51,1048.92,netbanking,D0530,IP0524,SUCCESS
T00001999,M0152,C1475,2026-03-04 17:22:16,2311.37,netbanking,D0043,IP0366,SUCCESS
T00002000,M0093,C0147,2026-01-10 16:32:35,1114.0,wallet,D0403,IP0302,SUCCESS
T00002001,M0379,C0324,2026-01-20 05:37:36,312.78,UPI,D0523,IP0439,REFUNDED
T00002002,M0365,C0493,2026-02-27 11:29:29,191.47,UPI,D0043,IP0228,SUCCESS
T00002003,M0327,C0566,2026-02-19 10:48:07,4778.56,card,D0434,IP0692,SUCCESS
T00002004,M0444,C0249,2026-03-17 15:46:21,1625.69,card,D0611,IP0296,SUCCESS
T00002005,M0035,C0033,2026-01-12 22:01:14,749.11,card,D0676,IP0089,SUCCESS
T00002006,M0335,C0285,2026-02-27 16:39:14,1482.78,UPI,D0424,IP0676,SUCCESS
T00002007,M0326,C1377,2026-01-06 19:43:13,846.66,card,D0032,IP0274,SUCCESS
T00002008,M0385,C1375,2026-02-15 07:10:54,472.28,UPI,D0326,IP0694,SUCCESS
T00002009,M0189,C1173,2026-01-08 19:52:58,6760.42,UPI,D0407,IP0217,SUCCESS
T00002010,M0239,C1177,2026-03-03 16:45:45,604.17,UPI,D0716,IP0335,SUCCESS
T00002011,M0199,C1149,2026-01-15 14:36:19,6731.79,wallet,D0673,IP0657,FAILED
T00002012,M0220,C1456,2026-03-09 00:52:21,168.65,card,D0719,IP0321,SUCCESS
T00002013,M0356,C1012,2026-03-05 16:16:00,1334.28,card,D0266,IP0071,SUCCESS
T00002014,M0147,C0465,2026-01-19 14:01:28,1821.76,UPI,D0661,IP0082,SUCCESS
T00002015,M0444,C0249,2026-03-21 21:59:35,2285.0,card,D0653,IP0078,SUCCESS
T00002016,M0495,C0139,2026-01-26 16:00:59,3848.86,card,D0149,IP0727,SUCCESS
T00002017,M0239,C0214,2026-03-10 16:53:41,1187.77,card,D0398,IP0250,SUCCESS
T00002018,M0492,C0055,2026-03-31 12:59:28,3899.18,card,D0602,IP0750,SUCCESS
T00002019,M0274,C0920,2026-02-08 23:00:01,13714.98,UPI,D0394,IP0431,SUCCESS
T00002020,M0013,C0931,2026-03-20 20:14:14,3596.94,card,D0682,IP0416,SUCCESS
T00002021,M0465,C1028,2026-01-20 19:12:46,5373.54,card,D0394,IP0194,SUCCESS
T00002022,M0197,C0449,2026-02-23 15:50:48,1744.36,wallet,D0323,IP0735,SUCCESS
T00002023,M0041,C0292,2026-03-17 13:33:22,853.43,UPI,D0296,IP0526,SUCCESS
T00002024,M0123,C0817,2026-02-16 22:29:03,3408.48,wallet,D0204,IP0295,SUCCESS
T00002025,M0393,C0472,2026-01-03 23:31:17,13968.22,wallet,D0195,IP0495,SUCCESS
T00002026,M0142,C1235,2026-02-22 12:31:35,1699.4,wallet,D0247,IP0469,SUCCESS
T00002027,M0400,C0102,2026-02-06 21:57:09,1737.51,UPI,D0647,IP0198,SUCCESS
T00002028,M0428,C0763,2026-02-12 16:35:43,698.41,UPI,D0621,IP0257,SUCCESS
T00002029,M0470,C0181,2026-03-01 23:15:32,299.28,UPI,D0244,IP0485,SUCCESS
T00002030,M0466,C1078,2026-03-21 04:19:45,3242.41,card,D0390,IP0726,SUCCESS
T00002031,M0121,C0339,2026-02-23 23:06:10,13808.93,card,D0399,IP0478,FAILED
T00002032,M0303,C0116,2026-02-18 21:56:02,715.08,UPI,D0660,IP0227,SUCCESS
T00002033,M0450,C0322,2026-02-27 13:12:27,23153.04,card,D0527,IP0734,SUCCESS
T00002034,M0146,C0888,2026-01-17 21:02:03,1654.98,wallet,D0530,IP0676,SUCCESS
T00002035,M0500,C1067,2026-01-24 23:58:20,475.79,netbanking,D0675,IP0532,SUCCESS
T00002036,M0401,C0880,2026-02-07 17:41:59,835.97,wallet,D0649,IP0016,SUCCESS
T00002037,M0478,C0624,2026-01-02 21:12:17,3197.27,card,D0551,IP0101,SUCCESS
T00002038,M0176,C0317,2026-03-16 13:26:40,255.71,card,D0678,IP0037,SUCCESS
T00002039,M0131,C0093,2026-03-02 12:32:36,7568.24,card,D0337,IP0300,SUCCESS
T00002040,M0480,C0805,2026-02-21 09:37:22,448.39,card,D0695,IP0286,SUCCESS
T00002041,M0165,C0114,2026-01-24 23:19:38,233.22,netbanking,D0587,IP0377,SUCCESS
T00002042,M0465,C0582,2026-03-18 23:07:45,3114.45,card,D0634,IP0684,SUCCESS
T00002043,M0117,C1254,2026-03-26 13:56:12,8173.29,netbanking,D0114,IP0291,FAILED
T00002044,M0205,C0071,2026-03-30 16:39:25,656.14,netbanking,D0526,IP0686,FAILED
T00002045,M0351,C0216,2026-02-08 23:37:24,3147.35,card,D0696,IP0124,SUCCESS
T00002046,M0470,C1292,2026-02-20 22:48:39,1003.66,UPI,D0183,IP0211,SUCCESS
T00002047,M0260,C1234,2026-01-17 20:58:20,11524.69,card,D0222,IP0717,SUCCESS
T00002048,M0330,C0437,2026-03-01 17:44:05,1974.79,netbanking,D0288,IP0649,SUCCESS
T00002049,M0189,C0423,2026-01-12 13:45:39,4707.95,UPI,D0466,IP0570,SUCCESS
T00002050,M0129,C0807,2026-02-28 12:14:40,785.34,card,D0432,IP0372,SUCCESS
T00002051,M0402,C0213,2026-02-28 14:44:29,1209.64,wallet,D0261,IP0022,SUCCESS
T00002052,M0401,C0880,2026-01-18 16:49:50,735.57,UPI,D0257,IP0016,SUCCESS
T00002053,M0444,C0712,2026-02-26 18:16:58,9862.37,card,D0475,IP0075,REFUNDED
T00002054,M0113,C1378,2026-02-22 12:00:57,2030.9,UPI,D0296,IP0156,FAILED
T00002055,M0039,C0022,2026-02-03 15:21:03,1030.33,UPI,D0540,IP0562,SUCCESS
T00002056,M0347,C1459,2026-01-06 12:30:03,4212.13,UPI,D0389,IP0214,SUCCESS
T00002057,M0278,C0147,2026-03-19 16:35:09,1479.45,UPI,D0198,IP0676,SUCCESS
T00002058,M0347,C1139,2026-01-24 15:10:24,3328.09,card,D0588,IP0225,SUCCESS
T00002059,M0145,C1330,2026-03-06 20:01:35,1309.06,card,D0133,IP0362,SUCCESS
T00002060,M0425,C0496,2026-01-05 23:33:42,2850.81,card,D0483,IP0446,SUCCESS
T00002061,M0250,C1477,2026-02-22 10:22:28,203.03,wallet,D0199,IP0444,SUCCESS
T00002062,M0368,C0447,2026-02-09 09:46:34,1653.2,wallet,D0127,IP0748,SUCCESS
T00002063,M0129,C1454,2026-03-21 19:19:20,613.13,card,D0471,IP0094,SUCCESS
T00002064,M0033,C1300,2026-01-12 10:07:36,2007.95,card,D0603,IP0340,SUCCESS
T00002065,M0205,C0704,2026-03-04 20:07:09,1483.65,wallet,D0048,IP0520,SUCCESS
T00002066,M0239,C0122,2026-01-18 13:03:05,280.09,card,D0716,IP0187,SUCCESS
T00002067,M0242,C0793,2026-03-10 17:13:36,6438.3,card,D0160,IP0456,SUCCESS
T00002068,M0146,C0753,2026-02-07 11:03:34,1786.32,UPI,D0095,IP0650,SUCCESS
T00002069,M0263,C0804,2026-01-31 18:35:46,2329.19,card,D0447,IP0210,SUCCESS
T00002070,M0289,C0388,2026-02-17 18:22:46,933.83,UPI,D0688,IP0707,SUCCESS
T00002071,M0167,C0427,2026-02-19 16:35:56,1731.68,card,D0659,IP0415,SUCCESS
T00002072,M0195,C0445,2026-01-03 14:16:22,2922.16,netbanking,D0112,IP0264,SUCCESS
T00002073,M0303,C1337,2026-03-30 10:46:38,13782.03,card,D0181,IP0227,SUCCESS
T00002074,M0026,C0852,2026-02-22 14:05:17,1071.79,netbanking,D0278,IP0226,SUCCESS
T00002075,M0025,C1404,2026-01-30 12:58:08,5151.7,netbanking,D0482,IP0306,SUCCESS
T00002076,M0246,C1473,2026-01-10 12:51:38,2780.16,wallet,D0313,IP0606,SUCCESS
T00002077,M0045,C0591,2026-02-27 15:06:36,2378.63,netbanking,D0147,IP0493,SUCCESS
T00002078,M0403,C1345,2026-01-20 20:43:38,8523.24,card,D0477,IP0239,SUCCESS
T00002079,M0325,C1374,2026-03-18 16:06:07,3889.26,card,D0361,IP0311,SUCCESS
T00002080,M0015,C0596,2026-03-02 15:50:07,748.92,card,D0604,IP0273,SUCCESS
T00002081,M0192,C0990,2026-03-07 03:09:50,1168.25,UPI,D0352,IP0091,FAILED
T00002082,M0069,C0842,2026-02-26 21:24:11,2744.56,card,D0552,IP0731,SUCCESS
T00002083,M0466,C0097,2026-03-08 14:23:14,2009.62,card,D0636,IP0439,SUCCESS
T00002084,M0176,C1134,2026-01-07 16:52:31,714.47,wallet,D0376,IP0583,SUCCESS
T00002085,M0216,C0327,2026-03-19 20:11:29,12521.19,UPI,D0651,IP0679,SUCCESS
T00002086,M0411,C1424,2026-01-06 17:24:49,4267.99,card,D0350,IP0212,SUCCESS
T00002087,M0139,C0100,2026-01-30 11:38:46,5592.24,UPI,D0487,IP0106,SUCCESS
T00002088,M0134,C0301,2026-01-20 02:09:02,1406.96,UPI,D0550,IP0298,REFUNDED
T00002089,M0424,C0716,2026-01-04 14:06:56,1199.39,card,D0463,IP0263,SUCCESS
T00002090,M0297,C1104,2026-01-31 14:22:25,3768.0,UPI,D0408,IP0371,SUCCESS
T00002091,M0147,C0447,2026-03-06 15:10:00,1349.34,wallet,D0689,IP0245,SUCCESS
T00002092,M0113,C1259,2026-01-11 11:13:06,275.65,UPI,D0403,IP0635,SUCCESS
T00002093,M0416,C1129,2026-02-02 20:49:31,205.47,UPI,D0680,IP0732,SUCCESS
T00002094,M0132,C1009,2026-03-30 14:51:15,3474.63,UPI,D0618,IP0599,SUCCESS
T00002095,M0281,C0961,2026-03-07 12:54:42,589.82,card,D0301,IP0161,SUCCESS
T00002096,M0127,C1150,2026-02-06 07:56:42,850.05,UPI,D0017,IP0710,SUCCESS
T00002097,M0214,C1395,2026-02-27 17:33:22,1177.8,UPI,D0540,IP0405,SUCCESS
T00002098,M0065,C0037,2026-01-19 23:54:22,4746.99,card,D0156,IP0139,SUCCESS
T00002099,M0007,C0380,2026-01-18 13:51:37,9370.85,UPI,D0271,IP0610,SUCCESS
T00002100,M0318,C0704,2026-02-11 15:57:58,1653.21,netbanking,D0544,IP0630,SUCCESS
T00002101,M0312,C0578,2026-02-08 10:28:21,314.94,UPI,D0429,IP0319,SUCCESS
T00002102,M0126,C0148,2026-03-04 19:38:43,401.02,UPI,D0360,IP0072,SUCCESS
T00002103,M0129,C1168,2026-03-22 17:34:22,2705.16,wallet,D0256,IP0094,SUCCESS
T00002104,M0410,C1274,2026-02-13 23:21:19,2504.69,UPI,D0552,IP0471,FAILED
T00002105,M0254,C0962,2026-01-04 14:08:38,843.34,UPI,D0537,IP0709,REFUNDED
T00002106,M0333,C0531,2026-03-10 09:00:02,2205.41,card,D0386,IP0376,SUCCESS
T00002107,M0165,C0071,2026-03-04 14:04:29,241.75,card,D0182,IP0377,SUCCESS
T00002108,M0325,C1306,2026-02-13 14:35:25,739.84,card,D0745,IP0545,FAILED
T00002109,M0231,C0104,2026-03-18 14:15:09,778.44,netbanking,D0740,IP0251,SUCCESS
T00002110,M0162,C0494,2026-01-30 12:33:57,1158.03,UPI,D0588,IP0482,SUCCESS
T00002111,M0303,C0200,2026-03-08 11:09:00,297.68,card,D0271,IP0605,SUCCESS
T00002112,M0050,C0894,2026-02-24 17:30:36,778.05,UPI,D0158,IP0658,SUCCESS
T00002113,M0096,C1022,2026-01-19 20:32:51,1360.1,card,D0172,IP0173,SUCCESS
T00002114,M0249,C0028,2026-01-13 11:31:29,506.26,UPI,D0686,IP0284,SUCCESS
T00002115,M0176,C1496,2026-01-20 06:25:53,354.17,netbanking,D0576,IP0282,SUCCESS
T00002116,M0424,C0383,2026-01-09 17:51:22,762.73,card,D0442,IP0125,SUCCESS
T00002117,M0129,C0013,2026-01-24 16:42:28,192.86,wallet,D0320,IP0372,SUCCESS
T00002118,M0101,C0765,2026-02-08 08:14:15,1082.33,UPI,D0093,IP0468,SUCCESS
T00002119,M0048,C0980,2026-01-25 08:34:14,484.25,UPI,D0270,IP0176,SUCCESS
T00002120,M0424,C1395,2026-02-10 15:18:31,907.56,card,D0436,IP0263,SUCCESS
T00002121,M0444,C1062,2026-01-14 09:53:53,2294.79,card,D0687,IP0075,SUCCESS
T00002122,M0462,C1408,2026-02-11 16:04:41,1940.26,UPI,D0637,IP0480,SUCCESS
T00002123,M0452,C0798,2026-02-17 06:13:51,3676.71,wallet,D0171,IP0078,SUCCESS
T00002124,M0448,C0096,2026-01-23 23:13:36,3053.29,card,D0457,IP0307,SUCCESS
T00002125,M0487,C1082,2026-02-01 17:19:43,331.07,UPI,D0367,IP0405,SUCCESS
T00002126,M0226,C0190,2026-03-30 16:49:51,907.35,card,D0612,IP0186,SUCCESS
T00002127,M0364,C0150,2026-03-11 20:57:49,2643.25,wallet,D0274,IP0097,SUCCESS
T00002128,M0026,C1475,2026-01-19 18:06:14,5068.93,UPI,D0697,IP0128,SUCCESS
T00002129,M0444,C0876,2026-03-28 15:35:42,3170.88,card,D0653,IP0075,SUCCESS
T00002130,M0113,C0630,2026-03-28 19:32:07,398.88,netbanking,D0084,IP0262,SUCCESS
T00002131,M0370,C0756,2026-03-18 16:54:24,1747.15,UPI,D0166,IP0013,FAILED
T00002132,M0189,C1339,2026-01-27 18:07:38,976.35,netbanking,D0046,IP0323,SUCCESS
T00002133,M0326,C0207,2026-03-01 16:14:32,1279.19,card,D0419,IP0694,SUCCESS
T00002134,M0418,C1093,2026-01-11 23:13:18,2980.16,wallet,D0471,IP0223,SUCCESS
T00002135,M0289,C1386,2026-03-16 14:30:34,261.68,card,D0137,IP0445,SUCCESS
T00002136,M0482,C1110,2026-03-18 22:23:34,3515.52,UPI,D0209,IP0431,SUCCESS
T00002137,M0176,C1295,2026-02-28 19:15:18,289.27,UPI,D0576,IP0559,SUCCESS
T00002138,M0304,C1220,2026-03-17 18:50:09,441.77,UPI,D0464,IP0434,SUCCESS
T00002139,M0444,C0866,2026-01-17 14:07:27,3984.25,card,D0653,IP0075,REFUNDED
T00002140,M0303,C0116,2026-02-01 15:07:31,461.06,UPI,D0046,IP0605,SUCCESS
T00002141,M0297,C0983,2026-03-27 23:31:07,910.63,card,D0573,IP0429,SUCCESS
T00002142,M0216,C1295,2026-02-18 23:02:29,4810.88,UPI,D0651,IP0001,SUCCESS
T00002143,M0410,C0510,2026-03-10 14:25:16,248.62,UPI,D0552,IP0471,SUCCESS
T00002144,M0206,C0977,2026-01-24 12:44:11,69713.38,UPI,D0107,IP0197,SUCCESS
T00002145,M0147,C0605,2026-02-28 19:22:51,814.55,netbanking,D0489,IP0082,SUCCESS
T00002146,M0098,C0564,2026-01-20 17:21:33,1117.08,wallet,D0170,IP0408,SUCCESS
T00002147,M0241,C0584,2026-01-17 16:17:29,4836.14,UPI,D0402,IP0646,SUCCESS
T00002148,M0167,C0876,2026-02-26 19:51:49,373.22,card,D0472,IP0415,SUCCESS
T00002149,M0492,C0241,2026-02-19 17:33:33,899.9,card,D0602,IP0718,SUCCESS
T00002150,M0337,C1305,2026-02-23 20:12:22,931.37,card,D0444,IP0290,SUCCESS
T00002151,M0494,C1231,2026-03-13 11:31:37,670.27,card,D0186,IP0158,SUCCESS
T00002152,M0379,C1050,2026-02-03 10:01:43,301.88,UPI,D0486,IP0439,SUCCESS
T00002153,M0440,C0053,2026-01-28 20:19:20,6562.46,card,D0041,IP0088,SUCCESS
T00002154,M0078,C1443,2026-03-01 12:29:40,2272.23,card,D0213,IP0184,SUCCESS
T00002155,M0376,C0760,2026-03-28 18:29:50,480.63,UPI,D0110,IP0519,SUCCESS
T00002156,M0085,C0451,2026-02-22 09:53:50,876.08,UPI,D0093,IP0530,SUCCESS
T00002157,M0113,C1202,2026-01-11 10:59:55,1596.42,UPI,D0403,IP0156,SUCCESS
T00002158,M0057,C0037,2026-02-18 19:45:50,654.19,wallet,D0630,IP0071,SUCCESS
T00002159,M0347,C0741,2026-02-21 09:57:29,732.09,netbanking,D0206,IP0295,SUCCESS
T00002160,M0359,C1012,2026-03-19 20:54:08,276.65,UPI,D0059,IP0242,SUCCESS
T00002161,M0169,C1473,2026-01-11 07:30:43,2773.85,UPI,D0458,IP0665,SUCCESS
T00002162,M0457,C0639,2026-03-16 20:28:00,3094.02,netbanking,D0262,IP0078,SUCCESS
T00002163,M0478,C1370,2026-02-04 19:15:07,3782.89,card,D0551,IP0692,SUCCESS
T00002164,M0424,C0250,2026-03-03 19:37:37,1396.32,card,D0463,IP0263,SUCCESS
T00002165,M0347,C0382,2026-01-23 07:28:01,1117.01,UPI,D0711,IP0034,SUCCESS
T00002166,M0330,C1325,2026-01-24 10:43:18,2585.0,card,D0368,IP0631,SUCCESS
T00002167,M0223,C1169,2026-01-19 14:34:59,1464.21,card,D0650,IP0382,SUCCESS
T00002168,M0256,C0975,2026-03-31 13:07:05,4676.54,netbanking,D0367,IP0560,SUCCESS
T00002169,M0107,C0634,2026-01-02 17:11:13,431.47,UPI,D0250,IP0272,SUCCESS
T00002170,M0484,C0437,2026-01-27 17:29:51,215.99,netbanking,D0388,IP0168,SUCCESS
T00002171,M0327,C0859,2026-02-13 18:11:17,1461.57,netbanking,D0537,IP0692,SUCCESS
T00002172,M0214,C0776,2026-03-29 15:57:57,21663.62,card,D0338,IP0053,SUCCESS
T00002173,M0131,C0906,2026-02-22 09:25:22,8560.86,wallet,D0376,IP0646,SUCCESS
T00002174,M0229,C1397,2026-03-13 18:11:58,13585.3,card,D0742,IP0327,SUCCESS
T00002175,M0113,C0304,2026-03-23 15:31:48,1943.48,wallet,D0296,IP0635,SUCCESS
T00002176,M0420,C0491,2026-03-25 04:52:01,1530.32,card,D0015,IP0422,SUCCESS
T00002177,M0390,C0733,2026-01-09 15:05:43,2403.39,netbanking,D0209,IP0529,SUCCESS
T00002178,M0403,C1194,2026-03-29 14:53:49,9132.79,netbanking,D0244,IP0123,SUCCESS
T00002179,M0371,C1267,2026-02-14 23:14:05,12906.63,netbanking,D0121,IP0695,SUCCESS
T00002180,M0456,C0795,2026-01-01 11:57:41,4007.71,netbanking,D0654,IP0345,SUCCESS
T00002181,M0121,C0693,2026-02-21 20:07:07,4166.88,card,D0683,IP0624,SUCCESS
T00002182,M0297,C0051,2026-03-10 10:23:12,1086.2,UPI,D0041,IP0148,SUCCESS
T00002183,M0343,C0018,2026-01-10 20:45:02,4060.15,UPI,D0572,IP0071,SUCCESS
T00002184,M0491,C0651,2026-01-16 21:14:48,7879.33,UPI,D0498,IP0119,SUCCESS
T00002185,M0208,C0747,2026-01-16 20:32:09,1504.53,card,D0533,IP0543,SUCCESS
T00002186,M0165,C0345,2026-02-12 23:04:01,958.24,UPI,D0121,IP0165,SUCCESS
T00002187,M0039,C1293,2026-03-23 19:27:26,7652.44,card,D0033,IP0018,SUCCESS
T00002188,M0487,C0765,2026-02-22 19:56:44,199.94,UPI,D0249,IP0530,FAILED
T00002189,M0147,C0359,2026-02-06 17:53:51,1081.66,card,D0489,IP0245,FAILED
T00002190,M0078,C0644,2026-03-16 11:15:41,3968.76,card,D0465,IP0507,SUCCESS
T00002191,M0458,C0291,2026-01-19 20:20:30,122.24,UPI,D0118,IP0704,SUCCESS
T00002192,M0478,C1324,2026-02-23 22:13:23,4229.75,card,D0351,IP0061,SUCCESS
T00002193,M0302,C0649,2026-03-05 15:36:10,1064.51,UPI,D0726,IP0111,SUCCESS
T00002194,M0159,C0445,2026-01-06 10:34:32,3745.27,UPI,D0427,IP0622,SUCCESS
T00002195,M0286,C1322,2026-03-27 17:11:53,545.7,UPI,D0030,IP0450,SUCCESS
T00002196,M0078,C0562,2026-02-05 12:17:03,2386.04,card,D0288,IP0462,SUCCESS
T00002197,M0101,C0606,2026-03-04 10:23:00,3729.89,UPI,D0622,IP0497,SUCCESS
T00002198,M0273,C0118,2026-02-18 05:24:17,290.65,wallet,D0132,IP0097,SUCCESS
T00002199,M0435,C0651,2026-03-07 12:28:54,659.37,UPI,D0276,IP0523,SUCCESS
T00002200,M0111,C0177,2026-02-05 09:57:54,1018.52,UPI,D0686,IP0433,SUCCESS
T00002201,M0358,C0529,2026-01-06 15:00:09,10886.8,UPI,D0716,IP0152,SUCCESS
T00002202,M0195,C1335,2026-01-07 16:10:29,920.55,card,D0142,IP0114,SUCCESS
T00002203,M0037,C0158,2026-02-16 21:54:17,397.9,UPI,D0358,IP0154,SUCCESS
T00002204,M0147,C0208,2026-02-09 23:03:00,527.52,wallet,D0661,IP0245,SUCCESS
T00002205,M0050,C1107,2026-01-30 20:26:23,753.17,UPI,D0593,IP0412,SUCCESS
T00002206,M0125,C1074,2026-03-23 17:53:05,529.65,wallet,D0510,IP0149,SUCCESS
T00002207,M0174,C1437,2026-03-28 10:57:18,921.85,card,D0533,IP0714,SUCCESS
T00002208,M0118,C0089,2026-02-21 15:16:57,2426.08,card,D0672,IP0666,SUCCESS
T00002209,M0229,C0609,2026-03-26 21:19:55,3874.79,card,D0283,IP0481,SUCCESS
T00002210,M0001,C1177,2026-01-04 16:55:44,859.32,UPI,D0397,IP0339,SUCCESS
T00002211,M0015,C1100,2026-02-10 23:59:08,719.17,card,D0110,IP0351,SUCCESS
T00002212,M0405,C0274,2026-02-11 20:10:22,956.01,UPI,D0015,IP0464,SUCCESS
T00002213,M0410,C1438,2026-03-07 19:13:16,545.77,UPI,D0525,IP0189,SUCCESS
T00002214,M0216,C0768,2026-03-06 21:23:16,1285.1,UPI,D0688,IP0416,SUCCESS
T00002215,M0491,C0382,2026-01-24 15:19:14,1891.4,UPI,D0153,IP0119,SUCCESS
T00002216,M0159,C0431,2026-01-25 08:54:02,3926.92,UPI,D0109,IP0622,SUCCESS
T00002217,M0403,C1376,2026-03-22 15:56:02,2472.25,netbanking,D0736,IP0019,SUCCESS
T00002218,M0249,C1383,2026-03-05 04:38:10,611.42,UPI,D0533,IP0284,SUCCESS
T00002219,M0203,C0517,2026-02-23 19:47:01,896.59,UPI,D0548,IP0031,SUCCESS
T00002220,M0167,C0246,2026-02-22 14:08:30,2087.92,UPI,D0227,IP0415,SUCCESS
T00002221,M0142,C0993,2026-02-10 19:53:22,888.99,UPI,D0092,IP0469,SUCCESS
T00002222,M0364,C0926,2026-02-16 19:19:03,1299.3,card,D0388,IP0643,SUCCESS
T00002223,M0015,C1114,2026-02-02 23:00:54,1939.64,card,D0470,IP0111,SUCCESS
T00002224,M0466,C0336,2026-03-12 14:38:44,839.52,wallet,D0054,IP0251,SUCCESS
T00002225,M0147,C1075,2026-02-25 13:01:49,1295.8,card,D0661,IP0052,REFUNDED
T00002226,M0274,C0925,2026-01-20 19:25:01,5629.28,netbanking,D0672,IP0585,SUCCESS
T00002227,M0221,C0529,2026-02-09 14:15:44,3366.68,netbanking,D0493,IP0208,SUCCESS
T00002228,M0480,C0966,2026-02-09 04:27:49,221.97,UPI,D0695,IP0457,SUCCESS
T00002229,M0113,C0954,2026-03-20 11:45:42,2279.29,UPI,D0296,IP0635,SUCCESS
T00002230,M0210,C1082,2026-03-11 19:20:37,235.7,UPI,D0061,IP0111,SUCCESS
T00002231,M0364,C0948,2026-01-14 12:17:11,1304.91,wallet,D0273,IP0544,SUCCESS
T00002232,M0165,C1164,2026-01-26 12:05:23,555.43,UPI,D0029,IP0377,SUCCESS
T00002233,M0303,C0932,2026-02-06 21:23:49,951.43,UPI,D0552,IP0605,SUCCESS
T00002234,M0015,C1144,2026-02-09 23:06:27,985.0,UPI,D0228,IP0288,SUCCESS
T00002235,M0464,C0717,2026-01-25 15:17:55,1089.56,UPI,D0046,IP0088,SUCCESS
T00002236,M0432,C0971,2026-02-26 10:47:42,2394.64,UPI,D0676,IP0512,SUCCESS
T00002237,M0092,C0762,2026-01-16 08:26:07,6758.75,card,D0736,IP0476,SUCCESS
T00002238,M0397,C0605,2026-03-07 10:22:41,1152.91,card,D0653,IP0742,SUCCESS
T00002239,M0042,C0670,2026-03-21 18:43:17,1291.42,UPI,D0292,IP0680,FAILED
T00002240,M0477,C0419,2026-01-09 04:09:31,649.54,wallet,D0699,IP0246,SUCCESS
T00002241,M0087,C0243,2026-01-07 14:12:04,6227.82,UPI,D0301,IP0081,SUCCESS
T00002242,M0205,C0416,2026-02-27 15:21:44,2253.82,card,D0290,IP0147,SUCCESS
T00002243,M0444,C0275,2026-01-20 14:32:02,13410.28,card,D0049,IP0078,SUCCESS
T00002244,M0133,C0911,2026-01-27 17:47:49,7306.92,card,D0709,IP0486,SUCCESS
T00002245,M0478,C0710,2026-01-21 17:50:23,9029.51,card,D0722,IP0101,SUCCESS
T00002246,M0366,C0699,2026-01-09 11:11:33,665.41,UPI,D0204,IP0545,SUCCESS
T00002247,M0268,C1278,2026-03-01 18:22:28,630.91,UPI,D0059,IP0555,SUCCESS
T00002248,M0090,C0203,2026-01-15 21:59:15,667.47,UPI,D0452,IP0272,SUCCESS
T00002249,M0363,C0015,2026-01-26 16:35:28,389.98,UPI,D0704,IP0650,SUCCESS
T00002250,M0326,C1435,2026-02-01 04:20:31,1207.47,card,D0419,IP0694,SUCCESS
T00002251,M0236,C0480,2026-03-21 19:08:12,4914.44,wallet,D0048,IP0296,SUCCESS
T00002252,M0229,C0467,2026-02-06 18:26:28,8102.85,card,D0451,IP0254,SUCCESS
T00002253,M0327,C0475,2026-03-14 14:18:10,807.27,UPI,D0117,IP0692,SUCCESS
T00002254,M0229,C0380,2026-02-24 17:37:01,13003.12,wallet,D0328,IP0254,SUCCESS
T00002255,M0370,C0977,2026-01-27 09:18:13,1849.58,UPI,D0166,IP0259,SUCCESS
T00002256,M0248,C0481,2026-03-16 23:44:39,331.34,UPI,D0580,IP0361,SUCCESS
T00002257,M0490,C0760,2026-03-10 15:01:21,1788.89,card,D0521,IP0119,SUCCESS
T00002258,M0303,C1081,2026-02-28 23:50:29,322.18,card,D0403,IP0305,SUCCESS
T00002259,M0107,C0875,2026-01-08 12:14:05,410.42,UPI,D0568,IP0543,SUCCESS
T00002260,M0487,C0785,2026-01-11 17:05:46,3979.89,UPI,D0496,IP0224,SUCCESS
T00002261,M0491,C1346,2026-01-20 18:54:13,2856.1,card,D0544,IP0185,SUCCESS
T00002262,M0494,C0422,2026-01-11 14:05:02,1077.9,UPI,D0186,IP0534,SUCCESS
T00002263,M0174,C0770,2026-01-17 08:37:42,2036.14,wallet,D0650,IP0713,SUCCESS
T00002264,M0203,C0854,2026-03-06 23:29:40,206.46,UPI,D0006,IP0076,SUCCESS
T00002265,M0003,C0578,2026-01-14 08:05:21,4468.73,UPI,D0371,IP0222,SUCCESS
T00002266,M0452,C0187,2026-02-15 16:39:52,4946.95,netbanking,D0020,IP0717,SUCCESS
T00002267,M0382,C0477,2026-03-30 09:09:35,2884.92,UPI,D0637,IP0230,SUCCESS
T00002268,M0165,C1022,2026-02-05 19:29:40,724.57,card,D0029,IP0165,SUCCESS
T00002269,M0125,C0383,2026-02-18 18:31:12,737.74,card,D0266,IP0339,FAILED
T00002270,M0453,C1118,2026-02-11 09:40:13,3711.95,card,D0166,IP0334,FAILED
T00002271,M0204,C0015,2026-02-07 18:32:59,566.53,card,D0226,IP0025,SUCCESS
T00002272,M0305,C0533,2026-03-16 11:52:18,4438.83,UPI,D0670,IP0615,SUCCESS
T00002273,M0113,C0086,2026-03-31 21:06:42,1209.89,UPI,D0403,IP0156,SUCCESS
T00002274,M0119,C1109,2026-02-05 14:16:38,1316.49,card,D0036,IP0296,SUCCESS
T00002275,M0216,C0072,2026-01-10 13:59:50,2070.18,netbanking,D0295,IP0679,SUCCESS
T00002276,M0147,C0711,2026-03-01 05:26:29,2005.82,card,D0489,IP0082,SUCCESS
T00002277,M0142,C0326,2026-01-13 16:09:16,573.26,wallet,D0436,IP0469,SUCCESS
T00002278,M0229,C0165,2026-01-14 17:14:52,22793.13,card,D0471,IP0254,SUCCESS
T00002279,M0135,C0227,2026-03-10 21:08:40,9241.41,UPI,D0209,IP0332,SUCCESS
T00002280,M0480,C0049,2026-01-07 10:25:38,105.73,wallet,D0450,IP0746,SUCCESS
T00002281,M0324,C1210,2026-02-02 20:41:26,262.25,UPI,D0084,IP0735,SUCCESS
T00002282,M0026,C0294,2026-01-26 16:45:07,4646.09,card,D0697,IP0531,SUCCESS
T00002283,M0142,C1342,2026-01-20 14:14:52,926.59,card,D0208,IP0469,SUCCESS
T00002284,M0254,C1131,2026-02-07 12:33:20,1983.3,UPI,D0403,IP0709,SUCCESS
T00002285,M0244,C1319,2026-02-26 23:39:50,603.95,UPI,D0142,IP0656,SUCCESS
T00002286,M0374,C0861,2026-01-04 17:07:57,951.61,card,D0588,IP0741,SUCCESS
T00002287,M0410,C1088,2026-02-21 14:18:45,347.11,netbanking,D0547,IP0189,SUCCESS
T00002288,M0313,C1047,2026-03-17 14:07:38,3637.41,UPI,D0317,IP0084,SUCCESS
T00002289,M0205,C0935,2026-03-25 08:32:58,1300.29,UPI,D0645,IP0721,SUCCESS
T00002290,M0125,C0591,2026-03-13 07:29:31,1444.04,UPI,D0510,IP0561,SUCCESS
T00002291,M0021,C0191,2026-03-31 18:55:51,3055.37,UPI,D0266,IP0347,SUCCESS
T00002292,M0040,C0796,2026-01-24 20:13:10,1321.98,card,D0194,IP0147,SUCCESS
T00002293,M0229,C0253,2026-03-23 23:53:26,8363.33,UPI,D0451,IP0254,SUCCESS
T00002294,M0001,C0233,2026-03-02 20:07:47,2316.89,netbanking,D0573,IP0603,SUCCESS
T00002295,M0199,C1332,2026-02-10 18:55:07,1240.81,card,D0504,IP0413,SUCCESS
T00002296,M0004,C0240,2026-02-27 12:05:48,1438.89,card,D0124,IP0570,SUCCESS
T00002297,M0444,C1044,2026-02-28 09:23:02,24939.81,card,D0049,IP0075,SUCCESS
T00002298,M0136,C0806,2026-02-01 14:05:56,619.93,wallet,D0282,IP0039,SUCCESS
T00002299,M0365,C0798,2026-01-17 10:10:30,1180.58,card,D0424,IP0175,REFUNDED
T00002300,M0455,C0570,2026-02-15 13:32:47,1065.95,wallet,D0445,IP0604,SUCCESS
T00002301,M0453,C0553,2026-01-23 12:08:14,1878.77,netbanking,D0151,IP0087,FAILED
T00002302,M0424,C0723,2026-03-19 19:19:54,1993.56,card,D0108,IP0125,SUCCESS
T00002303,M0353,C0053,2026-01-14 18:46:20,411.86,netbanking,D0294,IP0504,SUCCESS
T00002304,M0142,C1048,2026-02-16 23:03:29,1120.87,wallet,D0436,IP0672,SUCCESS
T00002305,M0238,C0769,2026-03-26 15:25:19,2396.86,netbanking,D0546,IP0439,SUCCESS
T00002306,M0229,C1428,2026-01-15 23:53:13,3116.62,card,D0395,IP0327,SUCCESS
T00002307,M0327,C0659,2026-03-30 07:03:23,859.55,card,D0708,IP0061,SUCCESS
T00002308,M0217,C0723,2026-03-26 10:28:51,441.23,card,D0532,IP0605,SUCCESS
T00002309,M0075,C0177,2026-01-06 16:07:21,1068.27,UPI,D0403,IP0342,SUCCESS
T00002310,M0026,C0185,2026-03-22 07:28:10,2182.16,wallet,D0151,IP0175,SUCCESS
T00002311,M0229,C0536,2026-01-11 20:46:26,2568.29,netbanking,D0225,IP0481,SUCCESS
T00002312,M0445,C0765,2026-01-10 12:23:39,7392.33,UPI,D0255,IP0710,FAILED
T00002313,M0380,C0944,2026-02-23 21:57:14,3433.28,netbanking,D0383,IP0088,FAILED
T00002314,M0174,C1019,2026-03-18 08:59:52,969.04,wallet,D0650,IP0022,SUCCESS
T00002315,M0478,C1119,2026-02-09 16:02:42,6367.01,UPI,D0722,IP0692,SUCCESS
T00002316,M0363,C0405,2026-03-08 07:37:05,1569.17,UPI,D0282,IP0319,SUCCESS
T00002317,M0432,C0407,2026-01-13 18:20:16,3776.53,UPI,D0170,IP0398,SUCCESS
T00002318,M0425,C1223,2026-01-19 21:43:00,2880.63,netbanking,D0698,IP0274,SUCCESS
T00002319,M0347,C1464,2026-03-27 15:39:22,2739.75,UPI,D0469,IP0295,SUCCESS
T00002320,M0480,C0015,2026-03-18 23:55:46,186.28,wallet,D0695,IP0286,SUCCESS
T00002321,M0254,C1300,2026-03-16 18:55:59,291.86,wallet,D0708,IP0539,SUCCESS
T00002322,M0410,C0572,2026-02-02 12:07:52,443.65,netbanking,D0552,IP0720,SUCCESS
T00002323,M0132,C1220,2026-03-02 18:03:33,687.32,card,D0227,IP0347,SUCCESS
T00002324,M0480,C1164,2026-01-03 15:39:42,296.58,UPI,D0450,IP0311,SUCCESS
T00002325,M0398,C0064,2026-02-04 18:47:29,1374.88,UPI,D0676,IP0089,FAILED
T00002326,M0159,C0767,2026-03-11 14:21:29,2837.03,card,D0010,IP0046,SUCCESS
T00002327,M0326,C0098,2026-03-20 18:43:22,2151.66,netbanking,D0419,IP0700,FAILED
T00002328,M0015,C0400,2026-02-23 23:57:43,725.57,wallet,D0228,IP0351,SUCCESS
T00002329,M0297,C1303,2026-01-25 22:00:19,1024.67,UPI,D0573,IP0309,SUCCESS
T00002330,M0405,C0317,2026-02-10 17:58:59,2990.82,UPI,D0164,IP0367,SUCCESS
T00002331,M0210,C0750,2026-03-09 14:27:58,678.8,card,D0381,IP0111,SUCCESS
T00002332,M0401,C1229,2026-03-19 05:25:24,761.25,UPI,D0103,IP0024,SUCCESS
T00002333,M0398,C0679,2026-03-28 16:30:55,570.61,card,D0676,IP0426,SUCCESS
T00002334,M0478,C1326,2026-02-06 21:12:28,2530.4,netbanking,D0391,IP0257,SUCCESS
T00002335,M0487,C0821,2026-02-06 18:03:10,1117.76,wallet,D0738,IP0358,SUCCESS
T00002336,M0135,C0463,2026-01-16 23:57:43,6662.52,UPI,D0032,IP0289,SUCCESS
T00002337,M0188,C0330,2026-01-26 13:01:13,460.04,UPI,D0390,IP0192,SUCCESS
T00002338,M0142,C0067,2026-03-27 13:52:21,774.15,UPI,D0306,IP0469,SUCCESS
T00002339,M0217,C0934,2026-01-01 20:43:55,415.81,card,D0307,IP0162,SUCCESS
T00002340,M0024,C1451,2026-03-20 11:54:40,1655.87,netbanking,D0401,IP0347,SUCCESS
T00002341,M0274,C0159,2026-01-16 20:19:24,6405.26,netbanking,D0394,IP0657,SUCCESS
T00002342,M0452,C1145,2026-01-27 15:49:46,719.57,UPI,D0165,IP0717,SUCCESS
T00002343,M0394,C0869,2026-02-25 00:39:30,1234.08,card,D0319,IP0178,SUCCESS
T00002344,M0306,C0175,2026-02-10 15:30:48,1258.35,UPI,D0675,IP0333,SUCCESS
T00002345,M0147,C1388,2026-02-05 12:36:20,1513.99,wallet,D0661,IP0245,SUCCESS
T00002346,M0147,C0009,2026-02-03 09:57:51,3294.49,UPI,D0689,IP0082,SUCCESS
T00002347,M0065,C0007,2026-03-29 21:50:05,23071.28,netbanking,D0336,IP0209,SUCCESS
T00002348,M0065,C0400,2026-03-31 15:56:53,3094.87,card,D0516,IP0139,SUCCESS
T00002349,M0405,C1140,2026-01-24 13:55:25,3145.91,card,D0015,IP0734,SUCCESS
T00002350,M0480,C1375,2026-03-04 05:48:59,300.1,UPI,D0450,IP0469,SUCCESS
T00002351,M0440,C1443,2026-03-29 23:27:11,2398.89,UPI,D0580,IP0175,SUCCESS
T00002352,M0478,C1330,2026-01-08 23:09:49,7797.95,card,D0525,IP0692,SUCCESS
T00002353,M0065,C0809,2026-01-07 18:30:22,4287.97,UPI,D0516,IP0218,FAILED
T00002354,M0205,C1425,2026-02-10 17:26:33,1535.61,UPI,D0526,IP0309,SUCCESS
T00002355,M0144,C0767,2026-01-07 23:33:52,12746.17,UPI,D0659,IP0488,SUCCESS
T00002356,M0075,C0946,2026-03-05 17:43:58,707.09,UPI,D0370,IP0692,SUCCESS
T00002357,M0144,C0908,2026-02-17 21:44:59,12509.33,card,D0618,IP0238,SUCCESS
T00002358,M0357,C1451,2026-01-04 21:12:27,1184.86,UPI,D0148,IP0297,SUCCESS
T00002359,M0276,C0656,2026-03-26 09:22:03,533.02,UPI,D0470,IP0710,SUCCESS
T00002360,M0469,C1262,2026-03-22 16:37:41,713.14,card,D0529,IP0602,SUCCESS
T00002361,M0101,C1252,2026-02-13 14:12:20,1221.75,wallet,D0609,IP0563,SUCCESS
T00002362,M0370,C0330,2026-03-29 11:43:34,3417.15,wallet,D0648,IP0622,SUCCESS
T00002363,M0326,C1377,2026-03-23 13:02:48,6359.78,netbanking,D0419,IP0058,SUCCESS
T00002364,M0402,C0046,2026-02-12 14:47:30,1846.13,netbanking,D0424,IP0568,SUCCESS
T00002365,M0263,C0336,2026-01-24 14:39:03,668.04,wallet,D0168,IP0210,SUCCESS
T00002366,M0018,C1338,2026-02-23 15:41:18,3294.33,wallet,D0341,IP0613,SUCCESS
T00002367,M0221,C0753,2026-03-30 16:19:03,1268.63,wallet,D0548,IP0501,SUCCESS
T00002368,M0136,C0799,2026-03-08 14:45:59,477.71,wallet,D0372,IP0504,SUCCESS
T00002369,M0176,C0657,2026-03-17 20:43:58,1911.46,card,D0396,IP0462,SUCCESS
T00002370,M0142,C0398,2026-03-18 10:45:13,264.41,UPI,D0441,IP0469,SUCCESS
T00002371,M0354,C0177,2026-02-03 18:37:06,2213.38,netbanking,D0083,IP0208,FAILED
T00002372,M0477,C0607,2026-02-18 16:13:34,454.24,card,D0722,IP0147,FAILED
T00002373,M0113,C0140,2026-02-05 15:06:44,4449.7,wallet,D0700,IP0728,SUCCESS
T00002374,M0216,C0788,2026-02-02 17:41:51,1472.72,card,D0158,IP0679,SUCCESS
T00002375,M0167,C0374,2026-03-05 15:49:07,3717.59,UPI,D0659,IP0415,SUCCESS
T00002376,M0083,C1276,2026-02-21 12:59:05,2030.92,card,D0637,IP0431,SUCCESS
T00002377,M0228,C0575,2026-01-03 18:50:48,239.86,UPI,D0450,IP0299,SUCCESS
T00002378,M0419,C1103,2026-02-09 11:29:58,17617.38,card,D0551,IP0284,SUCCESS
T00002379,M0162,C1187,2026-01-08 19:58:09,9943.51,UPI,D0598,IP0527,SUCCESS
T00002380,M0149,C1183,2026-02-20 16:31:30,834.78,UPI,D0177,IP0321,SUCCESS
T00002381,M0478,C1061,2026-01-27 18:28:20,3462.97,card,D0293,IP0692,SUCCESS
T00002382,M0358,C0920,2026-01-12 16:29:32,5341.92,netbanking,D0722,IP0407,SUCCESS
T00002383,M0165,C0297,2026-03-26 12:50:24,889.91,UPI,D0189,IP0165,FAILED
T00002384,M0015,C1143,2026-01-29 20:05:31,352.45,UPI,D0110,IP0288,SUCCESS
T00002385,M0492,C1226,2026-03-09 16:57:31,3726.8,UPI,D0701,IP0532,FAILED
T00002386,M0487,C0008,2026-02-25 21:52:58,1948.1,card,D0570,IP0358,SUCCESS
T00002387,M0366,C0229,2026-02-25 09:34:40,1486.55,card,D0662,IP0421,SUCCESS
T00002388,M0093,C0147,2026-02-28 23:32:13,743.08,wallet,D0326,IP0417,SUCCESS
T00002389,M0392,C1457,2026-02-18 12:19:01,2721.59,UPI,D0656,IP0367,SUCCESS
T00002390,M0254,C0498,2026-01-02 11:45:17,2585.3,card,D0592,IP0188,SUCCESS
T00002391,M0030,C0619,2026-01-23 20:16:49,7649.22,card,D0240,IP0360,SUCCESS
T00002392,M0101,C0968,2026-02-11 18:43:06,3034.87,UPI,D0202,IP0278,SUCCESS
T00002393,M0025,C0523,2026-03-30 11:17:20,3211.56,card,D0305,IP0163,SUCCESS
T00002394,M0083,C1182,2026-03-18 11:48:58,4483.32,UPI,D0637,IP0092,SUCCESS
T00002395,M0303,C0104,2026-03-13 23:51:56,603.43,UPI,D0403,IP0605,SUCCESS
T00002396,M0401,C0761,2026-02-28 11:23:58,475.06,wallet,D0374,IP0016,FAILED
T00002397,M0489,C0417,2026-03-01 16:04:36,7106.45,UPI,D0323,IP0031,SUCCESS
T00002398,M0491,C0294,2026-01-09 14:28:39,5168.76,wallet,D0048,IP0435,FAILED
T00002399,M0424,C0147,2026-02-02 16:16:25,995.24,UPI,D0436,IP0263,SUCCESS
T00002400,M0033,C0693,2026-01-03 10:49:27,1118.13,card,D0603,IP0603,SUCCESS
T00002401,M0254,C0613,2026-03-25 15:53:50,1286.74,card,D0631,IP0660,SUCCESS
T00002402,M0033,C0845,2026-01-26 17:07:26,3425.73,card,D0049,IP0534,SUCCESS
T00002403,M0355,C1257,2026-02-02 18:23:49,203.48,wallet,D0062,IP0006,SUCCESS
T00002404,M0113,C0453,2026-03-11 23:47:33,1785.84,UPI,D0403,IP0156,SUCCESS
T00002405,M0363,C1201,2026-03-18 19:15:50,503.43,UPI,D0265,IP0319,SUCCESS
T00002406,M0147,C1033,2026-01-03 19:17:43,559.78,UPI,D0689,IP0428,SUCCESS
T00002407,M0360,C0820,2026-03-29 19:21:42,17018.13,netbanking,D0431,IP0107,SUCCESS
T00002408,M0398,C1226,2026-02-03 07:33:05,2159.31,UPI,D0250,IP0482,SUCCESS
T00002409,M0167,C0138,2026-03-07 16:52:18,612.72,UPI,D0472,IP0170,SUCCESS
T00002410,M0492,C0164,2026-02-08 13:24:07,1957.68,UPI,D0589,IP0080,SUCCESS
T00002411,M0142,C1146,2026-02-04 16:35:29,350.62,wallet,D0475,IP0483,SUCCESS
T00002412,M0075,C0118,2026-02-18 14:39:39,1733.6,UPI,D0324,IP0688,SUCCESS
T00002413,M0324,C1012,2026-01-25 10:00:14,576.13,UPI,D0084,IP0602,SUCCESS
T00002414,M0229,C0362,2026-02-25 23:25:13,15171.92,netbanking,D0451,IP0254,SUCCESS
T00002415,M0427,C1366,2026-03-09 06:03:32,8919.06,UPI,D0067,IP0119,SUCCESS
T00002416,M0290,C0273,2026-01-12 14:02:35,1054.57,card,D0718,IP0012,FAILED
T00002417,M0147,C0548,2026-01-25 19:35:37,520.31,card,D0661,IP0082,SUCCESS
T00002418,M0297,C0359,2026-01-10 08:14:51,342.36,UPI,D0182,IP0053,SUCCESS
T00002419,M0444,C1275,2026-03-30 17:03:46,4730.09,netbanking,D0611,IP0078,SUCCESS
T00002420,M0144,C1053,2026-01-28 22:04:13,53749.87,card,D0221,IP0640,SUCCESS
T00002421,M0089,C0678,2026-01-08 19:50:28,2534.76,wallet,D0558,IP0687,SUCCESS
T00002422,M0447,C1491,2026-03-01 18:48:44,1345.86,card,D0142,IP0573,SUCCESS
T00002423,M0444,C0497,2026-03-06 09:41:02,5719.6,card,D0653,IP0296,REFUNDED
T00002424,M0441,C1106,2026-01-31 15:36:40,5355.72,wallet,D0369,IP0040,SUCCESS
T00002425,M0161,C0703,2026-01-10 14:36:36,1212.71,card,D0439,IP0471,SUCCESS
T00002426,M0419,C0587,2026-02-03 12:11:48,3198.87,card,D0016,IP0208,SUCCESS
T00002427,M0147,C0538,2026-03-28 08:43:16,1290.19,card,D0689,IP0719,SUCCESS
T00002428,M0346,C0056,2026-02-19 22:51:45,5884.08,card,D0372,IP0595,SUCCESS
T00002429,M0089,C0201,2026-02-05 16:54:48,3772.61,wallet,D0179,IP0435,SUCCESS
T00002430,M0233,C1123,2026-03-07 11:37:09,1525.24,UPI,D0633,IP0713,SUCCESS
T00002431,M0468,C1204,2026-01-09 16:15:35,1046.25,card,D0251,IP0671,SUCCESS
T00002432,M0013,C0428,2026-03-02 10:44:55,2487.37,wallet,D0017,IP0246,SUCCESS
T00002433,M0113,C0605,2026-02-07 14:20:18,1861.36,card,D0296,IP0262,SUCCESS
T00002434,M0356,C1382,2026-02-01 19:38:07,1534.24,UPI,D0372,IP0422,SUCCESS
T00002435,M0418,C1190,2026-01-09 21:21:54,2507.08,netbanking,D0404,IP0112,SUCCESS
T00002436,M0248,C1282,2026-01-01 10:53:47,224.95,UPI,D0013,IP0112,SUCCESS
T00002437,M0405,C0317,2026-02-18 18:50:23,1753.62,UPI,D0287,IP0456,SUCCESS
T00002438,M0487,C0961,2026-01-31 23:44:50,484.96,UPI,D0405,IP0224,SUCCESS
T00002439,M0379,C1165,2026-02-05 14:54:28,1678.59,UPI,D0625,IP0719,SUCCESS
T00002440,M0249,C0112,2026-03-26 11:41:40,578.57,UPI,D0533,IP0284,SUCCESS
T00002441,M0352,C0458,2026-01-04 11:22:06,3078.02,card,D0444,IP0450,SUCCESS
T00002442,M0174,C1080,2026-01-14 14:22:55,2076.03,card,D0650,IP0295,SUCCESS
T00002443,M0075,C0498,2026-02-23 13:38:45,1007.92,netbanking,D0118,IP0254,SUCCESS
T00002444,M0113,C0453,2026-03-28 17:05:20,1355.7,UPI,D0296,IP0635,SUCCESS
T00002445,M0248,C0438,2026-03-07 09:11:47,153.25,card,D0623,IP0710,FAILED
T00002446,M0165,C1473,2026-02-17 17:52:37,863.22,wallet,D0643,IP0165,SUCCESS
T00002447,M0026,C0138,2026-01-08 15:29:48,9784.87,card,D0288,IP0624,SUCCESS
T00002448,M0214,C0565,2026-01-06 13:58:07,933.41,netbanking,D0440,IP0090,SUCCESS
T00002449,M0442,C0429,2026-03-20 12:44:54,225.18,UPI,D0645,IP0294,SUCCESS
T00002450,M0064,C0594,2026-01-15 19:23:32,2042.04,UPI,D0718,IP0230,SUCCESS
T00002451,M0464,C0196,2026-03-27 14:21:59,683.08,card,D0546,IP0435,SUCCESS
T00002452,M0113,C0215,2026-03-19 16:24:16,718.3,UPI,D0175,IP0635,SUCCESS
T00002453,M0258,C0332,2026-01-08 16:25:37,1046.81,wallet,D0642,IP0460,SUCCESS
T00002454,M0454,C0386,2026-02-27 19:04:18,5691.81,card,D0607,IP0203,SUCCESS
T00002455,M0057,C0822,2026-03-24 22:55:32,550.87,UPI,D0714,IP0608,REFUNDED
T00002456,M0325,C0319,2026-01-24 13:45:22,3854.42,card,D0361,IP0746,SUCCESS
T00002457,M0403,C1468,2026-01-11 20:57:43,1189.36,netbanking,D0244,IP0199,SUCCESS
T00002458,M0318,C0653,2026-03-06 13:31:20,1934.37,card,D0193,IP0420,SUCCESS
T00002459,M0024,C0681,2026-02-15 13:56:30,963.94,UPI,D0007,IP0174,SUCCESS
T00002460,M0303,C0196,2026-02-10 23:51:40,252.48,UPI,D0046,IP0605,SUCCESS
T00002461,M0113,C0560,2026-03-05 13:09:59,1311.63,UPI,D0403,IP0477,SUCCESS
T00002462,M0229,C0670,2026-02-20 16:31:40,12936.42,card,D0328,IP0254,SUCCESS
T00002463,M0142,C0254,2026-02-26 23:49:56,1057.93,UPI,D0130,IP0661,SUCCESS
T00002464,M0404,C0155,2026-03-17 19:42:54,336.54,card,D0056,IP0269,SUCCESS
T00002465,M0424,C0452,2026-02-12 11:33:29,2960.11,UPI,D0436,IP0263,SUCCESS
T00002466,M0133,C0381,2026-01-27 22:28:58,4531.39,card,D0671,IP0723,SUCCESS
T00002467,M0357,C0322,2026-01-05 14:20:10,2010.09,netbanking,D0562,IP0704,SUCCESS
T00002468,M0424,C1494,2026-01-14 12:24:46,1342.99,wallet,D0436,IP0125,SUCCESS
T00002469,M0248,C0812,2026-02-20 05:51:14,302.55,wallet,D0013,IP0199,SUCCESS
T00002470,M0471,C1276,2026-02-16 14:30:55,416.52,card,D0738,IP0507,SUCCESS
T00002471,M0141,C0474,2026-02-09 15:49:31,704.61,UPI,D0644,IP0551,SUCCESS
T00002472,M0095,C0599,2026-01-11 14:06:47,899.46,card,D0510,IP0600,REFUNDED
T00002473,M0113,C0082,2026-01-01 15:21:08,3173.59,UPI,D0296,IP0635,SUCCESS
T00002474,M0470,C0528,2026-03-21 13:00:55,1629.03,card,D0050,IP0434,SUCCESS
T00002475,M0345,C1394,2026-03-01 21:49:08,3667.34,UPI,D0450,IP0462,SUCCESS
T00002476,M0085,C0407,2026-02-19 12:43:40,289.45,netbanking,D0362,IP0709,SUCCESS
T00002477,M0217,C0999,2026-03-10 09:09:13,290.28,UPI,D0271,IP0361,SUCCESS
T00002478,M0174,C1437,2026-01-15 13:31:07,1696.97,UPI,D0650,IP0030,SUCCESS
T00002479,M0449,C0872,2026-03-03 17:41:54,795.27,card,D0438,IP0507,SUCCESS
T00002480,M0204,C1187,2026-02-15 12:28:02,1556.16,card,D0145,IP0702,REFUNDED
T00002481,M0067,C0136,2026-01-30 23:40:38,980.65,UPI,D0103,IP0118,SUCCESS
T00002482,M0008,C0194,2026-02-21 07:29:22,2058.37,wallet,D0154,IP0172,FAILED
T00002483,M0313,C1218,2026-03-09 16:47:14,4509.74,wallet,D0441,IP0554,SUCCESS
T00002484,M0113,C0957,2026-03-18 20:25:51,456.73,card,D0403,IP0262,SUCCESS
T00002485,M0494,C0717,2026-03-11 22:23:59,437.32,UPI,D0276,IP0158,REFUNDED
T00002486,M0466,C0744,2026-03-07 13:14:46,3195.79,card,D0390,IP0554,SUCCESS
T00002487,M0293,C0681,2026-01-28 15:05:38,2688.62,card,D0239,IP0635,SUCCESS
T00002488,M0380,C0016,2026-02-06 15:44:11,3110.96,netbanking,D0450,IP0251,REFUNDED
T00002489,M0129,C0910,2026-02-06 23:55:29,324.3,netbanking,D0320,IP0059,SUCCESS
T00002490,M0013,C1067,2026-03-05 17:42:06,1607.56,netbanking,D0665,IP0704,SUCCESS
T00002491,M0015,C0254,2026-03-04 23:34:31,2153.8,UPI,D0711,IP0351,SUCCESS
T00002492,M0309,C0280,2026-02-20 15:01:43,4075.36,netbanking,D0379,IP0562,SUCCESS
T00002493,M0117,C0721,2026-03-25 10:18:45,5562.19,card,D0407,IP0351,SUCCESS
T00002494,M0383,C1034,2026-01-15 17:34:57,942.99,netbanking,D0527,IP0684,SUCCESS
T00002495,M0380,C1005,2026-03-20 08:05:42,6583.94,card,D0055,IP0182,SUCCESS
T00002496,M0487,C0490,2026-03-14 11:17:37,766.73,wallet,D0367,IP0109,REFUNDED
T00002497,M0410,C0192,2026-01-19 13:55:31,1455.61,UPI,D0525,IP0471,SUCCESS
T00002498,M0306,C0606,2026-03-14 23:45:28,878.74,card,D0614,IP0426,SUCCESS
T00002499,M0203,C0976,2026-03-15 16:00:32,241.42,UPI,D0042,IP0118,SUCCESS
T00002500,M0487,C0183,2026-03-03 23:32:29,4271.33,UPI,D0367,IP0019,SUCCESS
T00002501,M0125,C0516,2026-01-01 18:22:55,2365.27,card,D0197,IP0561,SUCCESS
T00002502,M0130,C0670,2026-03-25 22:03:16,5055.3,card,D0224,IP0100,SUCCESS
T00002503,M0352,C0840,2026-03-31 08:21:50,2290.79,netbanking,D0444,IP0716,SUCCESS
T00002504,M0491,C0084,2026-03-11 05:40:00,5017.77,netbanking,D0141,IP0119,SUCCESS
T00002505,M0065,C0890,2026-01-08 19:46:46,4669.06,netbanking,D0336,IP0105,SUCCESS
T00002506,M0492,C0802,2026-03-13 12:40:52,727.7,card,D0568,IP0718,SUCCESS
T00002507,M0222,C0715,2026-03-14 21:28:02,1525.92,UPI,D0249,IP0738,SUCCESS
T00002508,M0356,C1124,2026-01-08 16:33:34,798.78,UPI,D0620,IP0071,SUCCESS
T00002509,M0371,C0039,2026-03-21 13:47:25,1298.75,UPI,D0264,IP0452,SUCCESS
T00002510,M0303,C0372,2026-01-22 14:02:00,2181.95,wallet,D0271,IP0441,REFUNDED
T00002511,M0471,C0891,2026-01-16 19:38:22,463.78,card,D0311,IP0507,SUCCESS
T00002512,M0187,C0275,2026-03-28 13:55:19,700.84,UPI,D0680,IP0342,SUCCESS
T00002513,M0401,C0427,2026-03-22 07:47:03,4146.15,UPI,D0103,IP0016,SUCCESS
T00002514,M0303,C0370,2026-01-30 14:57:28,1129.39,UPI,D0403,IP0488,SUCCESS
T00002515,M0405,C0242,2026-01-27 13:52:13,1106.11,card,D0015,IP0155,SUCCESS
T00002516,M0444,C0876,2026-02-14 13:01:03,1822.54,UPI,D0406,IP0078,SUCCESS
T00002517,M0221,C0179,2026-02-06 11:31:40,747.69,UPI,D0377,IP0034,SUCCESS
T00002518,M0007,C1416,2026-01-03 12:31:46,7452.69,netbanking,D0402,IP0100,SUCCESS
T00002519,M0412,C1419,2026-01-15 06:15:56,1202.35,card,D0599,IP0387,SUCCESS
T00002520,M0101,C0953,2026-03-05 15:46:00,807.15,netbanking,D0621,IP0047,SUCCESS
T00002521,M0165,C0937,2026-03-11 09:53:26,931.03,UPI,D0121,IP0165,SUCCESS
T00002522,M0315,C0601,2026-02-19 07:44:10,188.28,card,D0586,IP0440,SUCCESS
T00002523,M0125,C0879,2026-03-15 21:02:23,847.95,UPI,D0175,IP0561,SUCCESS
T00002524,M0442,C1489,2026-03-16 21:00:08,757.49,UPI,D0603,IP0367,SUCCESS
T00002525,M0165,C1365,2026-02-18 16:48:04,1089.73,UPI,D0189,IP0165,SUCCESS
T00002526,M0193,C1073,2026-02-07 07:28:43,1996.31,wallet,D0489,IP0051,SUCCESS
T00002527,M0391,C0962,2026-03-12 20:56:36,5681.22,card,D0262,IP0624,SUCCESS
T00002528,M0083,C0954,2026-01-25 11:29:28,1112.39,card,D0005,IP0431,SUCCESS
T00002529,M0364,C0561,2026-02-08 11:31:07,1557.28,UPI,D0278,IP0158,SUCCESS
T00002530,M0015,C0031,2026-01-16 15:30:42,157.65,wallet,D0711,IP0265,SUCCESS
T00002531,M0375,C0733,2026-01-17 12:06:13,1754.43,card,D0518,IP0147,SUCCESS
T00002532,M0224,C0870,2026-02-13 10:11:10,503.37,UPI,D0141,IP0327,SUCCESS
T00002533,M0405,C0631,2026-01-14 07:13:04,497.29,netbanking,D0164,IP0734,SUCCESS
T00002534,M0035,C0676,2026-02-15 18:28:30,660.9,netbanking,D0711,IP0482,SUCCESS
T00002535,M0469,C0518,2026-03-22 13:08:55,350.95,UPI,D0082,IP0439,SUCCESS
T00002536,M0203,C0038,2026-03-27 17:52:27,267.57,wallet,D0173,IP0222,SUCCESS
T00002537,M0217,C1032,2026-02-09 17:28:24,235.76,UPI,D0682,IP0162,SUCCESS
T00002538,M0118,C1241,2026-03-14 11:14:50,3061.32,card,D0397,IP0666,SUCCESS
T00002539,M0098,C1446,2026-03-30 12:12:08,9778.17,card,D0232,IP0378,SUCCESS
T00002540,M0035,C1187,2026-03-03 17:12:06,386.68,UPI,D0676,IP0482,SUCCESS
T00002541,M0076,C1195,2026-03-15 07:06:43,1920.29,netbanking,D0491,IP0312,SUCCESS
T00002542,M0303,C0358,2026-02-27 21:59:09,905.84,wallet,D0271,IP0222,FAILED
T00002543,M0396,C0411,2026-02-01 20:59:49,287.41,UPI,D0611,IP0067,REFUNDED
T00002544,M0075,C0686,2026-03-22 10:07:35,1325.49,card,D0615,IP0688,SUCCESS
T00002545,M0098,C0837,2026-03-11 19:01:32,1214.16,netbanking,D0232,IP0135,SUCCESS
T00002546,M0071,C0813,2026-01-31 21:40:34,1436.54,UPI,D0665,IP0330,FAILED
T00002547,M0278,C1480,2026-03-22 15:52:15,385.46,wallet,D0298,IP0518,SUCCESS
T00002548,M0142,C1368,2026-03-30 16:45:24,853.13,UPI,D0208,IP0417,SUCCESS
T00002549,M0113,C0107,2026-02-05 20:04:54,587.12,UPI,D0296,IP0262,SUCCESS
T00002550,M0234,C0913,2026-03-10 17:00:42,4368.66,UPI,D0495,IP0027,SUCCESS
T00002551,M0328,C0936,2026-01-13 23:28:15,357.77,UPI,D0446,IP0138,SUCCESS
T00002552,M0120,C1062,2026-03-14 23:11:44,8632.59,UPI,D0347,IP0370,SUCCESS
T00002553,M0410,C1421,2026-02-23 15:34:28,2067.04,UPI,D0552,IP0189,SUCCESS
T00002554,M0328,C0634,2026-03-04 16:33:56,522.93,card,D0130,IP0343,SUCCESS
T00002555,M0405,C0249,2026-01-13 08:51:32,1255.06,UPI,D0268,IP0464,SUCCESS
T00002556,M0192,C1213,2026-02-24 10:31:39,2104.18,card,D0729,IP0091,SUCCESS
T00002557,M0223,C0091,2026-01-24 18:43:00,1495.69,card,D0650,IP0382,SUCCESS
T00002558,M0490,C0431,2026-03-06 14:36:26,7404.35,UPI,D0272,IP0726,SUCCESS
T00002559,M0333,C1243,2026-01-22 13:10:45,29774.22,card,D0312,IP0286,SUCCESS
T00002560,M0113,C0517,2026-02-05 12:43:50,2893.66,card,D0296,IP0156,SUCCESS
T00002561,M0383,C1034,2026-02-14 23:52:17,14902.76,card,D0368,IP0205,SUCCESS
T00002562,M0402,C0704,2026-02-21 12:45:07,2721.46,UPI,D0740,IP0568,SUCCESS
T00002563,M0487,C0910,2026-02-20 18:36:55,476.85,UPI,D0367,IP0055,FAILED
T00002564,M0303,C1186,2026-03-29 20:50:56,2723.29,UPI,D0271,IP0605,SUCCESS
T00002565,M0327,C0653,2026-03-06 10:43:55,3722.18,netbanking,D0708,IP0456,SUCCESS
T00002566,M0174,C1037,2026-03-01 17:46:36,741.56,card,D0328,IP0282,SUCCESS
T00002567,M0303,C1245,2026-02-08 23:19:20,1604.29,UPI,D0061,IP0227,SUCCESS
T00002568,M0023,C1421,2026-01-12 08:39:04,1486.14,card,D0450,IP0086,FAILED
T00002569,M0424,C1192,2026-03-21 14:35:08,723.0,UPI,D0463,IP0125,SUCCESS
T00002570,M0379,C1483,2026-02-16 18:45:49,632.07,UPI,D0637,IP0439,REFUNDED
T00002571,M0370,C0113,2026-02-09 12:58:20,4083.3,UPI,D0235,IP0463,SUCCESS
T00002572,M0370,C1414,2026-01-08 17:10:52,3405.56,wallet,D0202,IP0622,SUCCESS
T00002573,M0140,C0694,2026-03-24 11:30:22,2162.95,UPI,D0528,IP0709,SUCCESS
T00002574,M0026,C0227,2026-03-11 15:33:32,9099.38,card,D0507,IP0531,SUCCESS
T00002575,M0297,C0184,2026-03-14 12:24:57,3204.25,UPI,D0143,IP0309,SUCCESS
T00002576,M0302,C0686,2026-01-13 11:41:21,301.11,UPI,D0608,IP0719,SUCCESS
T00002577,M0442,C1084,2026-01-27 18:06:53,907.86,wallet,D0408,IP0318,FAILED
T00002578,M0368,C1063,2026-03-31 16:19:08,2356.97,wallet,D0434,IP0570,SUCCESS
T00002579,M0191,C0251,2026-02-26 11:10:59,1740.51,card,D0740,IP0441,SUCCESS
T00002580,M0291,C1398,2026-01-09 11:57:31,1252.75,UPI,D0688,IP0277,SUCCESS
T00002581,M0297,C0234,2026-01-08 19:24:15,2134.79,UPI,D0467,IP0627,SUCCESS
T00002582,M0380,C1129,2026-03-20 09:47:06,5970.35,netbanking,D0472,IP0621,SUCCESS
T00002583,M0403,C1376,2026-03-18 23:42:32,9703.73,card,D0458,IP0562,SUCCESS
T00002584,M0343,C0366,2026-01-17 12:46:54,1262.94,card,D0572,IP0422,SUCCESS
T00002585,M0442,C1282,2026-01-29 16:59:56,582.06,card,D0645,IP0646,SUCCESS
T00002586,M0182,C0663,2026-03-01 09:13:13,1644.54,UPI,D0450,IP0321,FAILED
T00002587,M0424,C0137,2026-01-15 12:01:24,2127.52,UPI,D0189,IP0125,SUCCESS
T00002588,M0018,C0813,2026-02-15 15:42:55,2218.14,card,D0273,IP0613,SUCCESS
T00002589,M0430,C1427,2026-02-27 14:52:23,3261.73,UPI,D0441,IP0678,SUCCESS
T00002590,M0176,C0410,2026-01-18 13:47:57,873.63,card,D0281,IP0282,SUCCESS
T00002591,M0379,C0440,2026-03-14 18:14:26,184.86,card,D0486,IP0448,REFUNDED
T00002592,M0382,C1037,2026-01-16 17:32:49,5214.15,card,D0424,IP0230,SUCCESS
T00002593,M0214,C0576,2026-03-29 18:56:26,3685.66,card,D0048,IP0405,SUCCESS
T00002594,M0142,C1092,2026-01-15 16:19:52,887.19,UPI,D0008,IP0469,SUCCESS
T00002595,M0403,C0319,2026-02-16 14:56:15,5783.06,UPI,D0458,IP0705,SUCCESS
T00002596,M0176,C0572,2026-01-12 21:55:01,1291.34,UPI,D0608,IP0559,SUCCESS
T00002597,M0187,C1146,2026-01-14 11:24:47,1051.53,UPI,D0194,IP0058,FAILED
T00002598,M0358,C0286,2026-02-20 16:14:43,4803.58,UPI,D0439,IP0407,SUCCESS
T00002599,M0376,C0468,2026-01-25 14:20:17,1421.67,card,D0304,IP0207,REFUNDED
T00002600,M0003,C0200,2026-03-02 12:26:40,1004.44,UPI,D0669,IP0462,SUCCESS
T00002601,M0288,C1220,2026-03-07 06:44:55,212.92,card,D0207,IP0750,FAILED
T00002602,M0424,C0081,2026-01-30 17:27:29,2797.81,card,D0442,IP0125,SUCCESS
T00002603,M0229,C0881,2026-01-23 22:51:07,3414.84,wallet,D0248,IP0255,SUCCESS
T00002604,M0203,C1088,2026-03-29 23:15:04,761.7,UPI,D0042,IP0297,FAILED
T00002605,M0346,C0609,2026-01-15 15:15:09,3990.44,UPI,D0158,IP0130,SUCCESS
T00002606,M0129,C1192,2026-01-03 17:06:47,443.62,wallet,D0432,IP0372,SUCCESS
T00002607,M0478,C1423,2026-03-26 23:45:53,7068.83,wallet,D0391,IP0692,SUCCESS
T00002608,M0142,C1195,2026-03-27 19:27:58,965.67,UPI,D0009,IP0672,SUCCESS
T00002609,M0379,C0304,2026-01-09 09:53:17,1146.17,card,D0637,IP0195,REFUNDED
T00002610,M0367,C0678,2026-02-27 21:36:51,1697.3,card,D0016,IP0265,SUCCESS
T00002611,M0382,C0979,2026-02-24 07:21:45,2621.11,card,D0424,IP0030,SUCCESS
T00002612,M0433,C0732,2026-02-08 14:11:19,1754.63,card,D0588,IP0491,SUCCESS
T00002613,M0296,C0325,2026-03-20 20:25:36,1675.0,UPI,D0448,IP0471,SUCCESS
T00002614,M0465,C0946,2026-03-24 17:46:34,5225.35,card,D0394,IP0636,SUCCESS
T00002615,M0337,C1478,2026-02-14 19:32:22,348.53,card,D0243,IP0290,SUCCESS
T00002616,M0487,C0322,2026-01-17 22:03:24,1252.84,UPI,D0570,IP0422,SUCCESS
T00002617,M0072,C0112,2026-02-14 04:05:59,185.32,UPI,D0070,IP0574,SUCCESS
T00002618,M0434,C0715,2026-02-02 19:49:32,816.28,UPI,D0062,IP0693,SUCCESS
T00002619,M0349,C0295,2026-03-25 20:52:24,9591.67,card,D0174,IP0654,SUCCESS
T00002620,M0452,C0403,2026-03-02 13:05:32,825.47,UPI,D0135,IP0364,SUCCESS
T00002621,M0203,C1114,2026-03-25 17:01:50,695.71,UPI,D0006,IP0301,SUCCESS
T00002622,M0361,C1405,2026-03-04 15:07:52,352.79,UPI,D0598,IP0217,SUCCESS
T00002623,M0289,C1229,2026-02-05 21:46:18,304.15,UPI,D0688,IP0579,SUCCESS
T00002624,M0405,C0978,2026-01-20 10:45:46,1239.33,card,D0164,IP0464,SUCCESS
T00002625,M0364,C1108,2026-01-05 19:12:31,4928.44,UPI,D0273,IP0643,SUCCESS
T00002626,M0455,C0077,2026-02-01 12:18:28,204.3,wallet,D0113,IP0604,SUCCESS
T00002627,M0242,C0209,2026-03-18 15:14:27,3313.0,UPI,D0049,IP0201,SUCCESS
T00002628,M0321,C1100,2026-01-12 07:15:58,2960.27,UPI,D0741,IP0112,SUCCESS
T00002629,M0440,C0209,2026-03-31 20:52:08,2022.88,card,D0041,IP0133,SUCCESS
T00002630,M0303,C0254,2026-01-20 11:43:05,526.39,UPI,D0655,IP0292,SUCCESS
T00002631,M0241,C0155,2026-01-01 18:47:57,1583.06,netbanking,D0184,IP0503,FAILED
T00002632,M0263,C0407,2026-01-28 14:40:32,3233.42,card,D0447,IP0210,SUCCESS
T00002633,M0410,C0036,2026-01-16 12:16:00,3139.26,card,D0547,IP0471,SUCCESS
T00002634,M0480,C0162,2026-02-02 15:07:58,385.6,UPI,D0450,IP0286,SUCCESS
T00002635,M0132,C0945,2026-01-06 17:24:53,3904.33,UPI,D0618,IP0599,SUCCESS
T00002636,M0147,C0009,2026-01-17 13:00:38,863.64,UPI,D0016,IP0245,REFUNDED
T00002637,M0129,C0514,2026-01-28 21:32:31,482.0,UPI,D0469,IP0094,FAILED
T00002638,M0126,C1197,2026-03-10 17:56:20,954.66,UPI,D0203,IP0267,SUCCESS
T00002639,M0042,C1039,2026-01-10 14:46:45,4175.95,card,D0405,IP0270,SUCCESS
T00002640,M0420,C0681,2026-02-02 23:04:48,2309.87,card,D0418,IP0205,SUCCESS
T00002641,M0201,C1339,2026-01-02 05:01:19,17950.64,UPI,D0674,IP0177,SUCCESS
T00002642,M0239,C1114,2026-02-28 21:45:12,978.45,card,D0716,IP0459,SUCCESS
T00002643,M0444,C0382,2026-03-27 12:52:57,5323.63,card,D0653,IP0296,REFUNDED
T00002644,M0471,C0834,2026-01-01 14:38:56,541.05,UPI,D0311,IP0194,SUCCESS
T00002645,M0303,C1292,2026-02-06 16:49:22,1309.25,UPI,D0660,IP0605,SUCCESS
T00002646,M0075,C0723,2026-03-18 19:32:41,499.44,UPI,D0403,IP0200,SUCCESS
T00002647,M0256,C0599,2026-03-15 15:45:35,840.34,UPI,D0379,IP0560,SUCCESS
T00002648,M0470,C0598,2026-01-22 22:03:35,450.12,UPI,D0244,IP0635,SUCCESS
T00002649,M0464,C1050,2026-03-02 13:41:23,1831.35,card,D0648,IP0255,SUCCESS
T00002650,M0189,C1160,2026-03-15 14:28:11,3283.51,card,D0231,IP0213,SUCCESS
T00002651,M0487,C0585,2026-02-19 23:24:10,447.99,UPI,D0405,IP0358,SUCCESS
T00002652,M0189,C1339,2026-02-18 14:57:54,14033.82,netbanking,D0326,IP0202,SUCCESS
T00002653,M0424,C1406,2026-03-05 19:19:42,1544.92,wallet,D0031,IP0125,SUCCESS
T00002654,M0478,C0262,2026-02-15 14:11:07,7632.02,UPI,D0293,IP0194,SUCCESS
T00002655,M0100,C0830,2026-01-18 18:16:24,829.94,wallet,D0064,IP0599,SUCCESS
T00002656,M0169,C0274,2026-03-28 13:17:26,2006.75,wallet,D0642,IP0213,SUCCESS
T00002657,M0304,C0554,2026-03-06 16:13:53,799.83,UPI,D0378,IP0364,SUCCESS
T00002658,M0210,C0114,2026-03-09 17:34:25,710.26,card,D0061,IP0481,SUCCESS
T00002659,M0490,C0210,2026-01-03 10:33:29,551.08,wallet,D0607,IP0159,SUCCESS
T00002660,M0229,C0819,2026-01-01 23:46:34,7717.36,card,D0283,IP0327,SUCCESS
T00002661,M0431,C1463,2026-01-20 13:58:03,2631.54,UPI,D0552,IP0636,SUCCESS
T00002662,M0129,C0609,2026-03-14 12:57:23,327.43,card,D0258,IP0372,SUCCESS
T00002663,M0491,C0270,2026-01-14 18:25:01,657.12,card,D0544,IP0185,SUCCESS
T00002664,M0398,C0362,2026-01-16 16:38:36,1087.9,UPI,D0676,IP0461,SUCCESS
T00002665,M0010,C1015,2026-02-09 23:05:38,1241.2,UPI,D0304,IP0695,SUCCESS
T00002666,M0118,C1356,2026-01-01 15:57:41,408.51,UPI,D0575,IP0292,SUCCESS
T00002667,M0075,C1417,2026-02-02 10:12:11,1303.34,UPI,D0639,IP0692,SUCCESS
T00002668,M0328,C1138,2026-02-01 15:03:14,355.18,UPI,D0698,IP0399,SUCCESS
T00002669,M0430,C1419,2026-03-05 20:10:51,3265.75,netbanking,D0287,IP0143,SUCCESS
T00002670,M0410,C1126,2026-01-23 23:44:49,721.16,card,D0552,IP0720,SUCCESS
T00002671,M0319,C0578,2026-03-22 12:51:36,1502.14,netbanking,D0720,IP0299,SUCCESS
T00002672,M0343,C0359,2026-01-28 18:34:47,1756.63,UPI,D0468,IP0415,SUCCESS
T00002673,M0480,C1162,2026-03-13 08:35:46,165.51,netbanking,D0450,IP0746,SUCCESS
T00002674,M0254,C0429,2026-02-05 18:32:51,1313.96,card,D0403,IP0709,SUCCESS
T00002675,M0403,C0695,2026-02-20 16:12:13,3893.91,UPI,D0458,IP0566,SUCCESS
T00002676,M0075,C0009,2026-01-18 11:04:25,2365.86,UPI,D0464,IP0342,SUCCESS
T00002677,M0066,C1469,2026-01-03 22:24:10,213.54,UPI,D0075,IP0500,REFUNDED
T00002678,M0118,C0308,2026-01-25 18:10:47,1767.29,card,D0477,IP0666,SUCCESS
T00002679,M0487,C0554,2026-03-04 07:57:38,790.34,wallet,D0570,IP0019,SUCCESS
T00002680,M0405,C0170,2026-03-31 06:23:02,904.57,wallet,D0484,IP0351,SUCCESS
T00002681,M0470,C0113,2026-03-08 19:22:17,506.53,wallet,D0244,IP0434,SUCCESS
T00002682,M0201,C1422,2026-01-24 12:48:23,1115.34,netbanking,D0263,IP0068,REFUNDED
T00002683,M0113,C0622,2026-01-30 10:39:23,5954.1,UPI,D0296,IP0156,SUCCESS
T00002684,M0040,C1419,2026-01-29 11:01:50,2575.15,card,D0704,IP0510,SUCCESS
T00002685,M0248,C1276,2026-02-26 08:26:08,534.51,wallet,D0445,IP0407,REFUNDED
T00002686,M0487,C0595,2026-02-17 21:31:59,1351.01,wallet,D0395,IP0224,SUCCESS
T00002687,M0026,C1092,2026-02-24 15:47:24,2504.91,netbanking,D0041,IP0692,SUCCESS
T00002688,M0478,C0884,2026-01-17 22:31:09,6885.5,card,D0293,IP0101,SUCCESS
T00002689,M0163,C1133,2026-01-01 07:07:35,18294.21,UPI,D0646,IP0706,SUCCESS
T00002690,M0039,C0022,2026-02-10 19:22:26,1961.63,UPI,D0358,IP0018,SUCCESS
T00002691,M0118,C1124,2026-01-05 20:52:12,1951.33,UPI,D0164,IP0495,SUCCESS
T00002692,M0075,C0588,2026-03-04 09:08:35,129.36,card,D0301,IP0688,SUCCESS
T00002693,M0370,C1333,2026-03-23 07:21:21,1465.54,card,D0549,IP0013,SUCCESS
T00002694,M0484,C1423,2026-01-21 17:23:46,1315.21,UPI,D0388,IP0062,SUCCESS
T00002695,M0491,C0084,2026-03-04 18:35:24,1442.67,UPI,D0141,IP0435,SUCCESS
T00002696,M0050,C1288,2026-02-10 13:29:38,1703.79,wallet,D0304,IP0545,SUCCESS
T00002697,M0303,C1429,2026-01-13 20:30:52,1207.16,UPI,D0271,IP0292,SUCCESS
T00002698,M0248,C0289,2026-01-14 04:25:02,1217.08,card,D0013,IP0340,SUCCESS
T00002699,M0165,C0249,2026-02-15 20:41:32,227.49,UPI,D0029,IP0377,SUCCESS
T00002700,M0301,C1468,2026-02-28 09:47:06,9082.82,card,D0125,IP0503,SUCCESS
T00002701,M0147,C0877,2026-02-03 10:10:57,620.85,wallet,D0489,IP0082,SUCCESS
T00002702,M0146,C1097,2026-01-23 15:06:38,1037.74,UPI,D0124,IP0352,SUCCESS
T00002703,M0484,C0232,2026-01-18 23:56:18,1582.91,card,D0674,IP0362,SUCCESS
T00002704,M0403,C1212,2026-03-13 14:13:34,5007.35,card,D0477,IP0375,SUCCESS
T00002705,M0405,C0317,2026-02-12 16:05:13,1423.08,netbanking,D0015,IP0456,SUCCESS
T00002706,M0289,C0196,2026-03-28 20:51:54,491.75,UPI,D0093,IP0390,SUCCESS
T00002707,M0239,C0801,2026-03-21 17:36:32,425.28,card,D0716,IP0633,SUCCESS
T00002708,M0216,C0622,2026-02-15 19:31:14,5133.64,UPI,D0295,IP0179,SUCCESS
T00002709,M0102,C0241,2026-01-16 13:06:19,1526.0,UPI,D0607,IP0569,FAILED
T00002710,M0487,C0504,2026-03-11 12:43:47,541.12,UPI,D0600,IP0396,SUCCESS
T00002711,M0367,C0448,2026-03-07 19:03:32,747.31,netbanking,D0016,IP0343,SUCCESS
T00002712,M0289,C0770,2026-03-01 21:38:03,851.97,UPI,D0289,IP0703,SUCCESS
T00002713,M0352,C1150,2026-03-21 17:25:09,9223.45,UPI,D0179,IP0450,SUCCESS
T00002714,M0498,C0855,2026-02-19 17:55:18,2008.22,netbanking,D0655,IP0045,SUCCESS
T00002715,M0147,C0183,2026-03-19 15:34:04,573.21,card,D0689,IP0245,SUCCESS
T00002716,M0450,C0203,2026-02-17 22:38:54,6478.09,netbanking,D0473,IP0425,SUCCESS
T00002717,M0075,C0550,2026-01-07 08:54:57,2230.38,UPI,D0353,IP0692,SUCCESS
T00002718,M0003,C0145,2026-01-12 20:27:49,7124.91,UPI,D0042,IP0034,SUCCESS
T00002719,M0470,C0595,2026-01-12 22:10:18,688.21,wallet,D0718,IP0635,SUCCESS
T00002720,M0068,C0015,2026-03-12 14:06:18,913.52,UPI,D0369,IP0265,SUCCESS
T00002721,M0373,C0494,2026-02-04 04:16:07,111.82,UPI,D0028,IP0283,SUCCESS
T00002722,M0273,C0537,2026-01-08 15:08:38,673.54,wallet,D0132,IP0560,SUCCESS
T00002723,M0229,C0822,2026-01-07 16:19:23,6700.56,UPI,D0248,IP0553,SUCCESS
T00002724,M0492,C0802,2026-03-21 13:03:05,2326.41,card,D0568,IP0080,SUCCESS
T00002725,M0187,C0152,2026-01-31 12:51:54,296.49,UPI,D0013,IP0025,SUCCESS
T00002726,M0075,C1251,2026-01-21 17:56:09,417.44,UPI,D0226,IP0200,SUCCESS
T00002727,M0147,C0100,2026-01-04 13:06:58,452.42,card,D0661,IP0082,SUCCESS
T00002728,M0487,C1253,2026-02-06 19:43:08,735.57,UPI,D0491,IP0541,SUCCESS
T00002729,M0478,C0471,2026-01-30 20:39:17,5510.1,card,D0391,IP0257,SUCCESS
T00002730,M0169,C1486,2026-03-09 17:15:20,688.33,wallet,D0458,IP0570,SUCCESS
T00002731,M0303,C0535,2026-02-21 21:13:23,278.54,UPI,D0403,IP0456,SUCCESS
T00002732,M0327,C1267,2026-01-24 15:36:25,694.63,UPI,D0708,IP0463,SUCCESS
T00002733,M0490,C0260,2026-02-20 19:52:33,559.73,UPI,D0401,IP0630,SUCCESS
T00002734,M0347,C0093,2026-01-07 15:30:28,956.13,card,D0154,IP0034,SUCCESS
T00002735,M0440,C0884,2026-03-21 23:16:40,5376.03,card,D0160,IP0562,SUCCESS
T00002736,M0112,C1423,2026-03-10 10:12:41,2117.84,netbanking,D0235,IP0702,SUCCESS
T00002737,M0285,C1059,2026-02-17 15:27:37,9978.54,UPI,D0260,IP0748,SUCCESS
T00002738,M0405,C0032,2026-02-09 22:24:59,297.83,UPI,D0309,IP0640,FAILED
T00002739,M0026,C0327,2026-03-02 21:12:34,5569.36,card,D0041,IP0226,SUCCESS
T00002740,M0246,C0670,2026-01-06 13:03:51,6362.06,card,D0001,IP0346,SUCCESS
T00002741,M0480,C0211,2026-03-19 12:50:46,620.13,netbanking,D0695,IP0746,SUCCESS
T00002742,M0410,C1276,2026-03-23 17:46:52,435.1,card,D0617,IP0471,SUCCESS
T00002743,M0104,C1266,2026-01-24 19:23:32,3957.77,UPI,D0739,IP0320,SUCCESS
T00002744,M0278,C0919,2026-03-21 15:53:03,1187.38,UPI,D0581,IP0588,SUCCESS
T00002745,M0259,C0333,2026-02-11 23:42:29,965.52,netbanking,D0593,IP0706,SUCCESS
T00002746,M0087,C0879,2026-01-22 14:52:41,5361.57,netbanking,D0628,IP0714,SUCCESS
T00002747,M0176,C0517,2026-03-09 13:19:39,334.77,UPI,D0678,IP0559,SUCCESS
T00002748,M0121,C1354,2026-02-27 19:43:07,1444.79,card,D0143,IP0223,SUCCESS
T00002749,M0491,C1200,2026-03-01 17:08:47,1527.12,card,D0141,IP0119,SUCCESS
T00002750,M0289,C1324,2026-02-08 17:53:03,625.82,UPI,D0520,IP0703,SUCCESS
T00002751,M0113,C0004,2026-02-03 09:18:21,813.73,card,D0296,IP0635,SUCCESS
T00002752,M0263,C0804,2026-01-22 13:56:51,2373.4,netbanking,D0344,IP0210,SUCCESS
T00002753,M0071,C0644,2026-02-10 13:26:44,1499.14,card,D0243,IP0298,SUCCESS
T00002754,M0434,C0039,2026-01-13 14:55:18,1514.38,card,D0062,IP0061,SUCCESS
T00002755,M0356,C0385,2026-02-09 22:40:04,723.72,UPI,D0117,IP0606,SUCCESS
T00002756,M0295,C1439,2026-03-11 10:00:16,3034.87,card,D0441,IP0061,SUCCESS
T00002757,M0398,C0073,2026-01-05 11:27:11,298.16,card,D0598,IP0747,SUCCESS
T00002758,M0176,C0121,2026-02-15 16:21:58,2171.33,card,D0061,IP0559,FAILED
T00002759,M0229,C0602,2026-03-30 23:21:16,20294.21,netbanking,D0451,IP0254,SUCCESS
T00002760,M0071,C0330,2026-03-02 21:01:50,4346.46,wallet,D0408,IP0503,SUCCESS
T00002761,M0146,C0107,2026-01-19 12:10:28,1519.19,UPI,D0095,IP0346,SUCCESS
T00002762,M0015,C1167,2026-02-17 21:18:54,1703.02,wallet,D0156,IP0273,SUCCESS
T00002763,M0076,C0495,2026-02-11 17:35:34,854.45,netbanking,D0397,IP0045,SUCCESS
T00002764,M0362,C0198,2026-01-04 11:53:58,661.88,UPI,D0526,IP0296,SUCCESS
T00002765,M0142,C0031,2026-01-24 20:59:18,1083.55,UPI,D0436,IP0469,SUCCESS
T00002766,M0004,C0190,2026-02-06 15:15:51,9277.54,card,D0432,IP0456,SUCCESS
T00002767,M0129,C1032,2026-02-08 08:56:16,179.2,wallet,D0469,IP0094,SUCCESS
T00002768,M0176,C0498,2026-02-20 19:23:04,493.13,UPI,D0608,IP0282,SUCCESS
T00002769,M0108,C0593,2026-02-04 16:55:57,1533.06,card,D0659,IP0101,REFUNDED
T00002770,M0137,C0728,2026-01-15 07:45:44,4215.9,card,D0522,IP0295,SUCCESS
T00002771,M0487,C0900,2026-03-17 23:36:52,1454.97,wallet,D0738,IP0068,FAILED
T00002772,M0015,C0525,2026-02-27 16:34:43,529.77,UPI,D0470,IP0273,SUCCESS
T00002773,M0306,C0887,2026-01-10 17:03:23,189.2,card,D0443,IP0333,SUCCESS
T00002774,M0410,C0821,2026-01-18 12:13:01,1521.68,card,D0525,IP0720,SUCCESS
T00002775,M0490,C0260,2026-03-06 15:50:01,341.54,wallet,D0607,IP0086,SUCCESS
T00002776,M0205,C0658,2026-01-03 16:11:06,2556.19,card,D0196,IP0107,SUCCESS
T00002777,M0174,C0921,2026-02-13 15:43:49,562.33,UPI,D0328,IP0454,SUCCESS
T00002778,M0236,C0311,2026-03-01 20:03:29,5483.55,card,D0487,IP0343,SUCCESS
T00002779,M0349,C1288,2026-03-08 23:40:28,2389.44,card,D0218,IP0736,SUCCESS
T00002780,M0248,C0674,2026-02-16 12:07:32,425.39,UPI,D0542,IP0112,SUCCESS
T00002781,M0193,C1293,2026-02-04 22:01:59,192.67,UPI,D0632,IP0550,SUCCESS
T00002782,M0470,C0613,2026-03-23 17:00:14,333.23,card,D0718,IP0275,SUCCESS
T00002783,M0229,C0506,2026-01-09 13:54:45,9017.45,wallet,D0395,IP0327,SUCCESS
T00002784,M0125,C1062,2026-02-25 13:50:24,946.01,UPI,D0558,IP0339,SUCCESS
T00002785,M0496,C1094,2026-03-16 15:00:22,1611.76,card,D0603,IP0034,SUCCESS
T00002786,M0308,C0816,2026-01-05 23:31:06,3511.05,card,D0563,IP0571,SUCCESS
T00002787,M0441,C0811,2026-02-05 17:38:19,727.21,UPI,D0318,IP0570,FAILED
T00002788,M0185,C0554,2026-02-04 10:25:43,3109.05,UPI,D0022,IP0632,SUCCESS
T00002789,M0142,C0713,2026-01-31 21:48:06,184.55,card,D0436,IP0641,SUCCESS
T00002790,M0127,C0941,2026-01-19 15:06:42,4299.51,netbanking,D0434,IP0662,SUCCESS
T00002791,M0404,C0538,2026-03-19 15:06:56,1285.75,card,D0297,IP0423,FAILED
T00002792,M0487,C0598,2026-02-07 22:09:37,407.33,UPI,D0430,IP0019,FAILED
T00002793,M0480,C0252,2026-01-28 07:26:59,407.25,UPI,D0695,IP0295,SUCCESS
T00002794,M0381,C0550,2026-01-22 21:16:22,1328.17,wallet,D0076,IP0565,SUCCESS
T00002795,M0391,C0908,2026-03-19 14:25:21,1953.9,card,D0743,IP0373,SUCCESS
T00002796,M0154,C1111,2026-02-09 21:40:33,896.77,UPI,D0462,IP0051,SUCCESS
T00002797,M0214,C0282,2026-01-13 12:57:56,714.31,card,D0154,IP0405,SUCCESS
T00002798,M0048,C1441,2026-02-23 10:14:13,1326.15,card,D0553,IP0176,SUCCESS
T00002799,M0305,C0753,2026-02-06 11:44:06,2344.18,card,D0670,IP0001,SUCCESS
T00002800,M0487,C0348,2026-03-02 19:40:28,689.72,UPI,D0272,IP0358,SUCCESS
T00002801,M0365,C0493,2026-01-10 09:31:07,364.5,UPI,D0461,IP0469,REFUNDED
T00002802,M0246,C1467,2026-02-26 17:42:48,2283.38,netbanking,D0568,IP0346,FAILED
T00002803,M0174,C0088,2026-01-07 19:06:16,1413.07,UPI,D0297,IP0282,SUCCESS
T00002804,M0285,C0487,2026-03-23 19:43:12,8394.18,netbanking,D0331,IP0562,SUCCESS
T00002805,M0203,C1330,2026-02-27 20:18:55,196.33,wallet,D0006,IP0076,SUCCESS
T00002806,M0478,C0927,2026-02-03 20:15:15,5087.98,card,D0551,IP0101,SUCCESS
T00002807,M0382,C0936,2026-01-23 21:56:55,1016.05,UPI,D0707,IP0235,SUCCESS
T00002808,M0150,C0147,2026-01-26 06:57:30,936.91,card,D0556,IP0501,SUCCESS
T00002809,M0248,C1197,2026-02-06 11:36:42,294.47,UPI,D0181,IP0199,SUCCESS
T00002810,M0008,C1220,2026-02-24 15:40:28,1523.21,card,D0721,IP0217,SUCCESS
T00002811,M0014,C0199,2026-02-26 17:45:05,1523.25,card,D0553,IP0222,SUCCESS
T00002812,M0251,C0188,2026-01-04 15:46:11,1600.91,wallet,D0520,IP0715,SUCCESS
T00002813,M0248,C0812,2026-01-14 20:18:09,261.76,card,D0256,IP0357,SUCCESS
T00002814,M0008,C1211,2026-03-30 16:52:27,2257.37,wallet,D0154,IP0234,SUCCESS
T00002815,M0210,C1420,2026-03-06 20:33:54,409.24,UPI,D0731,IP0111,SUCCESS
T00002816,M0159,C1493,2026-02-22 17:12:35,6896.13,netbanking,D0164,IP0046,SUCCESS
T00002817,M0165,C0725,2026-02-25 23:31:57,1156.25,wallet,D0189,IP0192,SUCCESS
T00002818,M0198,C0975,2026-01-10 17:37:18,844.37,card,D0351,IP0091,SUCCESS
T00002819,M0330,C1134,2026-01-13 09:26:48,1439.68,UPI,D0100,IP0409,SUCCESS
T00002820,M0393,C1048,2026-02-05 20:38:07,4160.45,card,D0119,IP0495,SUCCESS
T00002821,M0221,C0757,2026-03-07 18:36:45,2648.12,card,D0377,IP0404,SUCCESS
T00002822,M0490,C0260,2026-01-12 21:38:36,256.34,UPI,D0607,IP0675,SUCCESS
T00002823,M0321,C0401,2026-02-03 15:49:42,1627.78,card,D0570,IP0112,SUCCESS
T00002824,M0378,C0537,2026-02-09 14:10:07,547.46,UPI,D0312,IP0488,SUCCESS
T00002825,M0254,C1231,2026-03-17 16:12:46,930.25,UPI,D0321,IP0539,SUCCESS
T00002826,M0480,C0714,2026-03-10 06:32:07,111.65,UPI,D0450,IP0109,SUCCESS
T00002827,M0301,C0134,2026-03-13 16:35:52,5896.29,UPI,D0125,IP0656,SUCCESS
T00002828,M0402,C0008,2026-02-21 13:35:14,1108.03,UPI,D0424,IP0511,SUCCESS
T00002829,M0295,C0049,2026-03-11 22:09:33,1353.14,card,D0441,IP0469,SUCCESS
T00002830,M0444,C0795,2026-03-15 12:32:36,4591.38,netbanking,D0406,IP0075,SUCCESS
T00002831,M0405,C0549,2026-03-12 13:39:41,2111.67,wallet,D0268,IP0494,SUCCESS
T00002832,M0425,C0040,2026-02-03 21:18:11,10340.02,netbanking,D0255,IP0407,SUCCESS
T00002833,M0046,C0679,2026-01-07 15:18:09,5977.94,netbanking,D0525,IP0020,SUCCESS
T00002834,M0313,C0566,2026-01-16 12:48:31,10816.98,UPI,D0547,IP0349,FAILED
T00002835,M0296,C0044,2026-02-16 15:09:59,1971.71,card,D0158,IP0471,SUCCESS
T00002836,M0218,C1337,2026-01-21 16:00:13,840.45,wallet,D0214,IP0617,SUCCESS
T00002837,M0165,C1022,2026-02-28 18:19:01,362.56,UPI,D0587,IP0377,SUCCESS
T00002838,M0424,C0081,2026-02-10 16:13:00,381.35,card,D0436,IP0125,SUCCESS
T00002839,M0168,C0795,2026-01-31 09:54:29,1511.69,card,D0740,IP0448,REFUNDED
T00002840,M0309,C0695,2026-03-08 18:56:51,1729.56,UPI,D0438,IP0327,SUCCESS
T00002841,M0286,C0515,2026-01-21 15:38:49,932.7,UPI,D0116,IP0608,SUCCESS
T00002842,M0289,C0146,2026-02-05 21:05:19,879.54,wallet,D0688,IP0390,SUCCESS
T00002843,M0478,C0997,2026-01-04 17:06:07,47326.13,netbanking,D0722,IP0085,SUCCESS
T00002844,M0455,C1461,2026-01-30 13:29:19,393.33,UPI,D0445,IP0604,SUCCESS
T00002845,M0326,C0630,2026-03-25 10:16:26,2951.6,card,D0419,IP0290,SUCCESS
T00002846,M0131,C0513,2026-02-02 11:24:53,1619.12,UPI,D0147,IP0646,SUCCESS
T00002847,M0124,C1453,2026-02-06 05:51:46,334.74,wallet,D0006,IP0342,SUCCESS
T00002848,M0077,C0652,2026-01-26 15:25:25,1780.73,card,D0370,IP0546,SUCCESS
T00002849,M0260,C0466,2026-03-18 23:44:24,23441.84,card,D0331,IP0375,SUCCESS
T00002850,M0126,C1158,2026-03-26 05:15:19,305.26,UPI,D0203,IP0072,SUCCESS
T00002851,M0250,C0608,2026-01-23 04:28:15,1211.17,UPI,D0344,IP0587,SUCCESS
T00002852,M0203,C1046,2026-01-13 23:14:33,803.63,UPI,D0006,IP0002,SUCCESS
T00002853,M0015,C0601,2026-01-07 19:01:48,1679.36,card,D0228,IP0478,SUCCESS
T00002854,M0413,C1372,2026-01-31 18:44:05,6154.66,card,D0159,IP0632,SUCCESS
T00002855,M0482,C0962,2026-01-11 14:48:53,1159.19,UPI,D0152,IP0713,SUCCESS
T00002856,M0229,C0952,2026-02-08 21:05:29,8906.11,UPI,D0451,IP0327,FAILED
T00002857,M0176,C0915,2026-02-11 16:40:56,1703.99,UPI,D0576,IP0559,SUCCESS
T00002858,M0033,C1428,2026-03-23 15:39:18,403.94,UPI,D0049,IP0222,SUCCESS
T00002859,M0013,C0789,2026-03-23 13:16:47,3251.4,UPI,D0268,IP0212,SUCCESS
T00002860,M0354,C1198,2026-01-20 21:05:51,5210.75,wallet,D0083,IP0479,SUCCESS
T00002861,M0302,C1308,2026-03-07 13:05:27,988.59,UPI,D0477,IP0719,SUCCESS
T00002862,M0410,C1438,2026-01-04 10:42:10,948.42,wallet,D0547,IP0189,SUCCESS
T00002863,M0303,C0196,2026-01-01 19:53:45,1603.67,card,D0046,IP0456,SUCCESS
T00002864,M0129,C0712,2026-01-13 17:09:35,5123.02,UPI,D0320,IP0094,SUCCESS
T00002865,M0444,C0032,2026-02-05 14:34:30,7490.31,netbanking,D0049,IP0075,SUCCESS
T00002866,M0452,C0568,2026-02-19 14:06:59,1143.02,wallet,D0171,IP0057,SUCCESS
T00002867,M0410,C1486,2026-01-05 09:52:56,937.06,UPI,D0526,IP0189,SUCCESS
T00002868,M0482,C0818,2026-02-18 12:34:08,6327.51,UPI,D0304,IP0641,SUCCESS
T00002869,M0448,C0473,2026-01-10 16:55:27,3994.89,netbanking,D0329,IP0566,SUCCESS
T00002870,M0263,C1080,2026-02-09 11:27:56,804.21,UPI,D0168,IP0629,SUCCESS
T00002871,M0434,C0897,2026-03-18 14:35:18,2483.51,wallet,D0684,IP0661,FAILED
T00002872,M0398,C0884,2026-02-10 23:30:52,1521.61,wallet,D0250,IP0461,SUCCESS
T00002873,M0283,C1315,2026-01-14 15:45:45,4145.71,wallet,D0559,IP0193,REFUNDED
T00002874,M0229,C1280,2026-01-10 21:45:39,7385.23,card,D0115,IP0327,SUCCESS
T00002875,M0379,C1171,2026-03-29 08:57:35,882.79,wallet,D0637,IP0206,SUCCESS
T00002876,M0051,C0308,2026-02-24 16:47:36,2479.95,wallet,D0082,IP0241,SUCCESS
T00002877,M0368,C1262,2026-02-16 13:17:36,1702.58,UPI,D0434,IP0604,SUCCESS
T00002878,M0233,C0367,2026-02-08 09:54:30,1455.84,UPI,D0633,IP0713,SUCCESS
T00002879,M0216,C0685,2026-03-26 13:36:05,17712.76,card,D0694,IP0416,SUCCESS
T00002880,M0263,C1448,2026-03-25 21:49:04,1408.86,netbanking,D0087,IP0629,FAILED
T00002881,M0478,C1370,2026-01-01 16:17:05,27441.22,card,D0722,IP0257,SUCCESS
T00002882,M0489,C0172,2026-03-01 14:27:13,26639.85,wallet,D0113,IP0436,SUCCESS
T00002883,M0487,C0140,2026-02-08 20:31:35,281.5,wallet,D0367,IP0566,SUCCESS
T00002884,M0358,C1219,2026-02-22 20:53:36,12404.8,card,D0204,IP0591,SUCCESS
T00002885,M0424,C0999,2026-03-27 05:30:24,1391.04,UPI,D0471,IP0263,SUCCESS
T00002886,M0113,C1362,2026-02-27 14:26:36,1136.95,card,D0296,IP0262,FAILED
T00002887,M0297,C1231,2026-01-31 18:52:10,1179.23,UPI,D0588,IP0509,SUCCESS
T00002888,M0176,C1496,2026-01-30 18:48:36,723.35,UPI,D0281,IP0314,FAILED
T00002889,M0117,C1370,2026-02-18 17:43:59,4152.16,card,D0144,IP0291,SUCCESS
T00002890,M0380,C0408,2026-01-31 16:37:53,4165.61,UPI,D0039,IP0251,FAILED
T00002891,M0006,C1027,2026-02-04 13:53:40,4102.87,UPI,D0702,IP0548,SUCCESS
T00002892,M0444,C0563,2026-01-19 16:57:11,11376.11,UPI,D0611,IP0075,SUCCESS
T00002893,M0492,C0380,2026-01-08 07:15:07,957.18,card,D0287,IP0215,SUCCESS
T00002894,M0184,C0345,2026-03-10 16:28:31,300.17,UPI,D0554,IP0093,SUCCESS
T00002895,M0101,C1044,2026-03-05 12:37:32,560.72,card,D0747,IP0169,SUCCESS
T00002896,M0415,C0056,2026-01-13 05:23:19,1356.03,netbanking,D0452,IP0351,SUCCESS
T00002897,M0421,C0749,2026-02-22 07:11:36,5158.95,netbanking,D0034,IP0599,SUCCESS
T00002898,M0410,C0437,2026-02-25 14:56:52,677.09,card,D0526,IP0541,FAILED
T00002899,M0381,C0183,2026-03-11 13:23:56,254.09,card,D0731,IP0565,SUCCESS
T00002900,M0413,C1131,2026-01-29 11:34:11,429.41,netbanking,D0049,IP0741,SUCCESS
T00002901,M0444,C1031,2026-02-06 10:17:00,1200.3,wallet,D0653,IP0075,SUCCESS
T00002902,M0016,C0320,2026-01-18 14:58:50,1644.26,UPI,D0335,IP0732,SUCCESS
T00002903,M0492,C0011,2026-02-27 08:03:42,1051.95,card,D0568,IP0532,SUCCESS
T00002904,M0405,C0098,2026-03-04 17:06:29,968.82,card,D0268,IP0464,SUCCESS
T00002905,M0303,C1218,2026-01-10 16:12:08,471.02,wallet,D0708,IP0222,SUCCESS
T00002906,M0228,C0103,2026-03-24 19:11:04,1185.73,UPI,D0450,IP0255,SUCCESS
T00002907,M0491,C1347,2026-01-03 23:06:01,1484.68,card,D0052,IP0261,SUCCESS
T00002908,M0075,C1417,2026-03-17 13:16:36,2791.22,UPI,D0118,IP0692,SUCCESS
T00002909,M0407,C1261,2026-02-09 15:13:51,1803.67,UPI,D0022,IP0657,SUCCESS
T00002910,M0101,C0611,2026-03-04 12:38:48,561.96,UPI,D0093,IP0047,SUCCESS
T00002911,M0303,C0502,2026-03-19 19:39:08,333.2,UPI,D0271,IP0292,SUCCESS
T00002912,M0263,C0336,2026-03-14 22:33:59,1227.39,card,D0255,IP0450,SUCCESS
T00002913,M0076,C0445,2026-01-22 19:02:51,316.11,card,D0158,IP0303,SUCCESS
T00002914,M0120,C0297,2026-03-11 19:16:03,1800.45,netbanking,D0478,IP0361,FAILED
T00002915,M0207,C1291,2026-03-21 05:53:11,669.14,UPI,D0351,IP0051,SUCCESS
T00002916,M0189,C0601,2026-01-13 21:46:20,4135.64,netbanking,D0392,IP0667,SUCCESS
T00002917,M0142,C1345,2026-02-22 17:05:56,801.56,UPI,D0092,IP0671,SUCCESS
T00002918,M0277,C0211,2026-03-10 13:18:44,243.29,UPI,D0633,IP0677,SUCCESS
T00002919,M0328,C0218,2026-02-23 23:54:41,240.98,wallet,D0483,IP0203,SUCCESS
T00002920,M0384,C0210,2026-03-14 23:44:14,664.9,UPI,D0115,IP0607,SUCCESS
T00002921,M0187,C0417,2026-01-12 09:14:18,332.32,wallet,D0680,IP0271,SUCCESS
T00002922,M0359,C0696,2026-02-03 17:23:27,193.13,UPI,D0059,IP0605,SUCCESS
T00002923,M0336,C0120,2026-01-28 23:04:09,8077.36,netbanking,D0155,IP0059,SUCCESS
T00002924,M0380,C0719,2026-02-22 14:36:53,16794.39,UPI,D0055,IP0438,SUCCESS
T00002925,M0485,C1183,2026-01-30 18:23:09,1133.67,UPI,D0614,IP0562,SUCCESS
T00002926,M0462,C1000,2026-02-25 12:05:42,277.32,card,D0396,IP0287,SUCCESS
T00002927,M0431,C0201,2026-01-01 06:27:23,3348.61,UPI,D0647,IP0516,SUCCESS
T00002928,M0382,C1091,2026-02-25 16:32:03,195.27,card,D0355,IP0325,SUCCESS
T00002929,M0165,C1139,2026-01-07 20:03:17,130.75,UPI,D0730,IP0377,SUCCESS
T00002930,M0113,C0310,2026-03-16 15:42:02,1520.09,card,D0403,IP0635,SUCCESS
T00002931,M0379,C0088,2026-03-15 08:10:13,514.66,card,D0284,IP0517,SUCCESS
T00002932,M0327,C0270,2026-01-01 20:36:45,2343.08,UPI,D0048,IP0692,SUCCESS
T00002933,M0309,C1106,2026-03-07 13:55:15,6137.77,wallet,D0398,IP0518,SUCCESS
T00002934,M0382,C0494,2026-02-26 09:59:00,2117.03,netbanking,D0524,IP0325,SUCCESS
T00002935,M0351,C1070,2026-01-26 20:38:56,6312.38,card,D0705,IP0038,SUCCESS
T00002936,M0142,C0067,2026-02-01 17:18:22,1749.67,UPI,D0164,IP0469,SUCCESS
T00002937,M0470,C1480,2026-02-09 23:34:56,495.07,wallet,D0050,IP0276,SUCCESS
T00002938,M0450,C0048,2026-03-25 23:18:54,14684.99,card,D0281,IP0403,SUCCESS
T00002939,M0095,C0026,2026-02-03 18:38:29,1118.32,wallet,D0750,IP0371,SUCCESS
T00002940,M0328,C0918,2026-01-29 17:49:43,303.69,UPI,D0130,IP0166,SUCCESS
T00002941,M0469,C0127,2026-01-13 14:08:21,596.67,card,D0529,IP0368,SUCCESS
T00002942,M0366,C0049,2026-01-04 13:22:00,585.97,UPI,D0748,IP0637,SUCCESS
T00002943,M0296,C0941,2026-01-11 15:11:55,4391.06,UPI,D0318,IP0471,FAILED
T00002944,M0470,C0925,2026-03-04 23:22:55,872.51,card,D0109,IP0434,SUCCESS
T00002945,M0409,C0879,2026-01-06 15:27:56,963.91,card,D0093,IP0482,SUCCESS
T00002946,M0363,C1119,2026-02-12 12:15:32,1038.1,UPI,D0282,IP0024,SUCCESS
T00002947,M0246,C0823,2026-02-05 13:22:21,2703.21,card,D0734,IP0484,SUCCESS
T00002948,M0410,C1292,2026-01-06 11:21:07,3747.2,wallet,D0525,IP0471,FAILED
T00002949,M0445,C0854,2026-01-21 12:02:31,863.6,UPI,D0274,IP0253,SUCCESS
T00002950,M0113,C1457,2026-01-21 11:33:29,1221.35,UPI,D0419,IP0262,SUCCESS
T00002951,M0379,C1382,2026-01-04 08:33:59,1261.45,UPI,D0072,IP0024,SUCCESS
T00002952,M0380,C0195,2026-02-21 18:24:50,2664.62,wallet,D0472,IP0251,SUCCESS
T00002953,M0113,C1238,2026-02-18 12:01:57,345.73,wallet,D0296,IP0262,SUCCESS
T00002954,M0440,C0805,2026-03-14 23:04:03,21550.36,card,D0160,IP0500,SUCCESS
T00002955,M0444,C0062,2026-02-18 15:18:59,5172.05,UPI,D0662,IP0684,SUCCESS
T00002956,M0101,C1199,2026-02-11 18:15:58,3684.19,wallet,D0202,IP0375,SUCCESS
T00002957,M0398,C1086,2026-01-31 13:30:11,2485.65,wallet,D0494,IP0482,SUCCESS
T00002958,M0142,C1449,2026-02-20 18:53:11,440.51,UPI,D0742,IP0469,SUCCESS
T00002959,M0142,C0893,2026-03-25 23:43:14,1638.7,wallet,D0704,IP0672,SUCCESS
T00002960,M0095,C0216,2026-03-08 15:55:13,4693.68,UPI,D0510,IP0373,SUCCESS
T00002961,M0373,C1248,2026-03-08 13:26:33,201.12,card,D0028,IP0406,SUCCESS
T00002962,M0468,C1337,2026-02-05 09:37:28,790.37,UPI,D0377,IP0676,SUCCESS
T00002963,M0314,C0440,2026-01-16 06:58:09,1258.78,UPI,D0591,IP0178,REFUNDED
T00002964,M0147,C0697,2026-03-04 16:46:45,631.91,card,D0489,IP0082,SUCCESS
T00002965,M0126,C1484,2026-01-12 23:45:38,194.98,UPI,D0225,IP0267,SUCCESS
T00002966,M0113,C1253,2026-03-20 12:53:42,771.98,card,D0403,IP0262,SUCCESS
T00002967,M0132,C0191,2026-02-08 08:42:40,2779.93,card,D0618,IP0599,SUCCESS
T00002968,M0303,C1104,2026-02-16 12:43:05,191.53,card,D0181,IP0456,SUCCESS
T00002969,M0496,C0902,2026-01-24 22:13:29,2122.84,wallet,D0603,IP0417,SUCCESS
T00002970,M0478,C0277,2026-02-28 18:08:47,5051.2,card,D0391,IP0257,SUCCESS
T00002971,M0075,C0177,2026-02-26 17:22:17,570.9,UPI,D0284,IP0396,SUCCESS
T00002972,M0131,C0825,2026-01-16 15:31:09,3762.87,UPI,D0061,IP0720,SUCCESS
T00002973,M0370,C0813,2026-02-10 16:44:51,1107.97,UPI,D0548,IP0622,SUCCESS
T00002974,M0375,C0501,2026-01-16 14:12:17,741.31,netbanking,D0716,IP0449,SUCCESS
T00002975,M0135,C1491,2026-02-05 22:49:11,30576.87,card,D0494,IP0289,SUCCESS
T00002976,M0485,C1146,2026-03-26 23:30:51,970.43,card,D0016,IP0704,SUCCESS
T00002977,M0325,C0791,2026-01-20 13:12:18,650.09,netbanking,D0492,IP0545,SUCCESS
T00002978,M0297,C0959,2026-02-27 13:32:27,970.14,card,D0588,IP0509,SUCCESS
T00002979,M0424,C0540,2026-03-02 17:43:58,1137.75,netbanking,D0165,IP0125,SUCCESS
T00002980,M0214,C0154,2026-03-27 12:15:13,2437.57,UPI,D0338,IP0053,SUCCESS
T00002981,M0383,C1412,2026-03-07 23:28:49,5814.03,card,D0696,IP0073,SUCCESS
T00002982,M0472,C0671,2026-01-27 23:46:30,2616.31,UPI,D0405,IP0154,SUCCESS
T00002983,M0480,C0506,2026-03-10 15:12:01,392.43,UPI,D0695,IP0457,SUCCESS
T00002984,M0024,C0474,2026-02-01 19:23:35,769.77,UPI,D0725,IP0347,SUCCESS
T00002985,M0053,C1261,2026-01-09 12:23:51,7561.66,netbanking,D0740,IP0515,SUCCESS
T00002986,M0382,C0042,2026-01-09 16:40:28,304.38,netbanking,D0367,IP0325,SUCCESS
T00002987,M0003,C0424,2026-03-16 21:55:23,822.0,UPI,D0669,IP0164,SUCCESS
T00002988,M0365,C0282,2026-02-22 05:34:14,2218.08,card,D0559,IP0175,REFUNDED
T00002989,M0424,C0619,2026-01-22 18:44:27,7070.02,card,D0442,IP0263,SUCCESS
T00002990,M0071,C0308,2026-03-16 12:33:00,8395.91,card,D0113,IP0398,SUCCESS
T00002991,M0015,C0589,2026-01-31 23:55:56,600.14,UPI,D0579,IP0273,SUCCESS
T00002992,M0289,C0388,2026-02-28 12:42:28,414.21,wallet,D0289,IP0390,SUCCESS
T00002993,M0491,C0511,2026-01-09 19:48:42,5991.23,card,D0711,IP0215,SUCCESS
T00002994,M0297,C1223,2026-03-12 13:09:11,1534.48,netbanking,D0326,IP0651,SUCCESS
T00002995,M0487,C0490,2026-02-09 19:43:21,590.47,UPI,D0738,IP0068,SUCCESS
T00002996,M0380,C0944,2026-02-22 21:34:39,7230.65,UPI,D0472,IP0660,SUCCESS
T00002997,M0173,C0098,2026-02-26 12:43:07,881.41,wallet,D0125,IP0377,SUCCESS
T00002998,M0146,C1428,2026-03-25 16:46:17,4547.88,card,D0095,IP0022,SUCCESS
T00002999,M0335,C0186,2026-02-01 16:06:55,1007.4,UPI,D0019,IP0644,SUCCESS
T00003000,M0195,C0747,2026-01-15 13:15:00,1458.07,card,D0116,IP0264,SUCCESS
T00003001,M0144,C0658,2026-02-10 19:00:28,4151.54,UPI,D0221,IP0680,SUCCESS
T00003002,M0224,C1410,2026-02-04 11:48:40,5376.83,card,D0141,IP0037,SUCCESS
T00003003,M0297,C0206,2026-01-08 18:43:51,3070.63,UPI,D0326,IP0440,SUCCESS
T00003004,M0478,C1258,2026-03-26 23:04:20,15556.31,UPI,D0293,IP0244,SUCCESS
T00003005,M0484,C0267,2026-03-25 11:04:20,528.55,card,D0138,IP0062,SUCCESS
T00003006,M0398,C1187,2026-01-08 13:58:05,2385.0,card,D0250,IP0187,SUCCESS
T00003007,M0146,C1432,2026-01-07 14:21:45,2003.1,netbanking,D0095,IP0346,FAILED
T00003008,M0260,C1049,2026-02-02 20:33:48,3462.6,netbanking,D0645,IP0194,SUCCESS
T00003009,M0075,C0448,2026-01-06 11:56:12,2417.54,card,D0118,IP0200,SUCCESS
T00003010,M0313,C0665,2026-02-12 14:20:30,2497.86,netbanking,D0388,IP0349,SUCCESS
T00003011,M0357,C0769,2026-01-12 16:21:03,6993.06,UPI,D0198,IP0349,SUCCESS
T00003012,M0225,C1300,2026-03-05 19:44:06,617.14,card,D0066,IP0459,SUCCESS
T00003013,M0142,C1482,2026-02-19 22:34:46,1397.46,card,D0009,IP0469,SUCCESS
T00003014,M0491,C1146,2026-01-16 12:43:52,1897.79,wallet,D0052,IP0215,SUCCESS
T00003015,M0024,C0083,2026-02-25 12:57:36,2342.82,netbanking,D0100,IP0347,SUCCESS
T00003016,M0398,C1163,2026-03-09 14:50:25,1759.84,netbanking,D0676,IP0482,SUCCESS
T00003017,M0374,C0588,2026-02-02 14:24:56,2067.31,card,D0384,IP0455,SUCCESS
T00003018,M0304,C0213,2026-02-23 23:59:48,309.22,UPI,D0378,IP0434,SUCCESS
T00003019,M0125,C0159,2026-02-23 12:56:45,809.09,UPI,D0185,IP0618,SUCCESS
T00003020,M0442,C0594,2026-01-02 07:07:25,472.02,UPI,D0408,IP0345,SUCCESS
T00003021,M0337,C1305,2026-03-18 11:15:04,1655.02,UPI,D0285,IP0654,SUCCESS
T00003022,M0368,C1458,2026-02-24 03:38:56,1742.93,card,D0334,IP0604,SUCCESS
T00003023,M0382,C1303,2026-02-15 14:06:32,963.67,card,D0524,IP0230,SUCCESS
T00003024,M0087,C0322,2026-03-06 17:24:30,3644.82,netbanking,D0721,IP0555,FAILED
T00003025,M0263,C1178,2026-03-15 15:45:37,2632.07,UPI,D0151,IP0210,SUCCESS
T00003026,M0414,C0169,2026-01-17 16:44:14,5320.15,UPI,D0636,IP0450,SUCCESS
T00003027,M0225,C0596,2026-03-12 06:04:11,1060.77,netbanking,D0546,IP0459,SUCCESS
T00003028,M0398,C0029,2026-02-27 18:35:22,2292.7,UPI,D0438,IP0461,SUCCESS
T00003029,M0214,C0288,2026-01-08 14:16:56,904.79,netbanking,D0338,IP0090,SUCCESS
T00003030,M0424,C0447,2026-03-21 14:00:40,423.57,UPI,D0463,IP0125,SUCCESS
T00003031,M0437,C0002,2026-01-22 04:03:10,1781.94,wallet,D0114,IP0449,REFUNDED
T00003032,M0430,C1180,2026-01-26 13:16:34,4461.9,card,D0541,IP0618,SUCCESS
T00003033,M0361,C0146,2026-02-03 11:46:49,279.82,card,D0718,IP0563,SUCCESS
T00003034,M0289,C0146,2026-02-07 13:29:59,328.31,wallet,D0654,IP0703,SUCCESS
T00003035,M0442,C0666,2026-03-23 16:39:52,623.22,UPI,D0486,IP0110,SUCCESS
T00003036,M0214,C0636,2026-03-28 17:31:16,3999.82,card,D0154,IP0667,FAILED
T00003037,M0487,C1235,2026-03-06 21:01:11,713.12,wallet,D0367,IP0109,SUCCESS
T00003038,M0428,C0811,2026-03-01 18:48:55,518.99,UPI,D0654,IP0668,SUCCESS
T00003039,M0159,C1154,2026-03-24 20:53:43,6267.4,UPI,D0247,IP0123,SUCCESS
T00003040,M0214,C1033,2026-03-17 18:40:22,731.14,UPI,D0714,IP0405,SUCCESS
T00003041,M0457,C0804,2026-03-06 18:03:20,2495.47,card,D0484,IP0222,SUCCESS
T00003042,M0147,C0903,2026-01-11 19:44:08,1403.12,card,D0319,IP0653,SUCCESS
T00003043,M0065,C1011,2026-03-30 16:52:43,2469.12,wallet,D0156,IP0647,SUCCESS
T00003044,M0059,C0454,2026-03-31 20:09:46,2043.24,UPI,D0436,IP0471,SUCCESS
T00003045,M0444,C0758,2026-02-14 14:27:13,4205.86,UPI,D0687,IP0296,SUCCESS
T00003046,M0211,C0664,2026-03-23 14:51:33,4106.18,netbanking,D0463,IP0334,REFUNDED
T00003047,M0136,C1058,2026-02-07 17:12:01,458.41,UPI,D0655,IP0045,SUCCESS
T00003048,M0155,C0494,2026-03-16 23:04:08,570.28,UPI,D0583,IP0303,SUCCESS
T00003049,M0328,C0887,2026-03-13 23:19:59,365.78,UPI,D0130,IP0141,SUCCESS
T00003050,M0232,C0145,2026-03-11 10:45:54,645.8,card,D0541,IP0263,SUCCESS
T00003051,M0109,C1176,2026-01-29 12:16:59,285.68,card,D0255,IP0289,FAILED
T00003052,M0281,C0536,2026-03-10 14:41:43,648.41,card,D0491,IP0685,SUCCESS
T00003053,M0362,C0317,2026-02-07 15:53:37,1842.71,card,D0269,IP0324,SUCCESS
T00003054,M0224,C1482,2026-01-13 13:49:21,2103.18,UPI,D0141,IP0327,SUCCESS
T00003055,M0342,C0783,2026-02-27 12:11:24,3926.07,card,D0572,IP0610,SUCCESS
T00003056,M0380,C0258,2026-02-22 15:53:00,5146.93,UPI,D0507,IP0034,SUCCESS
T00003057,M0359,C0625,2026-03-07 19:36:25,1696.11,UPI,D0698,IP0242,SUCCESS
T00003058,M0109,C0516,2026-02-24 16:15:27,593.61,card,D0255,IP0289,SUCCESS
T00003059,M0248,C0289,2026-02-17 05:48:52,534.96,UPI,D0623,IP0407,SUCCESS
T00003060,M0469,C0587,2026-01-24 10:36:29,1812.8,card,D0372,IP0642,SUCCESS
T00003061,M0113,C0363,2026-01-04 15:59:01,1179.56,card,D0601,IP0635,SUCCESS
T00003062,M0448,C1194,2026-02-06 23:07:16,8027.56,card,D0457,IP0408,SUCCESS
T00003063,M0254,C0579,2026-01-09 18:37:42,1135.1,UPI,D0091,IP0346,SUCCESS
T00003064,M0333,C0196,2026-01-15 09:35:30,1665.1,netbanking,D0412,IP0576,SUCCESS
T00003065,M0176,C0940,2026-02-19 19:30:36,2589.18,UPI,D0281,IP0282,SUCCESS
T00003066,M0395,C0729,2026-02-16 19:39:24,1273.83,card,D0645,IP0692,SUCCESS
T00003067,M0120,C0678,2026-03-14 23:15:57,5431.05,card,D0424,IP0195,SUCCESS
T00003068,M0405,C0741,2026-02-16 16:46:43,1255.44,UPI,D0164,IP0709,SUCCESS
T00003069,M0109,C0204,2026-01-08 04:28:34,561.83,netbanking,D0144,IP0289,SUCCESS
T00003070,M0118,C1019,2026-01-31 18:08:05,1480.01,wallet,D0336,IP0292,SUCCESS
T00003071,M0005,C1164,2026-02-28 13:43:47,575.67,UPI,D0445,IP0274,SUCCESS
T00003072,M0444,C0866,2026-03-05 10:42:09,3704.73,wallet,D0049,IP0078,SUCCESS
T00003073,M0436,C1216,2026-02-04 20:09:50,4333.95,card,D0631,IP0119,SUCCESS
T00003074,M0221,C1404,2026-03-02 09:55:30,971.79,card,D0664,IP0034,SUCCESS
T00003075,M0001,C0092,2026-02-25 10:57:00,2519.37,netbanking,D0280,IP0036,SUCCESS
T00003076,M0478,C0069,2026-01-15 15:17:27,4658.03,card,D0551,IP0257,SUCCESS
T00003077,M0117,C0456,2026-03-23 09:29:39,5583.89,netbanking,D0648,IP0432,SUCCESS
T00003078,M0113,C1211,2026-03-21 11:20:06,1152.69,card,D0168,IP0635,SUCCESS
T00003079,M0136,C1252,2026-03-09 23:47:40,402.17,card,D0655,IP0370,SUCCESS
T00003080,M0147,C1199,2026-02-12 15:11:44,3428.98,UPI,D0689,IP0245,SUCCESS
T00003081,M0478,C1385,2026-03-14 23:00:24,10956.77,card,D0391,IP0101,SUCCESS
T00003082,M0349,C0448,2026-02-28 21:24:38,5580.99,netbanking,D0706,IP0518,SUCCESS
T00003083,M0202,C1159,2026-02-22 10:09:37,1236.18,card,D0147,IP0432,SUCCESS
T00003084,M0405,C0611,2026-03-22 19:36:25,1263.88,UPI,D0164,IP0734,SUCCESS
T00003085,M0410,C1274,2026-01-16 13:47:58,1424.23,card,D0525,IP0189,SUCCESS
T00003086,M0147,C0225,2026-03-24 15:06:18,746.89,UPI,D0661,IP0082,FAILED
T00003087,M0118,C1371,2026-01-07 11:14:34,1942.74,card,D0575,IP0392,SUCCESS
T00003088,M0113,C0470,2026-03-12 10:12:43,3990.61,UPI,D0296,IP0391,SUCCESS
T00003089,M0205,C0208,2026-01-09 17:09:57,2962.15,netbanking,D0645,IP0147,SUCCESS
T00003090,M0015,C0185,2026-01-16 18:57:47,254.71,UPI,D0156,IP0133,SUCCESS
T00003091,M0248,C0661,2026-02-18 12:25:08,990.56,UPI,D0369,IP0395,SUCCESS
T00003092,M0131,C0679,2026-02-14 12:27:47,2803.73,netbanking,D0186,IP0300,SUCCESS
T00003093,M0405,C1227,2026-02-02 09:08:44,925.52,UPI,D0164,IP0464,SUCCESS
T00003094,M0193,C0088,2026-01-09 17:36:57,914.12,UPI,D0352,IP0590,SUCCESS
T00003095,M0359,C0185,2026-01-02 17:18:33,309.93,wallet,D0059,IP0493,SUCCESS
T00003096,M0370,C1242,2026-02-03 12:22:30,2886.61,UPI,D0166,IP0013,SUCCESS
T00003097,M0419,C0006,2026-01-18 11:09:20,7274.48,card,D0562,IP0204,SUCCESS
T00003098,M0268,C0615,2026-03-07 06:42:10,390.38,card,D0558,IP0341,SUCCESS
T00003099,M0229,C0670,2026-03-06 23:40:45,7736.82,card,D0283,IP0327,SUCCESS
T00003100,M0147,C1170,2026-01-17 04:15:32,667.7,UPI,D0489,IP0245,SUCCESS
T00003101,M0006,C0233,2026-03-18 19:31:45,1607.98,card,D0098,IP0003,SUCCESS
T00003102,M0113,C1391,2026-03-01 16:55:03,1143.94,netbanking,D0403,IP0635,SUCCESS
T00003103,M0142,C1254,2026-02-11 18:30:11,1717.91,wallet,D0092,IP0672,SUCCESS
T00003104,M0364,C0111,2026-02-12 23:31:07,636.09,UPI,D0595,IP0475,SUCCESS
T00003105,M0416,C1464,2026-03-12 13:08:29,417.28,card,D0380,IP0732,SUCCESS
T00003106,M0258,C0542,2026-03-17 11:08:06,846.62,UPI,D0048,IP0533,SUCCESS
T00003107,M0424,C1440,2026-01-26 13:23:53,949.94,card,D0378,IP0125,SUCCESS
T00003108,M0213,C1244,2026-01-26 12:10:00,5309.28,card,D0356,IP0592,SUCCESS
T00003109,M0362,C0393,2026-01-12 15:00:35,455.5,wallet,D0477,IP0005,SUCCESS
T00003110,M0303,C0328,2026-03-31 16:31:27,837.53,UPI,D0271,IP0070,SUCCESS
T00003111,M0113,C0574,2026-02-27 11:20:47,2427.96,UPI,D0403,IP0635,SUCCESS
T00003112,M0260,C0685,2026-03-03 21:01:01,7977.98,card,D0291,IP0178,FAILED
T00003113,M0487,C0595,2026-03-12 22:23:41,1437.25,UPI,D0738,IP0224,REFUNDED
T00003114,M0113,C1282,2026-01-07 05:31:07,788.42,UPI,D0403,IP0156,SUCCESS
T00003115,M0229,C1424,2026-03-05 21:18:24,3518.02,netbanking,D0451,IP0481,SUCCESS
T00003116,M0195,C0284,2026-01-24 09:53:09,1386.05,UPI,D0093,IP0518,SUCCESS
T00003117,M0403,C0477,2026-03-15 23:27:31,7090.63,card,D0244,IP0422,SUCCESS
T00003118,M0022,C1396,2026-01-11 07:58:43,880.96,netbanking,D0498,IP0435,SUCCESS
T00003119,M0254,C0584,2026-03-09 14:55:53,359.58,UPI,D0091,IP0539,FAILED
T00003120,M0153,C0405,2026-01-26 17:30:36,409.15,netbanking,D0212,IP0452,SUCCESS
T00003121,M0169,C1080,2026-02-19 21:09:23,1242.2,UPI,D0642,IP0570,SUCCESS
T00003122,M0229,C0755,2026-02-13 21:58:33,7016.86,UPI,D0328,IP0327,SUCCESS
T00003123,M0169,C0779,2026-02-17 19:15:22,2013.57,UPI,D0458,IP0213,REFUNDED
T00003124,M0311,C0913,2026-03-08 21:05:41,1029.22,UPI,D0574,IP0203,SUCCESS
T00003125,M0167,C1467,2026-01-15 15:25:06,8780.67,UPI,D0227,IP0415,SUCCESS
T00003126,M0471,C1477,2026-03-05 11:19:45,391.76,card,D0672,IP0507,SUCCESS
T00003127,M0254,C1070,2026-01-27 09:12:57,474.81,wallet,D0403,IP0539,SUCCESS
T00003128,M0113,C0849,2026-02-05 21:17:33,962.71,UPI,D0403,IP0156,SUCCESS
T00003129,M0168,C0395,2026-03-31 12:34:33,932.97,card,D0131,IP0294,SUCCESS
T00003130,M0420,C1260,2026-02-03 15:34:40,865.11,UPI,D0737,IP0117,SUCCESS
T00003131,M0077,C1086,2026-03-06 12:47:08,588.5,UPI,D0131,IP0658,SUCCESS
T00003132,M0214,C0010,2026-01-09 23:40:22,6218.38,netbanking,D0048,IP0431,SUCCESS
T00003133,M0480,C1017,2026-02-04 11:58:55,228.05,UPI,D0695,IP0203,SUCCESS
T00003134,M0001,C0667,2026-02-03 16:15:13,2311.85,netbanking,D0280,IP0339,SUCCESS
T00003135,M0487,C0683,2026-02-10 23:48:47,1713.88,UPI,D0570,IP0019,FAILED
T00003136,M0205,C0186,2026-03-19 21:33:11,319.34,UPI,D0048,IP0390,SUCCESS
T00003137,M0136,C0488,2026-03-24 18:40:54,886.03,card,D0481,IP0045,SUCCESS
T00003138,M0425,C1395,2026-02-01 22:45:39,31003.57,netbanking,D0262,IP0483,SUCCESS
T00003139,M0263,C0954,2026-01-25 13:00:53,1206.11,UPI,D0151,IP0210,SUCCESS
T00003140,M0076,C0408,2026-03-17 13:28:59,3480.4,UPI,D0167,IP0045,FAILED
T00003141,M0365,C1221,2026-02-01 15:19:00,3317.6,card,D0559,IP0469,SUCCESS
T00003142,M0410,C1254,2026-02-03 15:31:32,647.4,card,D0547,IP0556,SUCCESS
T00003143,M0254,C1194,2026-02-28 10:37:28,2195.24,card,D0537,IP0394,SUCCESS
T00003144,M0383,C1412,2026-01-17 23:49:02,1966.31,card,D0527,IP0225,SUCCESS
T00003145,M0076,C0621,2026-03-03 15:24:54,1654.63,UPI,D0158,IP0124,SUCCESS
T00003146,M0015,C1042,2026-01-30 23:22:47,233.56,UPI,D0604,IP0273,FAILED
T00003147,M0142,C1391,2026-02-25 16:30:23,497.88,card,D0092,IP0672,SUCCESS
T00003148,M0490,C0210,2026-03-28 21:02:36,1016.79,wallet,D0607,IP0119,SUCCESS
T00003149,M0118,C0874,2026-02-04 11:24:57,1285.38,UPI,D0397,IP0495,SUCCESS
T00003150,M0474,C0872,2026-03-31 17:28:20,458.96,wallet,D0169,IP0048,SUCCESS
T00003151,M0169,C0024,2026-02-09 14:55:00,3363.61,card,D0642,IP0665,SUCCESS
T00003152,M0281,C1477,2026-03-11 18:29:12,995.66,UPI,D0678,IP0685,SUCCESS
T00003153,M0380,C0240,2026-03-05 16:16:27,2899.3,wallet,D0164,IP0251,SUCCESS
T00003154,M0117,C0781,2026-03-17 17:19:28,3763.2,netbanking,D0492,IP0152,SUCCESS
T00003155,M0129,C0013,2026-01-18 19:40:56,268.65,card,D0432,IP0372,SUCCESS
T00003156,M0147,C0255,2026-01-09 22:54:05,3373.4,wallet,D0661,IP0245,SUCCESS
T00003157,M0270,C0359,2026-01-21 18:42:07,342.12,UPI,D0306,IP0707,FAILED
T00003158,M0203,C1233,2026-02-20 23:28:34,3294.11,UPI,D0006,IP0002,SUCCESS
T00003159,M0067,C0603,2026-01-26 21:23:50,701.5,UPI,D0247,IP0118,SUCCESS
T00003160,M0156,C0847,2026-02-14 13:53:17,3638.44,UPI,D0247,IP0228,SUCCESS
T00003161,M0425,C0040,2026-01-04 19:31:02,6968.43,card,D0261,IP0312,SUCCESS
T00003162,M0290,C0468,2026-02-06 16:38:19,2548.77,card,D0718,IP0561,FAILED
T00003163,M0480,C0365,2026-01-10 14:13:10,565.29,netbanking,D0695,IP0086,SUCCESS
T00003164,M0165,C0146,2026-03-12 18:15:45,285.38,UPI,D0587,IP0377,SUCCESS
T00003165,M0152,C0747,2026-02-26 08:21:29,3147.26,card,D0154,IP0612,SUCCESS
T00003166,M0239,C0248,2026-01-10 15:08:29,844.87,card,D0716,IP0459,SUCCESS
T00003167,M0061,C0900,2026-01-30 23:47:43,2800.4,netbanking,D0405,IP0295,SUCCESS
T00003168,M0178,C1487,2026-03-22 16:22:11,1179.9,UPI,D0283,IP0323,SUCCESS
T00003169,M0206,C1051,2026-03-24 10:03:19,7034.77,card,D0098,IP0418,SUCCESS
T00003170,M0347,C0570,2026-03-31 09:25:51,1040.6,UPI,D0389,IP0295,SUCCESS
T00003171,M0109,C0122,2026-03-24 14:08:23,1156.44,wallet,D0560,IP0289,SUCCESS
T00003172,M0452,C1167,2026-02-05 13:23:03,679.2,UPI,D0588,IP0676,REFUNDED
T00003173,M0449,C0984,2026-02-09 14:57:15,1621.22,UPI,D0422,IP0275,SUCCESS
T00003174,M0297,C0326,2026-01-02 13:22:59,5161.24,wallet,D0286,IP0309,SUCCESS
T00003175,M0234,C1074,2026-03-03 22:22:11,7880.71,netbanking,D0216,IP0048,REFUNDED
T00003176,M0380,C0127,2026-02-18 22:40:10,2690.04,UPI,D0039,IP0182,SUCCESS
T00003177,M0132,C1009,2026-01-03 20:58:00,1565.57,card,D0030,IP0172,SUCCESS
T00003178,M0306,C0058,2026-01-31 15:10:38,735.07,card,D0198,IP0740,SUCCESS
T00003179,M0167,C1261,2026-01-08 10:17:54,2256.28,netbanking,D0208,IP0749,SUCCESS
T00003180,M0477,C0999,2026-02-01 12:21:12,447.39,UPI,D0699,IP0503,FAILED
T00003181,M0273,C0126,2026-02-01 06:36:31,621.24,UPI,D0658,IP0097,SUCCESS
T00003182,M0289,C1229,2026-01-14 16:03:00,685.91,wallet,D0137,IP0579,SUCCESS
T00003183,M0405,C0098,2026-03-01 13:09:33,983.44,UPI,D0268,IP0001,SUCCESS
T00003184,M0410,C0814,2026-01-07 13:56:16,1538.95,wallet,D0547,IP0471,SUCCESS
T00003185,M0142,C1076,2026-02-05 23:21:37,813.94,card,D0247,IP0469,SUCCESS
T00003186,M0337,C0109,2026-01-17 13:24:08,790.21,UPI,D0285,IP0290,SUCCESS
T00003187,M0444,C1189,2026-01-22 19:03:15,1146.73,card,D0432,IP0078,REFUNDED
T00003188,M0229,C0579,2026-03-10 22:08:54,2245.64,card,D0451,IP0327,SUCCESS
T00003189,M0078,C0409,2026-03-14 15:17:54,6157.9,card,D0213,IP0222,SUCCESS
T00003190,M0444,C1047,2026-01-12 21:17:58,16884.62,card,D0611,IP0078,SUCCESS
T00003191,M0457,C0098,2026-03-23 12:47:53,668.41,netbanking,D0414,IP0192,SUCCESS
T00003192,M0113,C0298,2026-01-12 23:48:01,661.98,UPI,D0717,IP0635,SUCCESS
T00003193,M0138,C0472,2026-01-06 15:00:23,1352.04,wallet,D0180,IP0320,SUCCESS
T00003194,M0145,C1487,2026-03-24 18:28:50,257.07,UPI,D0694,IP0207,SUCCESS
T00003195,M0430,C0040,2026-02-12 14:13:02,895.93,UPI,D0015,IP0282,SUCCESS
T00003196,M0484,C0198,2026-02-12 13:47:11,1820.2,UPI,D0655,IP0096,SUCCESS
T00003197,M0224,C0179,2026-01-27 19:57:17,1158.1,UPI,D0182,IP0037,SUCCESS
T00003198,M0478,C0714,2026-01-03 15:31:05,6185.19,card,D0105,IP0257,SUCCESS
T00003199,M0013,C0269,2026-03-07 16:11:10,1719.6,wallet,D0017,IP0692,SUCCESS
T00003200,M0224,C0669,2026-01-20 09:19:28,2172.7,UPI,D0373,IP0179,SUCCESS
T00003201,M0084,C0121,2026-03-02 11:09:20,2697.27,wallet,D0523,IP0213,SUCCESS
T00003202,M0491,C1347,2026-03-21 18:38:50,1569.25,netbanking,D0053,IP0261,REFUNDED
T00003203,M0129,C0694,2026-03-03 14:48:53,568.32,card,D0256,IP0372,SUCCESS
T00003204,M0478,C1222,2026-01-04 19:21:25,16336.5,card,D0722,IP0194,SUCCESS
T00003205,M0410,C1251,2026-03-04 11:04:31,1068.27,wallet,D0552,IP0471,SUCCESS
T00003206,M0454,C1229,2026-03-14 17:57:58,3542.48,netbanking,D0039,IP0666,SUCCESS
T00003207,M0289,C0937,2026-02-14 20:50:00,791.1,UPI,D0093,IP0611,SUCCESS
T00003208,M0289,C0897,2026-03-06 14:44:27,1973.55,card,D0604,IP0579,SUCCESS
T00003209,M0113,C0476,2026-03-18 08:54:06,1225.23,card,D0296,IP0156,SUCCESS
T00003210,M0093,C0550,2026-03-18 23:21:27,349.19,UPI,D0608,IP0109,SUCCESS
T00003211,M0364,C0926,2026-03-18 13:27:37,1821.96,card,D0274,IP0643,SUCCESS
T00003212,M0162,C1226,2026-02-16 19:01:04,2410.85,card,D0209,IP0327,SUCCESS
T00003213,M0268,C0898,2026-02-22 16:25:29,2971.86,UPI,D0094,IP0714,SUCCESS
T00003214,M0090,C0716,2026-03-27 19:36:47,640.62,card,D0212,IP0294,SUCCESS
T00003215,M0327,C0926,2026-02-03 18:25:50,2646.54,card,D0434,IP0480,SUCCESS
T00003216,M0058,C0696,2026-03-13 13:24:30,548.87,UPI,D0400,IP0614,SUCCESS
T00003217,M0118,C0874,2026-02-15 10:14:26,1763.9,netbanking,D0104,IP0214,SUCCESS
T00003218,M0113,C1352,2026-01-30 11:11:02,1127.51,card,D0572,IP0156,SUCCESS
T00003219,M0103,C1013,2026-03-04 08:36:55,688.3,UPI,D0341,IP0017,SUCCESS
T00003220,M0347,C0911,2026-03-19 07:31:54,1347.12,netbanking,D0206,IP0419,SUCCESS
T00003221,M0020,C0776,2026-03-10 23:52:07,7870.65,card,D0257,IP0088,SUCCESS
T00003222,M0366,C0162,2026-02-18 09:09:31,432.04,card,D0204,IP0127,SUCCESS
T00003223,M0366,C0063,2026-02-18 10:13:30,713.68,UPI,D0204,IP0637,SUCCESS
T00003224,M0129,C0013,2026-01-24 09:01:03,153.43,card,D0320,IP0372,SUCCESS
T00003225,M0267,C0249,2026-01-21 12:17:13,224.39,UPI,D0246,IP0555,SUCCESS
T00003226,M0119,C1290,2026-01-16 08:32:24,292.63,wallet,D0740,IP0692,SUCCESS
T00003227,M0169,C0639,2026-02-16 15:11:43,834.68,card,D0458,IP0443,FAILED
T00003228,M0410,C1373,2026-02-07 14:33:42,2917.49,netbanking,D0525,IP0471,SUCCESS
T00003229,M0289,C0596,2026-01-28 23:48:03,747.73,UPI,D0501,IP0707,REFUNDED
T00003230,M0487,C0701,2026-01-09 23:25:14,284.51,UPI,D0570,IP0019,SUCCESS
T00003231,M0480,C0220,2026-03-13 21:52:42,251.29,UPI,D0450,IP0203,SUCCESS
T00003232,M0140,C0884,2026-01-09 17:05:06,255.33,wallet,D0010,IP0657,SUCCESS
T00003233,M0424,C1472,2026-01-30 22:02:41,1501.42,wallet,D0463,IP0263,SUCCESS
T00003234,M0203,C1382,2026-02-14 13:32:41,3201.76,UPI,D0042,IP0263,SUCCESS
T00003235,M0216,C1076,2026-01-09 14:09:22,3232.23,netbanking,D0295,IP0584,SUCCESS
T00003236,M0328,C0774,2026-03-01 22:56:07,156.68,UPI,D0212,IP0598,SUCCESS
T00003237,M0289,C1080,2026-02-22 16:21:46,2149.57,UPI,D0654,IP0611,SUCCESS
T00003238,M0478,C1020,2026-01-05 23:59:10,3195.18,UPI,D0391,IP0286,SUCCESS
T00003239,M0466,C0892,2026-01-16 16:48:14,1236.76,card,D0636,IP0376,SUCCESS
T00003240,M0254,C0518,2026-03-15 12:51:54,1032.87,UPI,D0091,IP0361,SUCCESS
T00003241,M0425,C1222,2026-01-08 21:09:42,22819.0,card,D0262,IP0407,SUCCESS
T00003242,M0470,C0032,2026-03-08 23:07:45,208.03,UPI,D0050,IP0635,SUCCESS
T00003243,M0392,C0393,2026-02-28 08:23:18,713.67,UPI,D0482,IP0367,SUCCESS
T00003244,M0380,C0490,2026-02-24 10:11:56,3103.84,netbanking,D0655,IP0481,SUCCESS
T00003245,M0306,C0020,2026-03-28 23:15:58,520.39,UPI,D0675,IP0053,SUCCESS
T00003246,M0376,C0091,2026-01-08 11:29:54,2250.83,card,D0145,IP0207,SUCCESS
T00003247,M0113,C0086,2026-03-21 10:10:31,597.11,UPI,D0403,IP0635,SUCCESS
T00003248,M0133,C0676,2026-01-30 23:14:42,6327.39,UPI,D0679,IP0723,SUCCESS
T00003249,M0210,C0254,2026-01-22 13:58:00,543.02,wallet,D0250,IP0481,SUCCESS
T00003250,M0480,C0970,2026-01-07 13:29:04,871.34,UPI,D0695,IP0311,SUCCESS
T00003251,M0170,C1399,2026-03-13 18:54:08,1052.87,UPI,D0051,IP0264,SUCCESS
T00003252,M0098,C1048,2026-01-26 11:42:36,681.05,UPI,D0232,IP0721,SUCCESS
T00003253,M0260,C0151,2026-01-11 23:47:50,14110.65,card,D0645,IP0194,SUCCESS
T00003254,M0201,C0338,2026-02-24 22:50:42,2286.5,card,D0175,IP0068,SUCCESS
T00003255,M0492,C0516,2026-03-06 17:21:45,2391.26,card,D0602,IP0215,SUCCESS
T00003256,M0216,C0200,2026-03-10 21:20:18,4319.69,card,D0352,IP0179,SUCCESS
T00003257,M0305,C0734,2026-01-28 15:15:28,1734.6,netbanking,D0035,IP0129,SUCCESS
T00003258,M0487,C0765,2026-03-27 23:53:00,187.23,UPI,D0405,IP0541,REFUNDED
T00003259,M0454,C1229,2026-01-10 17:02:01,3410.2,card,D0634,IP0642,SUCCESS
T00003260,M0465,C0605,2026-03-06 19:18:34,4193.56,UPI,D0213,IP0636,SUCCESS
T00003261,M0417,C0791,2026-02-13 20:38:52,741.28,netbanking,D0325,IP0533,SUCCESS
T00003262,M0208,C0756,2026-01-23 18:46:22,5743.69,card,D0428,IP0033,FAILED
T00003263,M0410,C0833,2026-01-02 23:27:15,2480.81,netbanking,D0547,IP0471,SUCCESS
T00003264,M0330,C0028,2026-02-08 06:35:16,647.52,UPI,D0368,IP0046,SUCCESS
T00003265,M0208,C0531,2026-01-25 11:05:29,1982.44,card,D0533,IP0488,SUCCESS
T00003266,M0297,C0781,2026-03-21 16:30:28,1740.09,card,D0440,IP0053,SUCCESS
T00003267,M0444,C0320,2026-02-24 16:43:47,8858.03,netbanking,D0611,IP0078,SUCCESS
T00003268,M0048,C0177,2026-01-28 07:40:52,6499.06,card,D0038,IP0342,SUCCESS
T00003269,M0461,C0499,2026-03-12 17:41:28,4837.92,card,D0057,IP0488,SUCCESS
T00003270,M0382,C0968,2026-01-16 19:29:23,673.94,UPI,D0625,IP0103,SUCCESS
T00003271,M0189,C0423,2026-03-14 12:09:01,5954.31,netbanking,D0046,IP0570,SUCCESS
T00003272,M0229,C0151,2026-02-18 19:35:29,5252.14,card,D0283,IP0713,SUCCESS
T00003273,M0246,C0716,2026-03-31 11:38:21,799.21,netbanking,D0009,IP0484,FAILED
T00003274,M0246,C0719,2026-03-03 19:23:06,4279.91,UPI,D0734,IP0728,SUCCESS
T00003275,M0013,C0961,2026-02-26 14:35:13,2149.53,wallet,D0656,IP0021,SUCCESS
T00003276,M0121,C1158,2026-02-16 17:30:04,9308.62,card,D0683,IP0490,REFUNDED
T00003277,M0248,C0866,2026-03-19 15:13:24,945.17,UPI,D0013,IP0684,SUCCESS
T00003278,M0071,C0018,2026-02-14 07:19:24,5021.68,card,D0543,IP0348,SUCCESS
T00003279,M0106,C1403,2026-01-16 11:02:41,2061.02,wallet,D0588,IP0569,SUCCESS
T00003280,M0478,C0579,2026-03-11 23:58:46,2549.45,card,D0293,IP0194,SUCCESS
T00003281,M0308,C1372,2026-02-22 21:39:13,9703.03,UPI,D0532,IP0094,SUCCESS
T00003282,M0465,C1161,2026-03-26 16:34:25,2485.46,card,D0394,IP0194,SUCCESS
T00003283,M0359,C1382,2026-03-30 12:00:07,802.12,UPI,D0059,IP0261,SUCCESS
T00003284,M0205,C0432,2026-03-01 18:04:58,743.79,card,D0645,IP0321,FAILED
T00003285,M0424,C0293,2026-01-13 17:57:18,1276.72,card,D0436,IP0263,SUCCESS
T00003286,M0319,C0359,2026-02-13 10:57:27,10859.67,wallet,D0720,IP0052,SUCCESS
T00003287,M0297,C0066,2026-03-10 18:59:26,1417.37,wallet,D0408,IP0429,SUCCESS
T00003288,M0074,C0838,2026-02-17 15:03:41,4656.84,netbanking,D0590,IP0609,SUCCESS
T00003289,M0132,C1296,2026-01-12 12:35:04,3379.2,card,D0187,IP0599,SUCCESS
T00003290,M0024,C0985,2026-01-11 16:43:23,5513.33,wallet,D0483,IP0174,SUCCESS
T00003291,M0066,C0512,2026-03-20 18:50:38,295.76,UPI,D0450,IP0665,SUCCESS
T00003292,M0454,C0066,2026-03-21 09:58:27,2346.3,card,D0691,IP0211,REFUNDED
T00003293,M0416,C0595,2026-01-23 11:42:01,1230.96,UPI,D0380,IP0446,SUCCESS
T00003294,M0142,C0031,2026-03-13 20:09:20,1176.2,card,D0247,IP0469,SUCCESS
T00003295,M0146,C1366,2026-03-18 21:43:10,978.49,card,D0135,IP0435,SUCCESS
T00003296,M0279,C0892,2026-03-29 11:09:45,2169.6,UPI,D0448,IP0147,SUCCESS
T00003297,M0195,C0390,2026-02-09 07:29:47,317.79,wallet,D0167,IP0518,SUCCESS
T00003298,M0303,C0511,2026-01-30 21:26:24,674.65,wallet,D0552,IP0222,SUCCESS
T00003299,M0140,C0049,2026-02-27 11:48:54,1100.99,UPI,D0528,IP0709,SUCCESS
T00003300,M0229,C1126,2026-01-07 23:21:39,9057.47,card,D0283,IP0481,SUCCESS
T00003301,M0471,C0957,2026-03-09 06:39:20,380.02,UPI,D0235,IP0541,SUCCESS
T00003302,M0259,C0004,2026-01-11 16:26:09,1269.13,UPI,D0539,IP0644,REFUNDED
T00003303,M0448,C0029,2026-02-07 19:04:59,37659.66,card,D0049,IP0118,SUCCESS
T00003304,M0297,C0040,2026-03-13 20:43:24,4679.68,card,D0326,IP0440,FAILED
T00003305,M0241,C1360,2026-01-12 16:12:44,1139.11,netbanking,D0151,IP0646,SUCCESS
T00003306,M0289,C1319,2026-02-09 17:49:55,357.62,UPI,D0289,IP0390,SUCCESS
T00003307,M0402,C0116,2026-03-17 15:24:23,2091.68,UPI,D0154,IP0511,SUCCESS
T00003308,M0500,C0380,2026-03-13 16:16:13,356.93,UPI,D0473,IP0086,SUCCESS
T00003309,M0015,C1305,2026-01-30 19:54:06,561.99,UPI,D0711,IP0273,SUCCESS
T00003310,M0291,C0729,2026-01-28 11:03:34,1914.04,UPI,D0688,IP0458,SUCCESS
T00003311,M0366,C0208,2026-01-13 10:02:54,532.86,wallet,D0204,IP0455,SUCCESS
T00003312,M0229,C1382,2026-01-31 23:09:26,34960.89,UPI,D0451,IP0327,SUCCESS
T00003313,M0313,C0009,2026-01-08 13:19:08,1794.32,card,D0572,IP0126,SUCCESS
T00003314,M0035,C0912,2026-02-24 14:53:36,1205.77,wallet,D0598,IP0089,SUCCESS
T00003315,M0165,C0923,2026-01-22 17:34:54,765.43,UPI,D0189,IP0575,SUCCESS
T00003316,M0214,C0152,2026-01-29 15:54:04,2214.41,card,D0703,IP0405,SUCCESS
T00003317,M0229,C0779,2026-03-07 21:22:16,14346.25,card,D0395,IP0327,SUCCESS
T00003318,M0370,C0027,2026-01-07 15:24:05,3730.66,UPI,D0166,IP0622,SUCCESS
T00003319,M0464,C0762,2026-02-25 15:51:58,503.45,wallet,D0096,IP0002,SUCCESS
T00003320,M0042,C0678,2026-03-26 06:24:29,11967.16,card,D0330,IP0409,SUCCESS
T00003321,M0254,C0429,2026-01-12 10:23:53,2803.28,card,D0403,IP0307,SUCCESS
T00003322,M0225,C0146,2026-02-08 07:16:14,1116.35,card,D0234,IP0459,SUCCESS
T00003323,M0487,C1499,2026-03-10 21:45:59,774.31,UPI,D0738,IP0214,SUCCESS
T00003324,M0381,C0198,2026-01-02 12:17:52,222.68,UPI,D0450,IP0012,SUCCESS
T00003325,M0483,C0332,2026-01-13 23:30:44,6616.14,netbanking,D0643,IP0076,SUCCESS
T00003326,M0289,C0842,2026-03-24 17:45:33,1383.94,wallet,D0459,IP0611,REFUNDED
T00003327,M0349,C1079,2026-03-29 16:14:57,3463.95,card,D0648,IP0568,SUCCESS
T00003328,M0442,C0088,2026-01-02 12:37:32,1230.14,UPI,D0486,IP0110,SUCCESS
T00003329,M0020,C0124,2026-01-20 20:13:44,17261.02,UPI,D0410,IP0510,SUCCESS
T00003330,M0478,C1096,2026-02-06 23:34:26,4879.31,card,D0293,IP0692,SUCCESS
T00003331,M0269,C0004,2026-02-11 18:53:11,1102.71,card,D0542,IP0152,SUCCESS
T00003332,M0487,C0112,2026-01-29 23:19:49,1430.19,wallet,D0738,IP0530,SUCCESS
T00003333,M0006,C0557,2026-01-11 11:31:04,1406.63,UPI,D0219,IP0548,SUCCESS
T00003334,M0075,C0723,2026-03-11 09:27:20,574.31,netbanking,D0370,IP0200,SUCCESS
T00003335,M0055,C1152,2026-02-04 17:08:57,1397.6,UPI,D0692,IP0077,SUCCESS
T00003336,M0037,C0132,2026-03-20 07:59:55,509.19,wallet,D0048,IP0343,SUCCESS
T00003337,M0101,C1154,2026-02-26 16:11:50,1419.57,UPI,D0010,IP0136,SUCCESS
T00003338,M0195,C1262,2026-01-11 19:54:12,779.18,UPI,D0167,IP0264,SUCCESS
T00003339,M0101,C0321,2026-03-23 13:08:47,1610.1,card,D0202,IP0090,FAILED
T00003340,M0113,C1379,2026-03-09 16:40:37,2862.87,netbanking,D0403,IP0635,SUCCESS
T00003341,M0254,C0566,2026-01-16 14:17:11,1185.67,UPI,D0172,IP0346,SUCCESS
T00003342,M0347,C0659,2026-01-26 19:35:51,154.04,netbanking,D0206,IP0225,SUCCESS
T00003343,M0026,C0433,2026-02-13 03:23:17,1844.15,wallet,D0463,IP0128,SUCCESS
T00003344,M0314,C0049,2026-03-01 15:20:38,1344.42,UPI,D0327,IP0519,SUCCESS
T00003345,M0321,C1378,2026-01-08 19:50:15,845.11,UPI,D0741,IP0112,SUCCESS
T00003346,M0185,C0914,2026-03-03 06:09:56,1875.1,card,D0466,IP0709,SUCCESS
T00003347,M0126,C0683,2026-02-04 23:13:00,581.62,UPI,D0586,IP0267,REFUNDED
T00003348,M0353,C1331,2026-01-13 18:39:30,2556.7,UPI,D0653,IP0670,SUCCESS
T00003349,M0410,C1066,2026-01-29 09:44:04,1384.24,UPI,D0547,IP0736,SUCCESS
T00003350,M0165,C0297,2026-02-11 18:17:05,247.76,wallet,D0399,IP0165,SUCCESS
T00003351,M0289,C0597,2026-01-12 23:17:29,847.1,UPI,D0654,IP0703,SUCCESS
T00003352,M0075,C0557,2026-03-27 10:27:15,340.85,UPI,D0594,IP0225,SUCCESS
T00003353,M0410,C0619,2026-01-18 20:19:34,814.02,UPI,D0098,IP0189,SUCCESS
T00003354,M0364,C0555,2026-01-18 13:33:48,3430.75,UPI,D0274,IP0151,SUCCESS
T00003355,M0241,C1274,2026-03-05 13:18:03,1264.33,UPI,D0587,IP0469,FAILED
T00003356,M0333,C1340,2026-03-31 17:10:39,3616.81,card,D0061,IP0439,SUCCESS
T00003357,M0484,C0765,2026-01-26 09:24:38,758.74,UPI,D0076,IP0256,SUCCESS
T00003358,M0304,C1449,2026-03-01 21:31:52,391.18,card,D0201,IP0562,SUCCESS
T00003359,M0241,C1417,2026-01-24 17:08:21,866.36,card,D0184,IP0469,SUCCESS
T00003360,M0254,C1187,2026-02-12 16:10:28,2016.07,UPI,D0321,IP0709,SUCCESS
T00003361,M0121,C1174,2026-01-20 20:20:02,40455.18,netbanking,D0380,IP0478,SUCCESS
T00003362,M0470,C0744,2026-02-11 18:16:10,1413.4,UPI,D0050,IP0726,REFUNDED
T00003363,M0303,C1441,2026-03-27 16:56:59,256.69,wallet,D0271,IP0605,SUCCESS
T00003364,M0224,C1213,2026-02-05 15:50:51,1178.45,UPI,D0141,IP0327,SUCCESS
T00003365,M0478,C0046,2026-01-10 23:13:09,16813.55,card,D0391,IP0257,SUCCESS
T00003366,M0303,C0855,2026-01-16 17:12:44,977.24,UPI,D0660,IP0605,SUCCESS
T00003367,M0113,C0943,2026-02-05 15:20:09,2089.75,netbanking,D0296,IP0156,SUCCESS
T00003368,M0378,C1068,2026-02-26 09:30:53,249.25,UPI,D0074,IP0488,SUCCESS
T00003369,M0487,C1137,2026-01-13 15:35:29,555.76,wallet,D0738,IP0530,SUCCESS
T00003370,M0425,C1022,2026-03-15 23:14:23,6789.42,card,D0262,IP0446,SUCCESS
T00003371,M0214,C0682,2026-01-28 17:04:32,1535.12,card,D0437,IP0090,SUCCESS
T00003372,M0424,C0398,2026-02-24 14:09:29,792.46,card,D0082,IP0125,SUCCESS
T00003373,M0274,C1488,2026-02-23 23:43:07,7348.45,card,D0197,IP0081,SUCCESS
T00003374,M0229,C0240,2026-03-02 23:43:19,7106.61,card,D0704,IP0327,SUCCESS
T00003375,M0303,C0081,2026-02-15 21:32:06,2083.52,UPI,D0181,IP0456,SUCCESS
T00003376,M0057,C1375,2026-02-14 19:18:57,381.61,UPI,D0248,IP0678,SUCCESS
T00003377,M0152,C0949,2026-02-09 10:19:49,1055.53,card,D0365,IP0612,SUCCESS
T00003378,M0320,C0836,2026-03-02 12:32:32,1960.03,UPI,D0699,IP0591,SUCCESS
T00003379,M0085,C0451,2026-03-30 14:52:27,1319.15,card,D0093,IP0508,SUCCESS
T00003380,M0229,C0156,2026-02-04 14:50:23,13491.79,wallet,D0248,IP0327,SUCCESS
T00003381,M0425,C0678,2026-03-01 23:01:16,6493.33,UPI,D0262,IP0481,SUCCESS
T00003382,M0456,C0565,2026-01-06 10:53:54,6277.22,wallet,D0253,IP0638,SUCCESS
T00003383,M0121,C0488,2026-01-12 21:18:45,4797.65,card,D0015,IP0223,SUCCESS
T00003384,M0480,C0918,2026-01-05 09:45:26,432.98,UPI,D0450,IP0286,SUCCESS
T00003385,M0263,C1058,2026-02-11 21:21:59,1786.34,netbanking,D0483,IP0629,SUCCESS
T00003386,M0113,C0126,2026-01-21 13:37:00,337.6,UPI,D0462,IP0635,SUCCESS
T00003387,M0403,C0936,2026-02-12 14:55:21,2642.89,UPI,D0736,IP0503,SUCCESS
T00003388,M0066,C0333,2026-01-09 21:04:36,317.17,wallet,D0247,IP0295,SUCCESS
T00003389,M0398,C0033,2026-02-02 12:12:03,2511.86,UPI,D0438,IP0088,SUCCESS
T00003390,M0380,C1018,2026-03-05 14:35:08,33176.4,card,D0608,IP0481,SUCCESS
T00003391,M0355,C1440,2026-01-31 15:35:10,213.1,UPI,D0062,IP0138,SUCCESS
T00003392,M0425,C0362,2026-03-16 23:40:10,5513.64,card,D0255,IP0446,SUCCESS
T00003393,M0424,C0561,2026-03-16 09:38:26,1427.58,card,D0471,IP0125,SUCCESS
T00003394,M0248,C0812,2026-01-02 10:27:06,930.93,card,D0369,IP0684,SUCCESS
T00003395,M0290,C0625,2026-03-20 10:06:12,1219.99,UPI,D0060,IP0511,SUCCESS
T00003396,M0230,C1120,2026-01-25 11:52:57,386.18,wallet,D0508,IP0505,SUCCESS
T00003397,M0339,C0940,2026-01-08 19:28:30,337.74,UPI,D0421,IP0398,SUCCESS
T00003398,M0296,C0244,2026-03-14 15:01:19,1551.12,wallet,D0158,IP0135,SUCCESS
T00003399,M0169,C1080,2026-03-17 11:51:09,359.93,card,D0458,IP0518,SUCCESS
T00003400,M0236,C1414,2026-01-28 09:24:22,687.62,card,D0228,IP0458,SUCCESS
T00003401,M0306,C0929,2026-02-07 22:14:46,1177.86,UPI,D0226,IP0331,SUCCESS
T00003402,M0420,C0955,2026-03-30 15:48:53,2034.79,UPI,D0153,IP0152,SUCCESS
T00003403,M0101,C1485,2026-01-09 14:31:32,2520.49,UPI,D0202,IP0278,SUCCESS
T00003404,M0304,C0940,2026-03-11 16:32:03,159.69,UPI,D0195,IP0434,SUCCESS
T00003405,M0480,C0948,2026-01-28 07:53:19,747.71,UPI,D0450,IP0240,SUCCESS
T00003406,M0229,C0174,2026-03-07 22:35:41,37263.91,card,D0013,IP0481,SUCCESS
T00003407,M0048,C0503,2026-02-03 21:35:53,3191.36,wallet,D0038,IP0038,SUCCESS
T00003408,M0440,C1311,2026-02-05 20:49:10,3824.54,netbanking,D0268,IP0500,SUCCESS
T00003409,M0136,C0343,2026-03-17 10:27:04,1355.33,UPI,D0703,IP0545,SUCCESS
T00003410,M0379,C1497,2026-01-24 17:30:12,3258.58,UPI,D0562,IP0439,SUCCESS
T00003411,M0260,C1160,2026-03-04 20:49:02,8397.56,card,D0645,IP0717,SUCCESS
T00003412,M0480,C1017,2026-01-08 08:53:56,554.67,UPI,D0695,IP0311,REFUNDED
T00003413,M0410,C1208,2026-03-03 15:48:49,1988.19,UPI,D0098,IP0720,SUCCESS
T00003414,M0423,C0694,2026-03-04 17:35:24,1584.52,UPI,D0121,IP0747,SUCCESS
T00003415,M0330,C0576,2026-01-12 16:31:15,1934.17,card,D0100,IP0453,SUCCESS
T00003416,M0104,C1467,2026-03-18 14:12:37,1695.58,UPI,D0728,IP0320,SUCCESS
T00003417,M0117,C1351,2026-03-09 15:29:40,4153.99,UPI,D0263,IP0280,SUCCESS
T00003418,M0026,C0855,2026-01-23 16:31:08,9914.28,card,D0151,IP0086,SUCCESS
T00003419,M0352,C1263,2026-03-05 07:16:55,10818.39,netbanking,D0444,IP0716,SUCCESS
T00003420,M0376,C1323,2026-01-11 17:07:30,647.26,card,D0202,IP0700,SUCCESS
T00003421,M0133,C1103,2026-02-11 19:43:22,4679.26,UPI,D0679,IP0532,SUCCESS
T00003422,M0444,C0668,2026-01-24 12:10:30,5090.19,card,D0144,IP0296,SUCCESS
T00003423,M0204,C1108,2026-01-19 11:15:32,753.18,card,D0183,IP0329,FAILED
T00003424,M0142,C0824,2026-01-20 23:56:58,278.11,wallet,D0092,IP0469,SUCCESS
T00003425,M0403,C1404,2026-02-18 13:03:47,4455.31,card,D0598,IP0199,SUCCESS
T00003426,M0347,C0087,2026-02-11 17:24:52,906.65,UPI,D0389,IP0013,FAILED
T00003427,M0129,C1199,2026-01-17 18:54:37,574.01,netbanking,D0469,IP0372,SUCCESS
T00003428,M0429,C0662,2026-02-03 17:39:20,1266.32,UPI,D0564,IP0083,SUCCESS
T00003429,M0076,C0207,2026-03-18 11:30:56,6810.55,UPI,D0527,IP0303,SUCCESS
T00003430,M0127,C0708,2026-01-30 12:46:59,3542.97,UPI,D0315,IP0543,REFUNDED
T00003431,M0405,C0401,2026-01-30 16:23:04,5510.0,netbanking,D0164,IP0464,SUCCESS
T00003432,M0302,C0347,2026-03-23 17:05:34,897.9,UPI,D0006,IP0603,SUCCESS
T00003433,M0246,C0149,2026-01-31 15:40:08,882.23,netbanking,D0568,IP0346,SUCCESS
T00003434,M0113,C0326,2026-02-18 14:43:36,2288.37,wallet,D0403,IP0262,FAILED
T00003435,M0071,C1189,2026-02-20 23:23:52,1752.83,netbanking,D0457,IP0047,REFUNDED
T00003436,M0248,C0266,2026-02-04 12:04:27,104.24,UPI,D0445,IP0340,SUCCESS
T00003437,M0491,C0476,2026-02-22 12:46:27,1318.04,card,D0048,IP0119,SUCCESS
T00003438,M0347,C0087,2026-03-12 15:33:36,967.39,wallet,D0296,IP0162,SUCCESS
T00003439,M0179,C0274,2026-03-28 12:14:11,5728.23,UPI,D0743,IP0251,SUCCESS
T00003440,M0500,C1398,2026-03-07 16:10:53,1669.84,UPI,D0660,IP0186,REFUNDED
T00003441,M0499,C0455,2026-02-14 11:00:24,296.71,wallet,D0160,IP0186,SUCCESS
T00003442,M0199,C0749,2026-03-10 19:38:07,1706.36,netbanking,D0678,IP0365,SUCCESS
T00003443,M0141,C1108,2026-03-27 12:19:43,1802.54,UPI,D0481,IP0401,SUCCESS
T00003444,M0129,C1121,2026-03-14 11:31:34,434.06,UPI,D0432,IP0372,SUCCESS
T00003445,M0326,C0066,2026-03-30 12:47:21,298.04,card,D0473,IP0006,SUCCESS
T00003446,M0176,C0118,2026-02-10 11:49:08,629.19,netbanking,D0281,IP0282,SUCCESS
T00003447,M0410,C0981,2026-02-03 06:37:45,1025.91,UPI,D0098,IP0471,SUCCESS
T00003448,M0204,C0162,2026-02-26 17:28:17,484.06,UPI,D0006,IP0126,SUCCESS
T00003449,M0337,C0164,2026-03-21 10:01:36,1148.27,netbanking,D0327,IP0290,SUCCESS
T00003450,M0147,C0100,2026-03-05 18:51:04,1255.88,UPI,D0689,IP0245,SUCCESS
T00003451,M0274,C0938,2026-02-18 23:30:44,9989.44,UPI,D0003,IP0431,SUCCESS
T00003452,M0364,C1446,2026-01-03 13:41:27,1461.08,card,D0274,IP0350,SUCCESS
T00003453,M0492,C1107,2026-02-02 06:08:02,3968.71,netbanking,D0078,IP0683,SUCCESS
T00003454,M0173,C0137,2026-01-02 16:12:41,828.32,UPI,D0048,IP0738,SUCCESS
T00003455,M0404,C0746,2026-01-02 12:25:47,513.62,UPI,D0297,IP0367,SUCCESS
T00003456,M0334,C0739,2026-02-28 12:06:07,8169.67,UPI,D0544,IP0228,SUCCESS
T00003457,M0404,C1200,2026-02-26 11:25:09,1247.3,card,D0503,IP0367,SUCCESS
T00003458,M0338,C0825,2026-02-18 22:36:39,12143.25,wallet,D0372,IP0264,SUCCESS
T00003459,M0076,C1017,2026-01-07 13:53:58,663.33,UPI,D0527,IP0538,SUCCESS
T00003460,M0144,C1134,2026-02-16 19:52:49,3769.12,wallet,D0221,IP0125,SUCCESS
T00003461,M0382,C0514,2026-02-15 06:15:43,794.21,card,D0424,IP0235,SUCCESS
T00003462,M0402,C0545,2026-02-03 17:40:55,2894.25,netbanking,D0224,IP0022,SUCCESS
T00003463,M0352,C1071,2026-03-22 11:12:45,6559.65,UPI,D0179,IP0322,SUCCESS
T00003464,M0129,C0188,2026-03-09 23:49:54,717.03,UPI,D0390,IP0372,SUCCESS
T00003465,M0076,C1437,2026-02-13 17:44:22,265.0,card,D0397,IP0209,SUCCESS
T00003466,M0401,C0327,2026-02-05 17:23:25,555.49,UPI,D0580,IP0595,SUCCESS
T00003467,M0355,C0694,2026-03-14 18:45:57,1070.98,wallet,D0422,IP0060,SUCCESS
T00003468,M0303,C0328,2026-02-04 22:08:33,808.12,UPI,D0271,IP0605,SUCCESS
T00003469,M0013,C0999,2026-03-04 16:06:44,848.31,card,D0017,IP0704,SUCCESS
T00003470,M0344,C0466,2026-01-26 23:32:59,878.75,card,D0450,IP0174,SUCCESS
T00003471,M0410,C0187,2026-01-23 10:13:06,3476.11,netbanking,D0552,IP0720,SUCCESS
T00003472,M0261,C0038,2026-01-10 13:03:02,3475.37,wallet,D0161,IP0044,SUCCESS
T00003473,M0035,C0467,2026-01-26 19:14:33,277.36,UPI,D0615,IP0089,SUCCESS
T00003474,M0168,C0470,2026-02-12 20:23:55,408.58,card,D0030,IP0422,SUCCESS
T00003475,M0118,C0861,2026-01-14 11:52:54,1371.48,card,D0397,IP0214,SUCCESS
T00003476,M0343,C0366,2026-01-27 12:06:09,573.15,UPI,D0544,IP0282,SUCCESS
T00003477,M0090,C1468,2026-03-20 17:06:20,549.33,UPI,D0613,IP0272,SUCCESS
T00003478,M0025,C0198,2026-01-28 05:12:57,3464.52,wallet,D0664,IP0306,FAILED
T00003479,M0424,C0080,2026-03-06 10:27:02,230.05,card,D0471,IP0649,SUCCESS
T00003480,M0475,C1456,2026-01-05 15:57:42,1724.3,UPI,D0544,IP0383,FAILED
T00003481,M0435,C0616,2026-02-05 15:24:43,1147.25,UPI,D0501,IP0039,SUCCESS
T00003482,M0324,C0235,2026-02-19 15:11:06,231.56,UPI,D0055,IP0340,SUCCESS
T00003483,M0205,C0826,2026-01-12 23:21:41,1049.91,UPI,D0048,IP0112,SUCCESS
T00003484,M0061,C0718,2026-02-22 22:04:17,2395.72,netbanking,D0702,IP0353,SUCCESS
T00003485,M0221,C0395,2026-03-21 16:17:08,1492.11,card,D0255,IP0366,SUCCESS
T00003486,M0122,C0750,2026-01-02 13:18:42,4808.69,card,D0436,IP0680,SUCCESS
T00003487,M0424,C0622,2026-02-18 06:18:09,589.97,card,D0463,IP0125,SUCCESS
T00003488,M0430,C0688,2026-03-15 08:52:45,1786.99,UPI,D0427,IP0282,SUCCESS
T00003489,M0263,C1000,2026-03-16 17:03:16,1810.36,card,D0087,IP0629,SUCCESS
T00003490,M0176,C0461,2026-01-14 19:28:50,1413.41,wallet,D0608,IP0462,SUCCESS
T00003491,M0380,C0793,2026-01-29 18:25:53,1379.99,card,D0267,IP0469,SUCCESS
T00003492,M0348,C0409,2026-03-24 15:17:56,4358.64,UPI,D0247,IP0002,SUCCESS
T00003493,M0321,C0867,2026-02-11 16:56:54,2688.56,card,D0741,IP0603,SUCCESS
T00003494,M0478,C1061,2026-01-08 23:32:04,4571.35,card,D0722,IP0692,SUCCESS
T00003495,M0165,C1124,2026-03-29 21:44:18,731.46,UPI,D0029,IP0165,FAILED
T00003496,M0195,C0952,2026-01-07 15:45:50,192.97,card,D0541,IP0140,SUCCESS
T00003497,M0036,C0803,2026-02-13 13:53:01,1541.05,card,D0294,IP0618,SUCCESS
T00003498,M0142,C0249,2026-03-31 18:12:47,336.14,UPI,D0092,IP0469,REFUNDED
T00003499,M0263,C1443,2026-03-30 15:59:27,501.52,card,D0151,IP0629,SUCCESS
T00003500,M0424,C0030,2026-01-27 20:49:04,557.59,card,D0463,IP0125,SUCCESS
T00003501,M0126,C1322,2026-03-02 21:20:11,495.62,UPI,D0492,IP0267,SUCCESS
T00003502,M0296,C1140,2026-03-19 15:17:27,2935.25,UPI,D0546,IP0469,SUCCESS
T00003503,M0176,C0378,2026-02-22 18:21:07,856.12,card,D0471,IP0462,SUCCESS
T00003504,M0410,C0809,2026-03-05 12:38:44,3348.78,wallet,D0547,IP0720,SUCCESS
T00003505,M0356,C0221,2026-02-03 15:54:48,1518.44,UPI,D0159,IP0422,SUCCESS
T00003506,M0036,C0585,2026-01-25 10:27:05,1587.59,card,D0059,IP0678,SUCCESS
T00003507,M0113,C1331,2026-01-11 15:34:17,294.92,card,D0403,IP0559,SUCCESS
T00003508,M0405,C0820,2026-03-04 11:27:38,1386.79,card,D0268,IP0464,SUCCESS
T00003509,M0368,C0172,2026-03-26 14:40:53,823.58,UPI,D0334,IP0396,SUCCESS
T00003510,M0084,C0580,2026-03-24 20:08:33,8657.66,card,D0587,IP0316,FAILED
T00003511,M0173,C0395,2026-02-05 07:43:37,1275.14,card,D0653,IP0712,SUCCESS
T00003512,M0159,C1234,2026-03-19 19:33:07,4350.81,netbanking,D0164,IP0298,SUCCESS
T00003513,M0264,C1333,2026-01-31 06:16:25,515.8,card,D0263,IP0545,SUCCESS
T00003514,M0015,C1114,2026-02-17 17:06:08,828.51,wallet,D0711,IP0273,SUCCESS
T00003515,M0297,C0589,2026-02-15 10:19:56,1325.08,UPI,D0698,IP0440,SUCCESS
T00003516,M0113,C0582,2026-01-22 18:59:16,2340.53,UPI,D0403,IP0635,SUCCESS
T00003517,M0401,C1212,2026-01-15 18:45:25,1020.8,wallet,D0374,IP0165,SUCCESS
T00003518,M0303,C1466,2026-02-12 23:04:55,204.05,wallet,D0271,IP0092,SUCCESS
T00003519,M0412,C0671,2026-02-01 14:53:56,2010.49,wallet,D0742,IP0558,FAILED
T00003520,M0352,C1464,2026-01-16 10:00:26,2747.73,netbanking,D0444,IP0716,SUCCESS
T00003521,M0469,C1097,2026-03-15 08:25:33,1729.05,UPI,D0529,IP0360,SUCCESS
T00003522,M0483,C0007,2026-01-20 18:13:26,3931.79,netbanking,D0698,IP0496,SUCCESS
T00003523,M0347,C0201,2026-01-21 17:42:00,1208.67,UPI,D0588,IP0063,SUCCESS
T00003524,M0348,C0584,2026-03-19 11:45:04,983.53,wallet,D0590,IP0176,FAILED
T00003525,M0205,C0257,2026-02-21 12:36:35,1305.0,UPI,D0740,IP0081,SUCCESS
T00003526,M0478,C0295,2026-03-25 16:25:19,15387.28,card,D0391,IP0360,SUCCESS
T00003527,M0424,C0257,2026-01-02 14:48:45,613.5,card,D0436,IP0263,SUCCESS
T00003528,M0147,C0122,2026-01-02 18:21:51,983.62,UPI,D0661,IP0082,SUCCESS
T00003529,M0152,C0810,2026-03-28 16:42:28,1174.09,UPI,D0365,IP0366,SUCCESS
T00003530,M0402,C0010,2026-01-21 13:46:35,1678.86,wallet,D0424,IP0568,SUCCESS
T00003531,M0204,C1477,2026-01-12 16:34:24,1055.14,UPI,D0006,IP0702,SUCCESS
T00003532,M0424,C1429,2026-01-17 18:03:21,922.15,card,D0463,IP0204,SUCCESS
T00003533,M0471,C0859,2026-01-12 13:43:05,973.99,UPI,D0738,IP0691,SUCCESS
T00003534,M0083,C0202,2026-03-07 16:26:02,2425.94,netbanking,D0637,IP0163,FAILED
T00003535,M0295,C1468,2026-01-02 08:23:07,3172.92,UPI,D0391,IP0469,SUCCESS
T00003536,M0452,C0901,2026-02-13 18:23:17,879.04,wallet,D0171,IP0078,SUCCESS
T00003537,M0303,C0073,2026-01-13 20:56:44,500.75,UPI,D0552,IP0456,SUCCESS
T00003538,M0113,C0690,2026-02-19 08:53:42,1720.41,netbanking,D0296,IP0635,SUCCESS
T00003539,M0416,C0727,2026-01-04 07:26:01,1722.88,UPI,D0320,IP0453,SUCCESS
T00003540,M0132,C1009,2026-01-27 13:45:22,1300.57,UPI,D0618,IP0347,FAILED
T00003541,M0286,C1461,2026-01-14 07:26:01,2144.47,wallet,D0097,IP0450,SUCCESS
T00003542,M0487,C1401,2026-01-19 23:33:33,482.35,UPI,D0570,IP0467,SUCCESS
T00003543,M0453,C0053,2026-02-12 09:30:49,758.85,card,D0151,IP0334,FAILED
T00003544,M0337,C1404,2026-01-27 13:54:02,976.78,wallet,D0349,IP0654,SUCCESS
T00003545,M0113,C1009,2026-01-30 20:20:55,456.72,UPI,D0296,IP0635,FAILED
T00003546,M0216,C0327,2026-03-14 13:44:29,4221.5,UPI,D0688,IP0193,SUCCESS
T00003547,M0144,C1008,2026-01-12 16:08:54,7790.64,card,D0601,IP0703,SUCCESS
T00003548,M0367,C1070,2026-02-14 19:08:07,4277.67,netbanking,D0579,IP0159,SUCCESS
T00003549,M0405,C0114,2026-03-17 16:57:20,2981.82,UPI,D0268,IP0734,SUCCESS
T00003550,M0347,C1153,2026-03-18 15:10:45,3827.74,card,D0206,IP0034,REFUNDED
T00003551,M0336,C1393,2026-03-31 23:38:35,2412.92,card,D0691,IP0412,SUCCESS
T00003552,M0176,C1265,2026-01-17 21:24:49,1526.53,card,D0608,IP0559,SUCCESS
T00003553,M0254,C0429,2026-03-16 15:29:54,1045.94,card,D0654,IP0476,SUCCESS
T00003554,M0491,C0575,2026-02-18 16:08:21,30676.43,card,D0153,IP0506,SUCCESS
T00003555,M0469,C0053,2026-01-16 16:43:32,2053.66,UPI,D0529,IP0226,SUCCESS
T00003556,M0382,C1091,2026-03-13 18:36:04,1294.66,UPI,D0424,IP0227,FAILED
T00003557,M0444,C0099,2026-01-05 19:17:15,8626.63,wallet,D0037,IP0075,SUCCESS
T00003558,M0382,C0300,2026-01-19 18:09:14,1927.07,wallet,D0364,IP0235,SUCCESS
T00003559,M0356,C0114,2026-02-07 17:00:46,745.54,UPI,D0663,IP0422,SUCCESS
T00003560,M0405,C1164,2026-01-21 19:46:55,1646.16,UPI,D0180,IP0115,SUCCESS
T00003561,M0147,C0758,2026-03-30 14:35:52,1240.4,UPI,D0689,IP0245,SUCCESS
T00003562,M0487,C1137,2026-03-27 20:25:56,1484.35,UPI,D0405,IP0019,REFUNDED
T00003563,M0247,C1479,2026-02-12 23:41:25,8071.07,card,D0086,IP0360,SUCCESS
T00003564,M0026,C0349,2026-02-09 17:58:37,8360.77,card,D0697,IP0704,SUCCESS
T00003565,M0125,C0541,2026-03-29 16:55:41,670.76,card,D0420,IP0745,SUCCESS
T00003566,M0364,C1036,2026-02-19 11:09:32,379.57,UPI,D0656,IP0241,SUCCESS
T00003567,M0365,C0533,2026-03-27 11:14:16,2380.68,card,D0316,IP0143,SUCCESS
T00003568,M0302,C0554,2026-02-14 17:06:03,464.22,card,D0726,IP0616,SUCCESS
T00003569,M0288,C0285,2026-03-15 11:44:43,593.84,card,D0402,IP0377,SUCCESS
T00003570,M0353,C0264,2026-02-12 23:50:06,834.29,card,D0437,IP0100,SUCCESS
T00003571,M0390,C0951,2026-03-05 14:02:14,1393.01,card,D0101,IP0259,SUCCESS
T00003572,M0131,C0513,2026-03-04 10:13:07,5589.52,UPI,D0147,IP0437,SUCCESS
T00003573,M0133,C0934,2026-03-16 20:27:08,4439.94,UPI,D0660,IP0299,SUCCESS
T00003574,M0020,C1048,2026-03-28 23:30:52,43969.96,card,D0080,IP0088,SUCCESS
T00003575,M0333,C1340,2026-01-18 15:54:09,10088.7,card,D0382,IP0316,SUCCESS
T00003576,M0212,C0262,2026-03-21 18:13:19,9325.83,netbanking,D0689,IP0573,SUCCESS
T00003577,M0478,C0559,2026-01-09 23:00:34,3672.17,UPI,D0293,IP0101,SUCCESS
T00003578,M0196,C0813,2026-03-14 12:03:06,5352.4,netbanking,D0518,IP0510,FAILED
T00003579,M0306,C1499,2026-03-01 23:48:57,488.48,UPI,D0568,IP0426,SUCCESS
T00003580,M0203,C0083,2026-02-24 14:45:26,416.8,UPI,D0173,IP0263,FAILED
T00003581,M0205,C1320,2026-02-22 12:34:38,807.94,UPI,D0740,IP0147,SUCCESS
T00003582,M0208,C0761,2026-01-17 16:14:11,3018.5,card,D0428,IP0543,SUCCESS
T00003583,M0337,C0301,2026-01-22 14:32:38,666.47,wallet,D0349,IP0290,FAILED
T00003584,M0210,C0805,2026-03-21 21:17:42,456.35,UPI,D0061,IP0481,SUCCESS
T00003585,M0113,C0059,2026-01-27 21:38:06,1383.87,wallet,D0296,IP0156,SUCCESS
T00003586,M0113,C0137,2026-03-13 14:42:05,1661.64,card,D0519,IP0635,SUCCESS
T00003587,M0297,C1140,2026-01-19 15:14:21,2752.74,UPI,D0467,IP0509,SUCCESS
T00003588,M0247,C1488,2026-02-16 23:29:49,12975.06,card,D0500,IP0504,SUCCESS
T00003589,M0447,C0417,2026-01-21 23:44:23,3271.33,netbanking,D0420,IP0557,SUCCESS
T00003590,M0026,C0177,2026-01-12 11:14:28,4560.42,wallet,D0278,IP0032,SUCCESS
T00003591,M0153,C1429,2026-02-15 08:32:49,2329.83,wallet,D0284,IP0283,SUCCESS
T00003592,M0376,C1478,2026-02-13 14:20:00,2712.18,netbanking,D0295,IP0700,FAILED
T00003593,M0370,C0876,2026-02-26 13:47:03,1758.86,UPI,D0202,IP0622,SUCCESS
T00003594,M0057,C0165,2026-03-08 18:41:00,727.02,UPI,D0095,IP0408,SUCCESS
T00003595,M0147,C1187,2026-02-11 14:16:29,2190.67,UPI,D0190,IP0245,SUCCESS
T00003596,M0142,C1228,2026-02-05 09:24:26,317.43,card,D0208,IP0469,SUCCESS
T00003597,M0487,C0933,2026-03-07 22:04:29,634.38,UPI,D0405,IP0081,SUCCESS
T00003598,M0474,C1311,2026-01-31 12:34:53,430.13,wallet,D0247,IP0048,SUCCESS
T00003599,M0491,C0084,2026-02-06 04:03:01,1190.88,card,D0153,IP0119,SUCCESS
T00003600,M0113,C0816,2026-03-06 12:50:15,2128.04,card,D0248,IP0156,SUCCESS
T00003601,M0379,C0704,2026-01-05 13:51:52,371.25,card,D0486,IP0439,SUCCESS
T00003602,M0296,C0852,2026-02-25 12:26:45,2045.51,card,D0397,IP0556,SUCCESS
T00003603,M0403,C0076,2026-02-03 22:40:31,6095.26,netbanking,D0084,IP0503,SUCCESS
T00003604,M0136,C1278,2026-01-23 11:32:50,396.07,UPI,D0655,IP0039,SUCCESS
T00003605,M0015,C0175,2026-03-07 23:53:59,1447.07,wallet,D0110,IP0351,SUCCESS
T00003606,M0080,C0748,2026-03-06 11:49:10,3366.69,card,D0198,IP0229,FAILED
T00003607,M0289,C1470,2026-03-07 20:16:34,700.5,UPI,D0110,IP0703,REFUNDED
T00003608,M0490,C0295,2026-02-06 22:34:58,423.91,UPI,D0521,IP0675,SUCCESS
T00003609,M0018,C0216,2026-01-14 16:00:00,671.14,card,D0273,IP0613,SUCCESS
T00003610,M0326,C1271,2026-02-14 15:33:33,2606.09,card,D0419,IP0717,SUCCESS
T00003611,M0129,C1362,2026-03-06 17:58:44,2126.16,UPI,D0469,IP0372,SUCCESS
T00003612,M0053,C1189,2026-03-30 19:07:39,3544.29,netbanking,D0185,IP0193,SUCCESS
T00003613,M0347,C0201,2026-03-14 18:51:36,1140.75,UPI,D0588,IP0162,SUCCESS
T00003614,M0214,C1277,2026-01-21 13:09:17,2266.64,UPI,D0655,IP0202,SUCCESS
T00003615,M0402,C0043,2026-02-25 17:01:33,2680.35,card,D0224,IP0568,SUCCESS
T00003616,M0210,C0523,2026-02-05 20:49:10,2309.77,UPI,D0643,IP0481,SUCCESS
T00003617,M0075,C0118,2026-01-24 19:26:12,577.11,UPI,D0615,IP0342,SUCCESS
T00003618,M0400,C0174,2026-01-27 22:42:13,660.1,UPI,D0021,IP0198,SUCCESS
T00003619,M0361,C0285,2026-02-20 11:49:54,928.61,card,D0718,IP0318,SUCCESS
T00003620,M0465,C0220,2026-03-16 21:51:40,8368.2,UPI,D0213,IP0636,SUCCESS
T00003621,M0379,C1016,2026-02-16 13:22:29,383.8,wallet,D0072,IP0195,SUCCESS
T00003622,M0008,C0588,2026-01-23 14:59:40,7446.94,netbanking,D0267,IP0172,FAILED
T00003623,M0427,C1495,2026-01-12 16:47:47,3764.63,card,D0222,IP0500,REFUNDED
T00003624,M0303,C1330,2026-01-08 08:18:00,422.07,UPI,D0271,IP0605,SUCCESS
T00003625,M0008,C0766,2026-01-01 13:29:02,3461.74,netbanking,D0025,IP0217,SUCCESS
T00003626,M0424,C0733,2026-03-14 21:51:28,2421.73,netbanking,D0471,IP0125,SUCCESS
T00003627,M0408,C0384,2026-03-13 14:36:31,1459.04,netbanking,D0663,IP0699,SUCCESS
T00003628,M0500,C0163,2026-02-17 16:45:45,1918.61,UPI,D0015,IP0534,SUCCESS
T00003629,M0275,C1176,2026-03-20 14:08:05,893.45,UPI,D0605,IP0464,SUCCESS
T00003630,M0410,C0293,2026-01-19 21:55:00,5260.77,wallet,D0032,IP0189,SUCCESS
T00003631,M0382,C0033,2026-03-09 05:37:10,1207.34,UPI,D0424,IP0230,SUCCESS
T00003632,M0286,C1447,2026-03-27 11:24:57,645.2,card,D0091,IP0572,SUCCESS
T00003633,M0118,C0407,2026-03-11 12:02:40,932.33,card,D0164,IP0495,SUCCESS
T00003634,M0249,C0232,2026-03-25 14:24:12,338.96,UPI,D0533,IP0653,SUCCESS
T00003635,M0113,C1378,2026-02-22 16:59:35,4180.58,card,D0598,IP0635,SUCCESS
T00003636,M0174,C0490,2026-03-04 18:00:00,1490.87,card,D0650,IP0714,SUCCESS
T00003637,M0446,C0241,2026-02-28 12:10:18,1225.2,UPI,D0648,IP0552,SUCCESS
T00003638,M0147,C0856,2026-01-10 21:27:06,1702.65,netbanking,D0689,IP0245,SUCCESS
T00003639,M0425,C0097,2026-01-05 22:30:04,11503.2,UPI,D0261,IP0481,SUCCESS
T00003640,M0015,C0557,2026-02-27 11:59:21,1088.12,UPI,D0016,IP0288,SUCCESS
T00003641,M0278,C0913,2026-03-25 21:30:50,605.68,wallet,D0581,IP0676,SUCCESS
T00003642,M0402,C0194,2026-01-26 20:16:02,2202.92,UPI,D0295,IP0511,SUCCESS
T00003643,M0444,C0249,2026-01-08 15:48:21,4594.98,UPI,D0288,IP0075,REFUNDED
T00003644,M0015,C0250,2026-02-15 16:58:33,601.19,netbanking,D0016,IP0351,SUCCESS
T00003645,M0419,C1428,2026-03-12 17:13:26,5619.83,UPI,D0016,IP0465,SUCCESS
T00003646,M0454,C0960,2026-01-04 08:02:27,1799.25,netbanking,D0524,IP0618,SUCCESS
T00003647,M0113,C0553,2026-01-27 13:13:01,5118.98,card,D0403,IP0156,SUCCESS
T00003648,M0035,C0891,2026-01-02 17:29:37,2876.1,UPI,D0676,IP0482,SUCCESS
T00003649,M0132,C1026,2026-01-22 17:39:21,1286.69,card,D0030,IP0699,SUCCESS
T00003650,M0144,C0549,2026-01-16 23:24:23,8249.16,wallet,D0601,IP0562,SUCCESS
T00003651,M0127,C0577,2026-02-07 20:11:18,1263.32,UPI,D0267,IP0494,REFUNDED
T00003652,M0327,C0310,2026-03-20 13:01:40,1223.29,card,D0117,IP0600,REFUNDED
T00003653,M0147,C1406,2026-03-12 14:38:35,3646.59,card,D0689,IP0245,SUCCESS
T00003654,M0390,C0144,2026-03-08 23:28:03,616.31,UPI,D0183,IP0669,SUCCESS
T00003655,M0290,C0180,2026-03-09 12:40:18,533.36,UPI,D0098,IP0150,FAILED
T00003656,M0256,C0263,2026-02-11 14:15:46,4825.35,card,D0640,IP0530,SUCCESS
T00003657,M0444,C1447,2026-02-17 12:40:32,4350.26,UPI,D0049,IP0078,SUCCESS
T00003658,M0328,C1380,2026-03-25 16:52:34,449.02,UPI,D0130,IP0739,SUCCESS
T00003659,M0153,C1118,2026-03-09 14:25:13,876.55,card,D0064,IP0283,SUCCESS
T00003660,M0071,C0223,2026-02-15 13:44:57,1538.72,UPI,D0243,IP0348,SUCCESS
T00003661,M0301,C1244,2026-01-07 14:09:24,3764.72,netbanking,D0624,IP0445,SUCCESS
T00003662,M0403,C0227,2026-03-23 15:51:56,3898.89,wallet,D0399,IP0503,SUCCESS
T00003663,M0366,C1215,2026-01-11 13:00:03,144.6,card,D0748,IP0187,SUCCESS
T00003664,M0424,C1496,2026-02-19 19:06:17,653.45,netbanking,D0436,IP0125,SUCCESS
T00003665,M0410,C0437,2026-03-11 14:49:28,1777.93,card,D0547,IP0189,SUCCESS
T00003666,M0293,C0214,2026-01-08 17:03:31,1082.29,UPI,D0442,IP0635,SUCCESS
T00003667,M0153,C0709,2026-03-05 13:45:27,556.77,UPI,D0654,IP0283,SUCCESS
T00003668,M0425,C1223,2026-03-15 18:22:33,3345.5,card,D0262,IP0481,SUCCESS
T00003669,M0248,C0266,2026-02-14 12:43:28,576.83,UPI,D0233,IP0407,SUCCESS
T00003670,M0104,C0176,2026-03-07 20:13:17,2392.82,UPI,D0231,IP0286,SUCCESS
T00003671,M0455,C0132,2026-01-20 14:34:09,2576.06,UPI,D0549,IP0604,SUCCESS
T00003672,M0133,C0559,2026-01-30 18:12:51,23529.73,UPI,D0660,IP0299,SUCCESS
T00003673,M0113,C1463,2026-03-17 17:33:56,1514.55,card,D0403,IP0262,SUCCESS
T00003674,M0128,C0453,2026-01-05 10:28:46,2135.63,card,D0200,IP0397,SUCCESS
T00003675,M0134,C1154,2026-03-12 17:07:00,431.85,UPI,D0012,IP0193,SUCCESS
T00003676,M0165,C0333,2026-01-27 19:41:25,193.08,wallet,D0730,IP0377,SUCCESS
T00003677,M0308,C1308,2026-03-13 21:23:43,2265.68,card,D0708,IP0256,SUCCESS
T00003678,M0136,C0552,2026-02-18 16:39:30,903.18,card,D0327,IP0504,SUCCESS
T00003679,M0444,C0100,2026-02-19 23:27:06,7301.53,card,D0049,IP0078,SUCCESS
T00003680,M0243,C1283,2026-01-27 16:02:48,6732.65,card,D0725,IP0723,SUCCESS
T00003681,M0267,C0757,2026-03-29 10:14:04,4704.8,UPI,D0379,IP0071,SUCCESS
T00003682,M0376,C1314,2026-01-15 11:11:54,546.64,wallet,D0145,IP0207,SUCCESS
T00003683,M0037,C1134,2026-01-25 08:32:48,432.89,card,D0663,IP0056,REFUNDED
T00003684,M0176,C0127,2026-01-03 15:11:46,5630.62,UPI,D0281,IP0282,REFUNDED
T00003685,M0373,C0064,2026-03-29 15:47:16,465.82,UPI,D0178,IP0406,SUCCESS
T00003686,M0216,C0768,2026-02-16 09:22:28,3406.08,card,D0694,IP0129,SUCCESS
T00003687,M0075,C1306,2026-02-07 17:45:17,850.57,netbanking,D0615,IP0688,FAILED
T00003688,M0280,C0188,2026-02-14 14:44:18,1721.66,card,D0032,IP0063,SUCCESS
T00003689,M0140,C0636,2026-01-08 11:12:20,1926.11,netbanking,D0010,IP0709,SUCCESS
T00003690,M0450,C0805,2026-01-23 16:56:17,4663.55,netbanking,D0282,IP0197,SUCCESS
T00003691,M0085,C0676,2026-03-29 16:01:22,3568.16,UPI,D0399,IP0505,SUCCESS
T00003692,M0056,C0557,2026-03-17 23:57:24,5808.11,UPI,D0733,IP0256,SUCCESS
T00003693,M0303,C1157,2026-01-26 19:01:03,2349.12,UPI,D0271,IP0010,SUCCESS
T00003694,M0130,C0582,2026-02-10 15:13:49,6516.5,UPI,D0141,IP0010,SUCCESS
T00003695,M0444,C0452,2026-02-19 13:18:20,10532.69,UPI,D0611,IP0557,SUCCESS
T00003696,M0120,C0234,2026-03-15 22:47:03,1632.48,netbanking,D0641,IP0085,SUCCESS
T00003697,M0267,C1483,2026-01-13 08:21:08,1936.0,UPI,D0379,IP0071,SUCCESS
T00003698,M0403,C1118,2026-01-05 18:28:04,3216.02,netbanking,D0244,IP0422,SUCCESS
T00003699,M0035,C0029,2026-03-22 23:47:42,887.34,UPI,D0064,IP0482,SUCCESS
T00003700,M0500,C1350,2026-03-30 20:06:22,472.65,UPI,D0663,IP0086,SUCCESS
T00003701,M0405,C1227,2026-03-18 17:21:12,1688.33,UPI,D0164,IP0464,SUCCESS
T00003702,M0196,C0882,2026-03-16 13:12:01,7476.01,netbanking,D0696,IP0281,SUCCESS
T00003703,M0264,C1236,2026-03-23 17:28:32,1396.44,wallet,D0308,IP0565,SUCCESS
T00003704,M0113,C1123,2026-03-29 16:53:42,914.18,UPI,D0403,IP0156,SUCCESS
T00003705,M0223,C0839,2026-01-04 16:10:02,5980.24,netbanking,D0650,IP0642,SUCCESS
T00003706,M0176,C1311,2026-03-20 16:54:52,729.68,card,D0608,IP0110,SUCCESS
T00003707,M0176,C1088,2026-03-29 19:39:35,899.96,UPI,D0097,IP0462,SUCCESS
T00003708,M0408,C1041,2026-01-06 17:27:57,1976.2,UPI,D0742,IP0699,SUCCESS
T00003709,M0423,C0617,2026-03-14 14:45:35,2058.72,card,D0121,IP0388,SUCCESS
T00003710,M0210,C0907,2026-01-27 20:00:29,2005.31,wallet,D0232,IP0040,SUCCESS
T00003711,M0084,C1382,2026-01-09 15:28:36,4926.43,card,D0081,IP0080,SUCCESS
T00003712,M0026,C0725,2026-02-09 17:31:30,2640.52,card,D0041,IP0531,SUCCESS
T00003713,M0482,C0041,2026-03-04 12:10:19,2872.28,card,D0655,IP0741,SUCCESS
T00003714,M0076,C0249,2026-02-15 17:47:26,1617.83,UPI,D0119,IP0538,SUCCESS
T00003715,M0362,C0011,2026-01-20 13:38:23,1188.26,UPI,D0477,IP0590,FAILED
T00003716,M0071,C1426,2026-03-27 12:56:21,7804.91,UPI,D0467,IP0542,SUCCESS
T00003717,M0418,C1254,2026-01-11 20:21:43,7621.76,UPI,D0471,IP0581,SUCCESS
T00003718,M0206,C0770,2026-01-24 13:43:23,7447.53,card,D0062,IP0057,FAILED
T00003719,M0191,C0251,2026-03-10 08:59:07,826.0,wallet,D0126,IP0441,SUCCESS
T00003720,M0015,C0333,2026-03-19 23:55:30,410.48,wallet,D0579,IP0263,SUCCESS
T00003721,M0487,C1113,2026-01-13 23:13:32,737.93,wallet,D0620,IP0530,SUCCESS
T00003722,M0276,C0421,2026-01-15 08:04:23,146.93,UPI,D0591,IP0724,SUCCESS
T00003723,M0113,C0139,2026-01-08 08:46:30,1001.93,card,D0608,IP0156,SUCCESS
T00003724,M0096,C0277,2026-02-20 18:10:50,5629.99,card,D0172,IP0271,SUCCESS
T00003725,M0370,C0706,2026-02-06 17:04:53,2825.48,card,D0671,IP0013,SUCCESS
T00003726,M0134,C0660,2026-02-17 07:29:45,368.97,netbanking,D0437,IP0193,REFUNDED
T00003727,M0286,C0879,2026-02-23 16:53:29,235.77,UPI,D0097,IP0460,SUCCESS
T00003728,M0129,C0910,2026-01-01 18:59:11,1931.68,UPI,D0256,IP0372,SUCCESS
T00003729,M0216,C1173,2026-02-23 12:16:36,4712.41,netbanking,D0479,IP0001,FAILED
T00003730,M0405,C1227,2026-02-24 13:34:34,4038.93,wallet,D0268,IP0734,SUCCESS
T00003731,M0015,C0595,2026-03-14 16:27:57,997.33,UPI,D0110,IP0130,SUCCESS
T00003732,M0142,C1208,2026-03-12 15:31:04,703.91,card,D0424,IP0672,SUCCESS
T00003733,M0475,C1106,2026-03-07 18:19:28,1236.54,card,D0555,IP0004,SUCCESS
T00003734,M0364,C0739,2026-01-27 19:53:54,934.36,UPI,D0697,IP0643,SUCCESS
T00003735,M0450,C1442,2026-01-18 20:41:16,3113.44,card,D0242,IP0403,SUCCESS
T00003736,M0015,C1167,2026-03-02 22:49:01,664.87,UPI,D0711,IP0273,SUCCESS
T00003737,M0450,C0062,2026-01-05 14:26:08,3633.7,card,D0036,IP0734,SUCCESS
T00003738,M0410,C0077,2026-01-01 11:37:27,797.27,UPI,D0526,IP0197,SUCCESS
T00003739,M0094,C0298,2026-01-24 05:40:01,170.21,UPI,D0076,IP0309,SUCCESS
T00003740,M0249,C0969,2026-03-08 13:19:45,854.78,UPI,D0533,IP0284,SUCCESS
T00003741,M0216,C1394,2026-01-01 15:51:55,2902.08,card,D0158,IP0416,SUCCESS
T00003742,M0444,C0062,2026-01-06 12:03:22,1644.32,netbanking,D0663,IP0475,SUCCESS
T00003743,M0364,C0317,2026-03-15 14:26:00,1001.18,wallet,D0595,IP0151,REFUNDED
T00003744,M0401,C1069,2026-03-03 10:16:01,3927.5,netbanking,D0103,IP0016,SUCCESS
T00003745,M0470,C0409,2026-03-29 23:45:14,538.32,card,D0244,IP0485,SUCCESS
T00003746,M0176,C1440,2026-02-22 20:24:25,1048.67,netbanking,D0284,IP0510,SUCCESS
T00003747,M0048,C0980,2026-02-07 09:02:42,2117.02,card,D0279,IP0452,SUCCESS
T00003748,M0248,C0578,2026-02-12 09:51:13,365.17,UPI,D0620,IP0361,SUCCESS
T00003749,M0480,C0992,2026-03-28 13:24:14,962.7,UPI,D0215,IP0286,REFUNDED
T00003750,M0367,C0060,2026-01-16 17:08:14,3386.37,UPI,D0372,IP0540,SUCCESS
T00003751,M0020,C0113,2026-01-02 20:48:41,13550.61,UPI,D0544,IP0059,SUCCESS
T00003752,M0491,C0084,2026-01-11 09:03:35,2450.83,UPI,D0498,IP0119,SUCCESS
T00003753,M0302,C0649,2026-03-14 19:55:08,385.75,UPI,D0676,IP0469,SUCCESS
T00003754,M0224,C0077,2026-01-25 13:04:01,1963.41,UPI,D0107,IP0327,SUCCESS
T00003755,M0286,C0088,2026-01-28 09:09:37,61.39,card,D0733,IP0321,SUCCESS
T00003756,M0301,C0974,2026-03-08 11:08:06,2642.04,netbanking,D0125,IP0570,SUCCESS
T00003757,M0474,C0303,2026-02-14 13:18:45,1702.71,wallet,D0048,IP0446,SUCCESS
T00003758,M0208,C1288,2026-02-26 17:46:43,8380.87,netbanking,D0428,IP0422,SUCCESS
T00003759,M0364,C0288,2026-01-25 17:07:19,1095.07,card,D0595,IP0158,SUCCESS
T00003760,M0082,C0420,2026-01-03 13:04:29,267.79,UPI,D0459,IP0050,SUCCESS
T00003761,M0237,C0546,2026-03-28 22:46:04,1350.0,UPI,D0537,IP0314,SUCCESS
T00003762,M0478,C0248,2026-03-08 19:21:00,6804.91,UPI,D0391,IP0692,SUCCESS
T00003763,M0405,C0507,2026-01-27 20:18:18,4187.08,card,D0164,IP0155,FAILED
T00003764,M0478,C0113,2026-03-21 23:53:09,18155.28,card,D0293,IP0286,SUCCESS
T00003765,M0098,C0048,2026-02-01 08:22:01,165.26,UPI,D0579,IP0730,SUCCESS
T00003766,M0263,C1058,2026-01-06 19:50:57,2511.14,card,D0255,IP0556,SUCCESS
T00003767,M0297,C0412,2026-01-25 18:50:52,410.53,netbanking,D0286,IP0425,SUCCESS
T00003768,M0075,C0238,2026-03-05 16:25:09,1081.84,UPI,D0590,IP0342,SUCCESS
T00003769,M0295,C0817,2026-02-04 23:56:06,414.42,card,D0159,IP0429,SUCCESS
T00003770,M0214,C0311,2026-03-05 20:21:03,4355.0,card,D0655,IP0090,SUCCESS
T00003771,M0006,C0986,2026-01-11 13:19:46,1843.21,card,D0137,IP0003,SUCCESS
T00003772,M0077,C0032,2026-02-24 07:50:28,794.73,card,D0134,IP0510,SUCCESS
T00003773,M0278,C0504,2026-03-11 13:00:19,577.97,card,D0581,IP0518,FAILED
T00003774,M0076,C1164,2026-02-22 11:25:26,1956.2,card,D0158,IP0045,SUCCESS
T00003775,M0228,C1316,2026-02-27 19:56:59,522.48,UPI,D0450,IP0060,SUCCESS
T00003776,M0491,C1403,2026-01-17 08:35:32,1284.31,card,D0544,IP0185,SUCCESS
T00003777,M0248,C1109,2026-02-10 17:29:33,765.34,UPI,D0623,IP0395,SUCCESS
T00003778,M0306,C1360,2026-01-07 21:34:27,889.58,card,D0387,IP0084,SUCCESS
T00003779,M0230,C0853,2026-03-08 16:58:45,623.13,UPI,D0588,IP0505,SUCCESS
T00003780,M0076,C1016,2026-02-06 12:31:35,983.72,UPI,D0158,IP0045,SUCCESS
T00003781,M0424,C0293,2026-03-17 17:36:30,841.12,netbanking,D0735,IP0263,SUCCESS
T00003782,M0400,C0520,2026-02-09 23:21:09,1269.42,UPI,D0012,IP0215,SUCCESS
T00003783,M0249,C0783,2026-03-22 15:07:13,1022.77,UPI,D0533,IP0653,SUCCESS
T00003784,M0128,C0723,2026-03-23 11:21:38,1690.22,card,D0200,IP0196,SUCCESS
T00003785,M0398,C0029,2026-01-04 13:56:23,646.28,card,D0438,IP0461,SUCCESS
T00003786,M0191,C0379,2026-01-31 17:46:21,1402.0,netbanking,D0749,IP0130,SUCCESS
T00003787,M0278,C0408,2026-01-21 14:47:01,536.88,netbanking,D0298,IP0173,SUCCESS
T00003788,M0147,C1453,2026-02-19 13:29:11,993.22,card,D0066,IP0245,SUCCESS
T00003789,M0235,C0150,2026-01-10 16:20:52,2085.59,UPI,D0703,IP0039,SUCCESS
T00003790,M0470,C0874,2026-01-15 23:01:35,650.54,UPI,D0050,IP0726,SUCCESS
T00003791,M0170,C0849,2026-02-25 21:52:53,2683.73,card,D0302,IP0648,SUCCESS
T00003792,M0216,C1278,2026-01-21 20:01:38,8849.16,netbanking,D0352,IP0179,SUCCESS
T00003793,M0289,C0554,2026-03-25 17:31:43,588.19,UPI,D0093,IP0707,SUCCESS
T00003794,M0165,C1395,2026-03-19 23:38:05,1977.48,card,D0730,IP0165,SUCCESS
T00003795,M0487,C0155,2026-03-13 23:58:00,790.37,wallet,D0036,IP0357,SUCCESS
T00003796,M0076,C0368,2026-01-04 14:07:53,2548.8,UPI,D0158,IP0595,SUCCESS
T00003797,M0090,C0603,2026-01-25 06:46:34,361.19,card,D0452,IP0197,SUCCESS
T00003798,M0351,C0966,2026-01-20 18:07:51,2270.81,card,D0342,IP0035,SUCCESS
T00003799,M0337,C0787,2026-01-20 12:13:15,667.31,UPI,D0177,IP0633,SUCCESS
T00003800,M0165,C0829,2026-03-31 13:07:40,220.87,UPI,D0189,IP0377,SUCCESS
T00003801,M0056,C0769,2026-03-12 15:32:13,703.31,UPI,D0733,IP0256,SUCCESS
T00003802,M0101,C0606,2026-03-19 11:58:34,952.21,card,D0202,IP0278,SUCCESS
T00003803,M0142,C0699,2026-01-09 20:54:11,1568.15,wallet,D0247,IP0469,SUCCESS
T00003804,M0229,C1261,2026-02-26 16:12:39,3188.9,UPI,D0283,IP0254,SUCCESS
T00003805,M0303,C0197,2026-02-11 21:13:59,373.17,UPI,D0353,IP0294,SUCCESS
T00003806,M0344,C0711,2026-02-03 20:35:21,1244.71,netbanking,D0199,IP0585,SUCCESS
T00003807,M0379,C0088,2026-01-01 17:01:46,398.69,UPI,D0523,IP0719,SUCCESS
T00003808,M0033,C1144,2026-03-16 13:54:12,1220.71,UPI,D0603,IP0340,SUCCESS
T00003809,M0303,C0140,2026-03-25 18:17:10,873.49,UPI,D0271,IP0605,SUCCESS
T00003810,M0026,C0770,2026-02-25 13:53:50,5790.15,UPI,D0743,IP0123,SUCCESS
T00003811,M0359,C1311,2026-01-12 16:27:09,942.8,UPI,D0698,IP0282,SUCCESS
T00003812,M0181,C1223,2026-01-03 08:28:51,876.51,UPI,D0265,IP0709,SUCCESS
T00003813,M0336,C0488,2026-02-17 17:17:18,4562.38,netbanking,D0458,IP0462,SUCCESS
T00003814,M0270,C0359,2026-03-24 12:20:54,1191.13,card,D0328,IP0621,SUCCESS
T00003815,M0424,C1058,2026-02-28 19:27:52,774.58,card,D0436,IP0263,SUCCESS
T00003816,M0075,C0284,2026-02-17 08:38:39,843.49,UPI,D0118,IP0688,SUCCESS
T00003817,M0297,C0959,2026-01-04 12:19:34,1187.27,UPI,D0588,IP0003,SUCCESS
T00003818,M0176,C0700,2026-01-20 15:11:06,4124.79,wallet,D0376,IP0282,SUCCESS
T00003819,M0008,C0887,2026-03-08 10:49:09,7822.05,UPI,D0369,IP0315,SUCCESS
T00003820,M0301,C0538,2026-01-17 19:06:07,2462.29,card,D0125,IP0570,SUCCESS
T00003821,M0410,C0964,2026-02-10 12:28:45,2175.85,card,D0507,IP0471,SUCCESS
T00003822,M0339,C0232,2026-03-29 17:37:52,2219.43,UPI,D0391,IP0599,SUCCESS
T00003823,M0030,C0811,2026-02-26 06:43:54,2347.18,card,D0189,IP0573,SUCCESS
T00003824,M0359,C1311,2026-03-17 21:05:02,1817.89,UPI,D0059,IP0605,SUCCESS
T00003825,M0385,C1481,2026-01-23 06:32:15,608.65,UPI,D0326,IP0694,SUCCESS
T00003826,M0052,C0508,2026-03-23 08:33:32,542.53,card,D0401,IP0734,SUCCESS
T00003827,M0216,C1423,2026-01-08 18:17:33,2431.29,card,D0721,IP0001,FAILED
T00003828,M0170,C0245,2026-02-26 20:23:15,192.01,card,D0265,IP0648,SUCCESS
T00003829,M0403,C0599,2026-01-04 15:54:15,2804.03,wallet,D0244,IP0123,SUCCESS
T00003830,M0210,C1035,2026-01-02 21:46:19,834.29,UPI,D0061,IP0737,SUCCESS
T00003831,M0134,C0537,2026-01-21 03:53:56,28.91,UPI,D0300,IP0298,SUCCESS
T00003832,M0297,C0402,2026-03-24 16:38:53,1250.03,wallet,D0182,IP0043,SUCCESS
T00003833,M0405,C0978,2026-02-16 19:29:37,1156.02,UPI,D0039,IP0115,SUCCESS
T00003834,M0222,C0603,2026-02-01 23:49:45,429.24,wallet,D0249,IP0709,SUCCESS
T00003835,M0458,C1138,2026-03-24 23:33:10,202.94,UPI,D0241,IP0493,SUCCESS
T00003836,M0359,C0571,2026-03-11 21:46:58,300.72,UPI,D0698,IP0242,SUCCESS
T00003837,M0084,C0672,2026-01-29 11:20:11,2087.49,card,D0565,IP0592,SUCCESS
T00003838,M0487,C0619,2026-03-28 19:47:53,694.49,card,D0405,IP0566,SUCCESS
T00003839,M0392,C1169,2026-02-15 12:09:46,875.29,netbanking,D0656,IP0271,FAILED
T00003840,M0144,C1110,2026-02-07 12:48:15,9567.72,card,D0474,IP0155,SUCCESS
T00003841,M0176,C1381,2026-02-08 10:58:40,558.03,wallet,D0376,IP0462,SUCCESS
T00003842,M0265,C1303,2026-02-07 07:36:04,1750.43,UPI,D0167,IP0661,SUCCESS
T00003843,M0013,C1026,2026-01-06 10:06:11,4714.31,netbanking,D0226,IP0265,SUCCESS
T00003844,M0456,C0800,2026-02-13 11:35:00,7902.91,card,D0654,IP0345,SUCCESS
T00003845,M0062,C0588,2026-01-02 16:54:48,504.96,wallet,D0663,IP0557,SUCCESS
T00003846,M0117,C1248,2026-02-28 17:17:20,2025.07,UPI,D0466,IP0550,SUCCESS
T00003847,M0299,C0229,2026-01-16 17:34:20,2202.65,card,D0260,IP0161,SUCCESS
T00003848,M0419,C0408,2026-01-02 16:27:35,755.93,netbanking,D0016,IP0323,SUCCESS
T00003849,M0480,C0918,2026-02-22 15:59:32,135.34,UPI,D0196,IP0746,SUCCESS
T00003850,M0083,C1082,2026-02-27 05:22:12,6198.68,netbanking,D0005,IP0393,SUCCESS
T00003851,M0011,C1428,2026-01-06 13:17:09,526.02,card,D0272,IP0745,SUCCESS
T00003852,M0380,C1034,2026-01-11 20:41:14,15473.34,UPI,D0055,IP0007,SUCCESS
T00003853,M0159,C0918,2026-02-18 13:17:34,1912.15,netbanking,D0010,IP0046,SUCCESS
T00003854,M0101,C0064,2026-02-25 17:30:15,1030.16,netbanking,D0310,IP0468,SUCCESS
T00003855,M0002,C0432,2026-01-05 06:42:10,562.26,UPI,D0678,IP0584,SUCCESS
T00003856,M0487,C1014,2026-02-03 17:18:00,941.54,wallet,D0570,IP0224,REFUNDED
T00003857,M0400,C0923,2026-03-26 18:33:12,191.7,UPI,D0355,IP0215,SUCCESS
T00003858,M0203,C0383,2026-02-11 19:54:44,2621.49,UPI,D0042,IP0489,SUCCESS
T00003859,M0330,C0278,2026-03-29 08:45:07,1385.16,wallet,D0288,IP0295,SUCCESS
T00003860,M0453,C1039,2026-03-28 11:25:06,2296.62,UPI,D0704,IP0087,SUCCESS
T00003861,M0470,C1499,2026-03-29 13:09:29,3470.12,wallet,D0050,IP0434,SUCCESS
T00003862,M0297,C0936,2026-02-14 16:55:02,2704.78,UPI,D0337,IP0429,SUCCESS
T00003863,M0480,C1017,2026-01-19 04:31:45,453.88,UPI,D0331,IP0530,SUCCESS
T00003864,M0405,C0242,2026-01-08 15:30:07,1470.13,UPI,D0164,IP0456,SUCCESS
T00003865,M0303,C0331,2026-03-18 09:18:48,870.03,wallet,D0046,IP0227,SUCCESS
T00003866,M0215,C0097,2026-02-22 09:38:10,2911.74,netbanking,D0408,IP0377,SUCCESS
T00003867,M0478,C1385,2026-02-04 21:54:07,3493.41,UPI,D0391,IP0194,SUCCESS
T00003868,M0129,C0633,2026-03-20 19:25:04,352.74,UPI,D0563,IP0094,SUCCESS
T00003869,M0303,C1095,2026-03-06 14:43:54,827.5,UPI,D0046,IP0292,SUCCESS
T00003870,M0101,C1089,2026-01-14 18:02:34,1701.96,UPI,D0093,IP0278,SUCCESS
T00003871,M0101,C1042,2026-03-23 14:21:19,1839.24,card,D0219,IP0158,SUCCESS
T00003872,M0040,C0507,2026-02-22 10:26:02,3999.33,card,D0704,IP0280,SUCCESS
T00003873,M0176,C1440,2026-01-26 16:41:31,628.27,UPI,D0097,IP0462,SUCCESS
T00003874,M0420,C1491,2026-02-14 08:35:59,900.87,wallet,D0015,IP0103,SUCCESS
T00003875,M0123,C0389,2026-03-17 15:47:21,800.02,card,D0204,IP0440,SUCCESS
T00003876,M0428,C0077,2026-02-02 19:05:26,666.12,UPI,D0383,IP0090,SUCCESS
T00003877,M0494,C0044,2026-02-25 13:36:08,1725.19,UPI,D0134,IP0158,SUCCESS
T00003878,M0297,C0412,2026-03-17 13:21:41,2571.67,netbanking,D0408,IP0053,SUCCESS
T00003879,M0412,C0872,2026-01-08 11:35:10,1190.29,card,D0742,IP0641,SUCCESS
T00003880,M0366,C1190,2026-03-28 12:01:13,848.35,UPI,D0748,IP0545,REFUNDED
T00003881,M0259,C1215,2026-01-09 11:23:39,1814.32,UPI,D0717,IP0644,SUCCESS
T00003882,M0165,C0394,2026-03-09 22:10:16,811.04,wallet,D0587,IP0377,SUCCESS
T00003883,M0366,C0229,2026-02-10 17:25:30,126.23,netbanking,D0204,IP0637,SUCCESS
T00003884,M0142,C1275,2026-01-15 19:45:07,1638.14,UPI,D0130,IP0177,SUCCESS
T00003885,M0210,C0474,2026-01-29 18:11:10,592.23,UPI,D0643,IP0111,SUCCESS
T00003886,M0113,C0943,2026-03-24 19:40:01,1133.11,UPI,D0403,IP0156,SUCCESS
T00003887,M0319,C0824,2026-01-03 15:16:41,508.66,card,D0720,IP0052,SUCCESS
T00003888,M0113,C0183,2026-02-20 13:41:57,643.42,wallet,D0296,IP0156,FAILED
T00003889,M0423,C0736,2026-02-25 17:24:03,226.12,card,D0012,IP0086,SUCCESS
T00003890,M0269,C1489,2026-01-14 13:17:07,2402.99,card,D0060,IP0152,SUCCESS
T00003891,M0382,C0104,2026-03-05 11:05:06,795.41,UPI,D0524,IP0235,SUCCESS
T00003892,M0255,C1411,2026-01-26 16:12:11,4812.16,UPI,D0546,IP0562,SUCCESS
T00003893,M0410,C0686,2026-01-28 18:57:16,653.25,netbanking,D0525,IP0471,SUCCESS
T00003894,M0452,C0279,2026-02-18 13:36:33,377.56,wallet,D0695,IP0142,REFUNDED
T00003895,M0263,C0786,2026-01-18 07:23:28,858.17,wallet,D0168,IP0210,SUCCESS
T00003896,M0210,C0630,2026-02-26 23:07:56,698.17,card,D0061,IP0111,REFUNDED
T00003897,M0387,C0681,2026-01-12 09:35:41,3239.24,card,D0106,IP0648,SUCCESS
T00003898,M0487,C0885,2026-03-08 23:05:54,399.76,UPI,D0570,IP0284,SUCCESS
T00003899,M0119,C0699,2026-03-02 10:40:38,280.68,card,D0443,IP0296,SUCCESS
T00003900,M0403,C0304,2026-03-07 16:03:22,1998.17,netbanking,D0458,IP0422,FAILED
T00003901,M0001,C0557,2026-03-19 13:09:40,796.12,wallet,D0397,IP0603,SUCCESS
T00003902,M0490,C1114,2026-01-24 17:59:52,568.56,card,D0424,IP0622,SUCCESS
T00003903,M0419,C0197,2026-01-23 15:38:58,3103.31,UPI,D0380,IP0315,SUCCESS
T00003904,M0480,C0220,2026-02-19 08:13:47,1864.63,UPI,D0450,IP0102,SUCCESS
T00003905,M0076,C0916,2026-02-05 21:18:30,505.46,card,D0167,IP0045,SUCCESS
T00003906,M0035,C1202,2026-03-04 19:00:13,265.73,UPI,D0676,IP0667,SUCCESS
T00003907,M0248,C0726,2026-02-19 12:40:44,493.44,wallet,D0013,IP0112,SUCCESS
T00003908,M0039,C1411,2026-03-27 20:23:56,4805.61,card,D0033,IP0018,REFUNDED
T00003909,M0035,C1226,2026-01-11 21:47:47,321.23,wallet,D0598,IP0667,SUCCESS
T00003910,M0074,C0280,2026-03-07 21:41:07,2597.89,UPI,D0226,IP0609,SUCCESS
T00003911,M0042,C0021,2026-01-11 15:55:58,958.21,netbanking,D0330,IP0071,REFUNDED
T00003912,M0075,C1256,2026-03-27 13:01:36,449.05,UPI,D0615,IP0688,SUCCESS
T00003913,M0210,C0523,2026-02-23 21:23:58,4242.94,UPI,D0032,IP0040,SUCCESS
T00003914,M0288,C0537,2026-02-26 16:44:53,583.56,UPI,D0256,IP0377,SUCCESS
T00003915,M0076,C1150,2026-02-22 21:14:10,816.24,card,D0397,IP0303,SUCCESS
T00003916,M0357,C0390,2026-03-22 17:52:13,1510.07,netbanking,D0546,IP0286,SUCCESS
T00003917,M0336,C1091,2026-02-22 23:04:43,3454.22,netbanking,D0155,IP0412,SUCCESS
T00003918,M0169,C0526,2026-03-10 13:56:23,680.6,card,D0642,IP0443,SUCCESS
T00003919,M0173,C0455,2026-03-04 12:37:43,663.24,UPI,D0048,IP0377,SUCCESS
T00003920,M0491,C0782,2026-03-10 15:35:24,3486.9,UPI,D0052,IP0261,SUCCESS
T00003921,M0171,C0290,2026-01-12 08:41:05,234.43,UPI,D0402,IP0330,SUCCESS
T00003922,M0466,C0761,2026-03-06 19:00:54,2447.82,card,D0390,IP0726,SUCCESS
T00003923,M0132,C1072,2026-03-11 20:40:51,3645.83,UPI,D0002,IP0172,SUCCESS
T00003924,M0120,C0893,2026-03-16 20:29:01,2623.59,netbanking,D0540,IP0163,SUCCESS
T00003925,M0444,C1461,2026-03-29 12:40:42,1397.2,UPI,D0687,IP0075,SUCCESS
T00003926,M0335,C0051,2026-01-15 09:22:04,1251.37,card,D0419,IP0660,SUCCESS
T00003927,M0405,C0624,2026-01-11 12:11:03,4534.8,UPI,D0268,IP0155,REFUNDED
T00003928,M0316,C0648,2026-02-12 14:34:17,959.3,card,D0460,IP0623,SUCCESS
T00003929,M0487,C0087,2026-02-12 21:35:25,387.26,wallet,D0121,IP0266,SUCCESS
T00003930,M0015,C1116,2026-02-03 23:27:51,448.75,card,D0579,IP0288,SUCCESS
T00003931,M0113,C0750,2026-03-08 08:35:32,523.98,wallet,D0403,IP0262,SUCCESS
T00003932,M0078,C0879,2026-01-24 20:34:15,2899.3,card,D0368,IP0222,SUCCESS
T00003933,M0366,C0127,2026-03-15 14:15:55,355.05,card,D0662,IP0187,SUCCESS
T00003934,M0176,C1005,2026-02-12 10:23:54,2179.09,UPI,D0608,IP0282,SUCCESS
T00003935,M0411,C1385,2026-02-12 09:42:50,8379.43,card,D0399,IP0072,SUCCESS
T00003936,M0092,C1250,2026-03-03 14:13:18,1341.91,card,D0459,IP0224,SUCCESS
T00003937,M0142,C0323,2026-02-15 17:57:15,678.7,card,D0073,IP0469,SUCCESS
T00003938,M0048,C0161,2026-01-17 14:39:59,455.3,UPI,D0038,IP0342,SUCCESS
T00003939,M0494,C0393,2026-03-07 15:36:50,929.03,netbanking,D0186,IP0158,SUCCESS
T00003940,M0385,C0910,2026-03-29 11:18:09,557.8,UPI,D0540,IP0460,SUCCESS
T00003941,M0077,C0328,2026-02-28 16:40:57,810.93,netbanking,D0286,IP0041,SUCCESS
T00003942,M0359,C0765,2026-01-11 20:51:49,2537.88,card,D0698,IP0457,SUCCESS
T00003943,M0248,C0194,2026-03-11 15:33:29,816.57,card,D0623,IP0112,SUCCESS
T00003944,M0471,C0514,2026-03-03 09:12:54,771.5,UPI,D0085,IP0079,SUCCESS
T00003945,M0101,C0733,2026-02-11 14:33:50,17058.3,UPI,D0121,IP0468,SUCCESS
T00003946,M0015,C0321,2026-01-02 22:41:03,720.34,UPI,D0304,IP0351,SUCCESS
T00003947,M0113,C0215,2026-02-16 10:07:59,2961.37,UPI,D0403,IP0156,SUCCESS
T00003948,M0479,C1135,2026-03-13 23:21:35,5577.93,card,D0087,IP0532,SUCCESS
T00003949,M0478,C0609,2026-01-15 17:34:48,4842.84,card,D0488,IP0101,FAILED
T00003950,M0048,C0526,2026-02-11 12:27:19,3230.15,card,D0270,IP0022,FAILED
T00003951,M0296,C0553,2026-03-29 23:58:58,1653.65,card,D0158,IP0471,SUCCESS
T00003952,M0371,C1123,2026-03-15 15:04:05,5874.19,netbanking,D0586,IP0452,SUCCESS
T00003953,M0002,C0867,2026-02-25 09:46:59,198.87,UPI,D0678,IP0405,SUCCESS
T00003954,M0012,C1297,2026-03-14 11:27:01,493.08,netbanking,D0492,IP0672,SUCCESS
T00003955,M0048,C1477,2026-02-09 18:44:10,1839.6,UPI,D0351,IP0342,REFUNDED
T00003956,M0380,C0307,2026-01-05 17:01:50,936.62,card,D0135,IP0182,SUCCESS
T00003957,M0480,C0918,2026-01-22 09:17:02,264.86,UPI,D0096,IP0286,SUCCESS
T00003958,M0048,C0037,2026-02-12 16:05:13,699.68,UPI,D0279,IP0176,SUCCESS
T00003959,M0111,C1144,2026-01-11 18:23:00,2379.89,wallet,D0457,IP0418,SUCCESS
T00003960,M0263,C0407,2026-03-05 17:08:37,731.37,UPI,D0087,IP0210,FAILED
T00003961,M0249,C1360,2026-01-26 15:50:11,500.37,UPI,D0294,IP0241,SUCCESS
T00003962,M0136,C0477,2026-01-05 15:09:30,919.16,UPI,D0109,IP0039,SUCCESS
T00003963,M0130,C1264,2026-03-11 23:51:13,20456.08,UPI,D0141,IP0010,SUCCESS
T00003964,M0105,C0767,2026-01-09 11:10:19,2446.38,UPI,D0407,IP0292,SUCCESS
T00003965,M0147,C0218,2026-03-23 14:25:44,2387.9,netbanking,D0661,IP0245,SUCCESS
T00003966,M0434,C1114,2026-03-17 11:21:00,6371.11,card,D0116,IP0490,SUCCESS
T00003967,M0257,C1009,2026-02-09 20:41:37,1570.09,UPI,D0439,IP0109,SUCCESS
T00003968,M0471,C0211,2026-02-02 09:39:51,320.79,UPI,D0201,IP0194,SUCCESS
T00003969,M0434,C0059,2026-03-11 14:05:06,898.98,UPI,D0371,IP0057,SUCCESS
T00003970,M0297,C0837,2026-01-17 18:44:34,4746.66,card,D0326,IP0450,SUCCESS
T00003971,M0425,C0597,2026-03-01 17:16:01,4541.41,netbanking,D0550,IP0446,SUCCESS
T00003972,M0113,C0459,2026-03-13 22:25:54,1085.76,UPI,D0311,IP0262,SUCCESS
T00003973,M0357,C1063,2026-03-20 10:31:47,3591.16,UPI,D0546,IP0704,SUCCESS
T00003974,M0480,C0646,2026-02-14 10:34:35,554.43,UPI,D0695,IP0286,REFUNDED
T00003975,M0344,C0709,2026-01-30 19:42:29,4653.96,netbanking,D0289,IP0249,SUCCESS
T00003976,M0279,C0270,2026-01-27 12:13:04,1714.72,UPI,D0269,IP0561,SUCCESS
T00003977,M0363,C0199,2026-01-17 14:46:32,1758.15,wallet,D0131,IP0024,SUCCESS
T00003978,M0102,C0294,2026-03-30 10:44:13,5887.21,netbanking,D0316,IP0534,FAILED
T00003979,M0169,C0526,2026-03-15 19:10:05,701.2,netbanking,D0458,IP0665,SUCCESS
T00003980,M0147,C0337,2026-03-21 17:52:21,535.3,UPI,D0602,IP0245,SUCCESS
T00003981,M0085,C1247,2026-02-20 17:22:10,409.1,UPI,D0072,IP0131,SUCCESS
T00003982,M0382,C0398,2026-02-18 12:55:36,628.55,netbanking,D0424,IP0325,SUCCESS
T00003983,M0354,C0273,2026-02-23 23:02:06,6438.8,card,D0095,IP0324,SUCCESS
T00003984,M0446,C0289,2026-02-12 11:30:03,1030.41,card,D0734,IP0168,SUCCESS
T00003985,M0380,C0041,2026-03-16 16:42:10,4824.73,netbanking,D0055,IP0601,SUCCESS
T00003986,M0424,C1353,2026-03-08 13:46:42,1645.51,card,D0436,IP0125,SUCCESS
T00003987,M0104,C0280,2026-01-20 12:37:03,2846.26,UPI,D0244,IP0320,SUCCESS
T00003988,M0048,C0542,2026-02-25 12:31:36,1922.3,UPI,D0279,IP0342,SUCCESS
T00003989,M0211,C1419,2026-01-25 17:47:27,5102.44,card,D0454,IP0648,SUCCESS
T00003990,M0101,C1405,2026-01-19 04:02:16,795.87,UPI,D0747,IP0468,SUCCESS
T00003991,M0406,C1159,2026-03-07 18:00:46,3726.12,UPI,D0256,IP0551,SUCCESS
T00003992,M0246,C0183,2026-01-07 16:59:43,3629.82,UPI,D0568,IP0484,SUCCESS
T00003993,M0480,C0963,2026-02-15 17:19:47,215.83,UPI,D0695,IP0487,SUCCESS
T00003994,M0069,C0541,2026-01-16 19:33:07,871.18,card,D0224,IP0748,SUCCESS
T00003995,M0480,C1041,2026-02-04 15:24:31,234.15,UPI,D0450,IP0492,SUCCESS
T00003996,M0395,C1154,2026-03-17 09:28:27,659.11,card,D0646,IP0692,SUCCESS
T00003997,M0424,C0292,2026-01-18 16:46:03,874.28,UPI,D0471,IP0263,SUCCESS
T00003998,M0282,C0916,2026-01-06 21:04:51,3091.33,card,D0588,IP0606,SUCCESS
T00003999,M0209,C0430,2026-01-26 20:40:48,1159.35,UPI,D0485,IP0663,SUCCESS
T00004000,M0394,C1142,2026-03-11 14:11:03,1022.59,card,D0362,IP0076,SUCCESS
T00004001,M0490,C1322,2026-02-23 20:27:22,347.18,UPI,D0241,IP0119,SUCCESS
T00004002,M0015,C1305,2026-03-07 20:32:23,886.55,netbanking,D0369,IP0532,SUCCESS
T00004003,M0329,C1403,2026-03-28 15:12:20,5127.25,UPI,D0148,IP0128,SUCCESS
T00004004,M0147,C0697,2026-03-16 20:10:03,673.15,netbanking,D0489,IP0245,SUCCESS
T00004005,M0229,C0820,2026-01-04 19:59:14,3448.42,wallet,D0225,IP0481,SUCCESS
T00004006,M0314,C0370,2026-01-25 16:24:32,85.93,UPI,D0489,IP0636,SUCCESS
T00004007,M0140,C0238,2026-02-11 11:45:00,1039.7,card,D0010,IP0709,SUCCESS
T00004008,M0007,C1211,2026-01-28 13:14:02,3803.28,UPI,D0629,IP0100,SUCCESS
T00004009,M0049,C1222,2026-02-13 10:18:42,6855.41,card,D0619,IP0521,SUCCESS
T00004010,M0015,C0715,2026-03-23 15:54:02,624.68,UPI,D0110,IP0111,SUCCESS
T00004011,M0026,C0924,2026-01-14 16:06:06,1226.73,netbanking,D0507,IP0032,SUCCESS
T00004012,M0113,C1488,2026-01-31 13:00:21,597.0,card,D0296,IP0635,SUCCESS
T00004013,M0249,C1270,2026-01-15 12:33:05,3147.84,UPI,D0294,IP0241,SUCCESS
T00004014,M0254,C0402,2026-01-28 16:28:33,1148.15,UPI,D0465,IP0660,SUCCESS
T00004015,M0008,C0473,2026-02-24 14:14:34,4670.46,card,D0740,IP0268,FAILED
T00004016,M0015,C0067,2026-01-25 20:33:25,515.14,UPI,D0604,IP0288,SUCCESS
T00004017,M0147,C0877,2026-03-07 10:04:36,745.92,card,D0146,IP0245,SUCCESS
T00004018,M0033,C0854,2026-02-08 10:58:28,1609.0,card,D0603,IP0534,FAILED
T00004019,M0132,C1220,2026-02-28 10:28:22,3461.79,UPI,D0227,IP0594,SUCCESS
T00004020,M0018,C0647,2026-02-05 22:53:37,1104.72,card,D0735,IP0221,SUCCESS
T00004021,M0068,C0960,2026-03-17 18:04:01,1317.65,card,D0144,IP0265,SUCCESS
T00004022,M0364,C0227,2026-03-13 11:21:06,2913.74,UPI,D0215,IP0151,SUCCESS
T00004023,M0101,C0187,2026-01-05 09:59:43,923.94,UPI,D0202,IP0563,SUCCESS
T00004024,M0252,C0134,2026-03-26 18:16:40,1732.22,card,D0309,IP0264,SUCCESS
T00004025,M0424,C0369,2026-02-28 16:24:04,391.17,UPI,D0463,IP0125,SUCCESS
T00004026,M0039,C0504,2026-01-21 19:01:15,4409.08,card,D0349,IP0359,SUCCESS
T00004027,M0159,C0160,2026-02-22 12:56:39,2552.0,netbanking,D0004,IP0046,SUCCESS
T00004028,M0347,C0599,2026-01-31 17:35:54,8683.1,UPI,D0206,IP0214,SUCCESS
T00004029,M0118,C0683,2026-03-21 18:53:03,1673.29,card,D0575,IP0214,FAILED
T00004030,M0294,C1417,2026-03-02 15:59:07,1701.48,card,D0702,IP0018,SUCCESS
T00004031,M0378,C1324,2026-03-14 14:43:05,466.49,UPI,D0312,IP0488,SUCCESS
T00004032,M0480,C0696,2026-01-16 17:19:46,683.67,card,D0450,IP0202,SUCCESS
T00004033,M0487,C0185,2026-03-01 09:44:59,465.7,UPI,D0570,IP0081,SUCCESS
T00004034,M0113,C0670,2026-03-30 10:47:14,1272.05,card,D0403,IP0635,SUCCESS
T00004035,M0448,C0794,2026-01-30 11:46:46,3303.0,card,D0457,IP0566,SUCCESS
T00004036,M0035,C0005,2026-02-27 20:33:03,990.4,UPI,D0676,IP0667,SUCCESS
T00004037,M0254,C1413,2026-01-04 18:24:47,1437.51,card,D0465,IP0660,SUCCESS
T00004038,M0263,C1342,2026-01-16 14:09:31,1114.08,wallet,D0168,IP0556,SUCCESS
T00004039,M0066,C0675,2026-01-19 20:00:43,2651.83,wallet,D0450,IP0374,SUCCESS
T00004040,M0177,C0207,2026-01-25 16:14:07,516.83,UPI,D0071,IP0540,SUCCESS
T00004041,M0410,C1438,2026-01-20 10:17:51,1622.66,netbanking,D0098,IP0189,SUCCESS
T00004042,M0137,C0272,2026-03-29 15:55:45,6066.76,netbanking,D0048,IP0461,FAILED
T00004043,M0347,C1021,2026-02-03 17:29:33,3217.03,UPI,D0154,IP0063,SUCCESS
T00004044,M0487,C0236,2026-03-29 14:26:53,714.2,UPI,D0570,IP0422,SUCCESS
T00004045,M0035,C1231,2026-03-16 20:05:12,486.46,card,D0342,IP0089,SUCCESS
T00004046,M0011,C0251,2026-03-14 17:51:22,478.45,wallet,D0580,IP0175,SUCCESS
T00004047,M0154,C1355,2026-02-22 11:22:29,415.89,wallet,D0725,IP0418,SUCCESS
T00004048,M0075,C0297,2026-03-12 18:59:24,545.11,card,D0615,IP0225,SUCCESS
T00004049,M0065,C0067,2026-03-28 23:35:05,4466.93,card,D0516,IP0559,SUCCESS
T00004050,M0229,C0126,2026-01-01 17:16:24,1804.89,card,D0706,IP0327,SUCCESS
T00004051,M0360,C0054,2026-01-06 23:50:57,3628.17,card,D0729,IP0731,SUCCESS
T00004052,M0402,C0233,2026-02-11 18:24:03,517.21,UPI,D0154,IP0511,SUCCESS
T00004053,M0077,C0299,2026-03-24 15:32:44,1042.89,card,D0370,IP0510,SUCCESS
T00004054,M0313,C0373,2026-02-11 14:59:53,8108.39,card,D0547,IP0102,SUCCESS
T00004055,M0385,C0702,2026-03-16 19:15:51,186.06,UPI,D0388,IP0694,SUCCESS
T00004056,M0341,C0992,2026-02-20 13:40:41,2306.38,card,D0234,IP0610,SUCCESS
T00004057,M0261,C0054,2026-02-12 11:07:58,1715.31,UPI,D0306,IP0371,SUCCESS
T00004058,M0248,C0438,2026-01-26 12:54:28,731.5,card,D0449,IP0407,SUCCESS
T00004059,M0410,C0344,2026-01-02 14:37:25,434.31,netbanking,D0547,IP0189,SUCCESS
T00004060,M0142,C1316,2026-01-05 23:10:44,221.92,UPI,D0092,IP0672,SUCCESS
T00004061,M0125,C0763,2026-02-16 11:21:41,925.42,card,D0175,IP0561,SUCCESS
T00004062,M0040,C1187,2026-02-19 10:34:10,675.51,UPI,D0327,IP0583,SUCCESS
T00004063,M0229,C0914,2026-02-09 20:02:35,12614.47,netbanking,D0395,IP0481,SUCCESS
T00004064,M0365,C1364,2026-02-14 08:30:56,1794.2,card,D0098,IP0744,SUCCESS
T00004065,M0297,C0344,2026-02-02 18:16:09,2435.25,card,D0408,IP0440,SUCCESS
T00004066,M0066,C1089,2026-03-01 22:52:08,961.45,card,D0372,IP0500,SUCCESS
T00004067,M0494,C0954,2026-02-11 20:33:28,512.02,card,D0364,IP0616,SUCCESS
T00004068,M0211,C1246,2026-03-31 16:53:26,1530.45,netbanking,D0480,IP0182,FAILED
T00004069,M0001,C0588,2026-03-06 16:35:29,546.36,UPI,D0198,IP0150,SUCCESS
T00004070,M0335,C1257,2026-03-04 07:55:38,361.93,card,D0019,IP0676,SUCCESS
T00004071,M0004,C0118,2026-01-26 14:55:43,2125.8,wallet,D0124,IP0014,SUCCESS
T00004072,M0463,C1474,2026-02-06 16:58:57,2210.16,UPI,D0355,IP0291,SUCCESS
T00004073,M0330,C0691,2026-01-22 14:17:11,2172.69,card,D0288,IP0409,SUCCESS
T00004074,M0191,C0391,2026-02-11 20:39:28,4383.38,card,D0749,IP0003,FAILED
T00004075,M0196,C1137,2026-01-08 10:19:43,5581.17,UPI,D0018,IP0563,REFUNDED
T00004076,M0076,C0748,2026-03-15 09:09:21,778.54,wallet,D0167,IP0045,FAILED
T00004077,M0234,C0524,2026-01-02 21:44:27,6056.06,card,D0216,IP0729,SUCCESS
T00004078,M0288,C0253,2026-01-25 13:27:05,392.19,UPI,D0574,IP0377,SUCCESS
T00004079,M0113,C1379,2026-02-12 18:56:17,782.6,card,D0296,IP0262,SUCCESS
T00004080,M0368,C0903,2026-02-13 13:00:13,559.68,card,D0434,IP0604,SUCCESS
T00004081,M0181,C1122,2026-02-01 04:33:58,930.47,netbanking,D0198,IP0507,SUCCESS
T00004082,M0048,C1331,2026-03-21 11:35:08,1209.39,UPI,D0553,IP0176,SUCCESS
T00004083,M0147,C1406,2026-01-06 15:06:54,1360.35,UPI,D0661,IP0082,SUCCESS
T00004084,M0020,C0948,2026-03-01 21:46:37,3653.92,card,D0645,IP0303,SUCCESS
T00004085,M0469,C0540,2026-03-27 11:50:45,115.07,card,D0529,IP0642,SUCCESS
T00004086,M0260,C1221,2026-02-08 22:34:15,16917.87,UPI,D0645,IP0717,SUCCESS
T00004087,M0487,C1339,2026-02-08 19:53:20,2536.03,card,D0405,IP0068,SUCCESS
T00004088,M0340,C1487,2026-01-03 12:23:21,2451.75,UPI,D0303,IP0474,SUCCESS
T00004089,M0026,C0401,2026-03-08 17:20:06,4146.92,UPI,D0507,IP0531,SUCCESS
T00004090,M0118,C0407,2026-01-07 08:24:39,2174.91,card,D0397,IP0292,SUCCESS
T00004091,M0297,C1380,2026-02-21 18:27:45,4907.01,netbanking,D0467,IP0148,SUCCESS
T00004092,M0004,C0130,2026-02-24 13:01:01,2698.47,card,D0432,IP0570,SUCCESS
T00004093,M0338,C0845,2026-02-01 08:10:50,8416.96,wallet,D0388,IP0199,SUCCESS
T00004094,M0448,C1069,2026-01-24 23:06:54,8771.02,netbanking,D0522,IP0033,FAILED
T00004095,M0181,C0874,2026-01-19 13:41:23,470.76,UPI,D0369,IP0630,SUCCESS
T00004096,M0433,C0492,2026-01-23 12:30:05,1461.25,card,D0727,IP0098,SUCCESS
T00004097,M0478,C1375,2026-03-25 22:07:54,1149.31,netbanking,D0722,IP0101,SUCCESS
T00004098,M0147,C0159,2026-03-26 12:08:06,411.72,card,D0359,IP0245,SUCCESS
T00004099,M0265,C0262,2026-03-31 23:57:29,7564.05,UPI,D0318,IP0680,SUCCESS
T00004100,M0176,C0232,2026-02-20 15:37:59,1500.67,netbanking,D0097,IP0559,SUCCESS
T00004101,M0165,C0923,2026-01-10 14:09:51,689.23,UPI,D0121,IP0165,SUCCESS
T00004102,M0006,C0559,2026-03-10 23:14:40,1370.16,UPI,D0702,IP0548,SUCCESS
T00004103,M0142,C0910,2026-03-19 20:24:18,874.96,card,D0247,IP0672,SUCCESS
T00004104,M0418,C1005,2026-03-25 14:24:59,2756.37,UPI,D0493,IP0223,SUCCESS
T00004105,M0462,C0886,2026-02-21 16:56:42,3598.93,UPI,D0484,IP0438,SUCCESS
T00004106,M0169,C0024,2026-03-17 14:15:00,5757.36,UPI,D0642,IP0665,SUCCESS
T00004107,M0018,C1417,2026-03-22 12:36:38,3743.61,UPI,D0524,IP0221,SUCCESS
T00004108,M0403,C1319,2026-01-28 17:17:14,2094.23,card,D0084,IP0503,SUCCESS
T00004109,M0380,C1384,2026-02-03 09:13:35,14781.85,netbanking,D0164,IP0007,SUCCESS
T00004110,M0165,C0959,2026-01-19 21:09:42,645.48,UPI,D0730,IP0165,SUCCESS
T00004111,M0424,C1395,2026-02-05 23:02:14,2160.1,netbanking,D0463,IP0263,SUCCESS
T00004112,M0405,C0156,2026-02-14 05:21:56,492.06,card,D0164,IP0115,SUCCESS
T00004113,M0075,C0705,2026-03-31 13:39:56,1686.74,card,D0118,IP0692,SUCCESS
T00004114,M0277,C0198,2026-01-06 10:49:30,632.61,card,D0658,IP0154,REFUNDED
T00004115,M0113,C0690,2026-01-12 17:47:20,1471.7,UPI,D0259,IP0156,SUCCESS
T00004116,M0113,C0326,2026-02-10 08:25:45,1505.49,wallet,D0296,IP0635,SUCCESS
T00004117,M0213,C1398,2026-03-27 22:26:12,4549.81,card,D0415,IP0337,SUCCESS
T00004118,M0113,C0002,2026-01-03 19:34:42,740.49,wallet,D0296,IP0635,SUCCESS
T00004119,M0427,C1168,2026-03-23 10:51:06,2730.84,card,D0222,IP0500,SUCCESS
T00004120,M0249,C0352,2026-03-30 11:55:18,602.32,card,D0686,IP0241,SUCCESS
T00004121,M0446,C0875,2026-01-13 12:49:52,2002.57,card,D0230,IP0410,SUCCESS
T00004122,M0303,C0161,2026-01-22 15:45:00,542.47,UPI,D0271,IP0615,SUCCESS
T00004123,M0330,C1325,2026-03-25 15:02:54,783.33,netbanking,D0100,IP0168,SUCCESS
T00004124,M0313,C0693,2026-01-04 12:50:46,38084.0,netbanking,D0007,IP0554,SUCCESS
T00004125,M0124,C0650,2026-01-28 07:35:31,820.53,card,D0006,IP0366,FAILED
T00004126,M0102,C1101,2026-03-26 11:35:27,2880.18,card,D0403,IP0052,FAILED
T00004127,M0170,C0668,2026-01-27 17:55:50,1508.26,wallet,D0302,IP0366,SUCCESS
T00004128,M0366,C1190,2026-03-27 03:05:05,128.95,UPI,D0748,IP0545,SUCCESS
T00004129,M0444,C1306,2026-02-27 17:28:29,3023.28,card,D0611,IP0075,SUCCESS
T00004130,M0113,C1352,2026-03-08 20:19:13,3119.6,card,D0296,IP0683,SUCCESS
T00004131,M0065,C0617,2026-03-31 22:44:52,7573.09,card,D0335,IP0559,SUCCESS
T00004132,M0440,C0617,2026-03-08 13:38:05,8152.9,card,D0580,IP0040,SUCCESS
T00004133,M0205,C0137,2026-03-28 19:17:50,629.97,UPI,D0269,IP0747,SUCCESS
T00004134,M0147,C1312,2026-01-23 12:38:45,2006.07,UPI,D0489,IP0082,SUCCESS
T00004135,M0004,C0650,2026-02-02 13:56:20,6980.7,card,D0354,IP0014,FAILED
T00004136,M0130,C1312,2026-02-19 17:07:26,22545.17,card,D0450,IP0422,FAILED
T00004137,M0026,C0392,2026-02-26 13:40:12,19900.03,UPI,D0538,IP0531,SUCCESS
T00004138,M0376,C0657,2026-01-22 12:58:43,377.28,card,D0547,IP0538,REFUNDED
T00004139,M0049,C0075,2026-01-27 20:04:06,1339.81,card,D0311,IP0015,SUCCESS
T00004140,M0403,C0635,2026-01-12 18:06:39,1279.21,card,D0084,IP0019,SUCCESS
T00004141,M0372,C0843,2026-01-31 20:45:52,547.64,wallet,D0501,IP0263,SUCCESS
T00004142,M0015,C1199,2026-03-17 16:47:31,566.26,wallet,D0098,IP0111,REFUNDED
T00004143,M0493,C0287,2026-02-06 16:03:07,1486.91,UPI,D0550,IP0204,SUCCESS
T00004144,M0490,C0037,2026-01-16 18:16:46,539.38,UPI,D0385,IP0119,SUCCESS
T00004145,M0480,C0514,2026-02-27 11:55:27,739.66,card,D0695,IP0175,SUCCESS
T00004146,M0147,C1329,2026-03-31 13:22:25,2148.79,card,D0489,IP0245,SUCCESS
T00004147,M0366,C0082,2026-01-03 06:47:03,623.78,UPI,D0419,IP0127,SUCCESS
T00004148,M0254,C1028,2026-01-04 13:11:47,556.4,netbanking,D0708,IP0709,SUCCESS
T00004149,M0195,C1110,2026-01-22 12:04:43,1779.67,netbanking,D0142,IP0140,SUCCESS
T00004150,M0238,C1255,2026-01-22 15:46:52,11449.88,wallet,D0288,IP0439,SUCCESS
T00004151,M0379,C1063,2026-01-08 19:58:47,662.87,UPI,D0281,IP0195,REFUNDED
T00004152,M0076,C1104,2026-01-31 15:37:55,746.6,card,D0397,IP0249,SUCCESS
T00004153,M0249,C1285,2026-03-26 09:12:09,486.66,netbanking,D0533,IP0241,SUCCESS
T00004154,M0478,C0183,2026-03-15 21:01:11,9697.67,netbanking,D0722,IP0257,SUCCESS
T00004155,M0337,C1294,2026-02-14 17:54:03,1110.09,UPI,D0155,IP0623,SUCCESS
T00004156,M0471,C0914,2026-02-10 18:15:08,405.25,card,D0285,IP0194,SUCCESS
T00004157,M0015,C0543,2026-02-12 10:30:22,205.97,card,D0711,IP0111,SUCCESS
T00004158,M0311,C1474,2026-03-07 23:37:46,830.17,UPI,D0437,IP0681,REFUNDED
T00004159,M0379,C0735,2026-01-20 08:20:44,402.36,UPI,D0631,IP0439,SUCCESS
T00004160,M0199,C0949,2026-01-20 18:41:45,3140.72,card,D0417,IP0365,SUCCESS
T00004161,M0092,C0698,2026-01-20 18:56:21,3121.31,card,D0187,IP0226,SUCCESS
T00004162,M0071,C0410,2026-02-10 12:46:55,9065.68,UPI,D0243,IP0348,FAILED
T00004163,M0302,C0128,2026-03-19 15:26:38,651.55,card,D0458,IP0719,SUCCESS
T00004164,M0129,C0543,2026-03-11 20:59:23,524.4,wallet,D0320,IP0056,SUCCESS
T00004165,M0035,C0802,2026-03-30 15:21:42,503.48,wallet,D0598,IP0079,SUCCESS
T00004166,M0427,C0894,2026-03-06 14:30:26,3445.43,UPI,D0222,IP0665,SUCCESS
T00004167,M0424,C0710,2026-03-24 17:08:50,492.41,UPI,D0189,IP0427,SUCCESS
T00004168,M0403,C1308,2026-01-07 23:47:05,5585.58,UPI,D0244,IP0019,SUCCESS
T00004169,M0303,C0146,2026-03-04 12:44:01,1589.13,wallet,D0708,IP0615,SUCCESS
T00004170,M0290,C0976,2026-01-29 13:44:47,529.71,UPI,D0216,IP0012,SUCCESS
T00004171,M0303,C0021,2026-03-30 13:39:29,454.53,UPI,D0403,IP0605,SUCCESS
T00004172,M0410,C0293,2026-02-14 15:08:12,2772.52,wallet,D0525,IP0189,SUCCESS
T00004173,M0364,C0138,2026-01-20 20:03:12,456.44,wallet,D0273,IP0643,SUCCESS
T00004174,M0111,C0541,2026-03-19 23:30:29,654.24,UPI,D0457,IP0213,SUCCESS
T00004175,M0203,C0770,2026-02-07 23:40:02,395.78,UPI,D0173,IP0002,SUCCESS
T00004176,M0370,C0127,2026-01-06 10:39:47,1596.27,netbanking,D0548,IP0644,SUCCESS
T00004177,M0303,C0195,2026-03-30 21:24:20,419.94,UPI,D0660,IP0265,SUCCESS
T00004178,M0478,C0295,2026-02-19 17:02:10,5752.83,UPI,D0551,IP0257,FAILED
T00004179,M0165,C0784,2026-01-04 23:07:59,427.91,wallet,D0730,IP0377,SUCCESS
T00004180,M0391,C0362,2026-01-17 22:52:10,45417.62,card,D0243,IP0493,SUCCESS
T00004181,M0382,C0385,2026-01-29 14:22:44,2008.77,card,D0424,IP0230,SUCCESS
T00004182,M0404,C0818,2026-02-18 11:04:56,3851.71,card,D0381,IP0423,SUCCESS
T00004183,M0357,C0608,2026-01-20 14:03:50,2689.98,netbanking,D0198,IP0231,SUCCESS
T00004184,M0452,C0289,2026-01-23 15:28:09,2261.66,UPI,D0588,IP0221,SUCCESS
T00004185,M0410,C0952,2026-03-08 13:31:05,2393.24,UPI,D0267,IP0471,SUCCESS
T00004186,M0424,C1116,2026-02-07 23:01:03,1899.65,card,D0277,IP0125,SUCCESS
T00004187,M0252,C0744,2026-03-08 17:29:13,264.73,card,D0056,IP0264,SUCCESS
T00004188,M0050,C1377,2026-01-22 14:52:36,1068.9,card,D0594,IP0545,SUCCESS
T00004189,M0303,C0456,2026-03-01 21:07:50,1497.17,wallet,D0738,IP0686,SUCCESS
T00004190,M0273,C0288,2026-03-21 14:19:04,663.99,card,D0056,IP0560,SUCCESS
T00004191,M0478,C0772,2026-01-01 18:53:24,3059.83,card,D0293,IP0101,SUCCESS
T00004192,M0368,C1018,2026-02-07 06:26:50,1968.49,UPI,D0445,IP0748,SUCCESS
T00004193,M0416,C0380,2026-02-12 20:46:23,145.99,card,D0680,IP0602,SUCCESS
T00004194,M0380,C0276,2026-02-05 15:33:10,2394.84,netbanking,D0450,IP0491,SUCCESS
T00004195,M0355,C0194,2026-01-15 17:25:00,451.56,UPI,D0422,IP0618,SUCCESS
T00004196,M0470,C1252,2026-02-23 16:25:36,657.53,UPI,D0244,IP0211,SUCCESS
T00004197,M0048,C0502,2026-01-04 11:17:12,927.43,UPI,D0351,IP0342,SUCCESS
T00004198,M0448,C1466,2026-01-05 17:59:30,2651.37,card,D0457,IP0408,SUCCESS
T00004199,M0424,C0644,2026-02-08 12:18:37,999.0,wallet,D0463,IP0125,SUCCESS
T00004200,M0494,C1388,2026-01-07 14:52:03,1134.21,card,D0186,IP0158,SUCCESS
T00004201,M0101,C0187,2026-01-19 19:09:46,334.09,card,D0645,IP0468,SUCCESS
T00004202,M0434,C0212,2026-02-02 17:25:27,3009.57,UPI,D0290,IP0566,SUCCESS
T00004203,M0147,C0098,2026-01-19 17:27:36,1861.02,card,D0301,IP0245,SUCCESS
T00004204,M0042,C0708,2026-03-10 15:56:22,1479.92,UPI,D0138,IP0447,SUCCESS
T00004205,M0147,C0098,2026-02-21 23:48:46,1432.64,UPI,D0661,IP0120,SUCCESS
T00004206,M0113,C0842,2026-02-18 08:28:35,177.99,card,D0403,IP0635,FAILED
T00004207,M0167,C1153,2026-02-28 23:50:20,6837.39,card,D0449,IP0415,SUCCESS
T00004208,M0471,C0392,2026-02-07 12:11:26,294.5,card,D0672,IP0507,SUCCESS
T00004209,M0363,C0358,2026-02-15 15:31:29,830.85,card,D0265,IP0024,SUCCESS
T00004210,M0313,C1317,2026-03-07 23:25:57,4255.95,card,D0514,IP0126,SUCCESS
T00004211,M0446,C1240,2026-03-11 20:55:25,1813.86,UPI,D0269,IP0586,SUCCESS
T00004212,M0462,C0732,2026-03-08 15:13:29,885.12,wallet,D0396,IP0525,SUCCESS
T00004213,M0487,C0686,2026-01-26 23:35:15,943.4,card,D0405,IP0019,SUCCESS
T00004214,M0449,C0617,2026-01-06 19:53:42,2125.25,UPI,D0495,IP0422,SUCCESS
T00004215,M0424,C1497,2026-01-01 12:14:47,1045.45,card,D0189,IP0263,SUCCESS
T00004216,M0015,C1153,2026-03-14 19:17:31,624.31,card,D0348,IP0351,SUCCESS
T00004217,M0303,C0580,2026-03-24 18:44:14,977.74,UPI,D0655,IP0227,SUCCESS
T00004218,M0221,C0663,2026-02-25 13:20:23,931.29,netbanking,D0255,IP0208,SUCCESS
T00004219,M0045,C0019,2026-01-23 22:13:03,2396.73,UPI,D0715,IP0601,SUCCESS
T00004220,M0071,C1497,2026-02-15 13:35:19,22981.15,netbanking,D0451,IP0542,SUCCESS
T00004221,M0241,C0626,2026-02-13 18:04:03,529.66,UPI,D0460,IP0469,SUCCESS
T00004222,M0480,C0525,2026-03-29 09:06:40,1003.59,UPI,D0450,IP0286,SUCCESS
T00004223,M0255,C1053,2026-01-24 11:08:32,7585.21,card,D0599,IP0681,REFUNDED
T00004224,M0410,C0416,2026-01-12 12:11:24,842.11,netbanking,D0525,IP0419,SUCCESS
T00004225,M0136,C0413,2026-01-30 10:37:11,562.09,UPI,D0372,IP0045,SUCCESS
T00004226,M0144,C0783,2026-03-10 23:38:24,3413.13,card,D0659,IP0488,SUCCESS
T00004227,M0434,C0315,2026-03-29 09:33:22,5977.81,card,D0062,IP0566,SUCCESS
T00004228,M0169,C0292,2026-03-06 11:31:17,766.13,card,D0642,IP0443,SUCCESS
T00004229,M0359,C0186,2026-03-04 16:24:54,925.48,UPI,D0740,IP0112,SUCCESS
T00004230,M0001,C0223,2026-02-19 12:09:51,3992.24,UPI,D0425,IP0339,SUCCESS
T00004231,M0015,C0065,2026-01-06 18:22:31,907.37,UPI,D0016,IP0288,SUCCESS
T00004232,M0268,C0935,2026-03-29 14:16:12,4562.8,UPI,D0059,IP0422,SUCCESS
T00004233,M0327,C0475,2026-02-25 16:12:31,2658.97,card,D0730,IP0605,SUCCESS
T00004234,M0059,C0180,2026-01-26 09:11:53,608.52,UPI,D0373,IP0447,FAILED
T00004235,M0412,C0331,2026-02-22 11:13:22,6639.75,wallet,D0370,IP0277,SUCCESS
T00004236,M0047,C0866,2026-03-13 14:09:23,77.24,UPI,D0506,IP0308,SUCCESS
T00004237,M0364,C0071,2026-02-15 17:15:05,1909.08,UPI,D0273,IP0151,SUCCESS
T00004238,M0366,C1215,2026-01-02 20:14:54,365.05,UPI,D0748,IP0187,SUCCESS
T00004239,M0248,C1005,2026-02-14 07:00:53,1253.9,UPI,D0013,IP0019,SUCCESS
T00004240,M0260,C0822,2026-03-17 18:43:37,10644.36,card,D0645,IP0375,SUCCESS
T00004241,M0001,C0993,2026-01-11 18:14:45,1231.11,UPI,D0280,IP0339,SUCCESS
T00004242,M0297,C1080,2026-02-17 20:19:13,3618.24,card,D0654,IP0053,SUCCESS
T00004243,M0173,C0179,2026-01-15 23:54:46,904.47,UPI,D0594,IP0693,SUCCESS
T00004244,M0142,C1015,2026-02-27 17:57:54,656.35,card,D0475,IP0126,SUCCESS
T00004245,M0076,C0445,2026-01-22 07:12:57,457.53,card,D0527,IP0538,SUCCESS
T00004246,M0339,C1113,2026-02-01 18:27:11,955.8,netbanking,D0462,IP0309,SUCCESS
T00004247,M0443,C1339,2026-01-29 18:40:09,4941.75,wallet,D0599,IP0393,SUCCESS
T00004248,M0093,C0498,2026-03-15 17:31:56,1125.22,UPI,D0636,IP0737,SUCCESS
T00004249,M0397,C1112,2026-03-30 13:14:30,1607.29,UPI,D0653,IP0388,SUCCESS
T00004250,M0273,C0084,2026-01-15 18:11:10,1091.14,UPI,D0328,IP0336,SUCCESS
T00004251,M0006,C0073,2026-03-19 09:07:10,968.47,card,D0219,IP0576,SUCCESS
T00004252,M0278,C1015,2026-03-07 20:38:22,458.66,wallet,D0298,IP0518,REFUNDED
T00004253,M0438,C0044,2026-01-20 13:24:06,494.47,UPI,D0271,IP0729,SUCCESS
T00004254,M0487,C1483,2026-03-24 17:40:48,1001.45,UPI,D0507,IP0081,SUCCESS
T00004255,M0263,C0694,2026-02-23 12:29:24,2306.41,card,D0168,IP0629,SUCCESS
T00004256,M0254,C0613,2026-01-03 14:34:08,2159.75,netbanking,D0403,IP0188,SUCCESS
T00004257,M0203,C1352,2026-02-08 16:09:59,1201.55,UPI,D0384,IP0283,SUCCESS
T00004258,M0214,C1267,2026-03-17 17:04:09,1069.8,UPI,D0540,IP0090,SUCCESS
T00004259,M0269,C1311,2026-02-22 14:26:36,610.72,card,D0589,IP0136,FAILED
T00004260,M0061,C1246,2026-03-28 15:28:17,4188.79,card,D0304,IP0208,SUCCESS
T00004261,M0359,C0991,2026-02-18 22:21:37,424.35,UPI,D0698,IP0685,SUCCESS
T00004262,M0205,C0128,2026-03-24 13:25:21,1090.0,wallet,D0430,IP0520,SUCCESS
T00004263,M0364,C1396,2026-01-22 13:32:20,1369.99,UPI,D0032,IP0085,SUCCESS
T00004264,M0353,C0903,2026-02-11 10:25:07,1056.02,card,D0653,IP0731,SUCCESS
T00004265,M0452,C0583,2026-02-07 09:51:42,988.9,UPI,D0165,IP0078,SUCCESS
T00004266,M0165,C1493,2026-02-01 23:46:30,184.3,UPI,D0587,IP0165,FAILED
T00004267,M0478,C0653,2026-03-26 23:31:06,12991.07,UPI,D0391,IP0101,SUCCESS
T00004268,M0364,C0561,2026-03-25 18:57:49,237.22,card,D0656,IP0373,SUCCESS
T00004269,M0347,C0668,2026-02-15 16:38:37,892.62,card,D0154,IP0063,SUCCESS
T00004270,M0303,C1398,2026-03-01 10:48:25,898.9,UPI,D0660,IP0467,SUCCESS
T00004271,M0132,C0093,2026-03-25 05:16:42,2129.71,card,D0227,IP0251,SUCCESS
T00004272,M0004,C0623,2026-02-08 09:51:45,2225.21,card,D0432,IP0665,SUCCESS
T00004273,M0303,C0146,2026-03-13 13:44:11,705.5,UPI,D0655,IP0222,SUCCESS
T00004274,M0471,C0495,2026-03-18 16:35:29,414.09,UPI,D0311,IP0541,SUCCESS
T00004275,M0440,C1306,2026-03-18 19:40:17,12694.73,UPI,D0268,IP0562,REFUNDED
T00004276,M0057,C0137,2026-01-31 16:16:00,2871.83,UPI,D0009,IP0071,SUCCESS
T00004277,M0176,C0118,2026-01-24 22:33:37,770.19,card,D0376,IP0462,SUCCESS
T00004278,M0271,C0694,2026-01-19 22:03:38,579.93,wallet,D0476,IP0729,SUCCESS
T00004279,M0278,C1480,2026-01-08 13:31:54,2975.91,wallet,D0581,IP0588,SUCCESS
T00004280,M0124,C0410,2026-02-13 08:51:21,1035.32,wallet,D0228,IP0342,SUCCESS
T00004281,M0370,C1270,2026-01-23 11:42:07,1471.4,card,D0202,IP0644,SUCCESS
T00004282,M0276,C1089,2026-01-04 15:12:23,435.76,UPI,D0105,IP0724,SUCCESS
T00004283,M0444,C0370,2026-02-18 17:53:58,3360.19,netbanking,D0687,IP0075,SUCCESS
T00004284,M0147,C0495,2026-01-27 16:11:04,989.75,card,D0661,IP0082,SUCCESS
T00004285,M0469,C1450,2026-03-10 19:15:47,808.93,card,D0710,IP0634,SUCCESS
T00004286,M0425,C0496,2026-01-19 21:46:43,5751.35,netbanking,D0179,IP0045,SUCCESS
T00004287,M0229,C0718,2026-02-06 22:57:40,2376.31,card,D0451,IP0481,FAILED
T00004288,M0424,C0980,2026-01-26 23:06:12,1014.9,UPI,D0189,IP0263,SUCCESS
T00004289,M0354,C1198,2026-03-22 15:19:40,6458.95,card,D0083,IP0324,SUCCESS
T00004290,M0254,C0807,2026-01-21 23:32:55,1336.12,UPI,D0495,IP0394,SUCCESS
T00004291,M0289,C0133,2026-02-21 21:21:12,969.49,UPI,D0654,IP0062,SUCCESS
T00004292,M0303,C0411,2026-03-22 22:41:13,405.6,UPI,D0708,IP0010,SUCCESS
T00004293,M0142,C0896,2026-02-27 14:47:52,891.73,UPI,D0130,IP0672,SUCCESS
T00004294,M0113,C0904,2026-01-20 13:43:18,168.79,card,D0296,IP0156,SUCCESS
T00004295,M0411,C0682,2026-01-01 10:06:54,4660.39,card,D0630,IP0212,SUCCESS
T00004296,M0069,C1026,2026-01-30 17:12:49,1178.16,netbanking,D0435,IP0478,SUCCESS
T00004297,M0374,C1282,2026-03-11 15:09:44,860.99,card,D0353,IP0741,SUCCESS
T00004298,M0450,C1321,2026-02-01 22:52:16,1650.62,card,D0527,IP0212,SUCCESS
T00004299,M0248,C0162,2026-03-10 07:56:33,980.65,UPI,D0445,IP0112,SUCCESS
T00004300,M0410,C1230,2026-01-04 13:17:16,562.74,UPI,D0525,IP0336,SUCCESS
T00004301,M0444,C0914,2026-01-02 18:34:39,2991.64,UPI,D0611,IP0078,SUCCESS
T00004302,M0165,C0718,2026-03-27 20:04:19,708.47,UPI,D0189,IP0377,SUCCESS
T00004303,M0147,C1333,2026-01-02 13:42:13,2247.94,UPI,D0661,IP0245,SUCCESS
T00004304,M0297,C1412,2026-03-26 13:10:38,1813.67,UPI,D0182,IP0440,SUCCESS
T00004305,M0468,C1324,2026-02-05 15:52:52,5430.14,card,D0343,IP0671,SUCCESS
T00004306,M0379,C1199,2026-01-02 10:54:15,241.66,UPI,D0562,IP0517,SUCCESS
T00004307,M0122,C0485,2026-03-22 14:29:17,3142.34,UPI,D0436,IP0348,SUCCESS
T00004308,M0229,C0609,2026-02-15 23:49:13,2567.01,UPI,D0451,IP0217,SUCCESS
T00004309,M0320,C0156,2026-03-17 08:10:03,1172.51,netbanking,D0137,IP0133,SUCCESS
T00004310,M0211,C1030,2026-02-28 09:59:14,1061.52,UPI,D0480,IP0182,SUCCESS
T00004311,M0129,C1302,2026-01-17 13:33:47,603.56,card,D0587,IP0094,SUCCESS
T00004312,M0424,C0147,2026-03-14 17:34:51,365.51,netbanking,D0471,IP0263,SUCCESS
T00004313,M0375,C0495,2026-03-14 13:06:59,623.74,netbanking,D0222,IP0563,SUCCESS
T00004314,M0410,C1432,2026-01-21 16:17:17,4864.31,wallet,D0587,IP0471,SUCCESS
T00004315,M0113,C0478,2026-01-26 19:24:25,1790.31,card,D0403,IP0262,FAILED
T00004316,M0113,C0328,2026-03-07 11:55:23,355.45,wallet,D0403,IP0262,SUCCESS
T00004317,M0075,C0284,2026-02-22 13:32:22,797.84,wallet,D0370,IP0225,SUCCESS
T00004318,M0363,C0676,2026-02-18 12:33:06,175.21,wallet,D0386,IP0475,SUCCESS
T00004319,M0465,C0605,2026-02-19 18:33:45,8999.47,netbanking,D0646,IP0684,SUCCESS
T00004320,M0442,C0925,2026-01-11 21:43:44,499.96,UPI,D0143,IP0110,SUCCESS
T00004321,M0147,C0538,2026-03-25 16:52:24,1060.82,wallet,D0689,IP0245,SUCCESS
T00004322,M0197,C0160,2026-02-02 19:39:28,3258.37,netbanking,D0409,IP0015,SUCCESS
T00004323,M0273,C1353,2026-01-09 17:15:11,1063.04,card,D0687,IP0425,SUCCESS
T00004324,M0013,C0776,2026-03-05 11:53:10,1629.55,UPI,D0061,IP0416,SUCCESS
T00004325,M0366,C0912,2026-03-11 14:12:27,634.26,UPI,D0748,IP0519,SUCCESS
T00004326,M0141,C0107,2026-02-03 15:43:39,555.63,wallet,D0276,IP0551,SUCCESS
T00004327,M0424,C0209,2026-01-30 16:43:23,647.92,netbanking,D0442,IP0263,SUCCESS
T00004328,M0290,C0738,2026-03-08 10:13:46,621.68,card,D0355,IP0561,SUCCESS
T00004329,M0113,C0400,2026-01-02 15:20:38,1573.63,UPI,D0296,IP0156,SUCCESS
T00004330,M0403,C0178,2026-01-28 14:16:38,2214.89,UPI,D0458,IP0503,SUCCESS
T00004331,M0424,C1429,2026-01-28 12:36:47,1865.77,UPI,D0471,IP0263,SUCCESS
T00004332,M0442,C0541,2026-01-02 07:03:55,205.16,UPI,D0603,IP0294,SUCCESS
T00004333,M0076,C1195,2026-01-27 08:44:48,2791.31,card,D0167,IP0303,SUCCESS
T00004334,M0263,C0407,2026-01-09 20:04:15,880.54,card,D0151,IP0556,SUCCESS
T00004335,M0035,C0755,2026-02-18 16:56:13,1155.56,card,D0300,IP0079,SUCCESS
T00004336,M0487,C0291,2026-01-05 17:24:17,864.5,UPI,D0570,IP0358,SUCCESS
T00004337,M0263,C0073,2026-03-10 18:30:16,1291.78,card,D0087,IP0556,SUCCESS
T00004338,M0405,C0114,2026-01-16 22:48:58,1050.53,card,D0015,IP0351,SUCCESS
T00004339,M0147,C0905,2026-01-11 18:26:03,1892.01,card,D0661,IP0082,SUCCESS
T00004340,M0135,C0086,2026-02-14 19:20:14,7155.1,UPI,D0090,IP0332,SUCCESS
T00004341,M0274,C1265,2026-02-05 10:09:19,7087.26,card,D0399,IP0742,SUCCESS
T00004342,M0336,C0582,2026-02-01 23:02:55,3554.04,wallet,D0725,IP0412,SUCCESS
T00004343,M0159,C0183,2026-02-04 22:42:18,7948.39,netbanking,D0702,IP0017,SUCCESS
T00004344,M0203,C0588,2026-03-15 19:11:25,554.7,wallet,D0173,IP0155,FAILED
T00004345,M0229,C0710,2026-01-09 19:49:45,3555.29,card,D0451,IP0750,SUCCESS
T00004346,M0007,C0694,2026-03-08 15:35:00,4330.8,card,D0271,IP0520,SUCCESS
T00004347,M0146,C1432,2026-03-06 12:49:29,1617.31,card,D0095,IP0268,SUCCESS
T00004348,M0410,C1432,2026-03-18 23:33:42,1188.17,UPI,D0547,IP0720,SUCCESS
T00004349,M0424,C0969,2026-01-15 14:40:39,1205.79,wallet,D0436,IP0125,SUCCESS
T00004350,M0401,C0796,2026-02-03 13:57:19,715.63,wallet,D0643,IP0595,SUCCESS
T00004351,M0104,C0413,2026-03-15 15:42:28,3031.68,netbanking,D0728,IP0298,SUCCESS
T00004352,M0109,C1352,2026-02-13 14:19:59,950.9,UPI,D0520,IP0289,SUCCESS
T00004353,M0176,C0302,2026-01-14 14:48:17,1305.8,card,D0471,IP0462,SUCCESS
T00004354,M0137,C1201,2026-03-16 10:43:53,970.49,netbanking,D0511,IP0295,SUCCESS
T00004355,M0015,C0191,2026-01-15 15:51:01,678.54,UPI,D0016,IP0351,SUCCESS
T00004356,M0142,C1416,2026-01-24 23:22:15,363.39,UPI,D0395,IP0469,SUCCESS
T00004357,M0276,C1327,2026-03-14 04:02:33,327.22,UPI,D0470,IP0099,SUCCESS
T00004358,M0336,C0995,2026-03-13 17:24:16,5081.32,netbanking,D0155,IP0314,SUCCESS
T00004359,M0071,C1265,2026-03-08 14:31:33,3166.47,netbanking,D0665,IP0047,SUCCESS
T00004360,M0214,C1307,2026-02-14 22:08:19,965.77,netbanking,D0655,IP0080,SUCCESS
T00004361,M0214,C0323,2026-02-03 13:53:53,783.45,UPI,D0714,IP0090,SUCCESS
T00004362,M0101,C0336,2026-01-15 09:18:19,240.83,UPI,D0615,IP0375,SUCCESS
T00004363,M0480,C0555,2026-01-10 19:19:02,188.0,card,D0695,IP0311,SUCCESS
T00004364,M0494,C0529,2026-03-13 11:59:11,1268.78,card,D0643,IP0616,SUCCESS
T00004365,M0080,C0806,2026-01-04 16:28:15,7767.12,card,D0610,IP0332,SUCCESS
T00004366,M0159,C0731,2026-02-28 21:49:06,9645.01,card,D0004,IP0123,SUCCESS
T00004367,M0008,C1070,2026-03-22 15:50:50,18856.17,netbanking,D0425,IP0217,SUCCESS
T00004368,M0414,C0005,2026-03-12 13:28:50,540.93,UPI,D0106,IP0450,SUCCESS
T00004369,M0232,C1166,2026-01-01 10:34:39,688.39,UPI,D0541,IP0469,SUCCESS
T00004370,M0490,C0753,2026-01-09 23:58:18,610.33,UPI,D0707,IP0119,SUCCESS
T00004371,M0286,C0515,2026-01-19 04:31:25,950.35,UPI,D0210,IP0450,SUCCESS
T00004372,M0048,C0070,2026-01-06 11:06:21,513.06,UPI,D0553,IP0342,SUCCESS
T00004373,M0424,C0208,2026-02-15 14:40:07,1905.09,card,D0189,IP0263,SUCCESS
T00004374,M0410,C0917,2026-03-15 13:29:32,2346.9,card,D0552,IP0471,SUCCESS
T00004375,M0131,C0471,2026-02-06 14:42:35,5164.68,wallet,D0186,IP0340,SUCCESS
T00004376,M0121,C0842,2026-03-02 21:28:25,14913.31,netbanking,D0070,IP0607,SUCCESS
T00004377,M0478,C1025,2026-02-12 18:20:09,2278.2,card,D0293,IP0692,FAILED
T00004378,M0496,C0502,2026-01-07 21:28:41,277.44,UPI,D0457,IP0417,SUCCESS
T00004379,M0385,C0046,2026-03-29 10:38:56,2269.28,UPI,D0154,IP0460,FAILED
T00004380,M0117,C0480,2026-01-13 16:15:24,2331.1,netbanking,D0492,IP0690,SUCCESS
T00004381,M0129,C1256,2026-03-20 10:40:14,388.51,UPI,D0320,IP0094,SUCCESS
T00004382,M0365,C0267,2026-01-15 11:16:47,1292.49,card,D0043,IP0469,SUCCESS
T00004383,M0067,C1091,2026-03-13 13:23:33,359.64,UPI,D0151,IP0196,SUCCESS
T00004384,M0129,C0452,2026-03-28 09:49:56,366.84,UPI,D0469,IP0372,SUCCESS
T00004385,M0005,C0194,2026-02-22 13:42:23,3483.61,UPI,D0330,IP0059,SUCCESS
T00004386,M0302,C0206,2026-01-13 23:00:09,4490.78,UPI,D0080,IP0423,SUCCESS
T00004387,M0341,C0002,2026-01-09 15:29:20,1203.16,UPI,D0691,IP0096,SUCCESS
T00004388,M0487,C0207,2026-02-11 22:51:26,901.54,UPI,D0405,IP0541,SUCCESS
T00004389,M0075,C0868,2026-01-20 11:01:17,312.86,UPI,D0301,IP0342,SUCCESS
T00004390,M0471,C0352,2026-03-03 16:30:22,472.04,wallet,D0235,IP0194,SUCCESS
T00004391,M0174,C0666,2026-02-24 16:04:54,1081.32,card,D0650,IP0030,SUCCESS
T00004392,M0450,C1321,2026-02-01 17:58:57,10701.59,netbanking,D0209,IP0197,SUCCESS
T00004393,M0368,C0214,2026-03-08 09:31:43,2573.62,card,D0334,IP0748,SUCCESS
T00004394,M0194,C1093,2026-02-22 15:01:13,577.84,card,D0334,IP0132,SUCCESS
T00004395,M0452,C0787,2026-02-13 11:55:02,568.18,card,D0588,IP0088,SUCCESS
T00004396,M0328,C1480,2026-01-29 23:09:53,277.68,UPI,D0446,IP0560,SUCCESS
T00004397,M0362,C0314,2026-02-05 20:40:05,740.11,card,D0377,IP0531,SUCCESS
T00004398,M0454,C0419,2026-01-30 10:35:03,12837.05,wallet,D0691,IP0618,SUCCESS
T00004399,M0255,C0333,2026-03-30 18:00:44,4468.33,card,D0599,IP0134,SUCCESS
T00004400,M0080,C1177,2026-02-01 15:44:39,1456.3,UPI,D0092,IP0678,SUCCESS
T00004401,M0062,C0050,2026-03-12 15:44:34,421.57,UPI,D0586,IP0689,SUCCESS
T00004402,M0187,C1017,2026-03-21 15:01:11,274.99,UPI,D0078,IP0206,SUCCESS
T00004403,M0444,C0454,2026-01-23 16:34:01,5414.47,card,D0685,IP0075,SUCCESS
T00004404,M0481,C0242,2026-01-12 11:00:15,399.84,wallet,D0351,IP0061,FAILED
T00004405,M0306,C1191,2026-03-27 23:04:26,523.63,card,D0596,IP0740,SUCCESS
T00004406,M0313,C1060,2026-02-10 22:14:03,4911.46,card,D0603,IP0635,SUCCESS
T00004407,M0147,C0764,2026-01-17 08:41:28,1095.34,card,D0489,IP0245,SUCCESS
T00004408,M0450,C0621,2026-01-31 19:38:14,3814.13,netbanking,D0370,IP0333,SUCCESS
T00004409,M0221,C0213,2026-01-15 17:07:02,1604.16,card,D0548,IP0034,SUCCESS
T00004410,M0274,C0093,2026-03-02 17:13:50,14685.0,netbanking,D0672,IP0746,SUCCESS
T00004411,M0487,C1281,2026-02-10 20:04:55,348.98,UPI,D0738,IP0081,SUCCESS
T00004412,M0419,C0006,2026-01-09 14:49:35,3453.03,netbanking,D0551,IP0323,REFUNDED
T00004413,M0405,C1039,2026-01-24 11:16:03,1421.64,wallet,D0015,IP0456,SUCCESS
T00004414,M0254,C0962,2026-03-23 07:45:19,927.68,wallet,D0537,IP0346,SUCCESS
T00004415,M0111,C1013,2026-01-26 21:12:57,1097.79,UPI,D0457,IP0090,SUCCESS
T00004416,M0203,C0770,2026-03-25 23:55:42,1922.67,UPI,D0125,IP0263,SUCCESS
T00004417,M0246,C0705,2026-02-16 20:36:00,2922.06,UPI,D0659,IP0606,SUCCESS
T00004418,M0420,C0238,2026-03-03 10:32:45,1082.54,card,D0016,IP0231,SUCCESS
T00004419,M0408,C0065,2026-01-09 16:32:31,1344.23,UPI,D0036,IP0372,SUCCESS
T00004420,M0474,C1322,2026-01-14 15:00:08,3907.64,card,D0649,IP0446,SUCCESS
T00004421,M0051,C1060,2026-02-05 20:06:48,7552.2,card,D0082,IP0241,SUCCESS
T00004422,M0248,C1043,2026-03-12 06:36:11,370.85,wallet,D0013,IP0047,SUCCESS
T00004423,M0428,C0864,2026-02-27 16:03:49,1070.13,card,D0383,IP0421,SUCCESS
T00004424,M0263,C0462,2026-01-01 11:23:00,3995.93,UPI,D0042,IP0210,SUCCESS
T00004425,M0142,C1012,2026-03-15 21:59:20,331.88,card,D0073,IP0409,SUCCESS
T00004426,M0420,C0681,2026-03-31 20:52:32,320.18,UPI,D0153,IP0231,SUCCESS
T00004427,M0035,C1151,2026-01-10 20:37:02,883.52,UPI,D0342,IP0405,SUCCESS
T00004428,M0208,C0232,2026-01-08 08:42:07,5241.39,card,D0428,IP0705,SUCCESS
T00004429,M0373,C0676,2026-01-31 20:47:37,301.93,UPI,D0028,IP0089,SUCCESS
T00004430,M0113,C0107,2026-02-14 12:50:05,1446.18,netbanking,D0296,IP0635,SUCCESS
T00004431,M0432,C1003,2026-03-28 07:20:32,4719.06,UPI,D0009,IP0542,SUCCESS
T00004432,M0224,C0145,2026-02-22 17:34:42,1883.88,wallet,D0141,IP0523,SUCCESS
T00004433,M0214,C1362,2026-01-19 19:44:47,1585.65,netbanking,D0154,IP0090,SUCCESS
T00004434,M0480,C0957,2026-02-21 13:21:53,1345.67,UPI,D0450,IP0203,SUCCESS
T00004435,M0113,C0806,2026-02-12 17:11:50,643.89,UPI,D0296,IP0571,FAILED
T00004436,M0248,C0939,2026-02-11 08:36:30,1984.51,card,D0256,IP0019,SUCCESS
T00004437,M0289,C0400,2026-01-14 12:10:46,405.57,card,D0093,IP0630,SUCCESS
T00004438,M0075,C0375,2026-01-06 13:51:32,841.82,UPI,D0276,IP0225,SUCCESS
T00004439,M0177,C0926,2026-01-20 16:51:31,935.24,wallet,D0619,IP0214,SUCCESS
T00004440,M0297,C0512,2026-03-18 22:28:42,2361.16,UPI,D0326,IP0440,SUCCESS
T00004441,M0477,C0473,2026-03-27 09:45:14,967.14,card,D0699,IP0503,SUCCESS
T00004442,M0263,C0515,2026-02-06 12:02:45,3999.46,UPI,D0447,IP0629,SUCCESS
T00004443,M0303,C1022,2026-02-22 14:15:09,717.77,UPI,D0271,IP0605,SUCCESS
T00004444,M0366,C0917,2026-03-27 16:23:20,518.8,UPI,D0204,IP0455,SUCCESS
T00004445,M0113,C0605,2026-02-11 17:33:02,3688.95,card,D0403,IP0262,SUCCESS
T00004446,M0113,C0954,2026-03-18 12:52:57,396.39,wallet,D0403,IP0156,FAILED
T00004447,M0272,C0085,2026-03-08 12:11:30,3677.44,card,D0005,IP0046,SUCCESS
T00004448,M0347,C1324,2026-03-12 11:14:20,722.68,UPI,D0588,IP0063,SUCCESS
T00004449,M0179,C0594,2026-02-11 16:16:41,780.69,wallet,D0076,IP0149,SUCCESS
T00004450,M0064,C0601,2026-02-27 13:31:52,30734.04,card,D0132,IP0294,SUCCESS
T00004451,M0404,C0872,2026-03-14 12:48:24,160.76,card,D0561,IP0490,FAILED
T00004452,M0380,C0610,2026-03-10 14:03:54,4643.23,UPI,D0055,IP0182,SUCCESS
T00004453,M0469,C0369,2026-01-19 08:34:36,350.13,UPI,D0082,IP0340,SUCCESS
T00004454,M0416,C0891,2026-02-03 13:27:23,798.77,card,D0320,IP0453,SUCCESS
T00004455,M0402,C1087,2026-02-22 19:09:10,1876.17,UPI,D0224,IP0660,SUCCESS
T00004456,M0296,C0870,2026-02-03 16:25:38,2425.03,UPI,D0454,IP0135,SUCCESS
T00004457,M0480,C0072,2026-02-11 15:30:16,496.47,UPI,D0280,IP0295,SUCCESS
T00004458,M0374,C1106,2026-01-29 18:48:06,1169.6,netbanking,D0153,IP0455,SUCCESS
T00004459,M0078,C1271,2026-02-11 14:10:55,16907.34,card,D0023,IP0552,SUCCESS
T00004460,M0410,C1139,2026-02-15 20:06:50,1502.4,UPI,D0519,IP0189,SUCCESS
T00004461,M0142,C0893,2026-03-13 23:16:12,241.31,card,D0247,IP0672,SUCCESS
T00004462,M0424,C1471,2026-01-03 15:43:27,1322.01,card,D0471,IP0263,SUCCESS
T00004463,M0492,C0896,2026-03-27 16:31:55,3981.63,UPI,D0386,IP0541,SUCCESS
T00004464,M0100,C0212,2026-03-14 11:37:45,5858.02,UPI,D0280,IP0334,SUCCESS
T00004465,M0062,C0147,2026-01-30 20:25:35,357.12,UPI,D0388,IP0595,SUCCESS
T00004466,M0410,C0110,2026-02-19 19:41:58,653.71,wallet,D0547,IP0189,SUCCESS
T00004467,M0420,C0764,2026-01-31 23:44:33,839.71,UPI,D0448,IP0422,SUCCESS
T00004468,M0366,C1082,2026-01-03 11:29:27,164.38,UPI,D0739,IP0455,SUCCESS
T00004469,M0263,C0462,2026-02-16 17:23:12,821.89,UPI,D0447,IP0629,REFUNDED
T00004470,M0444,C0775,2026-01-23 16:47:40,9416.62,wallet,D0032,IP0078,SUCCESS
T00004471,M0364,C0018,2026-01-27 16:32:27,951.79,card,D0273,IP0373,SUCCESS
T00004472,M0444,C0331,2026-02-26 18:01:46,2099.62,netbanking,D0049,IP0075,SUCCESS
T00004473,M0196,C1424,2026-01-19 09:36:50,2492.19,card,D0469,IP0126,SUCCESS
T00004474,M0202,C1209,2026-03-10 12:10:12,1392.52,UPI,D0461,IP0432,SUCCESS
T00004475,M0337,C0186,2026-03-13 15:46:00,1377.82,UPI,D0091,IP0633,SUCCESS
T00004476,M0374,C0907,2026-01-15 16:54:19,873.73,UPI,D0153,IP0741,SUCCESS
T00004477,M0101,C0812,2026-03-29 23:18:29,1384.89,card,D0621,IP0497,SUCCESS
T00004478,M0113,C0059,2026-01-26 12:50:18,138.05,netbanking,D0296,IP0156,SUCCESS
T00004479,M0430,C1261,2026-02-21 11:32:37,3437.0,UPI,D0696,IP0601,SUCCESS
T00004480,M0314,C0225,2026-01-06 21:03:20,420.75,wallet,D0048,IP0178,SUCCESS
T00004481,M0142,C1015,2026-03-04 19:34:40,271.77,wallet,D0208,IP0672,SUCCESS
T00004482,M0195,C0508,2026-03-14 18:07:26,1663.5,card,D0034,IP0140,SUCCESS
T00004483,M0424,C0555,2026-02-13 09:52:49,699.8,UPI,D0356,IP0263,SUCCESS
T00004484,M0136,C1058,2026-02-15 17:28:30,824.6,UPI,D0481,IP0301,SUCCESS
T00004485,M0333,C0779,2026-01-21 17:32:52,2963.92,UPI,D0134,IP0076,SUCCESS
T00004486,M0289,C0196,2026-01-05 18:47:19,455.16,UPI,D0093,IP0390,SUCCESS
T00004487,M0484,C0765,2026-01-03 15:48:36,1259.28,UPI,D0076,IP0362,SUCCESS
T00004488,M0405,C0464,2026-03-17 15:50:07,806.63,UPI,D0268,IP0351,SUCCESS
T00004489,M0385,C0533,2026-02-11 16:31:45,284.09,card,D0388,IP0694,SUCCESS
T00004490,M0403,C0270,2026-01-29 20:49:44,2755.02,wallet,D0228,IP0422,SUCCESS
T00004491,M0480,C0900,2026-03-12 11:16:53,2059.76,UPI,D0450,IP0746,REFUNDED
T00004492,M0147,C0370,2026-01-14 18:42:02,1138.11,UPI,D0147,IP0082,SUCCESS
T00004493,M0016,C1482,2026-03-02 11:40:43,6670.01,UPI,D0105,IP0283,SUCCESS
T00004494,M0168,C0682,2026-01-28 10:11:46,1942.71,card,D0530,IP0555,SUCCESS
T00004495,M0470,C1391,2026-01-02 23:56:03,492.94,UPI,D0718,IP0211,SUCCESS
T00004496,M0380,C0584,2026-03-03 15:51:19,2470.63,card,D0507,IP0476,SUCCESS
T00004497,M0113,C0013,2026-02-22 14:34:45,2152.0,card,D0296,IP0156,SUCCESS
T00004498,M0201,C1019,2026-01-08 18:46:05,7933.65,UPI,D0263,IP0070,FAILED
T00004499,M0330,C0697,2026-01-03 10:51:44,2932.11,card,D0100,IP0453,SUCCESS
T00004500,M0113,C0736,2026-03-22 12:47:32,743.77,UPI,D0296,IP0635,SUCCESS
T00004501,M0330,C1272,2026-02-14 09:15:50,474.61,UPI,D0645,IP0165,SUCCESS
T00004502,M0054,C0255,2026-03-05 19:27:20,1572.48,UPI,D0550,IP0140,SUCCESS
T00004503,M0395,C1323,2026-02-17 12:19:09,4153.86,UPI,D0056,IP0106,SUCCESS
T00004504,M0172,C0782,2026-02-15 20:06:03,1554.23,UPI,D0510,IP0225,SUCCESS
T00004505,M0241,C0118,2026-03-26 11:18:08,1729.17,netbanking,D0587,IP0503,SUCCESS
T00004506,M0010,C1441,2026-02-15 12:00:04,250.12,UPI,D0422,IP0203,SUCCESS
T00004507,M0358,C0009,2026-01-19 09:53:00,4411.12,UPI,D0317,IP0591,SUCCESS
T00004508,M0372,C0400,2026-02-18 22:17:37,2700.95,card,D0019,IP0263,SUCCESS
T00004509,M0448,C0027,2026-03-27 23:38:47,27266.23,card,D0721,IP0008,SUCCESS
T00004510,M0395,C0179,2026-01-03 15:38:41,694.63,card,D0238,IP0735,FAILED
T00004511,M0367,C0740,2026-01-26 13:23:33,2978.29,netbanking,D0013,IP0071,SUCCESS
T00004512,M0234,C0008,2026-01-08 22:39:48,15741.11,netbanking,D0610,IP0200,SUCCESS
T00004513,M0053,C1130,2026-03-14 15:10:16,2155.28,card,D0486,IP0231,SUCCESS
T00004514,M0358,C0772,2026-01-28 19:31:57,3265.39,card,D0092,IP0604,SUCCESS
T00004515,M0015,C0182,2026-01-08 22:12:42,301.3,card,D0579,IP0351,SUCCESS
T00004516,M0364,C0569,2026-03-23 17:06:01,485.89,netbanking,D0278,IP0643,SUCCESS
T00004517,M0054,C0879,2026-01-05 07:14:38,4912.03,UPI,D0325,IP0430,SUCCESS
T00004518,M0040,C0702,2026-02-20 17:15:56,3627.69,UPI,D0194,IP0563,SUCCESS
T00004519,M0309,C0280,2026-03-16 10:50:54,323.73,card,D0398,IP0435,SUCCESS
T00004520,M0474,C0383,2026-01-10 18:17:05,876.28,card,D0294,IP0446,SUCCESS
T00004521,M0392,C1136,2026-02-17 13:54:05,930.01,card,D0656,IP0367,SUCCESS
T00004522,M0380,C0258,2026-03-27 15:24:39,3236.26,netbanking,D0654,IP0007,SUCCESS
T00004523,M0418,C0257,2026-03-27 16:30:02,2525.38,UPI,D0252,IP0223,SUCCESS
T00004524,M0260,C0822,2026-03-10 18:28:53,5912.2,card,D0645,IP0375,SUCCESS
T00004525,M0398,C0240,2026-01-23 13:15:39,3386.05,UPI,D0358,IP0089,SUCCESS
T00004526,M0272,C1156,2026-02-19 19:23:46,2991.62,UPI,D0471,IP0044,SUCCESS
T00004527,M0480,C0514,2026-03-27 11:21:29,224.73,UPI,D0450,IP0295,SUCCESS
T00004528,M0382,C1303,2026-01-15 09:27:31,320.69,card,D0298,IP0235,SUCCESS
T00004529,M0173,C0604,2026-03-04 22:02:04,1028.35,UPI,D0671,IP0693,SUCCESS
T00004530,M0210,C0474,2026-03-03 15:50:53,299.53,UPI,D0643,IP0481,SUCCESS
T00004531,M0356,C0906,2026-02-24 13:24:34,151.2,UPI,D0549,IP0523,SUCCESS
T00004532,M0268,C1062,2026-03-02 16:36:05,917.6,card,D0059,IP0306,SUCCESS
T00004533,M0113,C0017,2026-02-12 07:09:16,829.06,card,D0403,IP0156,FAILED
T00004534,M0353,C0752,2026-02-20 21:07:45,861.65,UPI,D0480,IP0288,SUCCESS
T00004535,M0344,C1234,2026-01-12 17:11:59,26056.88,card,D0136,IP0585,SUCCESS
T00004536,M0012,C1072,2026-03-10 08:52:42,1562.37,card,D0048,IP0009,SUCCESS
T00004537,M0216,C0304,2026-02-01 11:13:53,9883.34,UPI,D0694,IP0584,FAILED
T00004538,M0400,C0830,2026-02-08 23:45:18,433.29,card,D0567,IP0198,SUCCESS
T00004539,M0121,C0154,2026-03-25 23:18:16,4478.99,UPI,D0158,IP0490,FAILED
T00004540,M0442,C1417,2026-03-08 17:25:13,2313.34,card,D0645,IP0110,SUCCESS
T00004541,M0311,C1292,2026-03-12 22:50:06,476.35,UPI,D0321,IP0653,SUCCESS
T00004542,M0229,C0473,2026-01-05 18:01:02,5870.96,card,D0634,IP0481,SUCCESS
T00004543,M0491,C0125,2026-03-21 14:57:45,1909.01,UPI,D0141,IP0215,SUCCESS
T00004544,M0355,C0658,2026-02-06 09:27:53,712.48,card,D0062,IP0006,SUCCESS
T00004545,M0478,C1167,2026-03-30 12:44:34,6176.52,card,D0293,IP0194,SUCCESS
T00004546,M0500,C1280,2026-02-03 23:11:44,2022.45,UPI,D0473,IP0561,SUCCESS
T00004547,M0259,C0137,2026-03-05 16:31:11,1125.16,UPI,D0717,IP0704,REFUNDED
T00004548,M0207,C1395,2026-01-06 10:15:47,1035.88,UPI,D0016,IP0051,SUCCESS
T00004549,M0444,C0134,2026-03-15 09:04:50,923.0,UPI,D0687,IP0075,SUCCESS
T00004550,M0007,C0800,2026-01-22 13:47:00,4770.03,UPI,D0015,IP0520,SUCCESS
T00004551,M0260,C0093,2026-03-10 21:32:54,4284.79,UPI,D0331,IP0194,SUCCESS
T00004552,M0358,C0270,2026-01-17 16:50:39,6534.51,card,D0364,IP0579,SUCCESS
T00004553,M0424,C0318,2026-03-31 19:25:47,1555.21,wallet,D0442,IP0125,SUCCESS
T00004554,M0372,C0816,2026-01-29 14:46:30,1549.22,card,D0501,IP0403,SUCCESS
T00004555,M0013,C1030,2026-03-09 08:13:09,7306.06,card,D0054,IP0416,SUCCESS
T00004556,M0366,C0891,2026-01-29 13:22:32,379.49,card,D0662,IP0022,SUCCESS
T00004557,M0361,C0720,2026-03-22 10:48:03,3420.72,wallet,D0558,IP0257,SUCCESS
T00004558,M0006,C1388,2026-02-01 15:06:43,885.3,netbanking,D0273,IP0631,SUCCESS
T00004559,M0170,C0609,2026-01-02 13:46:47,1067.86,netbanking,D0051,IP0366,SUCCESS
T00004560,M0263,C0347,2026-02-06 13:43:07,4335.96,card,D0087,IP0629,SUCCESS
T00004561,M0353,C0123,2026-02-10 19:57:45,1013.52,UPI,D0399,IP0696,SUCCESS
T00004562,M0370,C0195,2026-02-12 08:20:20,7529.07,UPI,D0726,IP0644,SUCCESS
T00004563,M0303,C0842,2026-01-04 17:56:46,531.52,UPI,D0552,IP0422,SUCCESS
T00004564,M0494,C0148,2026-03-30 17:31:34,2862.27,UPI,D0342,IP0616,SUCCESS
T00004565,M0372,C1363,2026-02-18 23:56:21,688.72,wallet,D0501,IP0409,SUCCESS
T00004566,M0113,C1163,2026-01-10 10:04:42,2241.4,UPI,D0403,IP0156,FAILED
T00004567,M0395,C0301,2026-03-12 11:39:46,613.63,wallet,D0463,IP0450,FAILED
T00004568,M0138,C0336,2026-03-05 17:45:30,432.72,wallet,D0448,IP0152,REFUNDED
T00004569,M0113,C0838,2026-02-25 09:59:38,524.71,UPI,D0357,IP0635,SUCCESS
T00004570,M0352,C0058,2026-03-10 14:16:13,4004.59,netbanking,D0076,IP0450,SUCCESS
T00004571,M0289,C1229,2026-02-22 23:10:27,2436.55,UPI,D0416,IP0062,SUCCESS
T00004572,M0480,C0034,2026-01-06 11:57:22,809.97,wallet,D0695,IP0746,SUCCESS
T00004573,M0323,C1265,2026-01-28 18:18:02,2792.1,card,D0534,IP0372,SUCCESS
T00004574,M0296,C1486,2026-01-01 16:28:44,1913.46,UPI,D0362,IP0146,SUCCESS
T00004575,M0102,C1321,2026-01-31 19:38:36,4805.12,netbanking,D0403,IP0052,FAILED
T00004576,M0444,C1189,2026-03-18 19:27:38,9501.99,UPI,D0653,IP0078,SUCCESS
T00004577,M0178,C1320,2026-01-22 22:25:15,3051.13,card,D0283,IP0178,SUCCESS
T00004578,M0230,C1241,2026-01-12 20:25:54,3524.96,UPI,D0588,IP0505,SUCCESS
T00004579,M0289,C0400,2026-02-12 20:25:45,1233.76,card,D0289,IP0707,SUCCESS
T00004580,M0485,C1380,2026-02-22 17:07:10,669.08,UPI,D0131,IP0697,SUCCESS
T00004581,M0147,C1453,2026-01-29 08:57:47,1003.7,card,D0661,IP0178,SUCCESS
T00004582,M0371,C0082,2026-03-03 12:20:54,1661.09,netbanking,D0586,IP0452,SUCCESS
T00004583,M0381,C0121,2026-01-21 20:03:19,1810.78,UPI,D0675,IP0262,FAILED
T00004584,M0015,C1151,2026-03-25 23:11:01,428.72,wallet,D0470,IP0111,FAILED
T00004585,M0221,C1292,2026-01-25 13:03:01,1161.56,UPI,D0452,IP0208,SUCCESS
T00004586,M0024,C1164,2026-03-20 10:42:09,3018.85,UPI,D0483,IP0174,SUCCESS
T00004587,M0113,C0086,2026-01-22 13:06:26,358.26,card,D0403,IP0156,SUCCESS
T00004588,M0058,C0210,2026-03-11 23:47:38,1316.05,card,D0478,IP0678,SUCCESS
T00004589,M0147,C1094,2026-02-03 21:46:47,1077.61,UPI,D0661,IP0082,SUCCESS
T00004590,M0378,C0951,2026-01-29 13:29:40,592.69,UPI,D0484,IP0488,SUCCESS
T00004591,M0113,C0661,2026-01-07 21:44:53,4604.87,wallet,D0380,IP0635,SUCCESS
T00004592,M0224,C1021,2026-02-18 10:13:49,2017.64,card,D0182,IP0179,SUCCESS
T00004593,M0313,C0834,2026-02-10 14:33:36,9619.58,card,D0304,IP0102,REFUNDED
T00004594,M0132,C0771,2026-02-22 14:57:02,990.32,card,D0030,IP0251,SUCCESS
T00004595,M0147,C0379,2026-03-03 20:27:49,352.63,wallet,D0489,IP0082,SUCCESS
T00004596,M0303,C0783,2026-02-09 20:20:51,1051.84,UPI,D0708,IP0227,SUCCESS
T00004597,M0380,C0177,2026-02-13 18:53:51,2598.18,netbanking,D0471,IP0007,SUCCESS
T00004598,M0269,C1430,2026-01-07 16:44:06,241.1,UPI,D0224,IP0568,SUCCESS
T00004599,M0208,C0006,2026-03-07 14:48:53,692.04,netbanking,D0533,IP0422,SUCCESS
T00004600,M0440,C0684,2026-02-08 18:27:54,2656.6,netbanking,D0626,IP0500,SUCCESS
T00004601,M0430,C0016,2026-03-13 23:47:44,1327.62,card,D0102,IP0618,SUCCESS
T00004602,M0159,C0080,2026-03-27 16:25:32,5160.91,netbanking,D0600,IP0723,SUCCESS
T00004603,M0385,C1359,2026-01-01 07:09:27,202.06,UPI,D0012,IP0009,SUCCESS
T00004604,M0347,C0051,2026-03-04 08:40:31,2167.09,UPI,D0206,IP0214,SUCCESS
T00004605,M0050,C1063,2026-02-09 22:22:42,1027.82,UPI,D0546,IP0311,SUCCESS
T00004606,M0046,C1002,2026-01-28 17:05:30,6200.12,card,D0745,IP0672,SUCCESS
T00004607,M0001,C0935,2026-03-27 22:29:41,1690.31,UPI,D0082,IP0339,SUCCESS
T00004608,M0113,C0751,2026-03-08 10:41:10,1672.33,netbanking,D0296,IP0156,SUCCESS
T00004609,M0085,C0889,2026-01-14 16:36:47,444.86,UPI,D0465,IP0530,REFUNDED
T00004610,M0075,C0872,2026-03-29 12:46:27,2830.92,UPI,D0084,IP0342,SUCCESS
T00004611,M0229,C0154,2026-01-16 18:15:27,3728.68,netbanking,D0283,IP0481,SUCCESS
T00004612,M0390,C0635,2026-03-31 13:59:18,1620.87,card,D0638,IP0739,SUCCESS
T00004613,M0257,C1009,2026-02-11 10:59:08,3948.73,UPI,D0287,IP0708,SUCCESS
T00004614,M0303,C0139,2026-01-29 21:14:46,621.48,UPI,D0660,IP0488,SUCCESS
T00004615,M0196,C1486,2026-01-13 16:46:27,8403.7,card,D0478,IP0281,SUCCESS
T00004616,M0364,C0948,2026-01-02 14:46:07,1341.82,UPI,D0656,IP0643,SUCCESS
T00004617,M0195,C0503,2026-03-16 14:29:50,2950.76,card,D0255,IP0518,SUCCESS
T00004618,M0176,C1265,2026-03-04 19:39:38,1953.25,card,D0376,IP0462,SUCCESS
T00004619,M0480,C0289,2026-01-25 12:46:52,552.09,UPI,D0450,IP0202,SUCCESS
T00004620,M0248,C0990,2026-01-29 08:10:25,459.77,UPI,D0713,IP0361,SUCCESS
T00004621,M0254,C0447,2026-02-10 20:01:35,4942.78,wallet,D0708,IP0660,SUCCESS
T00004622,M0053,C0008,2026-01-23 14:40:24,3035.16,netbanking,D0145,IP0193,SUCCESS
T00004623,M0474,C0689,2026-02-01 09:49:57,1658.58,wallet,D0294,IP0048,SUCCESS
T00004624,M0210,C0983,2026-03-07 21:52:00,157.91,UPI,D0061,IP0002,SUCCESS
T00004625,M0370,C1487,2026-03-30 12:28:59,686.85,UPI,D0708,IP0644,SUCCESS
T00004626,M0366,C1444,2026-03-26 08:09:26,204.73,UPI,D0204,IP0637,SUCCESS
T00004627,M0452,C0251,2026-01-15 15:57:38,2057.86,wallet,D0349,IP0051,SUCCESS
T00004628,M0450,C0062,2026-03-01 23:11:59,5229.23,netbanking,D0242,IP0333,SUCCESS
T00004629,M0113,C0972,2026-01-28 17:05:47,3551.27,wallet,D0403,IP0262,SUCCESS
T00004630,M0077,C0502,2026-01-09 15:54:41,2063.08,UPI,D0172,IP0181,SUCCESS
T00004631,M0453,C0026,2026-02-25 18:44:07,2027.83,card,D0151,IP0170,FAILED
T00004632,M0161,C1136,2026-01-21 18:40:27,737.0,UPI,D0663,IP0435,SUCCESS
T00004633,M0430,C1189,2026-01-13 08:08:32,4643.05,UPI,D0541,IP0143,SUCCESS
T00004634,M0229,C0881,2026-01-08 15:05:48,6779.99,card,D0328,IP0269,SUCCESS
T00004635,M0203,C0586,2026-01-21 15:07:24,694.26,wallet,D0006,IP0002,SUCCESS
T00004636,M0120,C1232,2026-01-21 15:24:05,1664.96,card,D0687,IP0195,SUCCESS
T00004637,M0487,C0987,2026-02-03 09:42:39,608.11,UPI,D0570,IP0566,FAILED
T00004638,M0046,C0270,2026-03-09 19:45:54,1815.01,card,D0393,IP0020,SUCCESS
T00004639,M0296,C0805,2026-01-01 17:00:47,5068.31,UPI,D0403,IP0135,SUCCESS
T00004640,M0386,C0280,2026-01-26 16:10:08,3505.76,wallet,D0382,IP0474,SUCCESS
T00004641,M0231,C0088,2026-01-30 14:41:47,1350.34,UPI,D0740,IP0161,SUCCESS
T00004642,M0169,C0639,2026-02-23 14:53:26,1988.56,UPI,D0642,IP0518,SUCCESS
T00004643,M0113,C0750,2026-02-02 14:42:45,1954.21,card,D0194,IP0156,SUCCESS
T00004644,M0129,C1299,2026-02-12 19:18:13,568.57,UPI,D0432,IP0094,FAILED
T00004645,M0480,C0005,2026-02-05 09:47:50,549.02,UPI,D0372,IP0390,SUCCESS
T00004646,M0229,C0914,2026-02-18 23:32:31,16473.96,card,D0248,IP0327,SUCCESS
T00004647,M0015,C0271,2026-01-24 21:18:35,2098.17,UPI,D0098,IP0111,SUCCESS
T00004648,M0221,C1095,2026-03-21 14:24:13,1269.63,wallet,D0664,IP0517,SUCCESS
T00004649,M0337,C1241,2026-01-22 17:56:30,1150.27,card,D0444,IP0623,SUCCESS
T00004650,M0343,C1044,2026-03-09 11:28:04,400.23,card,D0239,IP0658,SUCCESS
T00004651,M0075,C0013,2026-02-21 13:01:28,1808.44,wallet,D0403,IP0200,SUCCESS
T00004652,M0150,C1106,2026-01-11 15:11:22,3646.16,UPI,D0138,IP0501,SUCCESS
T00004653,M0401,C1126,2026-02-26 19:02:06,1400.0,UPI,D0103,IP0595,SUCCESS
T00004654,M0491,C0270,2026-02-22 13:38:11,584.2,wallet,D0617,IP0114,SUCCESS
T00004655,M0289,C0897,2026-01-17 15:23:45,2697.78,wallet,D0093,IP0707,SUCCESS
T00004656,M0067,C0765,2026-01-29 21:56:50,1251.93,UPI,D0522,IP0737,SUCCESS
T00004657,M0448,C0312,2026-03-30 20:00:44,4035.86,UPI,D0388,IP0408,SUCCESS
T00004658,M0248,C0123,2026-02-09 10:51:49,196.2,UPI,D0230,IP0340,SUCCESS
T00004659,M0400,C0987,2026-02-05 23:05:28,3033.57,UPI,D0567,IP0198,SUCCESS
T00004660,M0147,C1393,2026-01-01 14:15:22,1752.72,card,D0489,IP0245,SUCCESS
T00004661,M0446,C0574,2026-01-30 16:28:15,977.28,UPI,D0269,IP0552,SUCCESS
T00004662,M0154,C0471,2026-01-01 22:49:41,669.71,UPI,D0725,IP0603,SUCCESS
T00004663,M0378,C1125,2026-03-30 11:04:48,444.22,UPI,D0074,IP0488,SUCCESS
T00004664,M0229,C0154,2026-03-05 23:20:48,10843.46,netbanking,D0328,IP0481,SUCCESS
T00004665,M0210,C1110,2026-01-27 17:43:08,397.55,UPI,D0250,IP0026,SUCCESS
T00004666,M0128,C0366,2026-01-28 13:42:07,2083.28,card,D0554,IP0462,SUCCESS
T00004667,M0433,C0201,2026-03-26 11:51:26,2009.27,card,D0727,IP0106,SUCCESS
T00004668,M0248,C0726,2026-03-22 10:19:42,2913.94,card,D0150,IP0112,SUCCESS
T00004669,M0230,C1265,2026-01-24 10:00:39,2041.11,card,D0508,IP0337,SUCCESS
T00004670,M0078,C0058,2026-03-31 10:42:04,3023.12,card,D0288,IP0222,REFUNDED
T00004671,M0109,C1047,2026-03-07 16:07:09,729.41,wallet,D0560,IP0289,SUCCESS
T00004672,M0210,C0976,2026-02-05 19:28:30,1100.47,UPI,D0643,IP0111,SUCCESS
T00004673,M0026,C1365,2026-01-13 18:12:34,3435.2,UPI,D0537,IP0271,REFUNDED
T00004674,M0330,C1077,2026-01-05 22:03:47,1380.7,wallet,D0510,IP0409,SUCCESS
T00004675,M0125,C1099,2026-03-11 13:52:44,814.38,UPI,D0420,IP0339,SUCCESS
T00004676,M0395,C1023,2026-02-28 23:36:38,346.86,UPI,D0646,IP0585,SUCCESS
T00004677,M0359,C1380,2026-02-09 23:33:55,1583.73,UPI,D0698,IP0242,SUCCESS
T00004678,M0264,C1278,2026-03-02 12:42:50,1064.63,wallet,D0463,IP0585,SUCCESS
T00004679,M0131,C0633,2026-02-07 17:52:33,11283.41,card,D0186,IP0300,FAILED
T00004680,M0410,C0809,2026-01-29 15:07:44,3039.2,wallet,D0526,IP0189,SUCCESS
T00004681,M0493,C0158,2026-01-01 08:35:48,4441.85,wallet,D0224,IP0443,SUCCESS
T00004682,M0382,C0894,2026-02-25 14:18:20,849.26,UPI,D0424,IP0325,FAILED
T00004683,M0394,C0938,2026-01-20 14:17:23,1252.41,wallet,D0139,IP0076,SUCCESS
T00004684,M0129,C0633,2026-02-18 22:48:37,873.26,UPI,D0320,IP0372,SUCCESS
T00004685,M0229,C1126,2026-03-06 19:38:29,2152.18,netbanking,D0248,IP0481,SUCCESS
T00004686,M0065,C0315,2026-03-05 17:56:40,5354.75,wallet,D0335,IP0105,SUCCESS
T00004687,M0065,C0174,2026-02-16 21:23:50,14824.79,card,D0388,IP0288,SUCCESS
T00004688,M0254,C1404,2026-01-27 16:54:43,1855.08,netbanking,D0359,IP0709,SUCCESS
T00004689,M0147,C1441,2026-01-16 20:29:51,1261.76,card,D0489,IP0082,SUCCESS
T00004690,M0358,C0414,2026-02-23 15:33:54,14052.99,wallet,D0347,IP0604,SUCCESS
T00004691,M0478,C0017,2026-01-19 23:32:21,3758.42,UPI,D0722,IP0194,SUCCESS
T00004692,M0242,C0651,2026-01-22 17:01:51,5461.38,card,D0467,IP0071,SUCCESS
T00004693,M0095,C0511,2026-03-21 23:53:59,2660.7,UPI,D0065,IP0604,SUCCESS
T00004694,M0133,C1271,2026-03-16 16:43:29,12711.78,UPI,D0349,IP0513,SUCCESS
T00004695,M0257,C0085,2026-02-03 23:19:15,1447.71,card,D0439,IP0463,SUCCESS
T00004696,M0260,C1425,2026-02-15 23:09:22,7090.77,netbanking,D0492,IP0194,SUCCESS
T00004697,M0303,C1429,2026-02-04 22:31:37,171.76,UPI,D0061,IP0292,SUCCESS
T00004698,M0464,C0595,2026-01-16 15:48:48,1553.69,card,D0648,IP0692,SUCCESS
T00004699,M0470,C1288,2026-01-07 20:25:56,1928.64,wallet,D0460,IP0635,SUCCESS
T00004700,M0357,C0012,2026-01-12 09:30:05,2425.74,card,D0148,IP0231,SUCCESS
T00004701,M0113,C0481,2026-02-07 19:00:50,3054.98,UPI,D0403,IP0635,SUCCESS
T00004702,M0113,C1347,2026-02-16 19:09:45,419.44,UPI,D0403,IP0635,FAILED
T00004703,M0170,C0294,2026-02-22 18:41:43,1433.04,card,D0246,IP0714,SUCCESS
T00004704,M0394,C1116,2026-01-03 10:19:23,4267.75,card,D0319,IP0554,FAILED
T00004705,M0434,C0161,2026-01-04 13:55:25,880.3,card,D0177,IP0222,FAILED
T00004706,M0362,C0900,2026-02-27 23:03:56,462.04,card,D0269,IP0691,SUCCESS
T00004707,M0437,C0490,2026-02-06 15:08:21,357.64,UPI,D0576,IP0234,SUCCESS
T00004708,M0146,C1236,2026-01-25 14:55:52,3317.63,UPI,D0124,IP0667,SUCCESS
T00004709,M0370,C0876,2026-01-08 16:24:32,1862.31,UPI,D0202,IP0662,SUCCESS
T00004710,M0159,C0393,2026-02-18 16:25:38,5122.15,netbanking,D0068,IP0527,SUCCESS
T00004711,M0362,C0473,2026-03-28 16:33:39,2204.41,UPI,D0526,IP0231,SUCCESS
T00004712,M0015,C1144,2026-02-05 14:12:12,214.69,card,D0098,IP0351,REFUNDED
T00004713,M0337,C1305,2026-02-14 15:05:07,1401.22,wallet,D0285,IP0338,SUCCESS
T00004714,M0453,C0275,2026-01-12 05:32:30,2674.79,netbanking,D0166,IP0170,SUCCESS
T00004715,M0152,C0291,2026-02-27 12:04:28,925.31,card,D0043,IP0424,SUCCESS
T00004716,M0444,C1286,2026-02-27 16:31:26,4605.86,card,D0078,IP0075,SUCCESS
T00004717,M0036,C1352,2026-01-03 21:30:17,3732.31,wallet,D0059,IP0220,SUCCESS
T00004718,M0363,C0740,2026-01-12 18:46:16,1022.68,UPI,D0282,IP0029,SUCCESS
T00004719,M0233,C1103,2026-01-30 15:21:00,1314.18,UPI,D0397,IP0713,SUCCESS
T00004720,M0015,C0423,2026-03-04 23:57:02,509.72,UPI,D0098,IP0351,SUCCESS
T00004721,M0357,C1130,2026-01-19 11:29:17,7703.32,netbanking,D0586,IP0704,FAILED
T00004722,M0113,C0259,2026-02-19 11:32:48,2366.33,card,D0280,IP0635,SUCCESS
T00004723,M0286,C0426,2026-01-05 11:48:59,402.3,UPI,D0210,IP0450,FAILED
T00004724,M0147,C0400,2026-03-08 22:16:52,932.01,card,D0489,IP0245,SUCCESS
T00004725,M0092,C0938,2026-02-25 11:15:54,4110.1,UPI,D0187,IP0477,SUCCESS
T00004726,M0078,C1081,2026-01-25 12:21:35,1120.93,card,D0229,IP0609,SUCCESS
T00004727,M0352,C0976,2026-01-23 20:59:15,3285.19,card,D0598,IP0716,SUCCESS
T00004728,M0129,C1131,2026-02-20 20:43:51,856.98,UPI,D0320,IP0094,SUCCESS
T00004729,M0176,C0915,2026-03-10 14:52:50,968.13,card,D0576,IP0559,REFUNDED
T00004730,M0131,C0581,2026-02-23 11:59:28,2643.54,netbanking,D0147,IP0646,SUCCESS
T00004731,M0095,C0962,2026-03-29 10:33:54,3215.87,wallet,D0510,IP0289,SUCCESS
T00004732,M0001,C1166,2026-01-10 09:02:16,6865.44,wallet,D0699,IP0603,SUCCESS
T00004733,M0274,C0847,2026-01-13 23:31:36,2055.73,card,D0731,IP0081,SUCCESS
T00004734,M0408,C0908,2026-03-20 06:55:12,2278.01,UPI,D0036,IP0336,SUCCESS
T00004735,M0050,C0378,2026-03-20 19:55:30,772.57,UPI,D0546,IP0418,SUCCESS
T00004736,M0118,C0608,2026-02-27 11:35:17,3274.69,card,D0164,IP0458,SUCCESS
T00004737,M0453,C0785,2026-01-20 16:52:12,1727.19,UPI,D0704,IP0087,SUCCESS
T00004738,M0470,C0607,2026-02-28 21:42:30,4235.66,card,D0050,IP0704,SUCCESS
T00004739,M0487,C0488,2026-03-02 14:48:54,1054.22,UPI,D0367,IP0109,SUCCESS
T00004740,M0349,C1136,2026-02-03 13:01:06,3264.71,card,D0748,IP0059,SUCCESS
T00004741,M0011,C0840,2026-01-08 09:40:38,220.3,UPI,D0018,IP0175,SUCCESS
T00004742,M0097,C0984,2026-03-15 07:15:43,508.93,UPI,D0465,IP0707,SUCCESS
T00004743,M0142,C0405,2026-01-04 17:30:46,773.86,UPI,D0009,IP0672,SUCCESS
T00004744,M0204,C0482,2026-02-03 19:40:58,983.44,UPI,D0109,IP0126,SUCCESS
T00004745,M0203,C1383,2026-03-09 21:39:55,797.41,UPI,D0042,IP0489,REFUNDED
T00004746,M0120,C0017,2026-03-13 17:26:21,17911.83,card,D0424,IP0361,SUCCESS
T00004747,M0120,C0362,2026-02-16 20:38:38,4724.31,card,D0478,IP0746,FAILED
T00004748,M0483,C1001,2026-01-27 21:28:01,15656.01,UPI,D0561,IP0409,SUCCESS
T00004749,M0071,C1405,2026-03-09 15:01:00,4387.71,UPI,D0035,IP0072,FAILED
T00004750,M0013,C0127,2026-02-27 17:29:06,983.94,netbanking,D0268,IP0704,SUCCESS
T00004751,M0015,C0727,2026-01-28 23:37:28,783.11,card,D0470,IP0288,SUCCESS
T00004752,M0303,C0430,2026-02-06 19:37:16,525.74,card,D0403,IP0605,SUCCESS
T00004753,M0142,C0599,2026-01-15 14:11:26,1081.26,UPI,D0009,IP0672,SUCCESS
T00004754,M0273,C0640,2026-03-28 15:39:45,1326.28,UPI,D0081,IP0204,SUCCESS
T00004755,M0262,C0162,2026-03-09 18:48:09,1314.85,UPI,D0557,IP0617,SUCCESS
T00004756,M0465,C0131,2026-03-12 18:02:45,4571.31,card,D0351,IP0646,SUCCESS
T00004757,M0113,C0362,2026-01-06 17:22:33,3503.98,UPI,D0296,IP0156,SUCCESS
T00004758,M0176,C0320,2026-01-13 16:53:52,732.75,UPI,D0576,IP0559,SUCCESS
T00004759,M0370,C0113,2026-02-03 14:40:55,499.99,card,D0638,IP0644,SUCCESS
T00004760,M0297,C1325,2026-02-16 10:01:44,645.96,UPI,D0588,IP0635,SUCCESS
T00004761,M0324,C1035,2026-02-19 23:30:13,446.78,card,D0055,IP0340,SUCCESS
T00004762,M0263,C1193,2026-01-26 18:12:02,577.31,card,D0087,IP0556,FAILED
T00004763,M0424,C1039,2026-03-03 12:20:05,862.22,card,D0436,IP0263,SUCCESS
T00004764,M0088,C0103,2026-01-03 22:08:58,450.95,UPI,D0369,IP0587,SUCCESS
T00004765,M0482,C0974,2026-02-13 15:56:07,4477.86,card,D0209,IP0318,SUCCESS
T00004766,M0121,C1487,2026-01-14 12:34:02,5105.56,netbanking,D0680,IP0244,SUCCESS
T00004767,M0125,C0527,2026-02-06 11:10:16,447.78,wallet,D0185,IP0339,SUCCESS
T00004768,M0142,C0326,2026-03-21 16:57:39,258.74,UPI,D0073,IP0672,SUCCESS
T00004769,M0402,C0284,2026-02-05 12:58:05,545.39,card,D0639,IP0022,SUCCESS
T00004770,M0330,C1134,2026-01-24 20:01:35,2445.34,wallet,D0006,IP0301,SUCCESS
T00004771,M0076,C0005,2026-02-26 19:35:59,1231.34,UPI,D0235,IP0045,SUCCESS
T00004772,M0448,C0395,2026-03-01 19:48:17,1460.18,netbanking,D0136,IP0566,SUCCESS
T00004773,M0492,C1226,2026-02-09 17:38:09,881.64,card,D0386,IP0750,SUCCESS
T00004774,M0286,C0031,2026-02-15 07:21:41,120.21,UPI,D0729,IP0450,SUCCESS
T00004775,M0015,C1350,2026-02-03 21:23:22,493.0,UPI,D0579,IP0351,SUCCESS
T00004776,M0289,C0758,2026-03-03 20:32:58,630.1,UPI,D0137,IP0703,SUCCESS
T00004777,M0320,C1266,2026-01-14 10:45:23,3448.83,netbanking,D0699,IP0339,FAILED
T00004778,M0129,C0910,2026-03-31 09:40:43,1057.53,netbanking,D0256,IP0372,SUCCESS
T00004779,M0015,C1386,2026-01-27 20:33:47,521.6,wallet,D0228,IP0746,SUCCESS
T00004780,M0278,C0895,2026-01-20 20:37:23,765.56,wallet,D0581,IP0588,SUCCESS
T00004781,M0447,C1140,2026-03-17 10:23:47,2430.81,card,D0142,IP0573,SUCCESS
T00004782,M0147,C0229,2026-01-10 22:18:20,859.2,card,D0475,IP0245,SUCCESS
T00004783,M0210,C0175,2026-01-18 16:10:01,1116.1,UPI,D0250,IP0040,SUCCESS
T00004784,M0465,C1221,2026-01-01 21:43:44,20935.88,card,D0098,IP0636,SUCCESS
T00004785,M0337,C1017,2026-01-08 17:21:59,799.32,card,D0609,IP0633,SUCCESS
T00004786,M0312,C0105,2026-02-04 10:31:28,338.58,UPI,D0721,IP0587,SUCCESS
T00004787,M0190,C0102,2026-02-17 13:02:19,2190.73,UPI,D0105,IP0657,REFUNDED
T00004788,M0487,C0236,2026-01-20 23:44:38,222.92,wallet,D0738,IP0068,SUCCESS
T00004789,M0380,C1416,2026-01-23 18:26:58,4388.48,netbanking,D0507,IP0669,SUCCESS
T00004790,M0075,C0763,2026-03-04 22:24:49,3113.59,card,D0301,IP0688,SUCCESS
T00004791,M0030,C0876,2026-02-26 17:34:07,4481.74,UPI,D0240,IP0543,SUCCESS
T00004792,M0342,C0831,2026-03-18 13:39:51,941.53,UPI,D0229,IP0610,SUCCESS
T00004793,M0159,C0608,2026-01-03 22:02:19,3647.96,card,D0109,IP0723,SUCCESS
T00004794,M0076,C1344,2026-02-27 20:40:52,653.78,wallet,D0693,IP0249,SUCCESS
T00004795,M0398,C0240,2026-01-14 15:41:04,1436.6,card,D0494,IP0461,SUCCESS
T00004796,M0444,C1432,2026-01-30 13:32:27,21199.24,card,D0687,IP0075,SUCCESS
T00004797,M0254,C0429,2026-01-23 20:13:47,1403.42,UPI,D0573,IP0519,SUCCESS
T00004798,M0173,C0478,2026-01-20 10:33:25,632.75,UPI,D0653,IP0693,SUCCESS
T00004799,M0102,C0621,2026-01-15 13:58:31,1340.95,UPI,D0265,IP0382,SUCCESS
T00004800,M0368,C0557,2026-02-07 10:58:08,1518.46,card,D0434,IP0570,SUCCESS
T00004801,M0010,C1241,2026-01-15 23:02:16,482.47,card,D0508,IP0695,SUCCESS
T00004802,M0370,C1104,2026-02-13 08:40:33,737.85,UPI,D0537,IP0622,SUCCESS
T00004803,M0485,C0494,2026-03-19 17:21:06,1343.81,UPI,D0610,IP0204,SUCCESS
T00004804,M0218,C0623,2026-01-27 13:21:30,1221.72,card,D0619,IP0617,SUCCESS
T00004805,M0395,C0894,2026-02-11 18:24:59,443.74,UPI,D0238,IP0650,SUCCESS
T00004806,M0037,C0572,2026-02-10 22:32:54,1077.92,wallet,D0663,IP0197,SUCCESS
T00004807,M0202,C1001,2026-01-04 08:18:44,4850.78,UPI,D0018,IP0183,SUCCESS
T00004808,M0256,C0853,2026-01-21 13:10:53,6605.49,netbanking,D0640,IP0013,SUCCESS
T00004809,M0358,C0072,2026-01-20 07:06:42,5130.5,netbanking,D0147,IP0591,SUCCESS
T00004810,M0170,C0955,2026-01-27 14:51:14,2002.47,UPI,D0058,IP0158,SUCCESS
T00004811,M0359,C0336,2026-01-15 13:37:17,1924.31,card,D0698,IP0493,SUCCESS
T00004812,M0392,C0703,2026-03-02 22:41:52,1205.27,wallet,D0482,IP0273,SUCCESS
T00004813,M0113,C0453,2026-01-01 15:25:09,1595.33,card,D0403,IP0635,SUCCESS
T00004814,M0434,C0646,2026-02-14 18:28:39,710.64,UPI,D0116,IP0693,SUCCESS
T00004815,M0372,C1197,2026-03-29 08:24:18,2214.47,UPI,D0352,IP0665,SUCCESS
T00004816,M0492,C0475,2026-01-01 19:37:30,2428.38,card,D0589,IP0718,SUCCESS
T00004817,M0410,C0473,2026-01-25 13:18:29,3740.89,card,D0520,IP0189,SUCCESS
T00004818,M0405,C0765,2026-02-22 17:00:19,2390.25,wallet,D0015,IP0464,SUCCESS
T00004819,M0013,C0897,2026-01-03 17:23:40,1055.47,wallet,D0671,IP0416,SUCCESS
T00004820,M0236,C1072,2026-02-15 10:35:11,843.27,wallet,D0048,IP0275,SUCCESS
T00004821,M0176,C0839,2026-02-20 22:12:48,1037.69,wallet,D0097,IP0462,SUCCESS
T00004822,M0410,C0413,2026-03-22 10:54:41,3893.78,UPI,D0552,IP0471,FAILED
T00004823,M0364,C0900,2026-03-19 13:17:53,1555.6,UPI,D0215,IP0422,SUCCESS
T00004824,M0289,C1386,2026-01-24 16:24:09,890.12,card,D0137,IP0703,SUCCESS
T00004825,M0208,C1401,2026-02-07 18:27:27,888.1,netbanking,D0428,IP0033,FAILED
T00004826,M0075,C1306,2026-01-16 14:43:39,914.66,wallet,D0301,IP0688,SUCCESS
T00004827,M0176,C0099,2026-01-25 15:12:42,2216.72,UPI,D0097,IP0462,SUCCESS
T00004828,M0333,C0634,2026-02-27 16:12:22,11635.17,card,D0510,IP0076,SUCCESS
T00004829,M0169,C0243,2026-01-18 22:28:49,1333.05,UPI,D0138,IP0570,SUCCESS
T00004830,M0083,C0137,2026-01-01 21:25:03,879.05,UPI,D0304,IP0092,SUCCESS
T00004831,M0011,C0935,2026-01-13 04:10:52,175.71,UPI,D0504,IP0745,SUCCESS
T00004832,M0469,C1396,2026-03-01 12:08:15,1360.95,UPI,D0372,IP0634,SUCCESS
T00004833,M0142,C0493,2026-01-23 17:17:17,526.96,card,D0268,IP0718,SUCCESS
T00004834,M0478,C0884,2026-02-13 20:24:41,4438.86,netbanking,D0293,IP0286,SUCCESS
T00004835,M0015,C1067,2026-03-26 12:04:04,2236.08,UPI,D0016,IP0351,SUCCESS
T00004836,M0241,C0497,2026-03-17 16:23:10,7823.26,wallet,D0036,IP0503,SUCCESS
T00004837,M0286,C1150,2026-02-15 13:32:53,712.92,card,D0617,IP0321,SUCCESS
T00004838,M0224,C0375,2026-03-09 17:06:42,1807.52,UPI,D0182,IP0327,SUCCESS
T00004839,M0075,C0109,2026-01-21 20:54:14,329.4,wallet,D0226,IP0342,SUCCESS
T00004840,M0448,C1288,2026-03-05 23:59:53,5368.77,netbanking,D0136,IP0566,SUCCESS
T00004841,M0473,C1073,2026-02-10 17:01:41,562.57,card,D0227,IP0308,SUCCESS
T00004842,M0403,C0846,2026-02-17 22:03:52,11108.75,card,D0458,IP0239,SUCCESS
T00004843,M0076,C1017,2026-03-15 18:21:32,1402.63,UPI,D0167,IP0538,SUCCESS
T00004844,M0147,C0278,2026-03-03 12:03:41,2564.4,UPI,D0661,IP0672,SUCCESS
T00004845,M0169,C0163,2026-02-03 19:44:26,3805.28,card,D0138,IP0518,FAILED
T00004846,M0480,C0136,2026-01-21 06:24:54,863.54,card,D0497,IP0746,SUCCESS
T00004847,M0420,C0715,2026-01-20 17:14:59,6162.36,netbanking,D0254,IP0422,SUCCESS
T00004848,M0248,C0930,2026-01-17 08:37:15,399.19,UPI,D0256,IP0684,SUCCESS
T00004849,M0289,C0196,2026-01-30 21:41:35,438.33,wallet,D0137,IP0703,SUCCESS
T00004850,M0420,C1489,2026-03-11 17:25:31,2096.76,netbanking,D0015,IP0543,SUCCESS
T00004851,M0042,C1235,2026-01-19 08:18:51,2441.19,netbanking,D0483,IP0142,SUCCESS
T00004852,M0221,C0325,2026-02-28 10:57:31,674.89,card,D0493,IP0517,SUCCESS
T00004853,M0035,C0953,2026-03-08 16:48:43,510.82,UPI,D0676,IP0667,SUCCESS
T00004854,M0470,C1144,2026-01-26 15:34:40,975.5,UPI,D0244,IP0485,SUCCESS
T00004855,M0249,C1076,2026-03-22 04:02:07,227.38,UPI,D0294,IP0284,SUCCESS
T00004856,M0120,C1171,2026-02-26 23:38:35,1267.53,card,D0347,IP0370,SUCCESS
T00004857,M0490,C0504,2026-03-29 12:35:02,629.13,UPI,D0559,IP0159,FAILED
T00004858,M0450,C0805,2026-03-27 22:26:54,15155.93,card,D0281,IP0178,REFUNDED
T00004859,M0289,C1229,2026-03-13 18:44:49,721.21,UPI,D0110,IP0703,SUCCESS
T00004860,M0478,C0035,2026-01-02 16:56:49,4580.78,UPI,D0551,IP0257,SUCCESS
T00004861,M0121,C0772,2026-02-13 23:46:03,5310.25,card,D0683,IP0478,SUCCESS
T00004862,M0405,C1140,2026-03-26 16:23:58,2033.66,card,D0164,IP0058,SUCCESS
T00004863,M0410,C0098,2026-03-16 12:32:18,4064.25,UPI,D0209,IP0189,SUCCESS
T00004864,M0328,C0049,2026-01-03 20:26:25,907.97,wallet,D0212,IP0166,SUCCESS
T00004865,M0224,C1491,2026-02-03 11:47:37,7294.97,UPI,D0399,IP0511,SUCCESS
T00004866,M0165,C0991,2026-02-19 19:44:42,316.24,wallet,D0189,IP0165,SUCCESS
T00004867,M0357,C1071,2026-01-20 18:08:10,5462.98,wallet,D0148,IP0704,SUCCESS
T00004868,M0186,C0185,2026-03-17 11:02:07,3643.29,UPI,D0540,IP0088,SUCCESS
T00004869,M0100,C1460,2026-01-06 09:30:46,1821.14,netbanking,D0426,IP0311,SUCCESS
T00004870,M0442,C0455,2026-02-23 05:00:20,934.69,card,D0408,IP0294,SUCCESS
T00004871,M0420,C0681,2026-02-24 11:26:46,10440.81,UPI,D0015,IP0113,SUCCESS
T00004872,M0169,C0639,2026-03-05 16:53:54,358.7,UPI,D0458,IP0665,SUCCESS
T00004873,M0004,C0440,2026-03-07 18:48:52,1868.6,card,D0354,IP0119,SUCCESS
T00004874,M0144,C0101,2026-01-18 23:56:52,7657.09,card,D0221,IP0730,SUCCESS
T00004875,M0308,C1497,2026-03-10 23:56:24,2488.63,card,D0240,IP0546,SUCCESS
T00004876,M0374,C0863,2026-01-22 10:56:08,1340.75,UPI,D0353,IP0523,SUCCESS
T00004877,M0229,C0942,2026-03-01 21:16:41,6712.03,card,D0225,IP0254,SUCCESS
T00004878,M0444,C0941,2026-03-22 10:57:06,5256.62,card,D0687,IP0269,SUCCESS
T00004879,M0152,C0323,2026-01-11 14:12:27,2309.71,card,D0043,IP0342,SUCCESS
T00004880,M0480,C1164,2026-03-16 08:18:11,878.1,UPI,D0450,IP0203,SUCCESS
T00004881,M0359,C1382,2026-03-31 18:01:23,380.21,UPI,D0740,IP0493,SUCCESS
T00004882,M0403,C1164,2026-02-24 20:23:04,6192.89,UPI,D0399,IP0637,SUCCESS
T00004883,M0302,C1308,2026-03-10 14:18:07,312.39,UPI,D0341,IP0469,SUCCESS
T00004884,M0500,C0643,2026-03-05 11:49:36,10162.06,wallet,D0473,IP0532,SUCCESS
T00004885,M0113,C0017,2026-01-30 11:30:44,538.49,UPI,D0702,IP0635,SUCCESS
T00004886,M0255,C0247,2026-01-27 10:58:07,6852.07,card,D0605,IP0303,SUCCESS
T00004887,M0152,C0435,2026-01-17 14:50:09,3393.32,card,D0043,IP0342,SUCCESS
T00004888,M0159,C1225,2026-03-05 20:47:34,7702.81,wallet,D0112,IP0723,SUCCESS
T00004889,M0424,C1471,2026-01-16 20:50:26,1796.23,card,D0436,IP0125,SUCCESS
T00004890,M0313,C0358,2026-02-15 10:07:00,8168.88,card,D0304,IP0126,FAILED
T00004891,M0076,C1327,2026-02-25 14:29:44,1054.56,card,D0158,IP0538,SUCCESS
T00004892,M0478,C0494,2026-03-19 18:00:21,4214.02,card,D0484,IP0692,SUCCESS
T00004893,M0111,C0147,2026-02-12 16:39:17,1095.22,UPI,D0457,IP0699,SUCCESS
T00004894,M0382,C0008,2026-01-21 13:35:34,573.72,wallet,D0424,IP0023,SUCCESS
T00004895,M0368,C1101,2026-01-22 17:48:51,6559.51,card,D0594,IP0604,SUCCESS
T00004896,M0425,C1028,2026-02-25 21:21:20,6460.16,netbanking,D0245,IP0045,SUCCESS
T00004897,M0355,C0333,2026-03-16 14:47:00,1495.12,UPI,D0422,IP0057,SUCCESS
T00004898,M0214,C0036,2026-02-28 18:39:15,1876.97,netbanking,D0714,IP0053,SUCCESS
T00004899,M0131,C0657,2026-01-18 12:13:46,2445.55,card,D0186,IP0326,SUCCESS
T00004900,M0302,C1026,2026-01-30 16:27:50,1886.04,card,D0665,IP0111,FAILED
T00004901,M0015,C0232,2026-02-20 23:08:03,596.57,UPI,D0018,IP0351,FAILED
T00004902,M0296,C1430,2026-02-10 23:17:02,7605.59,wallet,D0454,IP0135,SUCCESS
T00004903,M0118,C0762,2026-03-31 11:03:11,4669.63,netbanking,D0397,IP0666,SUCCESS
T00004904,M0358,C1394,2026-01-01 23:05:21,6327.63,card,D0364,IP0205,SUCCESS
T00004905,M0229,C1039,2026-02-21 23:43:28,7748.64,netbanking,D0283,IP0254,SUCCESS
T00004906,M0405,C0186,2026-02-27 19:36:24,3996.89,card,D0164,IP0734,SUCCESS
T00004907,M0327,C0434,2026-03-25 05:46:21,1767.37,UPI,D0434,IP0456,SUCCESS
T00004908,M0286,C0506,2026-01-10 00:08:40,687.36,wallet,D0245,IP0450,SUCCESS
T00004909,M0364,C0690,2026-01-22 13:04:19,536.06,UPI,D0278,IP0302,SUCCESS
T00004910,M0142,C1051,2026-03-11 17:44:41,1278.44,card,D0441,IP0672,SUCCESS
T00004911,M0478,C0929,2026-01-09 23:32:18,3447.55,card,D0293,IP0286,SUCCESS
T00004912,M0050,C0122,2026-01-24 13:07:20,353.4,card,D0546,IP0092,SUCCESS
T00004913,M0203,C1034,2026-02-23 19:28:39,1762.07,UPI,D0042,IP0489,SUCCESS
T00004914,M0039,C0289,2026-02-26 17:02:42,2547.3,UPI,D0541,IP0562,SUCCESS
T00004915,M0325,C0270,2026-01-28 11:11:47,1509.17,UPI,D0492,IP0547,REFUNDED
T00004916,M0214,C0311,2026-01-14 10:16:08,4019.94,netbanking,D0714,IP0053,SUCCESS
T00004917,M0038,C0260,2026-02-16 20:25:13,1568.25,UPI,D0549,IP0699,SUCCESS
T00004918,M0365,C0493,2026-01-20 23:36:12,2239.69,wallet,D0043,IP0228,SUCCESS
T00004919,M0487,C0937,2026-02-21 19:24:26,671.29,UPI,D0570,IP0566,SUCCESS
T00004920,M0076,C1344,2026-01-27 06:15:34,836.68,UPI,D0397,IP0045,SUCCESS
T00004921,M0142,C0301,2026-02-08 21:57:52,1046.74,card,D0301,IP0469,SUCCESS
T00004922,M0159,C1258,2026-02-03 13:11:40,8050.83,card,D0131,IP0622,SUCCESS
T00004923,M0370,C1193,2026-03-23 16:41:26,5192.82,UPI,D0166,IP0013,SUCCESS
T00004924,M0216,C1305,2026-02-21 13:33:14,2345.25,UPI,D0479,IP0179,SUCCESS
T00004925,M0404,C0872,2026-02-14 16:12:41,681.97,UPI,D0422,IP0423,FAILED
T00004926,M0260,C0396,2026-01-23 23:31:02,14516.48,card,D0578,IP0178,REFUNDED
T00004927,M0015,C1309,2026-02-16 10:52:24,1082.11,card,D0469,IP0273,SUCCESS
T00004928,M0118,C0719,2026-03-19 16:15:05,3382.23,card,D0164,IP0417,SUCCESS
T00004929,M0184,C0449,2026-01-27 19:30:49,2855.58,wallet,D0554,IP0093,SUCCESS
T00004930,M0354,C0650,2026-02-08 20:08:01,7397.67,UPI,D0425,IP0309,SUCCESS
T00004931,M0370,C1388,2026-03-15 10:57:04,2727.51,UPI,D0537,IP0622,SUCCESS
T00004932,M0356,C0393,2026-03-12 18:57:24,2296.95,UPI,D0117,IP0361,SUCCESS
T00004933,M0042,C0073,2026-03-27 07:35:58,4305.99,netbanking,D0210,IP0409,SUCCESS
T00004934,M0210,C0976,2026-03-19 16:23:54,923.29,netbanking,D0643,IP0481,SUCCESS
T00004935,M0355,C1191,2026-01-28 17:42:54,630.54,card,D0422,IP0037,SUCCESS
T00004936,M0356,C0495,2026-01-12 15:35:09,739.98,UPI,D0093,IP0667,SUCCESS
T00004937,M0320,C1104,2026-03-07 16:10:45,1787.84,UPI,D0431,IP0133,SUCCESS
T00004938,M0239,C0199,2026-02-22 19:13:09,1136.02,UPI,D0716,IP0250,SUCCESS
T00004939,M0006,C1363,2026-03-05 10:29:24,491.54,card,D0372,IP0631,SUCCESS
T00004940,M0303,C0359,2026-02-11 13:04:26,1552.52,UPI,D0271,IP0456,SUCCESS
T00004941,M0151,C0917,2026-03-06 16:50:01,526.52,wallet,D0644,IP0055,SUCCESS
T00004942,M0204,C1297,2026-01-01 19:48:28,1104.12,netbanking,D0046,IP0702,FAILED
T00004943,M0330,C1077,2026-03-04 12:07:16,1249.87,UPI,D0100,IP0168,SUCCESS
T00004944,M0272,C0523,2026-03-22 13:57:42,19134.05,netbanking,D0296,IP0362,SUCCESS
T00004945,M0246,C1135,2026-03-07 14:09:59,2214.2,netbanking,D0313,IP0606,SUCCESS
T00004946,M0229,C0027,2026-03-16 20:49:24,2963.83,wallet,D0248,IP0254,SUCCESS
T00004947,M0405,C0142,2026-01-12 15:11:35,1067.36,UPI,D0268,IP0115,SUCCESS
T00004948,M0286,C0639,2026-02-06 12:36:03,768.82,UPI,D0053,IP0321,SUCCESS
T00004949,M0344,C0311,2026-03-26 17:39:48,2647.37,card,D0603,IP0249,SUCCESS
T00004950,M0075,C1143,2026-01-03 11:53:55,661.25,UPI,D0615,IP0200,SUCCESS
T00004951,M0337,C0740,2026-02-19 17:24:01,628.94,card,D0285,IP0654,FAILED
T00004952,M0039,C0633,2026-01-23 18:36:04,1763.52,card,D0541,IP0018,SUCCESS
T00004953,M0409,C0502,2026-01-02 18:13:56,397.82,netbanking,D0046,IP0214,SUCCESS
T00004954,M0007,C0651,2026-03-27 21:03:21,4033.79,netbanking,D0588,IP0605,SUCCESS
T00004955,M0402,C1235,2026-02-28 12:27:29,1615.51,UPI,D0645,IP0022,SUCCESS
T00004956,M0297,C0353,2026-03-10 20:44:28,2996.77,UPI,D0286,IP0450,SUCCESS
T00004957,M0381,C1290,2026-01-20 21:02:29,1553.46,UPI,D0713,IP0207,FAILED
T00004958,M0147,C1395,2026-02-14 20:37:46,654.03,netbanking,D0689,IP0053,SUCCESS
T00004959,M0297,C0280,2026-01-15 18:06:54,5093.94,UPI,D0408,IP0309,SUCCESS
T00004960,M0436,C1257,2026-01-17 07:17:14,18844.12,card,D0120,IP0161,SUCCESS
T00004961,M0136,C1278,2026-03-19 13:37:33,447.55,netbanking,D0655,IP0301,SUCCESS
T00004962,M0015,C1379,2026-02-18 14:08:07,812.12,UPI,D0110,IP0598,SUCCESS
T00004963,M0403,C1223,2026-02-07 14:34:15,4180.71,card,D0084,IP0123,SUCCESS
T00004964,M0380,C1468,2026-01-02 15:39:35,2594.45,card,D0035,IP0251,SUCCESS
T00004965,M0113,C0017,2026-02-07 09:22:50,541.32,netbanking,D0403,IP0635,FAILED
T00004966,M0203,C0976,2026-03-19 23:00:41,375.82,card,D0228,IP0283,SUCCESS
T00004967,M0230,C0792,2026-01-16 15:37:00,1156.99,netbanking,D0508,IP0378,SUCCESS
T00004968,M0023,C1000,2026-03-25 17:13:35,12747.45,card,D0306,IP0159,SUCCESS
T00004969,M0214,C0911,2026-03-04 19:20:19,1474.91,card,D0154,IP0090,SUCCESS
T00004970,M0075,C0284,2026-02-07 14:24:30,1034.23,netbanking,D0120,IP0200,SUCCESS
T00004971,M0494,C0059,2026-02-03 17:53:52,2820.53,UPI,D0364,IP0324,SUCCESS
T00004972,M0490,C1015,2026-01-11 21:23:55,198.37,UPI,D0424,IP0159,SUCCESS
T00004973,M0308,C0003,2026-02-05 23:27:28,9405.11,netbanking,D0563,IP0384,SUCCESS
T00004974,M0273,C0655,2026-03-14 22:46:21,1061.08,card,D0687,IP0204,SUCCESS
T00004975,M0487,C0140,2026-01-30 23:47:42,1072.33,UPI,D0738,IP0358,SUCCESS
T00004976,M0366,C1215,2026-01-16 13:55:33,926.27,UPI,D0204,IP0637,SUCCESS
T00004977,M0101,C1097,2026-03-22 12:45:14,620.9,card,D0310,IP0468,FAILED
T00004978,M0136,C1058,2026-03-02 12:52:12,1643.44,wallet,D0481,IP0370,SUCCESS
T00004979,M0363,C1404,2026-01-22 20:27:45,430.97,UPI,D0282,IP0277,FAILED
T00004980,M0480,C0948,2026-01-14 09:31:03,540.0,netbanking,D0695,IP0202,FAILED
T00004981,M0195,C0502,2026-02-17 15:19:54,1153.03,UPI,D0112,IP0518,SUCCESS
T00004982,M0085,C0978,2026-02-15 08:35:09,463.52,UPI,D0673,IP0204,SUCCESS
T00004983,M0405,C0631,2026-03-15 06:14:25,1169.8,UPI,D0164,IP0115,FAILED
T00004984,M0132,C0570,2026-03-11 19:31:31,2239.28,card,D0618,IP0251,SUCCESS
T00004985,M0075,C0013,2026-02-08 17:37:33,897.74,UPI,D0615,IP0200,SUCCESS
T00004986,M0375,C1304,2026-01-24 10:17:06,2552.55,UPI,D0716,IP0463,REFUNDED
T00004987,M0303,C1123,2026-01-09 20:27:01,897.37,UPI,D0271,IP0605,SUCCESS
T00004988,M0248,C0123,2026-01-26 09:23:33,1154.88,UPI,D0607,IP0684,SUCCESS
T00004989,M0035,C1450,2026-02-21 17:49:00,481.47,card,D0676,IP0079,REFUNDED
T00004990,M0008,C0143,2026-03-12 14:40:07,2443.05,UPI,D0154,IP0217,SUCCESS
T00004991,M0230,C0111,2026-01-07 22:25:47,1701.98,UPI,D0700,IP0105,SUCCESS
T00004992,M0331,C1152,2026-01-16 13:19:31,1420.28,UPI,D0588,IP0029,SUCCESS
T00004993,M0449,C0919,2026-02-21 16:15:43,660.7,wallet,D0324,IP0275,FAILED
T00004994,M0329,C0617,2026-02-05 20:17:15,11235.62,card,D0559,IP0043,SUCCESS
T00004995,M0278,C0102,2026-02-05 19:41:58,170.8,wallet,D0298,IP0173,SUCCESS
T00004996,M0118,C0650,2026-02-23 14:19:38,2196.5,netbanking,D0164,IP0292,SUCCESS
T00004997,M0113,C0298,2026-01-18 15:58:43,1536.39,UPI,D0057,IP0156,SUCCESS
T00004998,M0337,C0527,2026-01-07 23:23:56,330.43,card,D0733,IP0654,SUCCESS
T00004999,M0204,C0834,2026-01-05 14:01:44,287.84,card,D0273,IP0320,SUCCESS
T00005000,M0113,C0590,2026-03-23 20:41:46,685.94,card,D0649,IP0262,SUCCESS
T00005001,M0226,C0260,2026-03-09 21:20:37,1124.05,UPI,D0048,IP0091,REFUNDED
T00005002,M0401,C0129,2026-02-12 09:04:56,948.62,card,D0580,IP0165,SUCCESS
T00005003,M0058,C0211,2026-01-31 17:20:04,148.23,UPI,D0522,IP0570,SUCCESS
T00005004,M0101,C1041,2026-01-21 23:58:42,2725.24,UPI,D0310,IP0563,SUCCESS
T00005005,M0325,C1374,2026-03-10 23:47:47,2876.94,UPI,D0492,IP0614,SUCCESS
T00005006,M0303,C1047,2026-03-24 21:24:19,1360.54,UPI,D0616,IP0010,SUCCESS
T00005007,M0113,C0139,2026-03-14 07:09:49,452.59,UPI,D0296,IP0635,SUCCESS
T00005008,M0331,C1259,2026-03-31 13:52:22,3336.94,card,D0403,IP0123,SUCCESS
T00005009,M0353,C1100,2026-02-09 17:26:46,1034.95,UPI,D0399,IP0419,SUCCESS
T00005010,M0065,C0037,2026-02-10 22:41:37,15625.64,card,D0516,IP0659,SUCCESS
T00005011,M0394,C1142,2026-01-29 13:30:14,1673.3,card,D0540,IP0554,SUCCESS
T00005012,M0080,C0501,2026-02-08 10:51:27,3431.4,UPI,D0383,IP0137,SUCCESS
T00005013,M0405,C0142,2026-02-20 13:05:54,2365.25,UPI,D0268,IP0456,SUCCESS
T00005014,M0146,C1481,2026-02-22 19:11:40,492.39,UPI,D0124,IP0582,SUCCESS
T00005015,M0142,C0839,2026-01-11 22:38:39,882.75,card,D0436,IP0745,REFUNDED
T00005016,M0366,C1196,2026-01-03 05:14:25,905.38,card,D0204,IP0545,SUCCESS
T00005017,M0364,C1041,2026-01-26 16:02:17,716.28,UPI,D0656,IP0475,SUCCESS
T00005018,M0159,C1202,2026-01-17 15:04:10,7706.51,card,D0019,IP0622,SUCCESS
T00005019,M0487,C0331,2026-01-07 18:05:47,1420.33,UPI,D0012,IP0541,FAILED
T00005020,M0216,C1377,2026-02-13 14:41:35,106337.53,UPI,D0362,IP0679,SUCCESS
T00005021,M0229,C0665,2026-03-12 20:46:07,1937.83,UPI,D0328,IP0666,SUCCESS
T00005022,M0130,C0670,2026-02-28 23:24:10,23623.6,card,D0141,IP0010,SUCCESS
T00005023,M0039,C0108,2026-01-16 20:57:22,3002.76,UPI,D0438,IP0018,SUCCESS
T00005024,M0424,C0908,2026-03-04 14:33:01,688.72,card,D0442,IP0263,SUCCESS
T00005025,M0196,C0419,2026-03-15 11:25:10,5932.05,UPI,D0469,IP0046,SUCCESS
T00005026,M0279,C1073,2026-03-07 06:50:27,226.65,UPI,D0384,IP0649,SUCCESS
T00005027,M0410,C1431,2026-03-18 19:41:01,1240.09,netbanking,D0526,IP0189,SUCCESS
T00005028,M0076,C1157,2026-03-26 14:26:00,737.01,card,D0158,IP0045,FAILED
T00005029,M0343,C1044,2026-02-12 17:21:57,2376.07,UPI,D0239,IP0051,SUCCESS
T00005030,M0208,C0570,2026-01-10 16:16:09,6123.55,card,D0190,IP0538,SUCCESS
T00005031,M0430,C0700,2026-01-09 12:20:44,2867.64,wallet,D0427,IP0618,SUCCESS
T00005032,M0217,C0934,2026-03-19 11:47:00,433.74,UPI,D0519,IP0345,SUCCESS
T00005033,M0482,C0098,2026-03-04 08:09:15,2183.76,UPI,D0209,IP0153,SUCCESS
T00005034,M0213,C0667,2026-02-01 20:16:11,8098.5,UPI,D0058,IP0592,SUCCESS
T00005035,M0015,C0250,2026-03-23 14:58:55,719.66,UPI,D0579,IP0111,FAILED
T00005036,M0303,C0182,2026-01-22 20:46:13,1682.01,UPI,D0708,IP0605,SUCCESS
T00005037,M0099,C1125,2026-01-28 14:49:53,591.76,wallet,D0687,IP0078,SUCCESS
T00005038,M0104,C1467,2026-03-27 14:00:31,1256.15,card,D0051,IP0188,SUCCESS
T00005039,M0274,C0506,2026-03-04 23:11:42,5941.53,card,D0394,IP0657,SUCCESS
T00005040,M0167,C0186,2026-02-05 16:51:35,2047.36,UPI,D0208,IP0680,SUCCESS
T00005041,M0303,C0554,2026-02-04 19:54:35,1124.35,wallet,D0708,IP0227,SUCCESS
T00005042,M0364,C0023,2026-02-03 16:06:18,375.68,card,D0273,IP0241,SUCCESS
T00005043,M0462,C0329,2026-02-03 14:48:17,1163.46,UPI,D0396,IP0480,SUCCESS
T00005044,M0167,C0493,2026-03-02 09:17:32,837.7,card,D0010,IP0415,SUCCESS
T00005045,M0289,C0196,2026-03-31 11:46:16,385.44,UPI,D0520,IP0703,SUCCESS
T00005046,M0405,C0820,2026-02-23 16:10:39,1487.0,card,D0268,IP0351,SUCCESS
T00005047,M0323,C0026,2026-03-18 16:26:07,782.38,UPI,D0611,IP0282,SUCCESS
T00005048,M0206,C1490,2026-03-01 13:57:35,12364.62,netbanking,D0447,IP0528,SUCCESS
T00005049,M0067,C0251,2026-01-15 19:14:58,280.42,wallet,D0151,IP0196,SUCCESS
T00005050,M0127,C0832,2026-01-16 04:46:09,1690.54,card,D0471,IP0061,SUCCESS
T00005051,M0020,C0019,2026-03-18 13:35:19,5204.61,netbanking,D0544,IP0321,SUCCESS
T00005052,M0340,C1219,2026-02-17 18:38:48,688.71,card,D0071,IP0267,SUCCESS
T00005053,M0289,C1110,2026-02-27 15:15:05,615.22,card,D0110,IP0730,SUCCESS
T00005054,M0170,C0201,2026-01-24 12:10:40,2308.04,UPI,D0246,IP0593,SUCCESS
T00005055,M0480,C1368,2026-01-24 12:55:58,219.82,UPI,D0695,IP0286,SUCCESS
T00005056,M0288,C0513,2026-02-15 08:41:32,1459.82,UPI,D0481,IP0377,SUCCESS
T00005057,M0492,C1222,2026-01-12 13:18:28,1070.71,wallet,D0386,IP0750,SUCCESS
T00005058,M0210,C0189,2026-01-11 22:19:58,853.44,UPI,D0643,IP0111,SUCCESS
T00005059,M0347,C1139,2026-03-12 11:04:36,2529.05,netbanking,D0154,IP0034,SUCCESS
T00005060,M0176,C0697,2026-01-13 13:52:17,694.9,card,D0528,IP0747,SUCCESS
T00005061,M0478,C0772,2026-01-12 23:25:47,9187.55,netbanking,D0722,IP0286,SUCCESS
T00005062,M0147,C1346,2026-03-27 17:46:12,1460.79,card,D0661,IP0147,FAILED
T00005063,M0129,C0910,2026-02-22 18:14:34,1105.96,UPI,D0469,IP0094,SUCCESS
T00005064,M0355,C1205,2026-02-22 20:27:08,158.83,card,D0422,IP0060,SUCCESS
T00005065,M0189,C0406,2026-01-31 14:18:03,7585.53,netbanking,D0326,IP0174,SUCCESS
T00005066,M0446,C1386,2026-01-06 16:14:10,4539.87,card,D0043,IP0410,SUCCESS
T00005067,M0089,C1174,2026-03-18 17:57:00,1339.23,UPI,D0179,IP0107,SUCCESS
T00005068,M0042,C0801,2026-02-18 19:38:20,3325.91,card,D0292,IP0142,SUCCESS
T00005069,M0015,C0557,2026-03-24 17:39:31,340.99,wallet,D0016,IP0351,SUCCESS
T00005070,M0173,C0455,2026-01-27 16:08:47,941.79,wallet,D0125,IP0712,SUCCESS
T00005071,M0424,C0013,2026-02-28 11:35:59,1340.97,UPI,D0463,IP0263,SUCCESS
T00005072,M0477,C0999,2026-02-16 08:45:21,481.19,UPI,D0699,IP0503,FAILED
T00005073,M0465,C1028,2026-01-05 23:27:46,6615.31,card,D0351,IP0646,SUCCESS
T00005074,M0478,C1079,2026-03-30 15:20:30,5368.34,netbanking,D0078,IP0101,SUCCESS
T00005075,M0170,C0479,2026-01-14 10:48:28,1770.32,UPI,D0246,IP0714,SUCCESS
T00005076,M0303,C0372,2026-03-26 23:46:32,299.55,wallet,D0708,IP0357,SUCCESS
T00005077,M0203,C1346,2026-01-10 23:09:24,274.95,UPI,D0076,IP0031,SUCCESS
T00005078,M0381,C0439,2026-03-06 12:27:03,3047.3,UPI,D0188,IP0565,SUCCESS
T00005079,M0469,C0793,2026-02-04 16:03:46,557.72,card,D0529,IP0642,REFUNDED
T00005080,M0113,C1331,2026-01-03 07:44:02,923.18,UPI,D0414,IP0262,SUCCESS
T00005081,M0274,C0146,2026-03-15 22:22:01,25173.81,netbanking,D0731,IP0081,SUCCESS
T00005082,M0254,C0622,2026-02-08 12:05:55,708.74,wallet,D0403,IP0660,SUCCESS
T00005083,M0468,C0481,2026-03-31 12:57:50,577.18,card,D0377,IP0676,SUCCESS
T00005084,M0452,C0830,2026-01-28 12:53:31,3253.21,UPI,D0349,IP0676,SUCCESS
T00005085,M0444,C0197,2026-03-13 13:09:54,3185.79,card,D0687,IP0078,SUCCESS
T00005086,M0403,C0780,2026-01-03 18:23:19,761.31,card,D0399,IP0503,SUCCESS
T00005087,M0471,C1460,2026-03-18 06:22:22,82.36,UPI,D0235,IP0434,SUCCESS
T00005088,M0498,C0113,2026-02-16 19:33:01,3170.48,card,D0655,IP0061,SUCCESS
T00005089,M0100,C0974,2026-01-01 22:29:21,805.38,wallet,D0409,IP0692,SUCCESS
T00005090,M0470,C1268,2026-02-09 13:41:19,7927.05,card,D0482,IP0211,SUCCESS
T00005091,M0303,C0372,2026-01-21 15:10:03,324.21,wallet,D0655,IP0132,SUCCESS
T00005092,M0159,C1481,2026-03-09 20:50:25,4626.47,card,D0170,IP0046,SUCCESS
T00005093,M0312,C0612,2026-03-28 05:24:58,755.63,UPI,D0565,IP0086,SUCCESS
T00005094,M0286,C0305,2026-02-05 10:23:06,297.58,card,D0729,IP0572,SUCCESS
T00005095,M0302,C0020,2026-02-07 17:03:44,201.83,card,D0726,IP0469,SUCCESS
T00005096,M0212,C0245,2026-03-04 18:45:49,26030.54,card,D0343,IP0452,SUCCESS
T00005097,M0358,C1266,2026-03-09 16:09:49,2391.15,card,D0317,IP0359,SUCCESS
T00005098,M0367,C0922,2026-01-01 15:33:17,5396.58,UPI,D0198,IP0265,SUCCESS
T00005099,M0042,C0244,2026-02-02 19:10:05,2283.56,UPI,D0138,IP0175,SUCCESS
T00005100,M0408,C0678,2026-02-18 13:07:15,11113.22,card,D0742,IP0699,SUCCESS
T00005101,M0303,C0370,2026-03-20 23:52:26,842.56,UPI,D0181,IP0422,SUCCESS
T00005102,M0448,C0789,2026-01-21 23:33:08,2125.85,UPI,D0457,IP0408,SUCCESS
T00005103,M0359,C1065,2026-02-19 20:53:25,740.99,wallet,D0740,IP0112,SUCCESS
T00005104,M0494,C0143,2026-02-15 11:38:55,1448.37,card,D0364,IP0527,SUCCESS
T00005105,M0402,C1179,2026-01-02 17:47:27,1703.29,UPI,D0645,IP0568,SUCCESS
T00005106,M0249,C1003,2026-02-25 07:09:50,594.85,card,D0686,IP0535,SUCCESS
T00005107,M0145,C0517,2026-02-07 23:32:38,904.43,wallet,D0638,IP0646,SUCCESS
T00005108,M0353,C1439,2026-02-06 23:57:22,393.09,UPI,D0399,IP0670,SUCCESS
T00005109,M0286,C1365,2026-02-01 03:10:46,460.37,wallet,D0210,IP0674,SUCCESS
T00005110,M0246,C0044,2026-02-07 17:18:51,855.44,card,D0568,IP0484,REFUNDED
T00005111,M0426,C0475,2026-02-26 15:12:03,2788.12,UPI,D0135,IP0481,SUCCESS
T00005112,M0471,C1269,2026-02-27 10:34:45,504.13,wallet,D0285,IP0263,SUCCESS
T00005113,M0256,C0220,2026-01-23 08:22:24,908.96,card,D0379,IP0013,SUCCESS
T00005114,M0015,C1389,2026-03-12 13:52:21,1632.98,wallet,D0110,IP0288,SUCCESS
T00005115,M0450,C1411,2026-03-10 16:40:34,4144.51,card,D0026,IP0488,SUCCESS
T00005116,M0026,C0412,2026-03-05 20:24:18,4557.99,card,D0151,IP0684,SUCCESS
T00005117,M0254,C0041,2026-01-14 13:01:55,553.79,wallet,D0708,IP0709,SUCCESS
T00005118,M0195,C0746,2026-03-25 15:47:01,1200.07,UPI,D0142,IP0264,SUCCESS
T00005119,M0206,C0443,2026-03-27 13:51:48,12397.25,UPI,D0062,IP0461,SUCCESS
T00005120,M0356,C1277,2026-03-02 17:46:35,968.07,UPI,D0611,IP0606,SUCCESS
T00005121,M0443,C0353,2026-01-18 08:22:13,3709.99,netbanking,D0657,IP0368,SUCCESS
T00005122,M0389,C1113,2026-01-22 03:17:19,1168.95,wallet,D0243,IP0142,SUCCESS
T00005123,M0248,C0812,2026-03-23 10:05:32,1498.88,wallet,D0445,IP0420,SUCCESS
T00005124,M0409,C0632,2026-01-15 10:55:31,1349.16,wallet,D0560,IP0099,SUCCESS
T00005125,M0358,C1349,2026-01-16 12:45:56,4722.77,UPI,D0317,IP0660,SUCCESS
T00005126,M0281,C0318,2026-03-29 23:22:59,556.74,UPI,D0621,IP0290,SUCCESS
T00005127,M0195,C0952,2026-03-10 08:31:31,911.17,card,D0112,IP0140,SUCCESS
T00005128,M0278,C1015,2026-02-27 23:50:34,303.7,card,D0298,IP0518,SUCCESS
T00005129,M0411,C0214,2026-02-21 13:10:00,1061.59,card,D0291,IP0212,SUCCESS
T00005130,M0372,C1403,2026-02-19 16:29:02,2131.88,wallet,D0501,IP0263,SUCCESS
T00005131,M0424,C0198,2026-03-30 16:44:35,1292.56,wallet,D0436,IP0263,SUCCESS
T00005132,M0491,C0649,2026-02-18 21:08:26,1560.96,UPI,D0048,IP0261,SUCCESS
T00005133,M0487,C1037,2026-01-26 19:57:22,1014.86,card,D0738,IP0019,SUCCESS
T00005134,M0472,C0614,2026-01-04 12:55:36,2556.85,UPI,D0405,IP0156,SUCCESS
T00005135,M0404,C0651,2026-01-07 10:59:06,705.59,UPI,D0503,IP0423,SUCCESS
T00005136,M0494,C1290,2026-01-23 22:50:21,2145.45,card,D0390,IP0616,SUCCESS
T00005137,M0268,C1220,2026-03-01 17:41:22,1259.35,UPI,D0558,IP0568,SUCCESS
T00005138,M0110,C0007,2026-01-09 13:40:44,1563.83,UPI,D0291,IP0051,SUCCESS
T00005139,M0424,C0370,2026-02-08 08:01:14,2092.91,card,D0471,IP0125,SUCCESS
T00005140,M0118,C1466,2026-02-23 13:37:56,661.45,card,D0397,IP0458,SUCCESS
T00005141,M0289,C0701,2026-03-13 16:17:19,275.51,UPI,D0175,IP0579,SUCCESS
T00005142,M0464,C1108,2026-03-10 11:09:41,1124.69,card,D0546,IP0692,SUCCESS
T00005143,M0410,C1066,2026-02-09 20:47:27,741.86,card,D0526,IP0189,SUCCESS
T00005144,M0177,C0939,2026-01-21 08:45:52,462.08,UPI,D0511,IP0540,SUCCESS
T00005145,M0142,C0829,2026-01-30 14:52:01,300.82,card,D0009,IP0672,SUCCESS
T00005146,M0336,C0757,2026-03-15 19:42:02,6500.7,card,D0458,IP0256,SUCCESS
T00005147,M0404,C0615,2026-01-26 17:26:55,486.02,wallet,D0745,IP0367,SUCCESS
T00005148,M0405,C0951,2026-02-18 13:00:58,2811.37,UPI,D0268,IP0618,SUCCESS
T00005149,M0405,C0249,2026-01-18 16:33:20,852.66,UPI,D0164,IP0526,SUCCESS
T00005150,M0001,C0197,2026-01-11 13:12:33,12171.44,netbanking,D0384,IP0339,SUCCESS
T00005151,M0380,C1139,2026-03-15 09:08:15,14159.88,card,D0560,IP0574,SUCCESS
T00005152,M0363,C0405,2026-01-04 16:46:20,1960.37,card,D0282,IP0029,SUCCESS
T00005153,M0229,C0609,2026-01-08 23:02:25,5952.12,card,D0693,IP0547,SUCCESS
T00005154,M0500,C0782,2026-02-23 22:57:03,970.26,UPI,D0236,IP0532,SUCCESS
T00005155,M0254,C1027,2026-01-11 15:26:48,2248.55,UPI,D0465,IP0188,SUCCESS
T00005156,M0050,C0530,2026-02-04 16:53:16,1338.29,card,D0593,IP0658,FAILED
T00005157,M0040,C0227,2026-03-02 07:34:22,2688.28,UPI,D0327,IP0147,SUCCESS
T00005158,M0239,C1102,2026-02-01 11:20:01,1999.47,UPI,D0398,IP0459,SUCCESS
T00005159,M0341,C1218,2026-01-06 13:06:47,1314.98,wallet,D0683,IP0096,SUCCESS
T00005160,M0500,C1376,2026-02-24 19:54:30,1238.69,UPI,D0660,IP0278,SUCCESS
T00005161,M0248,C1282,2026-01-09 16:44:46,679.56,UPI,D0623,IP0407,SUCCESS
T00005162,M0313,C1317,2026-01-03 06:10:58,2132.16,card,D0630,IP0554,SUCCESS
T00005163,M0434,C0004,2026-03-11 11:47:30,2520.57,netbanking,D0062,IP0661,SUCCESS
T00005164,M0382,C1485,2026-01-23 19:59:23,4175.01,UPI,D0524,IP0325,SUCCESS
T00005165,M0470,C1355,2026-02-18 12:56:39,2195.42,UPI,D0109,IP0635,SUCCESS
T00005166,M0356,C1322,2026-03-22 22:16:01,353.03,UPI,D0372,IP0606,SUCCESS
T00005167,M0480,C0514,2026-01-16 12:53:12,1006.45,UPI,D0450,IP0746,SUCCESS
T00005168,M0357,C0218,2026-01-23 16:17:05,7979.96,netbanking,D0562,IP0704,SUCCESS
T00005169,M0098,C0156,2026-03-17 16:52:46,2368.68,UPI,D0232,IP0408,SUCCESS
T00005170,M0203,C0383,2026-01-24 23:56:16,841.21,UPI,D0072,IP0031,SUCCESS
T00005171,M0261,C1183,2026-01-08 22:29:32,457.03,card,D0306,IP0371,SUCCESS
T00005172,M0422,C0461,2026-03-14 12:14:23,899.2,wallet,D0722,IP0406,SUCCESS
T00005173,M0169,C0015,2026-02-18 10:02:22,1291.33,card,D0642,IP0665,SUCCESS
T00005174,M0283,C1253,2026-01-26 10:36:55,9485.92,UPI,D0720,IP0569,SUCCESS
T00005175,M0142,C0161,2026-02-04 13:36:28,490.67,card,D0130,IP0144,SUCCESS
T00005176,M0213,C0946,2026-02-07 11:51:03,28548.34,UPI,D0415,IP0337,SUCCESS
T00005177,M0165,C0221,2026-02-01 19:35:12,377.95,UPI,D0587,IP0377,SUCCESS
T00005178,M0480,C0304,2026-02-11 12:00:11,199.94,UPI,D0450,IP0202,SUCCESS
T00005179,M0465,C0016,2026-02-27 23:22:21,14309.37,card,D0394,IP0636,SUCCESS
T00005180,M0398,C0393,2026-03-11 17:13:33,822.87,netbanking,D0250,IP0461,SUCCESS
T00005181,M0090,C0715,2026-03-04 21:44:38,460.36,UPI,D0345,IP0294,SUCCESS
T00005182,M0480,C0628,2026-02-27 11:49:02,176.55,UPI,D0695,IP0295,SUCCESS
T00005183,M0113,C0285,2026-02-10 11:25:23,2618.51,UPI,D0296,IP0635,SUCCESS
T00005184,M0036,C0028,2026-01-04 15:54:09,5968.51,card,D0209,IP0615,SUCCESS
T00005185,M0026,C0036,2026-03-05 10:32:33,8812.58,UPI,D0041,IP0531,SUCCESS
T00005186,M0165,C0394,2026-03-26 18:50:25,281.87,UPI,D0121,IP0165,FAILED
T00005187,M0113,C1033,2026-02-01 09:32:39,2067.17,UPI,D0551,IP0262,SUCCESS
T00005188,M0117,C0651,2026-03-30 16:41:39,13271.23,netbanking,D0492,IP0381,SUCCESS
T00005189,M0165,C0163,2026-02-08 23:29:39,664.93,UPI,D0029,IP0377,SUCCESS
T00005190,M0450,C0066,2026-02-02 17:10:13,5652.6,card,D0282,IP0178,SUCCESS
T00005191,M0466,C1024,2026-01-13 07:37:21,1314.61,wallet,D0054,IP0554,SUCCESS
T00005192,M0466,C0649,2026-03-02 16:16:30,5549.58,UPI,D0390,IP0726,SUCCESS
T00005193,M0410,C0330,2026-01-13 18:04:34,2475.91,UPI,D0525,IP0720,SUCCESS
T00005194,M0364,C1108,2026-03-08 11:24:44,147.52,wallet,D0215,IP0295,SUCCESS
T00005195,M0327,C0880,2026-03-08 19:16:00,618.13,card,D0048,IP0463,SUCCESS
T00005196,M0495,C1215,2026-03-08 08:38:35,3784.77,netbanking,D0149,IP0727,SUCCESS
T00005197,M0176,C0940,2026-03-03 22:18:21,335.54,wallet,D0509,IP0462,SUCCESS
T00005198,M0401,C1346,2026-02-17 12:09:43,580.41,wallet,D0374,IP0016,SUCCESS
T00005199,M0047,C0866,2026-03-31 10:29:13,477.86,UPI,D0431,IP0666,SUCCESS
T00005200,M0069,C0925,2026-01-28 04:32:41,1862.48,UPI,D0452,IP0731,SUCCESS
T00005201,M0325,C0602,2026-03-09 15:37:07,1999.61,UPI,D0745,IP0486,SUCCESS
T00005202,M0443,C0554,2026-01-10 13:24:06,1932.03,card,D0682,IP0393,REFUNDED
T00005203,M0464,C1028,2026-03-13 16:05:16,1472.66,card,D0520,IP0127,SUCCESS
T00005204,M0015,C0397,2026-03-28 16:20:51,408.32,UPI,D0228,IP0288,SUCCESS
T00005205,M0165,C0614,2026-02-21 23:49:18,356.34,wallet,D0189,IP0165,SUCCESS
T00005206,M0443,C0976,2026-01-27 19:16:17,3800.9,wallet,D0129,IP0368,SUCCESS
T00005207,M0303,C1415,2026-01-22 12:31:00,541.98,UPI,D0708,IP0456,SUCCESS
T00005208,M0113,C0429,2026-01-24 19:31:55,2021.15,wallet,D0403,IP0635,SUCCESS
T00005209,M0256,C0949,2026-03-26 11:03:40,2810.49,card,D0640,IP0013,SUCCESS
T00005210,M0413,C1220,2026-03-19 16:20:44,1548.9,card,D0049,IP0284,SUCCESS
T00005211,M0410,C1094,2026-01-28 15:00:44,2046.59,netbanking,D0525,IP0720,SUCCESS
T00005212,M0444,C0319,2026-02-27 23:52:27,2865.32,wallet,D0687,IP0078,REFUNDED
T00005213,M0013,C1098,2026-03-05 14:46:30,972.18,card,D0061,IP0509,SUCCESS
T00005214,M0176,C0320,2026-03-10 09:30:38,3333.76,netbanking,D0591,IP0559,SUCCESS
T00005215,M0173,C0708,2026-03-06 12:11:44,984.74,netbanking,D0079,IP0052,FAILED
T00005216,M0147,C0359,2026-01-23 11:14:17,979.68,UPI,D0661,IP0245,SUCCESS
T00005217,M0248,C1109,2026-02-25 08:43:11,1493.05,wallet,D0256,IP0199,SUCCESS
T00005218,M0229,C1477,2026-01-08 18:12:25,5860.95,card,D0604,IP0481,SUCCESS
T00005219,M0229,C0420,2026-02-26 19:34:30,12154.17,card,D0225,IP0327,SUCCESS
T00005220,M0248,C1282,2026-03-21 01:31:56,405.39,wallet,D0013,IP0684,SUCCESS
T00005221,M0176,C0611,2026-01-09 18:38:14,602.71,card,D0608,IP0559,SUCCESS
T00005222,M0490,C0118,2026-01-02 23:56:09,340.09,UPI,D0424,IP0504,SUCCESS
T00005223,M0313,C0140,2026-03-12 17:51:06,5940.1,card,D0084,IP0596,SUCCESS
T00005224,M0261,C1477,2026-01-07 18:52:39,1958.04,UPI,D0306,IP0371,SUCCESS
T00005225,M0146,C0648,2026-02-12 18:24:49,1024.43,card,D0095,IP0658,SUCCESS
T00005226,M0147,C0533,2026-01-27 03:30:38,332.75,card,D0489,IP0659,REFUNDED
T00005227,M0405,C0098,2026-03-04 19:52:17,2367.43,UPI,D0268,IP0464,SUCCESS
T00005228,M0229,C1096,2026-03-29 16:12:46,8673.83,card,D0328,IP0254,SUCCESS
T00005229,M0189,C0584,2026-03-14 19:50:54,1996.81,netbanking,D0231,IP0044,SUCCESS
T00005230,M0125,C0124,2026-03-12 17:45:00,1296.26,card,D0175,IP0561,SUCCESS
T00005231,M0496,C1398,2026-02-24 10:03:49,231.32,UPI,D0645,IP0477,SUCCESS
T00005232,M0207,C0976,2026-02-17 19:20:52,1919.05,UPI,D0016,IP0561,SUCCESS
T00005233,M0129,C1168,2026-03-06 21:30:52,414.26,UPI,D0432,IP0094,SUCCESS
T00005234,M0401,C0429,2026-01-05 23:23:55,1196.45,wallet,D0744,IP0122,SUCCESS
T00005235,M0465,C1338,2026-01-24 19:00:23,6597.15,card,D0428,IP0636,SUCCESS
T00005236,M0405,C0549,2026-02-12 14:30:37,1266.72,netbanking,D0268,IP0155,SUCCESS
T00005237,M0212,C0922,2026-03-17 17:15:53,3460.73,UPI,D0258,IP0353,SUCCESS
T00005238,M0400,C0282,2026-02-03 23:58:42,657.85,card,D0355,IP0215,SUCCESS
T00005239,M0182,C1305,2026-03-15 14:42:23,912.15,UPI,D0037,IP0321,SUCCESS
T00005240,M0278,C1015,2026-01-05 23:12:24,472.4,wallet,D0298,IP0173,SUCCESS
T00005241,M0075,C1143,2026-02-28 11:02:56,1657.2,UPI,D0385,IP0225,SUCCESS
T00005242,M0166,C1435,2026-01-14 07:14:17,648.28,card,D0302,IP0081,SUCCESS
T00005243,M0289,C1105,2026-01-13 22:00:42,978.6,card,D0137,IP0243,FAILED
T00005244,M0053,C1419,2026-02-20 18:58:00,3439.63,netbanking,D0559,IP0515,SUCCESS
T00005245,M0400,C0658,2026-03-06 13:03:02,1542.14,UPI,D0567,IP0387,SUCCESS
T00005246,M0229,C1428,2026-01-12 16:31:15,8956.31,UPI,D0283,IP0254,SUCCESS
T00005247,M0297,C0287,2026-03-20 13:06:23,1978.32,UPI,D0182,IP0429,SUCCESS
T00005248,M0259,C0473,2026-03-28 13:05:33,1684.61,UPI,D0717,IP0706,SUCCESS
T00005249,M0382,C0910,2026-03-29 15:39:01,3205.73,wallet,D0524,IP0230,SUCCESS
T00005250,M0355,C1415,2026-01-22 23:48:48,802.2,UPI,D0155,IP0006,SUCCESS
T00005251,M0380,C0944,2026-02-09 11:58:13,3246.73,card,D0692,IP0142,SUCCESS
T00005252,M0142,C0058,2026-01-01 23:30:21,10874.27,UPI,D0436,IP0672,REFUNDED
T00005253,M0349,C0295,2026-03-12 22:31:51,12594.7,card,D0748,IP0059,SUCCESS
T00005254,M0295,C0736,2026-01-28 16:58:39,3281.96,card,D0501,IP0675,SUCCESS
T00005255,M0054,C0570,2026-02-05 19:06:12,1159.85,card,D0197,IP0378,SUCCESS
T00005256,M0036,C0113,2026-02-24 15:20:38,5332.53,card,D0604,IP0055,SUCCESS
T00005257,M0321,C0520,2026-01-19 19:08:54,1240.48,netbanking,D0741,IP0519,SUCCESS
T00005258,M0324,C0366,2026-02-02 23:09:53,1672.54,UPI,D0084,IP0340,REFUNDED
T00005259,M0410,C0344,2026-01-02 20:31:21,3444.28,UPI,D0547,IP0471,SUCCESS
T00005260,M0405,C0317,2026-02-23 17:21:35,1367.55,UPI,D0268,IP0456,SUCCESS
T00005261,M0256,C0998,2026-01-17 16:16:57,1391.75,UPI,D0243,IP0574,FAILED
T00005262,M0242,C0651,2026-02-19 14:06:47,4822.35,netbanking,D0467,IP0537,SUCCESS
T00005263,M0216,C1177,2026-03-19 13:32:11,2504.16,card,D0351,IP0416,SUCCESS
T00005264,M0480,C0855,2026-01-27 07:32:51,994.48,card,D0450,IP0286,SUCCESS
T00005265,M0375,C0495,2026-01-08 15:35:31,410.27,wallet,D0011,IP0463,SUCCESS
T00005266,M0203,C1330,2026-01-16 23:32:27,2710.39,wallet,D0006,IP0076,SUCCESS
T00005267,M0380,C0041,2026-01-09 14:40:44,10008.01,netbanking,D0655,IP0182,SUCCESS
T00005268,M0302,C0012,2026-03-25 13:53:11,673.22,card,D0006,IP0669,SUCCESS
T00005269,M0317,C0698,2026-01-17 10:43:24,1447.15,UPI,D0364,IP0566,REFUNDED
T00005270,M0471,C1135,2026-03-14 13:14:58,154.92,UPI,D0738,IP0507,SUCCESS
T00005271,M0335,C0134,2026-02-14 14:19:42,616.87,card,D0522,IP0269,SUCCESS
T00005272,M0466,C0336,2026-03-25 17:49:32,2787.91,card,D0061,IP0726,SUCCESS
T00005273,M0297,C0947,2026-02-04 15:50:34,5708.91,UPI,D0575,IP0148,SUCCESS
T00005274,M0405,C0516,2026-01-15 18:16:53,675.62,UPI,D0492,IP0155,SUCCESS
T00005275,M0297,C0344,2026-03-10 11:11:48,4501.15,card,D0698,IP0509,SUCCESS
T00005276,M0307,C1038,2026-02-24 11:02:26,310.95,UPI,D0508,IP0118,SUCCESS
T00005277,M0244,C1275,2026-02-05 14:04:53,2918.43,UPI,D0461,IP0033,SUCCESS
T00005278,M0363,C0762,2026-03-27 12:24:08,2150.77,card,D0282,IP0277,SUCCESS
T00005279,M0048,C0396,2026-02-11 15:40:26,816.67,card,D0109,IP0176,SUCCESS
T00005280,M0370,C0127,2026-02-25 12:05:56,641.77,card,D0202,IP0013,SUCCESS
T00005281,M0296,C1397,2026-01-09 06:42:42,1644.07,card,D0740,IP0471,SUCCESS
T00005282,M0394,C0701,2026-01-19 13:09:25,1001.1,netbanking,D0621,IP0690,SUCCESS
T00005283,M0007,C0572,2026-01-17 10:17:10,13296.88,UPI,D0629,IP0605,SUCCESS
T00005284,M0169,C1145,2026-02-21 16:22:05,2631.68,UPI,D0516,IP0665,REFUNDED
T00005285,M0309,C0137,2026-02-25 14:55:30,1030.96,UPI,D0098,IP0076,SUCCESS
T00005286,M0261,C1353,2026-01-06 13:40:05,454.25,card,D0590,IP0178,SUCCESS
T00005287,M0077,C0137,2026-02-10 10:47:39,1093.98,card,D0578,IP0388,SUCCESS
T00005288,M0035,C0081,2026-02-07 18:08:54,986.7,wallet,D0676,IP0667,SUCCESS
T00005289,M0229,C0362,2026-01-29 23:06:39,4061.36,netbanking,D0248,IP0481,SUCCESS
T00005290,M0230,C1399,2026-02-25 13:07:48,1468.95,UPI,D0508,IP0105,SUCCESS
T00005291,M0214,C0290,2026-01-23 21:39:47,8430.54,card,D0338,IP0053,FAILED
T00005292,M0480,C0805,2026-01-14 09:17:16,608.26,UPI,D0695,IP0295,SUCCESS
T00005293,M0133,C0364,2026-01-11 17:48:23,11619.95,UPI,D0518,IP0486,SUCCESS
T00005294,M0384,C0210,2026-01-20 12:44:59,816.03,UPI,D0562,IP0078,SUCCESS
T00005295,M0121,C0759,2026-03-11 22:56:34,7277.05,netbanking,D0015,IP0490,SUCCESS
T00005296,M0026,C0727,2026-03-13 06:16:08,4962.42,card,D0507,IP0128,SUCCESS
T00005297,M0347,C0568,2026-03-20 13:32:42,8595.91,UPI,D0588,IP0063,SUCCESS
T00005298,M0434,C1496,2026-02-26 11:54:26,1899.96,card,D0684,IP0693,SUCCESS
T00005299,M0194,C1183,2026-01-18 18:01:05,1311.55,UPI,D0743,IP0135,SUCCESS
T00005300,M0303,C0595,2026-01-30 20:57:28,650.0,UPI,D0271,IP0456,SUCCESS
T00005301,M0352,C1443,2026-03-06 14:35:46,6369.56,UPI,D0179,IP0716,SUCCESS
T00005302,M0366,C1141,2026-03-03 19:45:30,765.31,UPI,D0748,IP0637,FAILED
T00005303,M0333,C0203,2026-01-07 21:12:03,7501.22,card,D0252,IP0576,SUCCESS
T00005304,M0458,C1282,2026-01-15 23:26:57,1752.0,wallet,D0331,IP0435,SUCCESS
T00005305,M0122,C1167,2026-03-27 19:49:57,2882.91,netbanking,D0436,IP0680,SUCCESS
T00005306,M0402,C0010,2026-01-22 23:51:28,2058.39,netbanking,D0424,IP0568,SUCCESS
T00005307,M0480,C1468,2026-02-28 12:52:04,414.75,UPI,D0695,IP0311,SUCCESS
T00005308,M0203,C0362,2026-03-04 18:29:48,1632.35,UPI,D0173,IP0126,SUCCESS
T00005309,M0410,C1126,2026-03-31 09:58:25,3360.77,UPI,D0525,IP0471,SUCCESS
T00005310,M0339,C0050,2026-02-14 12:20:57,334.74,card,D0518,IP0355,SUCCESS
T00005311,M0163,C0018,2026-01-16 06:44:48,3973.0,card,D0735,IP0325,SUCCESS
T00005312,M0229,C0229,2026-02-20 18:20:37,5080.1,card,D0248,IP0481,SUCCESS
T00005313,M0449,C0456,2026-01-09 13:27:47,349.32,netbanking,D0341,IP0275,SUCCESS
T00005314,M0274,C1448,2026-03-27 23:48:42,1726.86,UPI,D0731,IP0746,FAILED
T00005315,M0169,C0928,2026-01-20 13:19:05,1279.85,UPI,D0642,IP0665,SUCCESS
T00005316,M0496,C1082,2026-02-15 17:48:28,566.69,netbanking,D0603,IP0104,FAILED
T00005317,M0173,C1404,2026-01-12 19:40:10,1439.05,card,D0391,IP0712,SUCCESS
T00005318,M0026,C0915,2026-03-07 18:06:26,8768.55,netbanking,D0151,IP0704,SUCCESS
T00005319,M0129,C0588,2026-03-13 08:15:00,686.67,UPI,D0256,IP0610,SUCCESS
T00005320,M0487,C1298,2026-01-10 18:11:15,176.81,UPI,D0283,IP0422,SUCCESS
T00005321,M0176,C0099,2026-01-15 16:42:48,2430.33,card,D0541,IP0462,SUCCESS
T00005322,M0444,C1189,2026-02-24 09:15:59,6276.37,netbanking,D0049,IP0078,SUCCESS
T00005323,M0446,C0652,2026-01-02 14:58:54,2105.32,card,D0547,IP0618,SUCCESS
T00005324,M0013,C0842,2026-01-06 16:00:16,1672.3,card,D0444,IP0416,SUCCESS
T00005325,M0401,C1241,2026-01-31 17:31:23,1478.64,UPI,D0649,IP0165,SUCCESS
T00005326,M0303,C0669,2026-01-22 19:19:00,1958.45,wallet,D0552,IP0467,SUCCESS
T00005327,M0347,C1072,2026-03-16 16:17:18,1039.78,UPI,D0588,IP0225,SUCCESS
T00005328,M0248,C1276,2026-01-23 10:07:43,281.82,UPI,D0369,IP0407,SUCCESS
T00005329,M0093,C1346,2026-03-07 15:13:11,470.92,UPI,D0403,IP0204,FAILED
T00005330,M0104,C1266,2026-03-03 16:04:49,3071.8,UPI,D0739,IP0298,SUCCESS
T00005331,M0015,C1013,2026-01-15 15:31:45,681.22,wallet,D0399,IP0273,FAILED
T00005332,M0151,C0778,2026-03-03 16:42:33,1236.16,netbanking,D0708,IP0280,SUCCESS
T00005333,M0363,C0199,2026-03-21 18:16:21,1426.22,UPI,D0423,IP0024,SUCCESS
T00005334,M0165,C0239,2026-01-29 23:44:21,706.12,UPI,D0189,IP0377,SUCCESS
T00005335,M0214,C0430,2026-03-23 17:29:02,4754.41,card,D0540,IP0053,SUCCESS
T00005336,M0326,C0630,2026-02-25 10:24:41,1489.21,card,D0032,IP0694,SUCCESS
T00005337,M0354,C1000,2026-03-25 22:14:25,13979.4,wallet,D0118,IP0004,SUCCESS
T00005338,M0444,C1216,2026-01-05 12:42:25,1388.89,card,D0687,IP0078,SUCCESS
T00005339,M0206,C0264,2026-01-30 16:05:21,5796.32,card,D0098,IP0057,SUCCESS
T00005340,M0397,C0146,2026-03-05 22:06:41,2146.46,UPI,D0240,IP0425,REFUNDED
T00005341,M0203,C0715,2026-01-11 21:26:04,226.49,UPI,D0006,IP0116,SUCCESS
T00005342,M0382,C0477,2026-02-15 14:32:01,4483.84,UPI,D0524,IP0325,SUCCESS
T00005343,M0478,C0481,2026-03-26 15:40:05,9048.74,card,D0467,IP0101,SUCCESS
T00005344,M0196,C1268,2026-02-10 16:58:44,4630.22,card,D0478,IP0505,SUCCESS
T00005345,M0286,C0352,2026-03-07 09:29:16,399.53,wallet,D0637,IP0637,SUCCESS
T00005346,M0147,C0633,2026-03-18 09:19:15,998.28,UPI,D0689,IP0245,SUCCESS
T00005347,M0296,C0098,2026-03-13 16:20:52,1752.45,UPI,D0384,IP0471,SUCCESS
T00005348,M0291,C1258,2026-01-26 13:38:03,844.89,netbanking,D0712,IP0518,SUCCESS
T00005349,M0424,C0622,2026-01-03 15:21:04,774.19,netbanking,D0463,IP0263,SUCCESS
T00005350,M0410,C1430,2026-02-10 17:02:37,9384.28,UPI,D0525,IP0720,SUCCESS
T00005351,M0229,C0938,2026-02-19 20:57:00,14039.59,wallet,D0225,IP0379,SUCCESS
T00005352,M0118,C1146,2026-01-26 13:32:35,1500.62,UPI,D0104,IP0495,SUCCESS
T00005353,M0147,C0546,2026-02-19 13:35:00,1425.45,card,D0489,IP0245,SUCCESS
T00005354,M0288,C0001,2026-02-10 13:30:29,899.64,UPI,D0356,IP0561,SUCCESS
T00005355,M0487,C1022,2026-03-10 22:14:29,170.67,wallet,D0405,IP0358,SUCCESS
T00005356,M0370,C1104,2026-01-23 03:10:46,12043.35,card,D0166,IP0625,SUCCESS
T00005357,M0157,C0980,2026-03-01 17:24:24,649.49,netbanking,D0552,IP0697,SUCCESS
T00005358,M0493,C0792,2026-01-08 04:39:43,2898.48,card,D0296,IP0428,SUCCESS
T00005359,M0430,C1460,2026-03-08 19:41:22,2704.19,UPI,D0127,IP0143,SUCCESS
T00005360,M0249,C1076,2026-02-11 15:54:51,325.85,wallet,D0294,IP0187,SUCCESS
T00005361,M0370,C1104,2026-03-14 15:57:30,1228.06,UPI,D0548,IP0013,SUCCESS
T00005362,M0083,C0398,2026-03-08 14:11:36,1293.83,card,D0593,IP0163,SUCCESS
T00005363,M0491,C1113,2026-03-29 23:00:01,1293.46,card,D0141,IP0723,SUCCESS
T00005364,M0113,C0584,2026-03-08 07:11:04,1248.91,UPI,D0296,IP0652,SUCCESS
T00005365,M0442,C0625,2026-01-10 11:35:45,387.96,card,D0163,IP0110,SUCCESS
T00005366,M0269,C0531,2026-01-13 09:00:05,244.05,UPI,D0207,IP0203,FAILED
T00005367,M0403,C0421,2026-01-07 16:25:16,1980.68,UPI,D0302,IP0325,SUCCESS
T00005368,M0191,C1140,2026-03-12 17:23:15,1021.41,UPI,D0631,IP0575,SUCCESS
T00005369,M0289,C0930,2026-03-24 13:20:57,452.84,UPI,D0289,IP0062,SUCCESS
T00005370,M0328,C1016,2026-02-25 15:02:10,1946.87,wallet,D0390,IP0359,SUCCESS
T00005371,M0229,C1450,2026-03-01 22:54:14,16771.3,card,D0248,IP0579,SUCCESS
T00005372,M0263,C0366,2026-03-24 16:06:15,1594.38,UPI,D0255,IP0629,SUCCESS
T00005373,M0487,C0057,2026-02-10 23:51:06,136.1,UPI,D0570,IP0632,REFUNDED
T00005374,M0254,C1187,2026-01-26 12:54:57,2379.7,wallet,D0403,IP0660,REFUNDED
T00005375,M0113,C0054,2026-01-26 19:53:34,753.49,UPI,D0182,IP0684,SUCCESS
T00005376,M0277,C0198,2026-03-18 13:23:54,1032.52,UPI,D0708,IP0677,SUCCESS
T00005377,M0466,C0623,2026-03-19 18:17:05,2567.09,netbanking,D0466,IP0251,SUCCESS
T00005378,M0147,C0657,2026-01-11 16:22:50,5169.71,UPI,D0489,IP0245,SUCCESS
T00005379,M0174,C0291,2026-02-04 14:03:53,3381.25,UPI,D0328,IP0030,SUCCESS
T00005380,M0159,C1192,2026-02-04 16:25:34,3207.22,card,D0247,IP0123,SUCCESS
T00005381,M0211,C1030,2026-03-25 20:48:18,1824.8,card,D0480,IP0263,SUCCESS
T00005382,M0267,C0395,2026-03-04 11:32:48,719.33,card,D0225,IP0197,SUCCESS
T00005383,M0196,C1216,2026-03-01 08:20:36,2889.08,netbanking,D0696,IP0511,SUCCESS
T00005384,M0125,C0495,2026-01-21 08:26:23,2313.62,netbanking,D0266,IP0149,SUCCESS
T00005385,M0201,C0673,2026-03-12 18:12:43,2268.87,UPI,D0263,IP0103,SUCCESS
T00005386,M0229,C1039,2026-03-19 23:02:56,3939.37,card,D0328,IP0301,FAILED
T00005387,M0279,C1231,2026-03-23 16:20:34,2184.63,wallet,D0370,IP0019,SUCCESS
T00005388,M0363,C0332,2026-03-26 13:23:50,699.86,UPI,D0471,IP0029,SUCCESS
T00005389,M0401,C0572,2026-02-24 18:56:48,1899.12,wallet,D0580,IP0016,SUCCESS
T00005390,M0425,C1332,2026-01-06 18:24:55,3201.23,card,D0261,IP0312,SUCCESS
T00005391,M0147,C0657,2026-03-23 12:55:14,1077.81,UPI,D0689,IP0245,SUCCESS
T00005392,M0340,C0376,2026-02-09 10:02:18,334.0,card,D0270,IP0700,SUCCESS
T00005393,M0123,C0311,2026-01-22 11:10:57,347.72,netbanking,D0406,IP0216,SUCCESS
T00005394,M0345,C1394,2026-02-21 17:13:56,5814.8,netbanking,D0715,IP0408,SUCCESS
T00005395,M0474,C1078,2026-02-10 14:35:06,494.7,UPI,D0235,IP0163,SUCCESS
T00005396,M0446,C1028,2026-03-25 12:22:55,675.05,card,D0423,IP0552,SUCCESS
T00005397,M0336,C0741,2026-03-05 19:05:00,6263.41,wallet,D0458,IP0314,SUCCESS
T00005398,M0165,C0254,2026-03-10 23:07:43,1541.45,UPI,D0121,IP0165,SUCCESS
T00005399,M0104,C1426,2026-01-07 20:09:38,875.55,card,D0517,IP0188,SUCCESS
T00005400,M0252,C0779,2026-01-17 14:07:08,1666.91,card,D0389,IP0592,SUCCESS
T00005401,M0226,C1097,2026-01-04 10:11:19,2573.95,card,D0471,IP0222,SUCCESS
T00005402,M0366,C1294,2026-03-06 11:07:01,570.38,UPI,D0204,IP0127,SUCCESS
T00005403,M0076,C0407,2026-01-29 15:40:52,405.28,UPI,D0397,IP0249,SUCCESS
T00005404,M0028,C0094,2026-03-02 16:46:11,2754.82,wallet,D0555,IP0091,SUCCESS
T00005405,M0394,C1452,2026-03-18 14:51:08,5121.1,card,D0319,IP0554,SUCCESS
T00005406,M0331,C0284,2026-01-08 14:07:08,6243.36,netbanking,D0306,IP0145,REFUNDED
T00005407,M0204,C1297,2026-03-13 09:51:02,4144.24,UPI,D0273,IP0465,SUCCESS
T00005408,M0402,C1265,2026-01-31 13:51:42,908.88,card,D0424,IP0511,SUCCESS
T00005409,M0249,C0616,2026-02-19 05:14:55,225.83,card,D0004,IP0241,SUCCESS
T00005410,M0416,C0059,2026-03-09 12:00:35,2862.84,netbanking,D0320,IP0527,SUCCESS
T00005411,M0431,C0799,2026-03-08 16:38:55,2378.69,UPI,D0046,IP0088,SUCCESS
T00005412,M0403,C0374,2026-03-30 11:30:11,2217.77,UPI,D0456,IP0239,SUCCESS
T00005413,M0478,C1375,2026-02-10 18:35:37,1767.63,netbanking,D0274,IP0101,SUCCESS
T00005414,M0052,C0999,2026-01-31 17:20:47,739.06,netbanking,D0540,IP0709,SUCCESS
T00005415,M0096,C0919,2026-01-18 18:13:48,4495.35,UPI,D0705,IP0326,SUCCESS
T00005416,M0416,C0593,2026-03-03 23:54:49,3040.16,wallet,D0672,IP0602,SUCCESS
T00005417,M0397,C0676,2026-01-06 19:03:29,2144.57,wallet,D0440,IP0071,SUCCESS
T00005418,M0239,C1254,2026-02-09 12:27:43,966.99,UPI,D0716,IP0335,SUCCESS
T00005419,M0297,C1083,2026-02-27 21:43:27,1396.57,netbanking,D0326,IP0571,SUCCESS
T00005420,M0132,C1460,2026-02-14 21:31:29,7842.83,UPI,D0241,IP0599,SUCCESS
T00005421,M0201,C1210,2026-02-14 09:03:05,893.9,netbanking,D0484,IP0103,SUCCESS
T00005422,M0058,C0809,2026-03-01 13:06:01,201.04,UPI,D0275,IP0040,SUCCESS
T00005423,M0015,C0715,2026-02-03 23:44:14,1319.15,UPI,D0470,IP0111,SUCCESS
T00005424,M0364,C1036,2026-02-24 15:25:07,2085.54,UPI,D0401,IP0151,SUCCESS
T00005425,M0328,C1235,2026-01-20 16:46:55,1020.37,UPI,D0332,IP0134,SUCCESS
T00005426,M0380,C0591,2026-03-11 21:50:03,721.23,wallet,D0450,IP0007,SUCCESS
T00005427,M0216,C0723,2026-03-24 11:26:52,1067.15,UPI,D0688,IP0416,FAILED
T00005428,M0424,C0561,2026-03-31 11:11:32,1927.86,card,D0442,IP0263,SUCCESS
T00005429,M0214,C0430,2026-02-11 17:47:39,2990.32,UPI,D0540,IP0053,SUCCESS
T00005430,M0176,C0607,2026-02-15 15:11:21,586.82,card,D0608,IP0559,FAILED
T00005431,M0330,C1335,2026-03-03 22:53:32,1326.65,card,D0100,IP0453,REFUNDED
T00005432,M0303,C0595,2026-01-05 20:12:18,722.21,UPI,D0181,IP0222,FAILED
T00005433,M0391,C0519,2026-01-07 23:41:07,6130.25,card,D0285,IP0624,SUCCESS
T00005434,M0258,C0386,2026-01-19 06:06:23,254.7,wallet,D0673,IP0334,SUCCESS
T00005435,M0480,C0304,2026-01-25 06:20:59,576.21,wallet,D0450,IP0203,FAILED
T00005436,M0279,C0130,2026-02-23 16:13:18,3217.72,card,D0263,IP0147,SUCCESS
T00005437,M0012,C0985,2026-01-03 12:17:04,702.89,card,D0492,IP0526,SUCCESS
T00005438,M0319,C1253,2026-02-05 20:37:39,1485.92,card,D0613,IP0212,SUCCESS
T00005439,M0405,C0549,2026-03-04 14:21:20,941.8,netbanking,D0268,IP0734,SUCCESS
T00005440,M0287,C0863,2026-01-25 18:20:48,1425.77,card,D0351,IP0423,SUCCESS
T00005441,M0176,C0860,2026-03-19 12:35:23,367.03,wallet,D0198,IP0282,FAILED
T00005442,M0303,C0988,2026-03-09 13:53:38,220.98,UPI,D0708,IP0605,SUCCESS
T00005443,M0367,C0582,2026-01-29 22:17:50,36323.13,UPI,D0372,IP0497,SUCCESS
T00005444,M0347,C0568,2026-03-31 05:47:36,323.28,card,D0154,IP0295,SUCCESS
T00005445,M0229,C0914,2026-02-21 22:39:09,11555.03,card,D0395,IP0481,SUCCESS
T00005446,M0216,C0198,2026-01-08 23:13:47,1972.86,netbanking,D0295,IP0622,SUCCESS
T00005447,M0424,C0046,2026-01-27 11:53:07,645.97,UPI,D0442,IP0125,SUCCESS
T00005448,M0151,C0677,2026-02-11 19:54:17,2456.86,UPI,D0034,IP0562,SUCCESS
T00005449,M0216,C1346,2026-02-28 08:46:59,12699.78,UPI,D0688,IP0679,SUCCESS
T00005450,M0364,C0900,2026-01-22 16:12:00,433.36,UPI,D0595,IP0151,SUCCESS
T00005451,M0229,C0027,2026-02-23 23:52:36,6295.52,card,D0283,IP0327,SUCCESS
T00005452,M0224,C1464,2026-01-29 16:07:16,2367.73,netbanking,D0141,IP0327,SUCCESS
T00005453,M0093,C1483,2026-01-01 22:08:59,1594.93,card,D0403,IP0302,FAILED
T00005454,M0289,C1110,2026-02-05 16:22:17,607.79,UPI,D0272,IP0062,SUCCESS
T00005455,M0492,C0241,2026-02-18 13:55:44,1063.86,card,D0038,IP0711,SUCCESS
T00005456,M0443,C0554,2026-01-14 16:28:22,9534.0,UPI,D0148,IP0011,SUCCESS
T00005457,M0410,C1139,2026-03-04 13:14:29,1752.54,card,D0547,IP0034,SUCCESS
T00005458,M0276,C1016,2026-02-27 08:09:07,329.24,card,D0047,IP0724,FAILED
T00005459,M0424,C0267,2026-01-17 23:29:34,996.71,UPI,D0189,IP0250,SUCCESS
T00005460,M0470,C0898,2026-03-31 15:32:56,1237.18,UPI,D0109,IP0211,SUCCESS
T00005461,M0141,C1234,2026-03-08 14:50:58,2050.78,UPI,D0644,IP0108,SUCCESS
T00005462,M0286,C0790,2026-03-22 06:27:17,211.79,wallet,D0091,IP0674,SUCCESS
T00005463,M0443,C0664,2026-02-28 16:52:20,1234.43,UPI,D0682,IP0393,SUCCESS
T00005464,M0424,C0317,2026-03-17 18:06:22,6869.24,UPI,D0442,IP0502,SUCCESS
T00005465,M0450,C0386,2026-02-05 23:18:53,7860.31,card,D0282,IP0734,SUCCESS
T00005466,M0487,C0198,2026-03-21 16:32:12,680.21,UPI,D0367,IP0358,SUCCESS
T00005467,M0167,C0161,2026-03-04 17:13:53,1417.1,UPI,D0208,IP0680,REFUNDED
T00005468,M0325,C1334,2026-01-22 20:59:48,11112.69,card,D0615,IP0614,SUCCESS
T00005469,M0113,C1170,2026-03-29 16:23:22,1069.93,UPI,D0506,IP0635,SUCCESS
T00005470,M0297,C1380,2026-01-15 14:44:34,553.77,netbanking,D0106,IP0450,FAILED
T00005471,M0053,C0913,2026-02-17 21:37:09,7631.22,wallet,D0740,IP0515,SUCCESS
T00005472,M0233,C0952,2026-03-25 12:40:25,822.88,card,D0397,IP0530,FAILED
T00005473,M0295,C1493,2026-01-03 16:13:15,3266.3,card,D0501,IP0275,SUCCESS
T00005474,M0379,C0631,2026-03-31 13:58:17,861.4,wallet,D0631,IP0448,FAILED
T00005475,M0138,C1321,2026-03-07 12:01:52,772.18,UPI,D0189,IP0744,SUCCESS
T00005476,M0450,C0378,2026-03-26 11:47:23,13042.25,card,D0102,IP0197,SUCCESS
T00005477,M0015,C0354,2026-01-25 20:42:37,1519.24,wallet,D0016,IP0273,SUCCESS
T00005478,M0340,C1114,2026-03-22 11:57:20,1049.17,card,D0116,IP0474,SUCCESS
T00005479,M0470,C0500,2026-02-08 22:10:13,1057.64,wallet,D0050,IP0434,SUCCESS
T00005480,M0444,C0696,2026-01-05 10:46:45,5113.37,card,D0653,IP0075,SUCCESS
T00005481,M0297,C0627,2026-01-15 12:32:12,6370.11,card,D0408,IP0309,SUCCESS
T00005482,M0109,C1179,2026-01-22 21:37:23,419.93,card,D0144,IP0289,SUCCESS
T00005483,M0075,C1256,2026-03-23 13:41:32,380.8,wallet,D0197,IP0707,SUCCESS
T00005484,M0382,C0260,2026-03-02 23:36:47,1004.4,card,D0524,IP0230,SUCCESS
T00005485,M0093,C0160,2026-01-14 15:42:33,749.35,UPI,D0536,IP0302,SUCCESS
T00005486,M0040,C1419,2026-02-04 18:19:57,1775.65,card,D0704,IP0435,SUCCESS
T00005487,M0254,C0447,2026-02-26 19:26:57,2824.91,UPI,D0631,IP0394,SUCCESS
T00005488,M0124,C0326,2026-03-28 17:39:09,378.9,netbanking,D0615,IP0634,FAILED
T00005489,M0424,C1058,2026-03-05 19:44:56,510.73,UPI,D0436,IP0263,SUCCESS
T00005490,M0302,C0554,2026-02-20 05:40:37,789.05,card,D0608,IP0206,SUCCESS
T00005491,M0442,C1375,2026-01-12 15:17:16,536.37,card,D0486,IP0367,SUCCESS
T00005492,M0218,C1496,2026-02-21 17:12:12,877.65,UPI,D0619,IP0617,SUCCESS
T00005493,M0475,C1401,2026-01-10 12:31:01,2062.45,card,D0355,IP0599,SUCCESS
T00005494,M0487,C0140,2026-02-16 21:12:50,997.42,card,D0415,IP0019,SUCCESS
T00005495,M0303,C0166,2026-01-28 16:53:59,101.11,UPI,D0660,IP0092,SUCCESS
T00005496,M0125,C0879,2026-03-01 10:54:47,386.96,UPI,D0510,IP0128,SUCCESS
T00005497,M0035,C0547,2026-03-14 23:40:53,536.26,UPI,D0676,IP0667,SUCCESS
T00005498,M0471,C1460,2026-02-20 05:32:41,434.36,UPI,D0085,IP0263,SUCCESS
T00005499,M0289,C0675,2026-03-10 17:58:26,493.7,card,D0132,IP0707,SUCCESS
T00005500,M0131,C1011,2026-02-27 17:08:53,3709.72,card,D0147,IP0646,SUCCESS
T00005501,M0214,C1307,2026-03-28 13:18:14,2312.4,card,D0655,IP0053,SUCCESS
T00005502,M0478,C0902,2026-03-27 23:05:52,5524.84,card,D0391,IP0692,SUCCESS
T00005503,M0487,C0860,2026-03-16 18:58:14,1690.96,wallet,D0287,IP0224,SUCCESS
T00005504,M0133,C1145,2026-01-30 23:35:01,5417.33,card,D0456,IP0486,SUCCESS
T00005505,M0289,C0295,2026-03-01 18:50:49,900.1,wallet,D0093,IP0703,REFUNDED
T00005506,M0424,C0267,2026-01-24 11:53:27,602.32,UPI,D0189,IP0034,SUCCESS
T00005507,M0391,C1079,2026-02-24 22:36:44,19139.62,UPI,D0203,IP0005,SUCCESS
T00005508,M0363,C0215,2026-03-15 15:17:21,1879.7,UPI,D0282,IP0319,SUCCESS
T00005509,M0426,C0284,2026-03-15 18:30:59,3466.61,UPI,D0112,IP0221,SUCCESS
T00005510,M0424,C1046,2026-02-19 13:44:23,1271.4,UPI,D0471,IP0125,SUCCESS
T00005511,M0333,C0196,2026-03-26 16:56:00,1554.91,card,D0155,IP0576,SUCCESS
T00005512,M0281,C1062,2026-03-19 18:06:04,600.4,UPI,D0001,IP0290,SUCCESS
T00005513,M0424,C0013,2026-02-27 17:11:04,932.93,card,D0189,IP0263,SUCCESS
T00005514,M0405,C1164,2026-02-02 16:49:29,2508.39,card,D0164,IP0557,SUCCESS
T00005515,M0129,C1256,2026-03-26 15:03:31,376.1,UPI,D0256,IP0372,SUCCESS
T00005516,M0289,C0842,2026-03-13 23:26:21,543.38,UPI,D0688,IP0062,SUCCESS
T00005517,M0328,C0360,2026-01-01 23:28:33,341.38,netbanking,D0698,IP0739,SUCCESS
T00005518,M0487,C0671,2026-03-30 10:02:21,235.1,UPI,D0367,IP0109,SUCCESS
T00005519,M0271,C0477,2026-01-30 20:18:35,1110.87,UPI,D0221,IP0248,SUCCESS
T00005520,M0159,C0711,2026-02-28 23:59:30,3472.74,card,D0112,IP0723,SUCCESS
T00005521,M0129,C0136,2026-02-16 18:54:04,1134.88,card,D0469,IP0094,SUCCESS
T00005522,M0478,C0347,2026-01-29 14:00:35,12873.14,netbanking,D0722,IP0286,SUCCESS
T00005523,M0303,C1134,2026-03-24 19:33:28,1119.12,wallet,D0708,IP0456,SUCCESS
T00005524,M0147,C0156,2026-02-11 11:27:08,1791.97,UPI,D0689,IP0511,SUCCESS
T00005525,M0235,C0898,2026-02-19 12:08:47,4168.99,netbanking,D0017,IP0039,SUCCESS
T00005526,M0015,C0413,2026-01-07 14:07:55,462.41,wallet,D0016,IP0273,SUCCESS
T00005527,M0001,C0609,2026-01-18 12:34:41,3421.05,card,D0082,IP0339,SUCCESS
T00005528,M0203,C0083,2026-02-15 20:13:42,1197.26,card,D0042,IP0263,FAILED
T00005529,M0382,C0280,2026-01-09 15:19:07,3024.92,UPI,D0504,IP0246,SUCCESS
T00005530,M0400,C0348,2026-02-07 22:49:46,931.19,UPI,D0355,IP0198,SUCCESS
T00005531,M0003,C1072,2026-03-13 21:12:43,741.37,card,D0042,IP0481,SUCCESS
T00005532,M0370,C0754,2026-02-28 19:16:18,359.17,netbanking,D0022,IP0013,SUCCESS
T00005533,M0405,C0401,2026-02-08 12:32:34,2812.11,UPI,D0268,IP0464,SUCCESS
T00005534,M0142,C0323,2026-03-31 22:09:34,490.23,wallet,D0009,IP0469,SUCCESS
T00005535,M0113,C0945,2026-01-24 19:04:40,3587.5,card,D0558,IP0635,FAILED
T00005536,M0381,C1057,2026-03-11 21:06:34,1558.34,card,D0501,IP0571,SUCCESS
T00005537,M0311,C0058,2026-01-25 18:32:10,505.53,wallet,D0561,IP0203,SUCCESS
T00005538,M0224,C0876,2026-01-27 12:45:00,1792.14,UPI,D0141,IP0196,SUCCESS
T00005539,M0319,C0214,2026-03-06 13:49:21,1252.75,wallet,D0613,IP0336,SUCCESS
T00005540,M0424,C0208,2026-01-20 20:03:51,2307.99,UPI,D0471,IP0735,SUCCESS
T00005541,M0075,C0649,2026-03-03 13:27:07,874.24,netbanking,D0301,IP0688,SUCCESS
T00005542,M0289,C1144,2026-03-19 19:46:52,1215.33,UPI,D0189,IP0062,SUCCESS
T00005543,M0165,C0913,2026-03-03 17:44:40,1048.95,UPI,D0554,IP0165,REFUNDED
T00005544,M0165,C0239,2026-01-23 14:53:55,350.29,UPI,D0587,IP0377,SUCCESS
T00005545,M0410,C0386,2026-01-16 15:18:40,3955.73,UPI,D0552,IP0720,SUCCESS
T00005546,M0359,C1440,2026-01-26 16:30:49,760.19,UPI,D0740,IP0230,SUCCESS
T00005547,M0452,C0613,2026-03-09 14:03:29,543.3,card,D0171,IP0676,SUCCESS
T00005548,M0210,C0452,2026-01-16 22:14:50,1205.95,UPI,D0643,IP0111,FAILED
T00005549,M0289,C1229,2026-01-02 19:27:50,228.88,card,D0093,IP0390,SUCCESS
T00005550,M0111,C0806,2026-02-02 16:30:45,1044.7,card,D0258,IP0275,SUCCESS
T00005551,M0442,C0217,2026-01-27 15:24:15,2434.31,card,D0486,IP0367,SUCCESS
T00005552,M0343,C0385,2026-03-20 10:42:24,2784.7,netbanking,D0233,IP0715,SUCCESS
T00005553,M0470,C1057,2026-02-10 19:42:30,235.92,wallet,D0109,IP0211,SUCCESS
T00005554,M0353,C1220,2026-01-21 20:47:14,1494.42,UPI,D0551,IP0288,SUCCESS
T00005555,M0101,C0964,2026-02-12 13:51:53,3796.94,card,D0202,IP0090,SUCCESS
T00005556,M0305,C0515,2026-03-05 13:49:42,1437.51,UPI,D0269,IP0129,SUCCESS
T00005557,M0480,C0544,2026-03-25 10:31:54,483.5,UPI,D0695,IP0286,SUCCESS
T00005558,M0113,C0972,2026-02-20 06:45:03,1452.58,UPI,D0296,IP0055,SUCCESS
T00005559,M0190,C0445,2026-02-19 08:16:00,1791.29,UPI,D0304,IP0735,SUCCESS
T00005560,M0358,C0577,2026-01-18 22:13:35,4177.03,wallet,D0317,IP0620,SUCCESS
T00005561,M0312,C0830,2026-02-26 12:29:28,259.11,UPI,D0429,IP0053,SUCCESS
T00005562,M0122,C1180,2026-02-24 13:43:34,2657.56,UPI,D0436,IP0680,SUCCESS
T00005563,M0113,C1369,2026-03-02 06:15:17,2522.19,netbanking,D0403,IP0262,SUCCESS
T00005564,M0113,C1070,2026-03-20 14:52:13,2420.74,card,D0296,IP0262,SUCCESS
T00005565,M0297,C1015,2026-01-03 19:59:05,860.64,netbanking,D0286,IP0450,SUCCESS
T00005566,M0470,C0885,2026-02-28 18:32:27,925.14,UPI,D0482,IP0704,FAILED
T00005567,M0288,C0515,2026-03-08 05:07:14,713.09,UPI,D0045,IP0463,SUCCESS
T00005568,M0229,C0597,2026-02-10 23:06:26,6156.23,netbanking,D0248,IP0458,SUCCESS
T00005569,M0135,C1242,2026-02-04 20:16:24,8423.93,netbanking,D0662,IP0289,SUCCESS
T00005570,M0452,C0545,2026-03-08 17:14:03,1747.79,UPI,D0588,IP0057,SUCCESS
T00005571,M0491,C1014,2026-02-01 20:27:23,547.0,card,D0034,IP0185,SUCCESS
T00005572,M0382,C0006,2026-03-10 19:15:08,3112.19,card,D0144,IP0235,SUCCESS
T00005573,M0290,C1374,2026-02-09 19:42:35,611.66,UPI,D0143,IP0299,SUCCESS
T00005574,M0470,C1273,2026-01-08 16:23:45,922.64,UPI,D0718,IP0704,SUCCESS
T00005575,M0297,C0824,2026-03-18 17:32:37,370.04,UPI,D0286,IP0309,SUCCESS
T00005576,M0203,C0599,2026-01-02 17:53:37,436.89,card,D0210,IP0142,SUCCESS
T00005577,M0125,C0516,2026-01-09 07:56:46,1251.08,UPI,D0175,IP0149,SUCCESS
T00005578,M0103,C0557,2026-03-01 14:24:09,2814.02,card,D0450,IP0190,FAILED
T00005579,M0254,C0776,2026-01-22 19:17:19,1224.29,wallet,D0501,IP0709,SUCCESS
T00005580,M0217,C0430,2026-03-20 10:55:17,1380.81,card,D0506,IP0162,SUCCESS
T00005581,M0134,C0979,2026-02-27 03:18:25,616.6,UPI,D0550,IP0193,SUCCESS
T00005582,M0289,C1387,2026-02-26 21:51:14,1286.94,UPI,D0654,IP0611,SUCCESS
T00005583,M0396,C0429,2026-03-01 18:19:34,449.78,UPI,D0219,IP0488,REFUNDED
T00005584,M0340,C1028,2026-01-26 12:17:47,2883.36,UPI,D0303,IP0434,SUCCESS
T00005585,M0410,C1254,2026-02-02 13:10:25,1185.13,UPI,D0552,IP0471,SUCCESS
T00005586,M0424,C0357,2026-01-07 15:28:06,1575.49,UPI,D0256,IP0263,SUCCESS
T00005587,M0101,C1432,2026-03-29 19:53:43,9503.29,card,D0747,IP0235,SUCCESS
T00005588,M0492,C1107,2026-01-19 08:22:39,2112.94,netbanking,D0589,IP0366,SUCCESS
T00005589,M0113,C0976,2026-01-25 10:38:28,2295.58,card,D0296,IP0682,SUCCESS
T00005590,M0401,C0307,2026-02-14 22:23:45,669.47,card,D0142,IP0165,FAILED
T00005591,M0312,C0473,2026-03-30 09:28:20,206.41,card,D0551,IP0164,SUCCESS
T00005592,M0291,C1197,2026-03-18 08:55:32,1185.61,UPI,D0086,IP0473,SUCCESS
T00005593,M0464,C0949,2026-03-18 16:50:33,880.18,netbanking,D0046,IP0080,SUCCESS
T00005594,M0414,C1475,2026-02-10 11:52:06,425.24,netbanking,D0490,IP0019,SUCCESS
T00005595,M0038,C1100,2026-01-11 21:54:57,750.05,UPI,D0659,IP0287,SUCCESS
T00005596,M0348,C1483,2026-01-09 09:24:08,936.81,card,D0066,IP0710,SUCCESS
T00005597,M0286,C0772,2026-03-02 12:49:38,239.75,UPI,D0729,IP0460,SUCCESS
T00005598,M0229,C0151,2026-01-02 15:50:35,5032.74,card,D0395,IP0254,SUCCESS
T00005599,M0015,C1195,2026-03-14 22:58:48,880.27,UPI,D0110,IP0111,SUCCESS
T00005600,M0450,C0386,2026-03-27 23:51:18,5541.84,card,D0421,IP0425,SUCCESS
T00005601,M0189,C0286,2026-03-11 16:33:17,10221.22,card,D0540,IP0570,SUCCESS
T00005602,M0500,C1469,2026-03-23 17:26:44,306.42,UPI,D0473,IP0066,SUCCESS
T00005603,M0424,C0689,2026-02-10 16:58:51,631.47,netbanking,D0634,IP0263,SUCCESS
T00005604,M0424,C0447,2026-01-18 18:43:43,709.4,UPI,D0628,IP0626,SUCCESS
T00005605,M0328,C0472,2026-01-30 09:24:13,497.49,UPI,D0130,IP0141,SUCCESS
T00005606,M0427,C1297,2026-03-22 13:43:54,4285.59,card,D0222,IP0199,SUCCESS
T00005607,M0147,C1182,2026-02-20 14:26:51,1307.14,UPI,D0071,IP0245,SUCCESS
T00005608,M0328,C0913,2026-01-10 23:20:27,587.75,UPI,D0130,IP0141,SUCCESS
T00005609,M0323,C0499,2026-01-11 18:52:56,1640.94,card,D0003,IP0538,SUCCESS
T00005610,M0244,C1050,2026-02-13 19:24:00,1152.8,UPI,D0526,IP0256,SUCCESS
T00005611,M0309,C0215,2026-02-02 19:29:34,1473.81,wallet,D0727,IP0437,FAILED
T00005612,M0404,C0454,2026-03-09 15:25:41,871.47,UPI,D0422,IP0367,SUCCESS
T00005613,M0125,C0723,2026-01-15 14:02:00,489.4,UPI,D0273,IP0561,SUCCESS
T00005614,M0487,C0076,2026-02-02 10:04:40,539.22,UPI,D0570,IP0611,SUCCESS
T00005615,M0263,C1058,2026-01-16 13:01:29,1709.99,UPI,D0151,IP0210,SUCCESS
T00005616,M0378,C0935,2026-01-17 09:57:42,559.1,UPI,D0074,IP0488,SUCCESS
T00005617,M0466,C1199,2026-03-05 06:52:13,3504.95,netbanking,D0636,IP0554,SUCCESS
T00005618,M0487,C0322,2026-03-31 22:22:29,191.32,UPI,D0738,IP0019,SUCCESS
T00005619,M0325,C1085,2026-02-07 23:50:44,1186.59,wallet,D0492,IP0486,SUCCESS
T00005620,M0487,C0685,2026-01-14 15:59:45,1546.17,UPI,D0429,IP0358,SUCCESS
T00005621,M0317,C0026,2026-01-04 08:00:55,125.1,card,D0004,IP0051,SUCCESS
T00005622,M0147,C0498,2026-03-11 19:37:54,465.15,card,D0467,IP0082,SUCCESS
T00005623,M0303,C1234,2026-03-21 17:00:01,222.26,UPI,D0403,IP0092,SUCCESS
T00005624,M0085,C0994,2026-03-08 14:53:53,1082.67,card,D0673,IP0530,SUCCESS
T00005625,M0394,C0925,2026-03-19 15:08:05,3963.83,card,D0304,IP0554,SUCCESS
T00005626,M0142,C0255,2026-02-11 19:50:45,362.11,card,D0130,IP0469,SUCCESS
T00005627,M0229,C1484,2026-01-27 23:13:36,2150.32,UPI,D0451,IP0481,SUCCESS
T00005628,M0214,C0720,2026-01-22 16:28:47,943.61,UPI,D0714,IP0090,SUCCESS
T00005629,M0144,C0751,2026-03-07 20:05:13,6943.75,netbanking,D0659,IP0640,SUCCESS
T00005630,M0389,C1278,2026-03-09 13:50:22,396.41,netbanking,D0569,IP0693,FAILED
T00005631,M0181,C0846,2026-02-25 19:48:19,467.37,UPI,D0369,IP0064,SUCCESS
T00005632,M0480,C0461,2026-01-20 08:41:48,236.64,UPI,D0447,IP0311,SUCCESS
T00005633,M0004,C0118,2026-01-27 20:05:09,1143.75,card,D0354,IP0665,SUCCESS
T00005634,M0254,C1111,2026-03-03 09:57:26,950.45,UPI,D0592,IP0346,SUCCESS
T00005635,M0261,C1097,2026-02-12 14:41:33,780.83,wallet,D0243,IP0371,SUCCESS
T00005636,M0325,C0220,2026-01-25 20:00:05,2282.16,card,D0361,IP0486,SUCCESS
T00005637,M0087,C1206,2026-02-10 19:15:15,1243.1,netbanking,D0182,IP0163,SUCCESS
T00005638,M0444,C0838,2026-01-31 17:18:39,5770.04,wallet,D0653,IP0075,SUCCESS
T00005639,M0142,C1288,2026-02-04 23:51:26,606.87,wallet,D0301,IP0469,SUCCESS
T00005640,M0216,C1193,2026-01-30 19:32:52,1217.2,card,D0158,IP0416,SUCCESS
T00005641,M0306,C0529,2026-03-18 14:44:11,1611.52,UPI,D0443,IP0331,SUCCESS
T00005642,M0003,C1153,2026-02-19 12:59:57,1307.38,UPI,D0042,IP0164,SUCCESS
T00005643,M0347,C0602,2026-01-16 11:05:19,7977.76,UPI,D0296,IP0034,SUCCESS
T00005644,M0131,C0171,2026-02-11 17:37:12,4338.43,netbanking,D0376,IP0646,SUCCESS
T00005645,M0405,C0479,2026-03-11 22:42:37,906.37,UPI,D0164,IP0734,SUCCESS
T00005646,M0167,C0587,2026-02-06 15:57:56,3966.75,wallet,D0449,IP0415,SUCCESS
T00005647,M0331,C1295,2026-01-30 17:28:52,2220.6,UPI,D0552,IP0426,SUCCESS
T00005648,M0287,C0345,2026-02-18 17:57:02,1008.89,UPI,D0309,IP0155,SUCCESS
T00005649,M0450,C0062,2026-02-01 23:24:46,21420.73,card,D0242,IP0488,SUCCESS
T00005650,M0205,C0128,2026-03-12 16:19:49,4588.89,card,D0461,IP0309,FAILED
T00005651,M0288,C1462,2026-01-15 12:45:17,317.05,netbanking,D0207,IP0561,SUCCESS
T00005652,M0297,C0326,2026-01-08 16:32:44,2909.23,wallet,D0326,IP0440,SUCCESS
T00005653,M0077,C0955,2026-02-19 19:10:31,2689.13,card,D0175,IP0159,SUCCESS
T00005654,M0303,C0578,2026-01-18 08:39:39,529.34,UPI,D0552,IP0605,SUCCESS
T00005655,M0278,C0328,2026-03-14 14:31:35,840.46,UPI,D0024,IP0518,SUCCESS
T00005656,M0117,C0052,2026-02-09 16:51:36,5082.05,UPI,D0304,IP0535,SUCCESS
T00005657,M0347,C1305,2026-03-01 14:39:04,319.22,UPI,D0588,IP0225,SUCCESS
T00005658,M0289,C1120,2026-03-30 22:20:24,1307.0,UPI,D0654,IP0062,SUCCESS
T00005659,M0107,C0326,2026-03-17 23:19:40,628.53,UPI,D0568,IP0191,SUCCESS
T00005660,M0350,C1166,2026-03-01 22:23:51,937.04,UPI,D0646,IP0652,SUCCESS
T00005661,M0263,C0558,2026-02-06 17:30:29,779.03,UPI,D0168,IP0210,FAILED
T00005662,M0466,C0494,2026-02-13 14:14:08,885.06,card,D0061,IP0251,SUCCESS
T00005663,M0301,C0672,2026-02-09 12:46:37,771.09,netbanking,D0125,IP0503,SUCCESS
T00005664,M0146,C0511,2026-02-09 23:44:51,1970.96,card,D0530,IP0187,SUCCESS
T00005665,M0402,C0913,2026-01-24 17:35:18,1663.15,card,D0698,IP0022,SUCCESS
T00005666,M0236,C0999,2026-01-10 10:04:32,1228.64,UPI,D0101,IP0458,SUCCESS
T00005667,M0430,C0518,2026-01-07 23:36:21,2211.53,card,D0427,IP0678,REFUNDED
T00005668,M0254,C1152,2026-02-18 11:56:32,992.32,card,D0344,IP0394,SUCCESS
T00005669,M0136,C1200,2026-02-25 15:52:39,411.41,UPI,D0250,IP0545,SUCCESS
T00005670,M0286,C0032,2026-02-01 07:13:49,550.85,UPI,D0733,IP0674,SUCCESS
T00005671,M0076,C1310,2026-02-17 15:17:47,193.6,UPI,D0167,IP0303,SUCCESS
T00005672,M0224,C0709,2026-03-03 17:37:30,1235.79,card,D0107,IP0179,REFUNDED
T00005673,M0307,C0968,2026-03-14 12:36:25,348.7,UPI,D0388,IP0569,SUCCESS
T00005674,M0343,C0021,2026-03-03 17:49:07,963.72,UPI,D0233,IP0071,SUCCESS
T00005675,M0214,C1067,2026-01-04 14:13:58,7355.88,card,D0691,IP0090,SUCCESS
T00005676,M0113,C1243,2026-02-16 13:00:26,474.05,card,D0296,IP0635,SUCCESS
T00005677,M0184,C0148,2026-02-20 12:35:00,638.23,UPI,D0586,IP0684,SUCCESS
T00005678,M0289,C1260,2026-03-25 15:33:29,249.62,UPI,D0137,IP0401,REFUNDED
T00005679,M0303,C0411,2026-03-08 15:33:00,2547.48,UPI,D0708,IP0615,SUCCESS
T00005680,M0434,C1347,2026-03-11 04:00:24,1374.5,netbanking,D0143,IP0661,SUCCESS
T00005681,M0035,C1380,2026-02-18 16:51:16,2658.61,card,D0483,IP0079,REFUNDED
T00005682,M0299,C0423,2026-02-01 22:05:38,7585.79,card,D0652,IP0077,SUCCESS
T00005683,M0124,C0455,2026-02-27 10:18:36,1665.57,UPI,D0228,IP0131,SUCCESS
T00005684,M0450,C0062,2026-02-06 23:55:55,12270.67,card,D0282,IP0425,SUCCESS
T00005685,M0372,C0702,2026-02-15 12:13:57,4752.81,UPI,D0352,IP0263,SUCCESS
T00005686,M0159,C0445,2026-03-07 16:00:12,1695.46,netbanking,D0010,IP0046,SUCCESS
T00005687,M0321,C1019,2026-02-12 09:32:13,3629.19,netbanking,D0456,IP0112,SUCCESS
T00005688,M0444,C0559,2026-01-25 18:19:15,3902.41,card,D0049,IP0296,SUCCESS
T00005689,M0113,C0004,2026-03-12 20:45:44,2934.97,netbanking,D0403,IP0138,SUCCESS
T00005690,M0179,C0956,2026-01-19 13:51:30,3345.68,card,D0665,IP0375,SUCCESS
T00005691,M0271,C0153,2026-03-24 23:45:42,5425.91,UPI,D0265,IP0026,SUCCESS
T00005692,M0147,C0249,2026-02-28 16:18:38,568.45,wallet,D0489,IP0221,SUCCESS
T00005693,M0101,C0723,2026-01-26 14:16:42,1161.37,card,D0645,IP0334,SUCCESS
T00005694,M0128,C0332,2026-01-15 19:30:05,1988.59,card,D0627,IP0397,SUCCESS
T00005695,M0195,C0467,2026-01-02 17:33:07,1695.22,card,D0167,IP0140,SUCCESS
T00005696,M0405,C0142,2026-03-22 14:08:06,976.39,UPI,D0078,IP0138,SUCCESS
T00005697,M0491,C1139,2026-02-04 13:14:06,4259.73,card,D0052,IP0435,SUCCESS
T00005698,M0139,C0491,2026-01-25 18:56:59,12701.82,netbanking,D0588,IP0632,SUCCESS
T00005699,M0424,C0174,2026-01-05 18:55:10,1474.37,wallet,D0189,IP0263,SUCCESS
T00005700,M0252,C1114,2026-01-19 14:16:33,1835.94,UPI,D0309,IP0427,SUCCESS
T00005701,M0085,C0451,2026-01-19 13:01:24,1128.34,UPI,D0093,IP0508,SUCCESS
T00005702,M0330,C0920,2026-01-11 16:34:58,1391.41,UPI,D0645,IP0631,SUCCESS
T00005703,M0221,C0493,2026-01-02 14:53:13,7334.43,UPI,D0356,IP0533,SUCCESS
T00005704,M0176,C0827,2026-02-22 13:24:13,509.62,UPI,D0576,IP0559,SUCCESS
T00005705,M0211,C0842,2026-02-21 15:01:00,887.26,card,D0480,IP0249,SUCCESS
T00005706,M0289,C1260,2026-03-10 15:07:58,623.29,UPI,D0093,IP0484,SUCCESS
T00005707,M0286,C0163,2026-01-28 04:13:07,755.06,UPI,D0116,IP0674,SUCCESS
T00005708,M0224,C1058,2026-03-26 16:47:25,1617.88,netbanking,D0141,IP0327,SUCCESS
T00005709,M0076,C0045,2026-01-24 22:36:15,1329.71,UPI,D0527,IP0249,SUCCESS
T00005710,M0291,C0411,2026-03-30 14:44:45,1002.69,wallet,D0688,IP0458,SUCCESS
T00005711,M0461,C0322,2026-03-08 23:43:33,3667.62,card,D0742,IP0386,SUCCESS
T00005712,M0224,C0323,2026-01-22 13:54:32,4536.84,UPI,D0610,IP0494,SUCCESS
T00005713,M0302,C1458,2026-01-06 18:53:22,2063.46,wallet,D0676,IP0469,SUCCESS
T00005714,M0354,C1413,2026-02-27 23:04:19,4774.3,card,D0095,IP0309,SUCCESS
T00005715,M0241,C1083,2026-01-18 21:19:59,961.26,netbanking,D0525,IP0361,SUCCESS
T00005716,M0418,C0118,2026-03-05 10:00:33,2149.64,UPI,D0252,IP0685,FAILED
T00005717,M0015,C1445,2026-02-15 16:15:31,555.73,card,D0110,IP0288,SUCCESS
T00005718,M0085,C0889,2026-03-16 18:15:17,709.2,wallet,D0093,IP0288,SUCCESS
T00005719,M0015,C1114,2026-02-17 17:22:46,588.62,card,D0470,IP0111,SUCCESS
T00005720,M0480,C0420,2026-03-20 11:54:07,82.55,wallet,D0450,IP0574,SUCCESS
T00005721,M0075,C0351,2026-01-20 15:21:51,1017.04,UPI,D0403,IP0342,SUCCESS
T00005722,M0424,C0212,2026-02-03 13:25:28,1850.21,UPI,D0463,IP0263,SUCCESS
T00005723,M0075,C1366,2026-01-07 13:48:50,1840.39,wallet,D0615,IP0225,SUCCESS
T00005724,M0248,C0518,2026-01-20 12:33:51,338.89,UPI,D0623,IP0407,SUCCESS
T00005725,M0303,C0429,2026-02-09 20:03:18,585.53,UPI,D0181,IP0605,SUCCESS
T00005726,M0413,C1168,2026-02-03 12:06:25,517.59,UPI,D0270,IP0741,SUCCESS
T00005727,M0113,C0574,2026-03-15 09:25:59,1407.96,wallet,D0403,IP0635,SUCCESS
T00005728,M0359,C0058,2026-02-01 21:07:58,280.0,UPI,D0698,IP0457,SUCCESS
T00005729,M0444,C0632,2026-02-12 23:29:37,8298.53,UPI,D0653,IP0075,SUCCESS
T00005730,M0480,C0970,2026-02-24 18:13:10,1278.16,UPI,D0450,IP0295,SUCCESS
T00005731,M0491,C0241,2026-02-28 16:21:23,2688.52,card,D0498,IP0185,SUCCESS
T00005732,M0478,C0673,2026-03-15 23:21:49,6279.88,card,D0035,IP0257,SUCCESS
T00005733,M0203,C1013,2026-01-14 17:35:15,841.65,UPI,D0042,IP0031,REFUNDED
T00005734,M0129,C1454,2026-03-17 18:40:13,1834.47,UPI,D0075,IP0372,SUCCESS
T00005735,M0236,C0284,2026-03-19 09:48:13,2035.18,card,D0681,IP0275,SUCCESS
T00005736,M0137,C0078,2026-02-06 11:15:27,2497.21,wallet,D0522,IP0110,SUCCESS
T00005737,M0478,C0746,2026-01-28 20:03:42,12594.36,netbanking,D0293,IP0194,SUCCESS
T00005738,M0259,C1213,2026-01-11 16:58:26,388.65,wallet,D0593,IP0484,REFUNDED
T00005739,M0176,C0243,2026-01-03 11:11:40,946.67,card,D0281,IP0282,SUCCESS
T00005740,M0474,C0462,2026-01-05 14:34:19,669.49,netbanking,D0154,IP0446,SUCCESS
T00005741,M0170,C0769,2026-03-05 17:24:51,1519.65,card,D0663,IP0714,SUCCESS
T00005742,M0286,C0176,2026-03-28 02:19:16,328.13,UPI,D0068,IP0674,SUCCESS
T00005743,M0258,C0649,2026-02-06 13:42:49,1013.57,UPI,D0509,IP0287,SUCCESS
T00005744,M0432,C0707,2026-02-13 16:07:34,2051.48,netbanking,D0676,IP0165,SUCCESS
T00005745,M0276,C0864,2026-01-13 13:43:59,133.08,card,D0047,IP0710,SUCCESS
T00005746,M0204,C0276,2026-01-30 18:12:08,533.6,wallet,D0538,IP0726,SUCCESS
T00005747,M0092,C0276,2026-01-04 21:11:48,7685.26,card,D0649,IP0448,REFUNDED
T00005748,M0302,C1120,2026-02-17 17:46:37,510.19,UPI,D0726,IP0290,SUCCESS
T00005749,M0365,C1189,2026-01-09 09:22:06,2384.45,card,D0043,IP0175,SUCCESS
T00005750,M0147,C0717,2026-03-28 14:27:08,401.16,netbanking,D0695,IP0245,SUCCESS
T00005751,M0365,C1265,2026-02-20 12:16:25,2804.02,wallet,D0653,IP0228,SUCCESS
T00005752,M0260,C0929,2026-03-27 17:03:27,9716.21,netbanking,D0645,IP0178,SUCCESS
T00005753,M0026,C0052,2026-02-12 16:30:45,2768.74,UPI,D0027,IP0086,SUCCESS
T00005754,M0026,C0185,2026-01-12 09:10:41,914.93,card,D0537,IP0128,SUCCESS
T00005755,M0039,C0368,2026-02-24 17:33:32,15993.57,UPI,D0629,IP0210,SUCCESS
T00005756,M0229,C1053,2026-01-26 16:47:58,14796.21,netbanking,D0225,IP0664,SUCCESS
T00005757,M0424,C0215,2026-02-17 13:12:22,8112.93,UPI,D0436,IP0125,SUCCESS
T00005758,M0185,C0870,2026-01-01 14:51:15,18972.57,wallet,D0211,IP0031,SUCCESS
T00005759,M0351,C0877,2026-02-17 19:16:38,2825.3,UPI,D0696,IP0194,SUCCESS
T00005760,M0437,C0813,2026-01-19 18:55:43,1571.2,UPI,D0114,IP0388,SUCCESS
T00005761,M0303,C1288,2026-03-04 20:38:10,373.54,wallet,D0046,IP0605,SUCCESS
T00005762,M0478,C0471,2026-02-03 23:51:54,30494.3,netbanking,D0501,IP0257,SUCCESS
T00005763,M0174,C0372,2026-01-17 12:40:01,2737.77,UPI,D0533,IP0454,SUCCESS
T00005764,M0289,C0991,2026-02-24 16:59:30,732.36,UPI,D0289,IP0579,SUCCESS
T00005765,M0303,C0200,2026-02-22 13:39:12,404.76,card,D0708,IP0568,SUCCESS
T00005766,M0118,C1491,2026-02-10 07:13:30,2277.75,wallet,D0575,IP0666,SUCCESS
T00005767,M0286,C0661,2026-02-14 18:57:14,1114.85,UPI,D0091,IP0460,SUCCESS
T00005768,M0360,C1210,2026-01-17 23:51:31,2751.74,card,D0395,IP0107,FAILED
T00005769,M0075,C1032,2026-02-27 10:26:40,611.16,card,D0118,IP0225,SUCCESS
T00005770,M0357,C0379,2026-02-16 21:56:29,2337.28,wallet,D0148,IP0349,SUCCESS
T00005771,M0297,C1080,2026-03-31 15:45:39,4165.12,wallet,D0036,IP0070,SUCCESS
T00005772,M0211,C1381,2026-02-19 11:06:24,5861.6,card,D0454,IP0648,SUCCESS
T00005773,M0216,C0140,2026-02-13 23:22:54,2153.31,UPI,D0352,IP0179,SUCCESS
T00005774,M0443,C0047,2026-01-19 19:22:17,2554.76,UPI,D0089,IP0204,SUCCESS
T00005775,M0487,C1404,2026-02-14 23:37:03,745.05,UPI,D0738,IP0566,REFUNDED
T00005776,M0204,C0827,2026-03-18 17:42:17,1309.02,UPI,D0658,IP0126,SUCCESS
T00005777,M0258,C0409,2026-02-17 06:15:19,1541.39,netbanking,D0314,IP0334,SUCCESS
T00005778,M0274,C1370,2026-02-06 23:45:19,2585.77,UPI,D0731,IP0081,SUCCESS
T00005779,M0362,C0473,2026-01-07 10:07:42,403.57,card,D0526,IP0005,SUCCESS
T00005780,M0146,C1361,2026-02-10 18:59:29,789.92,card,D0530,IP0263,SUCCESS
T00005781,M0205,C0806,2026-02-12 07:54:03,1186.88,card,D0526,IP0321,SUCCESS
T00005782,M0105,C0767,2026-01-14 19:48:31,7116.96,netbanking,D0698,IP0138,SUCCESS
T00005783,M0004,C0548,2026-01-22 14:28:53,836.74,wallet,D0124,IP0252,SUCCESS
T00005784,M0125,C0128,2026-03-01 16:05:20,1459.85,card,D0266,IP0105,SUCCESS
T00005785,M0027,C1250,2026-03-28 17:27:50,725.65,UPI,D0061,IP0152,SUCCESS
T00005786,M0146,C0584,2026-02-05 13:43:24,1854.79,wallet,D0095,IP0667,SUCCESS
T00005787,M0206,C1349,2026-03-16 19:23:41,10278.13,card,D0098,IP0375,REFUNDED
T00005788,M0046,C0136,2026-03-02 18:10:06,420.38,netbanking,D0170,IP0515,SUCCESS
T00005789,M0487,C0933,2026-03-23 23:04:29,659.32,wallet,D0367,IP0530,FAILED
T00005790,M0101,C1457,2026-01-27 10:04:11,1490.57,card,D0645,IP0375,SUCCESS
T00005791,M0443,C0039,2026-02-25 18:54:33,2202.54,UPI,D0514,IP0709,SUCCESS
T00005792,M0383,C0512,2026-01-11 21:49:13,3071.21,UPI,D0351,IP0736,SUCCESS
T00005793,M0408,C0208,2026-02-10 16:37:38,3044.76,card,D0189,IP0336,SUCCESS
T00005794,M0142,C0227,2026-03-22 23:46:49,1470.36,UPI,D0234,IP0469,REFUNDED
T00005795,M0480,C1397,2026-01-21 15:31:36,296.55,wallet,D0450,IP0311,SUCCESS
T00005796,M0142,C1228,2026-02-27 19:03:35,692.51,card,D0073,IP0469,SUCCESS
T00005797,M0015,C0594,2026-01-22 23:16:48,4199.97,UPI,D0294,IP0273,SUCCESS
T00005798,M0113,C0095,2026-02-13 17:59:19,699.86,netbanking,D0403,IP0408,SUCCESS
T00005799,M0203,C1013,2026-02-12 19:46:33,654.02,wallet,D0006,IP0002,SUCCESS
T00005800,M0062,C0802,2026-03-15 23:38:48,893.31,wallet,D0413,IP0595,SUCCESS
T00005801,M0424,C0147,2026-01-30 09:52:35,2365.61,UPI,D0135,IP0263,FAILED
T00005802,M0304,C1169,2026-02-27 15:36:00,750.97,UPI,D0464,IP0349,SUCCESS
T00005803,M0478,C0710,2026-01-04 19:23:19,11116.77,netbanking,D0551,IP0286,SUCCESS
T00005804,M0326,C0975,2026-02-19 22:57:09,5210.61,UPI,D0032,IP0006,SUCCESS
T00005805,M0046,C1009,2026-02-01 19:10:52,4584.98,card,D0693,IP0501,SUCCESS
T00005806,M0300,C0338,2026-03-14 09:12:09,4218.34,card,D0686,IP0593,SUCCESS
T00005807,M0059,C0999,2026-02-13 15:26:06,904.51,UPI,D0436,IP0138,REFUNDED
T00005808,M0480,C1291,2026-01-26 12:57:31,410.35,UPI,D0695,IP0457,SUCCESS
T00005809,M0363,C0015,2026-02-22 10:49:04,937.23,UPI,D0265,IP0024,SUCCESS
T00005810,M0203,C0136,2026-01-07 09:50:32,718.51,UPI,D0006,IP0411,SUCCESS
T00005811,M0337,C0116,2026-02-02 12:32:12,1090.18,UPI,D0444,IP0290,SUCCESS
T00005812,M0403,C0920,2026-02-04 18:17:37,2687.69,card,D0458,IP0239,SUCCESS
T00005813,M0480,C0220,2026-03-11 15:29:08,369.55,UPI,D0450,IP0746,SUCCESS
T00005814,M0347,C0568,2026-03-31 12:16:07,3181.46,UPI,D0588,IP0225,SUCCESS
T00005815,M0366,C0438,2026-03-22 08:45:29,1025.28,UPI,D0204,IP0545,SUCCESS
T00005816,M0229,C1413,2026-01-06 17:56:13,3995.85,wallet,D0328,IP0254,SUCCESS
T00005817,M0142,C1195,2026-02-05 12:25:15,599.18,UPI,D0247,IP0672,SUCCESS
T00005818,M0204,C0842,2026-01-31 08:47:55,1027.73,UPI,D0145,IP0726,SUCCESS
T00005819,M0364,C0655,2026-02-23 15:46:11,1285.56,netbanking,D0215,IP0475,SUCCESS
T00005820,M0446,C0799,2026-03-04 20:12:33,4205.58,card,D0547,IP0004,REFUNDED
T00005821,M0365,C0059,2026-01-10 15:32:19,5195.88,card,D0653,IP0175,FAILED
T00005822,M0485,C1380,2026-01-25 23:41:29,2023.66,wallet,D0528,IP0453,SUCCESS
T00005823,M0366,C0917,2026-03-17 18:16:16,771.16,UPI,D0204,IP0187,SUCCESS
T00005824,M0351,C0438,2026-02-23 23:02:26,30866.0,card,D0705,IP0081,SUCCESS
T00005825,M0008,C0837,2026-01-17 08:48:59,4981.35,wallet,D0154,IP0234,SUCCESS
T00005826,M0337,C0013,2026-02-07 17:57:24,1421.49,UPI,D0733,IP0290,SUCCESS
T00005827,M0053,C1265,2026-03-09 17:13:54,1288.47,UPI,D0316,IP0515,SUCCESS
T00005828,M0296,C0435,2026-01-04 14:37:22,8577.17,card,D0177,IP0135,SUCCESS
T00005829,M0325,C0034,2026-03-12 11:54:10,1559.24,UPI,D0361,IP0547,SUCCESS
T00005830,M0358,C1309,2026-02-23 18:52:05,8429.25,card,D0317,IP0532,SUCCESS
T00005831,M0446,C0572,2026-01-16 21:16:38,500.88,netbanking,D0392,IP0586,SUCCESS
T00005832,M0267,C0243,2026-03-15 13:42:33,3230.6,card,D0225,IP0211,SUCCESS
T00005833,M0274,C0846,2026-03-10 21:51:35,12180.04,card,D0672,IP0657,SUCCESS
T00005834,M0303,C0601,2026-01-02 23:17:13,761.45,wallet,D0046,IP0227,SUCCESS
T00005835,M0196,C0374,2026-01-25 17:35:37,2222.1,card,D0696,IP0563,SUCCESS
T00005836,M0159,C0027,2026-01-30 11:37:39,1231.92,card,D0068,IP0503,SUCCESS
T00005837,M0076,C0107,2026-02-09 11:33:43,1362.56,UPI,D0100,IP0538,FAILED
T00005838,M0433,C1081,2026-03-23 15:38:28,9864.16,card,D0588,IP0491,SUCCESS
T00005839,M0026,C0413,2026-02-10 07:25:05,6789.73,card,D0041,IP0593,SUCCESS
T00005840,M0490,C0588,2026-03-11 09:33:52,302.64,wallet,D0104,IP0086,FAILED
T00005841,M0168,C0880,2026-02-17 13:11:30,6674.91,UPI,D0131,IP0555,SUCCESS
T00005842,M0380,C0016,2026-02-04 22:46:22,5525.58,card,D0450,IP0089,SUCCESS
T00005843,M0398,C0953,2026-03-06 15:19:53,1243.66,UPI,D0250,IP0089,SUCCESS
T00005844,M0224,C0042,2026-01-19 12:49:25,1909.49,netbanking,D0182,IP0059,SUCCESS
T00005845,M0229,C0653,2026-03-07 23:03:27,9550.84,card,D0395,IP0327,SUCCESS
T00005846,M0330,C1343,2026-02-14 17:18:48,708.96,UPI,D0368,IP0168,REFUNDED
T00005847,M0050,C0762,2026-01-27 11:25:20,840.75,card,D0594,IP0619,SUCCESS
T00005848,M0014,C0952,2026-03-13 14:23:13,1070.37,card,D0690,IP0387,SUCCESS
T00005849,M0391,C0790,2026-02-14 23:49:44,12238.61,UPI,D0164,IP0029,SUCCESS
T00005850,M0293,C0878,2026-03-28 18:09:09,1144.71,UPI,D0445,IP0011,SUCCESS
T00005851,M0499,C0237,2026-01-11 19:05:07,362.97,UPI,D0336,IP0523,SUCCESS
T00005852,M0170,C1326,2026-01-19 10:01:19,662.37,UPI,D0246,IP0634,SUCCESS
T00005853,M0212,C0503,2026-03-16 12:21:00,2127.25,card,D0343,IP0486,SUCCESS
T00005854,M0354,C0900,2026-03-02 19:34:59,10336.61,card,D0083,IP0479,SUCCESS
T00005855,M0374,C1388,2026-01-14 05:47:41,2627.67,card,D0588,IP0741,SUCCESS
T00005856,M0216,C0178,2026-01-16 18:41:59,14034.41,UPI,D0352,IP0679,SUCCESS
T00005857,M0090,C0074,2026-02-10 19:49:56,553.63,UPI,D0345,IP0231,SUCCESS
T00005858,M0048,C0803,2026-01-13 11:40:53,1499.69,card,D0038,IP0176,SUCCESS
T00005859,M0001,C1057,2026-02-19 20:07:04,5210.09,card,D0166,IP0603,SUCCESS
T00005860,M0210,C1292,2026-01-03 18:13:26,830.36,UPI,D0250,IP0111,FAILED
T00005861,M0165,C0239,2026-01-08 13:34:40,759.9,UPI,D0029,IP0165,SUCCESS
T00005862,M0013,C1351,2026-03-02 12:09:24,1621.98,netbanking,D0682,IP0021,SUCCESS
T00005863,M0364,C0092,2026-03-02 17:46:06,736.64,card,D0215,IP0475,SUCCESS
T00005864,M0204,C1309,2026-03-24 12:36:44,114.32,netbanking,D0006,IP0320,SUCCESS
T00005865,M0303,C0328,2026-03-22 17:25:45,965.33,wallet,D0076,IP0456,SUCCESS
T00005866,M0444,C0978,2026-01-04 20:09:39,3016.54,wallet,D0049,IP0075,REFUNDED
T00005867,M0208,C1318,2026-03-19 12:22:44,2219.55,wallet,D0428,IP0088,FAILED
T00005868,M0139,C0689,2026-03-23 18:43:48,6150.53,netbanking,D0025,IP0022,SUCCESS
T00005869,M0165,C0923,2026-01-06 20:33:46,2072.77,UPI,D0587,IP0377,SUCCESS
T00005870,M0024,C0703,2026-01-17 08:33:49,1081.18,UPI,D0677,IP0347,SUCCESS
T00005871,M0142,C1449,2026-03-27 22:07:21,969.55,UPI,D0092,IP0469,SUCCESS
T00005872,M0464,C0264,2026-02-07 14:29:31,2732.43,card,D0119,IP0692,SUCCESS
T00005873,M0094,C0524,2026-02-15 07:23:30,309.33,card,D0076,IP0309,SUCCESS
T00005874,M0195,C0880,2026-02-08 14:01:50,852.81,wallet,D0116,IP0114,FAILED
T00005875,M0098,C0756,2026-01-05 13:53:13,5744.84,UPI,D0445,IP0378,SUCCESS
T00005876,M0039,C1257,2026-01-15 12:00:10,1643.84,netbanking,D0540,IP0018,SUCCESS
T00005877,M0214,C0694,2026-03-07 16:18:11,1973.33,card,D0655,IP0090,SUCCESS
T00005878,M0424,C0566,2026-01-23 23:37:14,765.94,UPI,D0463,IP0125,SUCCESS
T00005879,M0022,C1500,2026-02-15 04:35:02,257.34,UPI,D0655,IP0386,SUCCESS
T00005880,M0372,C1106,2026-02-18 12:59:08,1772.14,UPI,D0352,IP0263,SUCCESS
T00005881,M0034,C1221,2026-01-11 06:02:42,450.24,UPI,D0165,IP0159,FAILED
T00005882,M0394,C1323,2026-03-11 11:43:56,9520.03,UPI,D0645,IP0239,SUCCESS
T00005883,M0487,C1014,2026-01-19 15:23:22,484.36,UPI,D0570,IP0692,FAILED
T00005884,M0163,C1005,2026-01-27 15:02:35,9752.79,UPI,D0091,IP0719,SUCCESS
T00005885,M0257,C0159,2026-03-06 18:13:42,2391.46,UPI,D0439,IP0578,SUCCESS
T00005886,M0303,C0855,2026-01-25 16:37:15,451.84,wallet,D0552,IP0605,SUCCESS
T00005887,M0142,C0301,2026-03-15 16:10:55,1650.0,netbanking,D0301,IP0672,SUCCESS
T00005888,M0028,C0153,2026-02-14 13:08:41,2158.4,UPI,D0226,IP0198,SUCCESS
T00005889,M0048,C1030,2026-01-18 17:53:24,378.47,card,D0445,IP0176,SUCCESS
T00005890,M0210,C0430,2026-02-23 08:58:15,1467.89,card,D0329,IP0481,SUCCESS
T00005891,M0133,C0779,2026-02-25 16:46:21,11527.11,card,D0671,IP0635,SUCCESS
T00005892,M0289,C0597,2026-03-24 19:39:17,1469.8,wallet,D0110,IP0611,REFUNDED
T00005893,M0046,C0159,2026-03-23 14:26:31,1560.04,netbanking,D0745,IP0568,SUCCESS
T00005894,M0373,C0953,2026-02-11 17:30:23,1647.53,card,D0359,IP0032,SUCCESS
T00005895,M0113,C1282,2026-01-08 15:10:26,1887.58,card,D0296,IP0156,SUCCESS
T00005896,M0015,C0707,2026-03-02 20:15:14,860.79,UPI,D0604,IP0321,SUCCESS
T00005897,M0147,C0447,2026-01-09 09:55:33,499.07,UPI,D0489,IP0176,SUCCESS
T00005898,M0372,C0558,2026-02-17 13:28:38,1451.48,card,D0352,IP0535,FAILED
T00005899,M0082,C1059,2026-03-11 11:03:09,1273.6,UPI,D0529,IP0610,SUCCESS
T00005900,M0410,C0964,2026-03-15 12:37:58,4047.33,UPI,D0525,IP0471,SUCCESS
T00005901,M0347,C0294,2026-03-20 15:48:09,5520.38,card,D0154,IP0162,SUCCESS
T00005902,M0176,C0320,2026-03-11 14:21:46,1106.12,netbanking,D0674,IP0559,SUCCESS
T00005903,M0071,C0915,2026-01-03 14:28:20,4465.46,UPI,D0457,IP0067,SUCCESS
T00005904,M0469,C0763,2026-02-08 14:55:55,1030.17,wallet,D0082,IP0532,SUCCESS
T00005905,M0142,C1404,2026-03-13 12:51:10,2292.54,card,D0475,IP0469,SUCCESS
T00005906,M0353,C0354,2026-02-06 18:39:30,506.05,netbanking,D0399,IP0199,SUCCESS
T00005907,M0376,C0594,2026-02-22 18:48:28,2086.81,netbanking,D0122,IP0538,SUCCESS
T00005908,M0297,C0382,2026-02-03 07:38:28,1097.88,UPI,D0573,IP0743,SUCCESS
T00005909,M0325,C0147,2026-03-30 09:20:43,1884.11,netbanking,D0361,IP0486,SUCCESS
T00005910,M0169,C0290,2026-03-02 16:13:01,1217.03,card,D0321,IP0570,SUCCESS
T00005911,M0326,C0762,2026-01-09 07:37:02,5450.69,wallet,D0419,IP0290,SUCCESS
T00005912,M0424,C0339,2026-02-14 16:28:34,1907.06,card,D0463,IP0125,SUCCESS
T00005913,M0410,C0413,2026-03-17 13:31:19,2434.52,UPI,D0526,IP0145,SUCCESS
T00005914,M0142,C0699,2026-03-20 20:49:58,728.75,UPI,D0208,IP0469,SUCCESS
T00005915,M0410,C0843,2026-03-23 16:42:57,829.93,UPI,D0526,IP0471,SUCCESS
T00005916,M0370,C0071,2026-02-10 14:07:31,1269.24,card,D0166,IP0622,SUCCESS
T00005917,M0248,C0834,2026-02-26 08:07:54,570.53,UPI,D0013,IP0395,SUCCESS
T00005918,M0277,C1086,2026-02-08 13:33:08,1270.97,UPI,D0708,IP0245,SUCCESS
T00005919,M0290,C1335,2026-02-06 13:12:38,670.65,UPI,D0256,IP0640,SUCCESS
T00005920,M0410,C0036,2026-01-16 14:01:58,352.1,UPI,D0098,IP0720,SUCCESS
T00005921,M0337,C0740,2026-03-13 11:35:40,686.93,netbanking,D0285,IP0654,SUCCESS
T00005922,M0440,C1280,2026-02-14 23:07:41,5860.24,card,D0160,IP0448,SUCCESS
T00005923,M0424,C1406,2026-02-21 11:02:23,2402.51,wallet,D0189,IP0125,SUCCESS
T00005924,M0470,C0323,2026-03-16 23:39:59,831.63,card,D0482,IP0434,SUCCESS
T00005925,M0448,C0466,2026-01-21 21:43:56,8244.73,card,D0049,IP0566,SUCCESS
T00005926,M0013,C0346,2026-02-27 15:06:45,3768.19,card,D0095,IP0509,SUCCESS
T00005927,M0208,C1200,2026-01-17 11:24:08,1483.42,UPI,D0428,IP0457,SUCCESS
T00005928,M0213,C0068,2026-03-17 12:39:46,19065.05,card,D0415,IP0704,SUCCESS
T00005929,M0373,C0033,2026-01-12 10:17:10,205.68,UPI,D0676,IP0089,SUCCESS
T00005930,M0308,C0823,2026-01-17 19:28:35,7921.7,UPI,D0532,IP0384,SUCCESS
T00005931,M0492,C1019,2026-03-13 13:35:37,8287.99,card,D0287,IP0718,SUCCESS
T00005932,M0343,C1175,2026-03-30 17:39:44,290.09,UPI,D0077,IP0086,SUCCESS
T00005933,M0309,C0770,2026-02-06 17:52:46,1579.3,UPI,D0379,IP0027,SUCCESS
T00005934,M0440,C0427,2026-03-10 23:33:37,20651.76,card,D0712,IP0164,SUCCESS
T00005935,M0415,C1184,2026-03-09 15:01:35,72.9,card,D0687,IP0711,REFUNDED
T00005936,M0113,C0526,2026-01-07 16:07:45,563.0,card,D0403,IP0156,FAILED
T00005937,M0276,C1227,2026-01-17 11:16:14,809.77,UPI,D0047,IP0634,SUCCESS
T00005938,M0492,C1354,2026-03-03 21:15:23,598.78,wallet,D0038,IP0532,SUCCESS
T00005939,M0382,C1378,2026-01-04 11:48:54,1066.76,netbanking,D0024,IP0230,SUCCESS
T00005940,M0015,C0031,2026-02-05 23:07:39,2265.78,UPI,D0016,IP0111,SUCCESS
T00005941,M0042,C0546,2026-03-13 12:45:01,1922.54,UPI,D0483,IP0175,SUCCESS
T00005942,M0398,C0064,2026-02-16 16:24:18,856.35,card,D0287,IP0461,SUCCESS
T00005943,M0410,C1292,2026-02-16 19:55:10,676.04,UPI,D0526,IP0189,FAILED
T00005944,M0424,C0243,2026-01-15 12:03:02,598.94,card,D0471,IP0263,SUCCESS
T00005945,M0169,C0148,2026-02-28 10:28:46,1155.81,wallet,D0725,IP0665,REFUNDED
T00005946,M0424,C1169,2026-01-11 19:45:32,1266.94,UPI,D0189,IP0263,SUCCESS
T00005947,M0492,C1019,2026-01-11 21:47:56,5136.46,card,D0641,IP0683,SUCCESS
T00005948,M0318,C0740,2026-02-10 18:46:00,749.25,card,D0261,IP0420,FAILED
T00005949,M0330,C0471,2026-03-09 08:30:00,1458.29,UPI,D0368,IP0295,SUCCESS
T00005950,M0147,C0742,2026-03-01 14:40:11,1824.47,card,D0489,IP0245,SUCCESS
T00005951,M0139,C0909,2026-01-30 14:03:56,2614.77,UPI,D0588,IP0022,SUCCESS
T00005952,M0004,C0333,2026-02-19 11:13:05,6716.58,UPI,D0488,IP0119,FAILED
T00005953,M0139,C0041,2026-01-28 13:19:49,4754.93,UPI,D0392,IP0106,SUCCESS
T00005954,M0113,C0183,2026-03-15 04:39:45,801.15,card,D0296,IP0635,SUCCESS
T00005955,M0364,C0569,2026-01-13 09:34:44,3755.85,UPI,D0656,IP0295,SUCCESS
T00005956,M0025,C1394,2026-03-22 14:00:25,859.41,netbanking,D0305,IP0482,SUCCESS
T00005957,M0487,C1469,2026-01-16 11:41:40,225.44,card,D0405,IP0566,SUCCESS
T00005958,M0474,C0462,2026-01-05 23:23:11,4528.41,card,D0154,IP0446,SUCCESS
T00005959,M0176,C0302,2026-02-10 17:17:24,208.12,UPI,D0461,IP0308,SUCCESS
T00005960,M0470,C0598,2026-01-04 20:37:38,631.87,UPI,D0482,IP0434,SUCCESS
T00005961,M0272,C0749,2026-03-15 15:24:04,2509.17,UPI,D0645,IP0284,SUCCESS
T00005962,M0444,C0320,2026-01-03 15:05:04,6439.14,UPI,D0611,IP0296,SUCCESS
T00005963,M0374,C1282,2026-03-24 09:21:43,359.47,card,D0153,IP0455,SUCCESS
T00005964,M0075,C0899,2026-03-07 10:56:45,653.5,card,D0370,IP0306,SUCCESS
T00005965,M0382,C0911,2026-01-10 22:19:36,600.65,UPI,D0424,IP0230,SUCCESS
T00005966,M0356,C1382,2026-03-14 13:51:28,735.59,UPI,D0023,IP0167,SUCCESS
T00005967,M0424,C1190,2026-01-07 14:52:16,2059.3,card,D0471,IP0614,SUCCESS
T00005968,M0405,C0516,2026-02-15 16:29:46,2160.25,UPI,D0268,IP0155,SUCCESS
T00005969,M0400,C1461,2026-02-08 21:24:11,575.94,UPI,D0647,IP0215,SUCCESS
T00005970,M0358,C0843,2026-03-30 17:43:55,7285.99,UPI,D0092,IP0591,SUCCESS
T00005971,M0444,C1135,2026-02-27 06:01:49,1343.84,UPI,D0426,IP0078,SUCCESS
T00005972,M0410,C0876,2026-02-18 21:44:26,1233.41,UPI,D0526,IP0720,SUCCESS
T00005973,M0401,C1049,2026-02-16 17:03:38,635.37,card,D0257,IP0165,FAILED
T00005974,M0090,C0200,2026-02-21 20:58:00,1037.44,UPI,D0345,IP0704,SUCCESS
T00005975,M0487,C0961,2026-03-11 12:37:39,858.84,card,D0570,IP0549,SUCCESS
T00005976,M0448,C1339,2026-01-10 23:45:06,9151.46,card,D0329,IP0012,SUCCESS
T00005977,M0297,C0637,2026-02-07 09:31:31,1470.97,netbanking,D0286,IP0440,FAILED
T00005978,M0462,C0531,2026-03-06 10:45:21,492.3,UPI,D0637,IP0525,REFUNDED
T00005979,M0301,C1014,2026-01-24 10:42:21,5813.92,UPI,D0501,IP0656,SUCCESS
T00005980,M0303,C0323,2026-02-24 23:59:46,118.35,UPI,D0181,IP0227,SUCCESS
T00005981,M0434,C0284,2026-03-16 19:18:44,525.72,UPI,D0684,IP0057,SUCCESS
T00005982,M0216,C0140,2026-01-07 18:08:09,14383.46,netbanking,D0694,IP0416,SUCCESS
T00005983,M0388,C0169,2026-01-26 23:15:11,6044.87,UPI,D0746,IP0709,SUCCESS
T00005984,M0424,C0655,2026-03-23 12:34:19,455.2,card,D0436,IP0263,SUCCESS
T00005985,M0462,C0966,2026-02-17 17:07:49,2774.68,card,D0637,IP0525,SUCCESS
T00005986,M0347,C0911,2026-03-03 20:12:10,611.6,card,D0154,IP0225,SUCCESS
T00005987,M0167,C0015,2026-02-22 16:24:19,4734.06,wallet,D0449,IP0680,SUCCESS
T00005988,M0410,C0367,2026-03-18 13:37:15,1379.1,UPI,D0186,IP0720,SUCCESS
T00005989,M0075,C0153,2026-01-10 15:02:14,2654.16,card,D0226,IP0200,SUCCESS
T00005990,M0359,C0765,2026-03-07 23:39:47,594.57,UPI,D0059,IP0605,SUCCESS
T00005991,M0382,C0442,2026-01-07 16:33:15,341.1,card,D0674,IP0235,SUCCESS
T00005992,M0448,C0315,2026-01-12 16:07:08,5509.96,card,D0522,IP0408,FAILED
T00005993,M0224,C0952,2026-03-06 09:54:17,1784.38,UPI,D0182,IP0540,SUCCESS
T00005994,M0404,C1404,2026-03-07 14:39:16,1022.69,UPI,D0070,IP0311,SUCCESS
T00005995,M0306,C1360,2026-03-10 14:31:27,2243.08,card,D0596,IP0333,SUCCESS
T00005996,M0351,C0312,2026-02-21 19:05:39,7105.41,UPI,D0371,IP0124,SUCCESS
T00005997,M0372,C1016,2026-02-04 17:40:49,1512.66,wallet,D0501,IP0263,SUCCESS
T00005998,M0113,C0590,2026-03-29 14:06:35,1108.51,UPI,D0296,IP0156,SUCCESS
T00005999,M0401,C0329,2026-02-22 23:31:31,2006.07,card,D0257,IP0016,SUCCESS
T00006000,M0075,C1122,2026-03-24 17:56:44,3555.62,card,D0370,IP0342,SUCCESS
T00006001,M0487,C1014,2026-03-12 22:01:29,1673.87,card,D0570,IP0541,SUCCESS
T00006002,M0109,C0910,2026-01-05 19:40:05,589.61,wallet,D0560,IP0289,SUCCESS
T00006003,M0491,C1258,2026-01-18 15:16:38,3034.4,netbanking,D0559,IP0435,SUCCESS
T00006004,M0147,C0446,2026-03-05 15:38:58,1630.69,card,D0661,IP0245,SUCCESS
T00006005,M0229,C0473,2026-03-24 23:57:12,6666.98,card,D0170,IP0327,SUCCESS
T00006006,M0313,C0708,2026-02-28 15:34:26,7370.11,UPI,D0166,IP0102,SUCCESS
T00006007,M0273,C0723,2026-01-30 15:29:35,1053.65,card,D0521,IP0543,SUCCESS
T00006008,M0381,C1101,2026-02-12 23:37:02,1532.2,UPI,D0170,IP0426,SUCCESS
T00006009,M0367,C0582,2026-03-28 14:20:09,1443.29,UPI,D0053,IP0343,SUCCESS
T00006010,M0210,C1382,2026-03-03 13:26:04,1114.94,UPI,D0643,IP0481,SUCCESS
T00006011,M0405,C0951,2026-03-30 20:27:26,810.43,UPI,D0015,IP0178,SUCCESS
T00006012,M0278,C1026,2026-03-11 13:03:38,700.61,card,D0581,IP0173,SUCCESS
T00006013,M0344,C0481,2026-02-12 18:19:34,4087.19,card,D0231,IP0585,SUCCESS
T00006014,M0381,C1191,2026-01-11 18:13:57,2068.01,UPI,D0731,IP0262,SUCCESS
T00006015,M0340,C1102,2026-01-09 09:41:54,639.98,UPI,D0303,IP0578,SUCCESS
T00006016,M0058,C1209,2026-01-04 17:42:47,4189.2,UPI,D0275,IP0678,REFUNDED
T00006017,M0404,C0487,2026-03-20 18:57:53,559.23,card,D0732,IP0583,FAILED
T00006018,M0268,C0889,2026-01-23 18:27:42,1157.37,wallet,D0305,IP0714,FAILED
T00006019,M0101,C0289,2026-03-11 12:48:47,1144.76,UPI,D0621,IP0563,SUCCESS
T00006020,M0128,C0651,2026-02-25 19:41:07,993.78,UPI,D0470,IP0122,SUCCESS
T00006021,M0142,C1445,2026-02-07 20:26:52,2593.82,UPI,D0475,IP0672,SUCCESS
T00006022,M0452,C0315,2026-02-19 17:07:32,612.98,UPI,D0349,IP0717,SUCCESS
T00006023,M0332,C0629,2026-03-12 09:14:02,5755.47,card,D0564,IP0386,SUCCESS
T00006024,M0036,C1093,2026-01-15 13:39:11,9545.11,card,D0059,IP0397,SUCCESS
T00006025,M0424,C0003,2026-01-16 15:10:43,441.33,UPI,D0390,IP0263,SUCCESS
T00006026,M0379,C1112,2026-01-24 06:36:00,263.4,card,D0562,IP0439,SUCCESS
T00006027,M0289,C0701,2026-02-19 06:20:28,378.61,UPI,D0520,IP0611,SUCCESS
T00006028,M0425,C1016,2026-01-08 11:08:28,3951.64,card,D0261,IP0481,SUCCESS
T00006029,M0407,C0494,2026-01-31 12:22:33,690.44,UPI,D0460,IP0408,SUCCESS
T00006030,M0289,C1120,2026-01-12 23:57:57,409.82,UPI,D0137,IP0703,SUCCESS
T00006031,M0401,C1449,2026-03-19 15:40:05,1755.93,UPI,D0257,IP0595,SUCCESS
T00006032,M0015,C0316,2026-02-18 20:53:28,1297.08,UPI,D0639,IP0273,SUCCESS
T00006033,M0289,C0504,2026-01-24 19:59:38,391.08,UPI,D0281,IP0062,SUCCESS
T00006034,M0210,C1151,2026-03-11 20:46:20,990.16,UPI,D0061,IP0040,SUCCESS
T00006035,M0142,C0249,2026-02-10 23:34:22,462.58,netbanking,D0092,IP0672,SUCCESS
T00006036,M0260,C1434,2026-01-14 22:14:32,2090.84,card,D0331,IP0717,SUCCESS
T00006037,M0221,C0228,2026-02-08 12:20:10,423.3,card,D0664,IP0019,SUCCESS
T00006038,M0124,C0348,2026-03-23 20:35:24,274.61,UPI,D0006,IP0131,SUCCESS
T00006039,M0500,C0182,2026-01-27 18:51:49,294.34,card,D0098,IP0534,SUCCESS
T00006040,M0035,C1234,2026-03-14 20:46:48,266.2,UPI,D0598,IP0089,SUCCESS
T00006041,M0431,C0201,2026-03-12 14:44:05,6095.06,card,D0647,IP0248,SUCCESS
T00006042,M0403,C1254,2026-02-21 19:38:32,3049.04,netbanking,D0320,IP0566,SUCCESS
T00006043,M0054,C0339,2026-02-22 09:20:06,5016.87,netbanking,D0636,IP0620,SUCCESS
T00006044,M0202,C0127,2026-02-04 11:05:33,1294.81,UPI,D0266,IP0590,SUCCESS
T00006045,M0340,C0606,2026-02-07 07:03:30,2664.23,UPI,D0372,IP0399,SUCCESS
T00006046,M0113,C0648,2026-03-21 14:56:09,905.54,UPI,D0296,IP0481,SUCCESS
T00006047,M0402,C0004,2026-01-31 07:51:16,585.67,netbanking,D0645,IP0022,SUCCESS
T00006048,M0204,C1349,2026-02-04 16:10:06,809.95,UPI,D0109,IP0726,SUCCESS
T00006049,M0109,C1266,2026-02-28 16:56:24,1340.32,UPI,D0741,IP0289,SUCCESS
T00006050,M0376,C1390,2026-01-23 10:09:42,1396.72,netbanking,D0145,IP0079,SUCCESS
T00006051,M0147,C1344,2026-03-29 11:51:36,2043.18,UPI,D0489,IP0245,SUCCESS
T00006052,M0204,C0088,2026-02-24 13:52:36,246.28,wallet,D0397,IP0726,SUCCESS
T00006053,M0248,C1325,2026-03-24 12:43:02,140.55,card,D0623,IP0684,SUCCESS
T00006054,M0246,C1425,2026-02-01 18:22:20,4159.17,card,D0734,IP0337,SUCCESS
T00006055,M0416,C0518,2026-03-07 16:15:08,1226.29,card,D0231,IP0602,SUCCESS
T00006056,M0359,C1429,2026-03-09 18:15:39,298.98,UPI,D0698,IP0112,SUCCESS
T00006057,M0442,C1351,2026-01-17 09:45:35,764.25,card,D0408,IP0294,SUCCESS
T00006058,M0409,C1201,2026-02-27 13:55:32,679.51,UPI,D0632,IP0019,SUCCESS
T00006059,M0478,C1030,2026-01-10 23:56:49,4645.23,card,D0293,IP0257,SUCCESS
T00006060,M0203,C1186,2026-02-01 23:47:21,1203.73,wallet,D0042,IP0489,SUCCESS
T00006061,M0319,C1454,2026-02-24 18:55:41,2136.87,UPI,D0613,IP0266,SUCCESS
T00006062,M0434,C0908,2026-01-11 12:50:52,993.21,UPI,D0062,IP0197,SUCCESS
T00006063,M0424,C0071,2026-02-22 16:05:27,2774.97,UPI,D0436,IP0125,SUCCESS
T00006064,M0424,C0619,2026-03-02 17:43:02,290.02,UPI,D0189,IP0125,SUCCESS
T00006065,M0244,C0543,2026-01-01 08:30:14,758.15,UPI,D0526,IP0110,SUCCESS
T00006066,M0276,C0656,2026-02-17 15:30:43,1990.92,UPI,D0470,IP0593,SUCCESS
T00006067,M0061,C0303,2026-02-06 18:20:18,5274.11,card,D0615,IP0264,SUCCESS
T00006068,M0118,C0788,2026-01-30 00:58:58,3135.05,card,D0397,IP0292,FAILED
T00006069,M0248,C0646,2026-01-05 09:07:48,385.13,UPI,D0369,IP0420,SUCCESS
T00006070,M0176,C1134,2026-03-11 08:44:40,2616.31,UPI,D0576,IP0282,SUCCESS
T00006071,M0146,C1371,2026-01-29 15:10:09,4652.47,card,D0124,IP0650,SUCCESS
T00006072,M0113,C0162,2026-01-16 08:10:26,3521.31,card,D0403,IP0262,SUCCESS
T00006073,M0403,C1331,2026-01-28 23:39:55,2858.38,card,D0338,IP0637,SUCCESS
T00006074,M0424,C0320,2026-02-01 12:10:58,1643.65,UPI,D0442,IP0125,SUCCESS
T00006075,M0280,C0169,2026-01-13 15:58:14,1492.7,card,D0471,IP0063,SUCCESS
T00006076,M0425,C0257,2026-03-18 23:39:09,4047.46,UPI,D0698,IP0481,SUCCESS
T00006077,M0471,C0834,2026-02-06 00:27:54,294.97,UPI,D0285,IP0432,SUCCESS
T00006078,M0113,C1056,2026-02-24 14:32:08,1885.11,card,D0296,IP0262,FAILED
T00006079,M0428,C0206,2026-01-27 14:16:31,1116.07,card,D0687,IP0421,SUCCESS
T00006080,M0015,C1424,2026-01-04 20:11:52,1314.35,UPI,D0340,IP0288,SUCCESS
T00006081,M0080,C0381,2026-01-10 14:47:52,1410.01,UPI,D0444,IP0544,SUCCESS
T00006082,M0229,C0120,2026-03-31 14:50:01,8262.44,UPI,D0328,IP0481,SUCCESS
T00006083,M0366,C0155,2026-03-23 08:46:00,258.0,UPI,D0662,IP0545,SUCCESS
T00006084,M0278,C1314,2026-01-12 18:31:11,2523.77,card,D0581,IP0404,SUCCESS
T00006085,M0135,C0208,2026-01-04 19:07:32,5903.19,card,D0468,IP0289,SUCCESS
T00006086,M0352,C0073,2026-03-26 19:40:04,21491.92,card,D0179,IP0450,SUCCESS
T00006087,M0444,C1432,2026-02-03 09:26:34,11476.93,card,D0255,IP0075,SUCCESS
T00006088,M0418,C0471,2026-01-13 12:07:59,3283.87,netbanking,D0471,IP0223,SUCCESS
T00006089,M0169,C0938,2026-01-23 16:09:59,1208.3,card,D0642,IP0213,SUCCESS
T00006090,M0464,C0278,2026-03-28 14:45:17,414.15,UPI,D0661,IP0495,SUCCESS
T00006091,M0216,C1309,2026-01-04 05:27:02,1763.04,card,D0158,IP0679,SUCCESS
T00006092,M0462,C0270,2026-02-20 15:30:22,916.71,wallet,D0037,IP0480,SUCCESS
T00006093,M0076,C0107,2026-03-21 18:18:11,1224.43,UPI,D0167,IP0249,SUCCESS
T00006094,M0478,C0609,2026-01-07 23:21:16,5225.46,card,D0355,IP0257,SUCCESS
T00006095,M0203,C1041,2026-02-25 20:46:51,1308.03,UPI,D0042,IP0031,SUCCESS
T00006096,M0248,C1091,2026-02-11 09:12:55,92.91,UPI,D0445,IP0420,SUCCESS
T00006097,M0431,C0488,2026-03-14 23:24:03,1428.86,wallet,D0577,IP0088,SUCCESS
T00006098,M0375,C1367,2026-03-04 07:17:17,1186.18,UPI,D0163,IP0563,SUCCESS
T00006099,M0303,C1245,2026-03-08 14:46:00,295.2,UPI,D0403,IP0227,SUCCESS
T00006100,M0369,C0086,2026-03-15 06:47:40,451.74,wallet,D0512,IP0172,SUCCESS
T00006101,M0296,C0167,2026-02-21 23:14:08,686.46,UPI,D0454,IP0135,SUCCESS
T00006102,M0015,C0249,2026-03-12 21:30:08,625.11,UPI,D0711,IP0273,SUCCESS
T00006103,M0263,C0733,2026-02-07 12:48:13,1017.41,card,D0168,IP0714,FAILED
T00006104,M0333,C1385,2026-03-02 12:18:28,336.44,card,D0506,IP0576,SUCCESS
T00006105,M0101,C1035,2026-03-07 14:49:16,836.95,card,D0645,IP0278,SUCCESS
T00006106,M0142,C0910,2026-02-27 15:10:25,5773.82,UPI,D0475,IP0630,SUCCESS
T00006107,M0142,C0824,2026-02-09 21:23:10,535.97,wallet,D0073,IP0672,SUCCESS
T00006108,M0302,C1311,2026-01-08 16:24:24,1520.07,UPI,D0341,IP0719,SUCCESS
T00006109,M0142,C1380,2026-02-17 09:54:44,727.83,card,D0247,IP0672,SUCCESS
T00006110,M0142,C1254,2026-01-20 21:51:06,1392.75,UPI,D0301,IP0469,SUCCESS
T00006111,M0239,C0591,2026-02-26 11:55:12,260.29,UPI,D0716,IP0187,SUCCESS
T00006112,M0412,C1169,2026-03-20 12:40:36,940.57,card,D0599,IP0277,FAILED
T00006113,M0165,C0574,2026-03-31 23:16:09,369.81,wallet,D0105,IP0377,SUCCESS
T00006114,M0147,C0621,2026-02-22 14:23:12,647.66,card,D0489,IP0082,SUCCESS
T00006115,M0289,C0289,2026-02-13 22:47:49,422.63,UPI,D0110,IP0707,SUCCESS
T00006116,M0204,C0502,2026-03-19 11:47:27,578.24,UPI,D0226,IP0726,FAILED
T00006117,M0490,C1282,2026-02-03 19:55:57,455.5,card,D0521,IP0567,REFUNDED
T00006118,M0424,C0666,2026-02-08 11:45:21,1160.21,UPI,D0471,IP0125,SUCCESS
T00006119,M0221,C0591,2026-02-22 16:07:17,3598.65,UPI,D0161,IP0019,SUCCESS
T00006120,M0087,C1188,2026-01-25 16:28:26,3264.45,netbanking,D0301,IP0163,FAILED
T00006121,M0141,C1346,2026-03-03 17:42:09,897.35,UPI,D0481,IP0463,SUCCESS
T00006122,M0410,C0673,2026-01-29 03:54:37,1771.42,card,D0526,IP0471,SUCCESS
T00006123,M0256,C1472,2026-01-25 13:24:52,15141.91,wallet,D0574,IP0560,SUCCESS
T00006124,M0129,C0552,2026-03-19 16:10:10,1188.58,UPI,D0469,IP0372,SUCCESS
T00006125,M0347,C0013,2026-03-28 18:20:25,429.71,UPI,D0389,IP0516,SUCCESS
T00006126,M0356,C1208,2026-02-01 23:13:07,296.3,UPI,D0549,IP0606,SUCCESS
T00006127,M0191,C0380,2026-01-04 21:12:27,304.04,netbanking,D0360,IP0130,SUCCESS
T00006128,M0111,C0504,2026-01-08 21:12:54,358.99,UPI,D0201,IP0474,SUCCESS
T00006129,M0306,C0020,2026-01-17 17:06:09,642.67,UPI,D0443,IP0426,SUCCESS
T00006130,M0306,C0598,2026-03-23 23:12:08,128.82,UPI,D0675,IP0426,FAILED
T00006131,M0256,C0870,2026-02-07 22:47:22,4239.87,UPI,D0179,IP0175,REFUNDED
T00006132,M0487,C0155,2026-02-26 23:18:46,586.08,card,D0367,IP0358,SUCCESS
T00006133,M0185,C0407,2026-03-25 23:14:35,5720.07,netbanking,D0668,IP0082,SUCCESS
T00006134,M0289,C0597,2026-02-01 18:13:30,803.79,UPI,D0137,IP0703,SUCCESS
T00006135,M0355,C1325,2026-03-12 18:15:22,3133.21,UPI,D0070,IP0006,SUCCESS
T00006136,M0376,C0018,2026-03-01 17:34:15,624.07,netbanking,D0042,IP0736,SUCCESS
T00006137,M0437,C1294,2026-03-26 04:13:32,581.28,UPI,D0114,IP0356,SUCCESS
T00006138,M0142,C1469,2026-02-08 23:28:55,663.38,UPI,D0247,IP0469,SUCCESS
T00006139,M0444,C0190,2026-03-18 15:23:16,6117.99,wallet,D0611,IP0078,SUCCESS
T00006140,M0075,C0655,2026-01-08 23:00:58,2042.4,UPI,D0385,IP0342,SUCCESS
T00006141,M0047,C1216,2026-01-04 06:10:11,81.13,UPI,D0305,IP0637,SUCCESS
T00006142,M0446,C0572,2026-03-20 21:14:22,6512.72,card,D0051,IP0168,SUCCESS
T00006143,M0189,C0423,2026-03-23 20:10:27,4982.1,netbanking,D0392,IP0570,SUCCESS
T00006144,M0419,C0813,2026-01-02 11:02:05,26472.77,UPI,D0016,IP0547,SUCCESS
T00006145,M0410,C0952,2026-03-31 11:38:19,1734.76,card,D0552,IP0471,SUCCESS
T00006146,M0367,C1273,2026-03-04 23:02:19,3308.69,netbanking,D0013,IP0540,SUCCESS
T00006147,M0132,C0042,2026-02-25 23:47:30,1530.8,card,D0227,IP0209,SUCCESS
T00006148,M0239,C0157,2026-01-20 23:05:11,295.93,wallet,D0398,IP0187,SUCCESS
T00006149,M0424,C0655,2026-02-22 10:16:47,2378.19,UPI,D0436,IP0263,SUCCESS
T00006150,M0075,C0389,2026-03-02 11:39:23,1021.28,card,D0594,IP0688,SUCCESS
T00006151,M0289,C1386,2026-02-25 23:44:25,252.54,UPI,D0654,IP0703,REFUNDED
T00006152,M0113,C1201,2026-01-01 17:12:52,3785.74,card,D0296,IP0262,SUCCESS
T00006153,M0075,C0868,2026-01-20 14:00:18,647.7,UPI,D0403,IP0342,SUCCESS
T00006154,M0248,C0907,2026-03-21 13:11:12,1859.44,UPI,D0130,IP0361,SUCCESS
T00006155,M0176,C0976,2026-01-17 16:06:56,11590.0,card,D0471,IP0282,SUCCESS
T00006156,M0424,C0655,2026-02-24 08:37:55,848.78,UPI,D0189,IP0125,FAILED
T00006157,M0278,C0768,2026-01-14 17:39:27,738.75,UPI,D0257,IP0173,SUCCESS
T00006158,M0402,C1419,2026-03-25 16:59:54,1971.55,card,D0645,IP0022,SUCCESS
T00006159,M0364,C0555,2026-01-23 13:54:00,709.63,netbanking,D0274,IP0158,SUCCESS
T00006160,M0482,C0019,2026-01-24 14:56:04,3108.25,UPI,D0108,IP0431,SUCCESS
T00006161,M0149,C1276,2026-03-25 17:40:03,939.2,UPI,D0381,IP0626,SUCCESS
T00006162,M0410,C0945,2026-01-13 22:34:15,5153.9,UPI,D0526,IP0189,SUCCESS
T00006163,M0125,C1108,2026-03-16 19:29:00,2281.99,card,D0420,IP0149,SUCCESS
T00006164,M0444,C0964,2026-03-22 07:51:23,3095.25,UPI,D0611,IP0296,SUCCESS
T00006165,M0448,C0103,2026-03-20 22:46:15,3064.1,card,D0329,IP0566,SUCCESS
T00006166,M0424,C0230,2026-02-25 16:16:45,1263.54,wallet,D0442,IP0125,SUCCESS
T00006167,M0185,C1382,2026-01-15 12:06:11,15074.9,netbanking,D0316,IP0632,SUCCESS
T00006168,M0113,C0453,2026-02-15 12:41:57,557.37,UPI,D0403,IP0262,SUCCESS
T00006169,M0434,C0769,2026-03-30 15:31:23,1986.58,card,D0742,IP0566,FAILED
T00006170,M0327,C0653,2026-03-06 13:16:58,457.81,UPI,D0086,IP0600,SUCCESS
T00006171,M0254,C0198,2026-03-02 10:21:56,1767.44,UPI,D0465,IP0307,SUCCESS
T00006172,M0229,C0819,2026-01-19 23:32:51,5949.23,UPI,D0283,IP0327,SUCCESS
T00006173,M0075,C0649,2026-03-15 11:25:09,1644.85,netbanking,D0301,IP0200,SUCCESS
T00006174,M0359,C0413,2026-01-30 19:31:17,355.2,card,D0740,IP0493,SUCCESS
T00006175,M0295,C1117,2026-03-03 12:56:10,5528.72,UPI,D0441,IP0670,SUCCESS
T00006176,M0487,C0215,2026-01-25 16:06:07,296.11,UPI,D0230,IP0358,SUCCESS
T00006177,M0366,C1141,2026-01-13 07:49:14,427.21,wallet,D0662,IP0637,SUCCESS
T00006178,M0487,C0140,2026-03-29 23:59:37,1447.31,UPI,D0405,IP0566,FAILED
T00006179,M0105,C0569,2026-02-11 08:37:44,12116.59,card,D0328,IP0622,SUCCESS
T00006180,M0370,C0412,2026-03-10 06:39:04,2876.4,netbanking,D0202,IP0013,SUCCESS
T00006181,M0424,C0147,2026-03-23 18:58:37,910.73,netbanking,D0463,IP0125,SUCCESS
T00006182,M0337,C0255,2026-02-12 10:41:40,851.84,UPI,D0444,IP0290,SUCCESS
T00006183,M0340,C1083,2026-01-12 23:36:52,2919.71,UPI,D0340,IP0578,SUCCESS
T00006184,M0113,C1123,2026-01-31 20:21:54,1186.17,card,D0296,IP0156,SUCCESS
T00006185,M0185,C0978,2026-03-23 15:30:57,6726.17,netbanking,D0061,IP0709,FAILED
T00006186,M0353,C1113,2026-03-04 18:56:06,215.95,UPI,D0551,IP0504,SUCCESS
T00006187,M0267,C1167,2026-03-23 07:48:51,445.71,wallet,D0379,IP0211,SUCCESS
T00006188,M0444,C0386,2026-01-07 08:20:28,2227.84,wallet,D0611,IP0152,SUCCESS
T00006189,M0410,C1431,2026-02-06 19:09:46,2474.62,card,D0552,IP0189,SUCCESS
T00006190,M0297,C0611,2026-02-22 16:25:10,884.55,UPI,D0698,IP0509,SUCCESS
T00006191,M0337,C1305,2026-02-08 15:12:22,2409.14,UPI,D0609,IP0633,SUCCESS
T00006192,M0363,C0105,2026-02-14 10:03:07,2743.02,UPI,D0282,IP0029,SUCCESS
T00006193,M0362,C1430,2026-02-20 11:07:53,1598.3,wallet,D0377,IP0691,SUCCESS
T00006194,M0379,C1226,2026-01-24 07:40:20,260.99,netbanking,D0072,IP0517,SUCCESS
T00006195,M0286,C0218,2026-02-09 06:07:02,150.49,UPI,D0116,IP0450,FAILED
T00006196,M0092,C1076,2026-02-21 17:45:53,11267.99,card,D0549,IP0224,SUCCESS
T00006197,M0484,C0574,2026-02-01 09:17:37,1855.84,card,D0138,IP0704,SUCCESS
T00006198,M0012,C1343,2026-02-25 14:40:07,3648.33,UPI,D0492,IP0327,SUCCESS
T00006199,M0012,C1492,2026-01-09 17:47:55,1059.06,UPI,D0492,IP0541,SUCCESS
T00006200,M0480,C1162,2026-03-14 11:08:22,372.09,UPI,D0450,IP0746,SUCCESS
T00006201,M0286,C1205,2026-02-05 15:13:13,261.14,wallet,D0116,IP0450,SUCCESS
T00006202,M0424,C0250,2026-03-12 16:29:18,750.16,wallet,D0471,IP0125,SUCCESS
T00006203,M0216,C0136,2026-03-30 17:17:34,5171.27,netbanking,D0158,IP0001,SUCCESS
T00006204,M0244,C0595,2026-01-28 16:50:43,1298.22,wallet,D0296,IP0165,SUCCESS
T00006205,M0381,C0595,2026-02-25 22:49:16,291.78,wallet,D0675,IP0262,SUCCESS
T00006206,M0289,C1120,2026-01-18 19:55:36,1007.88,UPI,D0093,IP0703,SUCCESS
T00006207,M0462,C1128,2026-03-06 19:07:33,789.57,wallet,D0396,IP0525,SUCCESS
T00006208,M0376,C0030,2026-01-02 22:02:33,1316.84,wallet,D0690,IP0207,SUCCESS
T00006209,M0297,C0094,2026-02-23 21:47:17,890.93,card,D0573,IP0429,SUCCESS
T00006210,M0427,C0683,2026-03-16 14:31:14,4725.91,card,D0067,IP0659,SUCCESS
T00006211,M0303,C0839,2026-03-08 12:04:00,1508.99,wallet,D0655,IP0292,SUCCESS
T00006212,M0170,C0976,2026-02-10 08:32:43,2494.56,card,D0159,IP0551,SUCCESS
T00006213,M0087,C0393,2026-03-21 17:51:26,3902.77,netbanking,D0301,IP0574,SUCCESS
T00006214,M0203,C0953,2026-03-18 22:02:17,527.05,UPI,D0315,IP0002,SUCCESS
T00006215,M0354,C0020,2026-03-20 21:49:55,5751.9,netbanking,D0095,IP0617,SUCCESS
T00006216,M0490,C0243,2026-01-31 19:44:48,1031.19,card,D0684,IP0119,SUCCESS
T00006217,M0402,C1475,2026-03-14 17:43:34,1530.23,card,D0154,IP0511,SUCCESS
T00006218,M0344,C1161,2026-03-10 23:44:41,3650.28,card,D0231,IP0172,SUCCESS
T00006219,M0131,C0149,2026-03-12 20:30:28,8315.2,card,D0147,IP0050,SUCCESS
T00006220,M0381,C1006,2026-03-06 17:52:34,1040.9,UPI,D0024,IP0207,SUCCESS
T00006221,M0296,C0971,2026-02-15 16:37:00,3532.07,netbanking,D0318,IP0627,SUCCESS
T00006222,M0401,C1033,2026-02-26 09:30:46,2440.83,wallet,D0103,IP0595,SUCCESS
T00006223,M0210,C1082,2026-02-07 15:41:09,2577.01,UPI,D0061,IP0111,SUCCESS
T00006224,M0272,C1296,2026-03-02 09:42:44,5460.93,card,D0718,IP0044,SUCCESS
T00006225,M0297,C1326,2026-01-02 14:16:22,1536.78,card,D0326,IP0440,SUCCESS
T00006226,M0208,C1143,2026-02-01 18:33:45,4291.48,UPI,D0615,IP0705,SUCCESS
T00006227,M0319,C0026,2026-01-14 15:10:26,975.85,card,D0613,IP0353,SUCCESS
T00006228,M0164,C0837,2026-01-18 16:02:11,390.82,card,D0181,IP0284,FAILED
T00006229,M0056,C0782,2026-02-07 08:11:17,1186.02,card,D0733,IP0143,SUCCESS
T00006230,M0120,C0209,2026-03-18 23:19:14,13690.21,card,D0347,IP0186,SUCCESS
T00006231,M0286,C0259,2026-01-22 06:27:44,204.07,wallet,D0733,IP0674,SUCCESS
T00006232,M0048,C1026,2026-01-31 16:43:40,2819.71,UPI,D0553,IP0342,FAILED
T00006233,M0216,C1332,2026-01-01 13:25:50,7426.13,UPI,D0099,IP0179,SUCCESS
T00006234,M0367,C0658,2026-02-15 11:38:39,3611.59,UPI,D0664,IP0540,SUCCESS
T00006235,M0289,C1457,2026-02-28 23:18:51,700.38,UPI,D0110,IP0707,SUCCESS
T00006236,M0303,C1032,2026-03-12 18:18:08,375.66,card,D0061,IP0488,SUCCESS
T00006237,M0393,C0297,2026-02-08 23:52:39,6627.01,card,D0119,IP0093,SUCCESS
T00006238,M0088,C0571,2026-02-19 11:30:22,221.04,UPI,D0153,IP0511,SUCCESS
T00006239,M0152,C0594,2026-01-15 13:57:49,2827.92,wallet,D0365,IP0178,SUCCESS
T00006240,M0236,C0125,2026-03-19 19:56:20,2075.86,netbanking,D0132,IP0192,FAILED
T00006241,M0157,C0986,2026-01-01 11:17:53,1343.24,card,D0217,IP0317,SUCCESS
T00006242,M0248,C1422,2026-02-26 13:10:50,706.62,wallet,D0445,IP0340,SUCCESS
T00006243,M0456,C1037,2026-01-14 13:15:16,8007.85,netbanking,D0253,IP0173,SUCCESS
T00006244,M0082,C0764,2026-02-04 10:23:23,209.63,UPI,D0644,IP0050,SUCCESS
T00006245,M0169,C0035,2026-01-23 12:34:58,1395.88,card,D0642,IP0518,SUCCESS
T00006246,M0444,C0320,2026-02-11 12:40:43,7242.67,card,D0314,IP0078,SUCCESS
T00006247,M0306,C0547,2026-03-22 21:04:33,1297.51,UPI,D0596,IP0426,SUCCESS
T00006248,M0487,C0322,2026-01-30 18:50:31,478.76,UPI,D0367,IP0224,SUCCESS
T00006249,M0118,C0647,2026-02-05 09:52:25,2633.17,wallet,D0575,IP0292,SUCCESS
T00006250,M0404,C1404,2026-01-28 09:03:40,1864.82,UPI,D0539,IP0490,SUCCESS
T00006251,M0433,C0905,2026-01-23 08:59:35,3385.54,wallet,D0684,IP0098,FAILED
T00006252,M0487,C0554,2026-03-19 12:51:35,1810.96,UPI,D0738,IP0109,SUCCESS
T00006253,M0113,C0553,2026-02-26 20:15:30,261.49,wallet,D0296,IP0262,SUCCESS
T00006254,M0298,C1134,2026-02-16 14:43:39,5711.23,card,D0740,IP0522,SUCCESS
T00006255,M0229,C0718,2026-02-24 19:10:28,4841.85,card,D0506,IP0327,SUCCESS
T00006256,M0335,C0919,2026-01-06 15:48:24,662.51,UPI,D0151,IP0676,SUCCESS
T00006257,M0061,C0747,2026-03-27 12:09:04,1581.8,UPI,D0405,IP0264,SUCCESS
T00006258,M0267,C0697,2026-01-06 14:17:19,1164.83,card,D0675,IP0197,SUCCESS
T00006259,M0015,C0316,2026-03-23 23:28:28,391.97,wallet,D0115,IP0288,SUCCESS
T00006260,M0176,C1005,2026-03-23 07:16:15,959.36,card,D0678,IP0462,SUCCESS
T00006261,M0424,C1494,2026-01-11 12:22:58,4946.2,UPI,D0189,IP0125,FAILED
T00006262,M0263,C0733,2026-03-07 16:57:39,2257.91,UPI,D0151,IP0556,SUCCESS
T00006263,M0441,C0066,2026-03-12 21:57:47,740.79,UPI,D0286,IP0122,SUCCESS
T00006264,M0039,C0315,2026-01-19 21:53:24,3674.46,card,D0629,IP0068,SUCCESS
T00006265,M0380,C1346,2026-03-29 14:26:32,1588.47,UPI,D0267,IP0182,SUCCESS
T00006266,M0040,C0454,2026-01-01 12:55:35,3323.04,card,D0194,IP0510,SUCCESS
T00006267,M0113,C1033,2026-01-16 13:56:14,400.32,wallet,D0296,IP0603,SUCCESS
T00006268,M0424,C0430,2026-03-21 12:20:44,666.74,UPI,D0189,IP0183,SUCCESS
T00006269,M0013,C0203,2026-03-03 17:53:27,4193.56,card,D0665,IP0474,FAILED
T00006270,M0214,C1342,2026-02-09 10:49:22,867.44,card,D0655,IP0405,SUCCESS
T00006271,M0478,C1171,2026-02-19 20:14:11,6602.53,card,D0391,IP0101,SUCCESS
T00006272,M0113,C0298,2026-02-09 08:32:37,532.49,UPI,D0296,IP0635,SUCCESS
T00006273,M0480,C1082,2026-03-21 09:16:00,369.39,UPI,D0726,IP0311,SUCCESS
T00006274,M0129,C0543,2026-03-14 12:40:40,567.7,netbanking,D0256,IP0094,SUCCESS
T00006275,M0159,C0023,2026-02-12 20:31:48,8142.78,UPI,D0109,IP0503,SUCCESS
T00006276,M0356,C0632,2026-03-31 19:40:32,814.98,wallet,D0549,IP0422,SUCCESS
T00006277,M0004,C0623,2026-03-26 23:31:21,1366.3,card,D0703,IP0616,SUCCESS
T00006278,M0382,C1365,2026-02-24 11:26:53,2020.11,UPI,D0424,IP0235,SUCCESS
T00006279,M0465,C1286,2026-02-16 17:09:31,11750.3,card,D0634,IP0636,SUCCESS
T00006280,M0205,C0569,2026-02-19 22:20:57,495.76,card,D0290,IP0089,SUCCESS
T00006281,M0333,C0274,2026-01-10 16:20:51,2020.97,UPI,D0313,IP0439,SUCCESS
T00006282,M0205,C1131,2026-03-08 20:22:00,1226.54,UPI,D0290,IP0147,SUCCESS
T00006283,M0376,C0346,2026-02-22 21:53:05,401.91,UPI,D0202,IP0538,SUCCESS
T00006284,M0297,C1489,2026-01-13 20:18:56,2774.66,UPI,D0467,IP0440,SUCCESS
T00006285,M0289,C0400,2026-01-21 15:41:51,293.69,UPI,D0520,IP0579,SUCCESS
T00006286,M0035,C0064,2026-01-06 15:54:00,383.98,wallet,D0303,IP0482,SUCCESS
T00006287,M0364,C0555,2026-03-20 13:12:44,764.54,card,D0278,IP0241,SUCCESS
T00006288,M0289,C0991,2026-02-15 23:34:16,1007.01,wallet,D0688,IP0707,SUCCESS
T00006289,M0185,C1419,2026-01-31 13:36:53,2875.66,card,D0397,IP0709,FAILED
T00006290,M0273,C1429,2026-01-23 17:26:59,775.77,UPI,D0056,IP0097,FAILED
T00006291,M0195,C0196,2026-02-25 12:03:23,12252.8,UPI,D0541,IP0140,SUCCESS
T00006292,M0159,C0708,2026-03-27 11:36:49,3719.24,netbanking,D0170,IP0723,SUCCESS
T00006293,M0089,C1060,2026-02-21 12:36:14,5097.62,card,D0288,IP0610,SUCCESS
T00006294,M0142,C0493,2026-01-07 13:57:52,1118.05,UPI,D0301,IP0672,SUCCESS
T00006295,M0099,C0782,2026-02-02 18:09:45,691.76,UPI,D0424,IP0722,SUCCESS
T00006296,M0007,C0468,2026-01-02 16:57:24,4041.4,card,D0258,IP0540,SUCCESS
T00006297,M0401,C0880,2026-03-21 09:03:12,779.54,UPI,D0649,IP0595,SUCCESS
T00006298,M0075,C0006,2026-01-03 12:43:52,1319.91,wallet,D0615,IP0692,SUCCESS
T00006299,M0224,C1294,2026-03-03 15:09:13,1322.39,UPI,D0247,IP0175,SUCCESS
T00006300,M0359,C0388,2026-01-15 14:46:24,687.16,card,D0740,IP0605,SUCCESS
T00006301,M0382,C0104,2026-02-05 15:12:20,3123.86,UPI,D0424,IP0325,SUCCESS
T00006302,M0057,C0792,2026-03-30 20:59:12,1161.69,UPI,D0009,IP0517,SUCCESS
T00006303,M0450,C0203,2026-02-09 21:31:59,6308.21,card,D0368,IP0425,SUCCESS
T00006304,M0071,C0596,2026-03-02 10:24:23,2750.99,netbanking,D0543,IP0348,SUCCESS
T00006305,M0289,C0050,2026-03-27 18:05:07,3573.96,wallet,D0520,IP0611,SUCCESS
T00006306,M0424,C0694,2026-02-12 13:19:27,490.83,card,D0471,IP0125,SUCCESS
T00006307,M0257,C0220,2026-03-14 11:45:32,1360.12,card,D0709,IP0190,SUCCESS
T00006308,M0500,C1373,2026-03-02 15:11:04,1289.33,UPI,D0098,IP0278,SUCCESS
T00006309,M0381,C0951,2026-01-07 19:34:42,434.67,netbanking,D0553,IP0565,SUCCESS
T00006310,M0199,C0549,2026-01-15 16:10:03,8292.57,card,D0504,IP0657,SUCCESS
T00006311,M0056,C1135,2026-03-18 19:26:31,1255.14,card,D0733,IP0624,SUCCESS
T00006312,M0425,C0007,2026-02-09 23:08:52,9490.97,card,D0395,IP0481,SUCCESS
T00006313,M0444,C0817,2026-03-14 09:59:46,6370.01,card,D0687,IP0296,SUCCESS
T00006314,M0352,C0138,2026-01-21 12:36:30,6211.06,card,D0567,IP0582,SUCCESS
T00006315,M0195,C0976,2026-02-15 16:47:35,984.81,UPI,D0116,IP0114,SUCCESS
T00006316,M0307,C0069,2026-03-18 10:27:38,589.36,wallet,D0354,IP0569,SUCCESS
T00006317,M0001,C1177,2026-03-18 16:14:36,6252.56,netbanking,D0044,IP0706,SUCCESS
T00006318,M0230,C0910,2026-01-06 18:02:39,3367.6,UPI,D0508,IP0505,SUCCESS
T00006319,M0491,C0651,2026-03-31 17:36:57,4507.75,card,D0544,IP0119,SUCCESS
T00006320,M0137,C0104,2026-02-24 14:39:30,3852.22,card,D0048,IP0110,SUCCESS
T00006321,M0370,C0801,2026-03-06 18:40:35,1390.89,netbanking,D0202,IP0013,SUCCESS
T00006322,M0076,C1462,2026-01-31 13:04:28,618.21,UPI,D0158,IP0538,SUCCESS
T00006323,M0398,C0029,2026-03-05 17:21:19,1022.82,UPI,D0598,IP0461,SUCCESS
T00006324,M0248,C1084,2026-03-03 15:26:38,369.77,UPI,D0623,IP0420,SUCCESS
T00006325,M0201,C0238,2026-02-23 11:51:53,2877.87,UPI,D0263,IP0562,SUCCESS
T00006326,M0289,C0348,2026-01-08 17:59:27,903.43,wallet,D0093,IP0099,SUCCESS
T00006327,M0424,C0121,2026-01-20 18:03:56,841.24,card,D0189,IP0125,SUCCESS
T00006328,M0432,C1263,2026-01-15 16:58:57,4309.78,UPI,D0170,IP0181,SUCCESS
T00006329,M0204,C1220,2026-03-04 16:15:25,512.07,card,D0273,IP0726,SUCCESS
T00006330,M0353,C0198,2026-02-15 15:04:05,1936.58,netbanking,D0452,IP0489,SUCCESS
T00006331,M0186,C1252,2026-02-25 14:57:45,1652.47,card,D0595,IP0607,SUCCESS
T00006332,M0254,C0630,2026-02-21 08:20:03,1327.07,card,D0231,IP0660,SUCCESS
T00006333,M0363,C0879,2026-03-23 12:45:05,2776.66,card,D0282,IP0029,SUCCESS
T00006334,M0147,C0856,2026-01-30 13:43:38,9008.1,wallet,D0661,IP0595,SUCCESS
T00006335,M0189,C0434,2026-03-06 16:19:16,970.88,netbanking,D0407,IP0174,SUCCESS
T00006336,M0113,C1070,2026-03-15 12:02:44,3159.35,wallet,D0296,IP0635,SUCCESS
T00006337,M0331,C0370,2026-01-09 19:38:15,6099.2,UPI,D0663,IP0735,SUCCESS
T00006338,M0437,C0748,2026-01-12 07:46:49,392.54,wallet,D0114,IP0356,SUCCESS
T00006339,M0471,C0097,2026-02-22 08:09:32,372.53,card,D0329,IP0279,SUCCESS
T00006340,M0480,C1400,2026-02-20 10:26:39,422.34,UPI,D0450,IP0208,SUCCESS
T00006341,M0410,C0293,2026-02-15 14:02:20,1925.47,UPI,D0526,IP0720,SUCCESS
T00006342,M0267,C0107,2026-03-08 14:58:26,2411.78,UPI,D0379,IP0682,SUCCESS
T00006343,M0424,C1266,2026-03-03 09:13:53,636.47,UPI,D0189,IP0125,SUCCESS
T00006344,M0147,C1310,2026-03-27 17:58:30,1959.42,card,D0661,IP0245,SUCCESS
T00006345,M0289,C0547,2026-01-28 16:51:34,1998.56,netbanking,D0688,IP0062,SUCCESS
T00006346,M0472,C0850,2026-03-29 20:17:51,1129.14,wallet,D0627,IP0651,SUCCESS
T00006347,M0319,C0214,2026-01-25 20:50:31,453.07,card,D0331,IP0336,SUCCESS
T00006348,M0337,C0140,2026-02-04 09:56:11,2748.62,netbanking,D0310,IP0633,SUCCESS
T00006349,M0347,C0606,2026-03-28 09:20:18,1202.31,UPI,D0296,IP0214,REFUNDED
T00006350,M0424,C1164,2026-01-11 16:14:56,1323.59,wallet,D0436,IP0125,SUCCESS
T00006351,M0065,C1265,2026-03-26 22:30:34,7548.22,UPI,D0336,IP0559,SUCCESS
T00006352,M0213,C0073,2026-01-07 20:54:01,9477.38,UPI,D0356,IP0592,SUCCESS
T00006353,M0478,C1096,2026-02-09 18:54:19,5976.78,netbanking,D0087,IP0257,SUCCESS
T00006354,M0487,C0701,2026-01-02 15:53:18,1373.04,UPI,D0738,IP0541,SUCCESS
T00006355,M0303,C0839,2026-02-06 15:50:11,1383.61,UPI,D0271,IP0292,SUCCESS
T00006356,M0171,C1352,2026-01-31 10:15:08,455.35,UPI,D0636,IP0732,SUCCESS
T00006357,M0441,C0763,2026-01-04 18:16:36,1196.3,card,D0369,IP0108,FAILED
T00006358,M0454,C1458,2026-02-22 03:09:14,1516.97,card,D0151,IP0294,SUCCESS
T00006359,M0169,C0960,2026-02-04 23:17:00,3471.84,card,D0458,IP0213,REFUNDED
T00006360,M0400,C1080,2026-01-31 23:50:36,520.25,wallet,D0567,IP0215,SUCCESS
T00006361,M0482,C0549,2026-03-08 08:23:15,8838.82,UPI,D0138,IP0741,SUCCESS
T00006362,M0246,C0607,2026-02-01 08:32:32,2223.61,card,D0313,IP0484,SUCCESS
T00006363,M0064,C0832,2026-03-22 16:35:11,1067.48,netbanking,D0389,IP0368,SUCCESS
T00006364,M0430,C0378,2026-02-11 17:41:17,4847.95,card,D0697,IP0143,SUCCESS
T00006365,M0366,C0136,2026-02-07 11:43:44,771.48,card,D0204,IP0127,SUCCESS
T00006366,M0405,C1215,2026-02-08 09:54:47,976.73,netbanking,D0015,IP0734,SUCCESS
T00006367,M0364,C0215,2026-01-29 11:55:19,2186.1,UPI,D0326,IP0373,SUCCESS
T00006368,M0233,C0668,2026-02-20 17:52:13,1979.8,UPI,D0397,IP0530,SUCCESS
T00006369,M0487,C0937,2026-03-11 18:41:11,814.92,UPI,D0405,IP0530,SUCCESS
T00006370,M0347,C1199,2026-03-20 12:04:13,591.99,netbanking,D0389,IP0063,SUCCESS
T00006371,M0297,C1283,2026-02-17 13:40:09,828.06,card,D0041,IP0429,SUCCESS
T00006372,M0303,C0476,2026-03-08 16:40:00,869.69,UPI,D0708,IP0550,SUCCESS
T00006373,M0405,C0820,2026-02-10 16:42:49,1782.43,wallet,D0268,IP0351,SUCCESS
T00006374,M0337,C1304,2026-02-11 18:29:50,1729.12,UPI,D0349,IP0447,SUCCESS
T00006375,M0053,C0845,2026-03-09 16:17:06,4480.18,UPI,D0185,IP0744,SUCCESS
T00006376,M0165,C1309,2026-02-26 18:19:35,1320.6,wallet,D0587,IP0165,SUCCESS
T00006377,M0289,C0991,2026-03-26 22:51:56,371.95,wallet,D0110,IP0390,SUCCESS
T00006378,M0113,C0751,2026-01-12 10:07:59,2551.52,card,D0296,IP0635,SUCCESS
T00006379,M0443,C0406,2026-02-08 11:44:41,3935.3,netbanking,D0682,IP0127,SUCCESS
T00006380,M0410,C1078,2026-01-17 19:14:15,2831.08,UPI,D0552,IP0189,SUCCESS
T00006381,M0405,C1140,2026-02-03 21:22:59,468.25,UPI,D0164,IP0115,SUCCESS
T00006382,M0263,C0039,2026-01-30 17:56:05,1354.64,UPI,D0447,IP0210,REFUNDED
T00006383,M0169,C0770,2026-02-20 18:12:50,10117.32,card,D0458,IP0518,SUCCESS
T00006384,M0431,C0156,2026-02-14 20:52:28,954.28,UPI,D0552,IP0237,SUCCESS
T00006385,M0204,C1033,2026-03-23 04:29:15,399.58,card,D0109,IP0320,SUCCESS
T00006386,M0303,C1429,2026-02-21 16:53:57,992.16,wallet,D0708,IP0605,SUCCESS
T00006387,M0169,C0234,2026-02-21 14:29:42,1404.25,wallet,D0642,IP0570,SUCCESS
T00006388,M0491,C1346,2026-03-10 23:18:43,749.25,card,D0711,IP0185,SUCCESS
T00006389,M0382,C0104,2026-02-26 23:49:56,1987.85,wallet,D0524,IP0325,SUCCESS
T00006390,M0487,C1183,2026-01-29 11:20:44,1120.86,UPI,D0738,IP0081,FAILED
T00006391,M0487,C1252,2026-01-17 23:12:51,400.2,card,D0367,IP0530,SUCCESS
T00006392,M0135,C0452,2026-02-28 23:48:50,10341.48,UPI,D0662,IP0332,SUCCESS
T00006393,M0398,C0697,2026-02-16 17:53:44,1451.39,card,D0494,IP0059,SUCCESS
T00006394,M0263,C0954,2026-02-18 09:27:07,3959.81,card,D0447,IP0629,SUCCESS
T00006395,M0352,C1263,2026-02-06 22:09:23,12296.33,card,D0179,IP0450,SUCCESS
T00006396,M0263,C1143,2026-01-29 18:51:31,1073.92,card,D0168,IP0210,SUCCESS
T00006397,M0039,C0198,2026-01-24 13:00:11,7216.87,card,D0033,IP0452,SUCCESS
T00006398,M0370,C0664,2026-01-07 12:56:33,848.34,UPI,D0559,IP0013,SUCCESS
T00006399,M0278,C0618,2026-01-12 20:34:23,233.5,card,D0358,IP0627,FAILED
T00006400,M0101,C0572,2026-02-24 16:45:33,1774.88,UPI,D0310,IP0563,SUCCESS
T00006401,M0362,C1110,2026-03-27 07:09:23,1207.91,netbanking,D0377,IP0296,FAILED
T00006402,M0113,C1413,2026-01-18 21:44:36,472.25,card,D0403,IP0262,SUCCESS
T00006403,M0449,C1036,2026-03-01 07:58:29,407.17,card,D0324,IP0516,SUCCESS
T00006404,M0013,C1396,2026-03-25 15:59:06,823.93,netbanking,D0299,IP0509,SUCCESS
T00006405,M0234,C0272,2026-03-03 21:52:53,6813.33,card,D0524,IP0048,SUCCESS
T00006406,M0203,C0083,2026-03-20 23:09:14,751.86,wallet,D0042,IP0076,SUCCESS
T00006407,M0450,C0103,2026-01-28 23:54:06,3638.75,card,D0527,IP0488,SUCCESS
T00006408,M0402,C0581,2026-03-18 14:50:56,2154.68,wallet,D0122,IP0568,SUCCESS
T00006409,M0153,C0452,2026-01-29 13:02:00,572.54,card,D0711,IP0452,SUCCESS
T00006410,M0200,C0730,2026-01-26 17:11:34,828.56,UPI,D0638,IP0466,SUCCESS
T00006411,M0355,C0786,2026-01-17 15:30:32,1697.2,wallet,D0638,IP0129,REFUNDED
T00006412,M0487,C0598,2026-03-25 16:51:45,187.8,UPI,D0570,IP0697,SUCCESS
T00006413,M0229,C1039,2026-01-22 23:29:34,6712.95,card,D0451,IP0254,SUCCESS
T00006414,M0430,C0631,2026-03-18 09:23:03,1670.48,UPI,D0696,IP0282,SUCCESS
T00006415,M0386,C0362,2026-02-11 19:22:56,1891.6,UPI,D0598,IP0305,SUCCESS
T00006416,M0381,C1191,2026-02-02 22:45:29,813.48,wallet,D0713,IP0565,FAILED
T00006417,M0145,C1280,2026-02-17 22:28:03,604.05,UPI,D0133,IP0207,SUCCESS
T00006418,M0015,C1153,2026-01-21 17:30:55,634.12,UPI,D0156,IP0288,REFUNDED
T00006419,M0263,C0336,2026-03-10 08:28:45,1263.26,UPI,D0447,IP0556,SUCCESS
T00006420,M0337,C0418,2026-02-09 14:51:27,1714.63,UPI,D0243,IP0633,SUCCESS
T00006421,M0271,C0876,2026-02-06 11:06:11,2415.95,UPI,D0429,IP0729,SUCCESS
T00006422,M0216,C0240,2026-03-23 20:44:49,2301.26,netbanking,D0295,IP0416,SUCCESS
T00006423,M0167,C0141,2026-03-20 12:38:34,828.03,UPI,D0632,IP0415,SUCCESS
T00006424,M0444,C1112,2026-01-30 07:34:09,11485.01,card,D0611,IP0075,SUCCESS
T00006425,M0117,C0085,2026-03-30 19:01:12,1589.94,UPI,D0648,IP0533,SUCCESS
T00006426,M0003,C0588,2026-03-27 17:33:04,2267.33,UPI,D0669,IP0362,SUCCESS
T00006427,M0076,C0436,2026-03-24 12:50:07,3531.28,UPI,D0167,IP0045,FAILED
T00006428,M0249,C0712,2026-01-10 12:16:54,358.91,UPI,D0004,IP0241,SUCCESS
T00006429,M0303,C1433,2026-01-20 20:50:54,266.27,card,D0339,IP0467,SUCCESS
T00006430,M0379,C0781,2026-03-22 12:04:46,383.8,UPI,D0072,IP0448,SUCCESS
T00006431,M0304,C1203,2026-01-14 17:38:58,158.2,wallet,D0439,IP0349,SUCCESS
T00006432,M0354,C0758,2026-03-08 23:23:51,17786.14,card,D0095,IP0569,SUCCESS
T00006433,M0085,C0084,2026-01-10 16:34:26,763.0,UPI,D0140,IP0709,SUCCESS
T00006434,M0248,C0646,2026-01-23 15:57:11,589.45,UPI,D0623,IP0684,SUCCESS
T00006435,M0382,C1498,2026-01-28 18:02:37,2253.57,wallet,D0424,IP0230,SUCCESS
T00006436,M0189,C0423,2026-03-18 18:41:35,4237.52,card,D0628,IP0217,SUCCESS
T00006437,M0147,C0349,2026-03-08 16:48:10,3177.1,card,D0489,IP0082,SUCCESS
T00006438,M0163,C0757,2026-02-03 14:32:34,8648.41,UPI,D0159,IP0325,SUCCESS
T00006439,M0214,C0493,2026-03-03 20:55:46,1887.05,UPI,D0338,IP0405,SUCCESS
T00006440,M0001,C1357,2026-03-14 12:47:42,4319.7,netbanking,D0699,IP0603,SUCCESS
T00006441,M0465,C1488,2026-02-01 18:48:15,4183.57,card,D0144,IP0636,SUCCESS
T00006442,M0133,C1061,2026-03-07 21:09:15,5550.16,card,D0660,IP0635,SUCCESS
T00006443,M0443,C1193,2026-01-06 13:40:19,4841.8,netbanking,D0668,IP0368,SUCCESS
T00006444,M0037,C0686,2026-03-11 13:55:45,1076.03,netbanking,D0256,IP0327,REFUNDED
T00006445,M0165,C0923,2026-02-23 19:16:31,186.21,card,D0121,IP0377,SUCCESS
T00006446,M0303,C0839,2026-01-26 17:28:15,230.44,UPI,D0552,IP0132,SUCCESS
T00006447,M0111,C0671,2026-01-27 18:40:07,462.62,card,D0647,IP0318,SUCCESS
T00006448,M0491,C1108,2026-01-11 10:07:23,3519.51,card,D0711,IP0114,SUCCESS
T00006449,M0304,C0049,2026-01-07 11:26:59,192.9,UPI,D0201,IP0531,SUCCESS
T00006450,M0424,C1497,2026-02-24 08:52:22,571.72,UPI,D0463,IP0263,SUCCESS
T00006451,M0165,C1389,2026-01-22 16:33:28,737.98,wallet,D0730,IP0165,SUCCESS
T00006452,M0127,C1051,2026-02-03 14:25:52,440.58,UPI,D0193,IP0620,SUCCESS
T00006453,M0440,C0255,2026-02-11 16:47:00,13469.02,card,D0041,IP0088,SUCCESS
T00006454,M0142,C0139,2026-01-01 21:50:35,675.27,wallet,D0208,IP0672,SUCCESS
T00006455,M0216,C1220,2026-03-16 06:52:54,4012.38,wallet,D0066,IP0679,FAILED
T00006456,M0402,C1193,2026-01-11 15:45:31,2390.48,card,D0224,IP0568,SUCCESS
T00006457,M0142,C1449,2026-03-11 16:07:51,522.14,UPI,D0092,IP0672,SUCCESS
T00006458,M0362,C1230,2026-03-10 14:15:25,302.69,UPI,D0614,IP0112,FAILED
T00006459,M0485,C0603,2026-02-24 10:34:49,363.07,UPI,D0016,IP0469,SUCCESS
T00006460,M0301,C0543,2026-01-30 14:32:58,982.25,netbanking,D0259,IP0079,SUCCESS
T00006461,M0159,C0769,2026-01-25 21:09:26,1410.89,UPI,D0227,IP0298,SUCCESS
T00006462,M0480,C0557,2026-01-07 08:55:58,793.88,UPI,D0695,IP0286,SUCCESS
T00006463,M0471,C0990,2026-01-26 06:40:27,1045.96,card,D0465,IP0507,SUCCESS
T00006464,M0347,C1337,2026-02-18 19:54:21,1338.75,UPI,D0700,IP0295,SUCCESS
T00006465,M0403,C0319,2026-01-16 16:59:00,5226.69,UPI,D0084,IP0562,SUCCESS
T00006466,M0403,C0008,2026-01-26 13:26:21,4167.98,UPI,D0477,IP0566,SUCCESS
T00006467,M0250,C0858,2026-03-11 16:54:14,359.67,UPI,D0451,IP0447,SUCCESS
T00006468,M0154,C1459,2026-01-20 06:44:14,1528.48,card,D0263,IP0388,SUCCESS
T00006469,M0048,C0605,2026-03-30 15:39:58,2855.41,UPI,D0038,IP0176,SUCCESS
T00006470,M0031,C0594,2026-03-30 15:36:59,999.72,card,D0048,IP0179,FAILED
T00006471,M0035,C0243,2026-02-21 19:13:42,1100.53,card,D0447,IP0667,SUCCESS
T00006472,M0145,C0959,2026-02-18 23:11:16,857.02,UPI,D0638,IP0057,SUCCESS
T00006473,M0080,C0326,2026-01-13 16:28:18,2873.25,UPI,D0610,IP0137,SUCCESS
T00006474,M0032,C0756,2026-03-03 21:36:15,588.52,card,D0556,IP0237,SUCCESS
T00006475,M0323,C1212,2026-01-07 09:48:08,1704.29,UPI,D0630,IP0344,SUCCESS
T00006476,M0201,C0308,2026-03-17 17:29:09,7062.95,card,D0263,IP0561,SUCCESS
T00006477,M0500,C0117,2026-02-08 11:44:09,1858.05,UPI,D0660,IP0086,SUCCESS
T00006478,M0366,C0049,2026-03-13 10:58:14,1188.49,card,D0662,IP0545,SUCCESS
T00006479,M0480,C1368,2026-02-28 12:51:21,1001.52,UPI,D0695,IP0457,SUCCESS
T00006480,M0047,C0345,2026-03-20 08:21:04,500.54,UPI,D0308,IP0533,SUCCESS
T00006481,M0152,C0780,2026-03-02 17:41:27,928.35,UPI,D0206,IP0429,SUCCESS
T00006482,M0410,C1139,2026-03-20 16:53:14,730.8,card,D0525,IP0720,SUCCESS
T00006483,M0343,C0864,2026-01-24 08:59:43,1179.86,UPI,D0233,IP0071,FAILED
T00006484,M0208,C1288,2026-02-19 10:49:53,1607.64,card,D0533,IP0457,SUCCESS
T00006485,M0434,C0058,2026-02-06 22:00:27,1763.62,card,D0684,IP0566,FAILED
T00006486,M0287,C0770,2026-02-02 21:11:02,1186.7,UPI,D0158,IP0332,FAILED
T00006487,M0471,C0107,2026-02-22 09:33:45,199.54,wallet,D0311,IP0263,SUCCESS
T00006488,M0303,C1330,2026-01-21 22:47:58,1229.07,UPI,D0660,IP0456,SUCCESS
T00006489,M0326,C0933,2026-02-19 18:13:53,2571.39,netbanking,D0032,IP0006,SUCCESS
T00006490,M0176,C1092,2026-01-19 05:36:31,412.55,wallet,D0097,IP0462,SUCCESS
T00006491,M0061,C0542,2026-01-24 09:27:17,4722.14,card,D0615,IP0489,SUCCESS
T00006492,M0008,C0020,2026-01-22 16:52:07,2002.22,card,D0740,IP0172,SUCCESS
T00006493,M0167,C0429,2026-01-31 12:54:44,931.74,card,D0491,IP0680,SUCCESS
T00006494,M0440,C1367,2026-03-11 13:23:49,2886.79,card,D0580,IP0136,SUCCESS
T00006495,M0199,C0118,2026-03-12 22:23:33,8099.22,card,D0153,IP0587,SUCCESS
T00006496,M0430,C0374,2026-02-17 13:25:04,903.37,netbanking,D0102,IP0618,SUCCESS
T00006497,M0492,C0973,2026-01-24 17:10:34,1934.79,card,D0038,IP0008,SUCCESS
T00006498,M0245,C0466,2026-01-01 22:05:58,11856.9,card,D0509,IP0382,SUCCESS
T00006499,M0248,C0289,2026-03-26 10:53:04,357.38,card,D0369,IP0340,SUCCESS
T00006500,M0441,C0094,2026-01-22 17:34:55,1862.05,card,D0369,IP0748,SUCCESS
T00006501,M0303,C0448,2026-02-04 14:53:47,2453.82,card,D0271,IP0422,SUCCESS
T00006502,M0428,C0559,2026-02-27 16:35:34,3114.17,netbanking,D0654,IP0421,SUCCESS
T00006503,M0380,C1294,2026-02-18 17:02:04,6824.96,card,D0133,IP0481,SUCCESS
T00006504,M0213,C1423,2026-03-04 10:38:03,5807.94,UPI,D0573,IP0592,SUCCESS
T00006505,M0358,C0942,2026-01-29 17:44:44,3078.85,card,D0491,IP0620,SUCCESS
T00006506,M0015,C1293,2026-02-17 17:02:53,1017.51,UPI,D0304,IP0351,SUCCESS
T00006507,M0288,C0662,2026-02-18 09:28:07,213.79,UPI,D0546,IP0423,FAILED
T00006508,M0071,C1382,2026-03-21 21:44:03,1525.07,netbanking,D0665,IP0067,SUCCESS
T00006509,M0303,C1359,2026-03-19 13:44:00,2220.73,card,D0061,IP0715,SUCCESS
T00006510,M0424,C1406,2026-03-19 23:26:47,2858.25,netbanking,D0442,IP0263,SUCCESS
T00006511,M0113,C0148,2026-01-16 10:32:18,2428.17,card,D0235,IP0156,SUCCESS
T00006512,M0224,C0553,2026-01-25 16:23:07,4072.02,card,D0182,IP0179,SUCCESS
T00006513,M0303,C0073,2026-03-20 18:47:38,740.84,UPI,D0046,IP0567,SUCCESS
T00006514,M0131,C0152,2026-03-03 20:36:29,3439.27,wallet,D0186,IP0720,SUCCESS
T00006515,M0015,C0049,2026-01-07 23:13:12,534.73,UPI,D0016,IP0111,SUCCESS
T00006516,M0001,C1252,2026-01-10 11:44:14,12750.35,netbanking,D0166,IP0706,SUCCESS
T00006517,M0147,C0488,2026-02-17 16:13:05,1958.14,UPI,D0489,IP0245,SUCCESS
T00006518,M0175,C0991,2026-03-02 14:53:47,2770.49,card,D0534,IP0657,SUCCESS
T00006519,M0261,C0790,2026-01-08 12:42:43,575.66,card,D0164,IP0495,SUCCESS
T00006520,M0440,C0287,2026-01-21 23:48:49,9497.75,card,D0268,IP0136,SUCCESS
T00006521,M0230,C0736,2026-01-26 12:42:13,1131.6,UPI,D0700,IP0645,SUCCESS
T00006522,M0065,C1196,2026-01-01 23:28:09,3550.63,netbanking,D0156,IP0559,FAILED
T00006523,M0189,C0774,2026-01-22 18:23:14,1397.26,netbanking,D0402,IP0629,SUCCESS
T00006524,M0174,C0176,2026-03-07 19:02:08,345.46,UPI,D0533,IP0417,SUCCESS
T00006525,M0313,C0838,2026-02-10 07:04:50,2099.85,wallet,D0439,IP0234,SUCCESS
T00006526,M0359,C0121,2026-01-26 09:58:52,808.09,UPI,D0740,IP0261,SUCCESS
T00006527,M0001,C1048,2026-03-21 16:18:02,6533.58,UPI,D0166,IP0291,SUCCESS
T00006528,M0302,C0271,2026-03-04 13:59:28,643.5,UPI,D0608,IP0469,SUCCESS
T00006529,M0147,C0856,2026-02-14 19:23:42,242.22,UPI,D0661,IP0245,SUCCESS
T00006530,M0405,C0876,2026-02-06 10:58:00,1072.32,UPI,D0202,IP0351,SUCCESS
T00006531,M0199,C1149,2026-01-27 13:05:10,4246.55,UPI,D0193,IP0413,SUCCESS
T00006532,M0471,C0116,2026-01-16 17:31:47,1029.0,UPI,D0311,IP0541,SUCCESS
T00006533,M0224,C0901,2026-01-13 15:36:49,2700.27,card,D0141,IP0179,SUCCESS
T00006534,M0203,C0942,2026-03-24 22:12:02,580.71,UPI,D0173,IP0476,SUCCESS
T00006535,M0101,C1042,2026-03-02 22:36:39,2089.01,netbanking,D0645,IP0375,SUCCESS
T00006536,M0118,C0232,2026-03-07 13:41:03,1090.0,UPI,D0575,IP0043,SUCCESS
T00006537,M0366,C0344,2026-01-09 09:23:58,192.41,wallet,D0748,IP0127,SUCCESS
T00006538,M0313,C0051,2026-02-09 12:02:22,12919.34,UPI,D0050,IP0102,SUCCESS
T00006539,M0303,C0988,2026-02-27 21:12:25,666.55,UPI,D0660,IP0605,SUCCESS
T00006540,M0101,C0985,2026-02-12 13:04:54,1463.39,UPI,D0093,IP0278,SUCCESS
T00006541,M0076,C1150,2026-01-19 08:22:39,2201.87,UPI,D0527,IP0045,SUCCESS
T00006542,M0248,C0477,2026-01-01 10:44:42,3404.99,UPI,D0013,IP0199,SUCCESS
T00006543,M0482,C0916,2026-03-25 11:00:44,7033.35,netbanking,D0209,IP0641,SUCCESS
T00006544,M0234,C1419,2026-02-03 19:04:52,19134.47,card,D0114,IP0296,SUCCESS
T00006545,M0465,C1008,2026-02-12 20:09:43,2145.99,card,D0394,IP0684,SUCCESS
T00006546,M0487,C1034,2026-02-16 15:02:04,338.93,UPI,D0738,IP0068,SUCCESS
T00006547,M0078,C1342,2026-01-29 19:57:16,3568.4,card,D0098,IP0609,REFUNDED
T00006548,M0478,C0670,2026-03-27 15:21:38,5600.58,card,D0551,IP0286,SUCCESS
T00006549,M0390,C1482,2026-02-08 15:57:52,1386.65,UPI,D0620,IP0669,SUCCESS
T00006550,M0075,C0572,2026-03-02 08:34:46,435.28,UPI,D0118,IP0255,SUCCESS
T00006551,M0395,C0946,2026-03-23 09:40:09,699.71,wallet,D0056,IP0495,FAILED
T00006552,M0285,C0322,2026-01-22 19:00:10,8300.3,netbanking,D0328,IP0748,SUCCESS
T00006553,M0105,C1118,2026-03-18 16:52:12,2104.43,card,D0035,IP0138,SUCCESS
T00006554,M0144,C0908,2026-01-10 23:58:08,10112.42,card,D0669,IP0562,SUCCESS
T00006555,M0382,C0494,2026-02-24 13:01:40,564.3,card,D0424,IP0235,SUCCESS
T00006556,M0182,C0976,2026-03-19 20:05:44,313.13,UPI,D0193,IP0608,SUCCESS
T00006557,M0482,C0790,2026-01-16 20:44:41,11581.46,UPI,D0655,IP0741,SUCCESS
T00006558,M0424,C1406,2026-02-24 14:11:46,594.25,UPI,D0436,IP0074,SUCCESS
T00006559,M0303,C0935,2026-01-22 17:28:00,710.58,UPI,D0271,IP0292,SUCCESS
T00006560,M0347,C0396,2026-02-12 16:45:58,2633.86,netbanking,D0206,IP0723,SUCCESS
T00006561,M0474,C0399,2026-02-26 22:55:02,268.26,wallet,D0643,IP0414,SUCCESS
T00006562,M0185,C0319,2026-01-20 14:22:44,10247.81,card,D0397,IP0696,SUCCESS
T00006563,M0424,C0818,2026-01-25 06:51:02,778.83,UPI,D0189,IP0125,SUCCESS
T00006564,M0254,C0566,2026-03-15 11:08:54,677.41,UPI,D0592,IP0188,SUCCESS
T00006565,M0446,C0759,2026-03-03 12:41:55,4707.1,UPI,D0347,IP0432,SUCCESS
T00006566,M0047,C1013,2026-03-04 08:25:19,1149.16,UPI,D0204,IP0308,SUCCESS
T00006567,M0386,C1187,2026-02-26 14:58:42,2868.8,netbanking,D0598,IP0482,SUCCESS
T00006568,M0424,C0980,2026-03-08 07:34:19,279.31,card,D0436,IP0125,SUCCESS
T00006569,M0339,C1169,2026-03-17 17:25:37,403.85,netbanking,D0502,IP0398,SUCCESS
T00006570,M0169,C1152,2026-02-18 13:04:32,943.02,card,D0642,IP0443,SUCCESS
T00006571,M0113,C1167,2026-03-14 22:15:24,327.27,card,D0296,IP0156,SUCCESS
T00006572,M0401,C1131,2026-01-17 10:20:42,1046.75,UPI,D0505,IP0016,SUCCESS
T00006573,M0098,C0672,2026-01-14 16:15:43,1347.52,card,D0445,IP0378,SUCCESS
T00006574,M0437,C0162,2026-01-06 08:22:20,3466.89,UPI,D0087,IP0548,SUCCESS
T00006575,M0288,C0963,2026-03-01 06:27:25,412.22,card,D0356,IP0701,FAILED
T00006576,M0216,C0695,2026-01-08 12:47:28,3998.55,netbanking,D0688,IP0001,SUCCESS
T00006577,M0144,C1303,2026-02-20 17:19:01,1959.8,card,D0264,IP0680,SUCCESS
T00006578,M0012,C0812,2026-02-09 11:16:15,3893.25,card,D0492,IP0672,FAILED
T00006579,M0466,C0920,2026-03-20 17:41:03,887.35,card,D0466,IP0554,SUCCESS
T00006580,M0333,C1180,2026-02-09 14:51:15,1614.43,card,D0494,IP0376,SUCCESS
T00006581,M0380,C1127,2026-01-02 10:07:15,2774.06,netbanking,D0055,IP0481,SUCCESS
T00006582,M0487,C0331,2026-01-30 23:39:55,407.71,card,D0021,IP0109,SUCCESS
T00006583,M0142,C0301,2026-02-05 23:11:34,388.39,UPI,D0436,IP0469,SUCCESS
T00006584,M0045,C1296,2026-01-31 16:53:12,2020.0,card,D0715,IP0073,SUCCESS
T00006585,M0276,C1495,2026-02-03 10:56:22,2006.12,UPI,D0470,IP0724,SUCCESS
T00006586,M0234,C0194,2026-02-05 23:34:43,10774.66,card,D0114,IP0740,SUCCESS
T00006587,M0046,C0719,2026-03-25 08:57:03,1006.6,UPI,D0525,IP0695,SUCCESS
T00006588,M0265,C0251,2026-02-03 11:08:15,1767.48,card,D0648,IP0301,SUCCESS
T00006589,M0302,C0547,2026-01-10 09:34:50,470.35,UPI,D0285,IP0290,SUCCESS
T00006590,M0085,C0157,2026-03-21 11:31:34,919.15,card,D0330,IP0022,SUCCESS
T00006591,M0379,C0338,2026-03-02 10:45:36,334.03,UPI,D0562,IP0719,SUCCESS
T00006592,M0203,C0987,2026-03-08 22:56:25,885.65,UPI,D0006,IP0076,SUCCESS
T00006593,M0306,C0251,2026-03-26 08:53:53,1263.88,UPI,D0614,IP0262,SUCCESS
T00006594,M0355,C1478,2026-03-24 22:20:57,1809.27,UPI,D0062,IP0510,SUCCESS
T00006595,M0205,C0430,2026-01-17 14:11:15,2028.36,card,D0526,IP0013,SUCCESS
T00006596,M0401,C1492,2026-02-27 07:59:39,2629.03,UPI,D0580,IP0016,REFUNDED
T00006597,M0363,C0382,2026-03-12 08:10:37,414.32,netbanking,D0265,IP0507,SUCCESS
T00006598,M0039,C0800,2026-01-25 09:20:57,2573.88,UPI,D0540,IP0210,SUCCESS
T00006599,M0101,C1432,2026-02-27 02:42:04,2043.29,wallet,D0645,IP0563,SUCCESS
T00006600,M0026,C1092,2026-02-15 11:48:37,5312.48,wallet,D0305,IP0271,SUCCESS
T00006601,M0444,C0541,2026-02-09 21:22:19,2704.8,netbanking,D0653,IP0296,SUCCESS
T00006602,M0203,C0411,2026-01-02 18:53:54,378.97,card,D0006,IP0476,SUCCESS
T00006603,M0297,C0287,2026-03-21 17:50:38,1623.86,UPI,D0286,IP0425,SUCCESS
T00006604,M0297,C1459,2026-03-31 11:45:58,7160.9,UPI,D0698,IP0053,SUCCESS
T00006605,M0267,C1212,2026-01-16 13:11:13,1067.0,card,D0055,IP0071,FAILED
T00006606,M0228,C1240,2026-01-31 19:36:41,535.12,UPI,D0443,IP0198,SUCCESS
T00006607,M0203,C1186,2026-03-11 21:05:30,322.86,card,D0173,IP0189,SUCCESS
T00006608,M0147,C1170,2026-01-24 15:16:31,806.07,UPI,D0489,IP0632,SUCCESS
T00006609,M0144,C0783,2026-02-06 16:54:08,20449.49,UPI,D0221,IP0155,SUCCESS
T00006610,M0358,C0920,2026-01-05 13:30:27,8018.37,UPI,D0375,IP0026,SUCCESS
T00006611,M0380,C0733,2026-03-25 18:22:12,4308.41,card,D0403,IP0481,SUCCESS
T00006612,M0146,C0395,2026-02-19 06:49:12,1016.84,UPI,D0095,IP0667,SUCCESS
T00006613,M0102,C0592,2026-01-16 14:39:19,1699.72,UPI,D0369,IP0495,SUCCESS
T00006614,M0410,C0570,2026-03-17 10:44:47,8635.26,UPI,D0098,IP0189,SUCCESS
T00006615,M0053,C0544,2026-01-06 10:17:02,4723.77,card,D0285,IP0193,SUCCESS
T00006616,M0303,C0671,2026-02-24 13:08:24,841.75,UPI,D0708,IP0292,SUCCESS
T00006617,M0276,C0345,2026-01-01 06:38:07,709.55,wallet,D0258,IP0724,SUCCESS
T00006618,M0379,C1419,2026-01-29 05:36:01,536.39,UPI,D0486,IP0439,SUCCESS
T00006619,M0419,C0408,2026-02-08 14:14:59,4119.84,netbanking,D0551,IP0465,SUCCESS
T00006620,M0476,C0037,2026-01-30 17:39:43,1782.43,card,D0445,IP0437,SUCCESS
T00006621,M0161,C1358,2026-03-13 15:35:46,828.71,UPI,D0493,IP0045,FAILED
T00006622,M0022,C0855,2026-02-22 18:06:22,464.2,UPI,D0145,IP0573,SUCCESS
T00006623,M0312,C0641,2026-03-29 12:50:12,404.74,wallet,D0157,IP0053,SUCCESS
T00006624,M0216,C0298,2026-01-17 16:24:59,652.5,UPI,D0499,IP0584,SUCCESS
T00006625,M0249,C0891,2026-02-24 06:11:38,2564.79,UPI,D0294,IP0103,SUCCESS
T00006626,M0434,C0559,2026-01-19 14:40:06,3702.46,wallet,D0684,IP0661,SUCCESS
T00006627,M0206,C1450,2026-02-20 14:55:37,5551.39,card,D0707,IP0461,SUCCESS
T00006628,M0302,C1417,2026-01-09 12:44:51,2209.21,netbanking,D0676,IP0469,SUCCESS
T00006629,M0101,C0763,2026-01-26 09:39:38,1287.85,card,D0747,IP0468,SUCCESS
T00006630,M0418,C1190,2026-03-08 16:29:26,2413.6,card,D0471,IP0223,SUCCESS
T00006631,M0279,C0309,2026-02-08 08:07:10,3993.17,UPI,D0730,IP0362,FAILED
T00006632,M0189,C0584,2026-03-22 16:20:56,8738.11,netbanking,D0494,IP0652,SUCCESS
T00006633,M0248,C0301,2026-03-31 16:47:14,718.18,wallet,D0369,IP0019,FAILED
T00006634,M0146,C1239,2026-01-21 18:52:45,1148.65,wallet,D0016,IP0553,SUCCESS
T00006635,M0304,C0049,2026-01-01 17:44:00,351.84,wallet,D0439,IP0364,SUCCESS
T00006636,M0142,C0944,2026-03-05 23:14:16,405.02,UPI,D0522,IP0672,SUCCESS
T00006637,M0205,C0137,2026-02-10 18:52:29,3970.07,card,D0430,IP0013,SUCCESS
T00006638,M0068,C0801,2026-01-24 14:16:29,604.15,UPI,D0369,IP0265,SUCCESS
T00006639,M0171,C1446,2026-01-22 16:45:07,5583.42,card,D0039,IP0199,SUCCESS
T00006640,M0216,C0415,2026-01-31 08:18:58,3217.03,netbanking,D0651,IP0679,FAILED
T00006641,M0410,C1432,2026-03-03 19:32:40,4617.53,UPI,D0526,IP0392,FAILED
T00006642,M0359,C0037,2026-03-10 12:51:49,558.74,wallet,D0059,IP0605,SUCCESS
T00006643,M0085,C0238,2026-02-21 20:05:36,1537.97,wallet,D0413,IP0590,SUCCESS
T00006644,M0331,C0635,2026-03-14 19:18:04,4665.0,netbanking,D0698,IP0735,SUCCESS
T00006645,M0249,C0555,2026-02-27 16:45:28,312.92,UPI,D0294,IP0663,REFUNDED
T00006646,M0230,C0485,2026-01-23 13:33:18,1420.24,UPI,D0560,IP0337,SUCCESS
T00006647,M0076,C0697,2026-01-12 17:11:34,1261.65,card,D0527,IP0538,SUCCESS
T00006648,M0325,C1274,2026-03-06 15:19:27,1282.89,UPI,D0745,IP0311,REFUNDED
T00006649,M0118,C1252,2026-02-24 10:01:23,3057.57,UPI,D0164,IP0417,SUCCESS
T00006650,M0165,C1055,2026-01-23 20:01:41,460.94,netbanking,D0029,IP0284,SUCCESS
T00006651,M0424,C0666,2026-01-12 15:25:27,344.15,UPI,D0463,IP0125,SUCCESS
T00006652,M0039,C0693,2026-03-10 15:37:59,6271.37,card,D0033,IP0018,FAILED
T00006653,M0410,C1421,2026-01-15 19:31:39,1124.91,card,D0525,IP0471,SUCCESS
T00006654,M0218,C0243,2026-02-04 18:11:21,3111.89,netbanking,D0450,IP0617,SUCCESS
T00006655,M0165,C0923,2026-02-25 22:27:19,567.16,UPI,D0730,IP0377,SUCCESS
T00006656,M0289,C1386,2026-02-25 17:19:56,868.49,UPI,D0093,IP0579,SUCCESS
T00006657,M0154,C0367,2026-03-05 14:22:24,633.3,UPI,D0181,IP0374,SUCCESS
T00006658,M0434,C0509,2026-01-03 15:49:17,708.2,wallet,D0173,IP0693,SUCCESS
T00006659,M0026,C0731,2026-02-07 16:16:58,2486.29,card,D0278,IP0086,SUCCESS
T00006660,M0366,C0136,2026-01-10 18:32:16,164.55,UPI,D0077,IP0187,SUCCESS
T00006661,M0424,C0950,2026-03-02 21:02:54,623.18,card,D0436,IP0125,SUCCESS
T00006662,M0138,C1007,2026-03-03 12:03:24,875.09,wallet,D0079,IP0625,SUCCESS
T00006663,M0409,C0332,2026-01-26 18:33:19,1087.72,wallet,D0149,IP0099,SUCCESS
T00006664,M0254,C0198,2026-01-07 19:35:59,991.55,UPI,D0403,IP0307,FAILED
T00006665,M0492,C1191,2026-03-27 17:00:08,1559.04,card,D0564,IP0215,SUCCESS
T00006666,M0214,C0720,2026-01-05 19:22:40,4305.32,UPI,D0655,IP0449,FAILED
T00006667,M0185,C0966,2026-03-08 12:02:57,5167.57,wallet,D0048,IP0082,SUCCESS
T00006668,M0455,C1286,2026-03-11 20:49:21,1271.84,UPI,D0594,IP0336,SUCCESS
T00006669,M0364,C1288,2026-01-05 13:56:05,1140.92,netbanking,D0274,IP0151,SUCCESS
T00006670,M0410,C0416,2026-03-22 13:26:29,1543.35,netbanking,D0552,IP0471,SUCCESS
T00006671,M0230,C1335,2026-02-16 23:12:03,496.08,card,D0508,IP0105,SUCCESS
T00006672,M0281,C0547,2026-02-07 15:38:08,497.89,UPI,D0395,IP0290,SUCCESS
T00006673,M0491,C0214,2026-01-11 09:27:09,1815.13,netbanking,D0551,IP0435,SUCCESS
T00006674,M0302,C0649,2026-02-16 19:12:26,1130.93,UPI,D0080,IP0662,SUCCESS
T00006675,M0403,C0920,2026-03-11 11:37:43,2125.72,netbanking,D0244,IP0239,SUCCESS
T00006676,M0490,C0210,2026-03-10 19:07:06,254.14,UPI,D0607,IP0726,SUCCESS
T00006677,M0395,C0948,2026-02-05 21:06:39,531.11,UPI,D0238,IP0692,SUCCESS
T00006678,M0383,C0660,2026-02-19 09:58:26,1012.37,netbanking,D0284,IP0225,SUCCESS
T00006679,M0083,C0954,2026-01-13 14:28:31,1021.94,UPI,D0304,IP0140,SUCCESS
T00006680,M0136,C0330,2026-01-08 08:12:02,1724.98,card,D0282,IP0504,SUCCESS
T00006681,M0410,C0390,2026-03-07 14:31:52,1820.01,UPI,D0003,IP0471,SUCCESS
T00006682,M0491,C0686,2026-01-08 15:51:27,1876.05,netbanking,D0153,IP0215,SUCCESS
T00006683,M0247,C1001,2026-01-08 18:48:02,4286.69,card,D0086,IP0360,SUCCESS
T00006684,M0405,C0608,2026-02-26 16:01:46,1690.18,netbanking,D0015,IP0351,SUCCESS
T00006685,M0008,C0711,2026-03-29 15:22:18,15464.71,netbanking,D0154,IP0234,SUCCESS
T00006686,M0092,C1285,2026-01-13 17:32:13,8084.58,UPI,D0736,IP0226,SUCCESS
T00006687,M0059,C0552,2026-02-04 15:42:41,1432.8,UPI,D0373,IP0298,SUCCESS
T00006688,M0076,C0005,2026-01-18 15:00:23,1092.98,card,D0527,IP0538,SUCCESS
T00006689,M0039,C0828,2026-03-28 13:54:31,5958.12,UPI,D0541,IP0018,SUCCESS
T00006690,M0015,C0736,2026-03-17 12:06:00,1049.06,UPI,D0110,IP0273,SUCCESS
T00006691,M0366,C0577,2026-03-10 08:26:32,266.94,UPI,D0662,IP0127,FAILED
T00006692,M0248,C1420,2026-03-06 06:53:52,946.53,UPI,D0369,IP0340,SUCCESS
T00006693,M0302,C1179,2026-02-15 17:00:26,305.77,UPI,D0006,IP0469,SUCCESS
T00006694,M0201,C0955,2026-03-07 21:55:22,2433.23,card,D0263,IP0103,SUCCESS
T00006695,M0229,C1016,2026-02-17 17:21:44,7735.66,card,D0283,IP0481,SUCCESS
T00006696,M0113,C0972,2026-01-31 17:22:13,536.46,UPI,D0403,IP0635,FAILED
T00006697,M0357,C0846,2026-03-06 10:26:17,2557.36,UPI,D0273,IP0517,SUCCESS
T00006698,M0101,C0289,2026-01-30 07:58:21,1230.26,UPI,D0027,IP0047,SUCCESS
T00006699,M0450,C0103,2026-03-27 21:15:22,4338.2,card,D0209,IP0333,SUCCESS
T00006700,M0165,C1473,2026-02-10 17:40:03,566.58,UPI,D0189,IP0377,SUCCESS
T00006701,M0150,C0977,2026-02-13 16:44:14,453.99,UPI,D0029,IP0599,SUCCESS
T00006702,M0129,C0094,2026-01-13 14:46:28,981.35,UPI,D0320,IP0094,SUCCESS
T00006703,M0076,C1451,2026-03-31 20:56:05,5559.03,card,D0397,IP0538,SUCCESS
T00006704,M0147,C0274,2026-03-06 15:04:25,903.01,UPI,D0653,IP0245,SUCCESS
T00006705,M0499,C0633,2026-03-22 07:00:50,456.47,card,D0160,IP0186,SUCCESS
T00006706,M0015,C0490,2026-02-27 18:38:53,404.74,UPI,D0110,IP0297,SUCCESS
T00006707,M0284,C0862,2026-03-15 17:58:46,612.74,UPI,D0097,IP0057,SUCCESS
T00006708,M0204,C1335,2026-02-07 10:41:20,380.91,card,D0006,IP0726,SUCCESS
T00006709,M0410,C0077,2026-03-10 13:47:22,2681.69,card,D0552,IP0471,SUCCESS
T00006710,M0340,C1122,2026-03-22 12:52:05,485.75,card,D0340,IP0707,SUCCESS
T00006711,M0015,C0613,2026-03-06 16:52:18,378.48,UPI,D0628,IP0351,SUCCESS
T00006712,M0061,C0811,2026-03-12 10:58:22,1369.69,card,D0607,IP0264,SUCCESS
T00006713,M0364,C1290,2026-03-12 14:22:28,1790.19,wallet,D0274,IP0475,SUCCESS
T00006714,M0376,C0468,2026-03-08 14:21:31,489.1,UPI,D0202,IP0431,SUCCESS
T00006715,M0355,C0782,2026-01-12 16:43:35,926.11,card,D0062,IP0006,SUCCESS
T00006716,M0362,C0567,2026-02-24 12:26:25,2384.82,card,D0377,IP0347,SUCCESS
T00006717,M0430,C0272,2026-01-31 17:29:56,1781.47,card,D0023,IP0678,SUCCESS
T00006718,M0216,C0060,2026-03-08 20:06:59,1798.05,netbanking,D0694,IP0416,SUCCESS
T00006719,M0181,C0959,2026-02-14 15:35:27,1209.09,netbanking,D0155,IP0657,SUCCESS
T00006720,M0424,C0046,2026-03-04 23:14:34,778.8,UPI,D0436,IP0125,SUCCESS
T00006721,M0195,C1202,2026-01-19 14:45:35,689.61,UPI,D0255,IP0518,SUCCESS
T00006722,M0487,C0057,2026-01-11 16:41:05,871.95,UPI,D0038,IP0566,SUCCESS
T00006723,M0390,C0127,2026-03-08 14:29:09,3275.35,card,D0538,IP0669,SUCCESS
T00006724,M0380,C0777,2026-03-20 21:02:09,2450.33,UPI,D0408,IP0182,SUCCESS
T00006725,M0468,C1329,2026-01-22 15:30:55,1462.91,UPI,D0455,IP0676,SUCCESS
T00006726,M0405,C0608,2026-01-01 12:49:11,622.97,UPI,D0268,IP0456,SUCCESS
T00006727,M0026,C0852,2026-02-07 18:23:21,10964.4,UPI,D0278,IP0086,SUCCESS
T00006728,M0257,C0532,2026-02-22 09:28:19,8238.0,wallet,D0708,IP0578,SUCCESS
T00006729,M0214,C0869,2026-01-31 10:12:47,3116.25,card,D0655,IP0405,SUCCESS
T00006730,M0239,C0432,2026-01-13 21:25:01,1908.33,card,D0398,IP0449,SUCCESS
T00006731,M0165,C0210,2026-01-26 14:44:41,3981.94,UPI,D0053,IP0377,SUCCESS
T00006732,M0142,C1345,2026-03-18 14:04:24,198.21,card,D0449,IP0469,SUCCESS
T00006733,M0303,C1157,2026-02-23 12:46:29,1936.63,UPI,D0708,IP0422,SUCCESS
T00006734,M0402,C0090,2026-02-15 18:20:55,2122.03,UPI,D0639,IP0568,SUCCESS
T00006735,M0123,C0959,2026-01-08 15:45:10,2273.03,UPI,D0132,IP0364,SUCCESS
T00006736,M0163,C0813,2026-01-29 18:11:13,4331.0,UPI,D0503,IP0325,SUCCESS
T00006737,M0365,C0544,2026-01-27 16:03:58,1345.8,netbanking,D0369,IP0175,SUCCESS
T00006738,M0366,C1444,2026-02-07 16:40:56,715.65,card,D0662,IP0187,SUCCESS
T00006739,M0067,C0460,2026-03-16 17:47:21,1365.92,UPI,D0024,IP0620,SUCCESS
T00006740,M0058,C1209,2026-01-20 21:41:16,1383.76,card,D0105,IP0071,SUCCESS
T00006741,M0286,C0091,2026-03-15 15:06:42,375.81,card,D0091,IP0460,SUCCESS
T00006742,M0430,C1211,2026-02-03 13:45:27,4802.77,card,D0696,IP0143,SUCCESS
T00006743,M0142,C1051,2026-02-19 12:39:15,485.0,UPI,D0130,IP0469,SUCCESS
T00006744,M0500,C0760,2026-02-12 10:32:54,364.85,card,D0086,IP0278,SUCCESS
T00006745,M0500,C1417,2026-01-27 15:54:59,1632.43,UPI,D0660,IP0278,SUCCESS
T00006746,M0332,C0019,2026-01-20 13:16:21,5419.12,card,D0586,IP0386,SUCCESS
T00006747,M0487,C0571,2026-02-10 14:04:02,4538.12,card,D0405,IP0170,SUCCESS
T00006748,M0223,C0105,2026-01-09 18:09:35,6727.37,card,D0295,IP0523,SUCCESS
T00006749,M0288,C0910,2026-03-17 10:04:06,255.03,UPI,D0265,IP0750,SUCCESS
T00006750,M0380,C1251,2026-03-20 18:55:37,3035.03,UPI,D0655,IP0481,SUCCESS
T00006751,M0050,C0762,2026-03-08 09:19:03,750.63,UPI,D0546,IP0733,SUCCESS
T00006752,M0408,C0609,2026-01-09 05:03:42,5443.19,netbanking,D0742,IP0699,SUCCESS
T00006753,M0478,C0457,2026-01-06 20:49:12,14774.26,card,D0293,IP0194,SUCCESS
T00006754,M0313,C0922,2026-03-31 14:45:08,9257.7,netbanking,D0084,IP0126,SUCCESS
T00006755,M0142,C0618,2026-03-08 20:28:29,515.68,UPI,D0247,IP0469,SUCCESS
T00006756,M0100,C1307,2026-01-26 12:12:42,1945.05,wallet,D0002,IP0531,SUCCESS
T00006757,M0141,C0715,2026-02-17 21:13:01,328.21,wallet,D0560,IP0714,SUCCESS
T00006758,M0131,C0973,2026-01-07 18:11:38,3747.03,card,D0186,IP0646,SUCCESS
T00006759,M0444,C1488,2026-01-12 15:38:24,18328.05,netbanking,D0653,IP0078,SUCCESS
T00006760,M0102,C0068,2026-01-10 17:22:18,3091.12,netbanking,D0265,IP0509,SUCCESS
T00006761,M0487,C0821,2026-03-02 17:02:58,788.17,wallet,D0405,IP0081,SUCCESS
T00006762,M0410,C0386,2026-01-23 11:00:04,958.92,wallet,D0526,IP0720,SUCCESS
T00006763,M0400,C1364,2026-01-19 21:43:35,1042.05,wallet,D0355,IP0198,SUCCESS
T00006764,M0343,C0235,2026-03-04 18:20:56,3235.12,UPI,D0424,IP0717,SUCCESS
T00006765,M0026,C0680,2026-02-09 12:39:57,14855.41,card,D0068,IP0606,SUCCESS
T00006766,M0386,C0029,2026-02-11 18:22:03,964.61,UPI,D0613,IP0089,SUCCESS
T00006767,M0216,C1409,2026-01-12 22:38:46,1007.38,UPI,D0479,IP0679,SUCCESS
T00006768,M0092,C0396,2026-01-29 14:01:40,726.22,card,D0021,IP0229,SUCCESS
T00006769,M0428,C1106,2026-01-07 13:13:09,2979.91,netbanking,D0687,IP0090,SUCCESS
T00006770,M0195,C1110,2026-02-19 12:36:54,510.53,UPI,D0167,IP0114,SUCCESS
T00006771,M0331,C1285,2026-03-21 12:28:43,7896.93,card,D0588,IP0735,SUCCESS
T00006772,M0113,C0824,2026-03-24 10:53:38,1852.78,card,D0080,IP0262,SUCCESS
T00006773,M0097,C1041,2026-03-22 15:03:13,238.41,UPI,D0310,IP0037,SUCCESS
T00006774,M0254,C0613,2026-03-23 07:14:29,1564.42,UPI,D0091,IP0394,SUCCESS
T00006775,M0026,C1486,2026-01-24 13:39:45,8092.63,card,D0697,IP0271,SUCCESS
T00006776,M0340,C1160,2026-02-18 17:59:31,3264.74,card,D0340,IP0707,SUCCESS
T00006777,M0059,C0929,2026-03-31 10:50:54,1361.19,UPI,D0373,IP0670,SUCCESS
T00006778,M0296,C1037,2026-01-08 15:16:07,13628.71,netbanking,D0366,IP0135,REFUNDED
T00006779,M0206,C1239,2026-03-13 18:18:35,5972.73,card,D0447,IP0128,SUCCESS
T00006780,M0188,C0609,2026-03-13 16:00:09,3150.79,UPI,D0729,IP0303,SUCCESS
T00006781,M0408,C1253,2026-01-27 18:02:18,2298.15,card,D0742,IP0699,SUCCESS
T00006782,M0267,C1240,2026-01-15 23:52:14,2108.47,UPI,D0225,IP0555,SUCCESS
T00006783,M0129,C0915,2026-01-26 15:22:18,623.87,card,D0432,IP0372,SUCCESS
T00006784,M0216,C1395,2026-01-20 19:03:09,4959.26,UPI,D0694,IP0679,SUCCESS
T00006785,M0216,C0233,2026-02-23 12:42:22,2623.63,netbanking,D0694,IP0679,FAILED
T00006786,M0297,C1414,2026-03-22 05:16:03,1857.84,UPI,D0182,IP0667,SUCCESS
T00006787,M0359,C1219,2026-01-05 20:39:58,458.73,UPI,D0297,IP0242,SUCCESS
T00006788,M0174,C1207,2026-03-18 06:20:36,498.77,wallet,D0297,IP0415,SUCCESS
T00006789,M0176,C0308,2026-01-23 14:51:55,1727.06,card,D0097,IP0559,SUCCESS
T00006790,M0418,C0635,2026-01-11 13:31:03,3529.73,wallet,D0493,IP0466,SUCCESS
T00006791,M0120,C1450,2026-03-22 23:03:28,5737.96,netbanking,D0347,IP0085,SUCCESS
T00006792,M0362,C0314,2026-02-14 10:52:54,3646.03,card,D0108,IP0098,SUCCESS
T00006793,M0491,C1371,2026-03-20 14:02:32,4663.15,netbanking,D0334,IP0435,SUCCESS
T00006794,M0410,C0806,2026-01-07 10:25:15,2500.02,UPI,D0245,IP0471,FAILED
T00006795,M0155,C1159,2026-02-10 13:06:19,490.16,card,D0725,IP0303,SUCCESS
T00006796,M0015,C1100,2026-02-28 21:04:05,695.39,UPI,D0711,IP0273,SUCCESS
T00006797,M0167,C0161,2026-01-26 15:55:56,2538.93,card,D0449,IP0680,SUCCESS
T00006798,M0001,C1495,2026-03-29 12:10:09,2366.83,wallet,D0490,IP0706,SUCCESS
T00006799,M0325,C1306,2026-01-14 13:57:25,4380.54,card,D0151,IP0614,SUCCESS
T00006800,M0258,C0929,2026-02-28 18:59:54,2944.49,card,D0275,IP0460,SUCCESS
T00006801,M0330,C0264,2026-03-21 13:13:23,1904.13,card,D0288,IP0631,SUCCESS
T00006802,M0416,C1422,2026-02-01 15:39:57,1028.77,UPI,D0380,IP0602,SUCCESS
T00006803,M0142,C0910,2026-02-26 14:05:00,1144.95,UPI,D0301,IP0672,SUCCESS
T00006804,M0212,C1194,2026-01-09 23:28:24,5019.69,card,D0632,IP0486,SUCCESS
T00006805,M0260,C1434,2026-02-14 21:24:18,10181.98,netbanking,D0331,IP0194,SUCCESS
T00006806,M0408,C0959,2026-02-25 23:43:11,2353.78,card,D0189,IP0699,SUCCESS
T00006807,M0256,C0715,2026-02-06 23:17:22,4328.44,netbanking,D0118,IP0437,FAILED
T00006808,M0136,C0216,2026-03-23 19:12:14,1407.9,netbanking,D0031,IP0491,SUCCESS
T00006809,M0457,C0606,2026-03-03 14:18:15,2651.08,card,D0414,IP0222,SUCCESS
T00006810,M0045,C1398,2026-01-27 19:52:22,3631.04,card,D0715,IP0073,SUCCESS
T00006811,M0356,C0067,2026-01-27 15:22:12,5367.25,wallet,D0266,IP0606,SUCCESS
T00006812,M0174,C0467,2026-01-29 19:06:24,1845.88,netbanking,D0297,IP0030,SUCCESS
T00006813,M0278,C0188,2026-03-18 17:02:24,423.26,netbanking,D0298,IP0588,SUCCESS
T00006814,M0487,C0155,2026-03-07 18:03:11,563.13,UPI,D0738,IP0019,SUCCESS
T00006815,M0328,C1034,2026-03-06 13:58:20,882.5,card,D0153,IP0201,SUCCESS
T00006816,M0366,C0699,2026-01-01 11:53:45,300.88,wallet,D0736,IP0374,REFUNDED
T00006817,M0359,C0933,2026-01-30 23:33:44,1466.03,UPI,D0740,IP0493,FAILED
T00006818,M0386,C1248,2026-01-04 20:22:27,1458.47,card,D0676,IP0474,SUCCESS
T00006819,M0249,C0914,2026-02-13 10:49:28,625.64,UPI,D0686,IP0481,SUCCESS
T00006820,M0013,C1449,2026-01-15 13:21:07,2518.78,card,D0671,IP0263,SUCCESS
T00006821,M0453,C0397,2026-02-26 15:23:59,2234.05,card,D0166,IP0334,SUCCESS
T00006822,M0304,C0060,2026-02-21 22:20:40,588.34,wallet,D0378,IP0051,SUCCESS
T00006823,M0470,C0295,2026-01-05 19:40:33,405.87,wallet,D0109,IP0704,SUCCESS
T00006824,M0401,C0058,2026-01-04 13:41:34,188.78,wallet,D0257,IP0165,SUCCESS
T00006825,M0403,C0016,2026-02-16 13:43:50,4810.6,card,D0084,IP0422,SUCCESS
T00006826,M0360,C0927,2026-01-21 21:50:00,13404.5,netbanking,D0669,IP0107,FAILED
T00006827,M0487,C0671,2026-02-25 14:58:55,329.99,wallet,D0405,IP0612,FAILED
T00006828,M0418,C1295,2026-01-10 22:41:01,26153.27,netbanking,D0252,IP0112,SUCCESS
T00006829,M0248,C0667,2026-01-22 09:20:43,231.55,UPI,D0256,IP0395,SUCCESS
T00006830,M0159,C1225,2026-01-14 15:40:04,2614.07,netbanking,D0004,IP0503,SUCCESS
T00006831,M0224,C1092,2026-01-30 08:40:55,2187.37,UPI,D0182,IP0516,SUCCESS
T00006832,M0121,C1492,2026-03-01 17:13:35,8361.18,UPI,D0052,IP0223,SUCCESS
T00006833,M0144,C0054,2026-02-08 23:22:21,7560.64,card,D0454,IP0640,SUCCESS
T00006834,M0113,C0010,2026-01-21 13:29:05,3133.15,netbanking,D0279,IP0635,SUCCESS
T00006835,M0038,C1013,2026-03-26 23:09:43,440.33,UPI,D0448,IP0699,SUCCESS
T00006836,M0223,C0245,2026-02-28 13:43:39,564.54,card,D0650,IP0523,SUCCESS
T00006837,M0405,C0741,2026-01-11 15:59:55,1711.74,UPI,D0268,IP0062,SUCCESS
T00006838,M0050,C0262,2026-01-25 22:25:47,1409.61,UPI,D0304,IP0658,FAILED
T00006839,M0357,C0507,2026-02-17 21:01:10,2219.08,wallet,D0273,IP0517,SUCCESS
T00006840,M0490,C0243,2026-01-17 16:03:51,862.44,UPI,D0722,IP0726,REFUNDED
T00006841,M0255,C0827,2026-03-08 15:14:53,1760.4,card,D0546,IP0120,SUCCESS
T00006842,M0165,C0923,2026-01-24 17:15:32,1209.67,UPI,D0121,IP0377,FAILED
T00006843,M0347,C0330,2026-01-27 15:12:10,1609.56,UPI,D0389,IP0295,SUCCESS
T00006844,M0370,C0904,2026-02-03 09:23:02,3357.98,card,D0166,IP0622,SUCCESS
T00006845,M0169,C0753,2026-02-20 17:16:21,5307.94,UPI,D0599,IP0570,SUCCESS
T00006846,M0227,C0512,2026-03-26 13:47:31,2228.01,UPI,D0071,IP0507,SUCCESS
T00006847,M0480,C0500,2026-01-07 09:04:47,200.04,card,D0450,IP0717,SUCCESS
T00006848,M0297,C1306,2026-02-01 17:04:19,1573.04,netbanking,D0041,IP0148,SUCCESS
T00006849,M0491,C0531,2026-03-15 12:49:28,3127.11,UPI,D0053,IP0119,SUCCESS
T00006850,M0289,C0991,2026-03-07 16:41:49,174.93,UPI,D0654,IP0579,REFUNDED
T00006851,M0113,C1324,2026-01-10 14:52:30,450.71,wallet,D0280,IP0571,SUCCESS
T00006852,M0420,C1140,2026-01-20 17:29:11,554.71,UPI,D0016,IP0670,SUCCESS
T00006853,M0444,C0125,2026-02-04 09:59:09,4013.44,card,D0687,IP0075,SUCCESS
T00006854,M0015,C1268,2026-03-22 21:39:40,1913.76,UPI,D0098,IP0351,SUCCESS
T00006855,M0142,C1208,2026-02-15 19:13:36,1013.77,card,D0475,IP0469,SUCCESS
T00006856,M0254,C0041,2026-01-02 12:00:49,1097.02,card,D0592,IP0709,FAILED
T00006857,M0474,C0689,2026-03-02 18:40:17,1332.85,UPI,D0350,IP0048,REFUNDED
T00006858,M0452,C1303,2026-03-06 17:30:00,968.86,card,D0171,IP0057,SUCCESS
T00006859,M0362,C1299,2026-01-25 15:30:46,1493.32,card,D0377,IP0112,SUCCESS
T00006860,M0405,C0357,2026-01-29 18:16:25,2036.32,netbanking,D0268,IP0155,SUCCESS
T00006861,M0112,C0022,2026-01-10 12:47:03,7201.4,card,D0608,IP0206,SUCCESS
T00006862,M0310,C0415,2026-01-09 13:22:29,1151.45,netbanking,D0635,IP0633,SUCCESS
T00006863,M0410,C0990,2026-03-21 11:55:22,1497.02,UPI,D0552,IP0720,SUCCESS
T00006864,M0142,C0699,2026-02-16 18:57:26,294.16,card,D0441,IP0469,SUCCESS
T00006865,M0093,C1080,2026-01-07 21:46:31,5059.74,netbanking,D0218,IP0302,SUCCESS
T00006866,M0330,C0768,2026-01-09 22:41:44,3098.8,wallet,D0100,IP0405,SUCCESS
T00006867,M0474,C0547,2026-03-13 16:06:03,1222.76,UPI,D0169,IP0334,SUCCESS
T00006868,M0487,C1281,2026-03-01 18:45:56,419.29,wallet,D0570,IP0358,SUCCESS
T00006869,M0239,C0429,2026-03-25 14:36:16,637.69,wallet,D0398,IP0449,SUCCESS
T00006870,M0263,C1477,2026-02-10 13:45:30,286.03,UPI,D0168,IP0443,SUCCESS
T00006871,M0347,C1441,2026-02-15 19:46:29,3331.54,card,D0389,IP0295,SUCCESS
T00006872,M0021,C0160,2026-03-30 18:20:36,2708.9,UPI,D0266,IP0345,SUCCESS
T00006873,M0303,C1057,2026-01-14 13:45:39,453.49,UPI,D0403,IP0456,SUCCESS
T00006874,M0349,C0790,2026-01-06 17:09:34,36365.11,card,D0176,IP0561,SUCCESS
T00006875,M0093,C0101,2026-03-30 12:02:23,800.29,UPI,D0579,IP0694,SUCCESS
T00006876,M0427,C0138,2026-01-19 18:35:50,6736.73,wallet,D0603,IP0057,SUCCESS
T00006877,M0297,C1102,2026-01-19 20:14:33,514.52,UPI,D0590,IP0440,SUCCESS
T00006878,M0444,C0198,2026-01-03 09:20:06,3908.06,UPI,D0691,IP0715,SUCCESS
T00006879,M0303,C1189,2026-02-02 18:24:12,893.08,UPI,D0076,IP0605,SUCCESS
T00006880,M0176,C0393,2026-02-07 20:24:27,1353.32,UPI,D0608,IP0282,SUCCESS
T00006881,M0214,C0290,2026-01-11 17:42:17,1051.91,card,D0387,IP0090,SUCCESS
T00006882,M0484,C1003,2026-03-19 09:09:09,839.67,UPI,D0674,IP0362,SUCCESS
T00006883,M0254,C0337,2026-01-14 20:08:51,1475.6,card,D0400,IP0709,SUCCESS
T00006884,M0289,C0910,2026-02-17 17:53:49,680.2,card,D0520,IP0703,SUCCESS
T00006885,M0405,C0114,2026-01-17 23:28:30,733.76,UPI,D0140,IP0351,SUCCESS
T00006886,M0424,C0430,2026-01-19 13:46:16,844.38,UPI,D0189,IP0263,SUCCESS
T00006887,M0474,C0292,2026-01-09 11:40:42,783.63,card,D0294,IP0048,SUCCESS
T00006888,M0377,C0228,2026-01-15 08:29:49,946.46,netbanking,D0288,IP0409,SUCCESS
T00006889,M0169,C0559,2026-02-21 13:09:32,1040.06,UPI,D0642,IP0518,SUCCESS
T00006890,M0113,C1170,2026-03-12 12:15:33,1117.2,UPI,D0403,IP0635,REFUNDED
T00006891,M0259,C0743,2026-01-02 20:07:04,2497.18,card,D0684,IP0229,FAILED
T00006892,M0075,C1032,2026-03-09 13:15:28,1302.39,UPI,D0370,IP0692,SUCCESS
T00006893,M0471,C1044,2026-03-29 09:33:42,155.57,UPI,D0235,IP0541,SUCCESS
T00006894,M0490,C0037,2026-03-13 22:25:45,674.1,UPI,D0104,IP0119,SUCCESS
T00006895,M0296,C0087,2026-03-08 14:48:48,1079.7,netbanking,D0546,IP0471,SUCCESS
T00006896,M0022,C0282,2026-03-27 10:46:34,758.15,UPI,D0531,IP0435,SUCCESS
T00006897,M0169,C0983,2026-02-23 12:16:10,409.08,wallet,D0458,IP0570,SUCCESS
T00006898,M0216,C0677,2026-01-27 14:46:55,2386.92,UPI,D0688,IP0679,SUCCESS
T00006899,M0221,C1447,2026-01-04 13:19:22,954.7,card,D0745,IP0501,SUCCESS
T00006900,M0380,C1083,2026-03-11 17:50:31,1208.69,netbanking,D0055,IP0182,SUCCESS
T00006901,M0490,C1114,2026-01-18 12:01:22,1106.89,card,D0707,IP0119,SUCCESS
T00006902,M0015,C0400,2026-01-11 13:58:14,2158.82,card,D0098,IP0351,SUCCESS
T00006903,M0487,C0844,2026-03-22 13:22:39,740.26,UPI,D0283,IP0422,FAILED
T00006904,M0471,C1030,2026-02-08 14:18:52,106.74,card,D0465,IP0263,SUCCESS
T00006905,M0443,C1124,2026-02-26 13:39:39,7930.04,card,D0211,IP0204,SUCCESS
T00006906,M0248,C1495,2026-02-10 06:39:13,172.09,UPI,D0445,IP0395,SUCCESS
T00006907,M0221,C1327,2026-02-17 14:08:48,783.57,UPI,D0255,IP0517,SUCCESS
T00006908,M0273,C0552,2026-02-17 18:08:03,1556.89,UPI,D0658,IP0298,SUCCESS
T00006909,M0362,C1092,2026-01-26 12:11:36,698.15,netbanking,D0377,IP0510,SUCCESS
T00006910,M0152,C0614,2026-01-01 12:02:40,829.51,netbanking,D0046,IP0342,SUCCESS
T00006911,M0229,C1337,2026-01-29 18:35:18,14924.62,card,D0395,IP0143,SUCCESS
T00006912,M0487,C0823,2026-02-26 17:30:10,649.78,UPI,D0182,IP0358,SUCCESS
T00006913,M0053,C1233,2026-02-09 15:16:15,5186.35,UPI,D0285,IP0124,SUCCESS
T00006914,M0131,C1382,2026-01-27 12:29:32,4055.36,card,D0147,IP0144,SUCCESS
T00006915,M0025,C0635,2026-01-31 16:46:49,3668.71,UPI,D0482,IP0515,SUCCESS
T00006916,M0328,C0331,2026-01-06 14:31:46,364.16,UPI,D0483,IP0022,SUCCESS
T00006917,M0293,C0701,2026-02-23 11:45:32,1471.13,wallet,D0442,IP0087,SUCCESS
T00006918,M0047,C0168,2026-01-14 08:02:33,418.98,netbanking,D0249,IP0308,SUCCESS
T00006919,M0260,C1016,2026-01-13 20:50:35,6829.45,UPI,D0654,IP0194,SUCCESS
T00006920,M0129,C0978,2026-03-23 12:21:48,1224.53,card,D0256,IP0372,SUCCESS
T00006921,M0358,C0282,2026-01-13 17:43:38,2052.49,netbanking,D0002,IP0579,SUCCESS
T00006922,M0424,C0026,2026-01-30 19:58:31,990.12,wallet,D0463,IP0125,SUCCESS
T00006923,M0076,C0809,2026-02-16 19:11:54,1185.09,UPI,D0167,IP0249,SUCCESS
T00006924,M0404,C0651,2026-02-07 18:18:37,778.98,card,D0297,IP0490,FAILED
T00006925,M0248,C1461,2026-01-09 15:55:51,206.16,UPI,D0445,IP0395,SUCCESS
T00006926,M0289,C0388,2026-01-02 23:56:40,326.24,UPI,D0520,IP0390,SUCCESS
T00006927,M0254,C1404,2026-01-06 23:24:56,1277.24,card,D0708,IP0193,SUCCESS
T00006928,M0385,C0491,2026-01-31 13:01:15,790.49,UPI,D0388,IP0009,SUCCESS
T00006929,M0382,C0733,2026-03-02 21:22:59,1896.89,UPI,D0424,IP0230,SUCCESS
T00006930,M0326,C0606,2026-03-16 14:37:10,1130.57,wallet,D0419,IP0006,SUCCESS
T00006931,M0142,C0792,2026-02-16 17:59:00,824.82,card,D0208,IP0672,SUCCESS
T00006932,M0214,C0288,2026-02-28 11:30:45,752.03,UPI,D0655,IP0090,SUCCESS
T00006933,M0424,C0320,2026-02-01 12:03:08,488.34,wallet,D0471,IP0263,SUCCESS
T00006934,M0176,C0105,2026-01-27 19:32:11,1144.67,card,D0608,IP0207,SUCCESS
T00006935,M0471,C0047,2026-02-20 07:52:43,586.51,netbanking,D0085,IP0541,SUCCESS
T00006936,M0167,C0678,2026-02-27 20:48:56,1272.27,card,D0208,IP0680,SUCCESS
T00006937,M0303,C1022,2026-03-04 14:18:50,432.1,card,D0655,IP0456,SUCCESS
T00006938,M0337,C0930,2026-01-26 13:42:48,883.72,card,D0478,IP0305,SUCCESS
T00006939,M0114,C0895,2026-01-13 21:08:23,10241.14,card,D0717,IP0481,SUCCESS
T00006940,M0282,C1325,2026-03-10 10:44:59,3040.73,netbanking,D0488,IP0477,REFUNDED
T00006941,M0150,C0584,2026-03-02 19:55:30,2226.79,card,D0663,IP0620,SUCCESS
T00006942,M0145,C1330,2026-01-25 23:30:16,1953.24,wallet,D0413,IP0646,SUCCESS
T00006943,M0278,C0543,2026-02-21 22:14:26,823.43,UPI,D0298,IP0518,SUCCESS
T00006944,M0169,C0630,2026-03-11 18:53:47,4846.62,UPI,D0458,IP0513,SUCCESS
T00006945,M0328,C0360,2026-01-29 17:12:48,2930.06,card,D0456,IP0268,SUCCESS
T00006946,M0382,C0733,2026-01-13 23:32:00,2412.63,netbanking,D0001,IP0325,SUCCESS
T00006947,M0395,C0879,2026-01-07 13:14:16,709.5,UPI,D0238,IP0022,FAILED
T00006948,M0135,C0460,2026-03-03 17:11:55,5676.28,netbanking,D0662,IP0289,SUCCESS
T00006949,M0197,C0574,2026-03-12 17:07:30,11026.11,card,D0409,IP0508,SUCCESS
T00006950,M0487,C0785,2026-03-26 12:43:04,429.3,card,D0367,IP0081,REFUNDED
T00006951,M0471,C1329,2026-03-07 01:34:42,536.24,UPI,D0311,IP0541,SUCCESS
T00006952,M0474,C1322,2026-02-28 13:03:59,1659.91,card,D0655,IP0446,REFUNDED
T00006953,M0336,C0559,2026-03-10 23:18:37,853.49,netbanking,D0165,IP0627,SUCCESS
T00006954,M0303,C1065,2026-01-22 12:41:00,863.99,UPI,D0634,IP0456,SUCCESS
T00006955,M0297,C0978,2026-01-26 09:42:19,2480.89,card,D0264,IP0450,SUCCESS
T00006956,M0398,C1494,2026-03-09 08:41:50,1096.37,UPI,D0494,IP0187,SUCCESS
T00006957,M0029,C1399,2026-03-19 08:16:35,294.28,wallet,D0749,IP0264,SUCCESS
T00006958,M0113,C1282,2026-03-17 11:41:43,2980.8,card,D0403,IP0635,SUCCESS
T00006959,M0159,C0445,2026-02-15 17:55:03,6500.39,card,D0170,IP0622,SUCCESS
T00006960,M0358,C1158,2026-03-22 18:00:00,3036.8,UPI,D0092,IP0579,SUCCESS
T00006961,M0153,C1230,2026-02-07 13:33:05,964.34,card,D0699,IP0452,FAILED
T00006962,M0106,C1081,2026-02-25 08:17:42,1284.45,UPI,D0724,IP0483,SUCCESS
T00006963,M0075,C0366,2026-03-30 17:00:07,1259.69,UPI,D0118,IP0688,SUCCESS
T00006964,M0457,C1247,2026-01-31 10:34:56,1720.48,UPI,D0660,IP0225,SUCCESS
T00006965,M0367,C0143,2026-01-04 18:10:40,2903.62,UPI,D0372,IP0343,SUCCESS
T00006966,M0234,C0046,2026-03-12 18:56:13,2236.32,netbanking,D0327,IP0027,SUCCESS
T00006967,M0075,C0235,2026-03-23 13:57:47,2701.65,card,D0594,IP0225,SUCCESS
T00006968,M0355,C0259,2026-01-26 21:23:59,677.9,wallet,D0062,IP0129,SUCCESS
T00006969,M0346,C0223,2026-02-22 18:01:04,2393.78,netbanking,D0664,IP0393,SUCCESS
T00006970,M0004,C0829,2026-01-18 13:01:06,2672.68,card,D0432,IP0456,SUCCESS
T00006971,M0185,C0799,2026-03-12 09:09:51,1604.6,wallet,D0023,IP0082,SUCCESS
T00006972,M0405,C0969,2026-03-30 17:29:27,2371.88,card,D0015,IP0351,SUCCESS
T00006973,M0444,C1292,2026-03-28 16:00:51,5580.55,UPI,D0611,IP0078,SUCCESS
T00006974,M0147,C1187,2026-02-06 11:20:27,1381.41,card,D0489,IP0082,SUCCESS
T00006975,M0253,C1261,2026-02-26 23:19:02,423.63,UPI,D0403,IP0544,SUCCESS
T00006976,M0410,C0036,2026-01-10 08:33:38,2569.48,netbanking,D0525,IP0471,SUCCESS
T00006977,M0328,C0829,2026-01-14 15:24:45,996.97,card,D0446,IP0138,SUCCESS
T00006978,M0204,C0982,2026-02-07 18:18:36,2370.79,UPI,D0579,IP0390,SUCCESS
T00006979,M0487,C0317,2026-01-21 23:18:52,2079.11,UPI,D0738,IP0541,SUCCESS
T00006980,M0289,C1470,2026-03-03 21:20:08,636.01,UPI,D0654,IP0579,SUCCESS
T00006981,M0347,C0235,2026-01-06 12:35:25,1819.16,UPI,D0154,IP0295,SUCCESS
T00006982,M0289,C1229,2026-03-04 17:40:43,492.62,wallet,D0093,IP0703,REFUNDED
T00006983,M0098,C0984,2026-02-18 15:33:00,159.64,card,D0579,IP0632,SUCCESS
T00006984,M0303,C1257,2026-01-01 18:42:47,2327.3,UPI,D0046,IP0605,SUCCESS
T00006985,M0165,C1165,2026-03-20 17:52:38,891.38,wallet,D0189,IP0165,SUCCESS
T00006986,M0015,C0465,2026-01-31 23:02:06,297.12,UPI,D0579,IP0351,SUCCESS
T00006987,M0113,C0838,2026-03-04 11:25:54,2543.71,UPI,D0296,IP0156,SUCCESS
T00006988,M0478,C1075,2026-03-31 17:32:25,5915.69,UPI,D0293,IP0101,SUCCESS
T00006989,M0421,C1047,2026-03-03 06:08:23,2644.07,card,D0225,IP0709,SUCCESS
T00006990,M0015,C1261,2026-02-25 18:14:57,483.68,wallet,D0156,IP0273,SUCCESS
T00006991,M0337,C1399,2026-01-03 10:24:30,1231.06,card,D0349,IP0654,SUCCESS
T00006992,M0326,C1466,2026-02-18 13:08:53,1015.33,card,D0419,IP0006,SUCCESS
T00006993,M0263,C0876,2026-03-04 15:14:17,2743.06,UPI,D0151,IP0210,SUCCESS
T00006994,M0111,C1245,2026-03-16 23:51:05,193.54,wallet,D0081,IP0259,SUCCESS
T00006995,M0478,C0710,2026-01-17 15:32:07,9372.39,netbanking,D0722,IP0692,SUCCESS
T00006996,M0294,C0393,2026-03-16 18:55:09,445.2,wallet,D0237,IP0645,SUCCESS
T00006997,M0400,C1380,2026-01-11 15:02:20,294.39,card,D0338,IP0198,SUCCESS
T00006998,M0440,C0884,2026-02-08 23:20:37,5220.99,card,D0048,IP0233,SUCCESS
T00006999,M0487,C0183,2026-01-09 18:17:01,1182.29,wallet,D0738,IP0068,SUCCESS
T00007000,M0077,C0849,2026-03-06 17:26:27,786.11,card,D0131,IP0510,SUCCESS
T00007001,M0216,C1383,2026-01-01 11:16:24,2969.78,UPI,D0295,IP0336,SUCCESS
T00007002,M0297,C0409,2026-02-06 13:40:04,1077.37,UPI,D0573,IP0450,SUCCESS
T00007003,M0319,C1385,2026-03-27 17:27:41,261.48,UPI,D0720,IP0052,SUCCESS
T00007004,M0470,C0829,2026-02-21 22:22:46,1530.31,UPI,D0482,IP0726,SUCCESS
T00007005,M0274,C0792,2026-02-13 17:01:41,3416.84,card,D0731,IP0081,SUCCESS
T00007006,M0405,C0762,2026-01-05 08:27:38,6198.47,UPI,D0180,IP0155,SUCCESS
T00007007,M0254,C1359,2026-02-08 15:41:32,754.05,card,D0091,IP0539,SUCCESS
T00007008,M0216,C0666,2026-03-31 12:42:13,2190.54,card,D0694,IP0584,REFUNDED
T00007009,M0149,C0709,2026-03-27 10:15:49,785.82,UPI,D0304,IP0542,SUCCESS
T00007010,M0173,C0478,2026-01-30 20:34:45,1517.88,wallet,D0125,IP0693,FAILED
T00007011,M0355,C1205,2026-02-18 23:25:28,681.59,UPI,D0062,IP0684,SUCCESS
T00007012,M0036,C0395,2026-03-07 10:35:30,6309.83,netbanking,D0174,IP0226,SUCCESS
T00007013,M0176,C1001,2026-01-17 18:23:04,143.75,UPI,D0678,IP0559,SUCCESS
T00007014,M0366,C0344,2026-03-20 07:28:23,273.45,card,D0662,IP0545,SUCCESS
T00007015,M0071,C0813,2026-03-05 07:20:48,8223.52,card,D0243,IP0542,SUCCESS
T00007016,M0302,C1417,2026-02-04 17:41:36,750.21,wallet,D0080,IP0290,SUCCESS
T00007017,M0259,C0475,2026-03-08 20:05:55,950.03,UPI,D0597,IP0711,SUCCESS
T00007018,M0047,C0712,2026-01-31 15:51:40,281.83,card,D0308,IP0313,SUCCESS
T00007019,M0056,C1263,2026-01-08 13:32:33,11009.34,UPI,D0733,IP0419,SUCCESS
T00007020,M0330,C0380,2026-03-26 17:31:05,1343.46,UPI,D0288,IP0291,SUCCESS
T00007021,M0297,C1241,2026-01-04 10:27:00,3741.28,UPI,D0369,IP0193,SUCCESS
T00007022,M0390,C0716,2026-01-29 10:48:14,752.49,card,D0620,IP0529,SUCCESS
T00007023,M0347,C0723,2026-03-07 16:52:18,2276.47,card,D0588,IP0162,SUCCESS
T00007024,M0281,C0825,2026-02-27 10:03:52,293.23,wallet,D0362,IP0685,SUCCESS
T00007025,M0246,C0084,2026-01-26 15:04:09,859.01,netbanking,D0313,IP0484,SUCCESS
T00007026,M0180,C1363,2026-02-07 12:36:55,2609.14,UPI,D0248,IP0517,SUCCESS
T00007027,M0024,C1080,2026-01-09 19:14:04,4270.71,UPI,D0483,IP0347,SUCCESS
T00007028,M0058,C0563,2026-01-17 15:50:41,129.73,UPI,D0522,IP0045,SUCCESS
T00007029,M0319,C0949,2026-03-24 16:30:09,916.35,UPI,D0613,IP0299,SUCCESS
T00007030,M0320,C0780,2026-01-01 12:12:53,1209.33,UPI,D0137,IP0339,SUCCESS
T00007031,M0027,C0850,2026-01-25 16:20:35,472.11,card,D0605,IP0309,SUCCESS
T00007032,M0248,C1233,2026-02-22 06:48:24,575.25,UPI,D0013,IP0340,SUCCESS
T00007033,M0480,C1162,2026-03-20 11:26:11,1646.36,UPI,D0110,IP0286,SUCCESS
T00007034,M0125,C0124,2026-03-12 16:48:00,1105.87,UPI,D0510,IP0671,SUCCESS
T00007035,M0407,C1297,2026-01-27 15:43:04,1101.72,card,D0468,IP0408,SUCCESS
T00007036,M0289,C0388,2026-02-04 15:29:14,510.3,UPI,D0688,IP0579,SUCCESS
T00007037,M0410,C1097,2026-02-17 15:15:00,2489.57,wallet,D0552,IP0189,FAILED
T00007038,M0159,C1423,2026-02-25 07:08:20,6861.86,UPI,D0164,IP0622,SUCCESS
T00007039,M0491,C0985,2026-02-27 14:14:42,1154.61,card,D0711,IP0215,SUCCESS
T00007040,M0206,C0434,2026-01-27 15:47:25,5953.46,card,D0182,IP0092,REFUNDED
T00007041,M0347,C0732,2026-03-07 19:25:16,787.15,wallet,D0389,IP0034,SUCCESS
T00007042,M0370,C0531,2026-02-20 12:08:53,4381.58,UPI,D0248,IP0644,SUCCESS
T00007043,M0364,C0111,2026-03-21 21:19:08,1483.37,UPI,D0278,IP0422,SUCCESS
T00007044,M0297,C0798,2026-02-03 14:11:21,2674.52,card,D0234,IP0450,SUCCESS
T00007045,M0367,C0837,2026-03-31 15:12:50,1401.51,UPI,D0016,IP0265,SUCCESS
T00007046,M0370,C0924,2026-03-03 16:15:31,874.81,UPI,D0202,IP0013,SUCCESS
T00007047,M0401,C0540,2026-03-02 20:05:14,1434.35,wallet,D0643,IP0595,FAILED
T00007048,M0394,C0576,2026-03-14 16:06:28,2129.75,card,D0645,IP0725,SUCCESS
T00007049,M0366,C1326,2026-03-22 09:00:58,1455.79,UPI,D0322,IP0455,SUCCESS
T00007050,M0470,C0607,2026-03-21 15:28:30,2293.32,UPI,D0718,IP0485,SUCCESS
T00007051,M0460,C0364,2026-02-02 15:55:35,7353.24,UPI,D0576,IP0666,SUCCESS
T00007052,M0026,C0852,2026-01-03 12:08:40,1237.03,card,D0027,IP0128,SUCCESS
T00007053,M0490,C0118,2026-02-16 22:38:14,1194.91,card,D0104,IP0086,SUCCESS
T00007054,M0418,C0160,2026-01-25 15:03:42,3631.17,card,D0135,IP0454,SUCCESS
T00007055,M0328,C1010,2026-03-26 20:42:28,1007.47,card,D0212,IP0436,SUCCESS
T00007056,M0336,C1078,2026-03-07 16:00:52,11207.58,card,D0155,IP0484,SUCCESS
T00007057,M0217,C0235,2026-02-24 15:24:36,414.82,UPI,D0164,IP0204,SUCCESS
T00007058,M0244,C0264,2026-01-03 16:43:39,1112.85,UPI,D0296,IP0165,SUCCESS
T00007059,M0214,C0084,2026-01-18 13:19:30,797.31,card,D0655,IP0053,SUCCESS
T00007060,M0480,C0783,2026-01-31 08:30:11,858.6,UPI,D0695,IP0311,SUCCESS
T00007061,M0330,C0341,2026-01-10 15:42:17,481.72,UPI,D0368,IP0581,SUCCESS
T00007062,M0113,C0427,2026-03-17 15:30:19,849.01,UPI,D0403,IP0635,FAILED
T00007063,M0408,C0306,2026-01-21 11:04:28,1380.47,netbanking,D0742,IP0224,SUCCESS
T00007064,M0379,C1340,2026-02-08 12:12:01,208.58,card,D0072,IP0439,SUCCESS
T00007065,M0353,C1380,2026-01-20 15:05:47,252.55,UPI,D0437,IP0081,FAILED
T00007066,M0152,C0824,2026-02-22 16:23:42,1687.21,card,D0154,IP0424,SUCCESS
T00007067,M0344,C1323,2026-01-02 23:57:44,22463.29,card,D0603,IP0585,SUCCESS
T00007068,M0424,C1190,2026-01-01 17:42:15,725.35,UPI,D0471,IP0263,SUCCESS
T00007069,M0113,C0086,2026-03-05 13:00:59,2100.49,card,D0403,IP0262,SUCCESS
T00007070,M0303,C1035,2026-02-01 17:53:45,1117.02,UPI,D0181,IP0488,SUCCESS
T00007071,M0135,C1398,2026-02-21 21:46:30,7031.67,card,D0662,IP0289,SUCCESS
T00007072,M0303,C0331,2026-01-12 23:21:26,2775.31,card,D0271,IP0010,SUCCESS
T00007073,M0357,C0845,2026-03-17 12:23:50,2535.55,card,D0273,IP0504,REFUNDED
T00007074,M0424,C0292,2026-01-17 18:05:03,1474.1,card,D0471,IP0125,SUCCESS
T00007075,M0286,C0772,2026-01-24 13:20:54,320.54,UPI,D0210,IP0450,SUCCESS
T00007076,M0478,C0069,2026-01-01 22:47:22,9561.71,card,D0722,IP0286,SUCCESS
T00007077,M0470,C0058,2026-03-29 23:40:02,226.98,UPI,D0143,IP0211,SUCCESS
T00007078,M0424,C0370,2026-03-25 17:33:54,1589.45,UPI,D0325,IP0263,SUCCESS
T00007079,M0303,C1245,2026-03-19 20:18:36,652.99,card,D0061,IP0092,REFUNDED
T00007080,M0126,C1120,2026-03-06 16:56:32,1233.05,UPI,D0478,IP0072,SUCCESS
T00007081,M0359,C1101,2026-02-22 16:31:19,911.04,wallet,D0698,IP0457,SUCCESS
T00007082,M0381,C1316,2026-01-04 19:16:47,403.97,UPI,D0731,IP0565,SUCCESS
T00007083,M0286,C1357,2026-01-24 14:01:52,574.31,card,D0091,IP0321,SUCCESS
T00007084,M0487,C1499,2026-01-23 22:42:47,531.05,UPI,D0570,IP0109,SUCCESS
T00007085,M0075,C1262,2026-01-30 23:30:01,874.43,UPI,D0403,IP0688,SUCCESS
T00007086,M0442,C0664,2026-02-13 17:04:10,3139.95,UPI,D0486,IP0110,SUCCESS
T00007087,M0465,C1221,2026-03-20 21:52:44,7375.94,wallet,D0213,IP0646,SUCCESS
T00007088,M0349,C1001,2026-03-16 20:17:13,9875.12,wallet,D0218,IP0351,SUCCESS
T00007089,M0452,C0467,2026-02-02 17:01:40,1437.39,card,D0171,IP0057,SUCCESS
T00007090,M0136,C0205,2026-03-22 16:56:09,574.73,UPI,D0585,IP0301,SUCCESS
T00007091,M0203,C1186,2026-02-24 20:37:39,179.46,wallet,D0006,IP0002,SUCCESS
T00007092,M0121,C1158,2026-01-18 19:04:58,3934.74,wallet,D0158,IP0490,SUCCESS
T00007093,M0176,C1425,2026-01-17 13:34:48,1064.48,UPI,D0608,IP0559,SUCCESS
T00007094,M0113,C0962,2026-01-14 09:13:30,1009.17,UPI,D0296,IP0635,SUCCESS
T00007095,M0113,C1413,2026-02-21 16:53:23,572.13,card,D0741,IP0071,SUCCESS
T00007096,M0015,C0602,2026-02-21 17:03:33,1356.14,UPI,D0228,IP0273,SUCCESS
T00007097,M0402,C0862,2026-01-25 18:51:51,2154.77,UPI,D0658,IP0568,SUCCESS
T00007098,M0173,C0237,2026-02-21 11:19:26,361.66,card,D0671,IP0693,SUCCESS
T00007099,M0337,C1106,2026-03-16 13:58:07,3137.45,card,D0609,IP0654,SUCCESS
T00007100,M0379,C0218,2026-02-21 04:04:23,204.27,UPI,D0562,IP0448,SUCCESS
T00007101,M0366,C0229,2026-03-09 11:43:59,1788.84,netbanking,D0748,IP0545,SUCCESS
T00007102,M0478,C1054,2026-03-16 23:47:03,5571.33,card,D0391,IP0692,SUCCESS
T00007103,M0388,C0762,2026-02-08 07:27:49,1922.57,UPI,D0488,IP0181,SUCCESS
T00007104,M0341,C1461,2026-01-15 11:11:23,1680.64,UPI,D0234,IP0508,SUCCESS
T00007105,M0101,C0289,2026-03-21 11:56:44,908.94,UPI,D0310,IP0468,SUCCESS
T00007106,M0013,C1018,2026-02-21 19:56:57,1518.44,card,D0226,IP0704,SUCCESS
T00007107,M0394,C1446,2026-03-03 12:21:03,6683.0,netbanking,D0031,IP0725,SUCCESS
T00007108,M0444,C0796,2026-01-11 16:45:21,5873.95,UPI,D0406,IP0296,SUCCESS
T00007109,M0330,C0554,2026-03-31 14:03:06,369.21,UPI,D0288,IP0168,SUCCESS
T00007110,M0492,C1107,2026-02-15 13:02:43,2390.99,UPI,D0038,IP0080,SUCCESS
T00007111,M0452,C0498,2026-01-22 19:18:47,946.17,netbanking,D0412,IP0518,SUCCESS
T00007112,M0480,C1468,2026-02-03 03:36:49,1342.79,UPI,D0695,IP0203,SUCCESS
T00007113,M0398,C0361,2026-01-27 10:18:59,3099.11,UPI,D0598,IP0089,SUCCESS
T00007114,M0487,C0574,2026-03-11 22:00:17,751.58,wallet,D0570,IP0566,REFUNDED
T00007115,M0330,C0278,2026-01-28 12:40:54,1720.0,card,D0162,IP0168,SUCCESS
T00007116,M0263,C1143,2026-01-16 17:14:58,2535.48,UPI,D0654,IP0556,SUCCESS
T00007117,M0027,C0186,2026-02-08 19:15:56,1016.73,UPI,D0605,IP0476,SUCCESS
T00007118,M0475,C1483,2026-01-15 14:06:54,1737.93,netbanking,D0355,IP0383,REFUNDED
T00007119,M0224,C1140,2026-01-04 22:19:56,1820.12,wallet,D0107,IP0037,SUCCESS
T00007120,M0075,C1140,2026-02-05 18:58:20,462.09,netbanking,D0301,IP0200,SUCCESS
T00007121,M0382,C0095,2026-03-16 14:38:37,1089.59,card,D0424,IP0230,SUCCESS
T00007122,M0195,C0934,2026-02-13 07:21:06,1046.29,wallet,D0255,IP0663,SUCCESS
T00007123,M0303,C1095,2026-03-28 14:54:08,531.83,UPI,D0046,IP0605,SUCCESS
T00007124,M0496,C0134,2026-02-07 16:40:01,181.8,UPI,D0652,IP0651,SUCCESS
T00007125,M0362,C1110,2026-01-30 16:37:22,1406.53,UPI,D0377,IP0112,FAILED
T00007126,M0015,C0250,2026-01-05 20:01:02,835.42,UPI,D0485,IP0273,SUCCESS
T00007127,M0036,C0773,2026-03-08 08:20:16,4038.02,UPI,D0701,IP0055,SUCCESS
T00007128,M0320,C0762,2026-02-10 10:03:53,1626.46,UPI,D0699,IP0250,SUCCESS
T00007129,M0035,C0494,2026-01-20 22:42:44,178.89,UPI,D0546,IP0089,SUCCESS
T00007130,M0003,C1169,2026-01-10 14:30:36,779.38,card,D0042,IP0481,SUCCESS
T00007131,M0185,C1473,2026-02-08 18:54:24,6811.27,UPI,D0296,IP0696,SUCCESS
T00007132,M0038,C1471,2026-02-12 22:30:01,586.81,UPI,D0659,IP0678,SUCCESS
T00007133,M0443,C1297,2026-02-17 06:34:56,1515.88,netbanking,D0682,IP0045,FAILED
T00007134,M0212,C1049,2026-03-28 17:20:55,12969.16,UPI,D0582,IP0452,SUCCESS
T00007135,M0273,C0611,2026-02-09 15:04:18,764.19,wallet,D0299,IP0097,SUCCESS
T00007136,M0405,C1220,2026-02-12 14:46:22,831.35,UPI,D0015,IP0115,SUCCESS
T00007137,M0195,C0390,2026-01-14 13:30:16,820.91,UPI,D0733,IP0002,SUCCESS
T00007138,M0186,C1401,2026-01-12 14:24:19,2983.01,card,D0181,IP0617,SUCCESS
T00007139,M0159,C1225,2026-03-29 08:49:33,4240.6,netbanking,D0227,IP0503,SUCCESS
T00007140,M0487,C0404,2026-03-01 19:03:03,1086.86,UPI,D0367,IP0081,SUCCESS
T00007141,M0135,C1049,2026-02-08 21:41:34,5156.79,UPI,D0032,IP0332,SUCCESS
T00007142,M0370,C1201,2026-01-14 11:46:54,3899.37,UPI,D0548,IP0622,SUCCESS
T00007143,M0358,C0768,2026-02-02 22:09:21,5479.45,UPI,D0317,IP0179,SUCCESS
T00007144,M0260,C0385,2026-03-19 23:41:25,9156.43,wallet,D0679,IP0178,SUCCESS
T00007145,M0405,C0762,2026-01-13 07:41:51,312.28,card,D0113,IP0008,SUCCESS
T00007146,M0120,C1420,2026-02-22 20:24:41,12874.7,UPI,D0424,IP0370,SUCCESS
T00007147,M0060,C1025,2026-03-26 09:06:04,367.97,card,D0568,IP0573,SUCCESS
T00007148,M0356,C0617,2026-02-11 14:04:00,749.77,UPI,D0266,IP0606,SUCCESS
T00007149,M0150,C0066,2026-02-05 12:51:41,1329.3,card,D0663,IP0620,FAILED
T00007150,M0448,C0712,2026-03-08 23:37:07,28979.85,netbanking,D0522,IP0566,SUCCESS
T00007151,M0313,C1363,2026-03-02 18:15:05,7298.98,UPI,D0304,IP0126,SUCCESS
T00007152,M0123,C1166,2026-01-15 16:40:00,2092.34,UPI,D0215,IP0493,SUCCESS
T00007153,M0165,C0071,2026-01-02 15:11:53,2364.55,UPI,D0587,IP0377,SUCCESS
T00007154,M0329,C1110,2026-01-31 23:27:42,27819.2,card,D0232,IP0128,SUCCESS
T00007155,M0478,C0158,2026-01-12 23:17:55,1284.56,card,D0722,IP0194,SUCCESS
T00007156,M0216,C0764,2026-03-09 20:12:28,7686.89,card,D0688,IP0584,SUCCESS
T00007157,M0040,C1146,2026-03-14 12:26:14,2141.0,UPI,D0272,IP0435,SUCCESS
T00007158,M0375,C0038,2026-03-07 13:04:19,3251.43,card,D0163,IP0298,SUCCESS
T00007159,M0303,C0197,2026-01-20 16:10:56,470.45,wallet,D0046,IP0456,SUCCESS
T00007160,M0403,C1265,2026-02-02 14:54:19,3168.39,netbanking,D0399,IP0637,SUCCESS
T00007161,M0288,C0521,2026-03-09 08:15:57,704.29,wallet,D0207,IP0750,SUCCESS
T00007162,M0226,C0139,2026-01-05 12:03:01,3732.87,netbanking,D0683,IP0425,SUCCESS
T00007163,M0244,C1473,2026-01-11 23:42:59,385.01,wallet,D0659,IP0510,SUCCESS
T00007164,M0424,C0067,2026-02-01 18:31:34,912.16,netbanking,D0471,IP0263,SUCCESS
T00007165,M0219,C0266,2026-01-20 08:09:54,529.55,card,D0046,IP0297,SUCCESS
T00007166,M0261,C0654,2026-01-22 08:11:43,771.67,UPI,D0388,IP0495,SUCCESS
T00007167,M0147,C1214,2026-02-16 14:41:21,1060.89,card,D0489,IP0245,SUCCESS
T00007168,M0011,C0388,2026-03-18 13:01:04,488.2,UPI,D0667,IP0175,SUCCESS
T00007169,M0136,C1302,2026-03-15 20:41:08,503.1,UPI,D0655,IP0370,SUCCESS
T00007170,M0424,C0515,2026-01-31 14:40:23,186.68,UPI,D0436,IP0651,SUCCESS
T00007171,M0471,C0450,2026-01-21 17:10:06,930.17,card,D0465,IP0541,SUCCESS
T00007172,M0402,C0907,2026-01-14 19:37:07,3276.46,card,D0224,IP0568,SUCCESS
T00007173,M0248,C0578,2026-01-01 15:28:22,71.67,card,D0256,IP0361,SUCCESS
T00007174,M0370,C0399,2026-02-24 14:46:37,985.42,UPI,D0050,IP0539,SUCCESS
T00007175,M0092,C0620,2026-03-01 13:51:44,1392.81,UPI,D0606,IP0226,SUCCESS
T00007176,M0074,C1004,2026-03-05 17:20:41,3196.23,card,D0732,IP0668,SUCCESS
T00007177,M0125,C1494,2026-02-22 20:25:59,722.85,card,D0273,IP0339,SUCCESS
T00007178,M0333,C0372,2026-02-08 13:52:48,650.29,card,D0061,IP0376,REFUNDED
T00007179,M0234,C0544,2026-02-06 19:49:58,11670.82,netbanking,D0673,IP0048,REFUNDED
T00007180,M0122,C0933,2026-03-10 12:53:46,3161.41,card,D0621,IP0253,SUCCESS
T00007181,M0303,C0959,2026-01-26 21:47:10,1097.21,card,D0708,IP0222,SUCCESS
T00007182,M0470,C0498,2026-03-20 20:57:59,191.02,wallet,D0551,IP0485,SUCCESS
T00007183,M0303,C0959,2026-02-18 23:42:56,503.65,UPI,D0552,IP0605,SUCCESS
T00007184,M0291,C0533,2026-03-17 12:39:05,2149.93,UPI,D0712,IP0277,SUCCESS
T00007185,M0205,C1464,2026-03-01 13:20:53,314.52,UPI,D0196,IP0013,SUCCESS
T00007186,M0008,C1389,2026-03-22 14:07:24,7083.2,UPI,D0048,IP0217,SUCCESS
T00007187,M0147,C0877,2026-03-21 19:17:58,2402.11,UPI,D0689,IP0082,SUCCESS
T00007188,M0194,C1093,2026-02-23 13:37:02,3885.69,UPI,D0198,IP0308,FAILED
T00007189,M0255,C1001,2026-01-25 12:57:50,8428.43,card,D0605,IP0092,SUCCESS
T00007190,M0477,C0485,2026-02-10 10:49:30,312.04,UPI,D0731,IP0112,SUCCESS
T00007191,M0172,C1228,2026-01-26 19:05:14,459.51,UPI,D0371,IP0704,SUCCESS
T00007192,M0176,C1051,2026-02-02 16:09:43,940.44,card,D0678,IP0462,SUCCESS
T00007193,M0185,C1070,2026-03-20 13:20:56,753.2,UPI,D0466,IP0696,SUCCESS
T00007194,M0137,C0027,2026-02-02 09:39:57,3142.7,wallet,D0048,IP0398,SUCCESS
T00007195,M0246,C1127,2026-03-23 01:06:52,1315.08,netbanking,D0562,IP0606,SUCCESS
T00007196,M0403,C0016,2026-02-28 14:32:21,2494.12,card,D0474,IP0239,SUCCESS
T00007197,M0401,C0435,2026-01-12 15:37:08,1175.82,card,D0240,IP0165,SUCCESS
T00007198,M0002,C1128,2026-03-27 03:46:31,382.01,UPI,D0487,IP0537,FAILED
T00007199,M0408,C0599,2026-01-31 16:30:47,809.75,UPI,D0742,IP0477,SUCCESS
T00007200,M0223,C0550,2026-01-31 07:03:16,2306.8,wallet,D0650,IP0523,SUCCESS
T00007201,M0013,C0641,2026-01-22 15:40:42,1762.23,UPI,D0671,IP0246,SUCCESS
T00007202,M0492,C0679,2026-02-09 11:23:00,3969.77,netbanking,D0078,IP0204,SUCCESS
T00007203,M0448,C1118,2026-03-19 12:20:14,11601.39,card,D0049,IP0566,FAILED
T00007204,M0205,C0002,2026-03-12 14:04:28,1227.27,card,D0247,IP0112,SUCCESS
T00007205,M0370,C0664,2026-01-09 11:59:25,2297.39,card,D0202,IP0622,SUCCESS
T00007206,M0355,C1302,2026-01-23 18:49:41,698.54,UPI,D0422,IP0566,SUCCESS
T00007207,M0491,C1474,2026-01-26 23:43:40,1282.13,card,D0034,IP0261,SUCCESS
T00007208,M0121,C1001,2026-02-26 16:08:25,5550.6,UPI,D0683,IP0703,SUCCESS
T00007209,M0137,C0046,2026-01-30 13:04:32,4228.37,card,D0522,IP0461,SUCCESS
T00007210,M0366,C0155,2026-02-04 12:18:43,634.37,wallet,D0748,IP0545,SUCCESS
T00007211,M0055,C0201,2026-01-09 11:40:06,1879.85,card,D0739,IP0410,SUCCESS
T00007212,M0424,C0860,2026-01-05 20:43:41,2603.57,card,D0436,IP0263,SUCCESS
T00007213,M0137,C0608,2026-01-07 18:00:59,1971.58,UPI,D0048,IP0398,SUCCESS
T00007214,M0405,C0616,2026-01-02 23:56:11,1120.56,UPI,D0015,IP0416,SUCCESS
T00007215,M0113,C1253,2026-01-11 16:33:05,676.81,card,D0296,IP0262,SUCCESS
T00007216,M0402,C0924,2026-02-26 16:09:43,1760.27,UPI,D0224,IP0022,SUCCESS
T00007217,M0061,C0982,2026-01-23 20:55:26,1129.48,netbanking,D0552,IP0264,SUCCESS
T00007218,M0076,C0341,2026-02-02 13:58:36,1419.58,card,D0188,IP0249,FAILED
T00007219,M0033,C0708,2026-03-10 21:01:16,322.98,UPI,D0603,IP0340,SUCCESS
T00007220,M0364,C0281,2026-02-28 15:03:25,627.58,UPI,D0656,IP0151,FAILED
T00007221,M0113,C0976,2026-03-01 21:35:51,1301.73,card,D0622,IP0156,SUCCESS
T00007222,M0208,C0816,2026-01-13 11:20:01,3004.61,card,D0539,IP0422,SUCCESS
T00007223,M0453,C0025,2026-02-10 15:23:20,2785.47,card,D0166,IP0209,REFUNDED
T00007224,M0179,C0100,2026-01-20 20:51:12,20805.07,netbanking,D0076,IP0251,SUCCESS
T00007225,M0113,C0429,2026-01-16 23:35:15,1917.09,UPI,D0403,IP0262,FAILED
T00007226,M0366,C0908,2026-03-01 07:16:24,623.49,card,D0662,IP0127,SUCCESS
T00007227,M0113,C1070,2026-03-10 05:25:01,1368.6,card,D0296,IP0655,SUCCESS
T00007228,M0397,C1166,2026-03-07 19:44:59,2739.58,card,D0240,IP0526,REFUNDED
T00007229,M0251,C0857,2026-03-21 16:29:58,2952.38,UPI,D0503,IP0071,SUCCESS
T00007230,M0478,C1035,2026-03-18 15:14:48,12338.35,card,D0404,IP0692,SUCCESS
T00007231,M0142,C1203,2026-02-01 17:51:16,552.7,UPI,D0092,IP0672,SUCCESS
T00007232,M0277,C1286,2026-03-14 09:12:02,517.67,UPI,D0327,IP0605,SUCCESS
T00007233,M0441,C0881,2026-01-17 07:32:14,3235.29,card,D0349,IP0748,SUCCESS
T00007234,M0359,C1274,2026-02-26 22:03:15,312.87,UPI,D0587,IP0242,SUCCESS
T00007235,M0132,C1293,2026-02-28 14:42:32,3180.01,card,D0618,IP0599,SUCCESS
T00007236,M0050,C0915,2026-01-19 11:41:47,1154.24,UPI,D0593,IP0412,SUCCESS
T00007237,M0304,C0937,2026-02-14 11:35:18,713.02,UPI,D0025,IP0434,SUCCESS
T00007238,M0312,C1296,2026-01-16 09:49:30,823.94,UPI,D0157,IP0003,SUCCESS
T00007239,M0138,C0595,2026-02-06 17:41:30,553.37,wallet,D0633,IP0494,SUCCESS
T00007240,M0416,C0510,2026-02-12 11:58:48,2076.79,UPI,D0025,IP0492,SUCCESS
T00007241,M0144,C0621,2026-02-09 21:25:32,7412.03,netbanking,D0618,IP0367,SUCCESS
T00007242,M0487,C1339,2026-03-28 16:08:52,1332.05,UPI,D0405,IP0566,SUCCESS
T00007243,M0382,C0260,2026-01-21 20:48:33,2896.43,wallet,D0424,IP0016,SUCCESS
T00007244,M0335,C0946,2026-02-18 20:09:46,374.92,UPI,D0019,IP0644,SUCCESS
T00007245,M0362,C0468,2026-02-02 19:10:32,684.98,netbanking,D0269,IP0691,SUCCESS
T00007246,M0004,C0440,2026-01-03 12:48:46,2048.66,UPI,D0115,IP0692,SUCCESS
T00007247,M0206,C0627,2026-01-04 14:04:23,5400.39,card,D0182,IP0092,SUCCESS
T00007248,M0444,C0455,2026-01-13 11:33:15,1358.52,UPI,D0653,IP0075,SUCCESS
T00007249,M0475,C0578,2026-01-02 18:50:38,2382.43,card,D0476,IP0045,REFUNDED
T00007250,M0129,C0514,2026-01-20 07:59:42,570.33,UPI,D0432,IP0372,SUCCESS
T00007251,M0460,C0877,2026-02-14 23:55:52,10042.1,netbanking,D0098,IP0295,FAILED
T00007252,M0212,C0111,2026-03-06 23:48:56,1820.29,card,D0404,IP0049,SUCCESS
T00007253,M0379,C0463,2026-03-14 16:54:54,98.62,UPI,D0562,IP0292,SUCCESS
T00007254,M0448,C0540,2026-02-05 23:24:13,6702.4,card,D0049,IP0408,SUCCESS
T00007255,M0142,C0893,2026-02-07 08:14:01,452.74,UPI,D0475,IP0469,SUCCESS
T00007256,M0102,C0621,2026-02-18 14:50:43,945.63,card,D0142,IP0725,SUCCESS
T00007257,M0267,C1109,2026-01-05 14:49:23,3960.46,UPI,D0225,IP0555,SUCCESS
T00007258,M0347,C0235,2026-02-05 11:19:58,1683.99,UPI,D0588,IP0225,SUCCESS
T00007259,M0311,C0902,2026-03-11 15:08:09,226.03,wallet,D0061,IP0025,SUCCESS
T00007260,M0370,C0977,2026-02-16 18:08:13,10239.77,netbanking,D0548,IP0622,SUCCESS
T00007261,M0472,C0239,2026-02-06 21:30:47,1825.6,card,D0324,IP0154,SUCCESS
T00007262,M0082,C0359,2026-01-08 06:19:16,188.14,UPI,D0736,IP0610,SUCCESS
T00007263,M0487,C1439,2026-02-17 19:54:13,507.79,UPI,D0367,IP0358,SUCCESS
T00007264,M0113,C1302,2026-02-22 11:11:19,1289.31,UPI,D0299,IP0635,FAILED
T00007265,M0478,C0920,2026-01-04 23:03:59,4806.97,netbanking,D0011,IP0216,SUCCESS
T00007266,M0405,C0098,2026-01-08 21:26:21,1009.59,UPI,D0015,IP0351,SUCCESS
T00007267,M0424,C0900,2026-02-23 13:10:08,426.06,UPI,D0471,IP0263,SUCCESS
T00007268,M0448,C1123,2026-02-25 23:47:19,19675.52,card,D0136,IP0408,SUCCESS
T00007269,M0080,C0731,2026-02-26 17:19:52,7189.9,UPI,D0383,IP0678,SUCCESS
T00007270,M0365,C1221,2026-02-20 15:02:57,2751.57,UPI,D0559,IP0228,SUCCESS
T00007271,M0203,C1020,2026-02-11 13:29:42,899.34,UPI,D0183,IP0002,SUCCESS
T00007272,M0214,C0290,2026-02-12 19:14:00,1612.16,card,D0714,IP0090,SUCCESS
T00007273,M0297,C0490,2026-01-08 09:16:55,861.85,UPI,D0698,IP0425,SUCCESS
T00007274,M0330,C1459,2026-02-23 14:06:04,4657.93,card,D0288,IP0291,REFUNDED
T00007275,M0380,C0720,2026-02-08 23:09:57,5763.49,card,D0471,IP0251,SUCCESS
T00007276,M0337,C1390,2026-03-16 15:43:45,187.48,wallet,D0155,IP0633,FAILED
T00007277,M0142,C0618,2026-01-15 23:44:02,964.1,wallet,D0436,IP0469,SUCCESS
T00007278,M0208,C1267,2026-02-14 16:33:03,769.64,wallet,D0041,IP0705,SUCCESS
T00007279,M0444,C0978,2026-03-04 10:18:08,7767.7,UPI,D0687,IP0078,SUCCESS
T00007280,M0383,C1451,2026-03-05 16:23:17,3721.67,UPI,D0696,IP0288,SUCCESS
T00007281,M0259,C1113,2026-03-23 15:31:59,823.26,UPI,D0542,IP0276,SUCCESS
T00007282,M0144,C0636,2026-03-29 23:41:56,17164.57,card,D0376,IP0155,SUCCESS
T00007283,M0428,C0334,2026-03-30 13:16:15,4940.94,netbanking,D0383,IP0421,SUCCESS
T00007284,M0147,C0538,2026-02-25 14:06:46,1091.75,card,D0489,IP0223,SUCCESS
T00007285,M0465,C1098,2026-03-23 16:29:45,4560.11,card,D0394,IP0684,SUCCESS
T00007286,M0248,C0287,2026-01-02 11:41:59,886.01,UPI,D0623,IP0340,SUCCESS
T00007287,M0364,C1335,2026-01-18 13:18:34,1451.58,UPI,D0274,IP0422,REFUNDED
T00007288,M0142,C0493,2026-02-01 22:46:49,230.4,card,D0436,IP0672,SUCCESS
T00007289,M0113,C1096,2026-02-16 14:07:12,1470.17,card,D0077,IP0635,SUCCESS
T00007290,M0144,C1043,2026-01-08 18:03:03,2245.76,card,D0618,IP0438,SUCCESS
T00007291,M0303,C0562,2026-01-21 16:52:11,630.77,UPI,D0655,IP0605,SUCCESS
T00007292,M0374,C0861,2026-02-05 15:21:02,435.6,wallet,D0353,IP0741,SUCCESS
T00007293,M0274,C0847,2026-03-08 17:51:56,2716.39,card,D0394,IP0657,SUCCESS
T00007294,M0412,C1020,2026-02-24 15:41:10,1223.94,netbanking,D0321,IP0277,SUCCESS
T00007295,M0113,C0274,2026-03-19 16:20:58,3950.93,card,D0397,IP0635,SUCCESS
T00007296,M0478,C1306,2026-02-21 21:01:51,8338.32,netbanking,D0391,IP0534,SUCCESS
T00007297,M0330,C0437,2026-03-25 13:27:07,1091.4,wallet,D0368,IP0409,SUCCESS
T00007298,M0195,C1267,2026-03-08 13:20:24,2147.44,UPI,D0142,IP0140,SUCCESS
T00007299,M0303,C0657,2026-02-23 23:15:49,1031.4,UPI,D0046,IP0456,SUCCESS
T00007300,M0249,C1128,2026-02-10 11:52:17,210.85,wallet,D0004,IP0241,FAILED
T00007301,M0424,C0013,2026-03-13 16:38:52,453.5,card,D0056,IP0125,SUCCESS
T00007302,M0167,C0141,2026-02-28 17:33:52,1945.88,UPI,D0227,IP0415,SUCCESS
T00007303,M0347,C0601,2026-02-17 18:59:36,1426.23,UPI,D0296,IP0667,SUCCESS
T00007304,M0398,C0676,2026-03-17 18:00:43,812.69,wallet,D0438,IP0088,FAILED
T00007305,M0487,C1174,2026-03-06 18:01:46,1386.12,card,D0405,IP0566,SUCCESS
T00007306,M0071,C1267,2026-01-16 16:40:18,4345.31,card,D0665,IP0031,SUCCESS
T00007307,M0347,C1459,2026-01-28 12:23:19,1657.52,netbanking,D0206,IP0063,SUCCESS
T00007308,M0208,C0227,2026-02-11 14:12:39,9690.81,card,D0428,IP0645,SUCCESS
T00007309,M0223,C1442,2026-03-09 14:27:02,1060.84,card,D0641,IP0565,SUCCESS
T00007310,M0239,C1301,2026-02-15 18:26:47,5516.76,card,D0398,IP0633,SUCCESS
T00007311,M0197,C1425,2026-03-29 23:41:57,2004.63,card,D0619,IP0430,SUCCESS
T00007312,M0297,C0959,2026-01-18 12:48:25,4063.7,UPI,D0182,IP0053,SUCCESS
T00007313,M0147,C0657,2026-02-25 16:19:47,963.96,UPI,D0661,IP0245,SUCCESS
T00007314,M0440,C1375,2026-01-29 19:48:49,3074.23,netbanking,D0041,IP0040,SUCCESS
T00007315,M0430,C0046,2026-02-24 10:59:44,1264.8,UPI,D0631,IP0143,SUCCESS
T00007316,M0075,C1140,2026-02-02 15:00:30,1922.07,wallet,D0385,IP0225,SUCCESS
T00007317,M0055,C0264,2026-01-27 17:48:51,1451.16,card,D0739,IP0348,SUCCESS
T00007318,M0230,C0262,2026-01-25 11:06:38,1238.49,card,D0508,IP0337,SUCCESS
T00007319,M0366,C0512,2026-03-03 05:50:41,707.13,card,D0662,IP0455,FAILED
T00007320,M0331,C0974,2026-01-01 12:16:35,2652.73,netbanking,D0594,IP0513,SUCCESS
T00007321,M0134,C0301,2026-01-15 14:45:00,187.23,netbanking,D0444,IP0298,SUCCESS
T00007322,M0303,C0090,2026-02-21 20:40:50,166.86,UPI,D0271,IP0467,SUCCESS
T00007323,M0013,C0520,2026-02-20 11:56:57,967.12,card,D0665,IP0265,SUCCESS
T00007324,M0113,C0470,2026-01-30 18:02:20,2970.12,card,D0403,IP0262,SUCCESS
T00007325,M0165,C0685,2026-03-14 15:15:47,1154.85,UPI,D0587,IP0165,SUCCESS
T00007326,M0398,C1202,2026-03-19 17:06:29,2370.52,card,D0598,IP0182,SUCCESS
T00007327,M0403,C1088,2026-01-15 16:41:53,10648.48,UPI,D0244,IP0637,SUCCESS
T00007328,M0090,C0251,2026-03-22 20:03:14,329.12,UPI,D0328,IP0294,SUCCESS
T00007329,M0113,C0137,2026-03-28 20:53:38,1023.3,wallet,D0403,IP0635,SUCCESS
T00007330,M0129,C1121,2026-03-23 13:01:27,3292.96,UPI,D0256,IP0094,SUCCESS
T00007331,M0313,C0051,2026-01-13 17:22:12,3042.21,netbanking,D0418,IP0102,SUCCESS
T00007332,M0066,C1461,2026-03-20 23:44:35,2291.72,card,D0550,IP0398,SUCCESS
T00007333,M0412,C0671,2026-03-30 08:37:19,189.2,wallet,D0020,IP0387,SUCCESS
T00007334,M0367,C0658,2026-01-21 15:39:43,8348.86,card,D0016,IP0311,SUCCESS
T00007335,M0382,C0837,2026-01-03 10:51:12,279.38,card,D0524,IP0230,SUCCESS
T00007336,M0169,C1009,2026-01-31 07:42:06,652.1,UPI,D0458,IP0518,SUCCESS
T00007337,M0303,C0104,2026-01-17 16:10:48,303.13,UPI,D0113,IP0132,SUCCESS
T00007338,M0174,C0073,2026-01-16 11:13:38,3894.9,card,D0650,IP0454,SUCCESS
T00007339,M0246,C0038,2026-01-24 17:15:04,3726.39,card,D0313,IP0644,SUCCESS
T00007340,M0071,C1382,2026-02-05 21:50:39,3306.94,card,D0457,IP0503,SUCCESS
T00007341,M0129,C0018,2026-01-27 21:59:57,4980.37,card,D0469,IP0372,SUCCESS
T00007342,M0065,C0176,2026-02-14 19:21:52,12892.04,UPI,D0252,IP0105,SUCCESS
T00007343,M0344,C0226,2026-03-23 15:54:50,6196.34,card,D0070,IP0732,SUCCESS
T00007344,M0424,C1285,2026-01-09 16:50:32,2210.78,card,D0189,IP0125,SUCCESS
T00007345,M0490,C0430,2026-03-29 14:51:05,2692.67,card,D0273,IP0567,SUCCESS
T00007346,M0372,C0594,2026-02-12 15:13:02,1097.24,wallet,D0501,IP0535,SUCCESS
T00007347,M0444,C1071,2026-03-22 16:12:56,5768.06,UPI,D0653,IP0075,SUCCESS
T00007348,M0203,C0619,2026-03-01 23:27:01,2027.41,UPI,D0042,IP0283,SUCCESS
T00007349,M0424,C0013,2026-02-05 18:02:45,729.36,wallet,D0471,IP0263,SUCCESS
T00007350,M0142,C0606,2026-03-29 16:50:51,442.22,card,D0009,IP0469,SUCCESS
T00007351,M0303,C0842,2026-02-20 19:36:26,883.85,card,D0271,IP0132,SUCCESS
T00007352,M0214,C1159,2026-02-07 12:52:16,884.54,UPI,D0655,IP0090,SUCCESS
T00007353,M0374,C1167,2026-03-23 20:07:05,1466.95,netbanking,D0153,IP0455,FAILED
T00007354,M0325,C1482,2026-01-04 15:55:05,4281.28,UPI,D0361,IP0545,SUCCESS
T00007355,M0410,C0673,2026-03-26 18:44:48,5773.02,card,D0223,IP0720,SUCCESS
T00007356,M0142,C1254,2026-03-06 12:36:57,679.73,wallet,D0092,IP0469,SUCCESS
T00007357,M0455,C1183,2026-01-08 09:17:46,1164.63,card,D0594,IP0604,SUCCESS
T00007358,M0176,C0940,2026-02-20 15:15:30,841.8,UPI,D0097,IP0731,SUCCESS
T00007359,M0048,C1352,2026-02-04 15:59:00,806.06,netbanking,D0109,IP0342,SUCCESS
T00007360,M0224,C1192,2026-02-23 16:55:14,3393.93,wallet,D0107,IP0037,SUCCESS
T00007361,M0015,C1499,2026-03-18 21:52:13,3697.25,UPI,D0454,IP0288,SUCCESS
T00007362,M0363,C0034,2026-01-23 14:10:26,410.14,UPI,D0282,IP0319,SUCCESS
T00007363,M0126,C1226,2026-02-28 11:41:59,465.37,wallet,D0225,IP0267,REFUNDED
T00007364,M0401,C1300,2026-02-23 18:07:58,9244.43,UPI,D0643,IP0595,REFUNDED
T00007365,M0469,C1286,2026-03-13 11:02:25,1334.06,netbanking,D0082,IP0634,SUCCESS
T00007366,M0327,C0880,2026-02-02 22:19:43,3204.3,card,D0730,IP0456,SUCCESS
T00007367,M0365,C0046,2026-02-19 22:42:39,1070.06,card,D0188,IP0175,REFUNDED
T00007368,M0241,C0533,2026-01-12 18:02:53,1941.39,card,D0036,IP0503,SUCCESS
T00007369,M0069,C1324,2026-03-03 15:51:22,338.28,card,D0552,IP0026,SUCCESS
T00007370,M0244,C0165,2026-01-10 21:04:13,1966.63,UPI,D0468,IP0147,SUCCESS
T00007371,M0229,C1123,2026-01-16 18:34:50,7286.76,UPI,D0167,IP0327,SUCCESS
T00007372,M0216,C1363,2026-01-06 16:37:39,9930.15,UPI,D0688,IP0425,SUCCESS
T00007373,M0347,C1072,2026-02-10 16:55:15,2530.54,wallet,D0154,IP0034,SUCCESS
T00007374,M0289,C0133,2026-03-25 19:37:50,314.23,UPI,D0654,IP0118,SUCCESS
T00007375,M0469,C0984,2026-03-03 18:22:45,8360.54,wallet,D0529,IP0226,SUCCESS
T00007376,M0405,C0242,2026-03-07 15:36:54,1032.73,netbanking,D0268,IP0155,SUCCESS
T00007377,M0382,C1498,2026-02-27 23:37:10,3508.87,card,D0524,IP0235,SUCCESS
T00007378,M0466,C0428,2026-01-19 15:36:53,2243.34,card,D0390,IP0251,SUCCESS
T00007379,M0273,C0623,2026-02-07 16:59:48,308.16,UPI,D0687,IP0543,SUCCESS
T00007380,M0474,C0915,2026-02-23 17:55:01,933.86,card,D0048,IP0048,SUCCESS
T00007381,M0229,C0426,2026-02-24 22:49:55,4533.42,card,D0545,IP0557,SUCCESS
T00007382,M0167,C0015,2026-01-24 09:59:35,4512.93,netbanking,D0659,IP0680,SUCCESS
T00007383,M0416,C0716,2026-03-19 08:54:15,801.18,UPI,D0320,IP0453,SUCCESS
T00007384,M0421,C0299,2026-02-19 17:32:00,6695.84,netbanking,D0225,IP0679,SUCCESS
T00007385,M0229,C0622,2026-03-05 23:29:19,3214.42,card,D0451,IP0327,SUCCESS
T00007386,M0354,C0360,2026-02-11 14:58:39,6765.28,card,D0083,IP0309,SUCCESS
T00007387,M0444,C0190,2026-03-13 16:26:31,2384.12,wallet,D0687,IP0075,REFUNDED
T00007388,M0015,C0163,2026-01-26 10:34:04,602.26,card,D0156,IP0273,SUCCESS
T00007389,M0405,C1380,2026-02-16 11:04:38,2985.46,UPI,D0015,IP0456,SUCCESS
T00007390,M0203,C1088,2026-01-19 13:57:25,528.02,UPI,D0042,IP0283,SUCCESS
T00007391,M0478,C0529,2026-02-28 14:33:03,3188.34,card,D0293,IP0326,SUCCESS
T00007392,M0104,C0010,2026-02-19 21:32:42,4847.94,UPI,D0739,IP0710,SUCCESS
T00007393,M0358,C0795,2026-03-17 19:50:16,8615.56,card,D0154,IP0604,SUCCESS
T00007394,M0405,C0920,2026-03-22 05:54:43,1132.87,wallet,D0268,IP0399,FAILED
T00007395,M0112,C0838,2026-03-19 20:57:32,5247.7,UPI,D0608,IP0086,SUCCESS
T00007396,M0448,C0852,2026-03-29 19:40:12,3924.12,card,D0342,IP0408,SUCCESS
T00007397,M0229,C1482,2026-01-01 23:09:37,21278.24,UPI,D0328,IP0327,SUCCESS
T00007398,M0015,C1474,2026-03-19 21:08:34,2585.84,wallet,D0291,IP0111,SUCCESS
T00007399,M0363,C0632,2026-02-03 12:42:11,711.82,card,D0282,IP0319,SUCCESS
T00007400,M0003,C0899,2026-03-10 14:37:59,2471.77,wallet,D0042,IP0362,SUCCESS
T00007401,M0479,C0083,2026-03-24 21:13:52,10333.29,card,D0087,IP0545,SUCCESS
T00007402,M0289,C0701,2026-01-28 17:50:09,332.19,UPI,D0110,IP0703,SUCCESS
T00007403,M0450,C0621,2026-02-04 23:34:44,5141.79,netbanking,D0527,IP0178,SUCCESS
T00007404,M0366,C0240,2026-03-24 01:35:49,253.52,card,D0204,IP0187,SUCCESS
T00007405,M0480,C0365,2026-02-17 11:01:33,2871.62,UPI,D0695,IP0721,SUCCESS
T00007406,M0302,C0184,2026-02-27 15:33:07,2190.92,card,D0094,IP0111,SUCCESS
T00007407,M0189,C1409,2026-01-04 12:11:01,2260.24,wallet,D0466,IP0217,REFUNDED
T00007408,M0061,C0318,2026-02-16 15:22:22,1647.88,card,D0714,IP0211,SUCCESS
T00007409,M0147,C0905,2026-03-23 11:12:23,5307.06,UPI,D0689,IP0082,SUCCESS
T00007410,M0466,C0848,2026-01-31 12:03:53,4291.74,netbanking,D0061,IP0143,SUCCESS
T00007411,M0491,C0785,2026-02-26 16:38:45,3779.45,card,D0053,IP0185,SUCCESS
T00007412,M0020,C0320,2026-03-09 23:11:51,4427.61,wallet,D0544,IP0538,SUCCESS
T00007413,M0147,C0605,2026-01-20 07:48:10,1928.67,netbanking,D0661,IP0245,SUCCESS
T00007414,M0131,C0254,2026-03-16 18:06:27,33920.91,card,D0147,IP0340,SUCCESS
T00007415,M0290,C0655,2026-02-23 17:46:27,617.32,card,D0256,IP0457,SUCCESS
T00007416,M0258,C1084,2026-02-28 12:53:17,2343.47,wallet,D0509,IP0334,FAILED
T00007417,M0490,C1229,2026-03-04 22:46:54,291.49,wallet,D0521,IP0567,SUCCESS
T00007418,M0204,C0552,2026-03-22 09:24:28,1768.4,card,D0633,IP0702,SUCCESS
T00007419,M0328,C1480,2026-03-17 21:45:31,941.38,UPI,D0483,IP0005,SUCCESS
T00007420,M0419,C0574,2026-03-13 13:55:54,3371.38,card,D0199,IP0268,SUCCESS
T00007421,M0011,C1005,2026-03-24 14:48:02,213.02,UPI,D0272,IP0745,SUCCESS
T00007422,M0416,C0927,2026-02-04 12:54:13,881.76,card,D0592,IP0602,SUCCESS
T00007423,M0378,C1070,2026-03-09 14:20:03,279.23,UPI,D0319,IP0385,SUCCESS
T00007424,M0469,C0018,2026-01-28 12:20:00,1563.01,UPI,D0529,IP0634,SUCCESS
T00007425,M0487,C1401,2026-02-24 23:14:42,2194.35,UPI,D0405,IP0422,SUCCESS
T00007426,M0308,C1142,2026-02-17 23:20:38,9091.82,card,D0708,IP0256,SUCCESS
T00007427,M0400,C0102,2026-03-02 21:09:41,378.29,UPI,D0567,IP0215,SUCCESS
T00007428,M0491,C1342,2026-03-28 17:02:08,2227.7,card,D0580,IP0261,SUCCESS
T00007429,M0434,C1063,2026-03-25 12:32:53,2702.95,card,D0684,IP0266,SUCCESS
T00007430,M0321,C0206,2026-02-20 15:40:54,564.96,UPI,D0456,IP0112,SUCCESS
T00007431,M0113,C0004,2026-02-01 14:01:08,1958.49,UPI,D0403,IP0635,FAILED
T00007432,M0211,C1324,2026-03-08 12:36:00,4318.32,card,D0480,IP0422,SUCCESS
T00007433,M0449,C0632,2026-02-26 18:17:23,951.09,UPI,D0422,IP0507,SUCCESS
T00007434,M0065,C1091,2026-02-18 23:12:49,3927.58,netbanking,D0364,IP0659,SUCCESS
T00007435,M0452,C1292,2026-01-02 13:35:46,1711.33,UPI,D0062,IP0672,SUCCESS
T00007436,M0352,C0535,2026-02-17 10:14:19,3938.06,card,D0598,IP0716,SUCCESS
T00007437,M0424,C1477,2026-01-15 15:01:50,1047.62,UPI,D0477,IP0263,SUCCESS
T00007438,M0229,C0253,2026-02-08 23:43:56,6324.94,card,D0225,IP0254,SUCCESS
T00007439,M0175,C1453,2026-03-24 17:19:38,1367.29,card,D0534,IP0620,SUCCESS
T00007440,M0487,C1037,2026-02-26 13:39:48,5948.54,UPI,D0570,IP0460,SUCCESS
T00007441,M0327,C0310,2026-03-01 17:59:04,5151.12,wallet,D0117,IP0463,SUCCESS
T00007442,M0372,C1466,2026-01-19 17:29:29,1450.65,card,D0501,IP0409,SUCCESS
T00007443,M0478,C1330,2026-01-18 22:45:24,8374.49,card,D0293,IP0286,SUCCESS
T00007444,M0268,C0894,2026-03-17 18:40:26,164.28,card,D0349,IP0306,SUCCESS
T00007445,M0065,C0466,2026-01-19 13:36:17,5195.0,card,D0156,IP0559,SUCCESS
T00007446,M0147,C1384,2026-02-02 18:54:11,1099.73,card,D0489,IP0328,SUCCESS
T00007447,M0347,C1164,2026-01-17 18:24:37,1045.5,UPI,D0588,IP0214,SUCCESS
T00007448,M0405,C0820,2026-03-16 13:37:49,245.6,netbanking,D0164,IP0196,SUCCESS
T00007449,M0289,C0547,2026-02-19 14:01:30,1379.08,card,D0093,IP0579,SUCCESS
T00007450,M0357,C0428,2026-03-03 13:31:34,5745.87,UPI,D0148,IP0286,SUCCESS
T00007451,M0370,C0094,2026-03-11 15:38:36,5199.94,UPI,D0166,IP0013,SUCCESS
T00007452,M0026,C0607,2026-02-09 16:10:06,1600.27,UPI,D0278,IP0692,SUCCESS
T00007453,M0268,C0092,2026-03-07 09:02:21,430.87,UPI,D0094,IP0714,SUCCESS
T00007454,M0449,C0383,2026-03-18 14:33:35,1168.47,UPI,D0655,IP0422,SUCCESS
T00007455,M0040,C0104,2026-03-04 14:17:07,3437.89,card,D0730,IP0147,SUCCESS
T00007456,M0366,C0912,2026-03-26 09:09:12,179.38,wallet,D0204,IP0637,SUCCESS
T00007457,M0303,C0504,2026-02-26 21:16:24,822.71,wallet,D0271,IP0488,SUCCESS
T00007458,M0387,C1370,2026-03-31 23:16:43,1536.71,card,D0003,IP0057,SUCCESS
T00007459,M0454,C1189,2026-02-24 13:39:21,4536.44,UPI,D0634,IP0203,REFUNDED
T00007460,M0452,C0289,2026-01-25 21:38:34,2928.69,UPI,D0165,IP0676,SUCCESS
T00007461,M0424,C0993,2026-02-15 10:57:47,489.06,UPI,D0097,IP0263,SUCCESS
T00007462,M0246,C0639,2026-01-01 18:02:37,1314.35,card,D0734,IP0606,REFUNDED
T00007463,M0120,C0388,2026-03-16 21:25:38,7627.91,netbanking,D0478,IP0361,SUCCESS
T00007464,M0386,C0953,2026-02-07 20:06:35,1382.12,card,D0645,IP0659,SUCCESS
T00007465,M0403,C1190,2026-02-26 09:47:11,4023.04,wallet,D0736,IP0503,SUCCESS
T00007466,M0113,C1111,2026-03-19 16:16:43,2086.94,UPI,D0403,IP0156,SUCCESS
T00007467,M0402,C0420,2026-01-09 12:22:52,9070.21,UPI,D0424,IP0568,SUCCESS
T00007468,M0402,C0058,2026-03-23 15:39:45,628.07,UPI,D0639,IP0022,SUCCESS
T00007469,M0302,C0858,2026-01-17 18:45:30,807.47,card,D0726,IP0290,SUCCESS
T00007470,M0443,C0277,2026-03-31 09:26:04,5118.64,netbanking,D0129,IP0204,SUCCESS
T00007471,M0464,C0137,2026-02-28 12:14:26,2868.81,card,D0680,IP0411,SUCCESS
T00007472,M0120,C0790,2026-02-15 23:55:50,4188.53,UPI,D0478,IP0361,SUCCESS
T00007473,M0118,C0138,2026-02-12 06:46:11,2459.37,card,D0575,IP0214,SUCCESS
T00007474,M0075,C0006,2026-03-10 16:46:33,660.22,wallet,D0301,IP0692,SUCCESS
T00007475,M0474,C0733,2026-03-05 19:39:35,880.74,card,D0578,IP0414,SUCCESS
T00007476,M0113,C1233,2026-01-10 13:51:25,1545.7,UPI,D0403,IP0635,SUCCESS
T00007477,M0297,C1052,2026-02-02 22:31:53,2090.19,wallet,D0588,IP0509,SUCCESS
T00007478,M0075,C1262,2026-03-24 11:19:43,1077.95,UPI,D0301,IP0225,FAILED
T00007479,M0328,C1226,2026-01-24 18:48:39,923.62,UPI,D0332,IP0138,SUCCESS
T00007480,M0236,C0559,2026-03-02 14:16:40,525.61,card,D0681,IP0275,SUCCESS
T00007481,M0142,C1275,2026-01-14 22:52:18,1116.12,wallet,D0208,IP0672,SUCCESS
T00007482,M0370,C0140,2026-03-04 19:27:25,3519.54,card,D0548,IP0622,SUCCESS
T00007483,M0263,C0407,2026-02-05 15:10:44,1606.75,card,D0168,IP0210,SUCCESS
T00007484,M0278,C0618,2026-01-27 17:24:52,221.33,netbanking,D0298,IP0518,SUCCESS
T00007485,M0487,C1298,2026-02-09 19:14:25,648.95,UPI,D0405,IP0109,SUCCESS
T00007486,M0176,C0607,2026-01-01 08:39:52,1453.42,UPI,D0376,IP0282,SUCCESS
T00007487,M0494,C0998,2026-03-01 14:51:26,3198.79,wallet,D0390,IP0158,SUCCESS
T00007488,M0432,C0016,2026-01-28 22:59:51,1741.1,netbanking,D0009,IP0698,SUCCESS
T00007489,M0113,C0162,2026-03-18 16:06:48,2044.26,UPI,D0436,IP0156,FAILED
T00007490,M0204,C1190,2026-03-26 09:56:33,258.95,UPI,D0683,IP0126,SUCCESS
T00007491,M0176,C0118,2026-02-23 19:57:47,708.75,card,D0608,IP0462,SUCCESS
T00007492,M0398,C0175,2026-02-12 11:16:55,2664.93,card,D0494,IP0461,SUCCESS
T00007493,M0154,C1480,2026-02-23 18:08:18,836.4,card,D0725,IP0418,SUCCESS
T00007494,M0165,C0588,2026-01-18 19:29:15,978.53,card,D0121,IP0432,SUCCESS
T00007495,M0401,C1123,2026-02-25 13:12:28,943.27,UPI,D0103,IP0713,SUCCESS
T00007496,M0410,C1432,2026-02-14 14:45:02,2713.17,UPI,D0526,IP0720,SUCCESS
T00007497,M0401,C0607,2026-03-12 14:09:02,796.21,UPI,D0750,IP0165,SUCCESS
T00007498,M0286,C0661,2026-03-17 12:44:16,1400.4,UPI,D0097,IP0572,SUCCESS
T00007499,M0402,C0154,2026-01-18 21:25:26,546.56,card,D0154,IP0511,SUCCESS
T00007500,M0327,C0653,2026-01-19 17:33:34,1627.47,card,D0048,IP0463,FAILED
T00007501,M0444,C0984,2026-03-20 19:32:19,5524.46,netbanking,D0611,IP0075,SUCCESS
T00007502,M0381,C0661,2026-01-07 20:11:33,1784.89,wallet,D0076,IP0585,SUCCESS
T00007503,M0339,C0114,2026-03-26 20:24:51,845.66,card,D0502,IP0644,SUCCESS
T00007504,M0344,C1400,2026-03-11 15:17:28,6218.3,card,D0070,IP0585,SUCCESS
T00007505,M0169,C0524,2026-03-27 12:15:21,539.62,UPI,D0458,IP0213,SUCCESS
T00007506,M0328,C0072,2026-03-28 20:55:02,385.04,UPI,D0332,IP0435,SUCCESS
T00007507,M0487,C0598,2026-01-19 15:21:55,1560.17,wallet,D0738,IP0541,SUCCESS
T00007508,M0480,C1247,2026-03-04 03:49:32,749.79,UPI,D0695,IP0746,SUCCESS
T00007509,M0088,C0895,2026-03-27 20:20:19,953.7,card,D0403,IP0095,FAILED
T00007510,M0223,C1374,2026-03-29 21:40:53,2281.95,netbanking,D0295,IP0459,SUCCESS
T00007511,M0142,C0902,2026-03-11 23:25:06,1540.88,UPI,D0441,IP0469,SUCCESS
T00007512,M0410,C0821,2026-01-22 07:23:31,842.22,UPI,D0516,IP0471,SUCCESS
T00007513,M0303,C1245,2026-03-26 10:28:59,494.57,card,D0595,IP0456,SUCCESS
T00007514,M0452,C1153,2026-03-10 17:00:33,798.52,UPI,D0349,IP0078,SUCCESS
T00007515,M0098,C0199,2026-03-28 21:25:07,2802.69,UPI,D0146,IP0408,SUCCESS
T00007516,M0346,C1154,2026-02-14 19:52:14,1050.47,UPI,D0372,IP0595,SUCCESS
T00007517,M0276,C1253,2026-01-12 09:38:17,899.07,UPI,D0470,IP0724,SUCCESS
T00007518,M0325,C0371,2026-01-18 12:58:07,2686.53,UPI,D0745,IP0400,SUCCESS
T00007519,M0424,C1391,2026-03-04 14:51:26,603.13,card,D0463,IP0263,SUCCESS
T00007520,M0437,C1337,2026-01-12 21:46:48,1550.4,UPI,D0097,IP0449,SUCCESS
T00007521,M0001,C0161,2026-03-19 23:37:28,3585.78,netbanking,D0280,IP0339,SUCCESS
T00007522,M0442,C1391,2026-03-03 15:58:10,520.56,card,D0486,IP0294,SUCCESS
T00007523,M0490,C0941,2026-02-25 23:47:24,529.17,card,D0607,IP0159,FAILED
T00007524,M0405,C0627,2026-02-10 17:34:03,1332.61,wallet,D0268,IP0351,SUCCESS
T00007525,M0129,C0094,2026-01-27 19:00:24,1754.55,card,D0469,IP0372,SUCCESS
T00007526,M0169,C0437,2026-01-06 17:39:50,1408.66,card,D0642,IP0443,SUCCESS
T00007527,M0075,C0389,2026-03-04 21:46:06,757.17,wallet,D0138,IP0692,SUCCESS
T00007528,M0492,C1324,2026-01-24 17:37:04,6215.6,card,D0038,IP0750,SUCCESS
T00007529,M0229,C1339,2026-01-05 21:31:13,6881.92,netbanking,D0467,IP0327,SUCCESS
T00007530,M0465,C1283,2026-02-04 23:49:17,14424.25,wallet,D0215,IP0646,SUCCESS
T00007531,M0408,C0335,2026-03-04 14:41:08,3141.28,UPI,D0703,IP0699,SUCCESS
T00007532,M0204,C1444,2026-02-23 20:10:44,143.4,netbanking,D0312,IP0390,SUCCESS
T00007533,M0147,C0009,2026-03-30 12:43:23,581.66,wallet,D0489,IP0082,SUCCESS
T00007534,M0256,C1383,2026-03-30 12:28:53,5897.16,netbanking,D0326,IP0560,SUCCESS
T00007535,M0196,C1092,2026-02-26 17:28:23,18316.62,netbanking,D0478,IP0548,SUCCESS
T00007536,M0303,C0073,2026-02-03 17:56:11,1065.3,netbanking,D0552,IP0292,SUCCESS
T00007537,M0015,C1403,2026-03-01 08:00:40,214.04,UPI,D0711,IP0351,SUCCESS
T00007538,M0347,C0201,2026-01-06 13:18:08,826.02,card,D0296,IP0063,SUCCESS
T00007539,M0452,C0004,2026-03-12 15:23:31,4422.98,netbanking,D0020,IP0088,SUCCESS
T00007540,M0142,C1380,2026-02-23 20:15:28,350.59,UPI,D0475,IP0672,SUCCESS
T00007541,M0203,C0136,2026-03-30 23:18:14,1774.15,wallet,D0006,IP0585,FAILED
T00007542,M0470,C0060,2026-03-11 15:02:43,370.72,UPI,D0050,IP0434,SUCCESS
T00007543,M0379,C1473,2026-01-27 07:11:21,150.13,UPI,D0523,IP0517,REFUNDED
T00007544,M0009,C0099,2026-02-02 19:01:48,663.94,card,D0475,IP0392,SUCCESS
T00007545,M0229,C0568,2026-01-19 22:58:27,8008.37,UPI,D0248,IP0327,SUCCESS
T00007546,M0089,C0537,2026-02-13 14:54:47,5780.31,UPI,D0369,IP0107,SUCCESS
T00007547,M0142,C0118,2026-03-20 21:31:17,438.65,UPI,D0118,IP0672,SUCCESS
T00007548,M0405,C0317,2026-03-22 13:18:17,1011.24,UPI,D0164,IP0430,SUCCESS
T00007549,M0069,C0035,2026-03-12 07:55:12,277.62,netbanking,D0435,IP0731,SUCCESS
T00007550,M0195,C1073,2026-02-19 10:49:12,201.07,UPI,D0142,IP0518,FAILED
T00007551,M0113,C0445,2026-01-17 15:31:22,875.42,card,D0407,IP0635,SUCCESS
T00007552,M0408,C0722,2026-03-11 20:53:59,10241.52,card,D0374,IP0187,REFUNDED
T00007553,M0216,C1395,2026-03-28 20:07:33,2430.28,netbanking,D0651,IP0679,REFUNDED
T00007554,M0274,C1327,2026-01-05 15:28:40,7488.69,card,D0394,IP0657,SUCCESS
T00007555,M0101,C0099,2026-02-20 09:31:35,614.27,card,D0093,IP0375,SUCCESS
T00007556,M0468,C1079,2026-03-22 19:37:44,1996.01,netbanking,D0377,IP0671,SUCCESS
T00007557,M0444,C0800,2026-03-18 00:20:21,3247.6,wallet,D0611,IP0296,SUCCESS
T00007558,M0413,C0685,2026-01-27 20:44:44,920.11,UPI,D0459,IP0741,SUCCESS
T00007559,M0428,C0559,2026-03-16 17:35:18,1754.01,UPI,D0383,IP0747,SUCCESS
T00007560,M0496,C0693,2026-01-30 11:09:43,746.86,wallet,D0603,IP0571,FAILED
T00007561,M0302,C0594,2026-03-03 13:51:21,365.31,wallet,D0676,IP0469,SUCCESS
T00007562,M0444,C1351,2026-01-10 16:13:47,5231.17,card,D0406,IP0078,SUCCESS
T00007563,M0449,C0827,2026-03-02 13:48:56,471.5,UPI,D0655,IP0021,SUCCESS
T00007564,M0273,C0487,2026-03-02 15:58:56,1029.85,UPI,D0329,IP0543,SUCCESS
T00007565,M0120,C0859,2026-02-19 20:35:06,26565.28,card,D0641,IP0361,SUCCESS
T00007566,M0311,C0143,2026-03-12 18:25:19,934.3,UPI,D0528,IP0543,SUCCESS
T00007567,M0410,C1421,2026-02-26 01:00:27,997.87,wallet,D0098,IP0471,SUCCESS
T00007568,M0366,C1383,2026-03-04 11:51:43,504.41,card,D0204,IP0127,SUCCESS
T00007569,M0385,C0395,2026-01-14 16:01:04,297.59,card,D0520,IP0471,SUCCESS
T00007570,M0125,C1166,2026-01-31 03:41:54,1244.96,wallet,D0273,IP0149,SUCCESS
T00007571,M0076,C1297,2026-02-14 09:33:42,1936.15,UPI,D0397,IP0538,SUCCESS
T00007572,M0176,C1140,2026-01-23 19:24:51,206.17,UPI,D0678,IP0462,SUCCESS
T00007573,M0302,C0046,2026-03-14 19:21:37,909.14,UPI,D0737,IP0469,SUCCESS
T00007574,M0138,C0818,2026-01-10 21:52:37,1277.89,UPI,D0127,IP0494,SUCCESS
T00007575,M0129,C1302,2026-01-29 15:56:50,3160.25,card,D0469,IP0372,SUCCESS
T00007576,M0491,C0842,2026-01-08 12:38:20,682.9,card,D0053,IP0442,SUCCESS
T00007577,M0404,C0818,2026-02-20 23:09:09,1876.2,UPI,D0297,IP0269,FAILED
T00007578,M0206,C0728,2026-02-15 16:55:43,6991.28,netbanking,D0098,IP0732,SUCCESS
T00007579,M0090,C1400,2026-02-15 19:51:44,803.44,UPI,D0452,IP0197,SUCCESS
T00007580,M0113,C0059,2026-03-04 23:24:17,414.3,netbanking,D0403,IP0635,SUCCESS
T00007581,M0224,C1296,2026-01-23 10:25:45,1639.8,UPI,D0080,IP0037,SUCCESS
T00007582,M0136,C1017,2026-03-21 09:02:13,467.08,card,D0590,IP0218,SUCCESS
T00007583,M0015,C1010,2026-01-19 14:44:31,257.48,UPI,D0110,IP0351,SUCCESS
T00007584,M0424,C0540,2026-03-01 11:15:43,842.59,wallet,D0436,IP0263,SUCCESS
T00007585,M0150,C0059,2026-02-04 15:49:48,601.32,netbanking,D0556,IP0181,SUCCESS
T00007586,M0444,C0110,2026-01-09 13:27:50,5675.9,wallet,D0611,IP0078,SUCCESS
T00007587,M0480,C0970,2026-01-02 16:59:28,566.37,UPI,D0695,IP0202,SUCCESS
T00007588,M0276,C0930,2026-02-15 12:01:30,750.41,card,D0470,IP0710,SUCCESS
T00007589,M0147,C1235,2026-03-15 17:44:41,872.07,UPI,D0417,IP0082,SUCCESS
T00007590,M0357,C0981,2026-01-31 21:37:11,3631.31,card,D0273,IP0231,SUCCESS
T00007591,M0480,C0208,2026-02-17 17:24:13,726.17,UPI,D0450,IP0202,SUCCESS
T00007592,M0403,C1382,2026-02-06 10:57:19,2176.38,UPI,D0477,IP0422,SUCCESS
T00007593,M0113,C0044,2026-02-25 14:29:37,1030.39,UPI,D0403,IP0262,SUCCESS
T00007594,M0424,C0686,2026-03-02 10:08:26,537.1,card,D0011,IP0125,SUCCESS
T00007595,M0305,C0987,2026-01-26 05:45:58,3270.05,UPI,D0670,IP0129,SUCCESS
T00007596,M0257,C0023,2026-03-09 13:17:51,1931.87,card,D0709,IP0190,FAILED
T00007597,M0121,C1307,2026-01-19 18:38:24,6133.42,UPI,D0015,IP0244,SUCCESS
T00007598,M0302,C0137,2026-02-05 18:45:57,864.74,wallet,D0608,IP0290,SUCCESS
T00007599,M0401,C0307,2026-02-13 14:32:42,453.83,netbanking,D0257,IP0016,REFUNDED
T00007600,M0214,C1114,2026-02-14 16:50:17,2215.12,UPI,D0472,IP0090,SUCCESS
T00007601,M0482,C0098,2026-02-13 19:13:37,6393.15,wallet,D0427,IP0741,REFUNDED
T00007602,M0117,C0012,2026-01-20 14:00:11,8529.07,card,D0407,IP0690,SUCCESS
T00007603,M0013,C0075,2026-02-23 08:12:26,1498.18,card,D0496,IP0704,SUCCESS
T00007604,M0289,C0050,2026-02-13 23:57:32,416.76,card,D0654,IP0707,SUCCESS
T00007605,M0117,C0201,2026-03-31 15:24:23,8203.69,netbanking,D0648,IP0604,SUCCESS
T00007606,M0357,C0118,2026-02-27 18:50:47,1238.38,netbanking,D0546,IP0504,SUCCESS
T00007607,M0246,C0700,2026-03-26 16:16:06,3626.66,netbanking,D0656,IP0484,SUCCESS
T00007608,M0229,C1354,2026-02-13 20:32:58,7548.76,netbanking,D0451,IP0327,SUCCESS
T00007609,M0256,C0540,2026-02-14 17:18:30,7328.97,UPI,D0574,IP0013,SUCCESS
T00007610,M0089,C0806,2026-01-28 19:16:32,1233.06,card,D0499,IP0083,SUCCESS
T00007611,M0162,C0029,2026-03-15 11:27:03,644.39,card,D0654,IP0482,FAILED
T00007612,M0254,C0447,2026-03-06 04:42:18,2862.21,UPI,D0465,IP0660,SUCCESS
T00007613,M0405,C0529,2026-01-22 12:23:28,423.25,UPI,D0268,IP0155,SUCCESS
T00007614,M0452,C0607,2026-03-19 18:11:09,3859.17,UPI,D0588,IP0051,SUCCESS
T00007615,M0159,C1258,2026-02-21 18:07:47,4252.25,netbanking,D0032,IP0622,SUCCESS
T00007616,M0113,C1243,2026-02-19 13:38:00,1503.7,UPI,D0403,IP0156,SUCCESS
T00007617,M0210,C0619,2026-03-02 18:07:19,8335.27,UPI,D0250,IP0481,SUCCESS
T00007618,M0210,C1074,2026-03-23 18:27:18,239.16,card,D0250,IP0040,SUCCESS
T00007619,M0254,C0776,2026-03-18 11:48:25,1163.33,UPI,D0091,IP0307,SUCCESS
T00007620,M0338,C0838,2026-01-14 17:19:34,10334.71,netbanking,D0388,IP0124,SUCCESS
T00007621,M0236,C1298,2026-01-22 15:56:04,2814.99,UPI,D0194,IP0458,SUCCESS
T00007622,M0147,C0036,2026-03-10 19:47:15,756.71,card,D0661,IP0245,SUCCESS
T00007623,M0063,C0228,2026-03-29 18:33:10,1486.11,UPI,D0528,IP0117,SUCCESS
T00007624,M0424,C1465,2026-03-18 11:39:27,813.89,UPI,D0442,IP0125,SUCCESS
T00007625,M0401,C0251,2026-02-15 17:47:55,880.93,card,D0643,IP0165,FAILED
T00007626,M0443,C0072,2026-01-25 09:07:15,6366.38,netbanking,D0129,IP0204,SUCCESS
T00007627,M0126,C1050,2026-03-11 11:46:53,1120.91,UPI,D0203,IP0143,REFUNDED
T00007628,M0440,C0174,2026-01-17 23:41:15,8171.06,card,D0048,IP0562,SUCCESS
T00007629,M0465,C1488,2026-01-12 22:18:13,4540.52,UPI,D0394,IP0194,SUCCESS
T00007630,M0437,C0780,2026-03-23 23:55:13,699.69,UPI,D0392,IP0354,SUCCESS
T00007631,M0022,C0207,2026-02-25 08:50:14,674.75,card,D0498,IP0386,SUCCESS
T00007632,M0203,C0744,2026-03-15 23:18:35,954.36,UPI,D0721,IP0283,SUCCESS
T00007633,M0487,C1156,2026-03-18 18:56:36,451.98,UPI,D0738,IP0358,SUCCESS
T00007634,M0301,C1251,2026-01-23 11:41:20,12207.61,card,D0501,IP0570,SUCCESS
T00007635,M0408,C0390,2026-01-22 16:13:41,1072.96,UPI,D0742,IP0336,SUCCESS
T00007636,M0176,C1100,2026-02-12 15:09:05,860.4,card,D0182,IP0462,FAILED
T00007637,M0254,C1178,2026-01-31 18:18:43,590.43,netbanking,D0011,IP0709,SUCCESS
T00007638,M0216,C0756,2026-01-09 16:27:21,3633.74,card,D0651,IP0027,SUCCESS
T00007639,M0419,C1103,2026-02-11 14:15:38,6681.07,UPI,D0016,IP0323,SUCCESS
T00007640,M0113,C0139,2026-03-23 17:48:47,3583.88,card,D0403,IP0262,SUCCESS
T00007641,M0260,C1441,2026-03-29 21:00:41,11616.52,card,D0645,IP0178,SUCCESS
T00007642,M0452,C1201,2026-02-08 13:48:47,865.4,UPI,D0588,IP0248,SUCCESS
T00007643,M0444,C1047,2026-03-31 08:24:23,1837.04,UPI,D0611,IP0078,REFUNDED
T00007644,M0424,C1344,2026-03-24 09:31:47,723.12,card,D0189,IP0125,SUCCESS
T00007645,M0076,C0036,2026-02-03 13:37:30,361.86,UPI,D0158,IP0538,FAILED
T00007646,M0321,C0117,2026-02-18 12:53:55,1386.06,UPI,D0456,IP0502,SUCCESS
T00007647,M0185,C0457,2026-02-06 15:37:47,3002.64,netbanking,D0668,IP0696,SUCCESS
T00007648,M0487,C1207,2026-03-02 19:15:13,531.35,UPI,D0405,IP0566,SUCCESS
T00007649,M0319,C0423,2026-01-25 18:01:51,1429.97,UPI,D0613,IP0123,SUCCESS
T00007650,M0462,C1334,2026-01-09 10:04:21,481.6,card,D0285,IP0525,SUCCESS
T00007651,M0120,C1450,2026-03-18 17:27:54,2932.79,netbanking,D0478,IP0195,SUCCESS
T00007652,M0425,C0610,2026-01-29 23:30:36,7532.58,UPI,D0261,IP0481,SUCCESS
T00007653,M0229,C1339,2026-01-19 23:54:27,14276.99,UPI,D0435,IP0327,SUCCESS
T00007654,M0276,C0404,2026-02-03 01:14:19,622.47,wallet,D0047,IP0724,SUCCESS
T00007655,M0424,C0924,2026-02-03 10:45:53,585.15,netbanking,D0429,IP0263,SUCCESS
T00007656,M0129,C0844,2026-02-04 15:17:01,506.82,netbanking,D0311,IP0325,SUCCESS
T00007657,M0113,C0584,2026-01-15 14:40:31,555.17,card,D0403,IP0156,SUCCESS
T00007658,M0035,C0547,2026-01-31 11:20:27,664.39,UPI,D0729,IP0079,SUCCESS
T00007659,M0302,C0927,2026-03-27 14:43:56,1267.94,UPI,D0080,IP0111,SUCCESS
T00007660,M0380,C0436,2026-02-06 16:05:04,3855.62,card,D0450,IP0182,SUCCESS
T00007661,M0478,C0436,2026-03-23 20:07:32,7321.17,UPI,D0391,IP0257,SUCCESS
T00007662,M0408,C0176,2026-03-27 14:24:21,1846.96,netbanking,D0036,IP0699,SUCCESS
T00007663,M0343,C0517,2026-03-07 13:52:47,1423.97,UPI,D0231,IP0602,SUCCESS
T00007664,M0289,C0758,2026-03-18 23:09:25,849.14,card,D0688,IP0579,REFUNDED
T00007665,M0256,C0708,2026-03-05 13:37:41,2544.16,card,D0090,IP0560,SUCCESS
T00007666,M0248,C1276,2026-02-10 09:41:33,954.25,UPI,D0150,IP0420,SUCCESS
T00007667,M0424,C0030,2026-01-20 12:21:43,2706.59,UPI,D0463,IP0263,FAILED
T00007668,M0205,C0848,2026-03-10 15:23:17,386.28,card,D0328,IP0103,SUCCESS
T00007669,M0176,C0013,2026-02-19 17:22:14,461.62,card,D0097,IP0462,SUCCESS
T00007670,M0455,C0570,2026-01-13 12:53:04,1901.13,UPI,D0377,IP0336,FAILED
T00007671,M0446,C1147,2026-02-21 09:15:45,6652.85,netbanking,D0269,IP0618,SUCCESS
T00007672,M0401,C1214,2026-03-17 09:08:01,505.42,card,D0374,IP0016,REFUNDED
T00007673,M0362,C0468,2026-03-16 17:20:28,1333.32,wallet,D0377,IP0510,SUCCESS
T00007674,M0208,C1046,2026-02-07 16:06:47,5846.56,card,D0428,IP0715,SUCCESS
T00007675,M0405,C0876,2026-02-01 13:01:33,1851.74,netbanking,D0268,IP0351,SUCCESS
T00007676,M0410,C1185,2026-01-28 12:46:32,1210.15,netbanking,D0098,IP0471,SUCCESS
T00007677,M0289,C1174,2026-01-07 23:39:19,811.11,card,D0036,IP0707,SUCCESS
T00007678,M0216,C0200,2026-01-12 18:11:55,2070.79,netbanking,D0479,IP0196,SUCCESS
T00007679,M0085,C0410,2026-03-02 15:43:13,370.47,UPI,D0154,IP0530,SUCCESS
T00007680,M0319,C1428,2026-02-03 16:40:39,768.95,card,D0613,IP0716,SUCCESS
T00007681,M0295,C1360,2026-03-27 12:41:24,1829.49,UPI,D0441,IP0142,SUCCESS
T00007682,M0355,C0744,2026-03-15 16:15:19,2619.23,card,D0062,IP0566,REFUNDED
T00007683,M0009,C1125,2026-03-02 15:58:19,570.33,UPI,D0475,IP0392,SUCCESS
T00007684,M0347,C1136,2026-03-01 18:30:00,3142.5,card,D0154,IP0162,SUCCESS
T00007685,M0424,C0686,2026-03-06 13:00:28,2023.35,UPI,D0442,IP0263,SUCCESS
T00007686,M0326,C0164,2026-03-25 15:00:39,8101.77,card,D0419,IP0290,SUCCESS
T00007687,M0254,C0721,2026-02-17 07:49:37,1204.15,UPI,D0592,IP0307,SUCCESS
T00007688,M0496,C0588,2026-02-20 18:14:00,1825.44,UPI,D0484,IP0477,SUCCESS
T00007689,M0339,C0203,2026-01-08 16:24:26,1416.88,UPI,D0132,IP0110,SUCCESS
T00007690,M0420,C0186,2026-01-10 17:51:38,3324.95,UPI,D0016,IP0670,SUCCESS
T00007691,M0142,C0821,2026-01-14 18:31:53,331.49,UPI,D0208,IP0678,SUCCESS
T00007692,M0129,C0524,2026-01-25 15:42:40,775.71,card,D0469,IP0094,SUCCESS
T00007693,M0478,C1385,2026-03-12 23:19:37,5265.31,card,D0293,IP0194,SUCCESS
T00007694,M0478,C0266,2026-01-28 19:27:50,18493.74,card,D0391,IP0101,REFUNDED
T00007695,M0098,C0687,2026-03-02 08:44:58,1371.39,UPI,D0445,IP0435,SUCCESS
T00007696,M0487,C0693,2026-03-08 09:21:36,1135.26,wallet,D0232,IP0422,FAILED
T00007697,M0397,C0777,2026-01-12 11:10:12,2363.26,UPI,D0240,IP0526,REFUNDED
T00007698,M0170,C0951,2026-02-01 11:30:33,855.66,netbanking,D0246,IP0158,SUCCESS
T00007699,M0141,C1108,2026-02-10 19:51:29,1183.56,UPI,D0481,IP0695,SUCCESS
T00007700,M0359,C0224,2026-01-19 15:05:58,3187.62,card,D0738,IP0457,SUCCESS
T00007701,M0075,C0219,2026-03-31 19:12:42,200.74,UPI,D0403,IP0688,SUCCESS
T00007702,M0382,C0004,2026-03-14 13:51:55,1126.95,card,D0524,IP0235,SUCCESS
T00007703,M0424,C0733,2026-03-02 13:00:10,873.39,netbanking,D0436,IP0108,SUCCESS
T00007704,M0289,C0050,2026-01-20 23:03:50,2655.13,UPI,D0614,IP0611,SUCCESS
T00007705,M0425,C0139,2026-03-15 23:40:17,6305.04,UPI,D0261,IP0446,SUCCESS
T00007706,M0366,C1196,2026-01-02 15:19:15,283.18,wallet,D0204,IP0637,SUCCESS
T00007707,M0319,C1454,2026-01-01 18:44:42,3019.19,UPI,D0720,IP0716,SUCCESS
T00007708,M0241,C0302,2026-02-27 15:41:19,7218.79,card,D0587,IP0503,FAILED
T00007709,M0360,C1350,2026-02-18 23:05:55,16011.57,card,D0431,IP0107,SUCCESS
T00007710,M0487,C1290,2026-01-26 23:48:04,605.22,wallet,D0405,IP0422,FAILED
T00007711,M0085,C1256,2026-01-26 16:18:36,986.93,card,D0465,IP0019,FAILED
T00007712,M0114,C0900,2026-03-24 22:04:48,19102.94,card,D0114,IP0481,SUCCESS
T00007713,M0364,C0215,2026-03-22 15:04:00,286.62,UPI,D0278,IP0151,SUCCESS
T00007714,M0491,C1139,2026-03-13 13:47:59,1975.69,card,D0034,IP0215,SUCCESS
T00007715,M0286,C0790,2026-02-17 05:03:09,822.42,wallet,D0637,IP0674,SUCCESS
T00007716,M0224,C0655,2026-01-04 14:21:02,668.24,UPI,D0141,IP0390,SUCCESS
T00007717,M0487,C0477,2026-02-28 14:21:33,588.27,UPI,D0405,IP0358,SUCCESS
T00007718,M0165,C0297,2026-01-05 16:02:05,228.99,card,D0427,IP0377,SUCCESS
T00007719,M0191,C0273,2026-01-14 17:36:10,2771.64,UPI,D0749,IP0003,SUCCESS
T00007720,M0235,C0150,2026-01-04 13:50:40,1264.55,UPI,D0703,IP0197,SUCCESS
T00007721,M0293,C0196,2026-02-04 12:28:46,1631.72,UPI,D0239,IP0635,SUCCESS
T00007722,M0035,C1248,2026-02-13 21:15:58,1318.83,UPI,D0729,IP0667,SUCCESS
T00007723,M0229,C1400,2026-01-31 13:30:53,7459.41,UPI,D0328,IP0388,SUCCESS
T00007724,M0322,C1391,2026-01-22 20:48:45,2213.7,UPI,D0467,IP0498,SUCCESS
T00007725,M0092,C1386,2026-01-21 10:37:38,3211.49,netbanking,D0649,IP0224,SUCCESS
T00007726,M0260,C0017,2026-03-01 21:20:00,4232.06,UPI,D0645,IP0717,SUCCESS
T00007727,M0176,C0743,2026-03-13 21:07:58,371.73,UPI,D0281,IP0282,SUCCESS
T00007728,M0078,C1284,2026-02-18 13:22:02,3978.97,wallet,D0281,IP0609,SUCCESS
T00007729,M0471,C0751,2026-02-17 14:50:14,1002.22,card,D0311,IP0263,SUCCESS
T00007730,M0205,C0519,2026-02-22 08:13:10,726.51,card,D0048,IP0112,SUCCESS
T00007731,M0283,C0140,2026-03-24 19:05:00,2176.67,UPI,D0720,IP0484,SUCCESS
T00007732,M0297,C0362,2026-01-07 13:29:49,1965.48,wallet,D0286,IP0309,SUCCESS
T00007733,M0113,C0445,2026-02-24 21:07:53,904.57,UPI,D0588,IP0156,SUCCESS
T00007734,M0308,C0613,2026-02-24 23:48:25,3468.43,UPI,D0529,IP0018,SUCCESS
T00007735,M0147,C0628,2026-03-15 14:49:49,1059.68,netbanking,D0593,IP0082,SUCCESS
T00007736,M0333,C0947,2026-03-05 20:15:55,3005.94,card,D0134,IP0205,SUCCESS
T00007737,M0085,C0320,2026-03-16 16:55:05,2325.87,UPI,D0146,IP0590,SUCCESS
T00007738,M0417,C0720,2026-03-30 19:21:00,1785.44,wallet,D0246,IP0033,SUCCESS
T00007739,M0444,C1071,2026-03-13 09:04:30,1630.7,netbanking,D0406,IP0296,SUCCESS
T00007740,M0490,C0681,2026-01-23 20:23:29,665.36,UPI,D0050,IP0086,SUCCESS
T00007741,M0457,C1460,2026-03-31 10:11:07,3010.05,card,D0402,IP0727,SUCCESS
T00007742,M0365,C1176,2026-02-22 14:17:36,3917.55,card,D0559,IP0469,SUCCESS
T00007743,M0112,C1233,2026-02-19 17:11:58,6638.18,card,D0552,IP0309,SUCCESS
T00007744,M0069,C0541,2026-03-12 18:36:22,2796.01,UPI,D0224,IP0467,SUCCESS
T00007745,M0060,C1465,2026-01-12 13:02:46,783.48,UPI,D0568,IP0603,SUCCESS
T00007746,M0433,C0225,2026-02-16 11:28:42,3725.03,netbanking,D0662,IP0098,SUCCESS
T00007747,M0405,C0114,2026-03-04 10:14:04,655.92,card,D0708,IP0734,SUCCESS
T00007748,M0142,C1350,2026-01-14 18:06:33,144.72,UPI,D0073,IP0469,SUCCESS
T00007749,M0144,C0473,2026-01-10 18:52:19,10634.21,card,D0669,IP0155,SUCCESS
T00007750,M0075,C0128,2026-03-10 03:48:23,1254.98,UPI,D0615,IP0225,SUCCESS
T00007751,M0487,C1339,2026-03-29 17:40:12,186.16,netbanking,D0367,IP0019,SUCCESS
T00007752,M0147,C0495,2026-03-23 16:48:39,614.2,netbanking,D0689,IP0649,SUCCESS
T00007753,M0440,C1442,2026-02-15 23:57:37,1567.26,netbanking,D0268,IP0562,SUCCESS
T00007754,M0405,C0820,2026-02-15 12:02:44,6357.21,UPI,D0268,IP0155,SUCCESS
T00007755,M0424,C0257,2026-02-03 14:42:21,689.42,wallet,D0498,IP0502,SUCCESS
T00007756,M0351,C0438,2026-02-20 18:13:28,10227.25,card,D0705,IP0448,SUCCESS
T00007757,M0137,C0951,2026-02-12 14:30:47,383.94,card,D0511,IP0716,SUCCESS
T00007758,M0142,C0301,2026-02-15 22:45:20,243.38,card,D0441,IP0469,SUCCESS
T00007759,M0478,C0069,2026-03-05 23:26:03,7114.18,card,D0293,IP0692,SUCCESS
T00007760,M0303,C0988,2026-03-05 17:02:43,1047.82,UPI,D0660,IP0132,SUCCESS
T00007761,M0366,C1141,2026-01-04 13:40:47,571.11,wallet,D0204,IP0637,FAILED
T00007762,M0297,C1199,2026-03-18 12:01:04,661.12,card,D0467,IP0375,SUCCESS
T00007763,M0203,C0930,2026-02-21 10:44:39,204.87,UPI,D0173,IP0160,SUCCESS
T00007764,M0380,C0177,2026-02-17 11:09:55,3761.12,card,D0655,IP0007,SUCCESS
T00007765,M0444,C1477,2026-02-03 15:11:04,11463.38,UPI,D0406,IP0296,REFUNDED
T00007766,M0142,C0146,2026-01-03 23:20:52,3177.53,card,D0278,IP0469,SUCCESS
T00007767,M0113,C1123,2026-03-20 15:13:46,1455.92,card,D0125,IP0635,SUCCESS
T00007768,M0048,C1477,2026-02-11 23:01:19,2276.9,netbanking,D0351,IP0550,SUCCESS
T00007769,M0465,C0638,2026-02-27 17:24:03,2482.75,netbanking,D0213,IP0684,SUCCESS
T00007770,M0374,C1167,2026-02-03 22:16:29,571.59,wallet,D0353,IP0741,SUCCESS
T00007771,M0382,C0008,2026-02-19 11:20:25,1744.11,wallet,D0524,IP0722,SUCCESS
T00007772,M0035,C0037,2026-02-17 19:30:19,400.14,UPI,D0729,IP0667,SUCCESS
T00007773,M0226,C0741,2026-03-16 17:28:28,561.69,card,D0004,IP0264,SUCCESS
T00007774,M0039,C0108,2026-03-24 17:24:46,2684.84,UPI,D0629,IP0018,SUCCESS
T00007775,M0374,C0224,2026-02-20 15:34:06,1138.53,wallet,D0153,IP0405,SUCCESS
T00007776,M0203,C0778,2026-03-09 17:40:05,707.64,UPI,D0042,IP0489,SUCCESS
T00007777,M0490,C1089,2026-01-12 20:31:43,2190.05,wallet,D0707,IP0086,SUCCESS
T00007778,M0390,C1095,2026-03-09 11:50:37,6216.05,netbanking,D0509,IP0529,SUCCESS
T00007779,M0109,C1157,2026-02-18 11:56:59,946.41,UPI,D0255,IP0289,SUCCESS
T00007780,M0121,C0534,2026-02-05 14:12:34,13397.37,card,D0015,IP0478,REFUNDED
T00007781,M0090,C0851,2026-02-26 18:32:04,497.54,wallet,D0328,IP0294,SUCCESS
T00007782,M0147,C0277,2026-01-29 05:34:35,1910.57,UPI,D0104,IP0245,SUCCESS
T00007783,M0487,C0221,2026-02-16 15:04:30,481.17,UPI,D0738,IP0422,SUCCESS
T00007784,M0491,C1187,2026-01-26 11:17:56,6433.03,netbanking,D0235,IP0215,SUCCESS
T00007785,M0167,C0402,2026-01-28 11:44:26,1912.94,UPI,D0010,IP0680,SUCCESS
T00007786,M0147,C1048,2026-02-21 15:16:02,334.29,UPI,D0661,IP0082,SUCCESS
T00007787,M0147,C1199,2026-02-25 11:26:13,1807.59,card,D0670,IP0082,SUCCESS
T00007788,M0289,C0675,2026-02-13 22:37:04,933.11,card,D0654,IP0703,SUCCESS
T00007789,M0274,C0851,2026-03-25 23:47:35,10917.22,card,D0197,IP0746,SUCCESS
T00007790,M0254,C0145,2026-01-15 13:25:52,3226.5,card,D0091,IP0346,SUCCESS
T00007791,M0061,C0539,2026-03-23 16:13:35,1465.88,netbanking,D0438,IP0211,SUCCESS
T00007792,M0147,C1344,2026-03-09 13:57:00,1972.47,card,D0689,IP0082,SUCCESS
T00007793,M0255,C0790,2026-01-26 15:25:17,3936.48,card,D0131,IP0303,SUCCESS
T00007794,M0139,C1211,2026-02-14 16:14:54,2457.73,UPI,D0502,IP0572,SUCCESS
T00007795,M0347,C1139,2026-01-20 17:23:23,2127.41,UPI,D0296,IP0583,SUCCESS
T00007796,M0113,C0590,2026-01-22 12:10:55,2876.83,card,D0403,IP0262,SUCCESS
T00007797,M0206,C1068,2026-03-13 11:13:12,7333.83,netbanking,D0447,IP0197,SUCCESS
T00007798,M0405,C0170,2026-01-27 13:18:13,915.2,netbanking,D0015,IP0115,SUCCESS
T00007799,M0328,C1133,2026-01-31 23:29:27,1372.98,UPI,D0130,IP0166,SUCCESS
T00007800,M0470,C0898,2026-01-21 23:39:36,889.34,UPI,D0718,IP0211,SUCCESS
T00007801,M0167,C0130,2026-02-16 10:12:57,1318.2,UPI,D0010,IP0680,SUCCESS
T00007802,M0007,C0902,2026-01-10 14:06:15,2509.09,netbanking,D0714,IP0605,SUCCESS
T00007803,M0289,C1120,2026-03-10 15:13:48,480.99,UPI,D0688,IP0707,SUCCESS
T00007804,M0142,C1222,2026-01-28 19:19:10,651.98,UPI,D0441,IP0469,SUCCESS
T00007805,M0091,C1284,2026-03-03 14:52:38,4521.63,wallet,D0271,IP0741,FAILED
T00007806,M0013,C0545,2026-02-22 16:14:04,2055.74,UPI,D0682,IP0478,REFUNDED
T00007807,M0325,C0475,2026-01-17 12:30:22,1971.66,netbanking,D0745,IP0400,REFUNDED
T00007808,M0216,C0291,2026-02-05 16:38:26,2115.83,UPI,D0479,IP0001,FAILED
T00007809,M0187,C0990,2026-02-11 14:29:26,180.56,UPI,D0489,IP0206,SUCCESS
T00007810,M0216,C0666,2026-03-03 22:54:23,3529.04,netbanking,D0651,IP0179,SUCCESS
T00007811,M0405,C0762,2026-02-27 10:25:11,5259.84,card,D0015,IP0516,SUCCESS
T00007812,M0142,C1015,2026-03-18 12:50:29,1684.35,UPI,D0092,IP0672,SUCCESS
T00007813,M0289,C0146,2026-01-06 18:37:19,682.62,card,D0520,IP0579,SUCCESS
T00007814,M0496,C0051,2026-02-07 21:28:44,561.76,UPI,D0645,IP0417,SUCCESS
T00007815,M0035,C1086,2026-03-06 22:00:15,285.87,UPI,D0598,IP0079,SUCCESS
T00007816,M0364,C0667,2026-02-17 11:45:57,1675.68,card,D0278,IP0158,SUCCESS
T00007817,M0370,C0412,2026-03-21 15:48:40,1612.39,UPI,D0548,IP0013,SUCCESS
T00007818,M0236,C0707,2026-03-21 14:07:04,926.36,netbanking,D0194,IP0539,SUCCESS
T00007819,M0424,C0736,2026-02-13 17:05:24,897.92,UPI,D0463,IP0272,SUCCESS
T00007820,M0366,C0603,2026-02-20 11:28:42,626.89,card,D0662,IP0545,SUCCESS
T00007821,M0382,C0272,2026-01-24 12:44:58,1842.86,UPI,D0524,IP0325,SUCCESS
T00007822,M0099,C1251,2026-03-05 17:13:05,665.27,card,D0521,IP0424,SUCCESS
T00007823,M0303,C0783,2026-02-01 23:42:46,1018.58,card,D0061,IP0488,SUCCESS
T00007824,M0113,C0733,2026-02-11 18:35:27,1118.38,netbanking,D0743,IP0156,SUCCESS
T00007825,M0061,C0542,2026-02-17 10:51:21,1030.93,card,D0705,IP0211,SUCCESS
T00007826,M0238,C0142,2026-01-12 18:39:25,469.89,netbanking,D0233,IP0450,SUCCESS
T00007827,M0075,C1251,2026-03-06 12:01:49,1022.61,card,D0403,IP0154,SUCCESS
T00007828,M0001,C0246,2026-03-19 14:03:50,12712.59,card,D0303,IP0603,SUCCESS
T00007829,M0487,C0910,2026-02-17 21:49:36,1008.82,UPI,D0367,IP0224,SUCCESS
T00007830,M0449,C0827,2026-01-23 19:21:08,329.0,wallet,D0067,IP0422,SUCCESS
T00007831,M0125,C0669,2026-02-20 17:31:37,486.93,UPI,D0537,IP0149,FAILED
T00007832,M0113,C1086,2026-02-11 14:27:05,761.81,UPI,D0296,IP0635,SUCCESS
T00007833,M0203,C0517,2026-03-07 16:53:09,689.84,netbanking,D0173,IP0031,SUCCESS
T00007834,M0080,C1031,2026-01-27 12:29:53,9019.19,UPI,D0016,IP0545,SUCCESS
T00007835,M0200,C1095,2026-02-23 15:32:51,1121.34,card,D0579,IP0061,SUCCESS
T00007836,M0381,C0031,2026-01-28 18:58:57,415.27,card,D0247,IP0262,SUCCESS
T00007837,M0146,C0586,2026-01-08 14:14:58,2093.48,UPI,D0530,IP0676,SUCCESS
T00007838,M0410,C0077,2026-02-20 09:23:08,2369.34,UPI,D0525,IP0720,SUCCESS
T00007839,M0477,C0859,2026-01-29 00:35:11,329.81,UPI,D0526,IP0503,SUCCESS
T00007840,M0022,C0571,2026-02-17 05:21:57,849.2,card,D0498,IP0494,SUCCESS
T00007841,M0302,C1454,2026-03-08 08:40:49,589.93,UPI,D0608,IP0719,SUCCESS
T00007842,M0056,C0896,2026-02-01 14:44:27,1115.97,netbanking,D0274,IP0624,SUCCESS
T00007843,M0303,C1474,2026-02-11 18:26:14,566.08,UPI,D0708,IP0605,SUCCESS
T00007844,M0021,C1384,2026-02-05 19:41:52,1691.68,netbanking,D0526,IP0627,SUCCESS
T00007845,M0286,C0335,2026-03-30 19:00:37,365.89,UPI,D0210,IP0460,SUCCESS
T00007846,M0241,C0717,2026-02-08 14:46:23,2329.02,netbanking,D0051,IP0469,SUCCESS
T00007847,M0487,C1034,2026-03-09 22:35:28,678.6,UPI,D0738,IP0224,SUCCESS
T00007848,M0121,C0715,2026-03-05 21:28:02,9645.2,netbanking,D0683,IP0478,SUCCESS
T00007849,M0076,C0160,2026-01-09 12:04:42,925.84,UPI,D0158,IP0249,SUCCESS
T00007850,M0053,C0284,2026-01-13 15:55:54,6038.64,netbanking,D0285,IP0319,SUCCESS
T00007851,M0105,C0943,2026-03-19 15:26:48,4623.79,netbanking,D0698,IP0292,SUCCESS
T00007852,M0325,C1073,2026-02-09 18:46:08,1763.39,UPI,D0745,IP0400,SUCCESS
T00007853,M0487,C1156,2026-01-15 18:36:00,475.88,UPI,D0405,IP0530,FAILED
T00007854,M0328,C0737,2026-01-11 22:58:42,557.11,UPI,D0332,IP0696,SUCCESS
T00007855,M0359,C0693,2026-01-24 23:50:31,1073.09,wallet,D0698,IP0605,SUCCESS
T00007856,M0340,C1457,2026-02-03 11:57:21,503.17,wallet,D0196,IP0707,SUCCESS
T00007857,M0118,C0024,2026-02-19 11:09:58,1096.01,card,D0104,IP0186,SUCCESS
T00007858,M0480,C0461,2026-02-25 11:29:21,1101.26,UPI,D0450,IP0746,SUCCESS
T00007859,M0492,C0679,2026-03-26 16:02:09,39395.0,netbanking,D0602,IP0683,SUCCESS
T00007860,M0113,C0086,2026-02-21 14:16:10,571.5,UPI,D0155,IP0262,FAILED
T00007861,M0147,C0470,2026-02-15 11:26:47,1718.46,card,D0489,IP0245,SUCCESS
T00007862,M0313,C0686,2026-02-10 13:13:02,3576.47,card,D0418,IP0126,SUCCESS
T00007863,M0474,C0765,2026-03-11 13:05:33,1037.19,UPI,D0725,IP0446,SUCCESS
T00007864,M0321,C0496,2026-03-02 16:12:12,2295.47,UPI,D0741,IP0112,SUCCESS
T00007865,M0214,C1067,2026-01-26 19:47:59,770.1,card,D0714,IP0053,SUCCESS
T00007866,M0214,C1362,2026-03-29 14:56:00,2384.95,UPI,D0459,IP0090,SUCCESS
T00007867,M0229,C0380,2026-02-16 17:36:11,4776.43,wallet,D0451,IP0481,SUCCESS
T00007868,M0478,C0242,2026-03-08 23:14:03,7748.76,UPI,D0391,IP0194,SUCCESS
T00007869,M0409,C0971,2026-02-18 13:36:51,918.94,UPI,D0737,IP0159,REFUNDED
T00007870,M0421,C0214,2026-01-07 12:58:43,1696.86,card,D0218,IP0500,SUCCESS
T00007871,M0026,C1292,2026-01-09 15:49:20,3577.93,card,D0278,IP0692,SUCCESS
T00007872,M0176,C1295,2026-01-14 10:30:17,469.43,UPI,D0608,IP0462,SUCCESS
T00007873,M0410,C0344,2026-02-28 19:46:06,1258.62,card,D0552,IP0471,SUCCESS
T00007874,M0085,C1302,2026-01-17 17:47:47,1209.44,UPI,D0413,IP0488,SUCCESS
T00007875,M0151,C0003,2026-02-09 18:38:29,1627.4,wallet,D0072,IP0123,SUCCESS
T00007876,M0424,C0860,2026-02-09 15:40:23,1572.88,wallet,D0442,IP0722,SUCCESS
T00007877,M0303,C0081,2026-03-29 13:41:45,667.77,UPI,D0552,IP0010,SUCCESS
T00007878,M0303,C1104,2026-02-10 17:45:24,632.45,UPI,D0316,IP0605,SUCCESS
T00007879,M0169,C0015,2026-01-15 16:55:59,942.48,wallet,D0642,IP0570,SUCCESS
T00007880,M0075,C0946,2026-01-18 19:23:22,3496.19,netbanking,D0403,IP0342,SUCCESS
T00007881,M0444,C0914,2026-03-04 08:47:40,7396.8,card,D0049,IP0296,SUCCESS
T00007882,M0121,C0788,2026-03-11 18:24:38,4803.62,card,D0158,IP0490,SUCCESS
T00007883,M0297,C0589,2026-02-11 23:26:07,1199.94,UPI,D0698,IP0429,SUCCESS
T00007884,M0328,C1034,2026-03-13 18:51:44,254.78,UPI,D0130,IP0739,SUCCESS
T00007885,M0270,C0577,2026-01-24 12:16:17,970.68,card,D0511,IP0185,SUCCESS
T00007886,M0424,C0666,2026-01-05 16:43:52,3253.56,card,D0436,IP0125,SUCCESS
T00007887,M0003,C0360,2026-02-21 19:07:19,1366.24,netbanking,D0209,IP0617,SUCCESS
T00007888,M0208,C1482,2026-02-23 10:11:40,805.65,card,D0428,IP0422,SUCCESS
T00007889,M0380,C1059,2026-02-02 07:51:28,1539.84,netbanking,D0472,IP0007,SUCCESS
T00007890,M0033,C0642,2026-03-18 20:04:23,1924.35,card,D0049,IP0340,SUCCESS
T00007891,M0474,C1304,2026-01-27 19:57:44,761.93,UPI,D0581,IP0446,SUCCESS
T00007892,M0214,C0390,2026-03-30 10:13:59,1052.13,netbanking,D0714,IP0053,SUCCESS
T00007893,M0328,C1327,2026-02-14 21:01:31,1451.54,card,D0483,IP0435,SUCCESS
T00007894,M0006,C0007,2026-02-04 17:41:31,7328.82,card,D0702,IP0187,SUCCESS
T00007895,M0302,C0664,2026-01-22 16:03:57,638.8,UPI,D0676,IP0290,SUCCESS
T00007896,M0133,C0497,2026-02-10 18:52:22,3476.76,card,D0518,IP0635,SUCCESS
T00007897,M0196,C1466,2026-03-20 20:32:12,10678.37,UPI,D0696,IP0563,SUCCESS
T00007898,M0480,C0211,2026-01-12 04:55:12,248.25,netbanking,D0695,IP0311,SUCCESS
T00007899,M0386,C0361,2026-01-18 07:15:28,613.92,UPI,D0651,IP0583,SUCCESS
T00007900,M0358,C0270,2026-03-05 20:39:43,1732.85,card,D0092,IP0061,SUCCESS
T00007901,M0491,C0214,2026-01-18 15:01:38,2792.21,card,D0052,IP0114,SUCCESS
T00007902,M0120,C0240,2026-03-04 18:49:00,4847.81,card,D0641,IP0195,SUCCESS
T00007903,M0041,C0513,2026-02-11 11:54:23,271.15,UPI,D0276,IP0547,SUCCESS
T00007904,M0408,C0060,2026-01-04 20:36:03,1272.74,card,D0742,IP0699,SUCCESS
T00007905,M0015,C0121,2026-02-01 23:23:09,1153.48,UPI,D0228,IP0111,SUCCESS
T00007906,M0410,C1078,2026-03-06 16:18:37,443.71,card,D0666,IP0189,SUCCESS
T00007907,M0289,C0675,2026-01-15 23:04:35,519.6,UPI,D0520,IP0611,REFUNDED
T00007908,M0142,C1222,2026-03-04 21:38:21,377.63,card,D0130,IP0469,SUCCESS
T00007909,M0357,C0338,2026-01-27 09:11:02,7068.86,netbanking,D0148,IP0231,SUCCESS
T00007910,M0286,C0228,2026-02-18 16:39:55,255.27,UPI,D0097,IP0460,SUCCESS
T00007911,M0126,C0251,2026-03-19 23:03:48,416.37,UPI,D0586,IP0267,REFUNDED
T00007912,M0424,C1266,2026-02-28 20:34:57,525.15,netbanking,D0471,IP0263,SUCCESS
T00007913,M0168,C1354,2026-03-17 09:31:51,1606.36,netbanking,D0740,IP0722,SUCCESS
T00007914,M0147,C0818,2026-02-13 07:52:11,1881.81,wallet,D0112,IP0082,SUCCESS
T00007915,M0379,C0263,2026-02-17 06:30:46,95.62,UPI,D0072,IP0439,SUCCESS
T00007916,M0233,C0335,2026-02-08 08:04:52,3455.79,card,D0373,IP0530,SUCCESS
T00007917,M0203,C1046,2026-02-14 18:06:59,4283.57,wallet,D0042,IP0263,SUCCESS
T00007918,M0303,C1157,2026-01-15 23:51:40,258.6,wallet,D0271,IP0010,SUCCESS
T00007919,M0364,C0814,2026-02-11 11:37:15,2152.58,card,D0595,IP0373,SUCCESS
T00007920,M0092,C0207,2026-03-04 15:05:47,2051.54,card,D0649,IP0731,SUCCESS
T00007921,M0457,C1456,2026-01-25 23:08:04,1173.79,UPI,D0262,IP0746,SUCCESS
T00007922,M0212,C0407,2026-01-02 17:27:56,31158.05,UPI,D0103,IP0353,SUCCESS
T00007923,M0129,C1168,2026-01-29 19:49:14,294.19,card,D0432,IP0484,SUCCESS
T00007924,M0099,C0971,2026-03-21 15:20:44,445.39,UPI,D0687,IP0675,SUCCESS
T00007925,M0462,C1130,2026-02-17 17:38:13,1049.88,card,D0627,IP0480,SUCCESS
T00007926,M0046,C0804,2026-01-21 15:33:29,3090.52,card,D0600,IP0501,SUCCESS
T00007927,M0382,C0306,2026-01-07 09:00:25,2124.82,card,D0362,IP0325,SUCCESS
T00007928,M0013,C1180,2026-03-07 13:18:10,2225.67,wallet,D0671,IP0663,SUCCESS
T00007929,M0450,C0103,2026-02-06 22:52:54,24137.44,card,D0281,IP0333,SUCCESS
T00007930,M0470,C1124,2026-03-20 17:31:14,564.41,wallet,D0183,IP0726,SUCCESS
T00007931,M0156,C0147,2026-01-19 18:34:08,1905.11,netbanking,D0737,IP0081,SUCCESS
T00007932,M0042,C1336,2026-02-09 14:14:31,2109.68,card,D0138,IP0142,SUCCESS
T00007933,M0023,C1141,2026-02-19 09:56:54,664.69,UPI,D0450,IP0333,SUCCESS
T00007934,M0487,C1401,2026-02-24 22:28:35,251.54,UPI,D0570,IP0530,SUCCESS
T00007935,M0357,C0421,2026-02-04 20:57:28,14183.89,card,D0562,IP0370,SUCCESS
T00007936,M0482,C0565,2026-03-22 21:35:56,6448.58,UPI,D0397,IP0318,SUCCESS
T00007937,M0273,C0191,2026-01-23 16:17:34,487.6,UPI,D0081,IP0425,SUCCESS
T00007938,M0424,C0056,2026-01-08 19:45:30,1056.94,netbanking,D0463,IP0541,SUCCESS
T00007939,M0480,C0514,2026-03-16 07:25:22,305.59,UPI,D0695,IP0311,SUCCESS
T00007940,M0147,C0447,2026-03-26 14:27:03,660.31,UPI,D0489,IP0245,SUCCESS
T00007941,M0071,C0628,2026-01-08 15:13:18,7626.06,card,D0113,IP0542,SUCCESS
T00007942,M0165,C0685,2026-02-03 17:43:24,901.73,UPI,D0121,IP0377,SUCCESS
T00007943,M0303,C0430,2026-03-30 23:07:18,1044.45,UPI,D0181,IP0227,SUCCESS
T00007944,M0379,C0263,2026-01-26 10:14:33,456.4,UPI,D0212,IP0327,SUCCESS
T00007945,M0487,C0765,2026-01-10 11:16:29,648.43,wallet,D0738,IP0358,SUCCESS
T00007946,M0410,C0814,2026-01-15 23:51:24,869.82,wallet,D0525,IP0471,SUCCESS
T00007947,M0069,C1026,2026-02-16 16:32:35,463.51,UPI,D0224,IP0673,SUCCESS
T00007948,M0474,C0292,2026-03-13 17:56:58,554.55,netbanking,D0154,IP0048,SUCCESS
T00007949,M0437,C0238,2026-02-10 15:15:09,487.29,UPI,D0392,IP0408,SUCCESS
T00007950,M0139,C0919,2026-03-26 18:04:16,2037.74,netbanking,D0588,IP0355,SUCCESS
T00007951,M0455,C1183,2026-03-13 12:48:49,415.26,UPI,D0377,IP0336,SUCCESS
T00007952,M0142,C0200,2026-02-11 16:15:05,258.26,wallet,D0073,IP0672,SUCCESS
T00007953,M0297,C1201,2026-02-13 16:59:12,1273.93,card,D0041,IP0711,SUCCESS
T00007954,M0408,C0479,2026-03-12 15:41:42,1575.61,card,D0036,IP0560,SUCCESS
T00007955,M0075,C0153,2026-01-31 10:18:27,525.04,card,D0358,IP0342,SUCCESS
T00007956,M0381,C1276,2026-01-14 17:07:09,340.88,UPI,D0076,IP0262,SUCCESS
T00007957,M0291,C0934,2026-02-11 04:21:29,4753.91,card,D0688,IP0458,SUCCESS
T00007958,M0289,C0388,2026-03-26 23:58:51,966.14,wallet,D0137,IP0611,SUCCESS
T00007959,M0344,C1265,2026-03-24 23:03:28,4252.39,netbanking,D0450,IP0174,SUCCESS
T00007960,M0056,C0492,2026-03-04 23:05:50,3336.28,netbanking,D0146,IP0295,SUCCESS
T00007961,M0096,C0975,2026-01-31 12:08:49,5910.44,card,D0679,IP0176,SUCCESS
T00007962,M0120,C1194,2026-02-07 20:04:24,3943.2,card,D0347,IP0195,SUCCESS
T00007963,M0113,C0429,2026-03-09 14:18:19,374.3,UPI,D0403,IP0156,SUCCESS
T00007964,M0254,C1310,2026-02-20 17:29:00,645.33,card,D0403,IP0660,SUCCESS
T00007965,M0330,C1047,2026-01-28 11:23:08,9555.31,netbanking,D0100,IP0295,SUCCESS
T00007966,M0101,C1094,2026-03-21 15:16:58,1328.57,UPI,D0621,IP0563,SUCCESS
T00007967,M0402,C0544,2026-01-16 18:04:05,2662.35,UPI,D0298,IP0568,SUCCESS
T00007968,M0440,C0467,2026-01-06 23:14:23,15179.01,wallet,D0319,IP0040,SUCCESS
T00007969,M0075,C1262,2026-03-03 18:29:40,2216.1,card,D0615,IP0688,SUCCESS
T00007970,M0113,C1406,2026-02-04 14:41:52,1412.13,UPI,D0559,IP0262,SUCCESS
T00007971,M0210,C0474,2026-02-15 22:42:59,1625.13,UPI,D0740,IP0040,SUCCESS
T00007972,M0363,C0105,2026-02-19 19:36:39,269.0,UPI,D0265,IP0207,SUCCESS
T00007973,M0066,C1069,2026-02-07 23:05:11,814.18,wallet,D0372,IP0398,SUCCESS
T00007974,M0203,C0906,2026-02-05 22:29:23,314.73,wallet,D0006,IP0283,SUCCESS
T00007975,M0492,C1107,2026-01-08 10:27:59,1579.68,UPI,D0386,IP0683,SUCCESS
T00007976,M0294,C0137,2026-03-16 16:06:26,1025.84,wallet,D0487,IP0018,SUCCESS
T00007977,M0118,C1286,2026-01-03 18:14:34,2830.65,netbanking,D0713,IP0495,REFUNDED
T00007978,M0337,C0740,2026-01-27 13:54:26,374.97,wallet,D0646,IP0174,SUCCESS
T00007979,M0205,C0387,2026-01-03 13:53:13,726.65,card,D0048,IP0686,SUCCESS
T00007980,M0453,C0949,2026-03-28 11:54:25,3717.36,wallet,D0704,IP0087,SUCCESS
T00007981,M0482,C0833,2026-03-04 19:41:57,4315.74,card,D0304,IP0153,SUCCESS
T00007982,M0142,C0150,2026-01-19 23:40:22,1166.67,UPI,D0497,IP0672,SUCCESS
T00007983,M0473,C0667,2026-03-29 15:23:27,20298.5,UPI,D0202,IP0109,SUCCESS
T00007984,M0410,C1052,2026-01-20 12:01:27,2516.03,card,D0098,IP0720,REFUNDED
T00007985,M0113,C1202,2026-03-16 12:43:28,402.8,UPI,D0403,IP0526,SUCCESS
T00007986,M0425,C0358,2026-01-09 23:32:28,6256.19,card,D0262,IP0446,SUCCESS
T00007987,M0120,C0379,2026-02-11 21:35:46,6902.97,netbanking,D0540,IP0195,SUCCESS
T00007988,M0006,C1071,2026-01-11 18:06:04,3606.96,card,D0372,IP0631,SUCCESS
T00007989,M0410,C0098,2026-01-30 05:00:18,4377.29,card,D0526,IP0189,SUCCESS
T00007990,M0203,C0036,2026-03-30 18:59:59,970.52,UPI,D0173,IP0002,SUCCESS
T00007991,M0475,C0010,2026-03-31 09:19:22,812.47,card,D0216,IP0045,SUCCESS
T00007992,M0249,C1003,2026-03-14 18:43:46,410.16,UPI,D0533,IP0653,SUCCESS
T00007993,M0337,C0203,2026-02-23 16:33:09,272.6,card,D0609,IP0290,SUCCESS
T00007994,M0403,C0588,2026-03-16 12:23:04,5203.69,UPI,D0485,IP0051,SUCCESS
T00007995,M0437,C1146,2026-01-09 13:00:11,282.44,wallet,D0392,IP0295,SUCCESS
T00007996,M0120,C1261,2026-03-10 22:01:42,15634.98,netbanking,D0540,IP0195,SUCCESS
T00007997,M0132,C0692,2026-01-26 14:28:24,2036.37,wallet,D0030,IP0172,SUCCESS
T00007998,M0452,C0520,2026-03-10 16:38:36,390.24,UPI,D0020,IP0078,SUCCESS
T00007999,M0169,C0884,2026-02-25 13:50:46,968.79,UPI,D0458,IP0213,SUCCESS
T00008000,M0355,C0257,2026-03-28 21:38:10,396.99,wallet,D0062,IP0112,SUCCESS
T00008001,M0050,C0709,2026-01-25 12:50:59,251.05,UPI,D0172,IP0180,SUCCESS
T00008002,M0366,C0699,2026-03-14 14:18:14,423.43,UPI,D0204,IP0455,SUCCESS
T00008003,M0125,C0860,2026-02-08 13:22:00,1782.38,card,D0024,IP0339,SUCCESS
T00008004,M0420,C1437,2026-01-10 16:42:20,2959.85,UPI,D0016,IP0422,SUCCESS
T00008005,M0402,C0905,2026-01-04 17:55:37,513.21,UPI,D0645,IP0568,SUCCESS
T00008006,M0326,C0299,2026-03-07 04:49:37,1775.23,wallet,D0419,IP0739,SUCCESS
T00008007,M0113,C1044,2026-02-10 21:56:21,1102.75,wallet,D0296,IP0156,SUCCESS
T00008008,M0154,C0091,2026-01-07 18:41:00,2350.74,card,D0725,IP0051,SUCCESS
T00008009,M0026,C0282,2026-01-13 18:26:49,2087.61,netbanking,D0278,IP0704,SUCCESS
T00008010,M0176,C1295,2026-02-17 10:44:33,1254.97,UPI,D0700,IP0559,SUCCESS
T00008011,M0214,C0550,2026-01-28 16:44:57,1440.87,card,D0154,IP0090,SUCCESS
T00008012,M0263,C0138,2026-02-12 12:57:52,516.45,card,D0176,IP0556,SUCCESS
T00008013,M0497,C1118,2026-01-12 09:26:24,249.26,UPI,D0244,IP0099,SUCCESS
T00008014,M0394,C0869,2026-01-04 07:42:28,1390.41,card,D0504,IP0725,SUCCESS
T00008015,M0223,C0586,2026-02-24 05:34:05,1368.62,card,D0650,IP0382,SUCCESS
T00008016,M0437,C0239,2026-01-11 16:23:44,612.6,UPI,D0576,IP0449,SUCCESS
T00008017,M0210,C0691,2026-03-06 18:36:21,142.11,UPI,D0061,IP0481,SUCCESS
T00008018,M0208,C1324,2026-03-13 20:22:48,1108.69,netbanking,D0428,IP0033,SUCCESS
T00008019,M0046,C0074,2026-03-23 17:43:05,3417.61,netbanking,D0418,IP0501,SUCCESS
T00008020,M0401,C0099,2026-01-11 15:53:25,1902.29,UPI,D0643,IP0165,SUCCESS
T00008021,M0131,C0679,2026-03-23 16:56:13,6870.24,wallet,D0147,IP0340,SUCCESS
T00008022,M0142,C0693,2026-01-02 12:52:10,268.24,UPI,D0301,IP0672,SUCCESS
T00008023,M0203,C1058,2026-02-01 22:12:09,528.98,UPI,D0042,IP0476,SUCCESS
T00008024,M0424,C0405,2026-02-07 06:50:35,858.57,card,D0189,IP0595,SUCCESS
T00008025,M0444,C0749,2026-02-01 09:21:51,10750.69,wallet,D0611,IP0296,SUCCESS
T00008026,M0303,C1156,2026-02-15 19:00:22,1555.22,UPI,D0061,IP0605,SUCCESS
T00008027,M0478,C1479,2026-03-17 23:08:26,13250.57,card,D0391,IP0101,SUCCESS
T00008028,M0241,C0400,2026-01-09 08:27:28,1074.26,UPI,D0184,IP0503,SUCCESS
T00008029,M0333,C1216,2026-02-15 13:16:18,1860.45,card,D0386,IP0576,REFUNDED
T00008030,M0478,C0929,2026-02-07 10:53:52,7520.29,card,D0722,IP0692,SUCCESS
T00008031,M0296,C0971,2026-01-02 06:58:38,1965.56,netbanking,D0158,IP0664,FAILED
T00008032,M0260,C0467,2026-01-13 23:06:34,11689.51,card,D0331,IP0325,SUCCESS
T00008033,M0015,C0727,2026-03-25 15:56:06,356.03,card,D0098,IP0288,SUCCESS
T00008034,M0450,C0795,2026-02-05 22:05:45,824.81,card,D0335,IP0488,SUCCESS
T00008035,M0126,C0148,2026-02-09 22:15:14,1510.43,card,D0225,IP0267,SUCCESS
T00008036,M0256,C1077,2026-01-04 17:24:16,5350.24,netbanking,D0541,IP0560,SUCCESS
T00008037,M0418,C0588,2026-03-12 14:02:12,7544.88,UPI,D0252,IP0132,SUCCESS
T00008038,M0289,C0547,2026-01-18 19:24:30,956.48,wallet,D0093,IP0062,SUCCESS
T00008039,M0410,C0570,2026-02-15 09:26:52,689.04,UPI,D0526,IP0538,SUCCESS
T00008040,M0430,C0008,2026-01-16 15:29:40,1238.08,UPI,D0696,IP0282,SUCCESS
T00008041,M0442,C1487,2026-03-09 13:44:57,779.54,wallet,D0408,IP0294,SUCCESS
T00008042,M0061,C0930,2026-03-08 15:26:50,5328.26,UPI,D0705,IP0585,SUCCESS
T00008043,M0133,C0915,2026-03-04 22:23:04,20943.43,card,D0671,IP0299,SUCCESS
T00008044,M0469,C0889,2026-02-22 17:02:48,6814.2,card,D0372,IP0642,FAILED
T00008045,M0152,C0924,2026-03-15 14:41:50,1295.56,card,D0365,IP0342,SUCCESS
T00008046,M0381,C1476,2026-01-26 18:33:35,662.85,UPI,D0501,IP0262,SUCCESS
T00008047,M0297,C0066,2026-01-24 10:33:04,2279.45,wallet,D0251,IP0450,SUCCESS
T00008048,M0478,C1005,2026-02-06 19:25:00,5910.52,card,D0391,IP0692,FAILED
T00008049,M0147,C1048,2026-03-28 14:20:01,795.49,UPI,D0661,IP0082,REFUNDED
T00008050,M0424,C1324,2026-02-05 13:25:49,303.11,card,D0471,IP0125,SUCCESS
T00008051,M0229,C0881,2026-02-02 20:55:02,4649.49,UPI,D0205,IP0248,SUCCESS
T00008052,M0146,C0511,2026-03-07 23:19:21,321.92,wallet,D0124,IP0667,SUCCESS
T00008053,M0280,C0568,2026-01-17 13:06:10,1491.06,wallet,D0043,IP0063,SUCCESS
T00008054,M0302,C0563,2026-01-19 17:49:42,560.26,card,D0676,IP0290,SUCCESS
T00008055,M0077,C0224,2026-03-01 09:00:44,958.69,UPI,D0592,IP0181,SUCCESS
T00008056,M0129,C1417,2026-03-22 13:24:25,941.72,card,D0432,IP0438,SUCCESS
T00008057,M0469,C0519,2026-01-15 21:27:47,826.81,UPI,D0529,IP0368,SUCCESS
T00008058,M0365,C0986,2026-01-20 07:51:25,2792.16,card,D0559,IP0469,SUCCESS
T00008059,M0380,C1137,2026-01-21 18:38:00,3783.22,UPI,D0670,IP0182,SUCCESS
T00008060,M0204,C0515,2026-02-26 15:05:10,1531.8,UPI,D0145,IP0726,SUCCESS
T00008061,M0302,C1308,2026-01-27 23:49:30,1321.18,card,D0477,IP0719,SUCCESS
T00008062,M0022,C0895,2026-02-12 10:29:33,570.21,UPI,D0533,IP0573,SUCCESS
T00008063,M0110,C0673,2026-03-29 23:15:13,1337.03,UPI,D0436,IP0570,SUCCESS
T00008064,M0487,C1183,2026-01-06 14:29:50,1617.66,UPI,D0329,IP0081,SUCCESS
T00008065,M0135,C0040,2026-02-25 19:29:16,11672.23,netbanking,D0090,IP0289,SUCCESS
T00008066,M0280,C0432,2026-02-02 18:40:16,1801.1,card,D0048,IP0012,SUCCESS
T00008067,M0478,C1238,2026-02-10 22:48:36,6005.39,card,D0471,IP0257,SUCCESS
T00008068,M0362,C1430,2026-02-15 14:34:38,1791.28,card,D0477,IP0691,FAILED
T00008069,M0113,C1067,2026-01-20 19:52:39,588.44,UPI,D0403,IP0262,SUCCESS
T00008070,M0254,C0970,2026-01-24 15:05:18,1129.56,card,D0631,IP0709,SUCCESS
T00008071,M0260,C1035,2026-03-30 19:49:35,3215.63,UPI,D0331,IP0375,SUCCESS
T00008072,M0268,C1342,2026-03-26 13:18:22,1115.6,netbanking,D0305,IP0422,SUCCESS
T00008073,M0434,C1145,2026-03-05 15:54:21,18143.72,netbanking,D0684,IP0061,SUCCESS
T00008074,M0303,C1376,2026-01-26 23:27:09,517.31,card,D0061,IP0456,SUCCESS
T00008075,M0405,C0516,2026-03-01 13:56:28,3241.24,wallet,D0581,IP0734,SUCCESS
T00008076,M0210,C0114,2026-03-28 21:08:59,282.82,UPI,D0061,IP0481,SUCCESS
T00008077,M0379,C0765,2026-01-22 07:52:13,667.75,card,D0083,IP0141,SUCCESS
T00008078,M0241,C0600,2026-02-14 17:07:14,7611.76,card,D0525,IP0646,SUCCESS
T00008079,M0405,C0765,2026-02-14 05:36:37,878.68,netbanking,D0164,IP0176,SUCCESS
T00008080,M0401,C0383,2026-03-27 18:50:34,556.8,wallet,D0643,IP0595,SUCCESS
T00008081,M0201,C0579,2026-02-16 13:50:22,5754.0,wallet,D0057,IP0562,SUCCESS
T00008082,M0205,C0718,2026-02-16 09:37:59,946.46,UPI,D0269,IP0112,SUCCESS
T00008083,M0424,C0860,2026-03-03 17:28:24,678.09,wallet,D0189,IP0263,SUCCESS
T00008084,M0330,C0628,2026-02-23 11:20:44,2067.94,UPI,D0029,IP0453,SUCCESS
T00008085,M0341,C0763,2026-03-09 21:06:19,176.79,card,D0683,IP0610,SUCCESS
T00008086,M0487,C0348,2026-01-20 18:32:04,1017.47,wallet,D0563,IP0422,SUCCESS
T00008087,M0142,C0310,2026-03-16 17:26:09,586.9,UPI,D0301,IP0469,SUCCESS
T00008088,M0296,C1375,2026-01-02 15:18:00,1016.05,card,D0288,IP0471,SUCCESS
T00008089,M0129,C0524,2026-03-02 20:06:13,1539.78,UPI,D0320,IP0094,SUCCESS
T00008090,M0146,C1403,2026-01-04 15:29:07,1301.09,netbanking,D0095,IP0500,SUCCESS
T00008091,M0337,C0007,2026-01-30 23:14:02,366.79,UPI,D0243,IP0290,SUCCESS
T00008092,M0083,C0004,2026-02-23 10:52:30,402.35,netbanking,D0304,IP0431,FAILED
T00008093,M0113,C1033,2026-03-04 09:42:24,284.0,UPI,D0403,IP0262,SUCCESS
T00008094,M0146,C0806,2026-03-26 14:15:41,2431.05,card,D0530,IP0582,SUCCESS
T00008095,M0289,C0991,2026-03-01 11:02:19,959.81,UPI,D0093,IP0703,SUCCESS
T00008096,M0487,C0685,2026-02-28 18:47:12,1141.82,UPI,D0570,IP0541,SUCCESS
T00008097,M0370,C0599,2026-01-08 21:28:34,1255.09,UPI,D0489,IP0644,SUCCESS
T00008098,M0362,C0639,2026-03-25 18:17:21,2048.13,card,D0574,IP0147,SUCCESS
T00008099,M0210,C0430,2026-03-10 23:40:42,759.94,UPI,D0643,IP0169,SUCCESS
T00008100,M0071,C0352,2026-01-15 09:59:51,2842.46,card,D0113,IP0047,SUCCESS
T00008101,M0419,C0574,2026-03-10 05:06:30,6680.89,netbanking,D0562,IP0208,SUCCESS
T00008102,M0023,C1437,2026-03-02 07:21:51,3836.44,netbanking,D0450,IP0159,SUCCESS
T00008103,M0401,C1194,2026-03-19 19:01:27,1595.39,UPI,D0671,IP0595,SUCCESS
T00008104,M0208,C0132,2026-03-20 17:12:47,1573.2,card,D0533,IP0033,SUCCESS
T00008105,M0269,C0431,2026-03-17 15:59:36,993.77,wallet,D0290,IP0152,FAILED
T00008106,M0294,C1342,2026-03-16 14:10:49,7434.89,UPI,D0239,IP0308,SUCCESS
T00008107,M0147,C1406,2026-01-29 09:14:11,855.0,card,D0661,IP0082,SUCCESS
T00008108,M0366,C1082,2026-02-14 10:04:39,1339.76,UPI,D0748,IP0127,SUCCESS
T00008109,M0165,C1473,2026-03-15 13:56:45,975.82,UPI,D0189,IP0377,SUCCESS
T00008110,M0113,C0054,2026-03-19 11:08:02,1640.55,card,D0403,IP0156,SUCCESS
T00008111,M0206,C1382,2026-02-28 13:21:10,4196.91,card,D0611,IP0197,REFUNDED
T00008112,M0430,C0694,2026-03-01 19:49:48,3307.68,netbanking,D0696,IP0143,SUCCESS
T00008113,M0230,C0598,2026-01-21 07:41:26,706.53,netbanking,D0500,IP0378,SUCCESS
T00008114,M0487,C0198,2026-03-21 23:44:29,1148.75,card,D0405,IP0081,REFUNDED
T00008115,M0021,C1384,2026-02-17 20:57:56,13319.76,wallet,D0487,IP0627,SUCCESS
T00008116,M0013,C0795,2026-02-28 11:47:22,2625.99,netbanking,D0698,IP0265,SUCCESS
T00008117,M0457,C1113,2026-02-27 18:24:08,3983.98,UPI,D0603,IP0746,SUCCESS
T00008118,M0129,C1256,2026-01-05 10:03:27,852.63,card,D0432,IP0372,SUCCESS
T00008119,M0139,C1343,2026-02-15 17:32:18,3017.98,UPI,D0221,IP0022,SUCCESS
T00008120,M0410,C1274,2026-03-28 10:19:02,450.09,netbanking,D0552,IP0720,SUCCESS
T00008121,M0121,C0457,2026-01-26 23:24:36,9121.92,UPI,D0617,IP0635,SUCCESS
T00008122,M0340,C0981,2026-03-17 09:43:11,1314.05,UPI,D0562,IP0627,SUCCESS
T00008123,M0026,C1428,2026-02-20 12:14:25,7887.19,card,D0743,IP0219,SUCCESS
T00008124,M0448,C0419,2026-03-29 23:28:52,8300.68,netbanking,D0136,IP0408,SUCCESS
T00008125,M0313,C0686,2026-02-10 16:07:49,11334.03,wallet,D0084,IP0554,FAILED
T00008126,M0254,C1057,2026-02-28 14:02:08,716.35,wallet,D0091,IP0394,SUCCESS
T00008127,M0208,C0707,2026-02-07 13:22:36,1486.78,UPI,D0533,IP0686,SUCCESS
T00008128,M0176,C0118,2026-01-25 15:23:50,790.97,card,D0576,IP0282,SUCCESS
T00008129,M0152,C0906,2026-02-24 16:57:45,1429.03,card,D0046,IP0429,SUCCESS
T00008130,M0487,C0910,2026-03-18 12:26:41,1634.4,UPI,D0570,IP0068,SUCCESS
T00008131,M0174,C1037,2026-02-10 16:35:13,1515.69,wallet,D0650,IP0417,SUCCESS
T00008132,M0144,C1007,2026-01-31 22:51:44,4202.27,netbanking,D0601,IP0488,SUCCESS
T00008133,M0257,C0739,2026-02-13 17:27:08,3608.74,UPI,D0519,IP0109,SUCCESS
T00008134,M0147,C0657,2026-03-29 17:45:53,1332.76,UPI,D0489,IP0089,SUCCESS
T00008135,M0159,C0020,2026-03-22 17:48:30,1713.25,UPI,D0164,IP0298,SUCCESS
T00008136,M0154,C0734,2026-03-08 19:34:19,162.02,wallet,D0725,IP0418,SUCCESS
T00008137,M0103,C1479,2026-01-26 14:24:23,1099.74,UPI,D0620,IP0688,SUCCESS
T00008138,M0452,C1027,2026-01-22 17:57:54,793.78,card,D0588,IP0387,SUCCESS
T00008139,M0123,C1385,2026-03-12 20:14:00,464.22,card,D0215,IP0189,SUCCESS
T00008140,M0014,C0639,2026-01-12 16:43:55,1948.41,UPI,D0336,IP0659,SUCCESS
T00008141,M0410,C1486,2026-02-24 15:27:47,782.22,netbanking,D0547,IP0189,FAILED
T00008142,M0254,C1044,2026-02-12 18:12:20,849.57,netbanking,D0631,IP0660,SUCCESS
T00008143,M0204,C1309,2026-01-02 16:38:43,2718.13,card,D0658,IP0320,SUCCESS
T00008144,M0297,C1199,2026-02-23 16:32:32,1275.97,card,D0182,IP0053,SUCCESS
T00008145,M0303,C0792,2026-01-16 19:16:05,1082.18,wallet,D0271,IP0456,SUCCESS
T00008146,M0216,C0622,2026-01-09 16:18:13,2665.93,netbanking,D0267,IP0267,FAILED
T00008147,M0441,C1171,2026-03-15 12:16:49,578.91,UPI,D0304,IP0748,SUCCESS
T00008148,M0434,C0034,2026-02-18 13:35:18,716.79,UPI,D0182,IP0592,SUCCESS
T00008149,M0210,C1146,2026-02-16 23:36:22,410.84,UPI,D0250,IP0111,SUCCESS
T00008150,M0142,C0493,2026-03-13 15:18:33,565.17,UPI,D0073,IP0469,SUCCESS
T00008151,M0277,C1460,2026-02-04 14:25:01,1849.17,card,D0104,IP0319,REFUNDED
T00008152,M0113,C0148,2026-02-17 10:45:05,2197.12,UPI,D0023,IP0635,SUCCESS
T00008153,M0165,C1124,2026-03-22 15:03:03,1420.37,UPI,D0458,IP0165,SUCCESS
T00008154,M0216,C0594,2026-02-17 16:03:21,5615.49,UPI,D0352,IP0584,SUCCESS
T00008155,M0216,C1227,2026-01-02 13:51:58,9558.76,netbanking,D0651,IP0661,SUCCESS
T00008156,M0120,C0716,2026-02-13 19:14:10,6007.58,card,D0540,IP0085,SUCCESS
T00008157,M0289,C1470,2026-02-04 20:02:12,213.31,UPI,D0688,IP0579,SUCCESS
T00008158,M0339,C0894,2026-01-16 17:01:24,1353.72,UPI,D0518,IP0548,SUCCESS
T00008159,M0337,C1179,2026-03-10 23:16:02,804.65,UPI,D0088,IP0107,SUCCESS
T00008160,M0424,C1058,2026-01-08 16:55:59,565.56,card,D0442,IP0263,SUCCESS
T00008161,M0057,C0792,2026-03-16 13:20:23,3769.75,UPI,D0630,IP0678,SUCCESS
T00008162,M0113,C0002,2026-02-02 12:35:34,4217.41,card,D0296,IP0156,SUCCESS
T00008163,M0248,C0047,2026-02-07 17:09:54,226.54,card,D0369,IP0019,SUCCESS
T00008164,M0275,C0856,2026-03-18 15:32:42,2923.86,card,D0243,IP0260,SUCCESS
T00008165,M0132,C0139,2026-01-09 14:51:48,4876.1,UPI,D0618,IP0347,FAILED
T00008166,M0170,C0066,2026-01-06 08:44:21,1827.34,UPI,D0246,IP0409,SUCCESS
T00008167,M0113,C0243,2026-02-14 22:27:25,1983.63,card,D0403,IP0262,SUCCESS
T00008168,M0303,C1157,2026-01-28 21:19:15,253.1,wallet,D0708,IP0456,SUCCESS
T00008169,M0270,C0113,2026-03-21 17:15:20,757.76,UPI,D0243,IP0084,SUCCESS
T00008170,M0374,C0710,2026-01-08 13:39:56,1172.26,card,D0153,IP0130,SUCCESS
T00008171,M0352,C1424,2026-02-24 18:40:45,7905.24,card,D0444,IP0003,SUCCESS
T00008172,M0159,C0406,2026-02-06 16:05:10,4807.08,UPI,D0372,IP0046,SUCCESS
T00008173,M0405,C0156,2026-02-04 13:09:19,2536.03,card,D0268,IP0155,SUCCESS
T00008174,M0113,C0400,2026-01-13 10:53:24,964.18,UPI,D0403,IP0262,SUCCESS
T00008175,M0352,C1229,2026-02-11 11:16:50,3981.35,card,D0598,IP0322,SUCCESS
T00008176,M0345,C1492,2026-03-18 09:07:06,2332.59,UPI,D0527,IP0119,SUCCESS
T00008177,M0142,C0351,2026-03-03 16:08:55,3051.44,card,D0247,IP0672,SUCCESS
T00008178,M0129,C0499,2026-03-27 22:45:18,1671.52,wallet,D0256,IP0094,SUCCESS
T00008179,M0076,C0710,2026-01-18 13:57:45,1319.05,UPI,D0167,IP0538,SUCCESS
T00008180,M0346,C0836,2026-02-16 13:41:21,3095.59,netbanking,D0572,IP0028,SUCCESS
T00008181,M0209,C1280,2026-01-18 17:42:51,597.35,wallet,D0221,IP0127,SUCCESS
T00008182,M0500,C1113,2026-03-21 23:13:50,1171.16,UPI,D0473,IP0086,SUCCESS
T00008183,M0354,C0370,2026-01-04 16:39:01,4830.26,card,D0083,IP0422,FAILED
T00008184,M0006,C0976,2026-02-24 13:24:45,810.42,card,D0372,IP0548,SUCCESS
T00008185,M0213,C0882,2026-02-24 21:38:49,10277.05,wallet,D0186,IP0399,SUCCESS
T00008186,M0011,C1352,2026-02-18 14:37:38,269.7,card,D0175,IP0175,SUCCESS
T00008187,M0347,C1405,2026-03-25 13:49:20,568.28,card,D0296,IP0459,SUCCESS
T00008188,M0471,C0468,2026-01-02 14:16:18,1281.99,UPI,D0085,IP0541,SUCCESS
T00008189,M0402,C0522,2026-01-25 09:37:19,9173.09,UPI,D0261,IP0511,SUCCESS
T00008190,M0154,C1439,2026-01-28 18:45:49,545.07,UPI,D0147,IP0603,SUCCESS
T00008191,M0120,C1161,2026-02-11 23:28:13,2939.56,card,D0641,IP0085,SUCCESS
T00008192,M0450,C0682,2026-03-20 23:50:41,6043.91,UPI,D0242,IP0178,SUCCESS
T00008193,M0086,C0438,2026-03-28 11:45:41,653.84,card,D0688,IP0646,SUCCESS
T00008194,M0382,C0501,2026-03-03 18:02:50,1261.76,card,D0524,IP0230,SUCCESS
T00008195,M0147,C0039,2026-03-26 15:13:17,837.0,wallet,D0489,IP0082,FAILED
T00008196,M0173,C0986,2026-01-18 16:02:15,662.59,netbanking,D0391,IP0377,SUCCESS
T00008197,M0030,C0302,2026-01-07 12:07:04,4844.78,card,D0406,IP0675,SUCCESS
T00008198,M0117,C0846,2026-03-08 16:04:14,6947.25,UPI,D0407,IP0264,FAILED
T00008199,M0024,C0083,2026-01-01 19:15:01,499.18,card,D0344,IP0174,SUCCESS
T00008200,M0294,C0442,2026-03-07 13:05:41,929.05,UPI,D0487,IP0645,SUCCESS
T00008201,M0254,C0125,2026-01-09 15:54:26,3238.65,wallet,D0091,IP0346,FAILED
T00008202,M0297,C1200,2026-03-09 15:14:46,5799.77,card,D0408,IP0148,SUCCESS
T00008203,M0047,C1302,2026-01-31 18:30:53,706.24,wallet,D0431,IP0485,SUCCESS
T00008204,M0424,C1333,2026-01-24 14:08:04,342.79,card,D0436,IP0263,SUCCESS
T00008205,M0092,C0430,2026-03-23 08:02:40,1037.15,netbanking,D0726,IP0731,SUCCESS
T00008206,M0428,C0763,2026-03-13 13:19:19,1018.07,netbanking,D0383,IP0090,SUCCESS
T00008207,M0185,C0083,2026-01-05 15:28:22,8433.16,UPI,D0397,IP0719,SUCCESS
T00008208,M0249,C0491,2026-01-03 06:34:38,330.53,UPI,D0014,IP0284,SUCCESS
T00008209,M0360,C1071,2026-03-09 19:07:42,28168.34,card,D0130,IP0107,SUCCESS
T00008210,M0333,C1180,2026-01-05 09:19:31,1601.09,card,D0158,IP0473,SUCCESS
T00008211,M0307,C0136,2026-01-24 17:00:15,608.65,wallet,D0103,IP0592,SUCCESS
T00008212,M0229,C0597,2026-03-06 17:32:02,7567.39,card,D0248,IP0481,SUCCESS
T00008213,M0273,C1348,2026-02-03 19:30:09,729.57,UPI,D0521,IP0560,SUCCESS
T00008214,M0048,C0595,2026-02-05 12:26:31,906.56,wallet,D0445,IP0176,SUCCESS
T00008215,M0113,C0005,2026-03-18 06:37:58,1142.01,card,D0694,IP0156,SUCCESS
T00008216,M0400,C1320,2026-02-07 14:28:09,1514.27,UPI,D0445,IP0198,SUCCESS
T00008217,M0366,C1082,2026-01-26 09:29:17,192.75,UPI,D0204,IP0455,SUCCESS
T00008218,M0198,C1259,2026-01-10 17:02:37,3526.37,netbanking,D0451,IP0483,SUCCESS
T00008219,M0418,C1346,2026-02-24 18:21:28,3173.63,netbanking,D0738,IP0685,FAILED
T00008220,M0424,C0174,2026-01-06 18:36:21,1012.37,card,D0463,IP0263,SUCCESS
T00008221,M0297,C0433,2026-02-20 16:04:36,2653.51,netbanking,D0304,IP0425,SUCCESS
T00008222,M0490,C1015,2026-01-31 23:24:10,343.81,UPI,D0104,IP0086,REFUNDED
T00008223,M0154,C0575,2026-02-13 14:04:23,998.02,UPI,D0263,IP0418,SUCCESS
T00008224,M0169,C0877,2026-02-13 11:31:25,1700.46,card,D0458,IP0213,SUCCESS
T00008225,M0006,C1388,2026-02-03 12:17:52,2188.12,wallet,D0148,IP0003,SUCCESS
T00008226,M0113,C1378,2026-02-07 12:52:20,1177.6,card,D0403,IP0156,SUCCESS
T00008227,M0424,C0301,2026-02-07 15:07:01,321.98,card,D0463,IP0125,REFUNDED
T00008228,M0351,C0054,2026-01-20 18:34:15,8369.23,UPI,D0696,IP0081,SUCCESS
T00008229,M0127,C0215,2026-01-09 08:37:08,6086.78,netbanking,D0267,IP0061,SUCCESS
T00008230,M0368,C0649,2026-03-18 18:36:10,3076.28,card,D0051,IP0604,SUCCESS
T00008231,M0113,C0044,2026-02-13 17:32:49,508.21,UPI,D0296,IP0156,SUCCESS
T00008232,M0229,C0430,2026-01-22 20:59:18,6617.15,UPI,D0395,IP0481,SUCCESS
T00008233,M0499,C0091,2026-01-06 05:55:32,280.94,wallet,D0132,IP0484,SUCCESS
T00008234,M0178,C0344,2026-01-16 19:28:19,1432.21,card,D0434,IP0298,SUCCESS
T00008235,M0370,C0962,2026-02-15 12:01:57,1051.87,UPI,D0103,IP0644,SUCCESS
T00008236,M0003,C1376,2026-03-03 15:40:38,426.36,netbanking,D0209,IP0481,FAILED
T00008237,M0170,C0457,2026-02-02 09:20:59,1349.47,netbanking,D0663,IP0714,SUCCESS
T00008238,M0174,C0812,2026-01-09 10:06:46,538.83,netbanking,D0582,IP0454,SUCCESS
T00008239,M0431,C0168,2026-03-24 16:28:18,1620.73,UPI,D0129,IP0248,SUCCESS
T00008240,M0117,C1116,2026-03-25 19:38:25,3908.11,UPI,D0714,IP0550,SUCCESS
T00008241,M0185,C1050,2026-03-11 14:41:31,1433.5,UPI,D0532,IP0709,SUCCESS
T00008242,M0113,C0670,2026-01-31 12:21:06,1728.02,card,D0403,IP0156,REFUNDED
T00008243,M0269,C0696,2026-02-21 08:03:37,3227.78,UPI,D0352,IP0696,SUCCESS
T00008244,M0159,C0920,2026-02-09 16:11:27,999.48,UPI,D0208,IP0123,SUCCESS
T00008245,M0120,C0297,2026-01-27 19:55:38,10182.09,card,D0641,IP0085,SUCCESS
T00008246,M0246,C0621,2026-02-10 16:33:29,1076.54,UPI,D0734,IP0606,SUCCESS
T00008247,M0267,C0167,2026-03-13 10:30:49,514.3,UPI,D0225,IP0561,SUCCESS
T00008248,M0176,C0915,2026-02-10 19:30:01,318.34,UPI,D0608,IP0282,SUCCESS
T00008249,M0487,C1339,2026-02-17 13:18:54,988.26,card,D0367,IP0081,SUCCESS
T00008250,M0113,C0086,2026-03-26 18:11:44,430.02,netbanking,D0403,IP0156,SUCCESS
T00008251,M0383,C0788,2026-01-21 15:44:08,4311.45,UPI,D0367,IP0423,SUCCESS
T00008252,M0297,C0873,2026-03-24 09:43:28,1085.55,card,D0698,IP0053,SUCCESS
T00008253,M0216,C1009,2026-02-08 16:04:19,992.87,netbanking,D0158,IP0001,SUCCESS
T00008254,M0366,C0512,2026-01-08 15:10:42,323.43,UPI,D0119,IP0127,SUCCESS
T00008255,M0113,C0608,2026-03-03 17:26:30,4894.22,UPI,D0403,IP0156,SUCCESS
T00008256,M0478,C1061,2026-01-10 23:01:01,3073.84,card,D0202,IP0575,SUCCESS
T00008257,M0430,C1221,2026-03-13 15:04:00,811.58,card,D0250,IP0618,SUCCESS
T00008258,M0402,C0845,2026-03-08 18:35:35,249.35,card,D0191,IP0511,SUCCESS
T00008259,M0487,C0331,2026-01-30 17:16:59,317.06,UPI,D0367,IP0566,FAILED
T00008260,M0480,C0461,2026-03-11 06:16:38,281.35,wallet,D0695,IP0457,SUCCESS
T00008261,M0131,C1129,2026-01-16 12:13:03,7947.11,UPI,D0186,IP0389,SUCCESS
T00008262,M0452,C0498,2026-02-12 12:27:27,1004.96,UPI,D0163,IP0142,SUCCESS
T00008263,M0416,C0613,2026-01-09 18:04:56,3130.45,card,D0320,IP0446,SUCCESS
T00008264,M0247,C0628,2026-01-05 23:14:32,3327.4,UPI,D0695,IP0504,SUCCESS
T00008265,M0297,C1303,2026-03-24 14:56:07,1334.97,UPI,D0698,IP0509,SUCCESS
T00008266,M0304,C0060,2026-02-20 17:21:23,1515.28,netbanking,D0439,IP0051,SUCCESS
T00008267,M0291,C0348,2026-01-25 15:54:16,2541.71,netbanking,D0712,IP0277,SUCCESS
T00008268,M0238,C0542,2026-03-26 13:28:44,1634.5,card,D0260,IP0439,FAILED
T00008269,M0347,C1058,2026-02-28 14:47:42,1680.25,UPI,D0296,IP0295,SUCCESS
T00008270,M0424,C0370,2026-01-04 08:43:47,317.87,UPI,D0471,IP0263,SUCCESS
T00008271,M0482,C0916,2026-03-22 09:55:20,4783.55,card,D0209,IP0713,SUCCESS
T00008272,M0365,C0102,2026-02-07 10:56:47,1962.31,UPI,D0211,IP0175,SUCCESS
T00008273,M0480,C1468,2026-03-26 06:46:46,265.64,card,D0450,IP0746,SUCCESS
T00008274,M0487,C0336,2026-02-09 23:00:12,602.7,UPI,D0738,IP0566,SUCCESS
T00008275,M0359,C1234,2026-03-30 18:59:13,179.63,UPI,D0698,IP0605,SUCCESS
T00008276,M0165,C1415,2026-01-30 18:50:08,224.8,card,D0029,IP0377,SUCCESS
T00008277,M0292,C0838,2026-02-02 13:46:27,658.45,wallet,D0450,IP0122,SUCCESS
T00008278,M0465,C1488,2026-03-06 23:39:58,12971.05,card,D0611,IP0636,SUCCESS
T00008279,M0096,C0467,2026-01-11 23:05:24,8677.64,netbanking,D0282,IP0433,SUCCESS
T00008280,M0402,C1234,2026-02-05 11:08:28,766.45,UPI,D0645,IP0568,SUCCESS
T00008281,M0480,C0557,2026-01-14 10:01:57,218.58,UPI,D0450,IP0540,FAILED
T00008282,M0385,C0395,2026-03-05 16:35:16,126.88,UPI,D0540,IP0526,REFUNDED
T00008283,M0480,C1271,2026-03-17 12:00:44,248.64,card,D0450,IP0202,SUCCESS
T00008284,M0391,C0056,2026-03-25 23:22:52,5238.52,UPI,D0613,IP0624,SUCCESS
T00008285,M0491,C0850,2026-01-04 10:04:35,7521.4,card,D0034,IP0119,REFUNDED
T00008286,M0487,C0910,2026-01-18 21:03:14,271.8,card,D0738,IP0217,SUCCESS
T00008287,M0349,C1338,2026-01-30 20:04:47,11971.84,netbanking,D0369,IP0059,SUCCESS
T00008288,M0330,C0456,2026-03-28 12:28:11,1740.34,wallet,D0100,IP0631,SUCCESS
T00008289,M0458,C0739,2026-01-18 15:09:46,479.7,UPI,D0241,IP0570,SUCCESS
T00008290,M0408,C0636,2026-02-12 06:55:02,616.01,card,D0189,IP0699,SUCCESS
T00008291,M0330,C0278,2026-02-11 06:09:21,4356.86,UPI,D0368,IP0631,SUCCESS
T00008292,M0383,C1376,2026-01-07 14:39:42,13178.1,netbanking,D0527,IP0288,SUCCESS
T00008293,M0050,C1349,2026-02-24 23:08:49,882.52,wallet,D0575,IP0311,SUCCESS
T00008294,M0484,C0605,2026-02-06 14:54:27,535.39,UPI,D0100,IP0677,SUCCESS
T00008295,M0239,C0177,2026-03-24 17:18:23,2825.45,card,D0716,IP0633,SUCCESS
T00008296,M0071,C1265,2026-01-05 19:19:24,5541.02,netbanking,D0557,IP0542,SUCCESS
T00008297,M0214,C1097,2026-02-13 11:28:23,1414.35,UPI,D0540,IP0405,SUCCESS
T00008298,M0289,C0504,2026-01-14 18:51:50,986.56,wallet,D0499,IP0390,SUCCESS
T00008299,M0497,C0303,2026-03-26 08:38:28,293.35,UPI,D0317,IP0692,SUCCESS
T00008300,M0330,C1343,2026-01-30 09:31:30,403.24,netbanking,D0631,IP0453,SUCCESS
T00008301,M0027,C1380,2026-03-02 18:27:31,1840.72,card,D0605,IP0748,SUCCESS
T00008302,M0052,C1138,2026-01-20 09:04:39,880.16,card,D0605,IP0602,SUCCESS
T00008303,M0229,C0670,2026-03-18 21:48:08,5652.77,card,D0283,IP0327,SUCCESS
T00008304,M0444,C0841,2026-03-18 16:23:07,2895.17,card,D0687,IP0296,SUCCESS
T00008305,M0206,C0770,2026-01-23 13:07:30,6794.98,netbanking,D0098,IP0057,SUCCESS
T00008306,M0491,C1108,2026-02-15 19:09:01,2901.53,netbanking,D0034,IP0215,SUCCESS
T00008307,M0011,C0758,2026-01-23 04:44:37,658.35,UPI,D0580,IP0697,SUCCESS
T00008308,M0303,C1186,2026-03-26 16:58:43,451.5,UPI,D0403,IP0605,SUCCESS
T00008309,M0487,C0987,2026-02-27 20:21:26,1740.44,card,D0472,IP0541,SUCCESS
T00008310,M0276,C1447,2026-01-10 17:23:40,953.0,UPI,D0470,IP0710,SUCCESS
T00008311,M0289,C0910,2026-03-17 13:53:47,421.57,wallet,D0289,IP0579,SUCCESS
T00008312,M0183,C1199,2026-03-23 21:47:14,616.65,wallet,D0629,IP0548,SUCCESS
T00008313,M0420,C1403,2026-01-24 15:10:59,5083.7,netbanking,D0737,IP0117,SUCCESS
T00008314,M0478,C0436,2026-03-07 14:31:54,4302.3,netbanking,D0475,IP0235,SUCCESS
T00008315,M0241,C0188,2026-01-14 19:37:03,3409.09,card,D0184,IP0646,SUCCESS
T00008316,M0470,C0874,2026-03-30 23:37:19,821.39,UPI,D0050,IP0211,SUCCESS
T00008317,M0105,C0161,2026-01-16 12:50:05,5088.76,UPI,D0698,IP0138,SUCCESS
T00008318,M0366,C0420,2026-03-13 15:33:43,97.09,UPI,D0662,IP0637,SUCCESS
T00008319,M0176,C0774,2026-03-18 16:48:41,1370.75,UPI,D0608,IP0559,SUCCESS
T00008320,M0076,C1261,2026-01-05 16:56:09,750.94,UPI,D0697,IP0249,SUCCESS
T00008321,M0343,C0013,2026-01-11 21:25:59,2399.09,card,D0308,IP0717,SUCCESS
T00008322,M0303,C0839,2026-02-10 11:53:38,1573.08,UPI,D0181,IP0222,SUCCESS
T00008323,M0309,C0036,2026-01-04 07:22:32,5304.33,card,D0229,IP0429,SUCCESS
T00008324,M0401,C0463,2026-02-27 13:00:11,1860.3,UPI,D0580,IP0201,SUCCESS
T00008325,M0269,C0989,2026-02-23 12:31:10,396.91,card,D0012,IP0203,SUCCESS
T00008326,M0214,C0162,2026-03-18 11:33:24,809.89,netbanking,D0655,IP0405,SUCCESS
T00008327,M0402,C1244,2026-01-25 15:19:16,3454.9,UPI,D0424,IP0022,SUCCESS
T00008328,M0392,C0534,2026-03-19 08:24:34,1510.34,UPI,D0656,IP0470,SUCCESS
T00008329,M0297,C1394,2026-03-05 15:45:33,2883.05,UPI,D0573,IP0053,FAILED
T00008330,M0345,C0322,2026-01-26 13:26:28,2388.61,wallet,D0558,IP0742,SUCCESS
T00008331,M0289,C0388,2026-01-25 16:27:58,4006.01,UPI,D0093,IP0390,SUCCESS
T00008332,M0347,C1116,2026-02-23 16:07:01,7932.83,UPI,D0206,IP0162,SUCCESS
T00008333,M0228,C0574,2026-01-19 22:03:08,900.94,UPI,D0450,IP0198,SUCCESS
T00008334,M0424,C0622,2026-01-11 01:43:49,372.84,wallet,D0471,IP0263,SUCCESS
T00008335,M0381,C0951,2026-03-12 23:20:19,1972.6,UPI,D0713,IP0565,SUCCESS
T00008336,M0382,C1199,2026-02-13 04:08:37,7430.34,wallet,D0424,IP0230,SUCCESS
T00008337,M0490,C1255,2026-03-27 23:41:43,294.14,UPI,D0607,IP0567,SUCCESS
T00008338,M0289,C0701,2026-03-07 20:38:38,210.63,UPI,D0688,IP0062,REFUNDED
T00008339,M0482,C0315,2026-01-13 10:21:42,6845.03,card,D0459,IP0152,SUCCESS
T00008340,M0224,C1226,2026-03-10 18:50:36,791.91,card,D0689,IP0179,SUCCESS
T00008341,M0470,C0937,2026-02-22 13:16:14,1260.81,UPI,D0482,IP0726,SUCCESS
T00008342,M0308,C0534,2026-02-07 15:05:11,3716.54,card,D0529,IP0018,SUCCESS
T00008343,M0313,C0303,2026-02-10 21:56:44,2348.58,card,D0418,IP0554,SUCCESS
T00008344,M0448,C0027,2026-03-27 21:01:39,9172.19,wallet,D0457,IP0306,SUCCESS
T00008345,M0482,C1265,2026-01-10 12:50:06,3957.35,card,D0397,IP0319,SUCCESS
T00008346,M0129,C0756,2026-03-22 11:12:16,403.29,wallet,D0432,IP0673,FAILED
T00008347,M0100,C0006,2026-03-05 11:14:08,2183.87,netbanking,D0553,IP0311,SUCCESS
T00008348,M0410,C0390,2026-03-18 18:24:03,1121.51,card,D0525,IP0471,SUCCESS
T00008349,M0205,C0124,2026-03-10 13:14:28,644.2,card,D0269,IP0147,SUCCESS
T00008350,M0103,C0612,2026-01-28 09:23:17,1066.73,card,D0620,IP0640,SUCCESS
T00008351,M0142,C0865,2026-02-02 15:57:47,687.67,UPI,D0441,IP0469,SUCCESS
T00008352,M0203,C1382,2026-01-16 23:31:12,1146.07,card,D0006,IP0031,SUCCESS
T00008353,M0410,C0764,2026-02-22 19:02:39,2219.34,card,D0552,IP0189,SUCCESS
T00008354,M0053,C0046,2026-01-03 19:00:57,2365.1,netbanking,D0636,IP0641,SUCCESS
T00008355,M0289,C0675,2026-02-11 15:31:00,3378.2,UPI,D0688,IP0579,SUCCESS
T00008356,M0013,C0545,2026-02-27 15:48:29,2715.13,card,D0268,IP0246,SUCCESS
T00008357,M0380,C1054,2026-01-23 20:09:27,4101.55,card,D0472,IP0063,SUCCESS
T00008358,M0487,C1412,2026-03-05 19:47:36,507.76,card,D0738,IP0109,SUCCESS
T00008359,M0205,C0844,2026-02-23 15:04:14,502.8,card,D0526,IP0013,SUCCESS
T00008360,M0478,C0927,2026-02-01 19:44:22,9570.87,card,D0391,IP0257,SUCCESS
T00008361,M0452,C0050,2026-02-02 12:22:36,374.32,card,D0165,IP0676,SUCCESS
T00008362,M0203,C1346,2026-01-20 20:10:02,698.8,UPI,D0345,IP0031,SUCCESS
T00008363,M0135,C1058,2026-02-11 21:36:56,10368.64,card,D0468,IP0332,SUCCESS
T00008364,M0194,C0205,2026-02-18 17:48:50,6783.09,card,D0039,IP0630,SUCCESS
T00008365,M0471,C0346,2026-03-05 10:40:47,208.58,UPI,D0246,IP0507,SUCCESS
T00008366,M0239,C0094,2026-01-05 17:06:37,1426.63,UPI,D0716,IP0633,SUCCESS
T00008367,M0286,C0885,2026-02-23 03:43:14,147.41,UPI,D0053,IP0450,SUCCESS
T00008368,M0113,C0429,2026-03-09 15:01:53,595.74,UPI,D0296,IP0262,FAILED
T00008369,M0142,C1185,2026-03-31 23:54:48,955.24,card,D0208,IP0469,SUCCESS
T00008370,M0478,C0277,2026-02-27 19:08:18,5299.39,UPI,D0300,IP0101,SUCCESS
T00008371,M0471,C0189,2026-03-06 08:48:52,572.5,card,D0465,IP0194,SUCCESS
T00008372,M0169,C0163,2026-02-05 15:33:17,6242.99,card,D0641,IP0665,SUCCESS
T00008373,M0380,C0944,2026-03-09 14:14:48,15160.69,UPI,D0164,IP0007,SUCCESS
T00008374,M0373,C1187,2026-03-01 11:40:09,128.85,UPI,D0676,IP0115,SUCCESS
T00008375,M0235,C1395,2026-01-29 12:06:05,1082.23,netbanking,D0622,IP0197,SUCCESS
T00008376,M0383,C1034,2026-03-31 14:54:38,3938.21,netbanking,D0527,IP0288,SUCCESS
T00008377,M0457,C0206,2026-03-02 13:59:50,793.38,UPI,D0262,IP0746,REFUNDED
T00008378,M0410,C0416,2026-03-12 06:08:55,338.19,UPI,D0263,IP0150,SUCCESS
T00008379,M0303,C0562,2026-02-20 20:43:40,829.87,wallet,D0271,IP0258,SUCCESS
T00008380,M0355,C0221,2026-01-15 19:56:00,981.6,card,D0062,IP0006,SUCCESS
T00008381,M0431,C0280,2026-02-10 14:16:47,695.35,UPI,D0552,IP0516,SUCCESS
T00008382,M0403,C1374,2026-03-26 12:48:58,4429.67,netbanking,D0458,IP0637,SUCCESS
T00008383,M0480,C0078,2026-02-07 04:21:25,1130.79,UPI,D0695,IP0203,SUCCESS
T00008384,M0433,C0492,2026-02-17 10:09:47,4084.88,card,D0743,IP0486,SUCCESS
T00008385,M0039,C0108,2026-03-08 15:06:49,5874.49,UPI,D0540,IP0018,SUCCESS
T00008386,M0385,C0943,2026-02-21 12:24:19,241.52,UPI,D0711,IP0492,SUCCESS
T00008387,M0101,C0629,2026-03-30 16:51:53,1261.77,wallet,D0093,IP0090,SUCCESS
T00008388,M0430,C0812,2026-03-29 09:13:59,1314.49,wallet,D0102,IP0143,SUCCESS
T00008389,M0075,C0153,2026-02-09 11:31:55,795.68,card,D0559,IP0274,SUCCESS
T00008390,M0167,C0976,2026-03-13 23:34:10,1515.43,card,D0227,IP0680,SUCCESS
T00008391,M0176,C0498,2026-02-03 11:42:16,3643.15,card,D0608,IP0462,SUCCESS
T00008392,M0478,C1258,2026-01-10 17:18:28,5747.17,card,D0391,IP0101,FAILED
T00008393,M0491,C0726,2026-01-09 07:04:00,5115.94,netbanking,D0053,IP0215,FAILED
T00008394,M0301,C1155,2026-03-10 17:12:13,7368.1,card,D0501,IP0570,SUCCESS
T00008395,M0296,C1476,2026-02-17 09:09:18,2099.18,UPI,D0288,IP0471,REFUNDED
T00008396,M0302,C1000,2026-01-12 17:23:50,2021.04,wallet,D0477,IP0111,SUCCESS
T00008397,M0356,C0188,2026-02-09 19:59:31,1471.63,UPI,D0716,IP0606,SUCCESS
T00008398,M0049,C0762,2026-01-28 20:40:18,1695.13,UPI,D0311,IP0015,SUCCESS
T00008399,M0169,C0426,2026-02-17 17:23:35,4607.86,UPI,D0580,IP0712,SUCCESS
T00008400,M0337,C1014,2026-03-11 18:48:45,1807.4,UPI,D0155,IP0623,SUCCESS
T00008401,M0142,C0403,2026-01-26 23:10:19,390.54,wallet,D0301,IP0672,SUCCESS
T00008402,M0337,C1323,2026-03-05 17:33:51,1337.57,netbanking,D0155,IP0654,SUCCESS
T00008403,M0462,C0458,2026-01-20 10:40:40,1683.41,card,D0397,IP0480,SUCCESS
T00008404,M0408,C0734,2026-01-27 14:56:46,6280.5,card,D0036,IP0336,SUCCESS
T00008405,M0297,C0781,2026-01-11 18:50:58,400.92,card,D0326,IP0053,REFUNDED
T00008406,M0165,C0829,2026-01-14 11:32:21,667.19,UPI,D0029,IP0377,REFUNDED
T00008407,M0229,C1306,2026-03-09 16:25:56,4241.82,UPI,D0426,IP0254,SUCCESS
T00008408,M0067,C0887,2026-02-23 23:41:44,604.6,wallet,D0023,IP0604,SUCCESS
T00008409,M0113,C0733,2026-01-21 13:07:47,891.32,card,D0296,IP0262,SUCCESS
T00008410,M0500,C1302,2026-03-10 21:52:24,1117.37,card,D0660,IP0534,SUCCESS
T00008411,M0471,C1490,2026-01-25 23:32:03,449.64,UPI,D0085,IP0507,SUCCESS
T00008412,M0343,C0286,2026-02-02 20:11:12,522.24,card,D0468,IP0717,SUCCESS
T00008413,M0351,C0208,2026-03-12 21:28:30,12930.46,netbanking,D0699,IP0194,SUCCESS
T00008414,M0165,C0442,2026-03-19 11:49:35,352.31,wallet,D0189,IP0237,SUCCESS
T00008415,M0221,C0573,2026-03-22 13:13:11,4317.07,wallet,D0377,IP0019,SUCCESS
T00008416,M0132,C0205,2026-01-26 12:35:11,1792.64,netbanking,D0241,IP0670,SUCCESS
T00008417,M0482,C1118,2026-01-01 17:39:50,5205.01,card,D0138,IP0713,SUCCESS
T00008418,M0424,C0257,2026-02-21 13:07:30,702.6,UPI,D0463,IP0125,SUCCESS
T00008419,M0169,C1002,2026-03-19 16:29:09,975.46,UPI,D0642,IP0518,SUCCESS
T00008420,M0208,C1384,2026-02-14 15:34:23,1510.02,netbanking,D0533,IP0657,SUCCESS
T00008421,M0008,C1017,2026-03-29 15:29:18,1479.12,netbanking,D0076,IP0172,FAILED
T00008422,M0157,C0052,2026-03-22 15:31:42,1123.81,netbanking,D0663,IP0317,SUCCESS
T00008423,M0154,C0701,2026-03-21 19:15:23,823.56,card,D0725,IP0374,SUCCESS
T00008424,M0113,C1233,2026-01-01 18:14:20,567.58,wallet,D0403,IP0262,FAILED
T00008425,M0471,C0090,2026-01-17 08:15:23,1037.37,UPI,D0738,IP0541,SUCCESS
T00008426,M0015,C1121,2026-02-03 16:39:17,430.57,UPI,D0098,IP0351,SUCCESS
T00008427,M0304,C0175,2026-01-04 20:07:04,493.24,card,D0439,IP0051,SUCCESS
T00008428,M0230,C0037,2026-02-27 14:39:05,1138.65,UPI,D0588,IP0378,SUCCESS
T00008429,M0229,C0781,2026-03-24 23:17:00,11629.46,netbanking,D0451,IP0327,SUCCESS
T00008430,M0113,C0470,2026-01-16 23:15:47,914.89,card,D0403,IP0156,FAILED
T00008431,M0418,C0694,2026-01-10 17:25:02,4094.76,UPI,D0217,IP0581,SUCCESS
T00008432,M0188,C1280,2026-03-13 11:58:27,1707.6,card,D0125,IP0557,SUCCESS
T00008433,M0371,C0100,2026-03-18 12:37:50,1278.63,netbanking,D0002,IP0452,SUCCESS
T00008434,M0177,C0807,2026-03-30 10:24:02,286.27,UPI,D0071,IP0583,SUCCESS
T00008435,M0469,C0588,2026-03-22 19:16:03,1368.03,UPI,D0529,IP0439,SUCCESS
T00008436,M0142,C1076,2026-01-11 17:53:01,548.6,UPI,D0130,IP0445,SUCCESS
T00008437,M0428,C0066,2026-01-26 16:00:43,1386.99,UPI,D0383,IP0421,SUCCESS
T00008438,M0402,C1292,2026-03-09 09:34:54,2710.03,UPI,D0424,IP0568,SUCCESS
T00008439,M0444,C0773,2026-03-17 12:49:53,3331.71,netbanking,D0653,IP0296,SUCCESS
T00008440,M0491,C0986,2026-03-21 16:47:54,2309.26,card,D0053,IP0119,SUCCESS
T00008441,M0319,C0072,2026-03-24 11:46:16,914.64,card,D0613,IP0716,SUCCESS
T00008442,M0398,C0494,2026-01-17 17:52:32,1740.72,UPI,D0676,IP0089,SUCCESS
T00008443,M0313,C1237,2026-02-06 11:13:27,3723.86,UPI,D0572,IP0528,SUCCESS
T00008444,M0456,C0979,2026-03-21 09:36:58,4149.48,UPI,D0654,IP0638,SUCCESS
T00008445,M0343,C1054,2026-02-03 12:42:31,1462.51,UPI,D0233,IP0717,SUCCESS
T00008446,M0439,C0332,2026-03-11 11:30:07,3340.42,card,D0443,IP0676,SUCCESS
T00008447,M0153,C0232,2026-01-28 17:27:22,781.76,card,D0699,IP0452,SUCCESS
T00008448,M0026,C0295,2026-01-23 12:28:16,1072.72,card,D0027,IP0271,SUCCESS
T00008449,M0075,C1251,2026-02-22 11:51:49,2278.63,UPI,D0594,IP0692,SUCCESS
T00008450,M0360,C0932,2026-01-17 22:27:01,2733.09,card,D0210,IP0731,SUCCESS
T00008451,M0430,C0284,2026-01-18 14:43:55,1540.88,netbanking,D0287,IP0143,SUCCESS
T00008452,M0146,C0625,2026-03-23 14:21:32,2683.0,UPI,D0124,IP0658,SUCCESS
T00008453,M0327,C0155,2026-01-04 14:32:50,1852.3,card,D0048,IP0463,SUCCESS
T00008454,M0297,C0508,2026-02-22 08:13:19,380.78,UPI,D0326,IP0053,SUCCESS
T00008455,M0364,C0071,2026-02-09 10:59:52,659.02,netbanking,D0656,IP0158,SUCCESS
T00008456,M0142,C1114,2026-01-24 23:04:48,1164.37,wallet,D0009,IP0664,SUCCESS
T00008457,M0142,C1020,2026-03-29 14:28:57,237.48,card,D0092,IP0469,SUCCESS
T00008458,M0410,C1246,2026-02-04 21:40:14,1246.89,UPI,D0552,IP0471,SUCCESS
T00008459,M0033,C0642,2026-02-01 14:28:09,1347.48,card,D0049,IP0534,SUCCESS
T00008460,M0378,C0517,2026-02-16 09:12:49,471.47,wallet,D0742,IP0669,SUCCESS
T00008461,M0051,C0308,2026-01-21 17:47:22,6942.93,card,D0533,IP0142,SUCCESS
T00008462,M0076,C0958,2026-03-26 23:10:34,3766.0,UPI,D0527,IP0538,SUCCESS
T00008463,M0146,C0395,2026-03-19 15:42:19,1063.29,UPI,D0124,IP0475,SUCCESS
T00008464,M0202,C0727,2026-02-24 17:38:13,3592.71,UPI,D0645,IP0432,SUCCESS
T00008465,M0491,C1279,2026-03-12 09:39:25,4010.76,card,D0141,IP0261,SUCCESS
T00008466,M0256,C1077,2026-02-19 11:59:22,15741.31,UPI,D0541,IP0560,SUCCESS
T00008467,M0242,C0106,2026-03-01 19:17:04,20995.25,card,D0746,IP0071,SUCCESS
T00008468,M0408,C0246,2026-02-08 19:36:30,2653.54,netbanking,D0742,IP0699,SUCCESS
T00008469,M0159,C1472,2026-02-27 19:19:07,4705.58,card,D0109,IP0298,SUCCESS
T00008470,M0329,C1120,2026-01-04 20:04:06,2923.69,card,D0645,IP0298,SUCCESS
T00008471,M0380,C0737,2026-02-25 11:52:19,6083.6,netbanking,D0408,IP0251,SUCCESS
T00008472,M0443,C0072,2026-01-31 20:58:41,2871.78,wallet,D0514,IP0393,SUCCESS
T00008473,M0090,C0043,2026-03-22 15:36:17,491.54,UPI,D0358,IP0298,SUCCESS
T00008474,M0362,C0370,2026-01-29 14:33:40,6840.67,UPI,D0477,IP0231,SUCCESS
T00008475,M0003,C0364,2026-01-30 23:33:43,1727.64,card,D0042,IP0164,SUCCESS
T00008476,M0286,C0163,2026-02-23 09:38:46,758.42,card,D0210,IP0450,SUCCESS
T00008477,M0206,C1348,2026-03-25 15:19:15,3895.83,UPI,D0611,IP0461,SUCCESS
T00008478,M0424,C0369,2026-03-04 13:59:09,643.6,UPI,D0463,IP0263,SUCCESS
T00008479,M0395,C0639,2026-03-28 08:38:08,224.47,card,D0616,IP0450,FAILED
T00008480,M0376,C1113,2026-03-20 13:47:18,89.51,UPI,D0304,IP0317,SUCCESS
T00008481,M0117,C0781,2026-02-22 11:48:50,3606.25,netbanking,D0263,IP0690,SUCCESS
T00008482,M0176,C0421,2026-03-22 11:29:26,490.31,card,D0576,IP0559,SUCCESS
T00008483,M0167,C0023,2026-02-26 21:01:37,823.73,UPI,D0552,IP0676,SUCCESS
T00008484,M0129,C1032,2026-02-25 17:31:06,3126.53,UPI,D0432,IP0372,FAILED
T00008485,M0234,C1221,2026-01-06 16:06:40,10264.96,UPI,D0114,IP0686,FAILED
T00008486,M0239,C0801,2026-01-22 17:32:27,1191.18,card,D0398,IP0335,SUCCESS
T00008487,M0203,C0744,2026-03-11 17:32:54,334.47,UPI,D0042,IP0283,SUCCESS
T00008488,M0418,C1254,2026-01-02 12:22:57,4943.13,netbanking,D0228,IP0649,SUCCESS
T00008489,M0376,C0953,2026-01-31 12:25:39,1938.98,UPI,D0697,IP0569,SUCCESS
T00008490,M0418,C0814,2026-01-30 18:05:15,5629.68,UPI,D0592,IP0223,SUCCESS
T00008491,M0424,C0208,2026-02-12 15:12:13,1845.12,wallet,D0189,IP0263,SUCCESS
T00008492,M0142,C0565,2026-02-02 16:53:36,1014.66,wallet,D0130,IP0672,SUCCESS
T00008493,M0480,C0963,2026-03-17 12:17:23,243.87,UPI,D0450,IP0295,SUCCESS
T00008494,M0359,C0565,2026-03-20 23:07:39,1064.69,UPI,D0059,IP0605,SUCCESS
T00008495,M0420,C0186,2026-01-27 09:32:26,3337.73,card,D0476,IP0670,SUCCESS
T00008496,M0478,C0776,2026-02-20 17:13:04,824.33,card,D0551,IP0194,SUCCESS
T00008497,M0424,C1333,2026-02-15 16:46:23,450.58,card,D0436,IP0263,SUCCESS
T00008498,M0303,C0959,2026-03-08 14:24:29,1260.21,card,D0403,IP0227,SUCCESS
T00008499,M0273,C1335,2026-01-27 18:30:14,1403.56,UPI,D0081,IP0425,SUCCESS
T00008500,M0303,C1418,2026-01-08 16:49:40,1324.77,UPI,D0061,IP0422,SUCCESS
T00008501,M0448,C0125,2026-01-19 20:55:17,7032.26,card,D0220,IP0566,SUCCESS
T00008502,M0048,C0903,2026-01-22 07:43:52,715.59,netbanking,D0279,IP0342,SUCCESS
T00008503,M0216,C0114,2026-01-14 23:24:01,2803.52,card,D0096,IP0001,FAILED
T00008504,M0165,C1473,2026-03-13 14:53:17,513.04,UPI,D0029,IP0377,SUCCESS
T00008505,M0254,C0635,2026-02-27 17:03:39,1077.4,netbanking,D0403,IP0394,SUCCESS
T00008506,M0331,C0271,2026-03-04 18:35:41,6941.62,UPI,D0552,IP0735,SUCCESS
T00008507,M0410,C0386,2026-01-23 18:42:14,3921.16,netbanking,D0098,IP0720,SUCCESS
T00008508,M0004,C0548,2026-02-06 07:48:39,2818.15,UPI,D0354,IP0456,SUCCESS
T00008509,M0246,C1173,2026-03-29 14:38:08,3024.3,wallet,D0734,IP0484,SUCCESS
T00008510,M0169,C1460,2026-02-19 19:14:48,233.95,UPI,D0642,IP0570,SUCCESS
T00008511,M0401,C0572,2026-01-26 16:10:37,577.64,UPI,D0374,IP0595,SUCCESS
T00008512,M0162,C1248,2026-03-30 19:16:21,4016.7,UPI,D0676,IP0527,SUCCESS
T00008513,M0142,C0112,2026-03-30 22:26:01,1348.22,UPI,D0009,IP0070,SUCCESS
T00008514,M0118,C0811,2026-03-28 10:33:58,2432.61,wallet,D0104,IP0437,SUCCESS
T00008515,M0289,C1386,2026-03-12 14:51:42,1128.56,card,D0654,IP0611,SUCCESS
T00008516,M0035,C0033,2026-03-23 16:58:18,298.09,wallet,D0300,IP0667,SUCCESS
T00008517,M0379,C0679,2026-03-25 08:17:21,832.11,UPI,D0637,IP0448,SUCCESS
T00008518,M0452,C0901,2026-01-23 11:00:43,1284.09,netbanking,D0171,IP0088,SUCCESS
T00008519,M0129,C1354,2026-01-09 23:22:45,1541.05,card,D0256,IP0094,SUCCESS
T00008520,M0286,C0661,2026-01-24 12:25:39,2397.1,UPI,D0306,IP0674,SUCCESS
T00008521,M0450,C0621,2026-02-19 18:02:34,7858.46,UPI,D0013,IP0181,SUCCESS
T00008522,M0442,C0767,2026-02-16 16:50:47,864.54,UPI,D0486,IP0110,SUCCESS
T00008523,M0410,C0108,2026-02-16 12:23:00,2469.34,UPI,D0552,IP0471,SUCCESS
T00008524,M0125,C0128,2026-01-11 16:09:46,1991.88,UPI,D0420,IP0561,SUCCESS
T00008525,M0248,C0407,2026-03-23 07:32:05,392.34,UPI,D0256,IP0199,SUCCESS
T00008526,M0491,C0510,2026-02-07 11:16:37,4519.06,netbanking,D0711,IP0435,SUCCESS
T00008527,M0146,C0584,2026-01-02 22:20:32,2272.55,card,D0530,IP0685,SUCCESS
T00008528,M0101,C0756,2026-03-14 23:45:51,2344.01,UPI,D0202,IP0563,SUCCESS
T00008529,M0229,C1482,2026-02-09 23:34:19,6404.64,card,D0283,IP0254,SUCCESS
T00008530,M0113,C1395,2026-01-14 06:01:36,443.17,wallet,D0403,IP0156,SUCCESS
T00008531,M0263,C1357,2026-01-20 14:50:16,1988.32,UPI,D0255,IP0629,REFUNDED
T00008532,M0344,C1484,2026-03-31 18:27:15,10022.64,card,D0249,IP0585,SUCCESS
T00008533,M0224,C0669,2026-01-01 08:35:54,3043.82,card,D0107,IP0037,SUCCESS
T00008534,M0147,C1138,2026-03-10 12:23:28,10847.82,card,D0661,IP0245,SUCCESS
T00008535,M0260,C1423,2026-01-11 23:45:37,8361.31,card,D0645,IP0375,SUCCESS
T00008536,M0416,C1014,2026-03-15 14:37:18,1362.1,UPI,D0231,IP0527,SUCCESS
T00008537,M0424,C1190,2026-02-11 18:01:47,1060.81,netbanking,D0463,IP0125,SUCCESS
T00008538,M0003,C1169,2026-03-09 18:53:32,2169.77,card,D0067,IP0617,SUCCESS
T00008539,M0026,C0809,2026-03-05 13:47:09,4058.38,UPI,D0468,IP0086,SUCCESS
T00008540,M0471,C1073,2026-03-12 11:12:40,967.9,card,D0672,IP0541,SUCCESS
T00008541,M0142,C1146,2026-02-10 22:04:27,365.22,wallet,D0523,IP0672,SUCCESS
T00008542,M0229,C1170,2026-01-16 12:46:19,5773.95,card,D0395,IP0398,SUCCESS
T00008543,M0079,C1429,2026-01-12 23:26:21,842.75,UPI,D0698,IP0604,SUCCESS
T00008544,M0196,C0419,2026-01-20 09:31:57,16343.23,card,D0696,IP0092,SUCCESS
T00008545,M0405,C1220,2026-02-11 18:23:49,3070.57,card,D0015,IP0734,SUCCESS
T00008546,M0035,C1167,2026-01-02 12:50:26,1787.64,wallet,D0676,IP0667,SUCCESS
T00008547,M0254,C0429,2026-02-25 10:49:16,427.64,card,D0631,IP0307,SUCCESS
T00008548,M0340,C0928,2026-02-27 15:41:59,580.48,card,D0432,IP0267,SUCCESS
T00008549,M0167,C0574,2026-03-21 10:06:32,2415.48,card,D0010,IP0415,SUCCESS
T00008550,M0424,C1066,2026-01-01 18:36:14,2535.46,UPI,D0038,IP0263,SUCCESS
T00008551,M0001,C0143,2026-02-17 21:11:29,5580.6,wallet,D0280,IP0603,SUCCESS
T00008552,M0241,C1388,2026-03-27 14:11:13,1460.8,netbanking,D0745,IP0646,SUCCESS
T00008553,M0441,C0515,2026-02-08 11:23:38,2528.6,card,D0048,IP0009,SUCCESS
T00008554,M0085,C0978,2026-03-31 23:57:10,276.07,card,D0465,IP0019,SUCCESS
T00008555,M0129,C0543,2026-01-04 14:51:40,189.22,card,D0432,IP0372,SUCCESS
T00008556,M0362,C1430,2026-03-25 21:53:30,479.76,UPI,D0377,IP0147,SUCCESS
T00008557,M0176,C0317,2026-01-18 06:43:50,463.75,card,D0471,IP0559,SUCCESS
T00008558,M0147,C0628,2026-01-10 15:03:40,717.9,card,D0489,IP0245,SUCCESS
T00008559,M0296,C1210,2026-02-06 15:02:23,2848.35,UPI,D0318,IP0003,SUCCESS
T00008560,M0353,C0196,2026-03-01 18:42:34,635.33,UPI,D0480,IP0288,SUCCESS
T00008561,M0384,C1476,2026-02-05 09:24:13,935.94,card,D0717,IP0526,SUCCESS
T00008562,M0216,C0302,2026-01-19 09:18:31,4246.14,card,D0694,IP0584,SUCCESS
T00008563,M0327,C0859,2026-02-22 17:01:17,5391.02,card,D0708,IP0061,SUCCESS
T00008564,M0471,C1398,2026-03-13 06:58:55,760.92,wallet,D0442,IP0194,SUCCESS
T00008565,M0482,C0019,2026-02-03 11:19:56,3815.07,netbanking,D0749,IP0641,SUCCESS
T00008566,M0353,C1100,2026-01-12 17:07:41,920.27,UPI,D0471,IP0670,SUCCESS
T00008567,M0301,C1192,2026-02-19 17:19:44,13286.72,UPI,D0125,IP0503,SUCCESS
T00008568,M0402,C0970,2026-03-05 17:33:29,1825.6,card,D0154,IP0611,SUCCESS
T00008569,M0469,C0616,2026-01-09 13:12:59,508.1,netbanking,D0372,IP0634,SUCCESS
T00008570,M0142,C0258,2026-02-08 13:27:02,1208.78,wallet,D0073,IP0469,SUCCESS
T00008571,M0212,C1492,2026-02-08 20:46:22,5649.73,UPI,D0074,IP0452,SUCCESS
T00008572,M0015,C1275,2026-01-13 20:50:06,1722.24,UPI,D0204,IP0288,SUCCESS
T00008573,M0487,C0619,2026-02-04 13:11:49,1892.56,wallet,D0570,IP0224,SUCCESS
T00008574,M0424,C1406,2026-02-26 16:30:03,703.16,wallet,D0281,IP0263,SUCCESS
T00008575,M0057,C0722,2026-03-04 16:03:50,823.2,UPI,D0095,IP0517,SUCCESS
T00008576,M0444,C0062,2026-02-19 17:43:36,2165.08,card,D0049,IP0296,SUCCESS
T00008577,M0381,C1321,2026-02-22 09:18:56,190.66,UPI,D0024,IP0207,FAILED
T00008578,M0444,C0696,2026-03-28 21:55:37,3733.65,card,D0687,IP0296,SUCCESS
T00008579,M0441,C0938,2026-01-03 16:30:49,1581.19,card,D0048,IP0398,SUCCESS
T00008580,M0147,C1198,2026-02-09 19:12:57,1825.49,wallet,D0689,IP0245,SUCCESS
T00008581,M0169,C0938,2026-02-02 10:55:26,1477.54,card,D0597,IP0310,SUCCESS
T00008582,M0199,C0083,2026-01-10 22:13:21,1506.73,UPI,D0678,IP0413,SUCCESS
T00008583,M0379,C1010,2026-02-28 07:24:57,927.77,UPI,D0083,IP0448,SUCCESS
T00008584,M0364,C0801,2026-02-03 14:33:21,392.58,card,D0274,IP0295,SUCCESS
T00008585,M0278,C0413,2026-02-19 14:38:27,575.9,wallet,D0298,IP0624,SUCCESS
T00008586,M0303,C1360,2026-01-24 20:36:12,1185.35,card,D0655,IP0456,SUCCESS
T00008587,M0254,C0894,2026-02-20 08:28:06,680.94,UPI,D0631,IP0394,SUCCESS
T00008588,M0189,C1358,2026-03-16 11:52:13,1017.88,netbanking,D0224,IP0217,SUCCESS
T00008589,M0424,C0452,2026-02-16 11:18:50,360.35,UPI,D0436,IP0519,SUCCESS
T00008590,M0313,C0965,2026-02-09 12:49:19,5188.21,netbanking,D0166,IP0554,SUCCESS
T00008591,M0405,C0242,2026-03-11 19:26:25,838.44,card,D0255,IP0155,SUCCESS
T00008592,M0113,C1043,2026-01-20 09:53:11,1465.28,card,D0296,IP0262,SUCCESS
T00008593,M0147,C0631,2026-02-11 10:34:06,1264.86,UPI,D0489,IP0245,SUCCESS
T00008594,M0229,C0154,2026-01-29 18:35:15,6296.32,card,D0328,IP0254,SUCCESS
T00008595,M0142,C0602,2026-01-25 20:46:57,1754.77,card,D0475,IP0672,FAILED
T00008596,M0337,C0053,2026-02-15 09:56:58,889.95,UPI,D0733,IP0633,SUCCESS
T00008597,M0383,C0118,2026-02-17 19:45:45,1223.0,netbanking,D0072,IP0225,SUCCESS
T00008598,M0142,C0860,2026-02-23 23:34:01,516.49,card,D0009,IP0325,SUCCESS
T00008599,M0008,C1063,2026-01-24 13:40:17,2832.69,wallet,D0048,IP0217,SUCCESS
T00008600,M0335,C1290,2026-01-16 17:16:03,504.79,UPI,D0424,IP0689,REFUNDED
T00008601,M0490,C0588,2026-03-21 17:20:00,1006.51,UPI,D0273,IP0726,SUCCESS
T00008602,M0190,C0407,2026-03-13 18:30:55,799.51,UPI,D0532,IP0057,SUCCESS
T00008603,M0354,C1102,2026-03-24 23:42:20,8241.17,card,D0095,IP0324,SUCCESS
T00008604,M0033,C0854,2026-01-22 13:39:27,701.62,card,D0603,IP0640,SUCCESS
T00008605,M0312,C0578,2026-02-04 18:34:43,1492.84,UPI,D0429,IP0194,SUCCESS
T00008606,M0303,C0706,2026-03-08 15:01:00,1103.62,card,D0552,IP0456,SUCCESS
T00008607,M0309,C1188,2026-03-25 10:54:34,882.25,wallet,D0229,IP0036,SUCCESS
T00008608,M0276,C1374,2026-03-14 12:21:43,205.81,UPI,D0047,IP0724,SUCCESS
T00008609,M0254,C1252,2026-03-11 15:02:10,661.08,UPI,D0465,IP0394,FAILED
T00008610,M0444,C0838,2026-01-14 15:43:06,1415.03,UPI,D0687,IP0360,SUCCESS
T00008611,M0008,C0543,2026-01-26 17:06:17,6725.41,card,D0561,IP0234,FAILED
T00008612,M0214,C0573,2026-03-03 12:04:19,2523.48,card,D0048,IP0090,SUCCESS
T00008613,M0230,C0206,2026-02-15 17:52:10,1025.86,card,D0700,IP0337,SUCCESS
T00008614,M0427,C0135,2026-03-01 15:30:30,4384.86,card,D0222,IP0659,SUCCESS
T00008615,M0218,C1337,2026-03-22 17:29:25,1185.88,wallet,D0619,IP0179,SUCCESS
T00008616,M0071,C0308,2026-03-25 17:19:33,18179.93,card,D0469,IP0531,SUCCESS
T00008617,M0090,C0666,2026-01-19 21:59:43,521.1,UPI,D0328,IP0197,SUCCESS
T00008618,M0087,C1254,2026-01-04 20:29:31,1561.1,netbanking,D0182,IP0574,SUCCESS
T00008619,M0333,C0582,2026-02-15 03:12:46,1453.53,card,D0313,IP0035,SUCCESS
T00008620,M0297,C1199,2026-01-16 13:34:44,1387.28,wallet,D0698,IP0509,SUCCESS
T00008621,M0147,C1187,2026-03-26 14:45:09,712.37,wallet,D0661,IP0245,SUCCESS
T00008622,M0126,C0038,2026-02-04 22:01:08,719.34,UPI,D0662,IP0072,SUCCESS
T00008623,M0469,C0633,2026-01-17 16:26:40,1073.85,netbanking,D0372,IP0701,SUCCESS
T00008624,M0325,C1314,2026-03-11 11:25:20,2728.65,netbanking,D0306,IP0311,SUCCESS
T00008625,M0434,C0388,2026-01-02 16:00:26,2883.81,UPI,D0684,IP0654,SUCCESS
T00008626,M0153,C0664,2026-02-06 18:43:57,638.08,UPI,D0212,IP0750,SUCCESS
T00008627,M0268,C1471,2026-02-21 21:02:53,1401.64,UPI,D0059,IP0422,FAILED
T00008628,M0147,C0657,2026-01-21 13:10:15,1189.07,UPI,D0489,IP0245,SUCCESS
T00008629,M0113,C0962,2026-03-18 08:26:57,319.11,card,D0296,IP0635,REFUNDED
T00008630,M0217,C1461,2026-03-19 17:36:00,1034.66,card,D0708,IP0692,SUCCESS
T00008631,M0001,C1288,2026-01-20 13:20:04,2790.96,netbanking,D0061,IP0706,SUCCESS
T00008632,M0453,C1235,2026-01-10 13:21:59,2431.1,wallet,D0151,IP0087,SUCCESS
T00008633,M0254,C0215,2026-02-18 16:06:52,1514.26,card,D0465,IP0709,SUCCESS
T00008634,M0092,C1088,2026-02-23 20:11:38,3654.35,UPI,D0736,IP0224,REFUNDED
T00008635,M0263,C0786,2026-01-31 14:03:48,617.55,wallet,D0151,IP0130,SUCCESS
T00008636,M0445,C1282,2026-01-08 08:06:53,830.57,UPI,D0500,IP0195,SUCCESS
T00008637,M0487,C1012,2026-01-21 20:27:23,1616.82,UPI,D0367,IP0031,SUCCESS
T00008638,M0001,C1232,2026-03-27 17:14:19,4721.98,wallet,D0061,IP0339,SUCCESS
T00008639,M0487,C0502,2026-01-02 17:24:23,387.67,UPI,D0570,IP0109,SUCCESS
T00008640,M0188,C1230,2026-03-27 13:07:58,813.69,card,D0056,IP0303,SUCCESS
T00008641,M0381,C0876,2026-03-31 22:46:05,1102.94,UPI,D0501,IP0262,SUCCESS
T00008642,M0403,C0689,2026-03-19 15:32:15,450.12,UPI,D0477,IP0019,SUCCESS
T00008643,M0466,C0336,2026-01-25 05:47:32,1703.22,UPI,D0390,IP0251,SUCCESS
T00008644,M0229,C0156,2026-02-22 18:14:01,8404.34,card,D0395,IP0029,SUCCESS
T00008645,M0405,C0979,2026-03-19 18:45:31,4566.98,UPI,D0015,IP0456,SUCCESS
T00008646,M0372,C0708,2026-02-02 21:31:18,512.6,card,D0352,IP0263,SUCCESS
T00008647,M0189,C0423,2026-03-12 19:43:54,3394.26,UPI,D0046,IP0174,SUCCESS
T00008648,M0425,C0271,2026-02-23 20:50:45,2390.17,netbanking,D0255,IP0312,SUCCESS
T00008649,M0455,C0946,2026-03-12 18:57:55,792.96,card,D0445,IP0336,FAILED
T00008650,M0309,C0954,2026-01-05 14:54:57,1714.12,card,D0511,IP0036,SUCCESS
T00008651,M0424,C1390,2026-03-12 09:33:38,462.3,UPI,D0235,IP0263,FAILED
T00008652,M0347,C0013,2026-01-30 13:32:59,2976.14,UPI,D0154,IP0225,SUCCESS
T00008653,M0413,C0670,2026-01-04 15:37:27,697.77,UPI,D0159,IP0632,SUCCESS
T00008654,M0343,C1267,2026-01-07 12:56:25,1195.28,UPI,D0270,IP0717,REFUNDED
T00008655,M0378,C1107,2026-02-13 00:28:00,2042.37,UPI,D0020,IP0701,SUCCESS
T00008656,M0021,C0659,2026-02-19 11:04:16,8847.79,UPI,D0266,IP0347,SUCCESS
T00008657,M0075,C0557,2026-01-03 20:14:33,500.94,netbanking,D0385,IP0676,SUCCESS
T00008658,M0229,C1354,2026-01-16 16:00:32,3485.14,card,D0395,IP0327,SUCCESS
T00008659,M0414,C0361,2026-01-04 22:08:00,583.41,netbanking,D0636,IP0184,REFUNDED
T00008660,M0046,C1096,2026-01-11 14:33:26,1226.23,card,D0393,IP0127,SUCCESS
T00008661,M0010,C1040,2026-03-31 18:27:23,230.82,UPI,D0422,IP0462,SUCCESS
T00008662,M0141,C0823,2026-01-10 12:11:55,442.48,UPI,D0560,IP0695,SUCCESS
T00008663,M0444,C0677,2026-03-26 16:58:14,3350.14,card,D0653,IP0078,SUCCESS
T00008664,M0452,C0787,2026-01-18 10:11:59,982.84,card,D0171,IP0088,FAILED
T00008665,M0169,C0098,2026-02-07 12:49:57,737.1,UPI,D0458,IP0665,SUCCESS
T00008666,M0370,C0971,2026-01-26 14:52:19,350.49,wallet,D0537,IP0013,REFUNDED
T00008667,M0380,C1052,2026-02-09 17:52:51,2130.35,card,D0472,IP0481,SUCCESS
T00008668,M0001,C0329,2026-01-31 07:16:53,4463.71,netbanking,D0489,IP0603,SUCCESS
T00008669,M0213,C0725,2026-01-14 16:54:04,2712.82,UPI,D0415,IP0592,SUCCESS
T00008670,M0113,C0751,2026-02-22 14:14:56,1439.53,card,D0296,IP0156,SUCCESS
T00008671,M0203,C0242,2026-01-06 20:32:17,1004.48,UPI,D0173,IP0489,SUCCESS
T00008672,M0154,C1279,2026-01-25 15:31:06,396.65,UPI,D0734,IP0051,SUCCESS
T00008673,M0056,C0118,2026-03-15 10:24:06,4593.83,wallet,D0146,IP0419,SUCCESS
T00008674,M0491,C1342,2026-01-12 09:45:43,371.73,wallet,D0053,IP0114,SUCCESS
T00008675,M0288,C0378,2026-01-15 09:13:43,427.25,wallet,D0481,IP0009,SUCCESS
T00008676,M0112,C0303,2026-01-08 11:02:15,5893.17,UPI,D0235,IP0086,SUCCESS
T00008677,M0142,C1029,2026-03-25 16:37:07,888.29,UPI,D0092,IP0672,SUCCESS
T00008678,M0020,C0795,2026-01-31 20:27:08,5795.06,card,D0257,IP0059,FAILED
T00008679,M0171,C0224,2026-03-20 23:36:05,1570.55,card,D0491,IP0211,SUCCESS
T00008680,M0046,C0330,2026-01-16 15:56:23,457.56,UPI,D0455,IP0326,SUCCESS
T00008681,M0147,C0159,2026-03-18 20:48:41,4037.46,card,D0661,IP0245,FAILED
T00008682,M0248,C0998,2026-01-05 10:41:11,699.47,UPI,D0560,IP0307,SUCCESS
T00008683,M0366,C0437,2026-02-01 03:00:58,231.97,wallet,D0536,IP0455,SUCCESS
T00008684,M0428,C1337,2026-02-03 10:09:39,3709.1,UPI,D0117,IP0668,SUCCESS
T00008685,M0036,C0395,2026-01-01 19:37:07,4673.98,wallet,D0209,IP0055,SUCCESS
T00008686,M0147,C0524,2026-01-30 11:09:44,719.03,UPI,D0689,IP0585,SUCCESS
T00008687,M0101,C1072,2026-01-09 09:10:21,1667.73,UPI,D0093,IP0563,SUCCESS
T00008688,M0203,C0805,2026-02-05 10:55:49,512.4,UPI,D0042,IP0263,SUCCESS
T00008689,M0119,C0704,2026-03-26 14:35:50,140.25,UPI,D0232,IP0334,SUCCESS
T00008690,M0142,C0602,2026-02-02 14:25:46,337.58,UPI,D0092,IP0672,SUCCESS
T00008691,M0471,C0047,2026-02-03 15:01:36,481.87,card,D0285,IP0194,SUCCESS
T00008692,M0357,C0160,2026-01-10 08:18:27,4211.57,UPI,D0562,IP0286,SUCCESS
T00008693,M0444,C0984,2026-01-16 12:30:32,3199.01,UPI,D0653,IP0075,SUCCESS
T00008694,M0303,C0511,2026-02-22 21:09:20,562.05,UPI,D0708,IP0132,SUCCESS
T00008695,M0424,C0447,2026-03-08 10:52:27,1416.67,UPI,D0463,IP0125,SUCCESS
T00008696,M0203,C1041,2026-03-27 15:49:25,4320.28,UPI,D0006,IP0489,SUCCESS
T00008697,M0147,C0309,2026-03-22 10:15:15,351.98,UPI,D0661,IP0245,SUCCESS
T00008698,M0303,C1474,2026-03-08 11:26:00,295.53,UPI,D0061,IP0456,SUCCESS
T00008699,M0480,C0805,2026-03-11 14:37:53,424.01,wallet,D0450,IP0295,SUCCESS
T00008700,M0430,C0571,2026-03-29 16:02:48,3040.52,UPI,D0696,IP0619,SUCCESS
T00008701,M0146,C0493,2026-03-01 04:32:04,550.57,wallet,D0124,IP0022,FAILED
T00008702,M0483,C1327,2026-02-23 23:55:01,7201.61,netbanking,D0048,IP0496,SUCCESS
T00008703,M0297,C0988,2026-01-02 18:06:50,1775.12,UPI,D0554,IP0720,REFUNDED
T00008704,M0234,C1189,2026-02-03 14:30:11,8874.2,card,D0524,IP0048,SUCCESS
T00008705,M0167,C0015,2026-02-24 10:39:19,983.94,UPI,D0472,IP0680,SUCCESS
T00008706,M0348,C1450,2026-01-07 19:16:48,1910.22,UPI,D0247,IP0721,SUCCESS
T00008707,M0319,C0329,2026-03-09 15:58:34,1345.32,UPI,D0720,IP0336,SUCCESS
T00008708,M0425,C0467,2026-03-07 22:34:56,12910.9,card,D0255,IP0407,SUCCESS
T00008709,M0471,C0078,2026-03-24 17:48:11,779.44,UPI,D0672,IP0541,FAILED
T00008710,M0403,C0599,2026-02-07 13:08:15,1713.85,UPI,D0399,IP0177,SUCCESS
T00008711,M0124,C1352,2026-01-13 06:32:23,667.76,wallet,D0006,IP0646,REFUNDED
T00008712,M0101,C0806,2026-01-12 14:35:02,2200.18,UPI,D0747,IP0375,SUCCESS
T00008713,M0299,C0202,2026-01-22 16:55:41,1181.65,UPI,D0260,IP0369,SUCCESS
T00008714,M0113,C0162,2026-03-26 16:49:37,1455.64,UPI,D0296,IP0276,SUCCESS
T00008715,M0343,C1436,2026-02-25 14:42:17,569.05,card,D0233,IP0086,SUCCESS
T00008716,M0113,C0849,2026-01-18 17:38:06,3077.04,card,D0654,IP0262,SUCCESS
T00008717,M0142,C1482,2026-03-20 18:05:53,541.71,UPI,D0593,IP0672,SUCCESS
T00008718,M0065,C0466,2026-01-11 22:46:46,5337.57,wallet,D0115,IP0209,SUCCESS
T00008719,M0430,C1087,2026-01-21 18:21:38,1379.39,UPI,D0486,IP0678,SUCCESS
T00008720,M0327,C0273,2026-01-14 10:53:00,1822.65,UPI,D0144,IP0600,SUCCESS
T00008721,M0203,C0586,2026-03-05 16:37:42,736.8,UPI,D0006,IP0137,SUCCESS
T00008722,M0224,C1084,2026-01-25 16:37:22,2972.9,UPI,D0107,IP0129,FAILED
T00008723,M0101,C1094,2026-02-16 18:20:59,2885.95,UPI,D0645,IP0497,SUCCESS
T00008724,M0440,C0693,2026-02-25 16:33:54,4087.35,card,D0412,IP0500,SUCCESS
T00008725,M0174,C0921,2026-01-14 10:47:02,1145.72,card,D0345,IP0417,SUCCESS
T00008726,M0051,C1201,2026-01-23 16:31:19,5224.28,wallet,D0071,IP0222,SUCCESS
T00008727,M0206,C0627,2026-03-12 13:52:51,2097.59,card,D0062,IP0528,SUCCESS
T00008728,M0146,C0753,2026-03-01 11:09:11,438.45,card,D0124,IP0500,SUCCESS
T00008729,M0229,C1128,2026-02-27 18:46:05,1302.59,netbanking,D0336,IP0481,SUCCESS
T00008730,M0444,C0866,2026-03-13 11:37:49,5199.31,card,D0248,IP0075,REFUNDED
T00008731,M0402,C1437,2026-03-20 13:33:19,1099.84,UPI,D0122,IP0022,SUCCESS
T00008732,M0146,C1463,2026-03-23 11:41:00,4029.92,card,D0530,IP0582,SUCCESS
T00008733,M0185,C0677,2026-02-10 19:12:42,16018.58,netbanking,D0285,IP0696,SUCCESS
T00008734,M0246,C0637,2026-02-27 05:43:01,918.29,card,D0313,IP0606,REFUNDED
T00008735,M0113,C0427,2026-02-10 11:02:07,403.5,UPI,D0403,IP0156,SUCCESS
T00008736,M0165,C1415,2026-03-30 17:16:34,392.09,UPI,D0029,IP0165,REFUNDED
T00008737,M0176,C1381,2026-01-18 10:49:21,4128.1,card,D0700,IP0462,SUCCESS
T00008738,M0126,C1461,2026-02-25 08:50:57,302.71,UPI,D0586,IP0072,REFUNDED
T00008739,M0159,C1366,2026-01-28 20:23:43,2133.14,netbanking,D0109,IP0298,SUCCESS
T00008740,M0239,C0174,2026-01-19 14:33:33,558.85,wallet,D0716,IP0335,SUCCESS
T00008741,M0440,C0466,2026-02-08 23:12:46,3386.32,UPI,D0580,IP0133,SUCCESS
T00008742,M0370,C0127,2026-03-11 07:07:13,1184.54,UPI,D0537,IP0013,SUCCESS
T00008743,M0048,C0824,2026-03-08 16:11:32,858.93,UPI,D0270,IP0342,REFUNDED
T00008744,M0289,C1386,2026-02-06 19:43:32,362.59,wallet,D0114,IP0707,SUCCESS
T00008745,M0142,C0689,2026-03-17 22:48:32,471.22,card,D0208,IP0469,SUCCESS
T00008746,M0001,C0161,2026-03-17 13:49:50,2582.21,netbanking,D0303,IP0706,SUCCESS
T00008747,M0307,C0840,2026-02-28 15:20:20,480.75,UPI,D0103,IP0118,SUCCESS
T00008748,M0129,C1454,2026-01-11 15:21:30,731.96,UPI,D0432,IP0372,SUCCESS
T00008749,M0359,C0632,2026-01-09 23:18:29,445.06,UPI,D0059,IP0112,SUCCESS
T00008750,M0150,C0811,2026-03-12 12:24:31,2565.12,card,D0556,IP0734,REFUNDED
T00008751,M0146,C0015,2026-03-20 16:06:13,1325.63,card,D0124,IP0658,SUCCESS
T00008752,M0327,C0310,2026-02-15 11:22:25,1480.77,card,D0117,IP0061,SUCCESS
T00008753,M0327,C0757,2026-01-19 21:16:35,1604.97,netbanking,D0271,IP0038,SUCCESS
T00008754,M0440,C0723,2026-01-05 22:20:09,12057.0,card,D0048,IP0133,SUCCESS
T00008755,M0129,C1454,2026-01-30 17:40:27,1744.31,UPI,D0432,IP0605,SUCCESS
T00008756,M0491,C1139,2026-02-21 07:57:41,906.31,wallet,D0544,IP0261,SUCCESS
T00008757,M0210,C1420,2026-01-31 17:31:34,854.2,UPI,D0061,IP0481,SUCCESS
T00008758,M0487,C0821,2026-03-15 12:46:59,2632.78,wallet,D0570,IP0109,SUCCESS
T00008759,M0113,C1043,2026-03-05 09:01:25,2146.29,card,D0403,IP0635,SUCCESS
T00008760,M0482,C1110,2026-01-23 21:39:01,2733.68,card,D0152,IP0318,SUCCESS
T00008761,M0487,C0971,2026-02-03 16:35:28,1010.32,UPI,D0570,IP0541,FAILED
T00008762,M0169,C0630,2026-03-08 20:20:09,780.99,UPI,D0743,IP0213,FAILED
T00008763,M0131,C1058,2026-01-27 15:42:30,11972.59,card,D0376,IP0720,SUCCESS
T00008764,M0332,C0462,2026-01-26 09:41:12,2841.34,card,D0541,IP0419,SUCCESS
T00008765,M0102,C0338,2026-03-31 13:45:59,1491.38,UPI,D0316,IP0565,SUCCESS
T00008766,M0169,C1493,2026-02-24 22:16:44,1720.11,UPI,D0458,IP0213,SUCCESS
T00008767,M0491,C1436,2026-01-13 12:27:42,2818.46,card,D0141,IP0261,SUCCESS
T00008768,M0405,C0825,2026-02-04 19:49:13,2299.46,UPI,D0015,IP0115,SUCCESS
T00008769,M0419,C1428,2026-03-07 11:48:29,2631.99,wallet,D0218,IP0547,SUCCESS
T00008770,M0448,C1053,2026-03-22 23:53:35,3885.04,netbanking,D0721,IP0566,SUCCESS
T00008771,M0375,C0685,2026-01-25 16:51:44,576.31,UPI,D0487,IP0005,REFUNDED
T00008772,M0385,C0628,2026-02-06 12:07:56,329.56,UPI,D0540,IP0526,SUCCESS
T00008773,M0400,C1260,2026-02-05 13:47:50,642.92,UPI,D0567,IP0198,SUCCESS
T00008774,M0221,C1174,2026-02-18 11:19:52,11841.78,wallet,D0664,IP0208,SUCCESS
T00008775,M0075,C0524,2026-01-25 09:41:08,1685.38,netbanking,D0118,IP0688,SUCCESS
T00008776,M0337,C0716,2026-03-12 10:28:28,698.04,UPI,D0349,IP0623,SUCCESS
T00008777,M0420,C0043,2026-03-12 16:08:10,991.66,wallet,D0015,IP0372,SUCCESS
T00008778,M0142,C0744,2026-01-08 23:29:31,459.32,UPI,D0092,IP0469,SUCCESS
T00008779,M0121,C0779,2026-02-13 18:19:12,14808.17,UPI,D0158,IP0490,FAILED
T00008780,M0486,C0243,2026-02-15 19:33:59,593.13,UPI,D0494,IP0435,SUCCESS
T00008781,M0104,C1111,2026-01-09 12:54:28,1147.32,card,D0517,IP0351,SUCCESS
T00008782,M0303,C0855,2026-03-01 14:40:19,498.8,wallet,D0708,IP0615,SUCCESS
T00008783,M0402,C0413,2026-01-05 11:22:47,1558.5,UPI,D0261,IP0022,SUCCESS
T00008784,M0075,C0870,2026-03-27 23:22:06,525.98,UPI,D0594,IP0688,SUCCESS
T00008785,M0304,C0272,2026-03-19 11:18:47,1181.0,UPI,D0201,IP0692,SUCCESS
T00008786,M0370,C0566,2026-02-20 13:15:50,2345.95,card,D0548,IP0013,SUCCESS
T00008787,M0026,C0903,2026-01-12 19:36:41,3668.45,card,D0724,IP0704,SUCCESS
T00008788,M0233,C0074,2026-02-07 13:05:23,3144.51,card,D0019,IP0530,SUCCESS
T00008789,M0267,C1202,2026-02-19 08:03:11,4311.75,UPI,D0055,IP0278,SUCCESS
T00008790,M0303,C0175,2026-03-30 16:39:42,480.45,card,D0403,IP0227,SUCCESS
T00008791,M0024,C1451,2026-01-12 19:24:26,1249.6,netbanking,D0066,IP0347,SUCCESS
T00008792,M0455,C0908,2026-03-17 13:43:26,444.33,UPI,D0377,IP0643,FAILED
T00008793,M0444,C0452,2026-03-26 06:04:42,4239.36,card,D0611,IP0296,SUCCESS
T00008794,M0442,C1175,2026-02-02 14:23:47,1605.72,card,D0645,IP0110,SUCCESS
T00008795,M0293,C0508,2026-02-26 15:05:16,3805.98,UPI,D0445,IP0212,SUCCESS
T00008796,M0412,C1132,2026-02-05 19:25:07,2529.42,netbanking,D0370,IP0277,SUCCESS
T00008797,M0423,C0184,2026-02-08 12:13:10,430.48,netbanking,D0718,IP0747,REFUNDED
T00008798,M0487,C0394,2026-02-09 17:45:36,409.73,wallet,D0111,IP0041,REFUNDED
T00008799,M0424,C1005,2026-03-06 14:39:14,742.66,UPI,D0189,IP0263,SUCCESS
T00008800,M0087,C0920,2026-02-03 17:25:39,22035.44,card,D0301,IP0228,SUCCESS
T00008801,M0109,C0060,2026-01-14 10:06:55,617.38,card,D0520,IP0559,REFUNDED
T00008802,M0289,C1387,2026-02-05 23:31:18,642.42,UPI,D0289,IP0062,SUCCESS
T00008803,M0382,C0168,2026-02-28 10:48:47,943.34,UPI,D0524,IP0325,SUCCESS
T00008804,M0430,C0272,2026-03-17 16:24:34,3406.44,UPI,D0023,IP0618,SUCCESS
T00008805,M0008,C0353,2026-03-27 14:52:16,5468.66,wallet,D0587,IP0172,SUCCESS
T00008806,M0247,C1488,2026-01-27 22:53:55,8624.76,card,D0637,IP0504,REFUNDED
T00008807,M0236,C0744,2026-03-22 12:48:21,769.02,UPI,D0004,IP0069,SUCCESS
T00008808,M0379,C0303,2026-02-13 04:01:13,256.06,UPI,D0523,IP0650,SUCCESS
T00008809,M0303,C1057,2026-01-20 21:11:28,962.89,UPI,D0271,IP0467,SUCCESS
T00008810,M0424,C0523,2026-02-25 10:32:33,751.78,UPI,D0442,IP0263,FAILED
T00008811,M0380,C1129,2026-03-21 11:16:50,12905.21,card,D0472,IP0251,SUCCESS
T00008812,M0274,C0729,2026-03-19 08:46:13,5221.06,card,D0197,IP0081,SUCCESS
T00008813,M0144,C1330,2026-03-01 20:05:50,16402.74,card,D0376,IP0289,SUCCESS
T00008814,M0358,C0039,2026-01-24 16:01:51,6043.77,UPI,D0722,IP0591,REFUNDED
T00008815,M0142,C0249,2026-01-29 23:15:07,1882.76,wallet,D0475,IP0469,SUCCESS
T00008816,M0359,C0868,2026-02-17 23:02:32,1597.29,wallet,D0059,IP0605,SUCCESS
T00008817,M0113,C1123,2026-03-27 19:21:38,1734.2,UPI,D0296,IP0262,SUCCESS
T00008818,M0136,C1097,2026-02-04 14:57:11,879.81,card,D0141,IP0045,SUCCESS
T00008819,M0242,C0511,2026-01-03 17:20:13,1161.65,UPI,D0102,IP0537,SUCCESS
T00008820,M0292,C1146,2026-02-15 17:02:23,277.72,netbanking,D0450,IP0543,SUCCESS
T00008821,M0482,C1477,2026-02-01 19:02:19,15641.19,card,D0295,IP0153,SUCCESS
T00008822,M0336,C0830,2026-02-22 14:47:27,10161.87,netbanking,D0587,IP0462,SUCCESS
T00008823,M0239,C1306,2026-02-01 12:30:49,817.25,netbanking,D0716,IP0335,SUCCESS
T00008824,M0425,C1016,2026-01-14 15:16:31,2328.1,netbanking,D0255,IP0045,SUCCESS
T00008825,M0104,C0019,2026-03-15 16:25:08,2875.76,UPI,D0288,IP0298,SUCCESS
T00008826,M0011,C0518,2026-01-11 15:05:21,172.97,UPI,D0504,IP0175,SUCCESS
T00008827,M0147,C1290,2026-01-31 16:07:43,786.7,card,D0689,IP0082,SUCCESS
T00008828,M0297,C0328,2026-01-25 17:53:49,4291.9,netbanking,D0190,IP0429,SUCCESS
T00008829,M0355,C0116,2026-03-12 19:39:00,344.48,card,D0062,IP0566,SUCCESS
T00008830,M0423,C0095,2026-03-20 17:48:03,5507.48,netbanking,D0162,IP0388,SUCCESS
T00008831,M0333,C0701,2026-03-03 16:24:08,2063.73,card,D0491,IP0076,SUCCESS
T00008832,M0084,C0402,2026-02-20 11:05:23,1344.86,card,D0565,IP0592,SUCCESS
T00008833,M0416,C0730,2026-03-02 14:21:20,792.77,card,D0680,IP0732,SUCCESS
T00008834,M0008,C0766,2026-03-26 13:20:03,2109.55,netbanking,D0153,IP0172,FAILED
T00008835,M0381,C0605,2026-03-25 23:29:19,607.97,wallet,D0238,IP0207,SUCCESS
T00008836,M0296,C0765,2026-02-27 06:16:17,2363.7,card,D0740,IP0135,SUCCESS
T00008837,M0286,C0106,2026-01-25 12:00:53,1847.2,UPI,D0733,IP0460,SUCCESS
T00008838,M0402,C0095,2026-01-19 09:20:57,3167.79,wallet,D0261,IP0022,SUCCESS
T00008839,M0026,C0423,2026-01-31 18:45:44,6355.2,netbanking,D0537,IP0128,SUCCESS
T00008840,M0229,C1170,2026-01-21 16:40:35,6060.67,netbanking,D0327,IP0254,SUCCESS
T00008841,M0480,C1123,2026-01-10 11:28:11,399.03,UPI,D0450,IP0457,SUCCESS
T00008842,M0010,C0959,2026-03-06 18:47:15,748.37,wallet,D0060,IP0682,SUCCESS
T00008843,M0450,C0481,2026-02-24 19:26:54,2396.59,card,D0209,IP0202,SUCCESS
T00008844,M0359,C0055,2026-01-16 19:32:01,535.83,UPI,D0740,IP0457,SUCCESS
T00008845,M0468,C0635,2026-03-04 08:22:18,1733.24,UPI,D0455,IP0671,SUCCESS
T00008846,M0028,C0477,2026-03-26 14:41:27,2324.49,card,D0555,IP0526,SUCCESS
T00008847,M0424,C1391,2026-01-07 23:50:23,1826.32,UPI,D0436,IP0125,SUCCESS
T00008848,M0297,C0412,2026-01-08 20:03:15,4020.75,card,D0588,IP0426,SUCCESS
T00008849,M0147,C1393,2026-02-26 23:17:16,526.5,netbanking,D0689,IP0082,SUCCESS
T00008850,M0264,C1115,2026-03-15 15:30:32,404.82,UPI,D0118,IP0693,SUCCESS
T00008851,M0478,C0670,2026-01-01 20:28:07,11099.64,card,D0168,IP0101,FAILED
T00008852,M0248,C1312,2026-01-03 10:50:45,136.82,UPI,D0369,IP0407,SUCCESS
T00008853,M0102,C1239,2026-02-02 09:41:59,6925.64,netbanking,D0265,IP0569,SUCCESS
T00008854,M0048,C1331,2026-03-24 17:46:19,1407.62,UPI,D0445,IP0176,SUCCESS
T00008855,M0011,C1008,2026-02-04 07:03:19,544.19,wallet,D0580,IP0175,SUCCESS
T00008856,M0136,C1399,2026-02-28 18:27:42,576.3,wallet,D0585,IP0039,FAILED
T00008857,M0303,C0595,2026-02-11 15:49:14,613.89,UPI,D0552,IP0227,SUCCESS
T00008858,M0203,C0536,2026-01-30 14:16:57,940.18,netbanking,D0006,IP0263,REFUNDED
T00008859,M0448,C0661,2026-01-23 19:10:06,1717.59,netbanking,D0136,IP0566,SUCCESS
T00008860,M0410,C0945,2026-03-10 16:33:59,25692.23,card,D0042,IP0189,SUCCESS
T00008861,M0261,C0654,2026-01-23 13:27:00,2086.93,UPI,D0365,IP0495,SUCCESS
T00008862,M0142,C1222,2026-03-25 17:15:58,385.36,wallet,D0436,IP0469,SUCCESS
T00008863,M0229,C0696,2026-03-05 23:34:06,7652.01,card,D0328,IP0327,SUCCESS
T00008864,M0355,C1015,2026-01-08 18:49:41,1317.45,UPI,D0422,IP0510,SUCCESS
T00008865,M0015,C1167,2026-03-06 20:37:54,1676.59,UPI,D0536,IP0111,SUCCESS
T00008866,M0453,C0843,2026-03-25 12:33:54,1660.72,card,D0550,IP0087,FAILED
T00008867,M0362,C0071,2026-01-26 13:57:00,1256.34,card,D0377,IP0231,SUCCESS
T00008868,M0487,C0394,2026-03-30 22:32:28,157.07,wallet,D0713,IP0068,SUCCESS
T00008869,M0365,C0251,2026-01-15 15:45:34,1148.85,UPI,D0369,IP0469,SUCCESS
T00008870,M0208,C0718,2026-02-21 15:33:52,1274.46,card,D0533,IP0543,SUCCESS
T00008871,M0248,C0289,2026-01-21 07:10:45,913.88,wallet,D0445,IP0199,SUCCESS
T00008872,M0004,C0190,2026-02-09 19:39:11,2490.97,card,D0354,IP0014,SUCCESS
T00008873,M0039,C0289,2026-03-30 15:50:46,27779.56,netbanking,D0604,IP0222,SUCCESS
T00008874,M0076,C1150,2026-02-08 11:47:11,4730.39,netbanking,D0167,IP0249,SUCCESS
T00008875,M0223,C1442,2026-03-07 21:50:49,3171.05,netbanking,D0650,IP0382,SUCCESS
T00008876,M0167,C0951,2026-03-07 20:07:30,4262.89,UPI,D0449,IP0415,SUCCESS
T00008877,M0229,C1484,2026-02-15 16:47:03,16106.72,wallet,D0451,IP0254,SUCCESS
T00008878,M0229,C0336,2026-03-16 19:21:50,6866.76,card,D0328,IP0481,SUCCESS
T00008879,M0203,C1075,2026-01-06 23:12:59,1053.82,UPI,D0042,IP0031,FAILED
T00008880,M0289,C1110,2026-01-27 23:07:39,602.12,card,D0149,IP0611,SUCCESS
T00008881,M0478,C0653,2026-03-13 23:18:49,17080.93,netbanking,D0293,IP0692,SUCCESS
T00008882,M0296,C0094,2026-03-15 20:05:55,522.33,UPI,D0362,IP0135,SUCCESS
T00008883,M0424,C0872,2026-01-24 15:06:18,1109.21,UPI,D0471,IP0263,SUCCESS
T00008884,M0410,C1254,2026-02-17 13:22:48,1547.9,card,D0525,IP0471,SUCCESS
T00008885,M0230,C1058,2026-03-11 12:45:52,1482.86,UPI,D0045,IP0325,SUCCESS
T00008886,M0146,C0648,2026-02-15 15:05:09,1598.07,netbanking,D0124,IP0667,SUCCESS
T00008887,M0015,C1158,2026-02-06 23:40:47,761.06,UPI,D0110,IP0273,SUCCESS
T00008888,M0036,C0531,2026-01-03 18:42:15,3685.53,wallet,D0059,IP0055,SUCCESS
T00008889,M0142,C1407,2026-03-07 18:51:54,1180.13,UPI,D0073,IP0672,SUCCESS
T00008890,M0449,C0217,2026-02-25 18:24:07,402.5,UPI,D0605,IP0275,SUCCESS
T00008891,M0076,C0958,2026-03-17 07:27:03,637.23,card,D0527,IP0303,SUCCESS
T00008892,M0425,C0597,2026-02-27 20:27:57,9004.56,netbanking,D0698,IP0608,SUCCESS
T00008893,M0256,C0777,2026-02-12 14:51:23,7299.94,UPI,D0179,IP0560,SUCCESS
T00008894,M0358,C1276,2026-02-07 23:53:49,1653.49,netbanking,D0683,IP0579,SUCCESS
T00008895,M0111,C0691,2026-01-29 16:44:15,171.43,wallet,D0436,IP0418,SUCCESS
T00008896,M0418,C1002,2026-03-17 16:05:20,3451.28,UPI,D0401,IP0649,REFUNDED
T00008897,M0071,C1154,2026-02-28 18:48:14,3642.02,card,D0378,IP0398,FAILED
T00008898,M0296,C0269,2026-01-24 14:23:23,1485.38,UPI,D0318,IP0471,SUCCESS
T00008899,M0076,C1445,2026-03-28 18:47:47,2141.33,card,D0527,IP0249,SUCCESS
T00008900,M0442,C0976,2026-01-12 19:41:56,423.67,UPI,D0408,IP0367,SUCCESS
T00008901,M0326,C1464,2026-01-19 10:45:38,2780.47,card,D0032,IP0626,SUCCESS
T00008902,M0303,C0166,2026-03-08 15:13:00,911.69,UPI,D0708,IP0422,SUCCESS
T00008903,M0159,C0141,2026-02-26 15:57:32,5160.36,netbanking,D0185,IP0046,SUCCESS
T00008904,M0289,C1229,2026-03-06 16:42:38,882.15,netbanking,D0688,IP0390,SUCCESS
T00008905,M0013,C0795,2026-02-18 08:42:32,1577.17,card,D0201,IP0663,SUCCESS
T00008906,M0274,C0338,2026-03-01 23:37:17,9980.59,card,D0672,IP0431,SUCCESS
T00008907,M0137,C0309,2026-03-04 13:19:52,988.12,UPI,D0048,IP0620,SUCCESS
T00008908,M0455,C0349,2026-03-14 17:07:09,626.44,netbanking,D0697,IP0336,SUCCESS
T00008909,M0159,C0745,2026-02-16 20:25:55,3394.17,UPI,D0404,IP0046,SUCCESS
T00008910,M0289,C0991,2026-01-19 15:21:21,2637.2,UPI,D0688,IP0707,SUCCESS
T00008911,M0001,C0136,2026-01-24 16:11:11,1037.06,netbanking,D0303,IP0415,SUCCESS
T00008912,M0402,C1077,2026-02-09 13:18:57,1646.33,card,D0424,IP0511,REFUNDED
T00008913,M0113,C0891,2026-01-01 18:10:20,1400.01,wallet,D0076,IP0635,SUCCESS
T00008914,M0500,C1275,2026-02-17 18:59:47,286.44,wallet,D0660,IP0532,SUCCESS
T00008915,M0169,C0980,2026-01-01 17:30:13,1166.67,UPI,D0458,IP0570,FAILED
T00008916,M0365,C0016,2026-01-06 17:46:50,3682.08,card,D0098,IP0175,SUCCESS
T00008917,M0487,C0887,2026-01-30 23:55:31,1792.46,card,D0707,IP0358,REFUNDED
T00008918,M0404,C0487,2026-02-14 04:02:37,354.87,UPI,D0210,IP0423,SUCCESS
T00008919,M0203,C1433,2026-02-01 18:58:59,781.89,wallet,D0173,IP0489,SUCCESS
T00008920,M0474,C0341,2026-03-04 11:48:53,975.78,card,D0294,IP0048,SUCCESS
T00008921,M0136,C0404,2026-03-10 10:29:46,1191.24,netbanking,D0481,IP0045,SUCCESS
T00008922,M0354,C0873,2026-03-16 18:26:28,4985.79,card,D0095,IP0471,SUCCESS
T00008923,M0402,C0704,2026-02-24 16:47:58,484.15,netbanking,D0639,IP0022,SUCCESS
T00008924,M0205,C0670,2026-02-13 13:32:59,394.52,card,D0526,IP0686,SUCCESS
T00008925,M0428,C0880,2026-01-24 10:57:41,532.3,card,D0621,IP0668,SUCCESS
T00008926,M0267,C0657,2026-01-31 11:57:03,692.84,wallet,D0225,IP0563,SUCCESS
T00008927,M0444,C1432,2026-02-22 11:52:45,4288.59,card,D0653,IP0296,REFUNDED
T00008928,M0138,C0424,2026-03-24 12:16:24,852.81,wallet,D0502,IP0720,SUCCESS
T00008929,M0457,C0809,2026-03-12 14:11:00,1649.81,netbanking,D0044,IP0727,SUCCESS
T00008930,M0297,C0142,2026-03-23 13:54:33,1613.15,card,D0286,IP0440,SUCCESS
T00008931,M0241,C0626,2026-03-02 16:23:41,786.17,card,D0184,IP0646,SUCCESS
T00008932,M0142,C1376,2026-02-09 12:03:49,932.66,wallet,D0092,IP0469,SUCCESS
T00008933,M0076,C1104,2026-01-27 16:26:46,426.76,UPI,D0158,IP0249,SUCCESS
T00008934,M0169,C0035,2026-01-10 17:46:19,1267.28,wallet,D0458,IP0213,SUCCESS
T00008935,M0225,C0775,2026-01-30 09:11:56,1386.57,card,D0546,IP0363,SUCCESS
T00008936,M0330,C0920,2026-01-08 14:50:27,1742.92,card,D0100,IP0631,SUCCESS
T00008937,M0392,C1144,2026-03-30 18:53:32,521.85,card,D0423,IP0273,SUCCESS
T00008938,M0026,C1292,2026-02-01 18:10:04,8094.44,card,D0278,IP0697,SUCCESS
T00008939,M0482,C0426,2026-01-31 17:24:16,15584.89,card,D0544,IP0641,SUCCESS
T00008940,M0147,C0382,2026-01-24 11:50:48,458.88,UPI,D0489,IP0082,SUCCESS
T00008941,M0369,C0773,2026-02-03 18:42:35,4145.15,UPI,D0591,IP0406,SUCCESS
T00008942,M0424,C0320,2026-02-06 15:51:31,530.01,UPI,D0746,IP0263,SUCCESS
T00008943,M0230,C0723,2026-03-24 18:42:06,1988.82,netbanking,D0700,IP0557,SUCCESS
T00008944,M0248,C1197,2026-03-14 11:37:50,687.22,UPI,D0623,IP0361,SUCCESS
T00008945,M0032,C0621,2026-03-19 12:03:03,5959.68,UPI,D0298,IP0032,SUCCESS
T00008946,M0229,C0229,2026-01-06 21:42:28,10762.63,card,D0451,IP0327,SUCCESS
T00008947,M0478,C0035,2026-03-31 17:40:02,6435.14,UPI,D0554,IP0101,SUCCESS
T00008948,M0210,C0474,2026-02-23 21:36:02,424.14,wallet,D0061,IP0481,SUCCESS
T00008949,M0458,C0632,2026-01-26 23:00:46,486.1,card,D0655,IP0704,SUCCESS
T00008950,M0380,C0258,2026-03-13 11:23:59,7705.71,netbanking,D0135,IP0182,SUCCESS
T00008951,M0452,C0543,2026-02-27 12:26:32,1333.5,UPI,D0249,IP0717,REFUNDED
T00008952,M0129,C0514,2026-02-04 17:32:57,519.91,netbanking,D0432,IP0372,SUCCESS
T00008953,M0366,C1383,2026-01-28 09:59:05,233.89,UPI,D0204,IP0187,SUCCESS
T00008954,M0075,C0568,2026-01-20 11:12:03,781.01,wallet,D0594,IP0200,SUCCESS
T00008955,M0278,C1211,2026-01-22 23:14:18,1794.58,wallet,D0298,IP0624,SUCCESS
T00008956,M0393,C1061,2026-01-03 18:51:41,3384.46,netbanking,D0119,IP0203,SUCCESS
T00008957,M0113,C1413,2026-03-05 13:48:46,8515.03,card,D0403,IP0262,SUCCESS
T00008958,M0487,C1189,2026-02-25 21:39:39,880.91,UPI,D0738,IP0068,FAILED
T00008959,M0263,C1138,2026-02-08 13:42:53,1549.53,card,D0073,IP0556,SUCCESS
T00008960,M0254,C1009,2026-01-19 13:39:11,1600.26,UPI,D0708,IP0660,SUCCESS
T00008961,M0452,C0289,2026-02-07 21:08:44,4140.48,card,D0165,IP0240,SUCCESS
T00008962,M0444,C1107,2026-02-21 12:00:53,3953.9,UPI,D0049,IP0296,SUCCESS
T00008963,M0471,C1183,2026-01-11 16:38:21,1754.0,card,D0738,IP0263,SUCCESS
T00008964,M0366,C0167,2026-02-10 09:50:27,602.04,netbanking,D0748,IP0455,SUCCESS
T00008965,M0364,C1470,2026-02-12 14:15:09,1141.36,UPI,D0656,IP0501,SUCCESS
T00008966,M0142,C0403,2026-02-06 23:33:24,2424.1,card,D0421,IP0469,SUCCESS
T00008967,M0402,C0959,2026-03-02 16:28:04,1126.7,wallet,D0645,IP0268,SUCCESS
T00008968,M0347,C0981,2026-03-08 13:18:59,742.62,UPI,D0588,IP0295,SUCCESS
T00008969,M0203,C0037,2026-02-18 23:20:57,3427.48,card,D0006,IP0076,SUCCESS
T00008970,M0487,C0987,2026-01-22 22:40:37,1146.03,wallet,D0367,IP0422,SUCCESS
T00008971,M0277,C0196,2026-01-02 14:18:22,681.13,UPI,D0104,IP0677,SUCCESS
T00008972,M0392,C0948,2026-02-17 10:54:13,391.0,card,D0423,IP0153,SUCCESS
T00008973,M0365,C0087,2026-03-27 08:59:28,1354.58,wallet,D0043,IP0228,FAILED
T00008974,M0007,C1394,2026-03-16 18:39:43,6185.15,netbanking,D0708,IP0456,SUCCESS
T00008975,M0256,C0998,2026-02-02 23:45:39,1522.35,card,D0118,IP0013,SUCCESS
T00008976,M0335,C0052,2026-02-25 13:44:55,1758.07,netbanking,D0151,IP0644,SUCCESS
T00008977,M0500,C0219,2026-01-17 15:02:31,121.72,wallet,D0675,IP0400,SUCCESS
T00008978,M0113,C0751,2026-03-17 11:47:29,791.43,UPI,D0296,IP0635,SUCCESS
T00008979,M0370,C0463,2026-01-09 18:05:05,2458.69,card,D0166,IP0175,SUCCESS
T00008980,M0248,C1084,2026-02-16 12:17:16,612.57,UPI,D0619,IP0199,SUCCESS
T00008981,M0263,C0804,2026-02-12 09:15:29,528.45,card,D0151,IP0629,SUCCESS
T00008982,M0113,C0904,2026-01-13 18:00:26,906.37,UPI,D0403,IP0635,SUCCESS
T00008983,M0297,C0094,2026-03-08 21:56:46,2764.0,UPI,D0573,IP0450,SUCCESS
T00008984,M0027,C0998,2026-03-14 13:09:26,1520.31,UPI,D0010,IP0476,SUCCESS
T00008985,M0229,C0820,2026-01-25 16:16:11,3940.81,card,D0283,IP0254,SUCCESS
T00008986,M0229,C1145,2026-01-14 23:20:28,2546.35,netbanking,D0225,IP0481,SUCCESS
T00008987,M0118,C0719,2026-02-18 09:03:03,1437.14,card,D0575,IP0292,SUCCESS
T00008988,M0499,C0967,2026-02-10 11:32:07,801.42,UPI,D0132,IP0484,SUCCESS
T00008989,M0382,C0420,2026-03-01 23:21:54,761.54,card,D0424,IP0235,SUCCESS
T00008990,M0484,C1465,2026-03-10 16:36:50,1696.89,card,D0388,IP0062,SUCCESS
T00008991,M0402,C0179,2026-03-17 10:21:29,1349.6,UPI,D0645,IP0511,SUCCESS
T00008992,M0285,C0767,2026-02-12 23:58:24,15537.59,card,D0207,IP0666,SUCCESS
T00008993,M0338,C1493,2026-02-23 17:17:42,13459.46,netbanking,D0226,IP0124,SUCCESS
T00008994,M0113,C0842,2026-01-19 19:05:23,1913.84,UPI,D0403,IP0177,SUCCESS
T00008995,M0113,C0945,2026-03-06 15:20:53,677.44,netbanking,D0403,IP0262,SUCCESS
T00008996,M0277,C0538,2026-03-08 17:13:00,2366.06,card,D0104,IP0245,SUCCESS
T00008997,M0131,C1161,2026-01-21 15:08:53,2918.18,UPI,D0061,IP0675,SUCCESS
T00008998,M0408,C0679,2026-03-07 18:07:12,1109.05,UPI,D0742,IP0336,SUCCESS
T00008999,M0169,C0551,2026-01-04 16:39:47,2512.82,card,D0642,IP0443,SUCCESS
T00009000,M0069,C0657,2026-01-18 07:45:17,898.83,UPI,D0658,IP0341,REFUNDED
T00009001,M0325,C0137,2026-02-01 07:30:34,1861.47,netbanking,D0745,IP0209,SUCCESS
T00009002,M0303,C0272,2026-03-19 13:17:00,1852.91,UPI,D0525,IP0615,SUCCESS
T00009003,M0150,C1134,2026-01-09 16:53:52,637.01,card,D0663,IP0657,SUCCESS
T00009004,M0098,C0992,2026-02-19 12:48:19,592.84,card,D0232,IP0632,SUCCESS
T00009005,M0351,C0079,2026-02-08 21:39:06,2328.74,card,D0696,IP0081,SUCCESS
T00009006,M0402,C1221,2026-03-08 12:28:45,2137.05,card,D0658,IP0568,SUCCESS
T00009007,M0126,C0218,2026-03-02 17:03:41,560.27,UPI,D0251,IP0267,SUCCESS
T00009008,M0403,C0886,2026-01-16 13:14:45,3545.38,UPI,D0736,IP0019,SUCCESS
T00009009,M0363,C0940,2026-01-26 07:43:15,15358.01,netbanking,D0265,IP0164,REFUNDED
T00009010,M0410,C0077,2026-01-26 13:14:06,710.92,netbanking,D0525,IP0471,SUCCESS
T00009011,M0046,C0847,2026-01-28 18:07:38,4014.81,card,D0700,IP0020,SUCCESS
T00009012,M0487,C1401,2026-03-02 23:14:58,1404.69,UPI,D0570,IP0081,SUCCESS
T00009013,M0364,C1108,2026-03-01 10:58:25,344.73,wallet,D0273,IP0475,SUCCESS
T00009014,M0147,C0681,2026-02-25 17:23:30,842.96,UPI,D0661,IP0082,SUCCESS
T00009015,M0449,C0019,2026-02-18 13:12:34,1236.78,UPI,D0324,IP0422,SUCCESS
T00009016,M0321,C0876,2026-02-01 09:19:12,1749.14,netbanking,D0741,IP0603,SUCCESS
T00009017,M0113,C1096,2026-02-15 09:21:42,1447.29,card,D0403,IP0156,SUCCESS
T00009018,M0442,C0641,2026-02-18 14:37:19,1079.07,UPI,D0388,IP0367,SUCCESS
T00009019,M0391,C0780,2026-02-27 18:07:06,5853.13,card,D0613,IP0373,SUCCESS
T00009020,M0165,C0829,2026-01-30 23:00:21,633.26,UPI,D0029,IP0377,FAILED
T00009021,M0303,C0842,2026-03-11 17:42:11,907.62,wallet,D0181,IP0132,SUCCESS
T00009022,M0228,C0278,2026-01-03 18:32:44,1315.46,wallet,D0450,IP0255,SUCCESS
T00009023,M0004,C0548,2026-02-23 06:36:01,1166.62,netbanking,D0032,IP0119,REFUNDED
T00009024,M0271,C0249,2026-02-08 17:41:57,559.94,wallet,D0146,IP0589,SUCCESS
T00009025,M0142,C0998,2026-01-18 20:33:47,1815.5,card,D0106,IP0672,REFUNDED
T00009026,M0113,C0162,2026-01-10 20:34:31,3121.84,card,D0403,IP0635,FAILED
T00009027,M0075,C0013,2026-02-13 09:53:08,1478.61,UPI,D0385,IP0225,SUCCESS
T00009028,M0142,C0031,2026-02-05 19:48:32,1129.19,UPI,D0441,IP0469,SUCCESS
T00009029,M0405,C0401,2026-03-28 10:14:25,997.98,UPI,D0163,IP0155,SUCCESS
T00009030,M0205,C1146,2026-02-04 14:16:43,2701.7,card,D0196,IP0386,SUCCESS
T00009031,M0104,C1056,2026-01-07 15:02:51,1593.99,UPI,D0739,IP0280,SUCCESS
T00009032,M0117,C1353,2026-01-30 11:12:52,1853.65,UPI,D0466,IP0291,SUCCESS
T00009033,M0360,C0494,2026-01-21 21:26:25,6580.16,card,D0425,IP0731,SUCCESS
T00009034,M0229,C0231,2026-03-30 17:14:23,10254.99,card,D0143,IP0481,SUCCESS
T00009035,M0347,C0273,2026-01-20 17:45:06,1969.81,UPI,D0296,IP0063,SUCCESS
T00009036,M0035,C1163,2026-01-09 10:39:50,477.0,wallet,D0729,IP0079,SUCCESS
T00009037,M0395,C0223,2026-01-14 13:46:26,374.08,card,D0056,IP0495,SUCCESS
T00009038,M0487,C0268,2026-01-15 23:27:32,4205.87,wallet,D0405,IP0109,SUCCESS
T00009039,M0411,C0290,2026-03-28 23:50:49,1581.5,card,D0350,IP0381,SUCCESS
T00009040,M0390,C1306,2026-03-20 13:00:55,1839.26,netbanking,D0292,IP0498,REFUNDED
T00009041,M0129,C1302,2026-03-01 15:09:35,1546.85,UPI,D0469,IP0372,SUCCESS
T00009042,M0229,C1428,2026-01-02 23:45:38,2688.83,card,D0395,IP0254,SUCCESS
T00009043,M0113,C0526,2026-02-24 23:18:39,9808.09,UPI,D0403,IP0262,SUCCESS
T00009044,M0405,C0978,2026-01-14 17:55:10,367.51,card,D0164,IP0456,SUCCESS
T00009045,M0402,C0274,2026-02-05 09:36:10,306.49,card,D0658,IP0511,FAILED
T00009046,M0091,C1061,2026-03-24 13:55:10,781.1,wallet,D0436,IP0122,SUCCESS
T00009047,M0402,C1193,2026-01-05 14:44:37,1085.73,card,D0424,IP0511,SUCCESS
T00009048,M0313,C1118,2026-02-10 09:19:56,16876.91,card,D0084,IP0102,SUCCESS
T00009049,M0490,C0430,2026-03-09 16:51:15,567.55,wallet,D0403,IP0086,SUCCESS
T00009050,M0492,C0111,2026-01-08 20:58:10,703.56,card,D0400,IP0532,SUCCESS
T00009051,M0062,C0049,2026-03-15 17:25:10,907.16,card,D0388,IP0285,SUCCESS
T00009052,M0430,C0815,2026-01-16 12:47:24,847.56,UPI,D0696,IP0678,SUCCESS
T00009053,M0113,C1170,2026-03-13 18:08:03,1155.53,card,D0403,IP0262,SUCCESS
T00009054,M0303,C1288,2026-01-27 23:43:09,1319.7,UPI,D0708,IP0422,SUCCESS
T00009055,M0289,C0897,2026-02-08 18:40:18,285.93,wallet,D0137,IP0159,SUCCESS
T00009056,M0161,C1294,2026-01-22 05:10:48,2697.88,UPI,D0493,IP0638,SUCCESS
T00009057,M0391,C0748,2026-01-31 07:24:05,12253.76,netbanking,D0397,IP0005,SUCCESS
T00009058,M0298,C1177,2026-03-21 12:39:29,3807.65,UPI,D0391,IP0021,SUCCESS
T00009059,M0347,C0294,2026-02-01 13:44:15,1034.23,wallet,D0274,IP0063,SUCCESS
T00009060,M0376,C1390,2026-01-29 10:46:38,1242.94,UPI,D0145,IP0207,SUCCESS
T00009061,M0229,C0715,2026-01-04 17:08:35,8888.69,UPI,D0549,IP0327,SUCCESS
T00009062,M0025,C0560,2026-02-02 13:03:08,1602.05,netbanking,D0482,IP0482,SUCCESS
T00009063,M0147,C0470,2026-01-22 15:16:47,1339.73,card,D0368,IP0082,SUCCESS
T00009064,M0118,C1000,2026-01-21 13:55:10,2950.23,UPI,D0397,IP0647,SUCCESS
T00009065,M0403,C0974,2026-03-07 13:43:29,4266.75,netbanking,D0458,IP0422,SUCCESS
T00009066,M0147,C0533,2026-01-09 10:33:03,660.68,UPI,D0262,IP0082,REFUNDED
T00009067,M0210,C1382,2026-01-21 22:50:22,864.7,netbanking,D0061,IP0040,SUCCESS
T00009068,M0252,C0508,2026-02-25 13:13:11,983.22,card,D0539,IP0592,SUCCESS
T00009069,M0430,C1258,2026-01-23 16:17:50,1339.24,card,D0427,IP0618,SUCCESS
T00009070,M0437,C0813,2026-01-30 19:14:40,734.2,card,D0576,IP0449,SUCCESS
T00009071,M0142,C0390,2026-01-10 16:36:52,193.26,card,D0130,IP0469,SUCCESS
T00009072,M0229,C1128,2026-01-12 18:09:54,6043.62,UPI,D0248,IP0327,SUCCESS
T00009073,M0147,C1329,2026-02-22 14:39:32,665.06,UPI,D0489,IP0728,SUCCESS
T00009074,M0487,C0991,2026-01-19 16:29:02,375.26,card,D0405,IP0081,SUCCESS
T00009075,M0297,C0707,2026-01-13 19:53:03,3077.33,UPI,D0449,IP0148,SUCCESS
T00009076,M0001,C0364,2026-01-04 09:55:13,4482.64,UPI,D0471,IP0706,SUCCESS
T00009077,M0071,C0223,2026-03-15 05:53:23,4884.7,card,D0035,IP0570,SUCCESS
T00009078,M0443,C0406,2026-03-07 12:58:32,6654.86,netbanking,D0514,IP0368,SUCCESS
T00009079,M0226,C1405,2026-03-08 14:33:36,1578.97,UPI,D0004,IP0264,REFUNDED
T00009080,M0466,C1210,2026-01-25 12:09:02,2072.55,netbanking,D0061,IP0554,SUCCESS
T00009081,M0365,C0798,2026-01-03 08:54:38,662.94,card,D0369,IP0175,SUCCESS
T00009082,M0297,C1223,2026-02-09 13:06:25,569.6,netbanking,D0041,IP0425,SUCCESS
T00009083,M0424,C1496,2026-02-10 09:34:00,1612.59,UPI,D0442,IP0263,SUCCESS
T00009084,M0398,C1248,2026-02-20 21:58:49,1140.27,card,D0287,IP0187,SUCCESS
T00009085,M0321,C1378,2026-02-11 11:12:42,783.06,netbanking,D0570,IP0112,SUCCESS
T00009086,M0066,C0512,2026-02-15 23:27:31,1231.28,wallet,D0054,IP0295,SUCCESS
T00009087,M0424,C0619,2026-03-16 23:05:41,470.49,card,D0442,IP0125,SUCCESS
T00009088,M0428,C0147,2026-01-28 11:01:32,3182.88,netbanking,D0383,IP0090,SUCCESS
T00009089,M0456,C0646,2026-03-10 23:16:06,6473.64,card,D0253,IP0638,SUCCESS
T00009090,M0075,C0389,2026-01-27 19:45:22,1856.17,netbanking,D0118,IP0200,SUCCESS
T00009091,M0487,C1253,2026-02-07 20:38:16,1502.3,UPI,D0367,IP0530,SUCCESS
T00009092,M0248,C0028,2026-01-06 09:06:39,1951.95,card,D0733,IP0420,SUCCESS
T00009093,M0141,C1334,2026-03-22 15:45:39,1601.46,UPI,D0481,IP0695,SUCCESS
T00009094,M0382,C1438,2026-03-26 16:22:52,464.85,card,D0524,IP0372,SUCCESS
T00009095,M0410,C1126,2026-03-19 23:04:46,3148.15,card,D0526,IP0720,SUCCESS
T00009096,M0001,C1098,2026-03-14 20:49:18,1228.59,netbanking,D0061,IP0339,SUCCESS
T00009097,M0189,C0774,2026-01-01 10:53:58,4203.43,UPI,D0326,IP0323,SUCCESS
T00009098,M0263,C0407,2026-03-15 15:24:49,491.85,card,D0650,IP0629,SUCCESS
T00009099,M0440,C1169,2026-03-02 19:44:42,8649.81,card,D0160,IP0448,SUCCESS
T00009100,M0013,C0645,2026-03-26 13:28:59,2247.51,wallet,D0665,IP0704,SUCCESS
T00009101,M0403,C0714,2026-01-07 15:31:02,4307.34,card,D0624,IP0566,SUCCESS
T00009102,M0478,C0902,2026-03-23 17:37:56,5690.68,netbanking,D0391,IP0257,SUCCESS
T00009103,M0480,C0208,2026-01-06 12:54:57,641.07,UPI,D0450,IP0202,SUCCESS
T00009104,M0142,C0058,2026-01-31 14:14:31,262.84,UPI,D0441,IP0672,SUCCESS
T00009105,M0343,C0432,2026-02-14 11:50:41,714.25,UPI,D0258,IP0717,SUCCESS
T00009106,M0269,C0229,2026-01-23 18:15:35,6233.6,card,D0224,IP0465,SUCCESS
T00009107,M0341,C0516,2026-01-13 21:24:58,621.18,UPI,D0234,IP0245,SUCCESS
T00009108,M0303,C0476,2026-01-05 13:23:09,1245.9,UPI,D0181,IP0456,SUCCESS
T00009109,M0466,C1210,2026-03-02 04:51:19,6692.05,UPI,D0061,IP0726,SUCCESS
T00009110,M0400,C1380,2026-02-07 22:14:56,279.34,UPI,D0036,IP0288,SUCCESS
T00009111,M0303,C0221,2026-01-30 17:21:39,1226.29,UPI,D0271,IP0605,SUCCESS
T00009112,M0499,C0544,2026-03-26 05:50:30,262.33,UPI,D0160,IP0484,SUCCESS
T00009113,M0480,C0525,2026-02-17 15:03:52,432.23,UPI,D0642,IP0295,SUCCESS
T00009114,M0113,C0015,2026-03-17 12:06:32,503.02,netbanking,D0296,IP0635,FAILED
T00009115,M0355,C0792,2026-03-15 18:48:16,555.18,UPI,D0631,IP0057,REFUNDED
T00009116,M0478,C1300,2026-02-19 21:29:07,9184.61,card,D0293,IP0257,FAILED
T00009117,M0437,C1092,2026-01-13 11:25:28,4225.48,card,D0480,IP0295,SUCCESS
T00009118,M0456,C0979,2026-03-23 07:23:58,3657.98,card,D0253,IP0160,REFUNDED
T00009119,M0342,C0468,2026-02-04 13:49:58,562.89,card,D0175,IP0610,SUCCESS
T00009120,M0058,C1057,2026-03-24 12:33:45,1440.32,wallet,D0522,IP0170,SUCCESS
T00009121,M0012,C1485,2026-02-15 19:01:04,1896.96,UPI,D0234,IP0009,SUCCESS
T00009122,M0173,C0137,2026-03-31 18:11:02,2127.46,card,D0562,IP0693,SUCCESS
T00009123,M0341,C0705,2026-01-26 20:41:48,1719.9,wallet,D0683,IP0096,SUCCESS
T00009124,M0478,C0113,2026-01-22 19:21:09,6276.87,UPI,D0194,IP0101,SUCCESS
T00009125,M0224,C0668,2026-02-19 20:38:26,753.14,UPI,D0107,IP0523,SUCCESS
T00009126,M0347,C0093,2026-02-01 15:03:13,7562.84,card,D0588,IP0034,SUCCESS
T00009127,M0297,C0169,2026-03-05 17:58:10,7437.41,UPI,D0573,IP0008,SUCCESS
T00009128,M0144,C0833,2026-03-25 13:02:40,14734.53,UPI,D0264,IP0562,SUCCESS
T00009129,M0176,C0728,2026-01-15 22:02:06,10089.0,card,D0477,IP0282,SUCCESS
T00009130,M0212,C0582,2026-02-27 23:10:50,6241.14,card,D0305,IP0573,SUCCESS
T00009131,M0405,C0249,2026-02-21 17:10:53,1658.11,netbanking,D0015,IP0734,SUCCESS
T00009132,M0366,C1449,2026-02-09 12:58:53,284.71,UPI,D0204,IP0637,FAILED
T00009133,M0267,C1494,2026-01-17 11:40:05,1983.14,card,D0055,IP0211,SUCCESS
T00009134,M0492,C0938,2026-03-02 13:35:02,1504.45,card,D0078,IP0683,SUCCESS
T00009135,M0170,C0337,2026-03-28 17:33:28,583.86,UPI,D0159,IP0158,SUCCESS
T00009136,M0400,C1273,2026-02-08 15:02:36,1087.88,UPI,D0547,IP0215,SUCCESS
T00009137,M0077,C0328,2026-03-16 21:11:10,1890.53,UPI,D0180,IP0332,SUCCESS
T00009138,M0254,C0526,2026-02-27 13:58:11,1710.29,wallet,D0391,IP0307,SUCCESS
T00009139,M0410,C1274,2026-03-07 07:35:20,1382.61,card,D0552,IP0189,FAILED
T00009140,M0272,C0389,2026-03-15 12:36:02,3115.15,card,D0471,IP0284,SUCCESS
T00009141,M0325,C1374,2026-03-22 22:36:19,319.63,card,D0604,IP0614,SUCCESS
T00009142,M0271,C0625,2026-01-31 14:42:33,516.84,UPI,D0146,IP0248,SUCCESS
T00009143,M0142,C1327,2026-02-16 20:11:49,224.16,UPI,D0159,IP0672,SUCCESS
T00009144,M0446,C1269,2026-02-14 12:16:38,781.78,netbanking,D0423,IP0552,SUCCESS
T00009145,M0365,C0301,2026-03-15 12:54:19,779.98,wallet,D0414,IP0469,SUCCESS
T00009146,M0402,C1482,2026-02-08 13:31:54,5928.9,UPI,D0203,IP0568,SUCCESS
T00009147,M0480,C0649,2026-02-02 11:55:22,2178.05,UPI,D0695,IP0746,SUCCESS
T00009148,M0376,C0001,2026-01-09 16:00:46,809.27,UPI,D0677,IP0402,SUCCESS
T00009149,M0047,C0628,2026-01-10 15:18:06,369.76,UPI,D0746,IP0637,SUCCESS
T00009150,M0352,C1443,2026-03-03 17:53:08,4089.29,card,D0598,IP0450,SUCCESS
T00009151,M0289,C0991,2026-01-10 23:34:43,362.84,UPI,D0688,IP0579,SUCCESS
T00009152,M0142,C0500,2026-02-14 18:28:15,1839.44,UPI,D0247,IP0469,SUCCESS
T00009153,M0328,C0196,2026-03-31 23:10:43,215.66,UPI,D0130,IP0141,SUCCESS
T00009154,M0366,C0072,2026-01-11 04:35:56,1054.58,UPI,D0204,IP0545,SUCCESS
T00009155,M0303,C0571,2026-01-04 21:16:30,229.41,UPI,D0708,IP0456,SUCCESS
T00009156,M0113,C1111,2026-03-13 19:09:12,1840.96,UPI,D0296,IP0262,SUCCESS
T00009157,M0354,C0968,2026-01-27 22:56:58,13202.65,card,D0083,IP0034,SUCCESS
T00009158,M0015,C1179,2026-02-01 18:33:27,1524.01,UPI,D0470,IP0351,SUCCESS
T00009159,M0113,C1131,2026-01-12 18:53:28,1016.11,wallet,D0092,IP0262,SUCCESS
T00009160,M0420,C1481,2026-03-21 16:51:47,2421.88,card,D0015,IP0372,SUCCESS
T00009161,M0279,C0351,2026-01-14 14:34:30,820.05,netbanking,D0382,IP0561,SUCCESS
T00009162,M0327,C0003,2026-01-06 18:09:40,2395.1,netbanking,D0048,IP0456,SUCCESS
T00009163,M0200,C1272,2026-01-18 17:49:34,1445.52,UPI,D0477,IP0466,SUCCESS
T00009164,M0308,C1063,2026-01-15 23:42:23,4592.58,card,D0708,IP0422,FAILED
T00009165,M0021,C0274,2026-03-13 23:52:32,16504.22,card,D0266,IP0347,SUCCESS
T00009166,M0015,C0715,2026-02-02 17:26:05,810.75,card,D0579,IP0288,SUCCESS
T00009167,M0465,C1008,2026-02-03 20:35:01,143166.63,card,D0394,IP0238,SUCCESS
T00009168,M0167,C0533,2026-03-24 22:09:38,1236.84,UPI,D0085,IP0680,SUCCESS
T00009169,M0424,C1477,2026-03-18 13:04:56,716.5,UPI,D0463,IP0125,SUCCESS
T00009170,M0290,C0879,2026-02-26 11:52:42,1608.14,UPI,D0397,IP0457,SUCCESS
T00009171,M0055,C1062,2026-01-20 14:12:54,4585.85,UPI,D0099,IP0288,SUCCESS
T00009172,M0045,C0856,2026-01-01 11:26:42,860.06,card,D0715,IP0375,REFUNDED
T00009173,M0042,C1114,2026-02-20 20:21:28,528.76,wallet,D0292,IP0592,SUCCESS
T00009174,M0288,C0151,2026-02-04 10:28:18,321.71,UPI,D0207,IP0750,SUCCESS
T00009175,M0195,C1283,2026-03-26 15:47:59,410.29,UPI,D0034,IP0518,SUCCESS
T00009176,M0488,C0303,2026-01-23 19:37:48,6093.11,UPI,D0588,IP0590,SUCCESS
T00009177,M0076,C1170,2026-01-24 09:41:53,660.78,UPI,D0397,IP0303,FAILED
T00009178,M0224,C1036,2026-01-20 13:42:20,1587.29,UPI,D0069,IP0523,SUCCESS
T00009179,M0010,C0900,2026-01-15 14:46:07,1180.36,UPI,D0060,IP0682,SUCCESS
T00009180,M0339,C1354,2026-01-29 14:48:38,1518.48,card,D0421,IP0599,SUCCESS
T00009181,M0075,C0177,2026-02-16 14:02:48,837.87,UPI,D0385,IP0692,SUCCESS
T00009182,M0370,C0035,2026-02-12 09:21:02,2734.84,card,D0537,IP0013,SUCCESS
T00009183,M0386,C1086,2026-01-01 11:29:55,1139.0,card,D0598,IP0659,SUCCESS
T00009184,M0491,C0651,2026-03-31 17:49:52,2471.11,UPI,D0048,IP0215,SUCCESS
T00009185,M0142,C1443,2026-03-15 23:15:51,3417.59,wallet,D0441,IP0672,SUCCESS
T00009186,M0363,C1430,2026-01-03 14:03:15,759.61,UPI,D0282,IP0277,SUCCESS
T00009187,M0174,C0163,2026-02-10 15:37:40,385.2,UPI,D0533,IP0417,SUCCESS
T00009188,M0174,C1323,2026-03-07 18:06:13,3238.46,UPI,D0650,IP0417,FAILED
T00009189,M0443,C0695,2026-02-03 14:00:33,9034.82,UPI,D0148,IP0579,SUCCESS
T00009190,M0453,C0077,2026-01-29 09:07:33,1628.01,card,D0166,IP0170,SUCCESS
T00009191,M0159,C0654,2026-01-03 11:33:09,1408.77,UPI,D0112,IP0723,SUCCESS
T00009192,M0330,C0920,2026-02-22 18:46:53,868.73,UPI,D0368,IP0168,SUCCESS
T00009193,M0402,C0707,2026-01-22 19:25:36,943.48,card,D0598,IP0511,REFUNDED
T00009194,M0201,C0714,2026-01-13 17:50:11,6748.06,card,D0263,IP0562,SUCCESS
T00009195,M0113,C0229,2026-02-18 18:21:36,1678.36,wallet,D0403,IP0156,SUCCESS
T00009196,M0424,C1462,2026-01-01 12:57:03,2176.58,card,D0442,IP0622,SUCCESS
T00009197,M0296,C1275,2026-01-03 11:43:09,1763.39,netbanking,D0399,IP0471,SUCCESS
T00009198,M0165,C0851,2026-02-22 16:07:26,635.69,UPI,D0121,IP0377,SUCCESS
T00009199,M0015,C1157,2026-03-02 13:59:15,2774.59,UPI,D0110,IP0351,FAILED
T00009200,M0444,C0914,2026-01-20 20:23:56,3768.7,UPI,D0406,IP0075,REFUNDED
T00009201,M0250,C0646,2026-03-24 12:27:02,2040.55,UPI,D0520,IP0703,SUCCESS
T00009202,M0303,C1049,2026-03-16 17:18:16,692.75,UPI,D0708,IP0456,SUCCESS
T00009203,M0101,C1429,2026-01-09 14:57:43,669.79,UPI,D0645,IP0563,SUCCESS
T00009204,M0065,C0113,2026-02-09 23:36:22,3073.08,netbanking,D0336,IP0659,SUCCESS
T00009205,M0205,C1218,2026-02-03 15:12:44,3750.48,card,D0526,IP0147,FAILED
T00009206,M0142,C0957,2026-03-13 13:04:28,2413.77,UPI,D0441,IP0469,SUCCESS
T00009207,M0015,C0465,2026-02-08 23:49:46,563.49,wallet,D0640,IP0111,SUCCESS
T00009208,M0119,C0350,2026-01-26 09:49:54,370.34,card,D0740,IP0692,SUCCESS
T00009209,M0362,C0468,2026-03-07 18:25:06,2445.02,UPI,D0526,IP0005,SUCCESS
T00009210,M0147,C0446,2026-02-24 17:42:08,2824.32,UPI,D0489,IP0082,SUCCESS
T00009211,M0487,C0619,2026-03-15 18:56:00,1317.71,wallet,D0570,IP0541,SUCCESS
T00009212,M0462,C1461,2026-02-03 13:46:44,2333.6,UPI,D0716,IP0480,SUCCESS
T00009213,M0203,C0048,2026-03-08 15:55:16,826.37,UPI,D0042,IP0489,SUCCESS
T00009214,M0416,C0535,2026-03-09 08:39:05,397.94,UPI,D0231,IP0732,SUCCESS
T00009215,M0120,C0332,2026-03-10 18:22:17,13344.62,netbanking,D0540,IP0374,SUCCESS
T00009216,M0263,C0336,2026-02-08 13:38:58,751.93,UPI,D0328,IP0210,SUCCESS
T00009217,M0242,C0836,2026-01-16 12:24:51,12911.3,netbanking,D0532,IP0372,SUCCESS
T00009218,M0447,C0684,2026-02-19 14:43:19,1548.42,wallet,D0734,IP0211,SUCCESS
T00009219,M0229,C0605,2026-02-24 10:34:26,13116.45,card,D0283,IP0327,SUCCESS
T00009220,M0113,C1175,2026-01-25 14:47:05,861.6,card,D0296,IP0635,SUCCESS
T00009221,M0380,C1240,2026-02-16 17:27:27,1492.2,wallet,D0135,IP0251,SUCCESS
T00009222,M0357,C0776,2026-01-18 10:44:42,5571.09,netbanking,D0198,IP0704,SUCCESS
T00009223,M0185,C1083,2026-02-25 10:38:00,4070.94,UPI,D0296,IP0696,SUCCESS
T00009224,M0402,C1261,2026-03-10 13:22:04,536.42,UPI,D0658,IP0568,SUCCESS
T00009225,M0356,C0693,2026-02-15 15:37:12,744.83,UPI,D0117,IP0606,SUCCESS
T00009226,M0113,C1113,2026-03-01 15:18:05,1031.59,card,D0296,IP0262,SUCCESS
T00009227,M0131,C1465,2026-03-09 14:34:30,5888.08,card,D0061,IP0249,SUCCESS
T00009228,M0364,C1304,2026-01-15 09:03:46,805.83,wallet,D0595,IP0042,SUCCESS
T00009229,M0330,C1361,2026-01-15 14:04:44,1013.72,netbanking,D0100,IP0291,SUCCESS
T00009230,M0018,C1071,2026-03-11 13:48:04,356.34,netbanking,D0273,IP0002,SUCCESS
T00009231,M0147,C0657,2026-01-21 20:37:03,1056.62,wallet,D0689,IP0315,SUCCESS
T00009232,M0075,C0870,2026-02-18 06:56:55,358.97,card,D0615,IP0692,SUCCESS
T00009233,M0487,C0933,2026-03-02 10:52:50,1186.87,card,D0405,IP0563,SUCCESS
T00009234,M0275,C0661,2026-02-02 10:37:50,4343.14,card,D0605,IP0260,FAILED
T00009235,M0289,C1470,2026-03-28 19:45:58,806.63,card,D0688,IP0707,REFUNDED
T00009236,M0113,C1059,2026-01-13 15:44:44,854.56,wallet,D0296,IP0635,FAILED
T00009237,M0263,C1448,2026-02-08 17:48:36,2637.16,netbanking,D0255,IP0210,SUCCESS
T00009238,M0487,C0868,2026-03-01 17:07:39,561.09,UPI,D0367,IP0027,FAILED
T00009239,M0444,C0062,2026-02-14 11:48:51,5241.48,card,D0614,IP0620,FAILED
T00009240,M0274,C0699,2026-03-01 23:16:09,4392.25,card,D0731,IP0657,SUCCESS
T00009241,M0450,C0056,2026-01-18 20:54:33,9969.01,card,D0151,IP0333,SUCCESS
T00009242,M0235,C0749,2026-03-13 19:08:57,3401.22,UPI,D0732,IP0550,SUCCESS
T00009243,M0338,C0660,2026-02-03 08:13:04,3295.43,UPI,D0226,IP0668,FAILED
T00009244,M0216,C0406,2026-01-30 07:00:23,2254.18,netbanking,D0454,IP0584,REFUNDED
T00009245,M0370,C0608,2026-03-14 18:15:23,1796.53,UPI,D0537,IP0174,SUCCESS
T00009246,M0380,C1211,2026-03-16 16:49:13,1109.76,card,D0039,IP0182,SUCCESS
T00009247,M0076,C1164,2026-03-07 19:12:44,1251.07,UPI,D0158,IP0303,SUCCESS
T00009248,M0461,C0300,2026-03-23 23:04:10,4598.82,netbanking,D0339,IP0488,SUCCESS
T00009249,M0147,C1170,2026-03-04 13:11:02,1309.16,UPI,D0661,IP0245,REFUNDED
T00009250,M0405,C0631,2026-02-08 13:35:53,38702.43,UPI,D0015,IP0456,SUCCESS
T00009251,M0480,C0805,2026-03-02 18:48:42,273.71,UPI,D0450,IP0295,SUCCESS
T00009252,M0169,C0751,2026-02-14 09:48:17,884.95,card,D0458,IP0570,SUCCESS
T00009253,M0487,C1424,2026-03-23 18:10:18,1026.79,UPI,D0570,IP0541,SUCCESS
T00009254,M0410,C0098,2026-03-20 11:10:05,1500.22,UPI,D0552,IP0471,SUCCESS
T00009255,M0400,C1420,2026-02-06 21:10:45,1352.32,UPI,D0355,IP0264,SUCCESS
T00009256,M0076,C1395,2026-03-12 11:41:28,1611.57,netbanking,D0167,IP0249,SUCCESS
T00009257,M0261,C1291,2026-03-09 21:36:44,2789.87,UPI,D0707,IP0538,SUCCESS
T00009258,M0267,C0249,2026-01-04 08:10:41,790.49,card,D0055,IP0071,SUCCESS
T00009259,M0457,C0225,2026-01-22 15:52:42,1037.14,card,D0262,IP0222,SUCCESS
T00009260,M0279,C1267,2026-02-23 09:54:15,973.85,UPI,D0269,IP0560,SUCCESS
T00009261,M0216,C0864,2026-03-30 08:00:38,10358.2,netbanking,D0479,IP0584,SUCCESS
T00009262,M0238,C1077,2026-01-11 19:26:54,5915.72,wallet,D0546,IP0439,SUCCESS
T00009263,M0487,C1339,2026-03-07 19:31:27,1785.78,card,D0405,IP0220,SUCCESS
T00009264,M0339,C0153,2026-01-25 16:26:21,325.8,UPI,D0518,IP0355,REFUNDED
T00009265,M0286,C0992,2026-03-28 10:31:44,211.0,UPI,D0698,IP0417,SUCCESS
T00009266,M0405,C0741,2026-02-27 11:46:28,2358.26,wallet,D0164,IP0155,SUCCESS
T00009267,M0165,C1124,2026-02-03 21:59:15,862.55,UPI,D0189,IP0165,SUCCESS
T00009268,M0443,C0526,2026-01-17 09:17:03,3831.93,netbanking,D0115,IP0368,FAILED
T00009269,M0347,C0723,2026-03-13 10:54:55,786.36,UPI,D0206,IP0214,SUCCESS
T00009270,M0153,C0431,2026-03-31 21:55:15,236.21,UPI,D0326,IP0283,SUCCESS
T00009271,M0075,C0572,2026-01-02 19:10:58,429.99,UPI,D0385,IP0692,SUCCESS
T00009272,M0288,C1127,2026-01-03 10:38:12,1450.83,wallet,D0207,IP0377,SUCCESS
T00009273,M0405,C0274,2026-03-10 15:13:14,783.25,UPI,D0268,IP0734,SUCCESS
T00009274,M0190,C0255,2026-03-13 17:41:53,1186.31,wallet,D0057,IP0735,SUCCESS
T00009275,M0487,C1082,2026-01-14 19:59:26,1478.03,UPI,D0738,IP0224,SUCCESS
T00009276,M0298,C0662,2026-03-11 19:36:34,1198.31,UPI,D0391,IP0021,SUCCESS
T00009277,M0441,C1337,2026-03-21 18:42:38,528.45,wallet,D0369,IP0108,SUCCESS
T00009278,M0092,C0070,2026-03-03 14:50:50,3204.66,card,D0649,IP0476,SUCCESS
T00009279,M0303,C0323,2026-03-25 13:02:08,543.01,UPI,D0271,IP0488,SUCCESS
T00009280,M0488,C0878,2026-03-19 13:04:20,3074.8,UPI,D0038,IP0049,SUCCESS
T00009281,M0248,C1059,2026-03-17 13:01:49,927.08,UPI,D0369,IP0340,SUCCESS
T00009282,M0410,C1431,2026-03-30 15:05:56,3984.39,card,D0525,IP0471,SUCCESS
T00009283,M0380,C1216,2026-01-30 16:37:43,4194.16,UPI,D0472,IP0007,SUCCESS
T00009284,M0201,C0714,2026-02-23 14:28:54,19436.34,UPI,D0263,IP0435,SUCCESS
T00009285,M0427,C0890,2026-01-24 19:07:20,5940.75,netbanking,D0067,IP0057,SUCCESS
T00009286,M0249,C0603,2026-03-18 17:28:43,564.9,card,D0004,IP0241,SUCCESS
T00009287,M0216,C0327,2026-02-19 10:16:35,8968.48,netbanking,D0158,IP0584,SUCCESS
T00009288,M0365,C0887,2026-03-25 19:50:53,1964.67,card,D0653,IP0469,SUCCESS
T00009289,M0137,C1486,2026-02-22 13:58:49,3581.99,UPI,D0048,IP0295,REFUNDED
T00009290,M0468,C1074,2026-01-17 10:40:40,1921.22,UPI,D0455,IP0676,SUCCESS
T00009291,M0048,C1212,2026-02-24 09:11:05,980.43,netbanking,D0270,IP0176,SUCCESS
T00009292,M0459,C0314,2026-01-30 12:25:57,3709.62,netbanking,D0175,IP0692,SUCCESS
T00009293,M0302,C0774,2026-01-21 17:14:33,550.04,card,D0341,IP0111,SUCCESS
T00009294,M0366,C0512,2026-02-02 12:55:08,437.56,UPI,D0748,IP0545,SUCCESS
T00009295,M0487,C1050,2026-02-01 11:16:51,667.0,UPI,D0367,IP0081,FAILED
T00009296,M0487,C0931,2026-03-01 14:47:54,1333.81,UPI,D0405,IP0116,SUCCESS
T00009297,M0442,C1375,2026-02-22 12:47:11,9864.23,UPI,D0458,IP0294,SUCCESS
T00009298,M0405,C0317,2026-01-08 17:52:33,2364.19,UPI,D0268,IP0289,SUCCESS
T00009299,M0312,C0972,2026-02-17 12:03:45,165.83,UPI,D0721,IP0053,REFUNDED
T00009300,M0142,C1235,2026-01-25 17:08:12,1571.72,UPI,D0301,IP0075,REFUNDED
T00009301,M0248,C0319,2026-01-25 10:19:44,367.11,UPI,D0013,IP0420,SUCCESS
T00009302,M0319,C0728,2026-01-06 11:59:37,608.08,card,D0613,IP0716,SUCCESS
T00009303,M0146,C1436,2026-02-28 20:49:16,3315.83,card,D0252,IP0268,SUCCESS
T00009304,M0331,C0240,2026-03-01 09:39:24,8955.32,netbanking,D0698,IP0492,SUCCESS
T00009305,M0305,C1315,2026-01-13 10:49:56,1414.54,UPI,D0290,IP0001,SUCCESS
T00009306,M0386,C0064,2026-02-26 12:41:44,1435.58,UPI,D0718,IP0045,SUCCESS
T00009307,M0352,C1349,2026-02-13 11:49:47,3077.96,card,D0598,IP0450,SUCCESS
T00009308,M0444,C1286,2026-03-12 18:17:28,2713.89,UPI,D0406,IP0296,SUCCESS
T00009309,M0233,C1122,2026-02-28 19:50:33,1874.78,card,D0397,IP0530,SUCCESS
T00009310,M0318,C1169,2026-03-16 11:44:34,8601.34,netbanking,D0708,IP0630,FAILED
T00009311,M0333,C0884,2026-03-19 14:04:33,2398.83,card,D0382,IP0205,SUCCESS
T00009312,M0203,C0387,2026-01-19 17:01:35,195.33,card,D0006,IP0283,SUCCESS
T00009313,M0364,C0569,2026-01-28 15:06:25,424.3,UPI,D0215,IP0440,SUCCESS
T00009314,M0195,C1284,2026-02-13 11:42:06,1937.64,UPI,D0112,IP0114,SUCCESS
T00009315,M0410,C0402,2026-03-20 15:47:03,813.15,UPI,D0526,IP0565,SUCCESS
T00009316,M0468,C1272,2026-03-20 08:44:24,726.73,UPI,D0455,IP0177,SUCCESS
T00009317,M0147,C0379,2026-02-13 10:40:46,965.21,UPI,D0661,IP0082,SUCCESS
T00009318,M0325,C1162,2026-01-11 13:58:44,965.24,card,D0556,IP0486,SUCCESS
T00009319,M0444,C0519,2026-03-20 13:58:41,3614.76,UPI,D0653,IP0078,SUCCESS
T00009320,M0324,C0359,2026-01-29 20:31:10,843.65,card,D0055,IP0408,SUCCESS
T00009321,M0234,C0913,2026-02-18 23:17:21,5167.47,card,D0114,IP0027,SUCCESS
T00009322,M0378,C0365,2026-01-07 16:48:11,516.05,UPI,D0319,IP0488,SUCCESS
T00009323,M0229,C0380,2026-02-18 20:35:48,5844.72,netbanking,D0556,IP0481,SUCCESS
T00009324,M0272,C0327,2026-01-22 12:50:25,972.64,card,D0299,IP0362,SUCCESS
T00009325,M0494,C1290,2026-03-08 18:07:37,2130.24,card,D0186,IP0744,SUCCESS
T00009326,M0214,C0374,2026-01-10 11:08:03,3160.06,UPI,D0154,IP0378,SUCCESS
T00009327,M0468,C0763,2026-03-07 09:29:02,490.75,UPI,D0455,IP0671,SUCCESS
T00009328,M0402,C1179,2026-03-04 18:06:30,1690.06,UPI,D0122,IP0568,FAILED
T00009329,M0234,C1261,2026-02-03 22:03:26,9693.1,card,D0524,IP0027,SUCCESS
T00009330,M0464,C0818,2026-03-16 16:13:31,598.13,card,D0046,IP0476,SUCCESS
T00009331,M0113,C0526,2026-03-29 17:56:27,947.49,UPI,D0403,IP0635,SUCCESS
T00009332,M0482,C0368,2026-03-31 09:18:23,4232.78,UPI,D0655,IP0431,SUCCESS
T00009333,M0381,C0598,2026-01-15 15:19:56,856.46,UPI,D0546,IP0207,SUCCESS
T00009334,M0303,C0166,2026-02-14 23:10:26,611.65,wallet,D0708,IP0292,SUCCESS
T00009335,M0254,C0447,2026-03-26 14:36:31,1089.49,netbanking,D0631,IP0709,SUCCESS
T00009336,M0478,C0540,2026-02-01 23:32:06,5118.46,card,D0391,IP0257,SUCCESS
T00009337,M0424,C0828,2026-01-10 08:12:35,1531.59,card,D0463,IP0263,SUCCESS
T00009338,M0303,C1474,2026-01-09 18:37:51,2927.43,UPI,D0708,IP0227,SUCCESS
T00009339,M0424,C0452,2026-03-06 12:32:50,592.28,netbanking,D0463,IP0263,SUCCESS
T00009340,M0303,C1292,2026-02-25 13:30:42,669.79,card,D0046,IP0211,SUCCESS
T00009341,M0395,C0030,2026-02-16 13:54:08,1137.88,wallet,D0248,IP0495,SUCCESS
T00009342,M0355,C1386,2026-03-31 23:58:36,2959.25,card,D0422,IP0510,SUCCESS
T00009343,M0129,C0633,2026-01-13 10:03:57,334.65,card,D0603,IP0094,SUCCESS
T00009344,M0141,C1302,2026-01-31 19:06:11,710.95,card,D0295,IP0155,SUCCESS
T00009345,M0390,C1252,2026-03-12 17:57:33,1064.65,UPI,D0509,IP0529,SUCCESS
T00009346,M0165,C1389,2026-03-27 20:17:37,1278.97,wallet,D0189,IP0165,SUCCESS
T00009347,M0455,C0664,2026-01-30 13:08:52,1325.43,card,D0113,IP0336,SUCCESS
T00009348,M0297,C1015,2026-03-08 20:56:39,749.98,card,D0286,IP0425,SUCCESS
T00009349,M0104,C1467,2026-01-15 16:44:26,616.96,card,D0739,IP0351,SUCCESS
T00009350,M0405,C0978,2026-03-03 17:15:59,3258.33,UPI,D0164,IP0351,SUCCESS
T00009351,M0403,C0623,2026-02-19 20:11:03,6377.6,netbanking,D0477,IP0375,SUCCESS
T00009352,M0359,C0143,2026-01-08 20:37:27,620.56,UPI,D0239,IP0242,SUCCESS
T00009353,M0469,C0305,2026-02-17 16:43:14,460.64,UPI,D0082,IP0439,SUCCESS
T00009354,M0403,C0541,2026-01-07 21:25:25,6877.26,netbanking,D0701,IP0019,SUCCESS
T00009355,M0410,C0603,2026-02-13 11:03:05,1282.36,UPI,D0525,IP0471,FAILED
T00009356,M0289,C0388,2026-02-06 10:50:59,1894.18,UPI,D0654,IP0579,FAILED
T00009357,M0405,C0876,2026-01-03 14:35:37,285.87,UPI,D0164,IP0464,SUCCESS
T00009358,M0241,C0130,2026-01-02 06:33:28,1812.46,UPI,D0206,IP0469,SUCCESS
T00009359,M0254,C0566,2026-01-01 16:45:19,598.78,UPI,D0631,IP0158,SUCCESS
T00009360,M0330,C1325,2026-03-14 09:35:49,289.16,card,D0368,IP0631,SUCCESS
T00009361,M0405,C0170,2026-01-09 09:20:37,1900.88,netbanking,D0268,IP0115,SUCCESS
T00009362,M0072,C0386,2026-01-22 11:19:32,303.91,card,D0038,IP0593,SUCCESS
T00009363,M0276,C1415,2026-02-11 10:30:51,1024.97,UPI,D0470,IP0710,SUCCESS
T00009364,M0008,C0160,2026-02-26 13:27:19,6602.34,card,D0621,IP0172,SUCCESS
T00009365,M0288,C0784,2026-01-02 09:00:14,946.33,wallet,D0207,IP0561,SUCCESS
T00009366,M0246,C1254,2026-01-10 10:10:43,1437.27,card,D0734,IP0606,SUCCESS
T00009367,M0042,C0735,2026-02-09 06:10:11,2425.07,UPI,D0483,IP0425,SUCCESS
T00009368,M0204,C0041,2026-03-19 09:37:47,808.26,netbanking,D0397,IP0320,SUCCESS
T00009369,M0165,C1309,2026-01-30 17:02:45,709.26,wallet,D0730,IP0165,SUCCESS
T00009370,M0455,C0664,2026-03-06 12:09:00,1101.24,wallet,D0549,IP0604,SUCCESS
T00009371,M0248,C1109,2026-01-14 17:16:44,487.49,UPI,D0445,IP0019,SUCCESS
T00009372,M0069,C0184,2026-03-06 14:27:42,1066.35,wallet,D0307,IP0748,SUCCESS
T00009373,M0229,C1400,2026-01-31 20:04:26,13165.89,UPI,D0266,IP0254,SUCCESS
T00009374,M0357,C0145,2026-02-11 12:04:49,9070.07,UPI,D0148,IP0704,SUCCESS
T00009375,M0471,C0117,2026-01-09 14:46:52,314.57,UPI,D0085,IP0263,SUCCESS
T00009376,M0447,C0460,2026-03-24 14:25:53,2094.75,UPI,D0734,IP0448,SUCCESS
T00009377,M0248,C0033,2026-01-09 08:41:26,167.75,UPI,D0623,IP0340,SUCCESS
T00009378,M0353,C1220,2026-02-02 22:21:22,1653.77,UPI,D0584,IP0731,SUCCESS
T00009379,M0487,C0008,2026-01-18 14:50:35,518.24,card,D0570,IP0021,SUCCESS
T00009380,M0113,C0622,2026-03-02 14:54:17,6793.06,card,D0403,IP0635,SUCCESS
T00009381,M0450,C0066,2026-03-15 19:07:53,29107.23,UPI,D0527,IP0541,SUCCESS
T00009382,M0439,C0916,2026-03-06 17:45:13,4755.57,netbanking,D0091,IP0747,FAILED
T00009383,M0471,C1199,2026-01-14 12:54:27,592.62,UPI,D0672,IP0194,SUCCESS
T00009384,M0487,C0076,2026-01-27 23:41:36,531.27,UPI,D0405,IP0068,SUCCESS
T00009385,M0113,C1201,2026-01-19 22:22:47,4703.27,wallet,D0296,IP0156,SUCCESS
T00009386,M0304,C0574,2026-01-06 19:39:39,1161.31,UPI,D0378,IP0692,SUCCESS
T00009387,M0113,C0842,2026-02-28 14:35:07,2191.84,UPI,D0403,IP0431,FAILED
T00009388,M0159,C0608,2026-03-26 10:24:52,2832.65,UPI,D0170,IP0123,SUCCESS
T00009389,M0418,C1331,2026-02-07 23:51:27,2411.09,UPI,D0493,IP0685,FAILED
T00009390,M0450,C0066,2026-01-01 23:18:18,5063.14,card,D0281,IP0425,FAILED
T00009391,M0256,C0441,2026-03-29 19:43:52,1009.03,card,D0727,IP0560,SUCCESS
T00009392,M0403,C1331,2026-03-26 14:53:19,2978.03,UPI,D0410,IP0199,SUCCESS
T00009393,M0132,C1220,2026-01-06 17:52:11,1119.85,wallet,D0227,IP0172,SUCCESS
T00009394,M0254,C0842,2026-03-14 15:21:51,2055.67,UPI,D0403,IP0188,SUCCESS
T00009395,M0002,C0111,2026-01-30 05:30:19,1224.22,UPI,D0487,IP0235,SUCCESS
T00009396,M0410,C0367,2026-02-19 08:29:55,543.97,netbanking,D0547,IP0471,SUCCESS
T00009397,M0154,C1223,2026-02-26 17:04:42,1376.85,UPI,D0263,IP0603,SUCCESS
T00009398,M0015,C0241,2026-02-27 16:27:15,1584.12,UPI,D0304,IP0111,SUCCESS
T00009399,M0204,C0364,2026-01-28 11:08:46,1382.07,UPI,D0049,IP0726,SUCCESS
T00009400,M0205,C1299,2026-02-18 18:33:13,2035.59,card,D0645,IP0520,SUCCESS
T00009401,M0388,C1027,2026-02-09 18:16:23,2257.0,UPI,D0746,IP0534,SUCCESS
T00009402,M0210,C0474,2026-03-15 14:28:42,1293.4,wallet,D0250,IP0040,SUCCESS
T00009403,M0172,C0926,2026-02-17 15:16:04,842.83,UPI,D0722,IP0170,SUCCESS
T00009404,M0004,C1326,2026-02-14 13:04:54,5126.11,card,D0593,IP0592,SUCCESS
T00009405,M0410,C1251,2026-02-17 15:03:13,822.87,card,D0525,IP0720,SUCCESS
T00009406,M0053,C0107,2026-02-21 19:18:28,5873.65,card,D0185,IP0319,SUCCESS
T00009407,M0203,C0842,2026-02-01 18:44:29,447.86,UPI,D0042,IP0002,SUCCESS
T00009408,M0147,C0194,2026-02-09 16:45:13,2163.7,wallet,D0489,IP0245,SUCCESS
T00009409,M0484,C0570,2026-03-16 17:09:14,2345.4,UPI,D0076,IP0511,SUCCESS
T00009410,M0335,C0137,2026-03-24 13:11:27,1067.02,card,D0441,IP0736,SUCCESS
T00009411,M0015,C0333,2026-03-07 12:33:34,565.43,card,D0443,IP0351,SUCCESS
T00009412,M0367,C0097,2026-01-02 10:40:02,2037.18,UPI,D0053,IP0540,SUCCESS
T00009413,M0450,C0934,2026-02-06 23:13:43,4527.48,card,D0282,IP0488,SUCCESS
T00009414,M0366,C0229,2026-01-27 10:09:06,58.67,wallet,D0748,IP0545,SUCCESS
T00009415,M0296,C1417,2026-01-26 11:45:09,1637.1,card,D0107,IP0135,SUCCESS
T00009416,M0189,C1134,2026-01-16 11:08:55,5432.48,netbanking,D0466,IP0629,SUCCESS
T00009417,M0344,C1200,2026-03-10 19:10:12,29937.07,netbanking,D0249,IP0051,SUCCESS
T00009418,M0025,C0102,2026-01-27 08:53:43,6687.33,UPI,D0305,IP0052,SUCCESS
T00009419,M0142,C1054,2026-03-01 16:20:51,598.25,card,D0130,IP0469,SUCCESS
T00009420,M0474,C1429,2026-03-24 17:36:30,1669.57,wallet,D0085,IP0048,SUCCESS
T00009421,M0382,C1429,2026-01-28 16:28:11,2443.93,card,D0424,IP0325,SUCCESS
T00009422,M0075,C1192,2026-02-05 15:15:46,1291.18,UPI,D0301,IP0688,SUCCESS
T00009423,M0366,C0437,2026-03-23 20:03:12,191.63,UPI,D0204,IP0187,FAILED
T00009424,M0462,C1128,2026-03-22 11:11:55,1584.15,UPI,D0043,IP0480,SUCCESS
T00009425,M0366,C0001,2026-03-11 14:07:56,322.03,UPI,D0204,IP0127,SUCCESS
T00009426,M0327,C1156,2026-02-09 11:30:04,359.72,netbanking,D0730,IP0456,SUCCESS
T00009427,M0286,C0178,2026-03-06 09:04:05,268.0,wallet,D0091,IP0450,SUCCESS
T00009428,M0327,C0739,2026-01-16 15:37:15,1691.6,card,D0117,IP0463,SUCCESS
T00009429,M0446,C1240,2026-01-18 20:54:10,796.98,UPI,D0423,IP0586,SUCCESS
T00009430,M0177,C0757,2026-03-07 09:04:39,348.0,UPI,D0071,IP0540,SUCCESS
T00009431,M0410,C1078,2026-01-24 20:20:10,319.73,UPI,D0098,IP0189,SUCCESS
T00009432,M0357,C0320,2026-01-20 20:01:33,3480.64,netbanking,D0284,IP0339,FAILED
T00009433,M0101,C1072,2026-02-14 10:38:24,3644.97,UPI,D0268,IP0375,SUCCESS
T00009434,M0144,C0549,2026-03-30 21:34:04,11813.74,netbanking,D0313,IP0640,SUCCESS
T00009435,M0451,C0947,2026-03-28 16:35:25,1640.21,card,D0537,IP0619,SUCCESS
T00009436,M0189,C1339,2026-03-09 10:29:18,1793.94,netbanking,D0707,IP0570,SUCCESS
T00009437,M0229,C1145,2026-02-08 18:02:04,16180.01,card,D0283,IP0327,SUCCESS
T00009438,M0195,C0696,2026-02-18 13:21:12,1320.63,netbanking,D0112,IP0518,SUCCESS
T00009439,M0303,C1323,2026-02-20 17:54:29,317.86,card,D0271,IP0456,SUCCESS
T00009440,M0048,C0216,2026-03-10 05:41:23,1883.94,UPI,D0270,IP0695,SUCCESS
T00009441,M0249,C0891,2026-01-07 04:22:31,184.64,UPI,D0533,IP0284,SUCCESS
T00009442,M0287,C1061,2026-03-10 21:05:56,528.36,UPI,D0309,IP0567,SUCCESS
T00009443,M0424,C0215,2026-01-30 16:47:31,312.19,wallet,D0206,IP0125,SUCCESS
T00009444,M0136,C0452,2026-01-02 15:10:19,1630.22,netbanking,D0282,IP0504,SUCCESS
T00009445,M0216,C1302,2026-01-13 14:08:00,2464.36,card,D0479,IP0584,SUCCESS
T00009446,M0297,C1181,2026-01-28 21:19:30,961.59,wallet,D0408,IP0450,SUCCESS
T00009447,M0424,C1333,2026-03-03 15:50:56,290.46,card,D0463,IP0125,SUCCESS
T00009448,M0380,C1271,2026-03-21 19:38:50,3088.5,UPI,D0135,IP0481,SUCCESS
T00009449,M0027,C1147,2026-02-23 23:00:21,1045.01,UPI,D0296,IP0476,SUCCESS
T00009450,M0203,C1058,2026-03-07 16:04:24,326.22,UPI,D0173,IP0002,SUCCESS
T00009451,M0140,C1349,2026-02-11 11:05:10,847.45,card,D0621,IP0657,SUCCESS
T00009452,M0090,C0965,2026-01-31 18:56:36,936.41,UPI,D0345,IP0197,SUCCESS
T00009453,M0162,C0676,2026-03-08 15:16:37,733.2,UPI,D0598,IP0086,SUCCESS
T00009454,M0313,C0024,2026-02-05 14:49:14,5694.51,UPI,D0572,IP0429,SUCCESS
T00009455,M0424,C0619,2026-03-26 09:12:41,1874.02,UPI,D0645,IP0263,SUCCESS
T00009456,M0452,C1211,2026-03-01 15:05:06,2683.18,netbanking,D0165,IP0088,SUCCESS
T00009457,M0196,C0228,2026-02-14 17:42:54,3154.96,card,D0696,IP0548,SUCCESS
T00009458,M0142,C0403,2026-01-10 18:35:16,501.43,UPI,D0436,IP0469,SUCCESS
T00009459,M0314,C1044,2026-01-04 12:14:31,759.35,UPI,D0327,IP0034,SUCCESS
T00009460,M0365,C0647,2026-01-23 13:12:14,2458.43,card,D0559,IP0228,SUCCESS
T00009461,M0303,C0416,2026-03-17 23:26:46,709.18,card,D0181,IP0092,SUCCESS
T00009462,M0427,C0540,2026-02-07 04:31:57,5331.55,UPI,D0222,IP0500,SUCCESS
T00009463,M0224,C0732,2026-03-14 22:27:00,2968.66,card,D0391,IP0037,SUCCESS
T00009464,M0195,C0746,2026-02-04 16:10:17,254.65,netbanking,D0326,IP0518,SUCCESS
T00009465,M0308,C0497,2026-01-20 18:10:13,14992.98,netbanking,D0240,IP0351,SUCCESS
T00009466,M0364,C0569,2026-03-09 11:26:15,1856.21,UPI,D0215,IP0241,SUCCESS
T00009467,M0196,C0178,2026-01-27 10:18:12,3160.47,card,D0469,IP0688,SUCCESS
T00009468,M0147,C0009,2026-02-16 23:39:47,1821.26,card,D0661,IP0245,SUCCESS
T00009469,M0487,C0574,2026-03-03 20:45:13,606.52,UPI,D0570,IP0224,SUCCESS
T00009470,M0382,C0176,2026-03-12 19:18:06,1724.96,UPI,D0424,IP0230,SUCCESS
T00009471,M0339,C0594,2026-03-11 20:40:38,349.13,card,D0502,IP0570,SUCCESS
T00009472,M0165,C1075,2026-03-26 16:32:35,585.47,wallet,D0189,IP0165,SUCCESS
T00009473,M0475,C1420,2026-03-22 19:36:26,1289.56,card,D0047,IP0045,SUCCESS
T00009474,M0297,C0073,2026-02-03 17:18:38,1515.89,UPI,D0408,IP0713,SUCCESS
T00009475,M0159,C1261,2026-02-13 13:18:24,3796.73,UPI,D0164,IP0123,SUCCESS
T00009476,M0207,C0018,2026-03-24 14:10:59,289.65,UPI,D0351,IP0221,FAILED
T00009477,M0212,C1377,2026-01-08 11:13:23,20340.22,card,D0121,IP0452,SUCCESS
T00009478,M0015,C1275,2026-02-20 23:47:05,297.67,card,D0604,IP0111,SUCCESS
T00009479,M0229,C1053,2026-02-25 23:47:16,19861.48,card,D0283,IP0327,SUCCESS
T00009480,M0150,C0776,2026-02-01 15:54:00,184.21,netbanking,D0663,IP0627,REFUNDED
T00009481,M0254,C1231,2026-02-10 19:51:54,1151.78,UPI,D0592,IP0709,SUCCESS
T00009482,M0304,C1333,2026-01-10 16:25:18,894.66,wallet,D0201,IP0434,SUCCESS
T00009483,M0196,C0914,2026-03-21 15:32:54,21643.56,UPI,D0018,IP0563,SUCCESS
T00009484,M0015,C0220,2026-03-05 20:08:08,325.02,card,D0575,IP0273,FAILED
T00009485,M0478,C0744,2026-03-05 22:13:24,9029.5,card,D0391,IP0692,SUCCESS
T00009486,M0085,C1200,2026-01-15 23:52:02,2080.26,wallet,D0413,IP0490,SUCCESS
T00009487,M0203,C0038,2026-03-07 19:16:07,462.67,card,D0173,IP0076,SUCCESS
T00009488,M0395,C0805,2026-03-28 12:11:48,1211.65,UPI,D0571,IP0388,SUCCESS
T00009489,M0450,C1018,2026-01-12 23:56:08,3940.6,card,D0242,IP0178,SUCCESS
T00009490,M0358,C0317,2026-03-03 14:24:21,3398.21,card,D0722,IP0591,SUCCESS
T00009491,M0146,C0776,2026-01-29 07:05:39,220.75,wallet,D0354,IP0650,SUCCESS
T00009492,M0365,C1261,2026-03-13 13:01:17,8618.7,UPI,D0098,IP0228,SUCCESS
T00009493,M0229,C0779,2026-02-24 23:21:46,6660.6,UPI,D0283,IP0254,FAILED
T00009494,M0402,C1176,2026-01-11 14:44:28,838.41,UPI,D0224,IP0022,SUCCESS
T00009495,M0224,C0978,2026-01-26 18:12:36,2869.91,UPI,D0107,IP0390,SUCCESS
T00009496,M0069,C0948,2026-02-21 16:34:20,664.98,UPI,D0702,IP0341,SUCCESS
T00009497,M0297,C1201,2026-01-28 13:41:48,1314.37,card,D0698,IP0509,SUCCESS
T00009498,M0026,C0542,2026-02-11 12:22:00,7815.8,UPI,D0507,IP0271,SUCCESS
T00009499,M0347,C0824,2026-01-15 21:09:40,747.13,UPI,D0588,IP0162,SUCCESS
T00009500,M0179,C0910,2026-02-13 15:03:15,394.8,UPI,D0665,IP0251,SUCCESS
T00009501,M0450,C0922,2026-02-01 20:34:55,2774.51,card,D0282,IP0488,SUCCESS
T00009502,M0288,C0764,2026-02-13 08:34:02,630.78,netbanking,D0447,IP0750,SUCCESS
T00009503,M0015,C1307,2026-01-28 17:36:57,2910.84,UPI,D0098,IP0351,SUCCESS
T00009504,M0356,C1157,2026-03-24 10:11:21,469.01,UPI,D0663,IP0422,SUCCESS
T00009505,M0428,C0206,2026-03-05 19:55:53,404.92,card,D0654,IP0257,SUCCESS
T00009506,M0026,C0009,2026-02-23 12:01:29,9549.67,UPI,D0041,IP0531,SUCCESS
T00009507,M0402,C1179,2026-03-26 19:25:52,1342.12,UPI,D0224,IP0650,SUCCESS
T00009508,M0405,C1075,2026-02-24 16:08:43,3810.15,UPI,D0268,IP0115,SUCCESS
T00009509,M0370,C0094,2026-01-07 10:37:44,827.53,UPI,D0202,IP0622,SUCCESS
T00009510,M0279,C0130,2026-01-31 17:37:30,795.43,UPI,D0448,IP0649,SUCCESS
T00009511,M0359,C0037,2026-03-09 18:26:56,433.83,UPI,D0740,IP0242,SUCCESS
T00009512,M0279,C0805,2026-02-23 17:27:13,986.93,UPI,D0269,IP0561,SUCCESS
T00009513,M0214,C0290,2026-02-08 16:40:59,3164.03,netbanking,D0540,IP0517,SUCCESS
T00009514,M0034,C1322,2026-01-10 12:53:24,212.84,UPI,D0588,IP0704,SUCCESS
T00009515,M0286,C0091,2026-03-12 06:00:58,663.47,UPI,D0053,IP0674,SUCCESS
T00009516,M0410,C0964,2026-01-07 19:17:56,1341.36,UPI,D0552,IP0127,SUCCESS
T00009517,M0035,C0362,2026-01-14 19:50:03,1396.14,card,D0676,IP0079,SUCCESS
T00009518,M0021,C0274,2026-02-02 22:42:58,2003.16,netbanking,D0266,IP0384,SUCCESS
T00009519,M0117,C0993,2026-01-08 18:06:09,1791.76,netbanking,D0423,IP0280,REFUNDED
T00009520,M0169,C0594,2026-02-20 15:13:37,2835.37,wallet,D0642,IP0518,SUCCESS
T00009521,M0287,C1477,2026-03-17 17:46:50,2239.2,UPI,D0158,IP0423,FAILED
T00009522,M0427,C0736,2026-01-11 11:56:43,10966.18,card,D0715,IP0199,SUCCESS
T00009523,M0015,C1217,2026-02-21 21:17:53,2061.58,UPI,D0477,IP0288,SUCCESS
T00009524,M0410,C1097,2026-01-17 13:11:12,4422.34,UPI,D0098,IP0652,SUCCESS
T00009525,M0383,C0191,2026-01-12 17:55:58,5098.95,netbanking,D0367,IP0225,SUCCESS
T00009526,M0286,C0607,2026-02-07 10:02:11,887.13,UPI,D0097,IP0450,SUCCESS
T00009527,M0129,C1321,2026-01-11 08:24:18,903.02,netbanking,D0469,IP0524,SUCCESS
T00009528,M0066,C0400,2026-03-20 19:12:47,1105.34,UPI,D0450,IP0398,SUCCESS
T00009529,M0113,C0054,2026-01-05 17:11:07,773.43,card,D0403,IP0156,SUCCESS
T00009530,M0195,C0039,2026-01-13 22:43:37,931.0,UPI,D0167,IP0264,SUCCESS
T00009531,M0297,C0867,2026-01-29 18:03:01,1808.9,card,D0588,IP0450,FAILED
T00009532,M0203,C1382,2026-01-06 23:13:24,6774.46,card,D0042,IP0476,SUCCESS
T00009533,M0303,C0081,2026-03-07 16:13:20,455.96,UPI,D0271,IP0605,SUCCESS
T00009534,M0450,C0194,2026-02-04 20:04:01,6485.81,card,D0242,IP0197,SUCCESS
T00009535,M0099,C0623,2026-03-23 18:21:34,535.5,UPI,D0544,IP0695,SUCCESS
T00009536,M0456,C1369,2026-01-20 18:01:39,10535.23,UPI,D0654,IP0160,SUCCESS
T00009537,M0129,C1031,2026-02-25 09:46:01,947.52,wallet,D0469,IP0372,SUCCESS
T00009538,M0282,C0342,2026-03-10 10:18:54,6238.79,card,D0484,IP0331,SUCCESS
T00009539,M0400,C0182,2026-03-04 18:44:34,563.95,UPI,D0647,IP0215,SUCCESS
T00009540,M0379,C0970,2026-02-26 13:16:59,120.2,card,D0486,IP0448,REFUNDED
T00009541,M0405,C0357,2026-02-16 18:23:19,6420.25,wallet,D0015,IP0464,FAILED
T00009542,M0382,C0852,2026-01-28 16:53:15,1453.52,UPI,D0524,IP0235,SUCCESS
T00009543,M0012,C0955,2026-01-27 15:07:32,1802.74,wallet,D0234,IP0526,SUCCESS
T00009544,M0286,C0992,2026-03-11 11:21:25,457.49,UPI,D0729,IP0450,SUCCESS
T00009545,M0214,C1100,2026-03-11 11:07:16,4468.92,card,D0338,IP0053,SUCCESS
T00009546,M0478,C1477,2026-03-30 23:12:57,5326.83,netbanking,D0293,IP0692,SUCCESS
T00009547,M0483,C0301,2026-02-26 16:14:03,3208.58,card,D0643,IP0027,SUCCESS
T00009548,M0147,C1460,2026-02-02 18:45:55,3673.77,card,D0689,IP0245,SUCCESS
T00009549,M0382,C1303,2026-03-28 23:20:47,550.98,UPI,D0424,IP0230,SUCCESS
T00009550,M0144,C0767,2026-03-08 20:21:45,2798.89,card,D0601,IP0277,SUCCESS
T00009551,M0403,C0352,2026-02-24 13:51:44,3986.9,UPI,D0085,IP0566,SUCCESS
T00009552,M0170,C0806,2026-01-25 22:32:46,1544.11,netbanking,D0246,IP0744,REFUNDED
T00009553,M0398,C1187,2026-01-31 16:29:52,1609.72,UPI,D0494,IP0088,SUCCESS
T00009554,M0015,C1412,2026-01-29 21:56:40,1216.41,UPI,D0617,IP0351,FAILED
T00009555,M0380,C0008,2026-02-16 10:57:03,1919.72,netbanking,D0472,IP0182,SUCCESS
T00009556,M0234,C1247,2026-01-22 10:10:32,7384.2,card,D0276,IP0048,SUCCESS
T00009557,M0401,C1268,2026-03-29 19:27:34,1179.19,UPI,D0649,IP0016,REFUNDED
T00009558,M0073,C0015,2026-03-29 15:08:00,3234.34,UPI,D0126,IP0422,FAILED
T00009559,M0444,C1216,2026-03-25 17:47:01,3546.49,netbanking,D0653,IP0078,SUCCESS
T00009560,M0365,C1472,2026-01-18 19:08:38,1281.76,card,D0098,IP0228,REFUNDED
T00009561,M0211,C0895,2026-03-31 16:30:58,1093.12,card,D0454,IP0263,SUCCESS
T00009562,M0202,C0200,2026-03-21 13:00:26,369.08,UPI,D0546,IP0622,SUCCESS
T00009563,M0169,C0098,2026-03-20 18:03:02,394.62,UPI,D0642,IP0213,SUCCESS
T00009564,M0326,C0930,2026-01-13 10:23:10,1743.91,card,D0439,IP0290,SUCCESS
T00009565,M0024,C1312,2026-01-25 21:46:28,564.08,UPI,D0066,IP0347,SUCCESS
T00009566,M0382,C0555,2026-03-12 13:55:46,1405.55,card,D0424,IP0230,SUCCESS
T00009567,M0411,C1268,2026-01-23 11:43:00,3853.73,UPI,D0291,IP0072,SUCCESS
T00009568,M0147,C0060,2026-02-20 12:23:58,706.72,UPI,D0564,IP0245,SUCCESS
T00009569,M0106,C0553,2026-01-15 17:43:15,649.36,UPI,D0083,IP0442,SUCCESS
T00009570,M0487,C0671,2026-02-03 18:18:54,894.39,card,D0405,IP0068,SUCCESS
T00009571,M0354,C0514,2026-01-07 19:18:50,7755.37,netbanking,D0095,IP0145,SUCCESS
T00009572,M0378,C1194,2026-03-22 22:18:08,1016.51,netbanking,D0484,IP0488,SUCCESS
T00009573,M0353,C0078,2026-03-26 15:56:17,1000.29,UPI,D0653,IP0670,SUCCESS
T00009574,M0147,C1199,2026-03-06 16:51:26,2687.25,card,D0689,IP0245,SUCCESS
T00009575,M0423,C1290,2026-03-29 10:22:09,539.63,UPI,D0046,IP0086,SUCCESS
T00009576,M0274,C0083,2026-01-24 23:23:43,7299.23,card,D0394,IP0081,SUCCESS
T00009577,M0152,C0310,2026-03-17 20:14:33,589.52,wallet,D0043,IP0424,SUCCESS
T00009578,M0328,C0755,2026-03-07 21:34:00,1083.65,UPI,D0212,IP0739,SUCCESS
T00009579,M0451,C1110,2026-01-15 12:22:33,661.0,card,D0676,IP0657,SUCCESS
T00009580,M0410,C0386,2026-02-14 13:00:29,2232.87,UPI,D0098,IP0336,FAILED
T00009581,M0382,C1239,2026-01-22 14:15:50,1698.2,UPI,D0524,IP0325,SUCCESS
T00009582,M0157,C1077,2026-01-08 21:34:09,2195.44,UPI,D0204,IP0268,SUCCESS
T00009583,M0165,C0114,2026-02-02 19:54:00,896.73,UPI,D0730,IP0377,SUCCESS
T00009584,M0428,C0848,2026-01-31 18:05:54,6259.98,UPI,D0621,IP0747,SUCCESS
T00009585,M0420,C0965,2026-03-04 17:43:36,1666.24,UPI,D0737,IP0422,SUCCESS
T00009586,M0444,C0411,2026-01-23 18:28:39,11612.12,card,D0049,IP0296,SUCCESS
T00009587,M0480,C1304,2026-03-25 09:23:57,779.56,UPI,D0695,IP0295,SUCCESS
T00009588,M0210,C0619,2026-02-27 13:23:59,2749.97,UPI,D0250,IP0481,SUCCESS
T00009589,M0330,C0489,2026-02-22 10:51:18,1256.2,wallet,D0368,IP0075,SUCCESS
T00009590,M0306,C0760,2026-02-11 23:42:15,245.66,UPI,D0394,IP0331,SUCCESS
T00009591,M0173,C0455,2026-02-18 13:27:32,2026.14,UPI,D0046,IP0712,SUCCESS
T00009592,M0303,C0370,2026-02-12 22:07:03,1624.39,UPI,D0708,IP0605,SUCCESS
T00009593,M0491,C0782,2026-02-24 11:55:28,439.64,netbanking,D0048,IP0119,SUCCESS
T00009594,M0478,C1020,2026-02-21 16:11:34,3714.24,netbanking,D0391,IP0257,SUCCESS
T00009595,M0293,C1257,2026-01-15 18:49:38,1810.02,UPI,D0239,IP0212,SUCCESS
T00009596,M0147,C0391,2026-03-19 20:17:09,1041.76,card,D0661,IP0082,SUCCESS
T00009597,M0430,C0398,2026-03-15 14:50:27,2351.59,card,D0023,IP0143,SUCCESS
T00009598,M0443,C1339,2026-01-29 13:52:09,2640.98,UPI,D0148,IP0368,SUCCESS
T00009599,M0305,C0335,2026-01-19 13:00:33,1680.4,UPI,D0522,IP0615,SUCCESS
T00009600,M0263,C1448,2026-03-04 11:20:53,805.33,UPI,D0255,IP0210,SUCCESS
T00009601,M0121,C0093,2026-03-07 23:54:31,8938.76,card,D0158,IP0703,SUCCESS
T00009602,M0193,C0303,2026-03-11 15:41:56,3180.03,card,D0345,IP0590,SUCCESS
T00009603,M0011,C0388,2026-03-09 09:08:35,1020.06,UPI,D0175,IP0745,SUCCESS
T00009604,M0248,C1356,2026-03-13 13:13:33,359.06,UPI,D0256,IP0340,FAILED
T00009605,M0098,C1190,2026-03-25 17:12:55,570.98,card,D0232,IP0721,SUCCESS
T00009606,M0291,C0533,2026-03-22 11:30:32,5597.81,UPI,D0086,IP0332,SUCCESS
T00009607,M0147,C1170,2026-01-18 19:01:17,2344.32,UPI,D0661,IP0245,SUCCESS
T00009608,M0452,C0081,2026-02-15 12:37:26,797.11,UPI,D0020,IP0214,SUCCESS
T00009609,M0091,C1253,2026-03-17 20:45:10,309.03,UPI,D0271,IP0457,FAILED
T00009610,M0248,C0162,2026-01-29 13:06:49,118.13,wallet,D0013,IP0420,SUCCESS
T00009611,M0104,C0748,2026-03-15 16:14:46,2254.73,UPI,D0739,IP0298,SUCCESS
T00009612,M0313,C1207,2026-02-20 17:33:40,1744.43,card,D0572,IP0349,SUCCESS
T00009613,M0176,C0105,2026-02-14 19:05:35,2280.0,netbanking,D0376,IP0559,SUCCESS
T00009614,M0076,C0701,2026-03-14 14:48:39,2584.54,card,D0397,IP0538,SUCCESS
T00009615,M0330,C0842,2026-02-01 15:03:12,1865.22,wallet,D0288,IP0291,SUCCESS
T00009616,M0301,C0134,2026-02-17 11:51:18,1038.17,netbanking,D0624,IP0656,SUCCESS
T00009617,M0135,C0195,2026-03-30 18:55:10,1811.01,card,D0468,IP0332,SUCCESS
T00009618,M0487,C0614,2026-01-20 21:11:26,1658.0,UPI,D0188,IP0566,SUCCESS
T00009619,M0412,C0533,2026-03-30 19:35:47,1503.24,card,D0742,IP0387,SUCCESS
T00009620,M0343,C0048,2026-01-03 17:54:49,1727.38,UPI,D0270,IP0086,FAILED
T00009621,M0480,C0078,2026-03-10 06:04:19,371.52,wallet,D0695,IP0203,SUCCESS
T00009622,M0403,C0008,2026-02-23 13:04:04,5148.33,UPI,D0736,IP0375,SUCCESS
T00009623,M0275,C1356,2026-01-18 13:39:27,2907.18,UPI,D0534,IP0190,SUCCESS
T00009624,M0487,C0765,2026-03-07 23:45:14,737.19,UPI,D0570,IP0068,SUCCESS
T00009625,M0357,C1263,2026-01-13 13:59:14,4295.38,UPI,D0572,IP0319,FAILED
T00009626,M0102,C0736,2026-02-27 13:18:33,773.61,netbanking,D0403,IP0725,SUCCESS
T00009627,M0075,C0219,2026-01-29 19:31:36,1531.47,card,D0370,IP0692,SUCCESS
T00009628,M0074,C1353,2026-01-15 10:42:06,5100.9,UPI,D0590,IP0198,FAILED
T00009629,M0205,C1417,2026-02-23 08:22:07,527.1,card,D0269,IP0147,SUCCESS
T00009630,M0004,C0548,2026-01-09 15:01:26,6819.36,card,D0432,IP0019,SUCCESS
T00009631,M0303,C0430,2026-02-07 15:48:21,1157.31,UPI,D0271,IP0132,SUCCESS
T00009632,M0248,C0685,2026-01-04 07:12:03,662.65,wallet,D0623,IP0112,SUCCESS
T00009633,M0209,C1288,2026-02-14 22:17:59,752.58,netbanking,D0643,IP0743,SUCCESS
T00009634,M0242,C0843,2026-03-21 21:13:16,1139.58,netbanking,D0532,IP0132,SUCCESS
T00009635,M0238,C0139,2026-01-18 19:01:21,3945.76,card,D0640,IP0051,SUCCESS
T00009636,M0491,C0084,2026-02-12 06:42:48,2962.41,card,D0153,IP0185,FAILED
T00009637,M0232,C1073,2026-02-18 15:17:19,2838.2,UPI,D0541,IP0291,SUCCESS
T00009638,M0476,C0693,2026-02-28 18:19:05,607.82,wallet,D0317,IP0020,SUCCESS
T00009639,M0442,C1278,2026-01-16 14:20:08,195.47,wallet,D0408,IP0367,SUCCESS
T00009640,M0241,C1421,2026-02-10 13:55:03,1638.04,UPI,D0460,IP0340,SUCCESS
T00009641,M0026,C0423,2026-01-23 16:04:01,6581.77,card,D0697,IP0565,SUCCESS
T00009642,M0440,C0684,2026-01-16 19:32:53,1963.04,card,D0580,IP0136,SUCCESS
T00009643,M0136,C0687,2026-02-01 16:20:32,468.34,UPI,D0420,IP0545,SUCCESS
T00009644,M0039,C0173,2026-01-26 17:50:51,2866.72,wallet,D0629,IP0210,FAILED
T00009645,M0445,C0003,2026-01-28 10:09:20,2141.85,UPI,D0500,IP0171,SUCCESS
T00009646,M0364,C0803,2026-02-04 14:32:59,487.6,wallet,D0326,IP0158,SUCCESS
T00009647,M0120,C0425,2026-03-12 20:32:31,4864.57,card,D0525,IP0085,SUCCESS
T00009648,M0167,C0747,2026-03-05 14:11:34,5190.11,card,D0208,IP0680,SUCCESS
T00009649,M0403,C0230,2026-02-07 12:15:22,9962.05,UPI,D0458,IP0239,SUCCESS
T00009650,M0092,C0081,2026-03-25 08:42:57,2700.02,card,D0649,IP0727,SUCCESS
T00009651,M0391,C0229,2026-03-10 23:06:38,2081.98,card,D0004,IP0663,SUCCESS
T00009652,M0258,C1269,2026-03-25 14:13:50,176.85,wallet,D0275,IP0371,SUCCESS
T00009653,M0430,C1341,2026-01-05 11:11:44,389.18,card,D0696,IP0678,SUCCESS
T00009654,M0357,C0540,2026-02-17 14:02:47,4286.75,UPI,D0273,IP0319,SUCCESS
T00009655,M0491,C1342,2026-03-19 15:05:37,1491.15,card,D0711,IP0114,SUCCESS
T00009656,M0443,C0108,2026-03-13 22:10:04,6013.69,netbanking,D0682,IP0204,SUCCESS
T00009657,M0203,C0424,2026-02-16 21:06:46,917.31,card,D0042,IP0538,SUCCESS
T00009658,M0274,C0911,2026-01-06 23:36:42,9952.82,netbanking,D0713,IP0437,REFUNDED
T00009659,M0480,C0855,2026-01-17 01:05:56,942.64,UPI,D0695,IP0638,SUCCESS
T00009660,M0113,C1325,2026-01-02 16:51:28,589.62,netbanking,D0660,IP0635,FAILED
T00009661,M0230,C0485,2026-02-27 12:18:18,791.31,card,D0719,IP0337,SUCCESS
T00009662,M0318,C0847,2026-01-12 13:08:10,582.98,card,D0330,IP0630,SUCCESS
T00009663,M0204,C0219,2026-03-07 15:51:14,1783.96,card,D0256,IP0726,SUCCESS
T00009664,M0075,C0763,2026-02-06 05:12:15,2724.62,card,D0118,IP0342,SUCCESS
T00009665,M0133,C1150,2026-03-06 23:40:42,7072.15,card,D0679,IP0723,SUCCESS
T00009666,M0246,C0018,2026-03-09 05:53:55,1843.64,UPI,D0313,IP0484,SUCCESS
T00009667,M0446,C1489,2026-03-30 07:07:16,1447.42,netbanking,D0162,IP0143,SUCCESS
T00009668,M0313,C0580,2026-01-12 16:28:31,2969.37,card,D0084,IP0169,SUCCESS
T00009669,M0170,C0235,2026-03-29 12:22:52,3112.75,wallet,D0051,IP0158,SUCCESS
T00009670,M0113,C0010,2026-02-11 13:11:17,1127.64,netbanking,D0519,IP0251,SUCCESS
T00009671,M0343,C1047,2026-03-05 21:49:33,1392.59,wallet,D0233,IP0422,SUCCESS
T00009672,M0121,C0677,2026-03-28 23:54:08,2054.41,UPI,D0683,IP0223,SUCCESS
T00009673,M0050,C1084,2026-03-29 19:04:34,3331.37,UPI,D0593,IP0412,SUCCESS
T00009674,M0015,C0502,2026-02-22 15:02:59,2234.49,UPI,D0304,IP0351,SUCCESS
T00009675,M0379,C1123,2026-02-16 09:14:29,171.13,UPI,D0072,IP0517,SUCCESS
T00009676,M0452,C0881,2026-01-25 08:19:11,3225.41,netbanking,D0020,IP0367,SUCCESS
T00009677,M0297,C0599,2026-03-27 12:18:40,2444.75,card,D0467,IP0056,SUCCESS
T00009678,M0165,C1098,2026-01-16 22:22:29,329.44,UPI,D0029,IP0377,SUCCESS
T00009679,M0132,C1114,2026-01-14 18:05:38,2278.97,card,D0447,IP0599,SUCCESS
T00009680,M0164,C0910,2026-02-26 17:42:16,886.8,UPI,D0397,IP0281,SUCCESS
T00009681,M0174,C1303,2026-01-09 16:07:35,2618.93,UPI,D0328,IP0417,SUCCESS
T00009682,M0333,C1134,2026-01-10 13:54:28,4708.33,card,D0313,IP0205,SUCCESS
T00009683,M0478,C0979,2026-02-22 17:30:26,4391.42,card,D0293,IP0692,SUCCESS
T00009684,M0142,C1048,2026-01-22 19:01:11,547.1,UPI,D0130,IP0672,SUCCESS
T00009685,M0206,C0627,2026-02-14 17:06:33,6188.84,card,D0447,IP0092,SUCCESS
T00009686,M0328,C1010,2026-03-29 21:03:26,1022.32,UPI,D0332,IP0739,SUCCESS
T00009687,M0249,C0112,2026-01-20 10:41:03,330.8,UPI,D0294,IP0241,SUCCESS
T00009688,M0084,C0928,2026-03-22 15:42:52,6953.95,card,D0138,IP0592,SUCCESS
T00009689,M0113,C1131,2026-03-01 15:08:47,366.91,card,D0403,IP0627,SUCCESS
T00009690,M0319,C1185,2026-01-28 14:49:27,909.2,UPI,D0613,IP0299,SUCCESS
T00009691,M0336,C0488,2026-02-05 17:04:56,8744.85,card,D0186,IP0627,SUCCESS
T00009692,M0326,C0250,2026-02-15 16:11:11,1733.47,netbanking,D0132,IP0006,SUCCESS
T00009693,M0424,C0515,2026-01-23 10:11:39,554.9,card,D0436,IP0125,SUCCESS
T00009694,M0129,C1495,2026-01-04 17:32:24,498.65,UPI,D0256,IP0344,SUCCESS
T00009695,M0254,C0825,2026-03-15 18:25:16,1064.21,UPI,D0592,IP0346,SUCCESS
T00009696,M0263,C0652,2026-02-05 11:10:53,780.56,card,D0255,IP0210,SUCCESS
T00009697,M0139,C0628,2026-01-03 12:59:00,4380.88,card,D0392,IP0632,SUCCESS
T00009698,M0382,C0555,2026-01-10 23:04:08,1406.41,card,D0524,IP0230,SUCCESS
T00009699,M0176,C0900,2026-03-02 18:01:01,671.16,UPI,D0678,IP0462,SUCCESS
T00009700,M0344,C1203,2026-02-15 18:38:45,4210.7,card,D0689,IP0732,SUCCESS
T00009701,M0234,C0887,2026-03-10 18:30:21,2839.79,netbanking,D0610,IP0027,SUCCESS
T00009702,M0146,C0107,2026-02-15 16:49:08,246.46,netbanking,D0748,IP0667,SUCCESS
T00009703,M0133,C0758,2026-02-02 23:20:58,9797.63,UPI,D0518,IP0622,SUCCESS
T00009704,M0281,C0825,2026-03-03 11:36:15,571.57,wallet,D0362,IP0161,SUCCESS
T00009705,M0146,C0015,2026-03-20 15:41:02,1078.61,wallet,D0095,IP0667,SUCCESS
T00009706,M0366,C0392,2026-02-17 06:51:08,194.13,UPI,D0215,IP0716,SUCCESS
T00009707,M0343,C0217,2026-02-04 13:05:27,787.46,netbanking,D0229,IP0302,SUCCESS
T00009708,M0415,C0264,2026-03-22 20:51:47,1291.87,wallet,D0367,IP0510,SUCCESS
T00009709,M0101,C0742,2026-03-12 18:20:14,10277.67,netbanking,D0093,IP0047,SUCCESS
T00009710,M0450,C1018,2026-03-29 23:21:11,4761.65,card,D0527,IP0403,REFUNDED
T00009711,M0296,C0728,2026-01-06 11:39:55,3836.96,wallet,D0448,IP0471,SUCCESS
T00009712,M0359,C1009,2026-01-12 23:18:15,924.14,netbanking,D0740,IP0493,SUCCESS
T00009713,M0490,C1255,2026-02-26 13:24:18,1216.62,netbanking,D0424,IP0086,SUCCESS
T00009714,M0293,C0812,2026-01-25 08:12:03,2386.56,wallet,D0120,IP0052,SUCCESS
T00009715,M0450,C1349,2026-03-30 18:14:56,9636.41,card,D0282,IP0734,SUCCESS
T00009716,M0189,C0795,2026-02-20 11:09:28,11019.88,netbanking,D0540,IP0629,SUCCESS
T00009717,M0427,C0415,2026-02-03 18:26:38,3948.1,card,D0067,IP0199,SUCCESS
T00009718,M0478,C1338,2026-02-14 23:22:12,5382.54,card,D0293,IP0197,SUCCESS
T00009719,M0125,C1371,2026-01-31 07:28:06,2177.4,UPI,D0175,IP0024,SUCCESS
T00009720,M0286,C0699,2026-02-12 18:44:39,299.18,UPI,D0210,IP0460,SUCCESS
T00009721,M0457,C1329,2026-02-18 16:37:39,631.63,UPI,D0179,IP0192,SUCCESS
T00009722,M0205,C1074,2026-01-14 18:55:56,1759.75,wallet,D0430,IP0013,SUCCESS
T00009723,M0379,C0301,2026-03-10 12:11:48,227.5,UPI,D0068,IP0439,SUCCESS
T00009724,M0075,C0872,2026-03-25 12:55:10,852.32,card,D0544,IP0342,SUCCESS
T00009725,M0172,C1440,2026-01-21 20:14:38,979.78,wallet,D0408,IP0170,SUCCESS
T00009726,M0364,C0071,2026-01-26 12:38:28,1360.97,wallet,D0595,IP0373,SUCCESS
T00009727,M0249,C1088,2026-01-17 02:32:56,424.24,wallet,D0245,IP0321,SUCCESS
T00009728,M0364,C0522,2026-01-02 20:13:47,1870.7,netbanking,D0595,IP0151,SUCCESS
T00009729,M0303,C1441,2026-03-18 18:27:59,1586.45,wallet,D0708,IP0456,SUCCESS
T00009730,M0478,C1324,2026-01-22 22:48:48,31330.42,card,D0391,IP0101,REFUNDED
T00009731,M0087,C0377,2026-02-27 19:16:43,19584.2,netbanking,D0525,IP0574,SUCCESS
T00009732,M0347,C1223,2026-02-19 15:43:01,4229.75,card,D0688,IP0063,SUCCESS
T00009733,M0256,C0870,2026-01-03 18:38:45,1840.6,netbanking,D0243,IP0560,SUCCESS
T00009734,M0478,C0722,2026-02-20 14:43:50,6544.01,netbanking,D0551,IP0194,SUCCESS
T00009735,M0443,C0173,2026-02-25 13:45:08,2432.24,UPI,D0211,IP0579,SUCCESS
T00009736,M0178,C0881,2026-01-24 15:50:28,543.83,netbanking,D0283,IP0211,SUCCESS
T00009737,M0430,C0611,2026-02-02 23:21:26,1563.98,card,D0541,IP0618,SUCCESS
T00009738,M0316,C0691,2026-03-28 16:22:33,462.42,card,D0460,IP0655,SUCCESS
T00009739,M0169,C1145,2026-02-09 17:03:35,2083.12,card,D0642,IP0213,SUCCESS
T00009740,M0073,C0467,2026-03-30 20:32:28,1862.46,UPI,D0044,IP0094,REFUNDED
T00009741,M0113,C0451,2026-03-08 16:54:58,2154.63,card,D0296,IP0156,SUCCESS
T00009742,M0351,C0182,2026-01-19 17:27:23,2185.06,card,D0699,IP0035,SUCCESS
T00009743,M0286,C0817,2026-02-21 11:45:46,66.61,card,D0053,IP0674,SUCCESS
T00009744,M0101,C1041,2026-01-21 13:46:17,2462.88,netbanking,D0091,IP0437,SUCCESS
T00009745,M0455,C0687,2026-02-06 02:56:28,204.24,UPI,D0363,IP0336,SUCCESS
T00009746,M0319,C0071,2026-03-27 13:30:42,1124.38,card,D0195,IP0299,SUCCESS
T00009747,M0487,C1339,2026-02-25 14:13:25,1016.54,wallet,D0405,IP0068,FAILED
T00009748,M0162,C0953,2026-02-16 14:48:24,1219.34,card,D0337,IP0089,SUCCESS
T00009749,M0123,C0383,2026-02-10 15:29:06,2235.3,UPI,D0406,IP0216,SUCCESS
T00009750,M0446,C0630,2026-02-25 12:27:50,2478.4,netbanking,D0648,IP0586,SUCCESS
T00009751,M0403,C0977,2026-03-17 15:06:29,3420.4,wallet,D0736,IP0413,SUCCESS
T00009752,M0136,C0170,2026-01-01 13:52:55,2827.99,UPI,D0443,IP0370,SUCCESS
T00009753,M0204,C0942,2026-01-30 14:00:27,984.76,UPI,D0226,IP0126,FAILED
T00009754,M0179,C0565,2026-02-03 08:26:02,505.02,card,D0743,IP0149,SUCCESS
T00009755,M0380,C1048,2026-02-12 14:50:36,8667.55,netbanking,D0267,IP0251,SUCCESS
T00009756,M0139,C0198,2026-03-08 10:48:59,6044.39,card,D0120,IP0022,SUCCESS
T00009757,M0057,C0037,2026-02-14 18:10:48,2967.93,wallet,D0340,IP0122,SUCCESS
T00009758,M0424,C1110,2026-02-17 16:54:56,725.84,card,D0442,IP0263,SUCCESS
T00009759,M0008,C0143,2026-02-09 17:42:03,2097.49,card,D0587,IP0217,SUCCESS
T00009760,M0336,C0220,2026-01-09 21:08:08,640.99,card,D0458,IP0675,SUCCESS
T00009761,M0176,C0144,2026-03-28 16:50:10,562.33,card,D0471,IP0690,SUCCESS
T00009762,M0236,C0685,2026-01-06 15:47:19,1410.41,card,D0132,IP0343,SUCCESS
T00009763,M0048,C1059,2026-03-27 17:59:06,680.29,card,D0351,IP0176,SUCCESS
T00009764,M0113,C1285,2026-02-05 16:50:31,809.77,wallet,D0403,IP0635,FAILED
T00009765,M0288,C0858,2026-01-07 09:03:30,1635.42,UPI,D0603,IP0561,SUCCESS
T00009766,M0216,C0068,2026-03-20 17:07:17,2007.26,netbanking,D0479,IP0679,SUCCESS
T00009767,M0254,C0198,2026-03-01 11:03:08,1888.27,wallet,D0631,IP0394,SUCCESS
T00009768,M0003,C0817,2026-02-11 12:19:47,2684.84,netbanking,D0209,IP0462,SUCCESS
T00009769,M0478,C0929,2026-02-13 12:41:52,1550.29,netbanking,D0551,IP0286,SUCCESS
T00009770,M0293,C1348,2026-02-06 14:05:43,537.94,UPI,D0445,IP0559,SUCCESS
T00009771,M0248,C1099,2026-03-05 16:05:56,1038.99,wallet,D0690,IP0199,SUCCESS
T00009772,M0444,C0677,2026-01-10 10:36:22,4239.51,card,D0687,IP0296,SUCCESS
T00009773,M0044,C1150,2026-01-02 14:55:15,589.84,wallet,D0625,IP0157,SUCCESS
T00009774,M0254,C0630,2026-01-02 18:41:06,638.26,wallet,D0592,IP0188,SUCCESS
T00009775,M0318,C0348,2026-03-01 11:43:11,1357.89,card,D0544,IP0530,SUCCESS
T00009776,M0165,C0114,2026-02-11 22:55:56,1141.74,UPI,D0121,IP0377,SUCCESS
T00009777,M0148,C0951,2026-02-03 16:48:34,481.57,UPI,D0655,IP0642,SUCCESS
T00009778,M0113,C1059,2026-03-22 21:55:31,779.99,card,D0468,IP0262,SUCCESS
T00009779,M0381,C0721,2026-02-09 13:59:22,1498.88,UPI,D0450,IP0207,SUCCESS
T00009780,M0366,C0208,2026-03-10 12:25:04,499.24,UPI,D0748,IP0127,SUCCESS
T00009781,M0229,C1413,2026-03-28 20:09:39,16870.18,card,D0427,IP0481,SUCCESS
T00009782,M0075,C0429,2026-01-30 14:25:20,824.48,UPI,D0615,IP0692,SUCCESS
T00009783,M0124,C0344,2026-03-19 09:12:11,472.73,card,D0228,IP0634,SUCCESS
T00009784,M0229,C0473,2026-01-26 19:51:34,3128.06,UPI,D0225,IP0481,SUCCESS
T00009785,M0147,C0316,2026-02-15 10:44:45,4406.3,card,D0689,IP0082,SUCCESS
T00009786,M0401,C0099,2026-01-21 19:59:40,1251.92,card,D0574,IP0016,SUCCESS
T00009787,M0061,C0900,2026-01-26 15:15:03,1422.98,netbanking,D0111,IP0208,SUCCESS
T00009788,M0221,C0726,2026-01-30 21:20:06,784.16,netbanking,D0548,IP0019,SUCCESS
T00009789,M0452,C0607,2026-01-10 10:57:36,2791.09,UPI,D0349,IP0364,SUCCESS
T00009790,M0199,C0909,2026-02-16 13:21:03,4752.81,UPI,D0689,IP0365,SUCCESS
T00009791,M0405,C0114,2026-03-15 18:13:31,5280.57,UPI,D0164,IP0351,SUCCESS
T00009792,M0172,C1113,2026-02-19 13:34:40,393.51,wallet,D0714,IP0704,SUCCESS
T00009793,M0358,C0657,2026-03-16 19:46:12,2417.49,card,D0317,IP0135,FAILED
T00009794,M0303,C1439,2026-03-28 23:08:48,708.46,UPI,D0271,IP0292,SUCCESS
T00009795,M0296,C1417,2026-01-27 16:14:54,919.07,UPI,D0454,IP0471,SUCCESS
T00009796,M0113,C1253,2026-01-02 18:38:46,1585.41,card,D0296,IP0262,SUCCESS
T00009797,M0035,C0361,2026-02-27 17:12:00,1853.22,UPI,D0729,IP0667,FAILED
T00009798,M0101,C0164,2026-01-06 12:40:54,1060.5,UPI,D0202,IP0497,SUCCESS
T00009799,M0404,C0487,2026-03-28 20:42:19,5808.44,wallet,D0070,IP0490,FAILED
T00009800,M0499,C0633,2026-01-01 08:42:25,1189.79,UPI,D0336,IP0484,SUCCESS
T00009801,M0148,C0279,2026-01-09 17:06:37,759.03,UPI,D0655,IP0284,SUCCESS
T00009802,M0153,C1240,2026-02-18 22:59:41,6072.6,card,D0711,IP0007,SUCCESS
T00009803,M0216,C1423,2026-02-20 15:07:55,3574.69,UPI,D0158,IP0679,SUCCESS
T00009804,M0206,C1375,2026-01-14 15:08:14,12940.45,card,D0098,IP0528,REFUNDED
T00009805,M0355,C0048,2026-01-26 23:17:30,188.22,card,D0062,IP0037,SUCCESS
T00009806,M0254,C0630,2026-02-14 09:16:35,2685.27,netbanking,D0537,IP0709,SUCCESS
T00009807,M0347,C1441,2026-02-24 16:52:15,729.12,UPI,D0296,IP0162,SUCCESS
T00009808,M0075,C0817,2026-02-20 14:36:42,986.13,UPI,D0301,IP0342,SUCCESS
T00009809,M0402,C1189,2026-03-19 08:58:26,1761.57,UPI,D0224,IP0022,SUCCESS
T00009810,M0408,C0862,2026-01-20 23:03:39,1189.59,UPI,D0116,IP0699,SUCCESS
T00009811,M0481,C0917,2026-01-06 16:45:48,2317.07,UPI,D0059,IP0243,SUCCESS
T00009812,M0362,C0900,2026-02-17 17:28:03,1888.22,UPI,D0477,IP0112,FAILED
T00009813,M0318,C1100,2026-02-24 12:21:43,2579.34,card,D0193,IP0088,SUCCESS
T00009814,M0321,C1052,2026-01-19 14:07:44,2071.43,UPI,D0741,IP0112,SUCCESS
T00009815,M0074,C0255,2026-01-22 13:39:08,5273.55,card,D0590,IP0198,SUCCESS
T00009816,M0192,C1473,2026-01-20 23:57:02,535.62,UPI,D0605,IP0091,SUCCESS
T00009817,M0453,C1142,2026-01-24 12:49:05,1278.67,card,D0597,IP0087,SUCCESS
T00009818,M0452,C0555,2026-01-26 13:13:43,3458.56,netbanking,D0588,IP0717,SUCCESS
T00009819,M0482,C1265,2026-02-21 18:49:09,5121.76,UPI,D0295,IP0152,SUCCESS
T00009820,M0366,C1349,2026-03-14 07:01:17,1070.09,UPI,D0204,IP0637,SUCCESS
T00009821,M0142,C0821,2026-03-10 20:40:47,559.53,wallet,D0224,IP0469,SUCCESS
T00009822,M0428,C0584,2026-01-09 15:18:54,1733.33,UPI,D0263,IP0257,SUCCESS
T00009823,M0319,C1454,2026-03-03 19:42:08,593.3,card,D0613,IP0716,SUCCESS
T00009824,M0075,C1090,2026-01-12 16:40:56,3328.89,UPI,D0118,IP0692,SUCCESS
T00009825,M0039,C1257,2026-01-19 08:51:49,3550.41,netbanking,D0629,IP0317,SUCCESS
T00009826,M0347,C0953,2026-03-28 14:58:19,4229.05,card,D0389,IP0285,SUCCESS
T00009827,M0364,C1036,2026-01-30 14:54:06,656.21,UPI,D0656,IP0475,SUCCESS
T00009828,M0176,C0844,2026-01-30 18:17:14,1972.97,UPI,D0281,IP0462,SUCCESS
T00009829,M0478,C0920,2026-02-28 23:49:55,2543.76,card,D0722,IP0101,FAILED
T00009830,M0120,C1194,2026-01-14 21:23:44,3506.96,card,D0641,IP0195,SUCCESS
T00009831,M0113,C0806,2026-03-08 14:51:58,1709.79,card,D0350,IP0635,SUCCESS
T00009832,M0210,C0983,2026-01-03 21:41:35,1001.35,wallet,D0643,IP0481,SUCCESS
T00009833,M0286,C1396,2026-02-10 17:26:31,547.57,wallet,D0116,IP0460,SUCCESS
T00009834,M0263,C0462,2026-03-14 13:24:11,153.41,UPI,D0087,IP0556,SUCCESS
T00009835,M0376,C0657,2026-03-01 13:28:03,668.4,card,D0651,IP0700,SUCCESS
T00009836,M0129,C1192,2026-02-16 19:09:45,456.84,card,D0320,IP0372,SUCCESS
T00009837,M0293,C0668,2026-03-29 12:45:34,1980.09,card,D0349,IP0061,SUCCESS
T00009838,M0288,C0817,2026-03-31 13:59:03,883.28,card,D0546,IP0561,SUCCESS
T00009839,M0466,C0501,2026-03-29 13:31:25,1052.0,card,D0390,IP0251,SUCCESS
T00009840,M0424,C1039,2026-03-07 10:44:17,672.96,card,D0436,IP0125,SUCCESS
T00009841,M0450,C0972,2026-02-27 23:58:01,8946.34,card,D0281,IP0273,FAILED
T00009842,M0448,C1466,2026-03-03 22:13:32,1711.89,UPI,D0522,IP0566,SUCCESS
T00009843,M0075,C0284,2026-03-05 15:58:05,2468.68,card,D0403,IP0200,SUCCESS
T00009844,M0289,C0196,2026-02-04 17:56:15,1321.73,UPI,D0725,IP0463,SUCCESS
T00009845,M0445,C0933,2026-03-31 16:23:47,1310.24,card,D0603,IP0510,SUCCESS
T00009846,M0425,C1022,2026-03-20 22:08:38,2821.39,card,D0176,IP0446,SUCCESS
T00009847,M0471,C0157,2026-01-13 17:19:13,107.65,wallet,D0465,IP0194,SUCCESS
T00009848,M0026,C0680,2026-01-27 19:40:39,3217.63,UPI,D0473,IP0086,SUCCESS
T00009849,M0233,C1325,2026-01-12 14:21:49,4414.28,wallet,D0633,IP0530,SUCCESS
T00009850,M0083,C1102,2026-03-01 16:18:12,751.97,UPI,D0052,IP0092,REFUNDED
T00009851,M0090,C0756,2026-02-22 23:01:04,3728.88,card,D0452,IP0197,SUCCESS
T00009852,M0303,C1418,2026-03-14 16:19:52,914.92,UPI,D0552,IP0605,SUCCESS
T00009853,M0491,C0651,2026-02-17 17:26:03,4011.28,netbanking,D0498,IP0215,SUCCESS
T00009854,M0404,C0065,2026-01-16 16:26:50,2458.4,UPI,D0539,IP0367,SUCCESS
T00009855,M0301,C0082,2026-03-05 21:32:18,6073.55,wallet,D0624,IP0079,SUCCESS
T00009856,M0430,C1265,2026-02-20 23:13:41,1366.35,card,D0631,IP0143,SUCCESS
T00009857,M0352,C0876,2026-02-27 11:26:14,21187.91,UPI,D0444,IP0716,SUCCESS
T00009858,M0066,C1096,2026-01-27 17:56:19,548.97,card,D0683,IP0413,SUCCESS
T00009859,M0348,C1300,2026-02-27 20:09:10,1691.12,UPI,D0247,IP0293,SUCCESS
T00009860,M0058,C0010,2026-03-04 16:07:44,1412.86,wallet,D0400,IP0570,SUCCESS
T00009861,M0212,C0582,2026-01-28 23:17:38,19455.81,netbanking,D0582,IP0452,SUCCESS
T00009862,M0210,C0128,2026-02-10 20:53:41,728.96,card,D0250,IP0481,FAILED
T00009863,M0491,C1466,2026-02-02 06:20:44,6012.79,UPI,D0058,IP0185,SUCCESS
T00009864,M0096,C0901,2026-02-25 20:11:49,11035.69,card,D0705,IP0173,SUCCESS
T00009865,M0440,C0368,2026-03-19 23:20:00,5339.19,UPI,D0580,IP0031,FAILED
T00009866,M0173,C0163,2026-03-05 17:43:19,528.34,UPI,D0125,IP0537,SUCCESS
T00009867,M0274,C1370,2026-03-05 23:57:31,6554.0,card,D0731,IP0431,SUCCESS
T00009868,M0452,C0787,2026-03-17 09:15:01,1569.05,wallet,D0539,IP0142,SUCCESS
T00009869,M0234,C0257,2026-02-23 23:49:23,11614.18,wallet,D0216,IP0596,SUCCESS
T00009870,M0367,C1492,2026-03-23 14:40:40,30440.66,netbanking,D0099,IP0540,SUCCESS
T00009871,M0451,C1161,2026-02-17 08:19:07,389.25,UPI,D0595,IP0619,SUCCESS
T00009872,M0129,C0588,2026-01-03 10:56:18,5383.35,UPI,D0469,IP0372,SUCCESS
T00009873,M0195,C0018,2026-01-28 17:02:30,2722.31,card,D0112,IP0264,FAILED
T00009874,M0336,C0526,2026-03-10 22:23:34,8316.55,card,D0458,IP0358,SUCCESS
T00009875,M0212,C0670,2026-01-11 21:21:15,5371.2,netbanking,D0343,IP0573,SUCCESS
T00009876,M0249,C1270,2026-02-14 09:44:31,240.78,UPI,D0294,IP0241,FAILED
T00009877,M0383,C0118,2026-03-03 13:01:59,2551.34,card,D0527,IP0288,SUCCESS
T00009878,M0444,C0419,2026-01-03 09:15:42,2268.33,netbanking,D0611,IP0296,SUCCESS
T00009879,M0214,C1323,2026-03-16 10:35:17,1973.36,UPI,D0154,IP0017,SUCCESS
T00009880,M0154,C1355,2026-03-11 17:56:18,889.88,UPI,D0263,IP0051,SUCCESS
T00009881,M0398,C1274,2026-02-14 11:06:34,1749.33,UPI,D0494,IP0059,SUCCESS
T00009882,M0329,C0602,2026-01-19 19:05:56,7781.74,UPI,D0645,IP0733,SUCCESS
T00009883,M0402,C1153,2026-02-11 15:49:18,2506.73,UPI,D0639,IP0568,SUCCESS
T00009884,M0480,C1082,2026-01-02 05:26:20,709.78,UPI,D0695,IP0202,SUCCESS
T00009885,M0142,C1085,2026-03-15 21:04:46,1496.22,wallet,D0642,IP0672,SUCCESS
T00009886,M0405,C0762,2026-02-23 13:56:50,5419.86,card,D0268,IP0464,SUCCESS
T00009887,M0159,C0027,2026-03-21 19:45:34,4572.9,card,D0164,IP0622,SUCCESS
T00009888,M0147,C0167,2026-01-31 12:10:09,3244.08,card,D0689,IP0245,SUCCESS
T00009889,M0389,C0174,2026-02-23 22:34:39,469.44,card,D0402,IP0154,SUCCESS
T00009890,M0167,C0678,2026-03-01 15:04:41,1751.07,wallet,D0208,IP0415,SUCCESS
T00009891,M0008,C1093,2026-01-16 12:45:27,1660.92,netbanking,D0561,IP0217,SUCCESS
T00009892,M0235,C0544,2026-02-13 17:59:16,961.81,netbanking,D0537,IP0670,SUCCESS
T00009893,M0207,C0266,2026-03-16 12:21:35,1317.28,card,D0016,IP0323,FAILED
T00009894,M0015,C0596,2026-01-19 11:45:04,979.16,card,D0016,IP0288,SUCCESS
T00009895,M0203,C0411,2026-01-22 18:50:09,574.87,UPI,D0077,IP0031,REFUNDED
T00009896,M0207,C0048,2026-01-02 09:18:04,1766.87,card,D0332,IP0650,SUCCESS
T00009897,M0297,C1027,2026-01-31 23:58:14,2168.29,UPI,D0663,IP0509,SUCCESS
T00009898,M0281,C1164,2026-02-04 15:38:58,989.69,card,D0301,IP0685,SUCCESS
T00009899,M0113,C0259,2026-02-16 09:44:20,478.95,wallet,D0403,IP0156,SUCCESS
T00009900,M0379,C0289,2026-03-16 09:05:59,228.94,card,D0631,IP0112,SUCCESS
T00009901,M0470,C0183,2026-03-16 21:47:07,279.61,UPI,D0109,IP0434,SUCCESS
T00009902,M0418,C0678,2026-01-09 23:20:40,4774.35,wallet,D0252,IP0685,SUCCESS
T00009903,M0113,C0736,2026-01-24 11:39:56,491.11,card,D0403,IP0262,SUCCESS
T00009904,M0303,C0839,2026-03-15 23:05:35,640.75,wallet,D0181,IP0422,SUCCESS
T00009905,M0126,C1082,2026-01-28 17:27:17,313.4,UPI,D0525,IP0072,SUCCESS
T00009906,M0227,C0002,2026-02-15 23:07:28,262.4,card,D0137,IP0714,SUCCESS
T00009907,M0449,C0203,2026-02-07 13:00:54,524.88,UPI,D0422,IP0516,SUCCESS
T00009908,M0085,C0407,2026-01-07 16:15:49,1789.02,UPI,D0465,IP0022,SUCCESS
T00009909,M0480,C0555,2026-02-18 17:03:11,174.19,UPI,D0029,IP0746,SUCCESS
T00009910,M0198,C0739,2026-01-15 18:47:39,781.39,card,D0351,IP0091,SUCCESS
T00009911,M0344,C1400,2026-03-23 23:27:57,78270.38,netbanking,D0063,IP0145,SUCCESS
T00009912,M0285,C0457,2026-01-10 10:33:09,13688.88,card,D0454,IP0562,SUCCESS
T00009913,M0303,C1081,2026-03-08 16:24:00,4173.48,UPI,D0271,IP0292,SUCCESS
T00009914,M0348,C1486,2026-01-03 07:27:28,385.19,wallet,D0066,IP0721,SUCCESS
T00009915,M0070,C1336,2026-02-24 05:43:17,234.37,UPI,D0312,IP0287,SUCCESS
T00009916,M0130,C0938,2026-01-04 18:39:41,3236.99,card,D0061,IP0010,SUCCESS
T00009917,M0403,C0865,2026-02-20 14:52:11,8637.25,netbanking,D0244,IP0239,SUCCESS
T00009918,M0403,C1402,2026-03-10 19:14:29,4232.22,UPI,D0458,IP0689,SUCCESS
T00009919,M0303,C1155,2026-02-20 20:34:03,1065.65,card,D0660,IP0694,SUCCESS
T00009920,M0480,C1182,2026-01-21 10:25:09,288.78,card,D0293,IP0372,SUCCESS
T00009921,M0026,C0729,2026-01-22 16:43:41,10704.07,card,D0537,IP0219,SUCCESS
T00009922,M0464,C0621,2026-03-06 21:39:28,5280.49,wallet,D0096,IP0495,SUCCESS
T00009923,M0246,C1175,2026-02-03 18:33:51,2102.15,UPI,D0734,IP0606,REFUNDED
T00009924,M0470,C0575,2026-01-07 20:12:49,393.47,wallet,D0109,IP0635,SUCCESS
T00009925,M0263,C0063,2026-03-30 17:57:37,523.66,card,D0255,IP0556,SUCCESS
T00009926,M0408,C0150,2026-01-29 12:08:20,1400.0,netbanking,D0036,IP0336,SUCCESS
T00009927,M0491,C0531,2026-02-16 18:38:25,1423.02,UPI,D0034,IP0114,SUCCESS
T00009928,M0448,C0514,2026-02-28 23:21:21,18073.44,card,D0329,IP0457,SUCCESS
T00009929,M0071,C1456,2026-02-27 14:11:10,6201.66,card,D0113,IP0542,SUCCESS
T00009930,M0410,C0416,2026-02-06 18:35:48,2950.44,UPI,D0098,IP0471,SUCCESS
T00009931,M0260,C0809,2026-01-21 22:21:39,1180.13,card,D0468,IP0375,SUCCESS
T00009932,M0168,C1109,2026-02-08 14:11:02,1406.51,card,D0030,IP0555,SUCCESS
T00009933,M0382,C1298,2026-03-25 17:03:42,800.84,UPI,D0424,IP0325,SUCCESS
T00009934,M0247,C0646,2026-03-30 23:09:51,3298.29,card,D0518,IP0504,SUCCESS
T00009935,M0326,C1276,2026-03-25 12:45:42,7830.41,card,D0032,IP0290,SUCCESS
T00009936,M0410,C0981,2026-02-28 15:38:33,1105.32,UPI,D0098,IP0471,SUCCESS
T00009937,M0424,C0999,2026-01-28 23:16:46,656.64,UPI,D0189,IP0263,SUCCESS
T00009938,M0263,C0558,2026-03-15 13:53:45,2873.79,UPI,D0168,IP0629,SUCCESS
T00009939,M0248,C1375,2026-03-01 12:05:33,211.85,card,D0256,IP0684,SUCCESS
T00009940,M0229,C0622,2026-01-17 22:29:18,6531.14,card,D0451,IP0481,SUCCESS
T00009941,M0367,C1252,2026-02-05 09:12:11,3083.5,UPI,D0016,IP0343,SUCCESS
T00009942,M0480,C0951,2026-01-14 16:30:52,493.97,UPI,D0695,IP0286,FAILED
T00009943,M0157,C1290,2026-01-13 12:29:57,819.33,card,D0710,IP0575,SUCCESS
T00009944,M0166,C0533,2026-01-13 00:18:40,832.45,UPI,D0462,IP0315,SUCCESS
T00009945,M0359,C0336,2026-02-04 20:24:29,231.43,UPI,D0059,IP0493,SUCCESS
T00009946,M0254,C0526,2026-02-13 12:32:35,4553.66,wallet,D0093,IP0660,SUCCESS
T00009947,M0030,C0486,2026-02-02 14:14:31,935.39,card,D0157,IP0573,REFUNDED
T00009948,M0053,C1087,2026-03-13 15:53:05,6715.81,UPI,D0247,IP0319,FAILED
T00009949,M0333,C0154,2026-01-28 17:37:29,3955.76,card,D0491,IP0439,SUCCESS
T00009950,M0214,C0151,2026-03-04 16:52:28,890.08,netbanking,D0655,IP0121,SUCCESS
T00009951,M0347,C0601,2026-02-28 12:52:28,756.09,UPI,D0588,IP0225,SUCCESS
T00009952,M0403,C1171,2026-01-14 17:35:26,2621.84,UPI,D0458,IP0422,SUCCESS
T00009953,M0202,C0496,2026-02-01 11:39:46,475.87,UPI,D0546,IP0590,SUCCESS
T00009954,M0321,C1059,2026-03-15 13:51:03,2381.3,UPI,D0570,IP0112,SUCCESS
T00009955,M0236,C1432,2026-02-14 19:42:53,2367.87,UPI,D0101,IP0069,SUCCESS
T00009956,M0477,C1245,2026-01-09 16:10:08,2253.15,UPI,D0526,IP0522,SUCCESS
T00009957,M0487,C0404,2026-01-27 17:31:51,254.25,UPI,D0341,IP0081,SUCCESS
T00009958,M0367,C1492,2026-01-14 12:15:26,7304.37,UPI,D0372,IP0021,SUCCESS
T00009959,M0216,C0068,2026-01-20 19:26:53,1662.2,card,D0061,IP0179,SUCCESS
T00009960,M0480,C0929,2026-02-09 12:25:07,408.03,UPI,D0450,IP0746,SUCCESS
T00009961,M0196,C1137,2026-01-31 20:12:23,4613.93,card,D0478,IP0692,REFUNDED
T00009962,M0297,C0337,2026-03-02 15:34:01,1383.4,UPI,D0467,IP0148,SUCCESS
T00009963,M0480,C0211,2026-03-18 13:30:49,143.1,wallet,D0695,IP0746,SUCCESS
T00009964,M0336,C1372,2026-02-05 14:26:02,8360.58,card,D0128,IP0627,SUCCESS
T00009965,M0229,C0536,2026-02-17 13:42:42,42596.48,wallet,D0451,IP0481,SUCCESS
T00009966,M0015,C1412,2026-01-13 23:17:15,798.1,UPI,D0413,IP0572,SUCCESS
T00009967,M0415,C1051,2026-01-31 17:08:07,1202.64,card,D0367,IP0309,SUCCESS
T00009968,M0068,C1456,2026-02-20 16:31:16,592.67,card,D0328,IP0265,FAILED
T00009969,M0071,C0354,2026-03-01 15:23:30,10873.82,card,D0457,IP0542,SUCCESS
T00009970,M0142,C1048,2026-01-08 12:15:20,2160.61,wallet,D0073,IP0672,SUCCESS
T00009971,M0352,C0052,2026-01-02 19:37:13,2045.7,card,D0444,IP0450,SUCCESS
T00009972,M0455,C0318,2026-02-08 21:50:24,477.49,card,D0594,IP0336,SUCCESS
T00009973,M0004,C0118,2026-01-27 10:19:02,6749.65,wallet,D0124,IP0456,SUCCESS
T00009974,M0368,C0941,2026-02-10 09:51:06,7299.97,card,D0012,IP0570,SUCCESS
T00009975,M0296,C0595,2026-03-12 19:53:29,1324.47,UPI,D0257,IP0471,SUCCESS
T00009976,M0346,C0634,2026-02-02 11:37:26,2103.77,card,D0232,IP0067,SUCCESS
T00009977,M0376,C1212,2026-02-12 12:13:11,2165.23,UPI,D0304,IP0431,SUCCESS
T00009978,M0364,C0667,2026-01-31 18:47:09,1690.67,wallet,D0656,IP0312,SUCCESS
T00009979,M0428,C1438,2026-03-17 07:10:58,2400.84,UPI,D0654,IP0668,SUCCESS
T00009980,M0077,C0820,2026-01-29 06:34:15,8173.65,card,D0316,IP0510,SUCCESS
T00009981,M0142,C1469,2026-02-03 19:41:06,1027.92,UPI,D0475,IP0136,SUCCESS
T00009982,M0437,C1146,2026-01-06 14:13:40,1359.61,card,D0576,IP0354,SUCCESS
T00009983,M0051,C0004,2026-03-13 23:29:51,4468.29,UPI,D0391,IP0241,SUCCESS
T00009984,M0490,C0295,2026-02-09 23:31:12,1023.13,wallet,D0424,IP0444,SUCCESS
T00009985,M0256,C0240,2026-03-27 14:46:58,5508.2,UPI,D0574,IP0013,SUCCESS
T00009986,M0204,C1350,2026-01-09 07:45:12,2918.93,card,D0145,IP0726,SUCCESS
T00009987,M0249,C0060,2026-02-13 04:00:40,1288.29,UPI,D0294,IP0653,SUCCESS
T00009988,M0165,C0718,2026-03-13 14:02:34,565.29,UPI,D0189,IP0377,SUCCESS
T00009989,M0425,C0364,2026-03-25 18:46:16,43041.23,netbanking,D0255,IP0481,SUCCESS
T00009990,M0341,C0418,2026-02-09 16:31:39,379.01,UPI,D0268,IP0014,SUCCESS
T00009991,M0167,C0141,2026-02-22 14:44:44,3743.5,wallet,D0010,IP0680,SUCCESS
T00009992,M0410,C0673,2026-01-30 16:21:22,2989.56,UPI,D0526,IP0189,SUCCESS
T00009993,M0382,C1337,2026-01-21 15:35:48,4147.63,netbanking,D0424,IP0325,SUCCESS
T00009994,M0326,C1197,2026-01-26 11:15:49,4933.52,UPI,D0419,IP0290,SUCCESS
T00009995,M0249,C1486,2026-02-03 13:37:15,667.77,UPI,D0686,IP0653,SUCCESS
T00009996,M0440,C0693,2026-03-07 23:00:35,11542.92,card,D0712,IP0448,FAILED
T00009997,M0134,C0192,2026-02-05 07:48:56,1100.65,UPI,D0300,IP0573,FAILED
T00009998,M0466,C0907,2026-02-11 20:32:10,3945.37,card,D0061,IP0612,SUCCESS
T00009999,M0329,C1225,2026-03-20 19:43:43,1209.98,card,D0645,IP0128,SUCCESS
T00010000,M0480,C1193,2026-01-24 08:59:59,102.52,UPI,D0695,IP0295,SUCCESS
