timestamp,merchant_id,event_type,related_entity
2026-01-01 00:00:00,M03486,MERCHANT_ONBOARDED,
2026-01-01 00:00:00,M04978,MERCHANT_ONBOARDED,
2026-01-01 00:00:00,M03831,MERCHANT_ONBOARDED,
2026-01-01 00:00:00,M03311,MERCHANT_ONBOARDED,
2026-01-01 00:00:00,M02026,MERCHANT_ONBOARDED,
2026-01-01 00:00:00,M04317,MERCHANT_ONBOARDED,
2026-01-01 00:00:00,M04688,MERCHANT_ONBOARDED,
2026-01-01 00:00:00,M03226,MERCHANT_ONBOARDED,
2026-01-01 00:00:00,M04660,MERCHANT_ONBOARDED,
2026-01-01 00:00:00,M03184,MERCHANT_ONBOARDED,
2026-01-01 00:00:00,M01590,MERCHANT_ONBOARDED,
2026-01-02 00:00:00,M00160,MERCHANT_ONBOARDED,
2026-01-02 00:00:00,M03161,MERCHANT_ONBOARDED,
2026-01-02 00:00:00,M03227,MERCHANT_ONBOARDED,
2026-01-02 00:00:00,M02885,MERCHANT_ONBOARDED,
2026-01-02 00:00:00,M02892,MERCHANT_ONBOARDED,
2026-01-02 00:00:00,M02946,MERCHANT_ONBOARDED,
2026-01-02 00:00:00,M04431,MERCHANT_ONBOARDED,
2026-01-02 00:00:00,M04413,MERCHANT_ONBOARDED,
2026-01-02 00:00:00,M03095,MERCHANT_ONBOARDED,
2026-01-02 00:00:00,M02157,MERCHANT_ONBOARDED,
2026-01-02 00:00:00,M00532,MERCHANT_ONBOARDED,
2026-01-02 00:00:00,M03919,MERCHANT_ONBOARDED,
2026-01-02 00:00:00,M00389,MERCHANT_ONBOARDED,
2026-01-02 00:00:00,M01916,MERCHANT_ONBOARDED,
2026-01-02 00:00:00,M04297,MERCHANT_ONBOARDED,
2026-01-03 00:00:00,M02495,MERCHANT_ONBOARDED,
2026-01-03 00:00:00,M01834,MERCHANT_ONBOARDED,
2026-01-03 00:00:00,M00561,MERCHANT_ONBOARDED,
2026-01-03 00:00:00,M03354,MERCHANT_ONBOARDED,
2026-01-03 00:00:00,M00956,MERCHANT_ONBOARDED,
2026-01-03 00:00:00,M00741,MERCHANT_ONBOARDED,
2026-01-03 00:00:00,M04049,MERCHANT_ONBOARDED,
2026-01-03 00:00:00,M02073,MERCHANT_ONBOARDED,
2026-01-03 00:00:00,M02355,MERCHANT_ONBOARDED,
2026-01-03 00:00:00,M01103,MERCHANT_ONBOARDED,
2026-01-03 00:00:00,M01179,MERCHANT_ONBOARDED,
2026-01-03 00:00:00,M01548,MERCHANT_ONBOARDED,
2026-01-03 00:00:00,M00804,MERCHANT_ONBOARDED,
2026-01-03 00:00:00,M01148,MERCHANT_ONBOARDED,
2026-01-03 00:00:00,M02123,MERCHANT_ONBOARDED,
2026-01-04 00:00:00,M04038,MERCHANT_ONBOARDED,
2026-01-04 00:00:00,M00282,MERCHANT_ONBOARDED,
2026-01-04 00:00:00,M03613,MERCHANT_ONBOARDED,
2026-01-04 00:00:00,M03426,MERCHANT_ONBOARDED,
2026-01-04 00:00:00,M03450,MERCHANT_ONBOARDED,
2026-01-04 00:00:00,M03550,MERCHANT_ONBOARDED,
2026-01-04 00:00:00,M04180,MERCHANT_ONBOARDED,
2026-01-04 00:00:00,M04806,MERCHANT_ONBOARDED,
2026-01-04 00:00:00,M04106,MERCHANT_ONBOARDED,
2026-01-04 00:00:00,M00188,MERCHANT_ONBOARDED,
2026-01-04 00:00:00,M02751,MERCHANT_ONBOARDED,
2026-01-04 00:00:00,M02637,MERCHANT_ONBOARDED,
2026-01-04 00:00:00,M02174,MERCHANT_ONBOARDED,
2026-01-04 00:00:00,M02387,MERCHANT_ONBOARDED,
2026-01-04 00:00:00,M01294,MERCHANT_ONBOARDED,
2026-01-04 00:00:00,M01712,MERCHANT_ONBOARDED,
2026-01-05 00:00:00,M03028,MERCHANT_ONBOARDED,
2026-01-05 00:00:00,M00835,MERCHANT_ONBOARDED,
2026-01-05 00:00:00,M02537,MERCHANT_ONBOARDED,
2026-01-05 00:00:00,M02466,MERCHANT_ONBOARDED,
2026-01-05 00:00:00,M00772,MERCHANT_ONBOARDED,
2026-01-05 00:00:00,M01825,MERCHANT_ONBOARDED,
2026-01-05 00:00:00,M02295,MERCHANT_ONBOARDED,
2026-01-05 00:00:00,M00551,MERCHANT_ONBOARDED,
2026-01-05 00:00:00,M02124,MERCHANT_ONBOARDED,
2026-01-05 00:00:00,M00424,MERCHANT_ONBOARDED,
2026-01-05 00:00:00,M02109,MERCHANT_ONBOARDED,
2026-01-05 00:00:00,M04061,MERCHANT_ONBOARDED,
2026-01-05 00:00:00,M04365,MERCHANT_ONBOARDED,
2026-01-05 00:00:00,M02652,MERCHANT_ONBOARDED,
2026-01-05 00:00:00,M03485,MERCHANT_ONBOARDED,
2026-01-05 00:00:00,M04065,MERCHANT_ONBOARDED,
2026-01-05 00:00:00,M00962,MERCHANT_ONBOARDED,
2026-01-05 00:00:00,M03374,MERCHANT_ONBOARDED,
2026-01-06 00:00:00,M02671,MERCHANT_ONBOARDED,
2026-01-06 00:00:00,M03792,MERCHANT_ONBOARDED,
2026-01-06 00:00:00,M04539,DEVICE_ADDED,D03792
2026-01-06 00:00:00,M02070,DEVICE_ADDED,D08560
2026-01-06 00:00:00,M03960,DEVICE_ADDED,D03422
2026-01-06 00:00:00,M02070,DEVICE_REMOVED,D01446
2026-01-06 00:00:00,M03960,DEVICE_REMOVED,D06713
2026-01-06 00:00:00,M02288,DEVICE_ADDED,D03241
2026-01-06 00:00:00,M03311,DEVICE_ADDED,D06001
2026-01-06 00:00:00,M03887,DEVICE_REMOVED,D00233
2026-01-06 00:00:00,M03213,DEVICE_REMOVED,D05527
2026-01-06 00:00:00,M03311,DEVICE_REMOVED,D04469
2026-01-06 00:00:00,M04539,DEVICE_REMOVED,D01928
2026-01-06 00:00:00,M02288,DEVICE_REMOVED,D01261
2026-01-06 00:00:00,M01620,DEVICE_REMOVED,D04715
2026-01-06 00:00:00,M02862,MERCHANT_ONBOARDED,
2026-01-06 00:00:00,M00777,MERCHANT_ONBOARDED,
2026-01-06 00:00:00,M01620,DEVICE_ADDED,D02448
2026-01-06 00:00:00,M01012,DEVICE_REMOVED,D00998
2026-01-06 00:00:00,M00814,MERCHANT_ONBOARDED,
2026-01-06 00:00:00,M01012,DEVICE_ADDED,D01205
2026-01-06 00:00:00,M00831,DEVICE_ADDED,D01135
2026-01-06 00:00:00,M02824,MERCHANT_ONBOARDED,
2026-01-06 00:00:00,M00831,DEVICE_REMOVED,D05472
2026-01-06 00:00:00,M01041,DEVICE_REMOVED,D05669
2026-01-06 00:00:00,M01041,DEVICE_ADDED,D05345
2026-01-06 00:00:00,M01486,MERCHANT_ONBOARDED,
2026-01-06 00:00:00,M04311,DEVICE_REMOVED,D01114
2026-01-06 00:00:00,M04311,DEVICE_ADDED,D09962
2026-01-06 00:00:00,M03213,DEVICE_ADDED,D07393
2026-01-06 00:00:00,M03887,DEVICE_ADDED,D05612
2026-01-06 00:00:00,M04496,MERCHANT_ONBOARDED,
2026-01-06 00:00:00,M04183,MERCHANT_ONBOARDED,
2026-01-06 00:00:00,M02732,DEVICE_REMOVED,D02353
2026-01-06 00:00:00,M00129,MERCHANT_ONBOARDED,
2026-01-06 00:00:00,M02732,DEVICE_ADDED,D03722
2026-01-06 00:00:00,M04596,MERCHANT_ONBOARDED,
2026-01-06 00:00:00,M02485,DEVICE_ADDED,D08689
2026-01-06 00:00:00,M02485,DEVICE_REMOVED,D01332
2026-01-07 00:00:00,M02838,MERCHANT_ONBOARDED,
2026-01-07 00:00:00,M01726,DEVICE_ADDED,D02649
2026-01-07 00:00:00,M04422,DEVICE_REMOVED,D04486
2026-01-07 00:00:00,M03164,MERCHANT_ONBOARDED,
2026-01-07 00:00:00,M00294,DEVICE_REMOVED,D04096
2026-01-07 00:00:00,M00612,MERCHANT_ONBOARDED,
2026-01-07 00:00:00,M04422,DEVICE_ADDED,D02558
2026-01-07 00:00:00,M00617,MERCHANT_ONBOARDED,
2026-01-07 00:00:00,M02208,DEVICE_ADDED,D03477
2026-01-07 00:00:00,M02535,MERCHANT_ONBOARDED,
2026-01-07 00:00:00,M02844,DEVICE_REMOVED,D06842
2026-01-07 00:00:00,M00294,DEVICE_ADDED,D08018
2026-01-07 00:00:00,M04661,MERCHANT_ONBOARDED,
2026-01-07 00:00:00,M02549,DEVICE_REMOVED,D06698
2026-01-07 00:00:00,M02549,DEVICE_ADDED,D08839
2026-01-07 00:00:00,M01899,MERCHANT_ONBOARDED,
2026-01-07 00:00:00,M04659,MERCHANT_ONBOARDED,
2026-01-07 00:00:00,M04530,DEVICE_REMOVED,D07772
2026-01-07 00:00:00,M04935,DEVICE_ADDED,D07945
2026-01-07 00:00:00,M04269,MERCHANT_ONBOARDED,
2026-01-07 00:00:00,M04935,DEVICE_REMOVED,D04995
2026-01-07 00:00:00,M03650,DEVICE_REMOVED,D07755
2026-01-07 00:00:00,M03650,DEVICE_ADDED,D09151
2026-01-07 00:00:00,M04530,DEVICE_ADDED,D04382
2026-01-07 00:00:00,M03627,MERCHANT_ONBOARDED,
2026-01-07 00:00:00,M02208,DEVICE_REMOVED,D00092
2026-01-07 00:00:00,M04565,MERCHANT_ONBOARDED,
2026-01-07 00:00:00,M01726,DEVICE_REMOVED,D04492
2026-01-07 00:00:00,M04432,MERCHANT_ONBOARDED,
2026-01-07 00:00:00,M02658,MERCHANT_ONBOARDED,
2026-01-07 00:00:00,M01786,DEVICE_REMOVED,D03891
2026-01-07 00:00:00,M00186,DEVICE_REMOVED,D07219
2026-01-07 00:00:00,M04284,MERCHANT_ONBOARDED,
2026-01-07 00:00:00,M01531,MERCHANT_ONBOARDED,
2026-01-07 00:00:00,M01856,DEVICE_REMOVED,D07532
2026-01-07 00:00:00,M02452,DEVICE_REMOVED,D00648
2026-01-07 00:00:00,M01856,DEVICE_ADDED,D02378
2026-01-07 00:00:00,M03723,DEVICE_ADDED,D04235
2026-01-07 00:00:00,M03723,DEVICE_REMOVED,D03868
2026-01-07 00:00:00,M04370,MERCHANT_ONBOARDED,
2026-01-07 00:00:00,M01786,DEVICE_ADDED,D01107
2026-01-07 00:00:00,M03710,DEVICE_ADDED,D08910
2026-01-07 00:00:00,M03710,DEVICE_REMOVED,D00922
2026-01-07 00:00:00,M00186,DEVICE_ADDED,D07896
2026-01-07 00:00:00,M00530,MERCHANT_ONBOARDED,
2026-01-07 00:00:00,M02452,DEVICE_ADDED,D03607
2026-01-07 00:00:00,M02628,MERCHANT_ONBOARDED,
2026-01-07 00:00:00,M03545,MERCHANT_ONBOARDED,
2026-01-07 00:00:00,M02844,DEVICE_ADDED,D00553
2026-01-07 00:00:00,M02801,MERCHANT_ONBOARDED,
2026-01-08 00:00:00,M02761,DEVICE_REMOVED,D01753
2026-01-08 00:00:00,M00304,MERCHANT_ONBOARDED,
2026-01-08 00:00:00,M00874,DEVICE_REMOVED,D07396
2026-01-08 00:00:00,M00874,DEVICE_ADDED,D03967
2026-01-08 00:00:00,M01855,MERCHANT_ONBOARDED,
2026-01-08 00:00:00,M02761,DEVICE_ADDED,D04091
2026-01-08 00:00:00,M02438,MERCHANT_ONBOARDED,
2026-01-08 00:00:00,M01107,MERCHANT_ONBOARDED,
2026-01-08 00:00:00,M00952,MERCHANT_ONBOARDED,
2026-01-08 00:00:00,M04111,DEVICE_REMOVED,D09638
2026-01-08 00:00:00,M01789,MERCHANT_ONBOARDED,
2026-01-08 00:00:00,M04642,DEVICE_ADDED,D04593
2026-01-08 00:00:00,M00251,MERCHANT_ONBOARDED,
2026-01-08 00:00:00,M00066,MERCHANT_ONBOARDED,
2026-01-08 00:00:00,M03111,DEVICE_ADDED,D06750
2026-01-08 00:00:00,M03111,DEVICE_REMOVED,D02358
2026-01-08 00:00:00,M04642,DEVICE_REMOVED,D04843
2026-01-08 00:00:00,M04043,DEVICE_REMOVED,D05673
2026-01-08 00:00:00,M04043,DEVICE_ADDED,D02799
2026-01-08 00:00:00,M03592,MERCHANT_ONBOARDED,
2026-01-08 00:00:00,M01478,MERCHANT_ONBOARDED,
2026-01-08 00:00:00,M03278,DEVICE_REMOVED,D07317
2026-01-08 00:00:00,M04841,DEVICE_ADDED,D05175
2026-01-08 00:00:00,M00210,DEVICE_REMOVED,D00970
2026-01-08 00:00:00,M00210,DEVICE_ADDED,D05866
2026-01-08 00:00:00,M00011,MERCHANT_ONBOARDED,
2026-01-08 00:00:00,M01420,MERCHANT_ONBOARDED,
2026-01-08 00:00:00,M04696,MERCHANT_ONBOARDED,
2026-01-08 00:00:00,M02811,MERCHANT_ONBOARDED,
2026-01-08 00:00:00,M02343,DEVICE_ADDED,D05641
2026-01-08 00:00:00,M04841,DEVICE_REMOVED,D01842
2026-01-08 00:00:00,M00275,DEVICE_REMOVED,D07205
2026-01-08 00:00:00,M00275,DEVICE_ADDED,D04306
2026-01-08 00:00:00,M03857,MERCHANT_ONBOARDED,
2026-01-08 00:00:00,M04111,DEVICE_ADDED,D01906
2026-01-08 00:00:00,M02343,DEVICE_REMOVED,D04356
2026-01-08 00:00:00,M01322,DEVICE_ADDED,D01857
2026-01-08 00:00:00,M01322,DEVICE_REMOVED,D00194
2026-01-08 00:00:00,M03003,DEVICE_ADDED,D06430
2026-01-08 00:00:00,M03278,DEVICE_ADDED,D00478
2026-01-08 00:00:00,M03003,DEVICE_REMOVED,D06426
2026-01-09 00:00:00,M01545,MERCHANT_ONBOARDED,
2026-01-09 00:00:00,M01357,MERCHANT_ONBOARDED,
2026-01-09 00:00:00,M04948,MERCHANT_ONBOARDED,
2026-01-09 00:00:00,M02792,MERCHANT_ONBOARDED,
2026-01-09 00:00:00,M02765,MERCHANT_ONBOARDED,
2026-01-09 00:00:00,M02003,DEVICE_REMOVED,D01013
2026-01-09 00:00:00,M04597,MERCHANT_ONBOARDED,
2026-01-09 00:00:00,M02003,DEVICE_ADDED,D00506
2026-01-09 00:00:00,M03073,MERCHANT_ONBOARDED,
2026-01-09 00:00:00,M03576,DEVICE_REMOVED,D06269
2026-01-09 00:00:00,M03576,DEVICE_ADDED,D07545
2026-01-09 00:00:00,M01737,MERCHANT_ONBOARDED,
2026-01-09 00:00:00,M04470,DEVICE_REMOVED,D08716
2026-01-09 00:00:00,M04470,DEVICE_ADDED,D06081
2026-01-09 00:00:00,M03145,DEVICE_ADDED,D05249
2026-01-09 00:00:00,M02524,DEVICE_ADDED,D03017
2026-01-09 00:00:00,M02545,DEVICE_REMOVED,D08198
2026-01-09 00:00:00,M01019,DEVICE_ADDED,D09577
2026-01-09 00:00:00,M01019,DEVICE_REMOVED,D01976
2026-01-09 00:00:00,M04453,MERCHANT_ONBOARDED,
2026-01-09 00:00:00,M02545,DEVICE_ADDED,D07211
2026-01-09 00:00:00,M03453,DEVICE_ADDED,D04820
2026-01-09 00:00:00,M01229,MERCHANT_ONBOARDED,
2026-01-09 00:00:00,M00453,MERCHANT_ONBOARDED,
2026-01-09 00:00:00,M03453,DEVICE_REMOVED,D02497
2026-01-09 00:00:00,M01261,MERCHANT_ONBOARDED,
2026-01-09 00:00:00,M01639,MERCHANT_ONBOARDED,
2026-01-09 00:00:00,M02524,DEVICE_REMOVED,D03180
2026-01-09 00:00:00,M03145,DEVICE_REMOVED,D06632
2026-01-09 00:00:00,M02425,DEVICE_ADDED,D01091
2026-01-09 00:00:00,M04960,DEVICE_ADDED,D05806
2026-01-09 00:00:00,M02201,DEVICE_REMOVED,D06437
2026-01-09 00:00:00,M00825,MERCHANT_ONBOARDED,
2026-01-09 00:00:00,M02201,DEVICE_ADDED,D03420
2026-01-09 00:00:00,M03088,DEVICE_ADDED,D08173
2026-01-09 00:00:00,M04905,DEVICE_REMOVED,D04674
2026-01-09 00:00:00,M00580,MERCHANT_ONBOARDED,
2026-01-09 00:00:00,M03802,MERCHANT_ONBOARDED,
2026-01-09 00:00:00,M02194,DEVICE_ADDED,D08749
2026-01-09 00:00:00,M01557,DEVICE_REMOVED,D06138
2026-01-09 00:00:00,M01391,DEVICE_ADDED,D01589
2026-01-09 00:00:00,M02190,MERCHANT_ONBOARDED,
2026-01-09 00:00:00,M01600,DEVICE_ADDED,D06394
2026-01-09 00:00:00,M01600,DEVICE_REMOVED,D01349
2026-01-09 00:00:00,M04960,DEVICE_REMOVED,D07089
2026-01-09 00:00:00,M01391,DEVICE_REMOVED,D00616
2026-01-09 00:00:00,M04905,DEVICE_ADDED,D02250
2026-01-09 00:00:00,M01557,DEVICE_ADDED,D01544
2026-01-09 00:00:00,M02194,DEVICE_REMOVED,D01455
2026-01-09 00:00:00,M03088,DEVICE_REMOVED,D06242
2026-01-09 00:00:00,M04818,MERCHANT_ONBOARDED,
2026-01-09 00:00:00,M02425,DEVICE_REMOVED,D09834
2026-01-09 00:00:00,M02874,DEVICE_ADDED,D03049
2026-01-09 00:00:00,M00484,MERCHANT_ONBOARDED,
2026-01-09 00:00:00,M02112,MERCHANT_ONBOARDED,
2026-01-09 00:00:00,M04087,MERCHANT_ONBOARDED,
2026-01-09 00:00:00,M02874,DEVICE_REMOVED,D02979
2026-01-10 00:00:00,M03528,DEVICE_REMOVED,D08755
2026-01-10 00:00:00,M01059,DEVICE_ADDED,D03208
2026-01-10 00:00:00,M04488,DEVICE_REMOVED,D02341
2026-01-10 00:00:00,M04488,DEVICE_ADDED,D04498
2026-01-10 00:00:00,M00180,MERCHANT_ONBOARDED,
2026-01-10 00:00:00,M01490,DEVICE_REMOVED,D02160
2026-01-10 00:00:00,M04055,MERCHANT_ONBOARDED,
2026-01-10 00:00:00,M02006,MERCHANT_ONBOARDED,
2026-01-10 00:00:00,M03307,DEVICE_REMOVED,D05096
2026-01-10 00:00:00,M02497,MERCHANT_ONBOARDED,
2026-01-10 00:00:00,M03528,DEVICE_ADDED,D03628
2026-01-10 00:00:00,M03307,DEVICE_ADDED,D06397
2026-01-10 00:00:00,M00020,DEVICE_REMOVED,D08224
2026-01-10 00:00:00,M00154,MERCHANT_ONBOARDED,
2026-01-10 00:00:00,M01053,DEVICE_REMOVED,D09790
2026-01-10 00:00:00,M03928,DEVICE_REMOVED,D02099
2026-01-10 00:00:00,M03928,DEVICE_ADDED,D08093
2026-01-10 00:00:00,M01490,DEVICE_ADDED,D09971
2026-01-10 00:00:00,M01053,DEVICE_ADDED,D06539
2026-01-10 00:00:00,M01059,DEVICE_REMOVED,D06826
2026-01-10 00:00:00,M04053,MERCHANT_ONBOARDED,
2026-01-10 00:00:00,M02355,DEVICE_ADDED,D08523
2026-01-10 00:00:00,M03927,MERCHANT_ONBOARDED,
2026-01-10 00:00:00,M02355,DEVICE_REMOVED,D05115
2026-01-10 00:00:00,M04945,MERCHANT_ONBOARDED,
2026-01-10 00:00:00,M03917,MERCHANT_ONBOARDED,
2026-01-10 00:00:00,M04197,MERCHANT_ONBOARDED,
2026-01-10 00:00:00,M02140,MERCHANT_ONBOARDED,
2026-01-10 00:00:00,M01407,MERCHANT_ONBOARDED,
2026-01-10 00:00:00,M00020,DEVICE_ADDED,D05116
2026-01-10 00:00:00,M03642,MERCHANT_ONBOARDED,
2026-01-10 00:00:00,M02352,MERCHANT_ONBOARDED,
2026-01-10 00:00:00,M02207,MERCHANT_ONBOARDED,
2026-01-10 00:00:00,M02062,DEVICE_ADDED,D07007
2026-01-10 00:00:00,M00057,MERCHANT_ONBOARDED,
2026-01-10 00:00:00,M01240,DEVICE_ADDED,D06850
2026-01-10 00:00:00,M01260,DEVICE_ADDED,D09929
2026-01-10 00:00:00,M04753,DEVICE_REMOVED,D07530
2026-01-10 00:00:00,M03226,DEVICE_REMOVED,D04217
2026-01-10 00:00:00,M03226,DEVICE_ADDED,D05284
2026-01-10 00:00:00,M04753,DEVICE_ADDED,D05292
2026-01-10 00:00:00,M01694,DEVICE_REMOVED,D07245
2026-01-10 00:00:00,M02062,DEVICE_REMOVED,D01210
2026-01-10 00:00:00,M01240,DEVICE_REMOVED,D02904
2026-01-10 00:00:00,M04574,MERCHANT_ONBOARDED,
2026-01-10 00:00:00,M02277,DEVICE_REMOVED,D07194
2026-01-10 00:00:00,M04016,DEVICE_REMOVED,D05628
2026-01-10 00:00:00,M02277,DEVICE_ADDED,D00702
2026-01-10 00:00:00,M04016,DEVICE_ADDED,D03647
2026-01-10 00:00:00,M01260,DEVICE_REMOVED,D07322
2026-01-10 00:00:00,M01694,DEVICE_ADDED,D03698
2026-01-10 00:00:00,M00291,MERCHANT_ONBOARDED,
2026-01-11 00:00:00,M01676,MERCHANT_ONBOARDED,
2026-01-11 00:00:00,M02701,DEVICE_ADDED,D04556
2026-01-11 00:00:00,M04279,MERCHANT_ONBOARDED,
2026-01-11 00:00:00,M04690,MERCHANT_ONBOARDED,
2026-01-11 00:00:00,M01442,DEVICE_REMOVED,D05563
2026-01-11 00:00:00,M00149,DEVICE_REMOVED,D05734
2026-01-11 00:00:00,M00316,MERCHANT_ONBOARDED,
2026-01-11 00:00:00,M01400,MERCHANT_ONBOARDED,
2026-01-11 00:00:00,M02701,DEVICE_REMOVED,D04375
2026-01-11 00:00:00,M03724,DEVICE_ADDED,D04665
2026-01-11 00:00:00,M00664,DEVICE_REMOVED,D07207
2026-01-11 00:00:00,M00664,DEVICE_ADDED,D08048
2026-01-11 00:00:00,M04810,NETWORK_JOINED,I_MULE_0365
2026-01-11 00:00:00,M01442,DEVICE_ADDED,D03327
2026-01-11 00:00:00,M01071,DEVICE_REMOVED,D09940
2026-01-11 00:00:00,M01071,DEVICE_ADDED,D02065
2026-01-11 00:00:00,M03724,DEVICE_REMOVED,D07310
2026-01-11 00:00:00,M03457,MERCHANT_ONBOARDED,
2026-01-11 00:00:00,M04993,MERCHANT_ONBOARDED,
2026-01-11 00:00:00,M03991,DEVICE_ADDED,D00175
2026-01-11 00:00:00,M03991,DEVICE_REMOVED,D03839
2026-01-11 00:00:00,M03916,MERCHANT_ONBOARDED,
2026-01-11 00:00:00,M00235,MERCHANT_ONBOARDED,
2026-01-11 00:00:00,M00694,MERCHANT_ONBOARDED,
2026-01-11 00:00:00,M03126,DEVICE_ADDED,D09054
2026-01-11 00:00:00,M03010,MERCHANT_ONBOARDED,
2026-01-11 00:00:00,M03793,DEVICE_REMOVED,D09791
2026-01-11 00:00:00,M00149,DEVICE_ADDED,D09792
2026-01-11 00:00:00,M03793,DEVICE_ADDED,D09085
2026-01-11 00:00:00,M03630,DEVICE_ADDED,D00373
2026-01-11 00:00:00,M01124,MERCHANT_ONBOARDED,
2026-01-11 00:00:00,M03603,MERCHANT_ONBOARDED,
2026-01-11 00:00:00,M03630,DEVICE_REMOVED,D03185
2026-01-11 00:00:00,M00606,DEVICE_REMOVED,D00226
2026-01-11 00:00:00,M00242,MERCHANT_ONBOARDED,
2026-01-11 00:00:00,M00606,DEVICE_ADDED,D02795
2026-01-11 00:00:00,M03126,DEVICE_REMOVED,D00744
2026-01-11 00:00:00,M02946,DEVICE_REMOVED,D09483
2026-01-11 00:00:00,M01949,MERCHANT_ONBOARDED,
2026-01-11 00:00:00,M02946,DEVICE_ADDED,D05576
2026-01-11 00:00:00,M04534,DEVICE_ADDED,D04010
2026-01-11 00:00:00,M04773,MERCHANT_ONBOARDED,
2026-01-11 00:00:00,M04926,MERCHANT_ONBOARDED,
2026-01-11 00:00:00,M04534,DEVICE_REMOVED,D06042
2026-01-12 00:00:00,M02432,NETWORK_JOINED,I_MULE_0157
2026-01-12 00:00:00,M03967,DEVICE_ADDED,D01569
2026-01-12 00:00:00,M02193,MERCHANT_ONBOARDED,
2026-01-12 00:00:00,M02600,MERCHANT_ONBOARDED,
2026-01-12 00:00:00,M00034,MERCHANT_ONBOARDED,
2026-01-12 00:00:00,M00040,MERCHANT_ONBOARDED,
2026-01-12 00:00:00,M02155,MERCHANT_ONBOARDED,
2026-01-12 00:00:00,M02363,MERCHANT_ONBOARDED,
2026-01-12 00:00:00,M01854,MERCHANT_ONBOARDED,
2026-01-12 00:00:00,M03967,DEVICE_REMOVED,D02858
2026-01-12 00:00:00,M03237,MERCHANT_ONBOARDED,
2026-01-12 00:00:00,M02123,DEVICE_ADDED,D09945
2026-01-12 00:00:00,M00970,DEVICE_REMOVED,D07040
2026-01-12 00:00:00,M00252,DEVICE_REMOVED,D06943
2026-01-12 00:00:00,M02967,MERCHANT_ONBOARDED,
2026-01-12 00:00:00,M03193,MERCHANT_ONBOARDED,
2026-01-12 00:00:00,M00252,DEVICE_ADDED,D08011
2026-01-12 00:00:00,M01008,MERCHANT_ONBOARDED,
2026-01-12 00:00:00,M00452,DEVICE_REMOVED,D05188
2026-01-12 00:00:00,M02297,DEVICE_REMOVED,D04508
2026-01-12 00:00:00,M03475,MERCHANT_ONBOARDED,
2026-01-12 00:00:00,M00970,DEVICE_ADDED,D01837
2026-01-12 00:00:00,M00452,DEVICE_ADDED,D09613
2026-01-12 00:00:00,M02386,DEVICE_REMOVED,D00766
2026-01-12 00:00:00,M02386,DEVICE_ADDED,D00091
2026-01-12 00:00:00,M01083,MERCHANT_ONBOARDED,
2026-01-12 00:00:00,M04318,DEVICE_ADDED,D07995
2026-01-12 00:00:00,M04318,DEVICE_REMOVED,D09525
2026-01-12 00:00:00,M02297,DEVICE_ADDED,D00738
2026-01-12 00:00:00,M02123,DEVICE_REMOVED,D06132
2026-01-13 00:00:00,M01384,DEVICE_REMOVED,D01005
2026-01-13 00:00:00,M01340,DEVICE_ADDED,D05376
2026-01-13 00:00:00,M03118,MERCHANT_ONBOARDED,
2026-01-13 00:00:00,M00086,MERCHANT_ONBOARDED,
2026-01-13 00:00:00,M04657,DEVICE_ADDED,D07407
2026-01-13 00:00:00,M02323,DEVICE_REMOVED,D08880
2026-01-13 00:00:00,M03818,DEVICE_ADDED,D00674
2026-01-13 00:00:00,M03818,DEVICE_REMOVED,D09659
2026-01-13 00:00:00,M01531,DEVICE_ADDED,D09660
2026-01-13 00:00:00,M04657,DEVICE_REMOVED,D07376
2026-01-13 00:00:00,M02313,DEVICE_ADDED,D06565
2026-01-13 00:00:00,M04918,MERCHANT_ONBOARDED,
2026-01-13 00:00:00,M00963,MERCHANT_ONBOARDED,
2026-01-13 00:00:00,M02313,DEVICE_REMOVED,D09022
2026-01-13 00:00:00,M01652,MERCHANT_ONBOARDED,
2026-01-13 00:00:00,M02323,DEVICE_ADDED,D05484
2026-01-13 00:00:00,M01384,DEVICE_ADDED,D03922
2026-01-13 00:00:00,M02719,DEVICE_ADDED,D09322
2026-01-13 00:00:00,M04947,MERCHANT_ONBOARDED,
2026-01-13 00:00:00,M04365,DEVICE_REMOVED,D04073
2026-01-13 00:00:00,M04365,DEVICE_ADDED,D06452
2026-01-13 00:00:00,M02719,DEVICE_REMOVED,D04272
2026-01-13 00:00:00,M02268,NETWORK_JOINED,I_MULE_0155
2026-01-13 00:00:00,M01531,DEVICE_REMOVED,D06336
2026-01-13 00:00:00,M01340,DEVICE_REMOVED,D01264
2026-01-13 00:00:00,M04342,MERCHANT_ONBOARDED,
2026-01-13 00:00:00,M01841,DEVICE_ADDED,D05298
2026-01-13 00:00:00,M04126,NETWORK_JOINED,I_MULE_0435
2026-01-13 00:00:00,M02507,MERCHANT_ONBOARDED,
2026-01-13 00:00:00,M02978,MERCHANT_ONBOARDED,
2026-01-13 00:00:00,M00091,MERCHANT_ONBOARDED,
2026-01-13 00:00:00,M04308,DEVICE_REMOVED,D00172
2026-01-13 00:00:00,M02723,NETWORK_JOINED,I_MULE_0364
2026-01-13 00:00:00,M02023,MERCHANT_ONBOARDED,
2026-01-13 00:00:00,M04308,DEVICE_ADDED,D04374
2026-01-13 00:00:00,M01841,DEVICE_REMOVED,D01171
2026-01-14 00:00:00,M03981,DEVICE_REMOVED,D07791
2026-01-14 00:00:00,M03606,MERCHANT_ONBOARDED,
2026-01-14 00:00:00,M04268,MERCHANT_ONBOARDED,
2026-01-14 00:00:00,M04836,DEVICE_ADDED,D02005
2026-01-14 00:00:00,M04836,DEVICE_REMOVED,D02004
2026-01-14 00:00:00,M03981,DEVICE_ADDED,D02847
2026-01-14 00:00:00,M00001,DEVICE_REMOVED,D03476
2026-01-14 00:00:00,M03829,DEVICE_ADDED,D07341
2026-01-14 00:00:00,M00166,DEVICE_ADDED,D02757
2026-01-14 00:00:00,M04093,MERCHANT_ONBOARDED,
2026-01-14 00:00:00,M02637,DEVICE_ADDED,D08525
2026-01-14 00:00:00,M02902,DEVICE_REMOVED,D07994
2026-01-14 00:00:00,M02637,DEVICE_REMOVED,D08907
2026-01-14 00:00:00,M02674,DEVICE_REMOVED,D09978
2026-01-14 00:00:00,M02674,DEVICE_ADDED,D02121
2026-01-14 00:00:00,M01972,MERCHANT_ONBOARDED,
2026-01-14 00:00:00,M02902,DEVICE_ADDED,D03009
2026-01-14 00:00:00,M00166,DEVICE_REMOVED,D08675
2026-01-14 00:00:00,M00309,DEVICE_REMOVED,D03020
2026-01-14 00:00:00,M02693,DEVICE_REMOVED,D09318
2026-01-14 00:00:00,M02693,DEVICE_ADDED,D03253
2026-01-14 00:00:00,M03829,DEVICE_REMOVED,D05152
2026-01-14 00:00:00,M00406,DEVICE_REMOVED,D03145
2026-01-14 00:00:00,M00406,DEVICE_ADDED,D09017
2026-01-14 00:00:00,M04815,MERCHANT_ONBOARDED,
2026-01-14 00:00:00,M00647,MERCHANT_ONBOARDED,
2026-01-14 00:00:00,M00649,MERCHANT_ONBOARDED,
2026-01-14 00:00:00,M00309,DEVICE_ADDED,D08274
2026-01-14 00:00:00,M04856,MERCHANT_ONBOARDED,
2026-01-14 00:00:00,M00706,DEVICE_REMOVED,D02102
2026-01-14 00:00:00,M00921,DEVICE_ADDED,D00111
2026-01-14 00:00:00,M03685,DEVICE_REMOVED,D06476
2026-01-14 00:00:00,M02835,MERCHANT_ONBOARDED,
2026-01-14 00:00:00,M04267,DEVICE_REMOVED,D04264
2026-01-14 00:00:00,M04474,MERCHANT_ONBOARDED,
2026-01-14 00:00:00,M04558,MERCHANT_ONBOARDED,
2026-01-14 00:00:00,M04071,DEVICE_REMOVED,D00162
2026-01-14 00:00:00,M02585,MERCHANT_ONBOARDED,
2026-01-14 00:00:00,M03685,DEVICE_ADDED,D05207
2026-01-14 00:00:00,M04071,DEVICE_ADDED,D02275
2026-01-14 00:00:00,M03174,DEVICE_ADDED,D09679
2026-01-14 00:00:00,M00080,DEVICE_ADDED,D05625
2026-01-14 00:00:00,M00080,DEVICE_REMOVED,D02687
2026-01-14 00:00:00,M03246,DEVICE_REMOVED,D05472
2026-01-14 00:00:00,M03246,DEVICE_ADDED,D02824
2026-01-14 00:00:00,M03621,DEVICE_REMOVED,D01696
2026-01-14 00:00:00,M01190,MERCHANT_ONBOARDED,
2026-01-14 00:00:00,M03174,DEVICE_REMOVED,D03360
2026-01-14 00:00:00,M00921,DEVICE_REMOVED,D08180
2026-01-14 00:00:00,M03691,DEVICE_REMOVED,D06295
2026-01-14 00:00:00,M04267,DEVICE_ADDED,D02729
2026-01-14 00:00:00,M01819,MERCHANT_ONBOARDED,
2026-01-14 00:00:00,M00001,DEVICE_ADDED,D03021
2026-01-14 00:00:00,M01519,MERCHANT_ONBOARDED,
2026-01-14 00:00:00,M04705,DEVICE_ADDED,D09177
2026-01-14 00:00:00,M02303,MERCHANT_ONBOARDED,
2026-01-14 00:00:00,M04705,DEVICE_REMOVED,D00818
2026-01-14 00:00:00,M03691,DEVICE_ADDED,D04020
2026-01-14 00:00:00,M00706,DEVICE_ADDED,D07162
2026-01-14 00:00:00,M03621,DEVICE_ADDED,D08293
2026-01-14 00:00:00,M01670,DEVICE_REMOVED,D01352
2026-01-14 00:00:00,M03308,MERCHANT_ONBOARDED,
2026-01-14 00:00:00,M01670,DEVICE_ADDED,D09416
2026-01-15 00:00:00,M03920,DEVICE_ADDED,D02625
2026-01-15 00:00:00,M02800,MERCHANT_ONBOARDED,
2026-01-15 00:00:00,M01125,DEVICE_ADDED,D05165
2026-01-15 00:00:00,M01125,DEVICE_REMOVED,D01469
2026-01-15 00:00:00,M03920,DEVICE_REMOVED,D02298
2026-01-15 00:00:00,M04708,MERCHANT_ONBOARDED,
2026-01-15 00:00:00,M04009,MERCHANT_ONBOARDED,
2026-01-15 00:00:00,M02101,MERCHANT_ONBOARDED,
2026-01-15 00:00:00,M04164,MERCHANT_ONBOARDED,
2026-01-15 00:00:00,M04358,MERCHANT_ONBOARDED,
2026-01-15 00:00:00,M00875,DEVICE_REMOVED,D06908
2026-01-15 00:00:00,M00656,DEVICE_REMOVED,D05979
2026-01-15 00:00:00,M04873,MERCHANT_ONBOARDED,
2026-01-15 00:00:00,M00621,DEVICE_ADDED,D00975
2026-01-15 00:00:00,M00621,DEVICE_REMOVED,D03591
2026-01-15 00:00:00,M04661,DEVICE_ADDED,D09179
2026-01-15 00:00:00,M03422,MERCHANT_ONBOARDED,
2026-01-15 00:00:00,M00875,DEVICE_ADDED,D00124
2026-01-15 00:00:00,M04661,DEVICE_REMOVED,D06036
2026-01-15 00:00:00,M04038,DEVICE_REMOVED,D05208
2026-01-15 00:00:00,M04038,DEVICE_ADDED,D09112
2026-01-15 00:00:00,M04574,DEVICE_ADDED,D09677
2026-01-15 00:00:00,M04574,DEVICE_REMOVED,D03658
2026-01-15 00:00:00,M04069,DEVICE_ADDED,D09345
2026-01-15 00:00:00,M00656,DEVICE_ADDED,D05982
2026-01-15 00:00:00,M03315,MERCHANT_ONBOARDED,
2026-01-15 00:00:00,M02430,MERCHANT_ONBOARDED,
2026-01-15 00:00:00,M04069,DEVICE_REMOVED,D08637
2026-01-15 00:00:00,M03520,DEVICE_REMOVED,D08403
2026-01-15 00:00:00,M02809,DEVICE_REMOVED,D03820
2026-01-15 00:00:00,M02809,DEVICE_ADDED,D08667
2026-01-15 00:00:00,M00790,MERCHANT_ONBOARDED,
2026-01-15 00:00:00,M00734,MERCHANT_ONBOARDED,
2026-01-15 00:00:00,M01874,MERCHANT_ONBOARDED,
2026-01-15 00:00:00,M02548,DEVICE_REMOVED,D04971
2026-01-15 00:00:00,M02548,DEVICE_ADDED,D09324
2026-01-15 00:00:00,M03120,DEVICE_REMOVED,D01380
2026-01-15 00:00:00,M03120,DEVICE_ADDED,D05854
2026-01-15 00:00:00,M00137,MERCHANT_ONBOARDED,
2026-01-15 00:00:00,M02882,DEVICE_REMOVED,D05183
2026-01-15 00:00:00,M00182,MERCHANT_ONBOARDED,
2026-01-15 00:00:00,M03520,DEVICE_ADDED,D06120
2026-01-15 00:00:00,M00935,MERCHANT_ONBOARDED,
2026-01-15 00:00:00,M02882,DEVICE_ADDED,D05405
2026-01-16 00:00:00,M02952,MERCHANT_ONBOARDED,
2026-01-16 00:00:00,M00453,DEVICE_ADDED,D02709
2026-01-16 00:00:00,M04883,DEVICE_ADDED,D09208
2026-01-16 00:00:00,M01210,DEVICE_REMOVED,D03662
2026-01-16 00:00:00,M04739,DEVICE_ADDED,D09268
2026-01-16 00:00:00,M03154,DEVICE_ADDED,D01054
2026-01-16 00:00:00,M00481,DEVICE_REMOVED,D02545
2026-01-16 00:00:00,M04162,MERCHANT_ONBOARDED,
2026-01-16 00:00:00,M03198,MERCHANT_ONBOARDED,
2026-01-16 00:00:00,M02803,DEVICE_ADDED,D08389
2026-01-16 00:00:00,M01210,DEVICE_ADDED,D07617
2026-01-16 00:00:00,M02730,MERCHANT_ONBOARDED,
2026-01-16 00:00:00,M04257,MERCHANT_ONBOARDED,
2026-01-16 00:00:00,M00481,DEVICE_ADDED,D06963
2026-01-16 00:00:00,M03668,DEVICE_ADDED,D02672
2026-01-16 00:00:00,M03631,DEVICE_REMOVED,D03383
2026-01-16 00:00:00,M03631,DEVICE_ADDED,D01497
2026-01-16 00:00:00,M02199,NETWORK_JOINED,I_MULE_0859
2026-01-16 00:00:00,M01861,DEVICE_REMOVED,D02796
2026-01-16 00:00:00,M03668,DEVICE_REMOVED,D09185
2026-01-16 00:00:00,M01861,DEVICE_ADDED,D05484
2026-01-16 00:00:00,M00453,DEVICE_REMOVED,D04911
2026-01-16 00:00:00,M03154,DEVICE_REMOVED,D02649
2026-01-16 00:00:00,M00643,MERCHANT_ONBOARDED,
2026-01-16 00:00:00,M01100,DEVICE_ADDED,D01923
2026-01-16 00:00:00,M00982,MERCHANT_ONBOARDED,
2026-01-16 00:00:00,M01076,NETWORK_JOINED,I_MULE_0426
2026-01-16 00:00:00,M03867,DEVICE_ADDED,D02222
2026-01-16 00:00:00,M03492,MERCHANT_ONBOARDED,
2026-01-16 00:00:00,M02705,DEVICE_ADDED,D08038
2026-01-16 00:00:00,M03122,DEVICE_ADDED,D09142
2026-01-16 00:00:00,M00568,MERCHANT_ONBOARDED,
2026-01-16 00:00:00,M03867,DEVICE_REMOVED,D00648
2026-01-16 00:00:00,M02705,DEVICE_REMOVED,D03817
2026-01-16 00:00:00,M00311,DEVICE_REMOVED,D08606
2026-01-16 00:00:00,M04739,DEVICE_REMOVED,D08861
2026-01-16 00:00:00,M04883,DEVICE_REMOVED,D07523
2026-01-16 00:00:00,M00311,DEVICE_ADDED,D08594
2026-01-16 00:00:00,M01100,DEVICE_REMOVED,D02056
2026-01-16 00:00:00,M01293,MERCHANT_ONBOARDED,
2026-01-16 00:00:00,M02803,DEVICE_REMOVED,D06955
2026-01-16 00:00:00,M01168,NETWORK_JOINED,I_MULE_0365
2026-01-16 00:00:00,M03122,DEVICE_REMOVED,D07326
2026-01-17 00:00:00,M00883,DEVICE_REMOVED,D06321
2026-01-17 00:00:00,M00881,DEVICE_REMOVED,D00625
2026-01-17 00:00:00,M01086,MERCHANT_ONBOARDED,
2026-01-17 00:00:00,M03266,DEVICE_ADDED,D06290
2026-01-17 00:00:00,M03266,DEVICE_REMOVED,D04896
2026-01-17 00:00:00,M00881,DEVICE_ADDED,D07777
2026-01-17 00:00:00,M00883,DEVICE_ADDED,D02519
2026-01-17 00:00:00,M01825,DEVICE_REMOVED,D07592
2026-01-17 00:00:00,M04098,DEVICE_ADDED,D03489
2026-01-17 00:00:00,M02423,DEVICE_REMOVED,D01039
2026-01-17 00:00:00,M02675,MERCHANT_ONBOARDED,
2026-01-17 00:00:00,M01787,DEVICE_ADDED,D06330
2026-01-17 00:00:00,M01787,DEVICE_REMOVED,D03486
2026-01-17 00:00:00,M02650,MERCHANT_ONBOARDED,
2026-01-17 00:00:00,M02423,DEVICE_ADDED,D05213
2026-01-17 00:00:00,M03640,MERCHANT_ONBOARDED,
2026-01-17 00:00:00,M00177,DEVICE_ADDED,D03587
2026-01-17 00:00:00,M00512,MERCHANT_ONBOARDED,
2026-01-17 00:00:00,M04149,DEVICE_ADDED,D03974
2026-01-17 00:00:00,M04149,DEVICE_REMOVED,D06685
2026-01-17 00:00:00,M04524,DEVICE_REMOVED,D07499
2026-01-17 00:00:00,M04524,DEVICE_ADDED,D06791
2026-01-17 00:00:00,M00177,DEVICE_REMOVED,D02409
2026-01-17 00:00:00,M00371,MERCHANT_ONBOARDED,
2026-01-17 00:00:00,M04098,DEVICE_REMOVED,D06821
2026-01-17 00:00:00,M01825,DEVICE_ADDED,D09788
2026-01-17 00:00:00,M04814,MERCHANT_ONBOARDED,
2026-01-17 00:00:00,M01921,MERCHANT_ONBOARDED,
2026-01-17 00:00:00,M03524,MERCHANT_ONBOARDED,
2026-01-17 00:00:00,M00852,MERCHANT_ONBOARDED,
2026-01-17 00:00:00,M00837,MERCHANT_ONBOARDED,
2026-01-17 00:00:00,M03936,DEVICE_REMOVED,D02427
2026-01-17 00:00:00,M00798,MERCHANT_ONBOARDED,
2026-01-17 00:00:00,M00181,MERCHANT_ONBOARDED,
2026-01-17 00:00:00,M03987,DEVICE_REMOVED,D03978
2026-01-17 00:00:00,M03936,DEVICE_ADDED,D00242
2026-01-17 00:00:00,M02128,MERCHANT_ONBOARDED,
2026-01-17 00:00:00,M03987,DEVICE_ADDED,D01242
2026-01-17 00:00:00,M04546,MERCHANT_ONBOARDED,
2026-01-17 00:00:00,M01357,DEVICE_ADDED,D03567
2026-01-17 00:00:00,M01357,DEVICE_REMOVED,D00078
2026-01-17 00:00:00,M02211,MERCHANT_ONBOARDED,
2026-01-17 00:00:00,M02229,MERCHANT_ONBOARDED,
2026-01-17 00:00:00,M03590,MERCHANT_ONBOARDED,
2026-01-17 00:00:00,M00855,DEVICE_ADDED,D03347
2026-01-17 00:00:00,M00855,DEVICE_REMOVED,D06423
2026-01-17 00:00:00,M01637,DEVICE_REMOVED,D09516
2026-01-17 00:00:00,M00674,NETWORK_JOINED,I_MULE_0461
2026-01-17 00:00:00,M00847,DEVICE_REMOVED,D08110
2026-01-17 00:00:00,M01051,MERCHANT_ONBOARDED,
2026-01-17 00:00:00,M00847,DEVICE_ADDED,D07212
2026-01-17 00:00:00,M00067,DEVICE_REMOVED,D03613
2026-01-17 00:00:00,M01927,MERCHANT_ONBOARDED,
2026-01-17 00:00:00,M01637,DEVICE_ADDED,D02958
2026-01-17 00:00:00,M02084,MERCHANT_ONBOARDED,
2026-01-17 00:00:00,M03452,MERCHANT_ONBOARDED,
2026-01-17 00:00:00,M00067,DEVICE_ADDED,D09508
2026-01-18 00:00:00,M00399,DEVICE_REMOVED,D02169
2026-01-18 00:00:00,M01552,MERCHANT_ONBOARDED,
2026-01-18 00:00:00,M00399,DEVICE_ADDED,D08989
2026-01-18 00:00:00,M04467,DEVICE_ADDED,D02046
2026-01-18 00:00:00,M04467,DEVICE_REMOVED,D08210
2026-01-18 00:00:00,M03409,DEVICE_REMOVED,D03659
2026-01-18 00:00:00,M00338,DEVICE_ADDED,D04905
2026-01-18 00:00:00,M04542,DEVICE_ADDED,D01812
2026-01-18 00:00:00,M00338,DEVICE_REMOVED,D04949
2026-01-18 00:00:00,M03409,DEVICE_ADDED,D03744
2026-01-18 00:00:00,M01766,DEVICE_ADDED,D06079
2026-01-18 00:00:00,M02139,MERCHANT_ONBOARDED,
2026-01-18 00:00:00,M01993,MERCHANT_ONBOARDED,
2026-01-18 00:00:00,M03906,DEVICE_ADDED,D06156
2026-01-18 00:00:00,M01437,DEVICE_REMOVED,D06925
2026-01-18 00:00:00,M04607,NETWORK_JOINED,I_MULE_0364
2026-01-18 00:00:00,M01437,DEVICE_ADDED,D09708
2026-01-18 00:00:00,M03906,DEVICE_REMOVED,D08135
2026-01-18 00:00:00,M00707,DEVICE_ADDED,D06299
2026-01-18 00:00:00,M03139,DEVICE_ADDED,D02878
2026-01-18 00:00:00,M00707,DEVICE_REMOVED,D00485
2026-01-18 00:00:00,M02632,MERCHANT_ONBOARDED,
2026-01-18 00:00:00,M01524,MERCHANT_ONBOARDED,
2026-01-18 00:00:00,M04223,DEVICE_ADDED,D00120
2026-01-18 00:00:00,M04417,MERCHANT_ONBOARDED,
2026-01-18 00:00:00,M03036,DEVICE_REMOVED,D00266
2026-01-18 00:00:00,M03036,DEVICE_ADDED,D05295
2026-01-18 00:00:00,M04542,DEVICE_REMOVED,D09293
2026-01-18 00:00:00,M01373,MERCHANT_ONBOARDED,
2026-01-18 00:00:00,M04814,NETWORK_JOINED,I_MULE_0155
2026-01-18 00:00:00,M03677,MERCHANT_ONBOARDED,
2026-01-18 00:00:00,M03202,MERCHANT_ONBOARDED,
2026-01-18 00:00:00,M01832,MERCHANT_ONBOARDED,
2026-01-18 00:00:00,M02582,MERCHANT_ONBOARDED,
2026-01-18 00:00:00,M02308,DEVICE_REMOVED,D02127
2026-01-18 00:00:00,M00663,MERCHANT_ONBOARDED,
2026-01-18 00:00:00,M03139,DEVICE_REMOVED,D00446
2026-01-18 00:00:00,M00841,MERCHANT_ONBOARDED,
2026-01-18 00:00:00,M04223,DEVICE_REMOVED,D05378
2026-01-18 00:00:00,M02308,DEVICE_ADDED,D06155
2026-01-18 00:00:00,M02205,MERCHANT_ONBOARDED,
2026-01-18 00:00:00,M01766,DEVICE_REMOVED,D07728
2026-01-18 00:00:00,M04174,DEVICE_ADDED,D00399
2026-01-18 00:00:00,M04174,DEVICE_REMOVED,D05028
2026-01-19 00:00:00,M00653,DEVICE_REMOVED,D07100
2026-01-19 00:00:00,M03094,MERCHANT_ONBOARDED,
2026-01-19 00:00:00,M01078,MERCHANT_ONBOARDED,
2026-01-19 00:00:00,M03274,MERCHANT_ONBOARDED,
2026-01-19 00:00:00,M02362,DEVICE_REMOVED,D08710
2026-01-19 00:00:00,M03123,DEVICE_REMOVED,D00559
2026-01-19 00:00:00,M00912,MERCHANT_ONBOARDED,
2026-01-19 00:00:00,M02362,DEVICE_ADDED,D01563
2026-01-19 00:00:00,M02892,DEVICE_ADDED,D09915
2026-01-19 00:00:00,M03123,DEVICE_ADDED,D04538
2026-01-19 00:00:00,M03211,MERCHANT_ONBOARDED,
2026-01-19 00:00:00,M00653,DEVICE_ADDED,D02754
2026-01-19 00:00:00,M02114,NETWORK_JOINED,I_MULE_0602
2026-01-19 00:00:00,M03166,DEVICE_ADDED,D00366
2026-01-19 00:00:00,M00824,MERCHANT_ONBOARDED,
2026-01-19 00:00:00,M04781,DEVICE_REMOVED,D02416
2026-01-19 00:00:00,M04781,DEVICE_ADDED,D01511
2026-01-19 00:00:00,M01224,MERCHANT_ONBOARDED,
2026-01-19 00:00:00,M04926,DEVICE_ADDED,D00507
2026-01-19 00:00:00,M03444,DEVICE_REMOVED,D02357
2026-01-19 00:00:00,M03361,MERCHANT_ONBOARDED,
2026-01-19 00:00:00,M03444,DEVICE_ADDED,D08890
2026-01-19 00:00:00,M03166,DEVICE_REMOVED,D07508
2026-01-19 00:00:00,M00743,DEVICE_ADDED,D06291
2026-01-19 00:00:00,M04369,DEVICE_ADDED,D06350
2026-01-19 00:00:00,M04926,DEVICE_REMOVED,D00238
2026-01-19 00:00:00,M00743,DEVICE_REMOVED,D05303
2026-01-19 00:00:00,M04369,DEVICE_REMOVED,D09741
2026-01-19 00:00:00,M01176,MERCHANT_ONBOARDED,
2026-01-19 00:00:00,M03913,MERCHANT_ONBOARDED,
2026-01-19 00:00:00,M03530,DEVICE_ADDED,D07269
2026-01-19 00:00:00,M02892,DEVICE_REMOVED,D00998
2026-01-19 00:00:00,M01235,DEVICE_REMOVED,D07492
2026-01-19 00:00:00,M01235,DEVICE_ADDED,D07273
2026-01-19 00:00:00,M00419,MERCHANT_ONBOARDED,
2026-01-19 00:00:00,M02937,NETWORK_JOINED,I_MULE_0244
2026-01-19 00:00:00,M02823,DEVICE_ADDED,D05494
2026-01-19 00:00:00,M02823,DEVICE_REMOVED,D00984
2026-01-19 00:00:00,M04406,MERCHANT_ONBOARDED,
2026-01-19 00:00:00,M00301,MERCHANT_ONBOARDED,
2026-01-19 00:00:00,M01829,MERCHANT_ONBOARDED,
2026-01-19 00:00:00,M03758,DEVICE_REMOVED,D08263
2026-01-19 00:00:00,M03758,DEVICE_ADDED,D07332
2026-01-19 00:00:00,M04573,MERCHANT_ONBOARDED,
2026-01-19 00:00:00,M01481,DEVICE_ADDED,D09174
2026-01-19 00:00:00,M01481,DEVICE_REMOVED,D07933
2026-01-19 00:00:00,M00005,DEVICE_ADDED,D03046
2026-01-19 00:00:00,M00005,DEVICE_REMOVED,D04416
2026-01-19 00:00:00,M01451,DEVICE_REMOVED,D07353
2026-01-19 00:00:00,M01451,DEVICE_ADDED,D03240
2026-01-19 00:00:00,M04822,MERCHANT_ONBOARDED,
2026-01-19 00:00:00,M03603,DEVICE_ADDED,D06342
2026-01-19 00:00:00,M03603,DEVICE_REMOVED,D00378
2026-01-19 00:00:00,M04274,MERCHANT_ONBOARDED,
2026-01-19 00:00:00,M03530,DEVICE_REMOVED,D03560
2026-01-20 00:00:00,M03425,MERCHANT_ONBOARDED,
2026-01-20 00:00:00,M00189,MERCHANT_ONBOARDED,
2026-01-20 00:00:00,M03578,DEVICE_ADDED,D06329
2026-01-20 00:00:00,M04285,MERCHANT_ONBOARDED,
2026-01-20 00:00:00,M02446,DEVICE_REMOVED,D01399
2026-01-20 00:00:00,M01741,DEVICE_ADDED,D02494
2026-01-20 00:00:00,M00769,NETWORK_JOINED,I_MULE_0315
2026-01-20 00:00:00,M01806,MERCHANT_ONBOARDED,
2026-01-20 00:00:00,M03578,DEVICE_REMOVED,D07279
2026-01-20 00:00:00,M02446,DEVICE_ADDED,D08230
2026-01-20 00:00:00,M01741,DEVICE_REMOVED,D00068
2026-01-20 00:00:00,M00121,DEVICE_REMOVED,D07509
2026-01-20 00:00:00,M00121,DEVICE_ADDED,D06787
2026-01-20 00:00:00,M03022,DEVICE_REMOVED,D09400
2026-01-20 00:00:00,M03703,MERCHANT_ONBOARDED,
2026-01-20 00:00:00,M03022,DEVICE_ADDED,D01122
2026-01-20 00:00:00,M01162,MERCHANT_ONBOARDED,
2026-01-20 00:00:00,M00516,DEVICE_ADDED,D06030
2026-01-20 00:00:00,M03304,MERCHANT_ONBOARDED,
2026-01-20 00:00:00,M02178,MERCHANT_ONBOARDED,
2026-01-20 00:00:00,M00516,DEVICE_REMOVED,D04497
2026-01-20 00:00:00,M02104,DEVICE_REMOVED,D06293
2026-01-20 00:00:00,M01284,MERCHANT_ONBOARDED,
2026-01-20 00:00:00,M04432,DEVICE_REMOVED,D08130
2026-01-20 00:00:00,M04347,DEVICE_ADDED,D00596
2026-01-20 00:00:00,M04432,DEVICE_ADDED,D01249
2026-01-20 00:00:00,M04347,DEVICE_REMOVED,D07787
2026-01-20 00:00:00,M00138,MERCHANT_ONBOARDED,
2026-01-20 00:00:00,M04929,MERCHANT_ONBOARDED,
2026-01-20 00:00:00,M00050,MERCHANT_ONBOARDED,
2026-01-20 00:00:00,M02104,DEVICE_ADDED,D05910
2026-01-21 00:00:00,M04882,DEVICE_REMOVED,D09811
2026-01-21 00:00:00,M02406,MERCHANT_ONBOARDED,
2026-01-21 00:00:00,M00109,MERCHANT_ONBOARDED,
2026-01-21 00:00:00,M02914,DEVICE_REMOVED,D08457
2026-01-21 00:00:00,M02914,DEVICE_ADDED,D01050
2026-01-21 00:00:00,M01705,MERCHANT_ONBOARDED,
2026-01-21 00:00:00,M02087,DEVICE_REMOVED,D08011
2026-01-21 00:00:00,M02087,DEVICE_ADDED,D01086
2026-01-21 00:00:00,M02390,DEVICE_REMOVED,D05291
2026-01-21 00:00:00,M04882,DEVICE_ADDED,D05497
2026-01-21 00:00:00,M03451,MERCHANT_ONBOARDED,
2026-01-21 00:00:00,M00278,MERCHANT_ONBOARDED,
2026-01-21 00:00:00,M03310,MERCHANT_ONBOARDED,
2026-01-21 00:00:00,M02390,DEVICE_ADDED,D08476
2026-01-21 00:00:00,M01960,MERCHANT_ONBOARDED,
2026-01-21 00:00:00,M02664,MERCHANT_ONBOARDED,
2026-01-21 00:00:00,M03556,MERCHANT_ONBOARDED,
2026-01-21 00:00:00,M01492,DEVICE_REMOVED,D08272
2026-01-21 00:00:00,M04771,DEVICE_ADDED,D06441
2026-01-21 00:00:00,M04771,DEVICE_REMOVED,D05306
2026-01-21 00:00:00,M03323,MERCHANT_ONBOARDED,
2026-01-21 00:00:00,M01492,DEVICE_ADDED,D04902
2026-01-21 00:00:00,M02673,MERCHANT_ONBOARDED,
2026-01-21 00:00:00,M00114,DEVICE_ADDED,D00710
2026-01-21 00:00:00,M00114,DEVICE_REMOVED,D02406
2026-01-21 00:00:00,M03295,MERCHANT_ONBOARDED,
2026-01-21 00:00:00,M01754,MERCHANT_ONBOARDED,
2026-01-21 00:00:00,M00277,MERCHANT_ONBOARDED,
2026-01-21 00:00:00,M02405,MERCHANT_ONBOARDED,
2026-01-21 00:00:00,M03344,DEVICE_ADDED,D07422
2026-01-21 00:00:00,M00596,MERCHANT_ONBOARDED,
2026-01-21 00:00:00,M03014,MERCHANT_ONBOARDED,
2026-01-21 00:00:00,M01139,DEVICE_REMOVED,D06410
2026-01-21 00:00:00,M00202,DEVICE_REMOVED,D07762
2026-01-21 00:00:00,M00202,DEVICE_ADDED,D08191
2026-01-21 00:00:00,M00999,DEVICE_REMOVED,D08009
2026-01-21 00:00:00,M01985,DEVICE_ADDED,D04985
2026-01-21 00:00:00,M01985,DEVICE_REMOVED,D08968
2026-01-21 00:00:00,M01139,DEVICE_ADDED,D03648
2026-01-21 00:00:00,M03344,DEVICE_REMOVED,D06629
2026-01-21 00:00:00,M00349,MERCHANT_ONBOARDED,
2026-01-21 00:00:00,M04245,DEVICE_REMOVED,D01531
2026-01-21 00:00:00,M04245,DEVICE_ADDED,D09442
2026-01-21 00:00:00,M03795,MERCHANT_ONBOARDED,
2026-01-21 00:00:00,M00636,MERCHANT_ONBOARDED,
2026-01-21 00:00:00,M00999,DEVICE_ADDED,D09049
2026-01-21 00:00:00,M00369,MERCHANT_ONBOARDED,
2026-01-21 00:00:00,M01383,NETWORK_JOINED,I_MULE_0859
2026-01-21 00:00:00,M03276,DEVICE_REMOVED,D09823
2026-01-21 00:00:00,M04073,DEVICE_REMOVED,D08358
2026-01-21 00:00:00,M02461,MERCHANT_ONBOARDED,
2026-01-21 00:00:00,M01700,DEVICE_REMOVED,D06827
2026-01-21 00:00:00,M02495,DEVICE_REMOVED,D03405
2026-01-21 00:00:00,M04073,DEVICE_ADDED,D01070
2026-01-21 00:00:00,M02495,DEVICE_ADDED,D09038
2026-01-21 00:00:00,M00324,DEVICE_REMOVED,D03556
2026-01-21 00:00:00,M03276,DEVICE_ADDED,D07842
2026-01-21 00:00:00,M03841,MERCHANT_ONBOARDED,
2026-01-21 00:00:00,M03840,MERCHANT_ONBOARDED,
2026-01-21 00:00:00,M01700,DEVICE_ADDED,D03519
2026-01-21 00:00:00,M00324,DEVICE_ADDED,D07859
2026-01-22 00:00:00,M01150,DEVICE_ADDED,D06778
2026-01-22 00:00:00,M01945,MERCHANT_ONBOARDED,
2026-01-22 00:00:00,M00420,DEVICE_REMOVED,D06161
2026-01-22 00:00:00,M04461,DEVICE_REMOVED,D04362
2026-01-22 00:00:00,M03594,DEVICE_REMOVED,D08479
2026-01-22 00:00:00,M04708,DEVICE_ADDED,D03644
2026-01-22 00:00:00,M04144,MERCHANT_ONBOARDED,
2026-01-22 00:00:00,M00170,MERCHANT_ONBOARDED,
2026-01-22 00:00:00,M02055,MERCHANT_ONBOARDED,
2026-01-22 00:00:00,M02891,MERCHANT_ONBOARDED,
2026-01-22 00:00:00,M04708,DEVICE_REMOVED,D09531
2026-01-22 00:00:00,M04357,DEVICE_REMOVED,D04319
2026-01-22 00:00:00,M04357,DEVICE_ADDED,D02760
2026-01-22 00:00:00,M03468,MERCHANT_ONBOARDED,
2026-01-22 00:00:00,M01131,DEVICE_ADDED,D07388
2026-01-22 00:00:00,M01150,DEVICE_REMOVED,D05096
2026-01-22 00:00:00,M04461,DEVICE_ADDED,D01268
2026-01-22 00:00:00,M02778,MERCHANT_ONBOARDED,
2026-01-22 00:00:00,M03784,DEVICE_ADDED,D05593
2026-01-22 00:00:00,M04874,DEVICE_ADDED,D08158
2026-01-22 00:00:00,M04874,DEVICE_REMOVED,D09681
2026-01-22 00:00:00,M00618,MERCHANT_ONBOARDED,
2026-01-22 00:00:00,M03810,NETWORK_JOINED,I_MULE_0365
2026-01-22 00:00:00,M04377,DEVICE_ADDED,D07799
2026-01-22 00:00:00,M04820,DEVICE_ADDED,D03358
2026-01-22 00:00:00,M01647,DEVICE_ADDED,D02272
2026-01-22 00:00:00,M04377,DEVICE_REMOVED,D07850
2026-01-22 00:00:00,M01647,DEVICE_REMOVED,D00263
2026-01-22 00:00:00,M04820,DEVICE_REMOVED,D00548
2026-01-22 00:00:00,M01759,MERCHANT_ONBOARDED,
2026-01-22 00:00:00,M02510,MERCHANT_ONBOARDED,
2026-01-22 00:00:00,M03594,DEVICE_ADDED,D04273
2026-01-22 00:00:00,M01817,MERCHANT_ONBOARDED,
2026-01-22 00:00:00,M02263,MERCHANT_ONBOARDED,
2026-01-22 00:00:00,M03162,DEVICE_ADDED,D09819
2026-01-22 00:00:00,M03752,DEVICE_REMOVED,D06773
2026-01-22 00:00:00,M03752,DEVICE_ADDED,D09836
2026-01-22 00:00:00,M03162,DEVICE_REMOVED,D08276
2026-01-22 00:00:00,M00204,DEVICE_REMOVED,D00433
2026-01-22 00:00:00,M04485,MERCHANT_ONBOARDED,
2026-01-22 00:00:00,M00648,MERCHANT_ONBOARDED,
2026-01-22 00:00:00,M02594,MERCHANT_ONBOARDED,
2026-01-22 00:00:00,M00420,DEVICE_ADDED,D06955
2026-01-22 00:00:00,M00204,DEVICE_ADDED,D01802
2026-01-22 00:00:00,M03784,DEVICE_REMOVED,D07123
2026-01-22 00:00:00,M02290,MERCHANT_ONBOARDED,
2026-01-22 00:00:00,M01131,DEVICE_REMOVED,D00583
2026-01-22 12:00:00,M03284,NETWORK_JOINED,I_MULE_0409
2026-01-22 17:00:00,M04441,NETWORK_JOINED,I_MULE_0409
2026-01-22 19:00:00,M03323,NETWORK_JOINED,I_MULE_0409
2026-01-23 00:00:00,M01546,NETWORK_JOINED,I08115
2026-01-23 00:00:00,M02682,NETWORK_JOINED,I09070
2026-01-23 00:00:00,M02360,NETWORK_JOINED,I09070
2026-01-23 00:00:00,M00790,NETWORK_JOINED,I09070
2026-01-23 00:00:00,M03678,NETWORK_JOINED,I09070
2026-01-23 00:00:00,M03245,NETWORK_JOINED,I09070
2026-01-23 00:00:00,M01474,NETWORK_JOINED,I09070
2026-01-23 00:00:00,M03980,NETWORK_JOINED,I09070
2026-01-23 00:00:00,M04050,NETWORK_JOINED,I09070
2026-01-23 00:00:00,M03682,NETWORK_JOINED,I09070
2026-01-23 00:00:00,M04361,NETWORK_JOINED,I08115
2026-01-23 00:00:00,M00673,NETWORK_JOINED,I08115
2026-01-23 00:00:00,M04083,NETWORK_JOINED,I08115
2026-01-23 00:00:00,M02900,DEVICE_ADDED,D01208
2026-01-23 00:00:00,M02809,NETWORK_JOINED,I09070
2026-01-23 00:00:00,M00722,NETWORK_JOINED,I09070
2026-01-23 00:00:00,M02366,NETWORK_JOINED,I09070
2026-01-23 00:00:00,M01524,NETWORK_JOINED,I09070
2026-01-23 00:00:00,M00179,NETWORK_JOINED,I09070
2026-01-23 00:00:00,M03584,NETWORK_JOINED,I09070
2026-01-23 00:00:00,M02177,NETWORK_JOINED,I09070
2026-01-23 00:00:00,M01889,DEVICE_REMOVED,D06102
2026-01-23 00:00:00,M00602,MERCHANT_ONBOARDED,
2026-01-23 00:00:00,M01889,DEVICE_ADDED,D00927
2026-01-23 00:00:00,M02861,MERCHANT_ONBOARDED,
2026-01-23 00:00:00,M00404,DEVICE_REMOVED,D03806
2026-01-23 00:00:00,M00404,DEVICE_ADDED,D06357
2026-01-23 00:00:00,M01996,DEVICE_REMOVED,D05678
2026-01-23 00:00:00,M04500,DEVICE_REMOVED,D01454
2026-01-23 00:00:00,M04500,DEVICE_ADDED,D01252
2026-01-23 00:00:00,M01996,DEVICE_ADDED,D08993
2026-01-23 00:00:00,M04127,NETWORK_JOINED,I08115
2026-01-23 00:00:00,M02900,DEVICE_REMOVED,D02058
2026-01-23 00:00:00,M01412,MERCHANT_ONBOARDED,
2026-01-23 00:00:00,M04706,NETWORK_JOINED,I08115
2026-01-23 00:00:00,M02054,MERCHANT_ONBOARDED,
2026-01-23 00:00:00,M02697,DEVICE_REMOVED,D02194
2026-01-23 00:00:00,M02697,DEVICE_ADDED,D00324
2026-01-23 00:00:00,M04900,MERCHANT_ONBOARDED,
2026-01-23 00:00:00,M02602,DEVICE_ADDED,D05034
2026-01-23 00:00:00,M02602,DEVICE_REMOVED,D07495
2026-01-23 00:00:00,M04928,MERCHANT_ONBOARDED,
2026-01-23 00:00:00,M04759,MERCHANT_ONBOARDED,
2026-01-23 00:00:00,M04992,MERCHANT_ONBOARDED,
2026-01-23 00:00:00,M03432,NETWORK_JOINED,I_MULE_0461
2026-01-23 00:00:00,M03918,DEVICE_REMOVED,D09703
2026-01-23 00:00:00,M03918,DEVICE_ADDED,D06475
2026-01-23 00:00:00,M02759,DEVICE_REMOVED,D03886
2026-01-23 00:00:00,M02759,DEVICE_ADDED,D07282
2026-01-23 00:00:00,M03709,MERCHANT_ONBOARDED,
2026-01-23 00:00:00,M03768,DEVICE_ADDED,D01418
2026-01-23 00:00:00,M03976,DEVICE_REMOVED,D05466
2026-01-23 00:00:00,M03976,DEVICE_ADDED,D06630
2026-01-23 00:00:00,M02486,DEVICE_ADDED,D03174
2026-01-23 00:00:00,M02486,DEVICE_REMOVED,D00094
2026-01-23 00:00:00,M00393,MERCHANT_ONBOARDED,
2026-01-23 00:00:00,M02698,MERCHANT_ONBOARDED,
2026-01-23 00:00:00,M03425,NETWORK_JOINED,I08115
2026-01-23 00:00:00,M02815,NETWORK_JOINED,I08115
2026-01-23 00:00:00,M02080,NETWORK_JOINED,I08115
2026-01-23 00:00:00,M00529,NETWORK_JOINED,I08115
2026-01-23 00:00:00,M02950,NETWORK_JOINED,I08115
2026-01-23 00:00:00,M02385,DEVICE_ADDED,D07539
2026-01-23 00:00:00,M02385,DEVICE_REMOVED,D07296
2026-01-23 00:00:00,M04041,NETWORK_JOINED,I08115
2026-01-23 00:00:00,M03768,DEVICE_REMOVED,D06225
2026-01-23 00:00:00,M03707,MERCHANT_ONBOARDED,
2026-01-23 00:00:00,M01687,NETWORK_JOINED,I09070
2026-01-23 00:00:00,M01578,NETWORK_JOINED,I_MULE_0435
2026-01-23 00:00:00,M04604,DEVICE_ADDED,D04350
2026-01-23 00:00:00,M02226,DEVICE_REMOVED,D00214
2026-01-23 00:00:00,M02226,DEVICE_ADDED,D06614
2026-01-23 00:00:00,M04693,DEVICE_REMOVED,D03390
2026-01-23 00:00:00,M04693,DEVICE_ADDED,D05902
2026-01-23 00:00:00,M04604,DEVICE_REMOVED,D03016
2026-01-23 00:00:00,M04535,DEVICE_ADDED,D07434
2026-01-23 00:00:00,M04535,DEVICE_REMOVED,D03453
2026-01-23 19:00:00,M00933,NETWORK_JOINED,I_MULE_0409
2026-01-24 00:00:00,M04389,DEVICE_REMOVED,D01659
2026-01-24 00:00:00,M01034,MERCHANT_ONBOARDED,
2026-01-24 00:00:00,M02534,MERCHANT_ONBOARDED,
2026-01-24 00:00:00,M00291,DEVICE_ADDED,D01652
2026-01-24 00:00:00,M03273,DEVICE_ADDED,D08052
2026-01-24 00:00:00,M03468,NETWORK_JOINED,I_MULE_0155
2026-01-24 00:00:00,M04418,DEVICE_REMOVED,D03812
2026-01-24 00:00:00,M00335,DEVICE_REMOVED,D08468
2026-01-24 00:00:00,M00335,DEVICE_ADDED,D09897
2026-01-24 00:00:00,M04418,DEVICE_ADDED,D08877
2026-01-24 00:00:00,M04389,DEVICE_ADDED,D08685
2026-01-24 00:00:00,M00291,DEVICE_REMOVED,D05355
2026-01-24 00:00:00,M03125,DEVICE_ADDED,D00086
2026-01-24 00:00:00,M01339,MERCHANT_ONBOARDED,
2026-01-24 00:00:00,M02222,MERCHANT_ONBOARDED,
2026-01-24 00:00:00,M03033,DEVICE_ADDED,D04802
2026-01-24 00:00:00,M00844,DEVICE_REMOVED,D00405
2026-01-24 00:00:00,M00844,DEVICE_ADDED,D03084
2026-01-24 00:00:00,M04937,NETWORK_JOINED,I_MULE_0364
2026-01-24 00:00:00,M04101,DEVICE_ADDED,D01883
2026-01-24 00:00:00,M00517,MERCHANT_ONBOARDED,
2026-01-24 00:00:00,M01304,DEVICE_ADDED,D07632
2026-01-24 00:00:00,M04101,DEVICE_REMOVED,D09580
2026-01-24 00:00:00,M01304,DEVICE_REMOVED,D01014
2026-01-24 00:00:00,M02428,MERCHANT_ONBOARDED,
2026-01-24 00:00:00,M04546,DEVICE_REMOVED,D07485
2026-01-24 00:00:00,M04546,DEVICE_ADDED,D02157
2026-01-24 00:00:00,M03014,NETWORK_JOINED,I_MULE_0986
2026-01-24 00:00:00,M03033,DEVICE_REMOVED,D00258
2026-01-24 00:00:00,M01297,DEVICE_REMOVED,D02837
2026-01-24 00:00:00,M00133,MERCHANT_ONBOARDED,
2026-01-24 00:00:00,M03114,MERCHANT_ONBOARDED,
2026-01-24 00:00:00,M01266,MERCHANT_ONBOARDED,
2026-01-24 00:00:00,M02961,MERCHANT_ONBOARDED,
2026-01-24 00:00:00,M00464,DEVICE_ADDED,D08300
2026-01-24 00:00:00,M00464,DEVICE_REMOVED,D09483
2026-01-24 00:00:00,M01297,DEVICE_ADDED,D00820
2026-01-24 00:00:00,M04726,MERCHANT_ONBOARDED,
2026-01-24 00:00:00,M04912,DEVICE_ADDED,D07646
2026-01-24 00:00:00,M02565,DEVICE_ADDED,D01772
2026-01-24 00:00:00,M04912,DEVICE_REMOVED,D02971
2026-01-24 00:00:00,M01416,MERCHANT_ONBOARDED,
2026-01-24 00:00:00,M04091,MERCHANT_ONBOARDED,
2026-01-24 00:00:00,M02565,DEVICE_REMOVED,D06457
2026-01-24 00:00:00,M00952,DEVICE_REMOVED,D05458
2026-01-24 00:00:00,M00952,DEVICE_ADDED,D06533
2026-01-24 00:00:00,M03273,DEVICE_REMOVED,D07539
2026-01-24 00:00:00,M03125,DEVICE_REMOVED,D06788
2026-01-24 00:00:00,M03971,DEVICE_REMOVED,D04258
2026-01-24 00:00:00,M03971,DEVICE_ADDED,D07991
2026-01-24 00:00:00,M00703,MERCHANT_ONBOARDED,
2026-01-24 00:00:00,M04035,NETWORK_JOINED,I_MULE_0426
2026-01-25 00:00:00,M03301,MERCHANT_ONBOARDED,
2026-01-25 00:00:00,M00662,NETWORK_JOINED,I04547
2026-01-25 00:00:00,M03128,NETWORK_JOINED,I04547
2026-01-25 00:00:00,M03664,DEVICE_ADDED,D02453
2026-01-25 00:00:00,M04480,NETWORK_JOINED,I04547
2026-01-25 00:00:00,M04643,NETWORK_JOINED,I04547
2026-01-25 00:00:00,M03664,DEVICE_REMOVED,D00049
2026-01-25 00:00:00,M01575,MERCHANT_ONBOARDED,
2026-01-25 00:00:00,M01421,MERCHANT_ONBOARDED,
2026-01-25 00:00:00,M00859,NETWORK_JOINED,I04547
2026-01-25 00:00:00,M00214,DEVICE_ADDED,D08955
2026-01-25 00:00:00,M00214,DEVICE_REMOVED,D07076
2026-01-25 00:00:00,M04210,DEVICE_ADDED,D04459
2026-01-25 00:00:00,M03602,NETWORK_JOINED,I04547
2026-01-25 00:00:00,M03589,NETWORK_JOINED,I04547
2026-01-25 00:00:00,M01321,DEVICE_REMOVED,D09290
2026-01-25 00:00:00,M00147,DEVICE_ADDED,D06194
2026-01-25 00:00:00,M03894,DEVICE_REMOVED,D02680
2026-01-25 00:00:00,M00957,MERCHANT_ONBOARDED,
2026-01-25 00:00:00,M04641,DEVICE_ADDED,D07191
2026-01-25 00:00:00,M03894,DEVICE_ADDED,D04954
2026-01-25 00:00:00,M04641,DEVICE_REMOVED,D03420
2026-01-25 00:00:00,M03836,DEVICE_ADDED,D04256
2026-01-25 00:00:00,M03836,DEVICE_REMOVED,D00467
2026-01-25 00:00:00,M02560,DEVICE_ADDED,D09817
2026-01-25 00:00:00,M02560,DEVICE_REMOVED,D05647
2026-01-25 00:00:00,M04603,DEVICE_ADDED,D04050
2026-01-25 00:00:00,M00085,DEVICE_REMOVED,D02213
2026-01-25 00:00:00,M00085,DEVICE_ADDED,D00701
2026-01-25 00:00:00,M03480,MERCHANT_ONBOARDED,
2026-01-25 00:00:00,M03824,NETWORK_JOINED,I_MULE_0157
2026-01-25 00:00:00,M04033,DEVICE_REMOVED,D06503
2026-01-25 00:00:00,M00285,MERCHANT_ONBOARDED,
2026-01-25 00:00:00,M01321,DEVICE_ADDED,D09903
2026-01-25 00:00:00,M01013,MERCHANT_ONBOARDED,
2026-01-25 00:00:00,M04033,DEVICE_ADDED,D01978
2026-01-25 00:00:00,M01721,MERCHANT_ONBOARDED,
2026-01-25 00:00:00,M03683,DEVICE_ADDED,D06691
2026-01-25 00:00:00,M03683,DEVICE_REMOVED,D02097
2026-01-25 00:00:00,M02502,DEVICE_ADDED,D05302
2026-01-25 00:00:00,M00147,DEVICE_REMOVED,D02319
2026-01-25 00:00:00,M02502,DEVICE_REMOVED,D04275
2026-01-25 00:00:00,M04603,DEVICE_REMOVED,D06127
2026-01-25 00:00:00,M04448,NETWORK_JOINED,I04547
2026-01-25 00:00:00,M03078,MERCHANT_ONBOARDED,
2026-01-25 00:00:00,M04210,DEVICE_REMOVED,D09043
2026-01-25 00:00:00,M00960,DEVICE_REMOVED,D04052
2026-01-25 00:00:00,M03798,MERCHANT_ONBOARDED,
2026-01-25 00:00:00,M02389,NETWORK_JOINED,I04547
2026-01-25 00:00:00,M03201,DEVICE_REMOVED,D06896
2026-01-25 00:00:00,M04936,NETWORK_JOINED,I04547
2026-01-25 00:00:00,M04403,NETWORK_JOINED,I04547
2026-01-25 00:00:00,M01866,DEVICE_ADDED,D06281
2026-01-25 00:00:00,M00960,DEVICE_ADDED,D00603
2026-01-25 00:00:00,M03390,DEVICE_ADDED,D05548
2026-01-25 00:00:00,M04026,MERCHANT_ONBOARDED,
2026-01-25 00:00:00,M01956,DEVICE_ADDED,D08957
2026-01-25 00:00:00,M04852,DEVICE_REMOVED,D08756
2026-01-25 00:00:00,M02923,DEVICE_ADDED,D02841
2026-01-25 00:00:00,M02923,DEVICE_REMOVED,D03754
2026-01-25 00:00:00,M00251,DEVICE_REMOVED,D04616
2026-01-25 00:00:00,M00251,DEVICE_ADDED,D02141
2026-01-25 00:00:00,M01874,DEVICE_REMOVED,D00007
2026-01-25 00:00:00,M01874,DEVICE_ADDED,D09964
2026-01-25 00:00:00,M01342,MERCHANT_ONBOARDED,
2026-01-25 00:00:00,M03940,MERCHANT_ONBOARDED,
2026-01-25 00:00:00,M01956,DEVICE_REMOVED,D07856
2026-01-25 00:00:00,M03390,DEVICE_REMOVED,D06926
2026-01-25 00:00:00,M04852,DEVICE_ADDED,D03072
2026-01-25 00:00:00,M00425,DEVICE_ADDED,D07084
2026-01-25 00:00:00,M04904,DEVICE_ADDED,D03583
2026-01-25 00:00:00,M00425,DEVICE_REMOVED,D00335
2026-01-25 00:00:00,M04904,DEVICE_REMOVED,D08278
2026-01-25 00:00:00,M00895,DEVICE_REMOVED,D07879
2026-01-25 00:00:00,M02596,NETWORK_JOINED,I04547
2026-01-25 00:00:00,M03201,DEVICE_ADDED,D04217
2026-01-25 00:00:00,M01866,DEVICE_REMOVED,D02097
2026-01-25 00:00:00,M03034,MERCHANT_ONBOARDED,
2026-01-25 00:00:00,M01175,MERCHANT_ONBOARDED,
2026-01-25 00:00:00,M03735,MERCHANT_ONBOARDED,
2026-01-25 00:00:00,M00895,DEVICE_ADDED,D04130
2026-01-25 00:00:00,M03107,MERCHANT_ONBOARDED,
2026-01-25 00:00:00,M00981,NETWORK_JOINED,I04547
2026-01-25 00:00:00,M00660,NETWORK_JOINED,I04547
2026-01-25 00:00:00,M00929,MERCHANT_ONBOARDED,
2026-01-25 00:00:00,M02953,MERCHANT_ONBOARDED,
2026-01-25 00:00:00,M03775,MERCHANT_ONBOARDED,
2026-01-26 00:00:00,M01154,NETWORK_JOINED,I04400
2026-01-26 00:00:00,M04050,DEVICE_REMOVED,D01493
2026-01-26 00:00:00,M04050,DEVICE_ADDED,D06210
2026-01-26 00:00:00,M02208,NETWORK_JOINED,I04400
2026-01-26 00:00:00,M03876,NETWORK_JOINED,I04400
2026-01-26 00:00:00,M00793,NETWORK_JOINED,I04400
2026-01-26 00:00:00,M00046,MERCHANT_ONBOARDED,
2026-01-26 00:00:00,M04352,MERCHANT_ONBOARDED,
2026-01-26 00:00:00,M03413,NETWORK_JOINED,I04400
2026-01-26 00:00:00,M00120,NETWORK_JOINED,I04400
2026-01-26 00:00:00,M01692,DEVICE_ADDED,D09834
2026-01-26 00:00:00,M01692,DEVICE_REMOVED,D07482
2026-01-26 00:00:00,M02757,NETWORK_JOINED,I04400
2026-01-26 00:00:00,M00808,DEVICE_REMOVED,D00895
2026-01-26 00:00:00,M04011,NETWORK_JOINED,I04400
2026-01-26 00:00:00,M03402,MERCHANT_ONBOARDED,
2026-01-26 00:00:00,M04411,MERCHANT_ONBOARDED,
2026-01-26 00:00:00,M01885,DEVICE_ADDED,D09961
2026-01-26 00:00:00,M03138,MERCHANT_ONBOARDED,
2026-01-26 00:00:00,M03376,MERCHANT_ONBOARDED,
2026-01-26 00:00:00,M04178,NETWORK_JOINED,I04400
2026-01-26 00:00:00,M02314,DEVICE_ADDED,D01046
2026-01-26 00:00:00,M02948,MERCHANT_ONBOARDED,
2026-01-26 00:00:00,M03469,MERCHANT_ONBOARDED,
2026-01-26 00:00:00,M02314,DEVICE_REMOVED,D02817
2026-01-26 00:00:00,M00054,NETWORK_JOINED,I04400
2026-01-26 00:00:00,M01885,DEVICE_REMOVED,D07138
2026-01-26 00:00:00,M04258,NETWORK_JOINED,I04400
2026-01-26 00:00:00,M03546,DEVICE_ADDED,D05254
2026-01-26 00:00:00,M04317,DEVICE_REMOVED,D07706
2026-01-26 00:00:00,M01043,NETWORK_JOINED,I04400
2026-01-26 00:00:00,M04303,DEVICE_REMOVED,D05168
2026-01-26 00:00:00,M03908,NETWORK_JOINED,I04400
2026-01-26 00:00:00,M00818,DEVICE_ADDED,D07864
2026-01-26 00:00:00,M04303,DEVICE_ADDED,D08727
2026-01-26 00:00:00,M00413,MERCHANT_ONBOARDED,
2026-01-26 00:00:00,M02128,NETWORK_JOINED,I04400
2026-01-26 00:00:00,M02859,NETWORK_JOINED,I04400
2026-01-26 00:00:00,M00224,DEVICE_ADDED,D05709
2026-01-26 00:00:00,M01198,NETWORK_JOINED,I04400
2026-01-26 00:00:00,M01845,NETWORK_JOINED,I04400
2026-01-26 00:00:00,M00818,DEVICE_REMOVED,D08958
2026-01-26 00:00:00,M04317,DEVICE_ADDED,D03124
2026-01-26 00:00:00,M04582,DEVICE_ADDED,D02408
2026-01-26 00:00:00,M02509,NETWORK_JOINED,I04400
2026-01-26 00:00:00,M03564,MERCHANT_ONBOARDED,
2026-01-26 00:00:00,M02351,NETWORK_JOINED,I04400
2026-01-26 00:00:00,M00865,MERCHANT_ONBOARDED,
2026-01-26 00:00:00,M04738,NETWORK_JOINED,I04400
2026-01-26 00:00:00,M03035,DEVICE_REMOVED,D07923
2026-01-26 00:00:00,M03035,DEVICE_ADDED,D01590
2026-01-26 00:00:00,M03546,DEVICE_REMOVED,D06579
2026-01-26 00:00:00,M00808,DEVICE_ADDED,D08728
2026-01-26 00:00:00,M01060,MERCHANT_ONBOARDED,
2026-01-26 00:00:00,M01589,NETWORK_JOINED,I04400
2026-01-26 00:00:00,M00224,DEVICE_REMOVED,D01630
2026-01-26 00:00:00,M00114,NETWORK_JOINED,I04400
2026-01-26 00:00:00,M03207,NETWORK_JOINED,I04400
2026-01-26 00:00:00,M00597,NETWORK_JOINED,I04400
2026-01-26 00:00:00,M00034,NETWORK_JOINED,I04400
2026-01-26 00:00:00,M02564,NETWORK_JOINED,I04400
2026-01-26 00:00:00,M04663,NETWORK_JOINED,I04400
2026-01-26 00:00:00,M04582,DEVICE_REMOVED,D01720
2026-01-26 00:00:00,M04181,NETWORK_JOINED,I04400
2026-01-26 00:00:00,M00854,NETWORK_JOINED,I04400
2026-01-27 00:00:00,M01417,DEVICE_ADDED,D06797
2026-01-27 00:00:00,M01477,DEVICE_ADDED,D06231
2026-01-27 00:00:00,M04637,DEVICE_REMOVED,D01370
2026-01-27 00:00:00,M00564,NETWORK_JOINED,I03612
2026-01-27 00:00:00,M03372,DEVICE_ADDED,D05629
2026-01-27 00:00:00,M02884,NETWORK_JOINED,I03612
2026-01-27 00:00:00,M01477,DEVICE_REMOVED,D04542
2026-01-27 00:00:00,M02833,NETWORK_JOINED,I03612
2026-01-27 00:00:00,M01417,DEVICE_REMOVED,D04373
2026-01-27 00:00:00,M03671,DEVICE_ADDED,D07719
2026-01-27 00:00:00,M03372,DEVICE_REMOVED,D04463
2026-01-27 00:00:00,M04571,DEVICE_ADDED,D04446
2026-01-27 00:00:00,M04581,DEVICE_REMOVED,D08769
2026-01-27 00:00:00,M03097,DEVICE_REMOVED,D01909
2026-01-27 00:00:00,M04581,DEVICE_ADDED,D08895
2026-01-27 00:00:00,M02106,DEVICE_ADDED,D02674
2026-01-27 00:00:00,M02590,DEVICE_ADDED,D05244
2026-01-27 00:00:00,M04637,DEVICE_ADDED,D04976
2026-01-27 00:00:00,M02106,DEVICE_REMOVED,D09066
2026-01-27 00:00:00,M01455,DEVICE_ADDED,D01196
2026-01-27 00:00:00,M02590,DEVICE_REMOVED,D05181
2026-01-27 00:00:00,M02704,DEVICE_REMOVED,D02773
2026-01-27 00:00:00,M02704,DEVICE_ADDED,D09283
2026-01-27 00:00:00,M04561,DEVICE_ADDED,D04712
2026-01-27 00:00:00,M03110,DEVICE_REMOVED,D03237
2026-01-27 00:00:00,M03097,DEVICE_ADDED,D02924
2026-01-27 00:00:00,M01455,DEVICE_REMOVED,D02405
2026-01-27 00:00:00,M01149,DEVICE_ADDED,D07451
2026-01-27 00:00:00,M00069,DEVICE_REMOVED,D09468
2026-01-27 00:00:00,M00318,NETWORK_JOINED,I03612
2026-01-27 00:00:00,M04413,DEVICE_ADDED,D05195
2026-01-27 00:00:00,M04413,DEVICE_REMOVED,D05428
2026-01-27 00:00:00,M00111,NETWORK_JOINED,I03612
2026-01-27 00:00:00,M01467,NETWORK_JOINED,I03612
2026-01-27 00:00:00,M00863,DEVICE_ADDED,D01798
2026-01-27 00:00:00,M02210,NETWORK_JOINED,I03612
2026-01-27 00:00:00,M01985,NETWORK_JOINED,I03612
2026-01-27 00:00:00,M04423,NETWORK_JOINED,I03612
2026-01-27 00:00:00,M00219,NETWORK_JOINED,I03612
2026-01-27 00:00:00,M03110,DEVICE_ADDED,D00015
2026-01-27 00:00:00,M03671,DEVICE_REMOVED,D00241
2026-01-27 00:00:00,M02228,DEVICE_ADDED,D08329
2026-01-27 00:00:00,M00863,DEVICE_REMOVED,D08014
2026-01-27 00:00:00,M02639,DEVICE_ADDED,D07583
2026-01-27 00:00:00,M02228,DEVICE_REMOVED,D09703
2026-01-27 00:00:00,M04773,NETWORK_JOINED,I03612
2026-01-27 00:00:00,M04198,NETWORK_JOINED,I03612
2026-01-27 00:00:00,M04764,NETWORK_JOINED,I03612
2026-01-27 00:00:00,M00069,DEVICE_ADDED,D09809
2026-01-27 00:00:00,M03243,NETWORK_JOINED,I03612
2026-01-27 00:00:00,M03814,DEVICE_ADDED,D03778
2026-01-27 00:00:00,M03814,DEVICE_REMOVED,D06404
2026-01-27 00:00:00,M03900,NETWORK_JOINED,I03612
2026-01-27 00:00:00,M03370,NETWORK_JOINED,I03612
2026-01-27 00:00:00,M03436,NETWORK_JOINED,I03612
2026-01-27 00:00:00,M01149,DEVICE_REMOVED,D00438
2026-01-27 00:00:00,M04841,NETWORK_JOINED,I03612
2026-01-27 00:00:00,M02967,DEVICE_ADDED,D06738
2026-01-27 00:00:00,M04379,NETWORK_JOINED,I03612
2026-01-27 00:00:00,M04561,DEVICE_REMOVED,D06313
2026-01-27 00:00:00,M03991,NETWORK_JOINED,I03612
2026-01-27 00:00:00,M01106,NETWORK_JOINED,I03612
2026-01-27 00:00:00,M02372,NETWORK_JOINED,I03612
2026-01-27 00:00:00,M02967,DEVICE_REMOVED,D09519
2026-01-27 00:00:00,M04571,DEVICE_REMOVED,D09000
2026-01-27 00:00:00,M02639,DEVICE_REMOVED,D03501
2026-01-27 00:00:00,M02500,MERCHANT_ONBOARDED,
2026-01-27 00:00:00,M00927,MERCHANT_ONBOARDED,
2026-01-27 00:00:00,M01264,MERCHANT_ONBOARDED,
2026-01-27 00:00:00,M03897,NETWORK_JOINED,I_MULE_0859
2026-01-27 00:00:00,M01677,MERCHANT_ONBOARDED,
2026-01-27 00:00:00,M02058,MERCHANT_ONBOARDED,
2026-01-27 00:00:00,M02214,MERCHANT_ONBOARDED,
2026-01-27 00:00:00,M02436,MERCHANT_ONBOARDED,
2026-01-27 00:00:00,M02509,MERCHANT_ONBOARDED,
2026-01-27 00:00:00,M02536,MERCHANT_ONBOARDED,
2026-01-27 00:00:00,M02617,MERCHANT_ONBOARDED,
2026-01-27 00:00:00,M03956,MERCHANT_ONBOARDED,
2026-01-27 00:00:00,M02959,MERCHANT_ONBOARDED,
2026-01-27 00:00:00,M03051,MERCHANT_ONBOARDED,
2026-01-27 00:00:00,M03666,MERCHANT_ONBOARDED,
2026-01-27 00:00:00,M03815,MERCHANT_ONBOARDED,
2026-01-27 00:00:00,M00593,MERCHANT_ONBOARDED,
2026-01-27 00:00:00,M00488,MERCHANT_ONBOARDED,
2026-01-27 00:00:00,M03974,MERCHANT_ONBOARDED,
2026-01-27 00:00:00,M00176,MERCHANT_ONBOARDED,
2026-01-27 00:00:00,M00250,MERCHANT_ONBOARDED,
2026-01-28 00:00:00,M04300,DEVICE_ADDED,D07889
2026-01-28 00:00:00,M04565,DEVICE_ADDED,D00005
2026-01-28 00:00:00,M04565,DEVICE_REMOVED,D09644
2026-01-28 00:00:00,M04550,DEVICE_ADDED,D09760
2026-01-28 00:00:00,M04550,DEVICE_REMOVED,D09867
2026-01-28 00:00:00,M02593,DEVICE_ADDED,D00654
2026-01-28 00:00:00,M02593,DEVICE_REMOVED,D04379
2026-01-28 00:00:00,M00146,DEVICE_ADDED,D05657
2026-01-28 00:00:00,M00146,DEVICE_REMOVED,D06828
2026-01-28 00:00:00,M03980,NETWORK_JOINED,I04059
2026-01-28 00:00:00,M02655,NETWORK_JOINED,I04059
2026-01-28 00:00:00,M01238,NETWORK_JOINED,I04059
2026-01-28 00:00:00,M02922,MERCHANT_ONBOARDED,
2026-01-28 00:00:00,M03987,NETWORK_JOINED,I04059
2026-01-28 00:00:00,M03406,NETWORK_JOINED,I04059
2026-01-28 00:00:00,M00736,NETWORK_JOINED,I04059
2026-01-28 00:00:00,M01212,NETWORK_JOINED,I04059
2026-01-28 00:00:00,M02044,NETWORK_JOINED,I08624
2026-01-28 00:00:00,M03072,NETWORK_JOINED,I04059
2026-01-28 00:00:00,M00115,DEVICE_REMOVED,D07114
2026-01-28 00:00:00,M00115,DEVICE_ADDED,D01977
2026-01-28 00:00:00,M01210,NETWORK_JOINED,I04059
2026-01-28 00:00:00,M03818,NETWORK_JOINED,I04059
2026-01-28 00:00:00,M01876,NETWORK_JOINED,I04059
2026-01-28 00:00:00,M02629,MERCHANT_ONBOARDED,
2026-01-28 00:00:00,M04483,MERCHANT_ONBOARDED,
2026-01-28 00:00:00,M04070,NETWORK_JOINED,I04059
2026-01-28 00:00:00,M03563,NETWORK_JOINED,I04059
2026-01-28 00:00:00,M04341,NETWORK_JOINED,I04059
2026-01-28 00:00:00,M00993,DEVICE_ADDED,D01296
2026-01-28 00:00:00,M00993,DEVICE_REMOVED,D02581
2026-01-28 00:00:00,M01522,NETWORK_JOINED,I04059
2026-01-28 00:00:00,M02392,DEVICE_REMOVED,D04568
2026-01-28 00:00:00,M02333,NETWORK_JOINED,I04059
2026-01-28 00:00:00,M02392,DEVICE_ADDED,D05832
2026-01-28 00:00:00,M03338,NETWORK_JOINED,I08624
2026-01-28 00:00:00,M00204,NETWORK_JOINED,I08624
2026-01-28 00:00:00,M00696,DEVICE_ADDED,D02032
2026-01-28 00:00:00,M00696,DEVICE_REMOVED,D05895
2026-01-28 00:00:00,M04021,NETWORK_JOINED,I08624
2026-01-28 00:00:00,M03143,NETWORK_JOINED,I08624
2026-01-28 00:00:00,M00598,NETWORK_JOINED,I08624
2026-01-28 00:00:00,M02072,NETWORK_JOINED,I08624
2026-01-28 00:00:00,M00141,NETWORK_JOINED,I08624
2026-01-28 00:00:00,M00655,DEVICE_REMOVED,D09622
2026-01-28 00:00:00,M02626,DEVICE_REMOVED,D08761
2026-01-28 00:00:00,M02626,DEVICE_ADDED,D07716
2026-01-28 00:00:00,M03837,MERCHANT_ONBOARDED,
2026-01-28 00:00:00,M00328,DEVICE_ADDED,D09936
2026-01-28 00:00:00,M00328,DEVICE_REMOVED,D02719
2026-01-28 00:00:00,M00655,DEVICE_ADDED,D08059
2026-01-28 00:00:00,M04639,NETWORK_JOINED,I08624
2026-01-28 00:00:00,M03730,NETWORK_JOINED,I08624
2026-01-28 00:00:00,M01829,NETWORK_JOINED,I08624
2026-01-28 00:00:00,M04490,NETWORK_JOINED,I08624
2026-01-28 00:00:00,M03908,NETWORK_JOINED,I08624
2026-01-28 00:00:00,M00401,NETWORK_JOINED,I08624
2026-01-28 00:00:00,M01472,NETWORK_JOINED,I08624
2026-01-28 00:00:00,M01165,NETWORK_JOINED,I08624
2026-01-28 00:00:00,M03226,NETWORK_JOINED,I08624
2026-01-28 00:00:00,M04267,NETWORK_JOINED,I08624
2026-01-28 00:00:00,M02414,NETWORK_JOINED,I08624
2026-01-28 00:00:00,M00156,NETWORK_JOINED,I08624
2026-01-28 00:00:00,M01772,NETWORK_JOINED,I08624
2026-01-28 00:00:00,M04359,NETWORK_JOINED,I08624
2026-01-28 00:00:00,M01920,NETWORK_JOINED,I08624
2026-01-28 00:00:00,M01719,NETWORK_JOINED,I08624
2026-01-28 00:00:00,M01626,NETWORK_JOINED,I08624
2026-01-28 00:00:00,M01965,NETWORK_JOINED,I08624
2026-01-28 00:00:00,M03335,NETWORK_JOINED,I08624
2026-01-28 00:00:00,M04457,MERCHANT_ONBOARDED,
2026-01-28 00:00:00,M03558,DEVICE_REMOVED,D04889
2026-01-28 00:00:00,M01803,DEVICE_REMOVED,D08984
2026-01-28 00:00:00,M01803,DEVICE_ADDED,D07968
2026-01-28 00:00:00,M03558,DEVICE_ADDED,D06647
2026-01-28 00:00:00,M03521,DEVICE_ADDED,D06495
2026-01-28 00:00:00,M03521,DEVICE_REMOVED,D03638
2026-01-28 00:00:00,M03224,DEVICE_ADDED,D00400
2026-01-28 00:00:00,M03224,DEVICE_REMOVED,D08704
2026-01-28 00:00:00,M02139,DEVICE_REMOVED,D00747
2026-01-28 00:00:00,M02139,DEVICE_ADDED,D04103
2026-01-28 00:00:00,M02181,DEVICE_REMOVED,D06776
2026-01-28 00:00:00,M02181,DEVICE_ADDED,D09687
2026-01-28 00:00:00,M00769,MERCHANT_ONBOARDED,
2026-01-28 00:00:00,M00698,MERCHANT_ONBOARDED,
2026-01-28 00:00:00,M00509,MERCHANT_ONBOARDED,
2026-01-28 00:00:00,M00502,MERCHANT_ONBOARDED,
2026-01-28 00:00:00,M00169,NETWORK_JOINED,I_MULE_0365
2026-01-28 00:00:00,M02876,DEVICE_ADDED,D03010
2026-01-28 00:00:00,M04300,DEVICE_REMOVED,D05146
2026-01-28 00:00:00,M02065,MERCHANT_ONBOARDED,
2026-01-28 00:00:00,M00206,NETWORK_JOINED,I_MULE_0281
2026-01-28 00:00:00,M02876,DEVICE_REMOVED,D00429
2026-01-29 00:00:00,M04451,MERCHANT_ONBOARDED,
2026-01-29 00:00:00,M03127,DEVICE_ADDED,D00926
2026-01-29 00:00:00,M02071,DEVICE_ADDED,D09339
2026-01-29 00:00:00,M02071,DEVICE_REMOVED,D04288
2026-01-29 00:00:00,M02244,NETWORK_JOINED,I_MULE_0591
2026-01-29 00:00:00,M04631,DEVICE_ADDED,D03468
2026-01-29 00:00:00,M04618,DEVICE_ADDED,D09945
2026-01-29 00:00:00,M04618,DEVICE_REMOVED,D01461
2026-01-29 00:00:00,M02816,MERCHANT_ONBOARDED,
2026-01-29 00:00:00,M01258,MERCHANT_ONBOARDED,
2026-01-29 00:00:00,M03489,DEVICE_REMOVED,D05980
2026-01-29 00:00:00,M03489,DEVICE_ADDED,D09212
2026-01-29 00:00:00,M04631,DEVICE_REMOVED,D08145
2026-01-29 00:00:00,M03127,DEVICE_REMOVED,D06217
2026-01-29 00:00:00,M04740,MERCHANT_ONBOARDED,
2026-01-29 00:00:00,M02884,DEVICE_REMOVED,D02600
2026-01-29 00:00:00,M03879,MERCHANT_ONBOARDED,
2026-01-29 00:00:00,M03873,MERCHANT_ONBOARDED,
2026-01-29 00:00:00,M00209,MERCHANT_ONBOARDED,
2026-01-29 00:00:00,M01280,DEVICE_ADDED,D06705
2026-01-29 00:00:00,M02884,DEVICE_ADDED,D03721
2026-01-29 00:00:00,M00635,MERCHANT_ONBOARDED,
2026-01-29 00:00:00,M00520,DEVICE_REMOVED,D05983
2026-01-29 00:00:00,M00520,DEVICE_ADDED,D05688
2026-01-29 00:00:00,M04810,DEVICE_ADDED,D03783
2026-01-29 00:00:00,M04810,DEVICE_REMOVED,D03575
2026-01-29 00:00:00,M04047,MERCHANT_ONBOARDED,
2026-01-29 00:00:00,M03479,MERCHANT_ONBOARDED,
2026-01-29 00:00:00,M00789,MERCHANT_ONBOARDED,
2026-01-29 00:00:00,M02675,NETWORK_JOINED,I_MULE_0949
2026-01-29 00:00:00,M00879,MERCHANT_ONBOARDED,
2026-01-29 00:00:00,M01335,DEVICE_REMOVED,D09592
2026-01-29 00:00:00,M04203,MERCHANT_ONBOARDED,
2026-01-29 00:00:00,M02445,MERCHANT_ONBOARDED,
2026-01-29 00:00:00,M04859,MERCHANT_ONBOARDED,
2026-01-29 00:00:00,M03086,MERCHANT_ONBOARDED,
2026-01-29 00:00:00,M00869,DEVICE_ADDED,D08717
2026-01-29 00:00:00,M00869,DEVICE_REMOVED,D04876
2026-01-29 00:00:00,M01696,MERCHANT_ONBOARDED,
2026-01-29 00:00:00,M01463,MERCHANT_ONBOARDED,
2026-01-29 00:00:00,M01811,MERCHANT_ONBOARDED,
2026-01-29 00:00:00,M00344,MERCHANT_ONBOARDED,
2026-01-29 00:00:00,M00893,DEVICE_REMOVED,D04485
2026-01-29 00:00:00,M03783,DEVICE_ADDED,D04919
2026-01-29 00:00:00,M03783,DEVICE_REMOVED,D09758
2026-01-29 00:00:00,M01640,DEVICE_REMOVED,D08436
2026-01-29 00:00:00,M01530,DEVICE_ADDED,D02930
2026-01-29 00:00:00,M04226,MERCHANT_ONBOARDED,
2026-01-29 00:00:00,M01640,DEVICE_ADDED,D04067
2026-01-29 00:00:00,M01530,DEVICE_REMOVED,D04014
2026-01-29 00:00:00,M01280,DEVICE_REMOVED,D09906
2026-01-29 00:00:00,M01335,DEVICE_ADDED,D02255
2026-01-29 00:00:00,M00893,DEVICE_ADDED,D02824
2026-01-30 00:00:00,M03481,MERCHANT_ONBOARDED,
2026-01-30 00:00:00,M04435,DEVICE_ADDED,D04793
2026-01-30 00:00:00,M01201,DEVICE_REMOVED,D02087
2026-01-30 00:00:00,M01201,DEVICE_ADDED,D04594
2026-01-30 00:00:00,M04828,DEVICE_REMOVED,D01145
2026-01-30 00:00:00,M04435,DEVICE_REMOVED,D06338
2026-01-30 00:00:00,M04828,DEVICE_ADDED,D09895
2026-01-30 00:00:00,M03797,DEVICE_REMOVED,D00979
2026-01-30 00:00:00,M02447,NETWORK_JOINED,I_MULE_0364
2026-01-30 00:00:00,M03797,DEVICE_ADDED,D01063
2026-01-30 00:00:00,M02870,MERCHANT_ONBOARDED,
2026-01-30 00:00:00,M03521,NETWORK_JOINED,I_MULE_0155
2026-01-30 00:00:00,M02735,DEVICE_ADDED,D02656
2026-01-30 00:00:00,M01398,MERCHANT_ONBOARDED,
2026-01-30 00:00:00,M00914,MERCHANT_ONBOARDED,
2026-01-30 00:00:00,M00835,DEVICE_REMOVED,D07015
2026-01-30 00:00:00,M01315,DEVICE_ADDED,D05433
2026-01-30 00:00:00,M00835,DEVICE_ADDED,D04683
2026-01-30 00:00:00,M01933,DEVICE_REMOVED,D00809
2026-01-30 00:00:00,M01933,DEVICE_ADDED,D08317
2026-01-30 00:00:00,M03748,NETWORK_JOINED,I_MULE_0461
2026-01-30 00:00:00,M03241,DEVICE_ADDED,D00148
2026-01-30 00:00:00,M03241,DEVICE_REMOVED,D00978
2026-01-30 00:00:00,M01723,MERCHANT_ONBOARDED,
2026-01-30 00:00:00,M01315,DEVICE_REMOVED,D04252
2026-01-30 00:00:00,M03220,DEVICE_REMOVED,D06964
2026-01-30 00:00:00,M03159,MERCHANT_ONBOARDED,
2026-01-30 00:00:00,M03156,MERCHANT_ONBOARDED,
2026-01-30 00:00:00,M02735,DEVICE_REMOVED,D03621
2026-01-30 00:00:00,M02644,MERCHANT_ONBOARDED,
2026-01-30 00:00:00,M01415,MERCHANT_ONBOARDED,
2026-01-30 00:00:00,M03690,DEVICE_REMOVED,D06139
2026-01-30 00:00:00,M03690,DEVICE_ADDED,D04792
2026-01-30 00:00:00,M03220,DEVICE_ADDED,D04694
2026-01-30 00:00:00,M00469,MERCHANT_ONBOARDED,
2026-01-30 00:00:00,M04802,MERCHANT_ONBOARDED,
2026-01-30 00:00:00,M00111,DEVICE_ADDED,D05816
2026-01-30 00:00:00,M04398,MERCHANT_ONBOARDED,
2026-01-30 00:00:00,M03986,MERCHANT_ONBOARDED,
2026-01-30 00:00:00,M00111,DEVICE_REMOVED,D08084
2026-01-31 00:00:00,M03962,DEVICE_ADDED,D_MULE_0337
2026-01-31 00:00:00,M02117,DEVICE_REMOVED,D01892
2026-01-31 00:00:00,M01724,DEVICE_ADDED,D_MULE_0337
2026-01-31 00:00:00,M02112,DEVICE_REMOVED,D03908
2026-01-31 00:00:00,M02219,IP_ADDED,I_MULE_0149
2026-01-31 00:00:00,M03895,DEVICE_ADDED,D_MULE_0337
2026-01-31 00:00:00,M03109,DEVICE_ADDED,D08532
2026-01-31 00:00:00,M00684,DEVICE_ADDED,D09452
2026-01-31 00:00:00,M00684,DEVICE_REMOVED,D04410
2026-01-31 00:00:00,M02602,DEVICE_ADDED,D_MULE_0337
2026-01-31 00:00:00,M03180,DEVICE_REMOVED,D08165
2026-01-31 00:00:00,M03562,DEVICE_ADDED,D07810
2026-01-31 00:00:00,M01337,MERCHANT_ONBOARDED,
2026-01-31 00:00:00,M02627,MERCHANT_ONBOARDED,
2026-01-31 00:00:00,M02117,DEVICE_ADDED,D08751
2026-01-31 00:00:00,M04784,MERCHANT_ONBOARDED,
2026-01-31 00:00:00,M04790,MERCHANT_ONBOARDED,
2026-01-31 00:00:00,M04251,MERCHANT_ONBOARDED,
2026-01-31 00:00:00,M01048,DEVICE_ADDED,D07297
2026-01-31 00:00:00,M01596,MERCHANT_ONBOARDED,
2026-01-31 00:00:00,M03437,MERCHANT_ONBOARDED,
2026-01-31 00:00:00,M02112,DEVICE_ADDED,D02692
2026-01-31 00:00:00,M02602,IP_ADDED,I_MULE_0149
2026-01-31 00:00:00,M01420,DEVICE_REMOVED,D02378
2026-01-31 00:00:00,M04973,MERCHANT_ONBOARDED,
2026-01-31 00:00:00,M02073,DEVICE_REMOVED,D00684
2026-01-31 00:00:00,M01461,MERCHANT_ONBOARDED,
2026-01-31 00:00:00,M00398,DEVICE_ADDED,D08160
2026-01-31 00:00:00,M04037,MERCHANT_ONBOARDED,
2026-01-31 00:00:00,M00398,DEVICE_REMOVED,D09519
2026-01-31 00:00:00,M03180,DEVICE_ADDED,D07682
2026-01-31 00:00:00,M02407,MERCHANT_ONBOARDED,
2026-01-31 00:00:00,M02280,DEVICE_REMOVED,D01362
2026-01-31 00:00:00,M02280,DEVICE_ADDED,D06480
2026-01-31 00:00:00,M03562,DEVICE_REMOVED,D08654
2026-01-31 00:00:00,M01155,MERCHANT_ONBOARDED,
2026-01-31 00:00:00,M01420,DEVICE_ADDED,D03225
2026-01-31 00:00:00,M04497,MERCHANT_ONBOARDED,
2026-01-31 00:00:00,M02073,DEVICE_ADDED,D04140
2026-01-31 00:00:00,M03109,DEVICE_REMOVED,D08412
2026-01-31 00:00:00,M03274,IP_ADDED,I_MULE_0149
2026-01-31 00:00:00,M01048,DEVICE_REMOVED,D07224
2026-01-31 00:00:00,M02272,DEVICE_ADDED,D_MULE_0337
2026-01-31 00:00:00,M04195,DEVICE_ADDED,D05614
2026-01-31 00:00:00,M00977,DEVICE_ADDED,D01857
2026-01-31 00:00:00,M01724,IP_ADDED,I_MULE_0149
2026-01-31 00:00:00,M00977,DEVICE_REMOVED,D05041
2026-01-31 00:00:00,M01621,DEVICE_ADDED,D07014
2026-01-31 00:00:00,M02272,IP_ADDED,I_MULE_0149
2026-01-31 00:00:00,M01621,DEVICE_REMOVED,D01669
2026-01-31 00:00:00,M02097,DEVICE_ADDED,D07661
2026-01-31 00:00:00,M02219,DEVICE_ADDED,D_MULE_0337
2026-01-31 00:00:00,M04195,DEVICE_REMOVED,D02690
2026-01-31 00:00:00,M02199,DEVICE_ADDED,D09527
2026-01-31 00:00:00,M02523,MERCHANT_ONBOARDED,
2026-01-31 00:00:00,M01858,DEVICE_ADDED,D01366
2026-01-31 00:00:00,M02199,DEVICE_REMOVED,D04750
2026-01-31 00:00:00,M01858,DEVICE_REMOVED,D04769
2026-01-31 00:00:00,M04449,DEVICE_ADDED,D05089
2026-01-31 00:00:00,M00764,DEVICE_ADDED,D07653
2026-01-31 00:00:00,M03274,DEVICE_ADDED,D_MULE_0337
2026-01-31 00:00:00,M04106,DEVICE_REMOVED,D03341
2026-01-31 00:00:00,M02520,DEVICE_ADDED,D06013
2026-01-31 00:00:00,M02520,DEVICE_REMOVED,D02536
2026-01-31 00:00:00,M04106,DEVICE_ADDED,D09939
2026-01-31 00:00:00,M00764,DEVICE_REMOVED,D01448
2026-01-31 00:00:00,M03254,MERCHANT_ONBOARDED,
2026-01-31 00:00:00,M03962,IP_ADDED,I_MULE_0149
2026-01-31 00:00:00,M04449,DEVICE_REMOVED,D02447
2026-01-31 00:00:00,M02378,DEVICE_REMOVED,D06983
2026-01-31 00:00:00,M03537,MERCHANT_ONBOARDED,
2026-01-31 00:00:00,M02378,DEVICE_ADDED,D08802
2026-01-31 00:00:00,M02097,DEVICE_REMOVED,D07428
2026-01-31 00:00:00,M03895,IP_ADDED,I_MULE_0149
2026-01-31 17:00:00,M02446,NETWORK_JOINED,I_MULE_0314
2026-02-01 00:00:00,M00028,DEVICE_ADDED,D02927
2026-02-01 00:00:00,M03670,DEVICE_ADDED,D02334
2026-02-01 00:00:00,M00694,DEVICE_REMOVED,D07442
2026-02-01 00:00:00,M00894,MERCHANT_ONBOARDED,
2026-02-01 00:00:00,M00692,DEVICE_ADDED,D03890
2026-02-01 00:00:00,M00692,DEVICE_REMOVED,D05992
2026-02-01 00:00:00,M03670,DEVICE_REMOVED,D09526
2026-02-01 00:00:00,M00694,DEVICE_ADDED,D06941
2026-02-01 00:00:00,M00984,DEVICE_ADDED,D01656
2026-02-01 00:00:00,M03794,DEVICE_REMOVED,D08918
2026-02-01 00:00:00,M00227,DEVICE_ADDED,D06344
2026-02-01 00:00:00,M01990,NETWORK_JOINED,I_MULE_0426
2026-02-01 00:00:00,M00131,MERCHANT_ONBOARDED,
2026-02-01 00:00:00,M00076,DEVICE_REMOVED,D06505
2026-02-01 00:00:00,M03647,MERCHANT_ONBOARDED,
2026-02-01 00:00:00,M04873,DEVICE_REMOVED,D09999
2026-02-01 00:00:00,M02550,DEVICE_ADDED,D03406
2026-02-01 00:00:00,M01554,DEVICE_REMOVED,D04006
2026-02-01 00:00:00,M01554,DEVICE_ADDED,D03912
2026-02-01 00:00:00,M00076,DEVICE_ADDED,D06679
2026-02-01 00:00:00,M00984,DEVICE_REMOVED,D09444
2026-02-01 00:00:00,M00028,DEVICE_REMOVED,D08797
2026-02-01 00:00:00,M01745,MERCHANT_ONBOARDED,
2026-02-01 00:00:00,M01897,MERCHANT_ONBOARDED,
2026-02-01 00:00:00,M03794,DEVICE_ADDED,D01337
2026-02-01 00:00:00,M04873,DEVICE_ADDED,D00124
2026-02-01 00:00:00,M00227,DEVICE_REMOVED,D04257
2026-02-01 00:00:00,M01462,DEVICE_ADDED,D05406
2026-02-01 00:00:00,M01462,DEVICE_REMOVED,D04253
2026-02-01 00:00:00,M00303,MERCHANT_ONBOARDED,
2026-02-01 00:00:00,M01584,MERCHANT_ONBOARDED,
2026-02-01 00:00:00,M01635,NETWORK_JOINED,I_MULE_0244
2026-02-01 00:00:00,M00786,MERCHANT_ONBOARDED,
2026-02-01 00:00:00,M04559,DEVICE_ADDED,D05277
2026-02-01 00:00:00,M03884,MERCHANT_ONBOARDED,
2026-02-01 00:00:00,M04559,DEVICE_REMOVED,D09793
2026-02-01 00:00:00,M01466,NETWORK_JOINED,I_MULE_0602
2026-02-01 00:00:00,M00454,MERCHANT_ONBOARDED,
2026-02-01 00:00:00,M04254,DEVICE_REMOVED,D06268
2026-02-01 00:00:00,M02550,DEVICE_REMOVED,D06136
2026-02-01 00:00:00,M04254,DEVICE_ADDED,D06082
2026-02-01 00:00:00,M02412,MERCHANT_ONBOARDED,
2026-02-02 00:00:00,M02571,MERCHANT_ONBOARDED,
2026-02-02 00:00:00,M00735,DEVICE_ADDED,D_MULE_0612
2026-02-02 00:00:00,M00735,IP_ADDED,I_MULE_0705
2026-02-02 00:00:00,M04278,NETWORK_JOINED,I09806
2026-02-02 00:00:00,M00365,IP_ADDED,I_MULE_0658
2026-02-02 00:00:00,M00365,DEVICE_ADDED,D_MULE_0600
2026-02-02 00:00:00,M01084,NETWORK_JOINED,I09806
2026-02-02 00:00:00,M01702,NETWORK_JOINED,I09806
2026-02-02 00:00:00,M00627,MERCHANT_ONBOARDED,
2026-02-02 00:00:00,M00180,DEVICE_REMOVED,D07481
2026-02-02 00:00:00,M02318,NETWORK_JOINED,I09806
2026-02-02 00:00:00,M03851,NETWORK_JOINED,I09806
2026-02-02 00:00:00,M01480,DEVICE_ADDED,D06866
2026-02-02 00:00:00,M00036,IP_ADDED,I_MULE_0705
2026-02-02 00:00:00,M02363,NETWORK_JOINED,I09806
2026-02-02 00:00:00,M02543,NETWORK_JOINED,I09806
2026-02-02 00:00:00,M00960,IP_ADDED,I_MULE_0705
2026-02-02 00:00:00,M02755,NETWORK_JOINED,I09806
2026-02-02 00:00:00,M02126,DEVICE_ADDED,D_MULE_0612
2026-02-02 00:00:00,M02911,MERCHANT_ONBOARDED,
2026-02-02 00:00:00,M01333,IP_ADDED,I_MULE_0658
2026-02-02 00:00:00,M00905,NETWORK_JOINED,I_MULE_0315
2026-02-02 00:00:00,M00559,DEVICE_ADDED,D06476
2026-02-02 00:00:00,M00559,DEVICE_REMOVED,D05204
2026-02-02 00:00:00,M02126,IP_ADDED,I_MULE_0705
2026-02-02 00:00:00,M00036,DEVICE_ADDED,D_MULE_0612
2026-02-02 00:00:00,M00825,DEVICE_REMOVED,D09745
2026-02-02 00:00:00,M00825,DEVICE_ADDED,D02247
2026-02-02 00:00:00,M02322,DEVICE_ADDED,D00575
2026-02-02 00:00:00,M02322,DEVICE_REMOVED,D03147
2026-02-02 00:00:00,M01625,DEVICE_REMOVED,D05705
2026-02-02 00:00:00,M01625,DEVICE_ADDED,D02668
2026-02-02 00:00:00,M00889,IP_ADDED,I_MULE_0658
2026-02-02 00:00:00,M01080,NETWORK_JOINED,I09806
2026-02-02 00:00:00,M01480,DEVICE_REMOVED,D05001
2026-02-02 00:00:00,M00180,DEVICE_ADDED,D01407
2026-02-02 00:00:00,M04593,DEVICE_ADDED,D_MULE_0600
2026-02-02 00:00:00,M00889,DEVICE_ADDED,D_MULE_0600
2026-02-02 00:00:00,M02023,DEVICE_REMOVED,D07314
2026-02-02 00:00:00,M02023,DEVICE_ADDED,D01284
2026-02-02 00:00:00,M03508,NETWORK_JOINED,I09806
2026-02-02 00:00:00,M03220,NETWORK_JOINED,I_MULE_0365
2026-02-02 00:00:00,M04756,NETWORK_JOINED,I09806
2026-02-02 00:00:00,M00371,NETWORK_JOINED,I09806
2026-02-02 00:00:00,M02998,NETWORK_JOINED,I09806
2026-02-02 00:00:00,M04379,NETWORK_JOINED,I_MULE_0859
2026-02-02 00:00:00,M04593,IP_ADDED,I_MULE_0658
2026-02-02 00:00:00,M01717,DEVICE_ADDED,D00500
2026-02-02 00:00:00,M01317,MERCHANT_ONBOARDED,
2026-02-02 00:00:00,M04420,NETWORK_JOINED,I09806
2026-02-02 00:00:00,M04296,NETWORK_JOINED,I09806
2026-02-02 00:00:00,M02399,NETWORK_JOINED,I09806
2026-02-02 00:00:00,M01717,DEVICE_REMOVED,D04797
2026-02-02 00:00:00,M02309,MERCHANT_ONBOARDED,
2026-02-02 00:00:00,M01171,NETWORK_JOINED,I09806
2026-02-02 00:00:00,M04084,NETWORK_JOINED,I09806
2026-02-02 00:00:00,M03445,NETWORK_JOINED,I09806
2026-02-02 00:00:00,M04967,DEVICE_ADDED,D05574
2026-02-02 00:00:00,M03148,DEVICE_ADDED,D00956
2026-02-02 00:00:00,M04967,DEVICE_REMOVED,D04307
2026-02-02 00:00:00,M02795,NETWORK_JOINED,I09806
2026-02-02 00:00:00,M01333,DEVICE_ADDED,D_MULE_0600
2026-02-02 00:00:00,M03148,DEVICE_REMOVED,D08133
2026-02-02 00:00:00,M00960,DEVICE_ADDED,D_MULE_0612
2026-02-02 00:00:00,M01197,NETWORK_JOINED,I09806
2026-02-02 00:00:00,M01177,MERCHANT_ONBOARDED,
2026-02-02 00:00:00,M00490,MERCHANT_ONBOARDED,
2026-02-02 00:00:00,M00636,NETWORK_JOINED,I09806
2026-02-02 00:00:00,M03118,NETWORK_JOINED,I09806
2026-02-02 00:00:00,M03922,NETWORK_JOINED,I_MULE_0435
2026-02-02 00:00:00,M00420,DEVICE_ADDED,D_MULE_0612
2026-02-02 00:00:00,M00466,IP_ADDED,I_MULE_0658
2026-02-02 00:00:00,M04587,NETWORK_JOINED,I09806
2026-02-02 00:00:00,M03202,NETWORK_JOINED,I09806
2026-02-02 00:00:00,M00754,DEVICE_ADDED,D_MULE_0600
2026-02-02 00:00:00,M03532,NETWORK_JOINED,I09806
2026-02-02 00:00:00,M03179,NETWORK_JOINED,I09806
2026-02-02 00:00:00,M00466,DEVICE_ADDED,D_MULE_0600
2026-02-02 00:00:00,M00754,IP_ADDED,I_MULE_0658
2026-02-02 00:00:00,M00420,IP_ADDED,I_MULE_0705
2026-02-02 00:00:00,M04263,MERCHANT_ONBOARDED,
2026-02-02 00:00:00,M02281,NETWORK_JOINED,I09806
2026-02-02 01:00:00,M00444,NETWORK_JOINED,I_MULE_0314
2026-02-02 01:00:00,M03985,NETWORK_JOINED,I_MULE_0314
2026-02-02 01:00:00,M03547,NETWORK_JOINED,I_MULE_0255
2026-02-02 05:00:00,M04393,NETWORK_JOINED,I_MULE_0255
2026-02-02 06:00:00,M02995,NETWORK_JOINED,I_MULE_0314
2026-02-02 13:00:00,M03611,NETWORK_JOINED,I_MULE_0255
2026-02-03 00:00:00,M02988,NETWORK_JOINED,I04904
2026-02-03 00:00:00,M01797,DEVICE_REMOVED,D09718
2026-02-03 00:00:00,M03257,NETWORK_JOINED,I06979
2026-02-03 00:00:00,M04727,NETWORK_JOINED,I06979
2026-02-03 00:00:00,M02051,NETWORK_JOINED,I06979
2026-02-03 00:00:00,M00630,NETWORK_JOINED,I06979
2026-02-03 00:00:00,M01681,MERCHANT_ONBOARDED,
2026-02-03 00:00:00,M01358,DEVICE_REMOVED,D09660
2026-02-03 00:00:00,M04726,NETWORK_JOINED,I06979
2026-02-03 00:00:00,M02574,NETWORK_JOINED,I04904
2026-02-03 00:00:00,M00475,NETWORK_JOINED,I04904
2026-02-03 00:00:00,M01931,MERCHANT_ONBOARDED,
2026-02-03 00:00:00,M02261,MERCHANT_ONBOARDED,
2026-02-03 00:00:00,M01894,NETWORK_JOINED,I06979
2026-02-03 00:00:00,M04240,DEVICE_REMOVED,D08448
2026-02-03 00:00:00,M03823,DEVICE_REMOVED,D07101
2026-02-03 00:00:00,M00991,NETWORK_JOINED,I06979
2026-02-03 00:00:00,M03972,NETWORK_JOINED,I06979
2026-02-03 00:00:00,M00592,MERCHANT_ONBOARDED,
2026-02-03 00:00:00,M04187,MERCHANT_ONBOARDED,
2026-02-03 00:00:00,M01358,DEVICE_ADDED,D03033
2026-02-03 00:00:00,M01502,NETWORK_JOINED,I06979
2026-02-03 00:00:00,M00282,DEVICE_REMOVED,D03187
2026-02-03 00:00:00,M03719,NETWORK_JOINED,I04904
2026-02-03 00:00:00,M04246,DEVICE_REMOVED,D06117
2026-02-03 00:00:00,M01797,DEVICE_ADDED,D07394
2026-02-03 00:00:00,M04246,DEVICE_ADDED,D05865
2026-02-03 00:00:00,M03182,MERCHANT_ONBOARDED,
2026-02-03 00:00:00,M02103,MERCHANT_ONBOARDED,
2026-02-03 00:00:00,M02641,DEVICE_REMOVED,D07250
2026-02-03 00:00:00,M02641,DEVICE_ADDED,D08716
2026-02-03 00:00:00,M04285,DEVICE_REMOVED,D00241
2026-02-03 00:00:00,M01136,NETWORK_JOINED,I04904
2026-02-03 00:00:00,M00282,DEVICE_ADDED,D06080
2026-02-03 00:00:00,M03014,DEVICE_REMOVED,D02462
2026-02-03 00:00:00,M03014,DEVICE_ADDED,D08057
2026-02-03 00:00:00,M02011,DEVICE_ADDED,D00360
2026-02-03 00:00:00,M04285,DEVICE_ADDED,D08143
2026-02-03 00:00:00,M04748,MERCHANT_ONBOARDED,
2026-02-03 00:00:00,M02664,DEVICE_REMOVED,D05231
2026-02-03 00:00:00,M02664,DEVICE_ADDED,D09217
2026-02-03 00:00:00,M01858,NETWORK_JOINED,I_MULE_0986
2026-02-03 00:00:00,M01611,MERCHANT_ONBOARDED,
2026-02-03 00:00:00,M04069,NETWORK_JOINED,I04904
2026-02-03 00:00:00,M02011,DEVICE_REMOVED,D02425
2026-02-03 00:00:00,M01810,NETWORK_JOINED,I04904
2026-02-03 00:00:00,M03823,DEVICE_ADDED,D05953
2026-02-03 00:00:00,M03655,MERCHANT_ONBOARDED,
2026-02-03 00:00:00,M00636,DEVICE_ADDED,D06141
2026-02-03 00:00:00,M00636,DEVICE_REMOVED,D08377
2026-02-03 00:00:00,M03812,DEVICE_ADDED,D05589
2026-02-03 00:00:00,M03812,DEVICE_REMOVED,D09108
2026-02-03 00:00:00,M00167,NETWORK_JOINED,I06979
2026-02-03 00:00:00,M02210,DEVICE_REMOVED,D00315
2026-02-03 00:00:00,M04858,NETWORK_JOINED,I04904
2026-02-03 00:00:00,M01776,MERCHANT_ONBOARDED,
2026-02-03 00:00:00,M02654,NETWORK_JOINED,I04904
2026-02-03 00:00:00,M02956,NETWORK_JOINED,I04904
2026-02-03 00:00:00,M00981,NETWORK_JOINED,I04904
2026-02-03 00:00:00,M04011,NETWORK_JOINED,I04904
2026-02-03 00:00:00,M03430,DEVICE_REMOVED,D09635
2026-02-03 00:00:00,M01388,MERCHANT_ONBOARDED,
2026-02-03 00:00:00,M03929,NETWORK_JOINED,I04904
2026-02-03 00:00:00,M00611,NETWORK_JOINED,I04904
2026-02-03 00:00:00,M02044,NETWORK_JOINED,I04904
2026-02-03 00:00:00,M00011,NETWORK_JOINED,I04904
2026-02-03 00:00:00,M01533,NETWORK_JOINED,I04904
2026-02-03 00:00:00,M03430,DEVICE_ADDED,D02114
2026-02-03 00:00:00,M01316,NETWORK_JOINED,I04904
2026-02-03 00:00:00,M04240,DEVICE_ADDED,D01392
2026-02-03 00:00:00,M04032,MERCHANT_ONBOARDED,
2026-02-03 00:00:00,M03066,NETWORK_JOINED,I06979
2026-02-03 00:00:00,M00816,NETWORK_JOINED,I04904
2026-02-03 00:00:00,M02184,DEVICE_ADDED,D01628
2026-02-03 00:00:00,M02210,DEVICE_ADDED,D08475
2026-02-03 00:00:00,M00605,NETWORK_JOINED,I04904
2026-02-03 00:00:00,M02796,NETWORK_JOINED,I06979
2026-02-03 00:00:00,M02744,NETWORK_JOINED,I06979
2026-02-03 00:00:00,M02184,DEVICE_REMOVED,D08744
2026-02-03 00:00:00,M01565,NETWORK_JOINED,I06979
2026-02-03 00:00:00,M01750,NETWORK_JOINED,I04904
2026-02-03 00:00:00,M04441,NETWORK_JOINED,I04904
2026-02-03 00:00:00,M00212,NETWORK_JOINED,I06979
2026-02-03 00:00:00,M02871,MERCHANT_ONBOARDED,
2026-02-03 00:00:00,M02599,NETWORK_JOINED,I04904
2026-02-03 00:00:00,M02234,MERCHANT_ONBOARDED,
2026-02-03 00:00:00,M00348,NETWORK_JOINED,I06979
2026-02-03 00:00:00,M04781,NETWORK_JOINED,I06979
2026-02-03 00:00:00,M01320,NETWORK_JOINED,I06979
2026-02-03 04:00:00,M03554,NETWORK_JOINED,I_MULE_0631
2026-02-03 08:00:00,M01294,NETWORK_JOINED,I_MULE_0255
2026-02-03 13:00:00,M01283,NETWORK_JOINED,I_MULE_0255
2026-02-03 13:00:00,M01340,NETWORK_JOINED,I_MULE_0255
2026-02-04 00:00:00,M03099,DEVICE_ADDED,D_MULE_0458
2026-02-04 00:00:00,M02827,DEVICE_ADDED,D05072
2026-02-04 00:00:00,M00784,DEVICE_ADDED,D_MULE_0458
2026-02-04 00:00:00,M00475,IP_ADDED,I_MULE_0335
2026-02-04 00:00:00,M01656,IP_ADDED,I_MULE_0619
2026-02-04 00:00:00,M02916,DEVICE_ADDED,D_MULE_0205
2026-02-04 00:00:00,M00097,IP_ADDED,I_MULE_0335
2026-02-04 00:00:00,M02916,IP_ADDED,I_MULE_0335
2026-02-04 00:00:00,M04220,MERCHANT_ONBOARDED,
2026-02-04 00:00:00,M00097,DEVICE_ADDED,D_MULE_0205
2026-02-04 00:00:00,M03866,DEVICE_ADDED,D_MULE_0205
2026-02-04 00:00:00,M01656,DEVICE_ADDED,D_MULE_0458
2026-02-04 00:00:00,M03866,IP_ADDED,I_MULE_0335
2026-02-04 00:00:00,M00784,IP_ADDED,I_MULE_0619
2026-02-04 00:00:00,M01040,DEVICE_ADDED,D_MULE_0458
2026-02-04 00:00:00,M01040,IP_ADDED,I_MULE_0619
2026-02-04 00:00:00,M04570,MERCHANT_ONBOARDED,
2026-02-04 00:00:00,M03466,IP_ADDED,I_MULE_0335
2026-02-04 00:00:00,M02915,MERCHANT_ONBOARDED,
2026-02-04 00:00:00,M02774,DEVICE_REMOVED,D04796
2026-02-04 00:00:00,M02774,DEVICE_ADDED,D02066
2026-02-04 00:00:00,M04525,DEVICE_REMOVED,D08071
2026-02-04 00:00:00,M04525,DEVICE_ADDED,D08607
2026-02-04 00:00:00,M04526,DEVICE_REMOVED,D07546
2026-02-04 00:00:00,M04526,DEVICE_ADDED,D07814
2026-02-04 00:00:00,M03063,MERCHANT_ONBOARDED,
2026-02-04 00:00:00,M04359,DEVICE_ADDED,D09352
2026-02-04 00:00:00,M04359,DEVICE_REMOVED,D02963
2026-02-04 00:00:00,M02827,DEVICE_REMOVED,D05483
2026-02-04 00:00:00,M01097,MERCHANT_ONBOARDED,
2026-02-04 00:00:00,M01105,MERCHANT_ONBOARDED,
2026-02-04 00:00:00,M02771,MERCHANT_ONBOARDED,
2026-02-04 00:00:00,M03447,DEVICE_ADDED,D04039
2026-02-04 00:00:00,M03447,DEVICE_REMOVED,D02426
2026-02-04 00:00:00,M02534,DEVICE_ADDED,D07724
2026-02-04 00:00:00,M02534,DEVICE_REMOVED,D04971
2026-02-04 00:00:00,M02134,DEVICE_ADDED,D_MULE_0205
2026-02-04 00:00:00,M02134,IP_ADDED,I_MULE_0335
2026-02-04 00:00:00,M03857,DEVICE_ADDED,D_MULE_0205
2026-02-04 00:00:00,M03857,IP_ADDED,I_MULE_0335
2026-02-04 00:00:00,M03466,DEVICE_ADDED,D_MULE_0205
2026-02-04 00:00:00,M04695,MERCHANT_ONBOARDED,
2026-02-04 00:00:00,M03099,IP_ADDED,I_MULE_0619
2026-02-04 00:00:00,M03218,MERCHANT_ONBOARDED,
2026-02-04 00:00:00,M03225,MERCHANT_ONBOARDED,
2026-02-04 00:00:00,M00475,DEVICE_ADDED,D_MULE_0205
2026-02-04 00:00:00,M03066,IP_ADDED,I_MULE_0619
2026-02-04 00:00:00,M01553,NETWORK_JOINED,I_MULE_0364
2026-02-04 00:00:00,M00195,MERCHANT_ONBOARDED,
2026-02-04 00:00:00,M00324,NETWORK_JOINED,I_MULE_0155
2026-02-04 00:00:00,M03066,DEVICE_ADDED,D_MULE_0458
2026-02-04 00:00:00,M02607,DEVICE_ADDED,D03617
2026-02-04 00:00:00,M00721,MERCHANT_ONBOARDED,
2026-02-04 00:00:00,M00586,DEVICE_REMOVED,D01756
2026-02-04 00:00:00,M00586,DEVICE_ADDED,D09240
2026-02-04 00:00:00,M00250,DEVICE_ADDED,D05821
2026-02-04 00:00:00,M02237,DEVICE_ADDED,D00375
2026-02-04 00:00:00,M04909,DEVICE_REMOVED,D09381
2026-02-04 00:00:00,M01387,MERCHANT_ONBOARDED,
2026-02-04 00:00:00,M02607,DEVICE_REMOVED,D08260
2026-02-04 00:00:00,M01662,MERCHANT_ONBOARDED,
2026-02-04 00:00:00,M00322,DEVICE_ADDED,D05323
2026-02-04 00:00:00,M00322,DEVICE_REMOVED,D00772
2026-02-04 00:00:00,M04042,MERCHANT_ONBOARDED,
2026-02-04 00:00:00,M03413,MERCHANT_ONBOARDED,
2026-02-04 00:00:00,M02237,DEVICE_REMOVED,D03637
2026-02-04 00:00:00,M01939,MERCHANT_ONBOARDED,
2026-02-04 00:00:00,M00250,DEVICE_REMOVED,D09911
2026-02-04 00:00:00,M04909,DEVICE_ADDED,D05977
2026-02-04 18:00:00,M02038,NETWORK_JOINED,I_MULE_0631
2026-02-04 22:00:00,M02626,NETWORK_JOINED,I_MULE_0447
2026-02-05 00:00:00,M03048,DEVICE_REMOVED,D02160
2026-02-05 00:00:00,M00885,DEVICE_ADDED,D00587
2026-02-05 00:00:00,M01708,DEVICE_ADDED,D03277
2026-02-05 00:00:00,M04566,MERCHANT_ONBOARDED,
2026-02-05 00:00:00,M02138,MERCHANT_ONBOARDED,
2026-02-05 00:00:00,M03050,DEVICE_ADDED,D00608
2026-02-05 00:00:00,M00919,DEVICE_REMOVED,D04764
2026-02-05 00:00:00,M00919,DEVICE_ADDED,D01721
2026-02-05 00:00:00,M01095,MERCHANT_ONBOARDED,
2026-02-05 00:00:00,M03050,DEVICE_REMOVED,D04638
2026-02-05 00:00:00,M04621,MERCHANT_ONBOARDED,
2026-02-05 00:00:00,M00495,MERCHANT_ONBOARDED,
2026-02-05 00:00:00,M03757,MERCHANT_ONBOARDED,
2026-02-05 00:00:00,M04819,DEVICE_REMOVED,D01899
2026-02-05 00:00:00,M03048,DEVICE_ADDED,D05099
2026-02-05 00:00:00,M03756,MERCHANT_ONBOARDED,
2026-02-05 00:00:00,M00397,MERCHANT_ONBOARDED,
2026-02-05 00:00:00,M04819,DEVICE_ADDED,D03973
2026-02-05 00:00:00,M02716,MERCHANT_ONBOARDED,
2026-02-05 00:00:00,M00826,MERCHANT_ONBOARDED,
2026-02-05 00:00:00,M00988,MERCHANT_ONBOARDED,
2026-02-05 00:00:00,M02359,DEVICE_REMOVED,D00819
2026-02-05 00:00:00,M01813,MERCHANT_ONBOARDED,
2026-02-05 00:00:00,M02359,DEVICE_ADDED,D01373
2026-02-05 00:00:00,M02662,MERCHANT_ONBOARDED,
2026-02-05 00:00:00,M00885,DEVICE_REMOVED,D01062
2026-02-05 00:00:00,M01011,DEVICE_ADDED,D01898
2026-02-05 00:00:00,M03722,DEVICE_REMOVED,D08357
2026-02-05 00:00:00,M01011,DEVICE_REMOVED,D02606
2026-02-05 00:00:00,M01440,MERCHANT_ONBOARDED,
2026-02-05 00:00:00,M03722,DEVICE_ADDED,D05210
2026-02-05 00:00:00,M00494,MERCHANT_ONBOARDED,
2026-02-05 00:00:00,M01708,DEVICE_REMOVED,D02948
2026-02-05 00:00:00,M00736,DEVICE_REMOVED,D07962
2026-02-05 00:00:00,M03480,DEVICE_REMOVED,D00075
2026-02-05 00:00:00,M03364,DEVICE_REMOVED,D02640
2026-02-05 00:00:00,M03364,DEVICE_ADDED,D00068
2026-02-05 00:00:00,M03147,MERCHANT_ONBOARDED,
2026-02-05 00:00:00,M04583,DEVICE_ADDED,D05553
2026-02-05 00:00:00,M04224,DEVICE_REMOVED,D04149
2026-02-05 00:00:00,M04224,DEVICE_ADDED,D08089
2026-02-05 00:00:00,M02842,DEVICE_REMOVED,D01730
2026-02-05 00:00:00,M04583,DEVICE_REMOVED,D04589
2026-02-05 00:00:00,M04578,DEVICE_ADDED,D04072
2026-02-05 00:00:00,M04578,DEVICE_REMOVED,D07151
2026-02-05 00:00:00,M04104,MERCHANT_ONBOARDED,
2026-02-05 00:00:00,M03480,DEVICE_ADDED,D00387
2026-02-05 00:00:00,M00736,DEVICE_ADDED,D09364
2026-02-05 00:00:00,M02842,DEVICE_ADDED,D03627
2026-02-05 00:00:00,M00900,MERCHANT_ONBOARDED,
2026-02-05 00:00:00,M01296,MERCHANT_ONBOARDED,
2026-02-05 00:00:00,M00801,DEVICE_ADDED,D04069
2026-02-05 00:00:00,M00801,DEVICE_REMOVED,D01042
2026-02-05 03:00:00,M02209,NETWORK_JOINED,I_MULE_0631
2026-02-05 04:00:00,M03693,NETWORK_JOINED,I_MULE_0447
2026-02-05 06:00:00,M02210,NETWORK_JOINED,I_MULE_0631
2026-02-05 09:00:00,M01682,NETWORK_JOINED,I_MULE_0447
2026-02-05 11:00:00,M04839,NETWORK_JOINED,I_MULE_0631
2026-02-05 11:00:00,M00469,NETWORK_JOINED,I_MULE_0447
2026-02-05 15:00:00,M02886,NETWORK_JOINED,I_MULE_0631
2026-02-05 16:00:00,M03401,NETWORK_JOINED,I_MULE_0631
2026-02-05 17:00:00,M02194,NETWORK_JOINED,I_MULE_0447
2026-02-06 00:00:00,M03248,MERCHANT_ONBOARDED,
2026-02-06 00:00:00,M04958,MERCHANT_ONBOARDED,
2026-02-06 00:00:00,M04294,NETWORK_JOINED,I08548
2026-02-06 00:00:00,M02433,MERCHANT_ONBOARDED,
2026-02-06 00:00:00,M03440,DEVICE_REMOVED,D03772
2026-02-06 00:00:00,M04984,DEVICE_ADDED,D_MULE_0872
2026-02-06 00:00:00,M00145,MERCHANT_ONBOARDED,
2026-02-06 00:00:00,M04984,IP_ADDED,I_MULE_0806
2026-02-06 00:00:00,M00794,DEVICE_REMOVED,D06890
2026-02-06 00:00:00,M02346,DEVICE_ADDED,D02213
2026-02-06 00:00:00,M00419,DEVICE_REMOVED,D05590
2026-02-06 00:00:00,M00479,MERCHANT_ONBOARDED,
2026-02-06 00:00:00,M00813,NETWORK_JOINED,I_MULE_0461
2026-02-06 00:00:00,M00502,DEVICE_ADDED,D08871
2026-02-06 00:00:00,M04241,DEVICE_ADDED,D_MULE_0872
2026-02-06 00:00:00,M04338,DEVICE_ADDED,D06777
2026-02-06 00:00:00,M04957,MERCHANT_ONBOARDED,
2026-02-06 00:00:00,M03477,DEVICE_REMOVED,D01352
2026-02-06 00:00:00,M00419,DEVICE_ADDED,D00529
2026-02-06 00:00:00,M04338,DEVICE_REMOVED,D09825
2026-02-06 00:00:00,M00794,DEVICE_ADDED,D08241
2026-02-06 00:00:00,M03440,DEVICE_ADDED,D06848
2026-02-06 00:00:00,M02346,DEVICE_REMOVED,D02958
2026-02-06 00:00:00,M00482,MERCHANT_ONBOARDED,
2026-02-06 00:00:00,M01858,NETWORK_JOINED,I08548
2026-02-06 00:00:00,M00502,DEVICE_REMOVED,D08293
2026-02-06 00:00:00,M02740,NETWORK_JOINED,I_MULE_0949
2026-02-06 00:00:00,M00887,MERCHANT_ONBOARDED,
2026-02-06 00:00:00,M04545,DEVICE_ADDED,D00010
2026-02-06 00:00:00,M02477,NETWORK_JOINED,I08548
2026-02-06 00:00:00,M01196,NETWORK_JOINED,I08548
2026-02-06 00:00:00,M00884,NETWORK_JOINED,I08548
2026-02-06 00:00:00,M00669,MERCHANT_ONBOARDED,
2026-02-06 00:00:00,M03934,DEVICE_ADDED,D09947
2026-02-06 00:00:00,M00642,MERCHANT_ONBOARDED,
2026-02-06 00:00:00,M02034,IP_ADDED,I_MULE_0806
2026-02-06 00:00:00,M02034,DEVICE_ADDED,D_MULE_0872
2026-02-06 00:00:00,M03483,MERCHANT_ONBOARDED,
2026-02-06 00:00:00,M02865,DEVICE_ADDED,D06060
2026-02-06 00:00:00,M00668,DEVICE_REMOVED,D07641
2026-02-06 00:00:00,M00668,DEVICE_ADDED,D08297
2026-02-06 00:00:00,M04241,IP_ADDED,I_MULE_0806
2026-02-06 00:00:00,M02865,DEVICE_REMOVED,D07822
2026-02-06 00:00:00,M03607,DEVICE_ADDED,D00687
2026-02-06 00:00:00,M04533,DEVICE_REMOVED,D09654
2026-02-06 00:00:00,M03098,NETWORK_JOINED,I08548
2026-02-06 00:00:00,M04270,NETWORK_JOINED,I08548
2026-02-06 00:00:00,M00894,DEVICE_ADDED,D06482
2026-02-06 00:00:00,M00894,DEVICE_REMOVED,D06742
2026-02-06 00:00:00,M03559,NETWORK_JOINED,I08548
2026-02-06 00:00:00,M00207,MERCHANT_ONBOARDED,
2026-02-06 00:00:00,M04533,DEVICE_ADDED,D03501
2026-02-06 00:00:00,M01660,NETWORK_JOINED,I08548
2026-02-06 00:00:00,M01223,MERCHANT_ONBOARDED,
2026-02-06 00:00:00,M04853,NETWORK_JOINED,I08548
2026-02-06 00:00:00,M03607,DEVICE_REMOVED,D02763
2026-02-06 00:00:00,M04448,NETWORK_JOINED,I08548
2026-02-06 00:00:00,M04545,DEVICE_REMOVED,D01291
2026-02-06 00:00:00,M00344,DEVICE_ADDED,D07170
2026-02-06 00:00:00,M03477,DEVICE_ADDED,D07108
2026-02-06 00:00:00,M03934,DEVICE_REMOVED,D02507
2026-02-06 00:00:00,M00344,DEVICE_REMOVED,D06869
2026-02-06 00:00:00,M03905,NETWORK_JOINED,I08548
2026-02-06 00:00:00,M00580,DEVICE_ADDED,D03002
2026-02-06 00:00:00,M02290,DEVICE_REMOVED,D01973
2026-02-06 00:00:00,M02290,DEVICE_ADDED,D01540
2026-02-06 00:00:00,M00580,DEVICE_REMOVED,D09568
2026-02-06 00:00:00,M01346,NETWORK_JOINED,I08548
2026-02-06 00:00:00,M02614,MERCHANT_ONBOARDED,
2026-02-06 00:00:00,M02007,DEVICE_ADDED,D07653
2026-02-06 00:00:00,M02007,DEVICE_REMOVED,D04708
2026-02-06 00:00:00,M04707,NETWORK_JOINED,I08548
2026-02-07 00:00:00,M02254,DEVICE_ADDED,D03591
2026-02-07 00:00:00,M04763,NETWORK_JOINED,I_MULE_0859
2026-02-07 00:00:00,M01927,DEVICE_ADDED,D02431
2026-02-07 00:00:00,M02494,MERCHANT_ONBOARDED,
2026-02-07 00:00:00,M00073,MERCHANT_ONBOARDED,
2026-02-07 00:00:00,M01115,DEVICE_REMOVED,D02476
2026-02-07 00:00:00,M00236,DEVICE_REMOVED,D08026
2026-02-07 00:00:00,M00236,DEVICE_ADDED,D05535
2026-02-07 00:00:00,M01272,MERCHANT_ONBOARDED,
2026-02-07 00:00:00,M02403,MERCHANT_ONBOARDED,
2026-02-07 00:00:00,M01927,DEVICE_REMOVED,D09835
2026-02-07 00:00:00,M04504,MERCHANT_ONBOARDED,
2026-02-07 00:00:00,M02254,DEVICE_REMOVED,D06076
2026-02-07 00:00:00,M01180,DEVICE_REMOVED,D04574
2026-02-07 00:00:00,M01115,DEVICE_ADDED,D00058
2026-02-07 00:00:00,M01180,DEVICE_ADDED,D00322
2026-02-07 00:00:00,M01454,DEVICE_REMOVED,D03188
2026-02-07 00:00:00,M00415,DEVICE_ADDED,D01246
2026-02-07 00:00:00,M03634,MERCHANT_ONBOARDED,
2026-02-07 00:00:00,M00323,NETWORK_JOINED,I_MULE_0157
2026-02-07 00:00:00,M01896,MERCHANT_ONBOARDED,
2026-02-07 00:00:00,M00415,DEVICE_REMOVED,D06512
2026-02-07 00:00:00,M04094,MERCHANT_ONBOARDED,
2026-02-07 00:00:00,M00718,DEVICE_REMOVED,D00404
2026-02-07 00:00:00,M00718,DEVICE_ADDED,D08794
2026-02-07 00:00:00,M03852,DEVICE_REMOVED,D07243
2026-02-07 00:00:00,M03679,MERCHANT_ONBOARDED,
2026-02-07 00:00:00,M00193,DEVICE_ADDED,D09066
2026-02-07 00:00:00,M03129,DEVICE_REMOVED,D09274
2026-02-07 00:00:00,M03852,DEVICE_ADDED,D02753
2026-02-07 00:00:00,M04148,MERCHANT_ONBOARDED,
2026-02-07 00:00:00,M03129,DEVICE_ADDED,D05223
2026-02-07 00:00:00,M02042,MERCHANT_ONBOARDED,
2026-02-07 00:00:00,M01469,DEVICE_ADDED,D02326
2026-02-07 00:00:00,M01469,DEVICE_REMOVED,D08320
2026-02-07 00:00:00,M01454,DEVICE_ADDED,D00203
2026-02-07 00:00:00,M00193,DEVICE_REMOVED,D07003
2026-02-07 00:00:00,M02877,MERCHANT_ONBOARDED,
2026-02-07 00:00:00,M01677,DEVICE_REMOVED,D02183
2026-02-07 00:00:00,M00100,MERCHANT_ONBOARDED,
2026-02-07 00:00:00,M01902,DEVICE_ADDED,D04639
2026-02-07 00:00:00,M01677,DEVICE_ADDED,D06406
2026-02-07 00:00:00,M01902,DEVICE_REMOVED,D03034
2026-02-07 00:00:00,M04501,MERCHANT_ONBOARDED,
2026-02-08 00:00:00,M01667,DEVICE_REMOVED,D09497
2026-02-08 00:00:00,M00096,DEVICE_ADDED,D04518
2026-02-08 00:00:00,M01349,MERCHANT_ONBOARDED,
2026-02-08 00:00:00,M03810,NETWORK_JOINED,I04483
2026-02-08 00:00:00,M03883,MERCHANT_ONBOARDED,
2026-02-08 00:00:00,M04999,NETWORK_JOINED,I04483
2026-02-08 00:00:00,M04258,NETWORK_JOINED,I04483
2026-02-08 00:00:00,M00399,NETWORK_JOINED,I04483
2026-02-08 00:00:00,M03934,NETWORK_JOINED,I04483
2026-02-08 00:00:00,M03856,NETWORK_JOINED,I04483
2026-02-08 00:00:00,M01944,MERCHANT_ONBOARDED,
2026-02-08 00:00:00,M00179,MERCHANT_ONBOARDED,
2026-02-08 00:00:00,M01595,NETWORK_JOINED,I04483
2026-02-08 00:00:00,M04689,MERCHANT_ONBOARDED,
2026-02-08 00:00:00,M03261,NETWORK_JOINED,I04483
2026-02-08 00:00:00,M02173,NETWORK_JOINED,I04483
2026-02-08 00:00:00,M02178,DEVICE_REMOVED,D02377
2026-02-08 00:00:00,M03330,NETWORK_JOINED,I04483
2026-02-08 00:00:00,M04387,NETWORK_JOINED,I04483
2026-02-08 00:00:00,M04993,NETWORK_JOINED,I04483
2026-02-08 00:00:00,M02984,NETWORK_JOINED,I04483
2026-02-08 00:00:00,M04127,DEVICE_REMOVED,D00354
2026-02-08 00:00:00,M04450,NETWORK_JOINED,I04483
2026-02-08 00:00:00,M03327,MERCHANT_ONBOARDED,
2026-02-08 00:00:00,M00096,DEVICE_REMOVED,D06752
2026-02-08 00:00:00,M04127,DEVICE_ADDED,D02741
2026-02-08 00:00:00,M02912,DEVICE_REMOVED,D08637
2026-02-08 00:00:00,M02912,DEVICE_ADDED,D00990
2026-02-08 00:00:00,M01708,NETWORK_JOINED,I04483
2026-02-08 00:00:00,M03346,DEVICE_ADDED,D09111
2026-02-08 00:00:00,M03346,DEVICE_REMOVED,D00509
2026-02-08 00:00:00,M02945,DEVICE_REMOVED,D05961
2026-02-08 00:00:00,M02945,DEVICE_ADDED,D00502
2026-02-08 00:00:00,M02941,NETWORK_JOINED,I04483
2026-02-08 00:00:00,M02178,DEVICE_ADDED,D02657
2026-02-08 00:00:00,M02709,MERCHANT_ONBOARDED,
2026-02-08 00:00:00,M01127,DEVICE_ADDED,D00319
2026-02-08 00:00:00,M03741,MERCHANT_ONBOARDED,
2026-02-08 00:00:00,M04022,MERCHANT_ONBOARDED,
2026-02-08 00:00:00,M02641,NETWORK_JOINED,I04483
2026-02-08 00:00:00,M01151,MERCHANT_ONBOARDED,
2026-02-08 00:00:00,M04384,NETWORK_JOINED,I04483
2026-02-08 00:00:00,M01354,NETWORK_JOINED,I04483
2026-02-08 00:00:00,M01869,MERCHANT_ONBOARDED,
2026-02-08 00:00:00,M01127,DEVICE_REMOVED,D06197
2026-02-08 00:00:00,M02063,NETWORK_JOINED,I04483
2026-02-08 00:00:00,M00382,NETWORK_JOINED,I04483
2026-02-08 00:00:00,M04789,NETWORK_JOINED,I04483
2026-02-08 00:00:00,M01409,MERCHANT_ONBOARDED,
2026-02-08 00:00:00,M02223,MERCHANT_ONBOARDED,
2026-02-08 00:00:00,M04890,NETWORK_JOINED,I04483
2026-02-08 00:00:00,M01667,DEVICE_ADDED,D00670
2026-02-08 00:00:00,M04028,MERCHANT_ONBOARDED,
2026-02-08 00:00:00,M04807,DEVICE_ADDED,D02575
2026-02-08 00:00:00,M04740,DEVICE_REMOVED,D04814
2026-02-08 00:00:00,M04740,DEVICE_ADDED,D00301
2026-02-08 00:00:00,M01103,DEVICE_REMOVED,D08163
2026-02-08 00:00:00,M03939,DEVICE_REMOVED,D02605
2026-02-08 00:00:00,M01103,DEVICE_ADDED,D06767
2026-02-08 00:00:00,M02483,NETWORK_JOINED,I04483
2026-02-08 00:00:00,M03939,DEVICE_ADDED,D07038
2026-02-08 00:00:00,M03498,NETWORK_JOINED,I_MULE_0365
2026-02-08 00:00:00,M01966,NETWORK_JOINED,I04483
2026-02-08 00:00:00,M01327,MERCHANT_ONBOARDED,
2026-02-08 00:00:00,M04807,DEVICE_REMOVED,D06832
2026-02-08 00:00:00,M00408,NETWORK_JOINED,I04483
2026-02-09 00:00:00,M02095,MERCHANT_ONBOARDED,
2026-02-09 00:00:00,M02064,MERCHANT_ONBOARDED,
2026-02-09 00:00:00,M03542,DEVICE_REMOVED,D07092
2026-02-09 00:00:00,M01958,DEVICE_REMOVED,D06677
2026-02-09 00:00:00,M01969,MERCHANT_ONBOARDED,
2026-02-09 00:00:00,M01559,DEVICE_REMOVED,D09383
2026-02-09 00:00:00,M01938,DEVICE_REMOVED,D06732
2026-02-09 00:00:00,M01776,DEVICE_ADDED,D00748
2026-02-09 00:00:00,M01776,DEVICE_REMOVED,D08881
2026-02-09 00:00:00,M03765,DEVICE_REMOVED,D07732
2026-02-09 00:00:00,M03765,DEVICE_ADDED,D06664
2026-02-09 00:00:00,M01569,MERCHANT_ONBOARDED,
2026-02-09 00:00:00,M03542,DEVICE_ADDED,D07314
2026-02-09 00:00:00,M03842,DEVICE_ADDED,D05995
2026-02-09 00:00:00,M03842,DEVICE_REMOVED,D08896
2026-02-09 00:00:00,M01574,DEVICE_ADDED,D03119
2026-02-09 00:00:00,M01574,DEVICE_REMOVED,D04698
2026-02-09 00:00:00,M01559,DEVICE_ADDED,D04832
2026-02-09 00:00:00,M01938,DEVICE_ADDED,D06606
2026-02-09 00:00:00,M00368,MERCHANT_ONBOARDED,
2026-02-09 00:00:00,M01495,MERCHANT_ONBOARDED,
2026-02-09 00:00:00,M00719,DEVICE_REMOVED,D02751
2026-02-09 00:00:00,M00882,MERCHANT_ONBOARDED,
2026-02-09 00:00:00,M04975,DEVICE_REMOVED,D06945
2026-02-09 00:00:00,M00077,MERCHANT_ONBOARDED,
2026-02-09 00:00:00,M00719,DEVICE_ADDED,D07465
2026-02-09 00:00:00,M04632,DEVICE_ADDED,D09042
2026-02-09 00:00:00,M04632,DEVICE_REMOVED,D06399
2026-02-09 00:00:00,M00330,DEVICE_REMOVED,D03865
2026-02-09 00:00:00,M01096,MERCHANT_ONBOARDED,
2026-02-09 00:00:00,M00330,DEVICE_ADDED,D00059
2026-02-09 00:00:00,M04975,DEVICE_ADDED,D05322
2026-02-09 00:00:00,M00766,DEVICE_REMOVED,D09361
2026-02-09 00:00:00,M00766,DEVICE_ADDED,D06919
2026-02-09 00:00:00,M00024,MERCHANT_ONBOARDED,
2026-02-09 00:00:00,M03470,MERCHANT_ONBOARDED,
2026-02-09 00:00:00,M04997,DEVICE_REMOVED,D01734
2026-02-09 00:00:00,M03678,NETWORK_JOINED,I_MULE_0426
2026-02-09 00:00:00,M00823,DEVICE_REMOVED,D08920
2026-02-09 00:00:00,M00823,DEVICE_ADDED,D05108
2026-02-09 00:00:00,M00830,DEVICE_REMOVED,D09337
2026-02-09 00:00:00,M01006,MERCHANT_ONBOARDED,
2026-02-09 00:00:00,M00830,DEVICE_ADDED,D08540
2026-02-09 00:00:00,M04555,DEVICE_ADDED,D03529
2026-02-09 00:00:00,M04555,DEVICE_REMOVED,D00051
2026-02-09 00:00:00,M00411,DEVICE_ADDED,D07644
2026-02-09 00:00:00,M04474,DEVICE_REMOVED,D01599
2026-02-09 00:00:00,M04474,DEVICE_ADDED,D01917
2026-02-09 00:00:00,M00411,DEVICE_REMOVED,D02820
2026-02-09 00:00:00,M04475,DEVICE_REMOVED,D08042
2026-02-09 00:00:00,M04997,DEVICE_ADDED,D09167
2026-02-09 00:00:00,M01958,DEVICE_ADDED,D05432
2026-02-09 00:00:00,M04475,DEVICE_ADDED,D08904
2026-02-09 00:00:00,M00313,MERCHANT_ONBOARDED,
2026-02-09 00:00:00,M03948,MERCHANT_ONBOARDED,
2026-02-09 00:00:00,M04914,DEVICE_REMOVED,D03387
2026-02-09 00:00:00,M03060,DEVICE_REMOVED,D03246
2026-02-09 00:00:00,M04718,MERCHANT_ONBOARDED,
2026-02-09 00:00:00,M02010,DEVICE_REMOVED,D06904
2026-02-09 00:00:00,M02010,DEVICE_ADDED,D04465
2026-02-09 00:00:00,M03669,MERCHANT_ONBOARDED,
2026-02-09 00:00:00,M03092,DEVICE_REMOVED,D06733
2026-02-09 00:00:00,M02955,DEVICE_REMOVED,D02324
2026-02-09 00:00:00,M04914,DEVICE_ADDED,D01976
2026-02-09 00:00:00,M02955,DEVICE_ADDED,D04989
2026-02-09 00:00:00,M03060,DEVICE_ADDED,D00212
2026-02-09 00:00:00,M00292,DEVICE_REMOVED,D08102
2026-02-09 00:00:00,M03092,DEVICE_ADDED,D04505
2026-02-09 00:00:00,M00292,DEVICE_ADDED,D07469
2026-02-09 00:00:00,M00590,MERCHANT_ONBOARDED,
2026-02-10 00:00:00,M03929,DEVICE_ADDED,D03601
2026-02-10 00:00:00,M00513,NETWORK_JOINED,I_MULE_0155
2026-02-10 00:00:00,M03096,MERCHANT_ONBOARDED,
2026-02-10 00:00:00,M01850,DEVICE_ADDED,D00473
2026-02-10 00:00:00,M00971,MERCHANT_ONBOARDED,
2026-02-10 00:00:00,M01850,DEVICE_REMOVED,D05806
2026-02-10 00:00:00,M03929,DEVICE_REMOVED,D08555
2026-02-10 00:00:00,M00561,DEVICE_REMOVED,D07560
2026-02-10 00:00:00,M00561,DEVICE_ADDED,D08202
2026-02-10 00:00:00,M03128,MERCHANT_ONBOARDED,
2026-02-10 00:00:00,M02325,NETWORK_JOINED,I_MULE_0281
2026-02-10 00:00:00,M04719,DEVICE_ADDED,D09183
2026-02-10 00:00:00,M03888,DEVICE_ADDED,D07491
2026-02-10 00:00:00,M00173,MERCHANT_ONBOARDED,
2026-02-10 00:00:00,M04719,DEVICE_REMOVED,D06392
2026-02-10 00:00:00,M03436,MERCHANT_ONBOARDED,
2026-02-10 00:00:00,M03567,MERCHANT_ONBOARDED,
2026-02-10 00:00:00,M04925,DEVICE_ADDED,D07708
2026-02-10 00:00:00,M01681,DEVICE_REMOVED,D01167
2026-02-10 00:00:00,M01681,DEVICE_ADDED,D00143
2026-02-10 00:00:00,M04925,DEVICE_REMOVED,D05582
2026-02-10 00:00:00,M04915,DEVICE_ADDED,D09256
2026-02-10 00:00:00,M04915,DEVICE_REMOVED,D00528
2026-02-10 00:00:00,M00781,DEVICE_REMOVED,D07387
2026-02-10 00:00:00,M00781,DEVICE_ADDED,D08343
2026-02-10 00:00:00,M03888,DEVICE_REMOVED,D01062
2026-02-10 00:00:00,M01877,MERCHANT_ONBOARDED,
2026-02-10 00:00:00,M02197,DEVICE_REMOVED,D07103
2026-02-10 00:00:00,M04579,MERCHANT_ONBOARDED,
2026-02-10 00:00:00,M02197,DEVICE_ADDED,D07793
2026-02-10 00:00:00,M01250,DEVICE_ADDED,D04011
2026-02-10 00:00:00,M00821,MERCHANT_ONBOARDED,
2026-02-10 00:00:00,M02538,DEVICE_ADDED,D06513
2026-02-10 00:00:00,M02282,DEVICE_ADDED,D03756
2026-02-10 00:00:00,M04446,MERCHANT_ONBOARDED,
2026-02-10 00:00:00,M04159,DEVICE_REMOVED,D03587
2026-02-10 00:00:00,M00026,MERCHANT_ONBOARDED,
2026-02-10 00:00:00,M04159,DEVICE_ADDED,D05219
2026-02-10 00:00:00,M03352,DEVICE_REMOVED,D09742
2026-02-10 00:00:00,M00352,DEVICE_ADDED,D07768
2026-02-10 00:00:00,M02282,DEVICE_REMOVED,D04669
2026-02-10 00:00:00,M02397,MERCHANT_ONBOARDED,
2026-02-10 00:00:00,M01042,DEVICE_REMOVED,D00278
2026-02-10 00:00:00,M01042,DEVICE_ADDED,D02114
2026-02-10 00:00:00,M04225,NETWORK_JOINED,I_MULE_0364
2026-02-10 00:00:00,M01752,DEVICE_REMOVED,D01267
2026-02-10 00:00:00,M02727,MERCHANT_ONBOARDED,
2026-02-10 00:00:00,M02356,MERCHANT_ONBOARDED,
2026-02-10 00:00:00,M01752,DEVICE_ADDED,D02378
2026-02-10 00:00:00,M00352,DEVICE_REMOVED,D09730
2026-02-10 00:00:00,M02888,DEVICE_REMOVED,D08725
2026-02-10 00:00:00,M02538,DEVICE_REMOVED,D00254
2026-02-10 00:00:00,M03352,DEVICE_ADDED,D03884
2026-02-10 00:00:00,M03665,DEVICE_ADDED,D09827
2026-02-10 00:00:00,M03665,DEVICE_REMOVED,D00552
2026-02-10 00:00:00,M00994,MERCHANT_ONBOARDED,
2026-02-10 00:00:00,M01250,DEVICE_REMOVED,D03763
2026-02-10 00:00:00,M02200,MERCHANT_ONBOARDED,
2026-02-10 00:00:00,M02888,DEVICE_ADDED,D05261
2026-02-11 00:00:00,M01610,DEVICE_ADDED,D08323
2026-02-11 00:00:00,M02230,NETWORK_JOINED,I05170
2026-02-11 00:00:00,M04672,NETWORK_JOINED,I05170
2026-02-11 00:00:00,M01990,NETWORK_JOINED,I05170
2026-02-11 00:00:00,M03606,DEVICE_ADDED,D03379
2026-02-11 00:00:00,M04967,NETWORK_JOINED,I05170
2026-02-11 00:00:00,M04757,DEVICE_ADDED,D03200
2026-02-11 00:00:00,M04757,DEVICE_REMOVED,D02256
2026-02-11 00:00:00,M04405,NETWORK_JOINED,I05170
2026-02-11 00:00:00,M00639,NETWORK_JOINED,I05170
2026-02-11 00:00:00,M03280,NETWORK_JOINED,I05170
2026-02-11 00:00:00,M04312,DEVICE_REMOVED,D00159
2026-02-11 00:00:00,M03621,NETWORK_JOINED,I05170
2026-02-11 00:00:00,M04312,DEVICE_ADDED,D06667
2026-02-11 00:00:00,M01925,MERCHANT_ONBOARDED,
2026-02-11 00:00:00,M00070,NETWORK_JOINED,I05170
2026-02-11 00:00:00,M00046,DEVICE_ADDED,D06328
2026-02-11 00:00:00,M00543,DEVICE_REMOVED,D07054
2026-02-11 00:00:00,M02354,MERCHANT_ONBOARDED,
2026-02-11 00:00:00,M00932,NETWORK_JOINED,I05170
2026-02-11 00:00:00,M00543,DEVICE_ADDED,D00350
2026-02-11 00:00:00,M04831,DEVICE_ADDED,D00646
2026-02-11 00:00:00,M03924,MERCHANT_ONBOARDED,
2026-02-11 00:00:00,M02790,NETWORK_JOINED,I05170
2026-02-11 00:00:00,M01610,DEVICE_REMOVED,D04970
2026-02-11 00:00:00,M04899,DEVICE_ADDED,D01454
2026-02-11 00:00:00,M01288,DEVICE_REMOVED,D06221
2026-02-11 00:00:00,M01288,DEVICE_ADDED,D08775
2026-02-11 00:00:00,M04899,DEVICE_REMOVED,D08423
2026-02-11 00:00:00,M02521,MERCHANT_ONBOARDED,
2026-02-11 00:00:00,M03699,DEVICE_ADDED,D09009
2026-02-11 00:00:00,M03437,DEVICE_REMOVED,D01632
2026-02-11 00:00:00,M03940,NETWORK_JOINED,I05170
2026-02-11 00:00:00,M03994,MERCHANT_ONBOARDED,
2026-02-11 00:00:00,M00112,NETWORK_JOINED,I05170
2026-02-11 00:00:00,M03437,DEVICE_ADDED,D08681
2026-02-11 00:00:00,M00857,NETWORK_JOINED,I05170
2026-02-11 00:00:00,M03258,NETWORK_JOINED,I05170
2026-02-11 00:00:00,M00220,NETWORK_JOINED,I05170
2026-02-11 00:00:00,M01934,DEVICE_ADDED,D03815
2026-02-11 00:00:00,M01934,DEVICE_REMOVED,D01026
2026-02-11 00:00:00,M04779,MERCHANT_ONBOARDED,
2026-02-11 00:00:00,M00374,MERCHANT_ONBOARDED,
2026-02-11 00:00:00,M04831,DEVICE_REMOVED,D03644
2026-02-11 00:00:00,M03581,MERCHANT_ONBOARDED,
2026-02-11 00:00:00,M03606,DEVICE_REMOVED,D04014
2026-02-11 00:00:00,M03699,DEVICE_REMOVED,D07116
2026-02-11 00:00:00,M04495,DEVICE_ADDED,D09725
2026-02-11 00:00:00,M00685,DEVICE_ADDED,D03292
2026-02-11 00:00:00,M03552,NETWORK_JOINED,I_MULE_0591
2026-02-11 00:00:00,M03493,NETWORK_JOINED,I03552
2026-02-11 00:00:00,M00685,DEVICE_REMOVED,D02191
2026-02-11 00:00:00,M00046,DEVICE_REMOVED,D08292
2026-02-11 00:00:00,M03537,NETWORK_JOINED,I03552
2026-02-11 00:00:00,M04973,NETWORK_JOINED,I03552
2026-02-11 00:00:00,M00463,NETWORK_JOINED,I03552
2026-02-11 00:00:00,M02840,NETWORK_JOINED,I03552
2026-02-11 00:00:00,M03753,NETWORK_JOINED,I03552
2026-02-11 00:00:00,M01200,NETWORK_JOINED,I05170
2026-02-11 00:00:00,M02458,DEVICE_REMOVED,D00173
2026-02-11 00:00:00,M02458,DEVICE_ADDED,D01621
2026-02-11 00:00:00,M02903,MERCHANT_ONBOARDED,
2026-02-11 00:00:00,M03222,NETWORK_JOINED,I03552
2026-02-11 00:00:00,M00243,MERCHANT_ONBOARDED,
2026-02-11 00:00:00,M01394,DEVICE_REMOVED,D06703
2026-02-11 00:00:00,M01394,DEVICE_ADDED,D03812
2026-02-11 00:00:00,M02170,MERCHANT_ONBOARDED,
2026-02-11 00:00:00,M00277,NETWORK_JOINED,I03552
2026-02-11 00:00:00,M01890,DEVICE_ADDED,D08936
2026-02-11 00:00:00,M01890,DEVICE_REMOVED,D08663
2026-02-11 00:00:00,M03305,NETWORK_JOINED,I03552
2026-02-11 00:00:00,M04085,NETWORK_JOINED,I03552
2026-02-11 00:00:00,M00913,MERCHANT_ONBOARDED,
2026-02-11 00:00:00,M02794,MERCHANT_ONBOARDED,
2026-02-11 00:00:00,M02969,DEVICE_ADDED,D00373
2026-02-11 00:00:00,M03556,NETWORK_JOINED,I03552
2026-02-11 00:00:00,M04141,MERCHANT_ONBOARDED,
2026-02-11 00:00:00,M03727,NETWORK_JOINED,I03552
2026-02-11 00:00:00,M03611,NETWORK_JOINED,I03552
2026-02-11 00:00:00,M00819,NETWORK_JOINED,I03552
2026-02-11 00:00:00,M01157,NETWORK_JOINED,I03552
2026-02-11 00:00:00,M04495,DEVICE_REMOVED,D06700
2026-02-11 00:00:00,M01379,NETWORK_JOINED,I03552
2026-02-11 00:00:00,M03372,NETWORK_JOINED,I03552
2026-02-11 00:00:00,M02969,DEVICE_REMOVED,D01716
2026-02-11 00:00:00,M04946,NETWORK_JOINED,I03552
2026-02-11 00:00:00,M04130,MERCHANT_ONBOARDED,
2026-02-12 00:00:00,M02425,DEVICE_ADDED,D_MULE_0168
2026-02-12 00:00:00,M00114,DEVICE_ADDED,D_MULE_0168
2026-02-12 00:00:00,M00061,MERCHANT_ONBOARDED,
2026-02-12 00:00:00,M00114,IP_ADDED,I_MULE_0966
2026-02-12 00:00:00,M02425,IP_ADDED,I_MULE_0966
2026-02-12 00:00:00,M00383,DEVICE_ADDED,D_MULE_0168
2026-02-12 00:00:00,M00136,MERCHANT_ONBOARDED,
2026-02-12 00:00:00,M01767,IP_ADDED,I_MULE_0966
2026-02-12 00:00:00,M03951,MERCHANT_ONBOARDED,
2026-02-12 00:00:00,M00383,IP_ADDED,I_MULE_0966
2026-02-12 00:00:00,M03352,DEVICE_ADDED,D_MULE_0168
2026-02-12 00:00:00,M01599,MERCHANT_ONBOARDED,
2026-02-12 00:00:00,M00235,DEVICE_ADDED,D05410
2026-02-12 00:00:00,M01661,IP_ADDED,I_MULE_0966
2026-02-12 00:00:00,M00235,DEVICE_REMOVED,D05087
2026-02-12 00:00:00,M03352,IP_ADDED,I_MULE_0966
2026-02-12 00:00:00,M01661,DEVICE_ADDED,D_MULE_0168
2026-02-12 00:00:00,M04307,IP_ADDED,I_MULE_0966
2026-02-12 00:00:00,M01767,DEVICE_ADDED,D_MULE_0168
2026-02-12 00:00:00,M04307,DEVICE_ADDED,D_MULE_0168
2026-02-12 00:00:00,M02364,DEVICE_REMOVED,D06641
2026-02-12 00:00:00,M02364,DEVICE_ADDED,D06785
2026-02-12 00:00:00,M04407,MERCHANT_ONBOARDED,
2026-02-12 00:00:00,M04502,DEVICE_ADDED,D02344
2026-02-12 00:00:00,M04502,DEVICE_REMOVED,D03325
2026-02-12 00:00:00,M03024,MERCHANT_ONBOARDED,
2026-02-12 00:00:00,M02128,DEVICE_REMOVED,D04707
2026-02-12 00:00:00,M00816,DEVICE_ADDED,D05330
2026-02-12 00:00:00,M00816,DEVICE_REMOVED,D06180
2026-02-12 00:00:00,M04566,DEVICE_REMOVED,D05025
2026-02-12 00:00:00,M04566,DEVICE_ADDED,D02434
2026-02-12 00:00:00,M02128,DEVICE_ADDED,D09841
2026-02-12 00:00:00,M01991,MERCHANT_ONBOARDED,
2026-02-12 00:00:00,M00997,NETWORK_JOINED,I_MULE_0461
2026-02-12 00:00:00,M03452,DEVICE_REMOVED,D07695
2026-02-12 00:00:00,M04081,MERCHANT_ONBOARDED,
2026-02-12 00:00:00,M00614,NETWORK_JOINED,I_MULE_0435
2026-02-12 00:00:00,M02672,MERCHANT_ONBOARDED,
2026-02-12 00:00:00,M01111,DEVICE_REMOVED,D09341
2026-02-12 00:00:00,M03452,DEVICE_ADDED,D09004
2026-02-12 00:00:00,M00340,MERCHANT_ONBOARDED,
2026-02-12 00:00:00,M04544,MERCHANT_ONBOARDED,
2026-02-12 00:00:00,M01111,DEVICE_ADDED,D05007
2026-02-12 00:00:00,M01376,MERCHANT_ONBOARDED,
2026-02-12 00:00:00,M03727,DEVICE_ADDED,D01283
2026-02-12 00:00:00,M03727,DEVICE_REMOVED,D02308
2026-02-12 09:00:00,M01312,NETWORK_JOINED,I_MULE_0886
2026-02-12 16:00:00,M04151,NETWORK_JOINED,I_MULE_0886
2026-02-12 17:00:00,M03743,NETWORK_JOINED,I_MULE_0626
2026-02-12 23:00:00,M02481,NETWORK_JOINED,I_MULE_0886
2026-02-13 00:00:00,M01782,DEVICE_REMOVED,D05486
2026-02-13 00:00:00,M02276,MERCHANT_ONBOARDED,
2026-02-13 00:00:00,M00118,DEVICE_REMOVED,D02609
2026-02-13 00:00:00,M02429,NETWORK_JOINED,I_MULE_0859
2026-02-13 00:00:00,M01366,NETWORK_JOINED,I_MULE_0986
2026-02-13 00:00:00,M00276,DEVICE_ADDED,D04106
2026-02-13 00:00:00,M02076,DEVICE_ADDED,D03803
2026-02-13 00:00:00,M01782,DEVICE_ADDED,D04026
2026-02-13 00:00:00,M01727,DEVICE_ADDED,D08151
2026-02-13 00:00:00,M01727,DEVICE_REMOVED,D09718
2026-02-13 00:00:00,M02403,DEVICE_ADDED,D00358
2026-02-13 00:00:00,M00118,DEVICE_ADDED,D00190
2026-02-13 00:00:00,M02851,MERCHANT_ONBOARDED,
2026-02-13 00:00:00,M02076,DEVICE_REMOVED,D05840
2026-02-13 00:00:00,M01232,DEVICE_REMOVED,D09201
2026-02-13 00:00:00,M03999,DEVICE_REMOVED,D07777
2026-02-13 00:00:00,M00276,DEVICE_REMOVED,D03869
2026-02-13 00:00:00,M00040,DEVICE_REMOVED,D08287
2026-02-13 00:00:00,M01120,DEVICE_ADDED,D05803
2026-02-13 00:00:00,M03999,DEVICE_ADDED,D05179
2026-02-13 00:00:00,M04355,DEVICE_ADDED,D05281
2026-02-13 00:00:00,M01120,DEVICE_REMOVED,D02092
2026-02-13 00:00:00,M04355,DEVICE_REMOVED,D02696
2026-02-13 00:00:00,M00771,MERCHANT_ONBOARDED,
2026-02-13 00:00:00,M01465,MERCHANT_ONBOARDED,
2026-02-13 00:00:00,M04003,MERCHANT_ONBOARDED,
2026-02-13 00:00:00,M02034,DEVICE_ADDED,D06688
2026-02-13 00:00:00,M02034,DEVICE_REMOVED,D07701
2026-02-13 00:00:00,M01232,DEVICE_ADDED,D00912
2026-02-13 00:00:00,M03811,MERCHANT_ONBOARDED,
2026-02-13 00:00:00,M03527,DEVICE_ADDED,D09469
2026-02-13 00:00:00,M02220,MERCHANT_ONBOARDED,
2026-02-13 00:00:00,M00505,DEVICE_ADDED,D00737
2026-02-13 00:00:00,M00505,DEVICE_REMOVED,D01409
2026-02-13 00:00:00,M00613,DEVICE_REMOVED,D01365
2026-02-13 00:00:00,M00613,DEVICE_ADDED,D01220
2026-02-13 00:00:00,M00617,DEVICE_REMOVED,D06724
2026-02-13 00:00:00,M00617,DEVICE_ADDED,D04163
2026-02-13 00:00:00,M03799,DEVICE_REMOVED,D03439
2026-02-13 00:00:00,M03799,DEVICE_ADDED,D01463
2026-02-13 00:00:00,M00475,DEVICE_ADDED,D09494
2026-02-13 00:00:00,M00475,DEVICE_REMOVED,D01743
2026-02-13 00:00:00,M00672,DEVICE_ADDED,D03490
2026-02-13 00:00:00,M02403,DEVICE_REMOVED,D02961
2026-02-13 00:00:00,M00937,MERCHANT_ONBOARDED,
2026-02-13 00:00:00,M03866,DEVICE_ADDED,D01212
2026-02-13 00:00:00,M03866,DEVICE_REMOVED,D09004
2026-02-13 00:00:00,M00672,DEVICE_REMOVED,D09631
2026-02-13 00:00:00,M00040,DEVICE_ADDED,D07694
2026-02-13 00:00:00,M01404,DEVICE_REMOVED,D03497
2026-02-13 00:00:00,M01404,DEVICE_ADDED,D04419
2026-02-13 00:00:00,M03527,DEVICE_REMOVED,D03299
2026-02-13 00:00:00,M00859,DEVICE_ADDED,D09883
2026-02-13 00:00:00,M00967,MERCHANT_ONBOARDED,
2026-02-13 00:00:00,M00859,DEVICE_REMOVED,D05390
2026-02-13 00:00:00,M03898,DEVICE_REMOVED,D06355
2026-02-13 00:00:00,M03890,DEVICE_ADDED,D03904
2026-02-13 00:00:00,M03890,DEVICE_REMOVED,D00342
2026-02-13 00:00:00,M03898,DEVICE_ADDED,D09341
2026-02-13 00:00:00,M02916,MERCHANT_ONBOARDED,
2026-02-13 09:00:00,M04610,NETWORK_JOINED,I_MULE_0886
2026-02-13 19:00:00,M00717,NETWORK_JOINED,I_MULE_0626
2026-02-13 21:00:00,M00949,NETWORK_JOINED,I_MULE_0626
2026-02-13 22:00:00,M01423,NETWORK_JOINED,I_MULE_0626
2026-02-13 23:00:00,M01958,NETWORK_JOINED,I_MULE_0886
2026-02-14 00:00:00,M04679,MERCHANT_ONBOARDED,
2026-02-14 00:00:00,M02863,DEVICE_REMOVED,D04481
2026-02-14 00:00:00,M02852,NETWORK_JOINED,I_MULE_0602
2026-02-14 00:00:00,M02223,DEVICE_ADDED,D04074
2026-02-14 00:00:00,M03202,NETWORK_JOINED,I_MULE_0365
2026-02-14 00:00:00,M03466,DEVICE_REMOVED,D03012
2026-02-14 00:00:00,M04923,MERCHANT_ONBOARDED,
2026-02-14 00:00:00,M02223,DEVICE_REMOVED,D04075
2026-02-14 00:00:00,M02863,DEVICE_ADDED,D03626
2026-02-14 00:00:00,M03466,DEVICE_ADDED,D07239
2026-02-14 00:00:00,M04097,DEVICE_REMOVED,D06337
2026-02-14 00:00:00,M04099,DEVICE_REMOVED,D06327
2026-02-14 00:00:00,M00518,NETWORK_JOINED,I_MULE_0244
2026-02-14 00:00:00,M02120,DEVICE_ADDED,D_MULE_0613
2026-02-14 00:00:00,M00390,DEVICE_ADDED,D01821
2026-02-14 00:00:00,M00390,DEVICE_REMOVED,D08286
2026-02-14 00:00:00,M00378,DEVICE_ADDED,D09506
2026-02-14 00:00:00,M00378,DEVICE_REMOVED,D09154
2026-02-14 00:00:00,M02120,IP_ADDED,I_MULE_0780
2026-02-14 00:00:00,M04816,MERCHANT_ONBOARDED,
2026-02-14 00:00:00,M04278,DEVICE_REMOVED,D06605
2026-02-14 00:00:00,M04278,DEVICE_ADDED,D06164
2026-02-14 00:00:00,M04842,DEVICE_ADDED,D06616
2026-02-14 00:00:00,M03850,MERCHANT_ONBOARDED,
2026-02-14 00:00:00,M04842,DEVICE_REMOVED,D02694
2026-02-14 00:00:00,M02797,DEVICE_ADDED,D02052
2026-02-14 00:00:00,M02156,MERCHANT_ONBOARDED,
2026-02-14 00:00:00,M01920,MERCHANT_ONBOARDED,
2026-02-14 00:00:00,M00869,DEVICE_ADDED,D_MULE_0613
2026-02-14 00:00:00,M02273,DEVICE_ADDED,D_MULE_0613
2026-02-14 00:00:00,M04097,DEVICE_ADDED,D06784
2026-02-14 00:00:00,M00089,DEVICE_ADDED,D05899
2026-02-14 00:00:00,M00089,DEVICE_REMOVED,D00941
2026-02-14 00:00:00,M03776,MERCHANT_ONBOARDED,
2026-02-14 00:00:00,M04166,DEVICE_REMOVED,D01900
2026-02-14 00:00:00,M01223,DEVICE_ADDED,D04400
2026-02-14 00:00:00,M00869,IP_ADDED,I_MULE_0780
2026-02-14 00:00:00,M01223,DEVICE_REMOVED,D08961
2026-02-14 00:00:00,M01204,DEVICE_ADDED,D04282
2026-02-14 00:00:00,M01204,DEVICE_REMOVED,D06809
2026-02-14 00:00:00,M00418,NETWORK_JOINED,I_MULE_0949
2026-02-14 00:00:00,M01334,IP_ADDED,I_MULE_0780
2026-02-14 00:00:00,M01334,DEVICE_ADDED,D_MULE_0613
2026-02-14 00:00:00,M02273,IP_ADDED,I_MULE_0780
2026-02-14 00:00:00,M04166,DEVICE_ADDED,D05327
2026-02-14 00:00:00,M02797,DEVICE_REMOVED,D01595
2026-02-14 00:00:00,M04099,DEVICE_ADDED,D01112
2026-02-14 00:00:00,M04674,MERCHANT_ONBOARDED,
2026-02-14 00:00:00,M04383,DEVICE_REMOVED,D01877
2026-02-14 00:00:00,M04591,DEVICE_REMOVED,D08913
2026-02-14 00:00:00,M04591,DEVICE_ADDED,D08882
2026-02-14 00:00:00,M04383,DEVICE_ADDED,D05420
2026-02-14 00:00:00,M02798,MERCHANT_ONBOARDED,
2026-02-14 00:00:00,M02762,MERCHANT_ONBOARDED,
2026-02-14 00:00:00,M04270,MERCHANT_ONBOARDED,
2026-02-14 02:00:00,M01426,NETWORK_JOINED,I_MULE_0626
2026-02-15 00:00:00,M04243,NETWORK_JOINED,I01952
2026-02-15 00:00:00,M04863,MERCHANT_ONBOARDED,
2026-02-15 00:00:00,M00581,DEVICE_ADDED,D02360
2026-02-15 00:00:00,M03627,NETWORK_JOINED,I01952
2026-02-15 00:00:00,M04021,NETWORK_JOINED,I03964
2026-02-15 00:00:00,M03342,MERCHANT_ONBOARDED,
2026-02-15 00:00:00,M01005,DEVICE_ADDED,D02712
2026-02-15 00:00:00,M01005,DEVICE_REMOVED,D09889
2026-02-15 00:00:00,M02379,NETWORK_JOINED,I03964
2026-02-15 00:00:00,M01037,MERCHANT_ONBOARDED,
2026-02-15 00:00:00,M00350,NETWORK_JOINED,I01952
2026-02-15 00:00:00,M04105,NETWORK_JOINED,I01952
2026-02-15 00:00:00,M02176,NETWORK_JOINED,I01952
2026-02-15 00:00:00,M04067,MERCHANT_ONBOARDED,
2026-02-15 00:00:00,M04780,MERCHANT_ONBOARDED,
2026-02-15 00:00:00,M01259,MERCHANT_ONBOARDED,
2026-02-15 00:00:00,M04159,NETWORK_JOINED,I03964
2026-02-15 00:00:00,M04695,NETWORK_JOINED,I01952
2026-02-15 00:00:00,M04079,MERCHANT_ONBOARDED,
2026-02-15 00:00:00,M02564,DEVICE_ADDED,D06588
2026-02-15 00:00:00,M02564,DEVICE_REMOVED,D05040
2026-02-15 00:00:00,M04129,MERCHANT_ONBOARDED,
2026-02-15 00:00:00,M03350,DEVICE_REMOVED,D05621
2026-02-15 00:00:00,M03350,DEVICE_ADDED,D00710
2026-02-15 00:00:00,M01197,NETWORK_JOINED,I01952
2026-02-15 00:00:00,M00649,NETWORK_JOINED,I01952
2026-02-15 00:00:00,M02461,NETWORK_JOINED,I03964
2026-02-15 00:00:00,M04234,DEVICE_REMOVED,D07021
2026-02-15 00:00:00,M00558,DEVICE_REMOVED,D03032
2026-02-15 00:00:00,M03638,MERCHANT_ONBOARDED,
2026-02-15 00:00:00,M03674,NETWORK_JOINED,I03964
2026-02-15 00:00:00,M02055,NETWORK_JOINED,I03964
2026-02-15 00:00:00,M02782,DEVICE_ADDED,D03990
2026-02-15 00:00:00,M00558,DEVICE_ADDED,D03619
2026-02-15 00:00:00,M02044,NETWORK_JOINED,I03964
2026-02-15 00:00:00,M02958,NETWORK_JOINED,I03964
2026-02-15 00:00:00,M01645,NETWORK_JOINED,I03964
2026-02-15 00:00:00,M02881,NETWORK_JOINED,I03964
2026-02-15 00:00:00,M00261,NETWORK_JOINED,I03964
2026-02-15 00:00:00,M00282,NETWORK_JOINED,I03964
2026-02-15 00:00:00,M03649,NETWORK_JOINED,I03964
2026-02-15 00:00:00,M04905,NETWORK_JOINED,I03964
2026-02-15 00:00:00,M02782,DEVICE_REMOVED,D01924
2026-02-15 00:00:00,M04865,NETWORK_JOINED,I01952
2026-02-15 00:00:00,M04196,NETWORK_JOINED,I03964
2026-02-15 00:00:00,M00525,DEVICE_ADDED,D04597
2026-02-15 00:00:00,M00871,NETWORK_JOINED,I03964
2026-02-15 00:00:00,M01494,NETWORK_JOINED,I03964
2026-02-15 00:00:00,M00618,NETWORK_JOINED,I03964
2026-02-15 00:00:00,M03498,NETWORK_JOINED,I03964
2026-02-15 00:00:00,M00525,DEVICE_REMOVED,D09304
2026-02-15 00:00:00,M00726,NETWORK_JOINED,I03964
2026-02-15 00:00:00,M04955,NETWORK_JOINED,I03964
2026-02-15 00:00:00,M00581,DEVICE_REMOVED,D01334
2026-02-15 00:00:00,M04363,DEVICE_ADDED,D02043
2026-02-15 00:00:00,M04604,NETWORK_JOINED,I03964
2026-02-15 00:00:00,M03993,NETWORK_JOINED,I03964
2026-02-15 00:00:00,M04234,DEVICE_ADDED,D01492
2026-02-15 00:00:00,M00543,NETWORK_JOINED,I03964
2026-02-15 00:00:00,M01363,NETWORK_JOINED,I03964
2026-02-15 00:00:00,M04363,DEVICE_REMOVED,D08246
2026-02-15 00:00:00,M00574,NETWORK_JOINED,I01952
2026-02-15 00:00:00,M00713,MERCHANT_ONBOARDED,
2026-02-15 00:00:00,M03518,DEVICE_REMOVED,D04064
2026-02-15 00:00:00,M02315,DEVICE_REMOVED,D09428
2026-02-15 00:00:00,M01590,DEVICE_REMOVED,D00091
2026-02-15 00:00:00,M01590,DEVICE_ADDED,D08493
2026-02-15 00:00:00,M01406,NETWORK_JOINED,I01952
2026-02-15 00:00:00,M03728,DEVICE_ADDED,D06293
2026-02-15 00:00:00,M01612,DEVICE_REMOVED,D04700
2026-02-15 00:00:00,M01612,DEVICE_ADDED,D01734
2026-02-15 00:00:00,M03728,DEVICE_REMOVED,D01093
2026-02-15 00:00:00,M02315,DEVICE_ADDED,D09733
2026-02-15 00:00:00,M02862,DEVICE_ADDED,D04088
2026-02-15 00:00:00,M02400,NETWORK_JOINED,I_MULE_0315
2026-02-15 00:00:00,M01728,DEVICE_REMOVED,D08817
2026-02-15 00:00:00,M01728,DEVICE_ADDED,D08583
2026-02-15 00:00:00,M01744,DEVICE_REMOVED,D05815
2026-02-15 00:00:00,M01744,DEVICE_ADDED,D08335
2026-02-15 00:00:00,M03618,DEVICE_ADDED,D00408
2026-02-15 00:00:00,M03618,DEVICE_REMOVED,D00797
2026-02-15 00:00:00,M03965,MERCHANT_ONBOARDED,
2026-02-15 00:00:00,M02862,DEVICE_REMOVED,D03861
2026-02-15 00:00:00,M02275,MERCHANT_ONBOARDED,
2026-02-15 00:00:00,M02613,DEVICE_ADDED,D08848
2026-02-15 00:00:00,M03518,DEVICE_ADDED,D03949
2026-02-15 00:00:00,M02613,DEVICE_REMOVED,D08688
2026-02-15 00:00:00,M01798,NETWORK_JOINED,I01952
2026-02-15 00:00:00,M04245,NETWORK_JOINED,I01952
2026-02-15 00:00:00,M02924,NETWORK_JOINED,I01952
2026-02-15 00:00:00,M01502,NETWORK_JOINED,I01952
2026-02-15 00:00:00,M00006,NETWORK_JOINED,I01952
2026-02-15 00:00:00,M02903,NETWORK_JOINED,I01952
2026-02-15 00:00:00,M00117,MERCHANT_ONBOARDED,
2026-02-15 00:00:00,M01940,DEVICE_REMOVED,D02648
2026-02-15 00:00:00,M02336,NETWORK_JOINED,I01952
2026-02-15 00:00:00,M01940,DEVICE_ADDED,D08001
2026-02-16 00:00:00,M04783,DEVICE_REMOVED,D02519
2026-02-16 00:00:00,M00019,MERCHANT_ONBOARDED,
2026-02-16 00:00:00,M04769,DEVICE_ADDED,D01176
2026-02-16 00:00:00,M04783,DEVICE_ADDED,D09542
2026-02-16 00:00:00,M03224,DEVICE_ADDED,D_MULE_0711
2026-02-16 00:00:00,M01305,DEVICE_ADDED,D_MULE_0684
2026-02-16 00:00:00,M03958,MERCHANT_ONBOARDED,
2026-02-16 00:00:00,M02922,NETWORK_JOINED,I01698
2026-02-16 00:00:00,M03891,IP_ADDED,I_MULE_0174
2026-02-16 00:00:00,M04769,DEVICE_REMOVED,D08505
2026-02-16 00:00:00,M04373,NETWORK_JOINED,I01698
2026-02-16 00:00:00,M03714,NETWORK_JOINED,I01698
2026-02-16 00:00:00,M04914,IP_ADDED,I_MULE_0987
2026-02-16 00:00:00,M03972,MERCHANT_ONBOARDED,
2026-02-16 00:00:00,M00742,DEVICE_ADDED,D01536
2026-02-16 00:00:00,M00742,DEVICE_REMOVED,D05458
2026-02-16 00:00:00,M03891,DEVICE_ADDED,D_MULE_0711
2026-02-16 00:00:00,M04914,DEVICE_ADDED,D_MULE_0684
2026-02-16 00:00:00,M04961,DEVICE_ADDED,D01018
2026-02-16 00:00:00,M01275,NETWORK_JOINED,I01698
2026-02-16 00:00:00,M04961,DEVICE_REMOVED,D02421
2026-02-16 00:00:00,M04068,MERCHANT_ONBOARDED,
2026-02-16 00:00:00,M01325,NETWORK_JOINED,I01698
2026-02-16 00:00:00,M02174,DEVICE_REMOVED,D07267
2026-02-16 00:00:00,M02174,DEVICE_ADDED,D00040
2026-02-16 00:00:00,M00857,NETWORK_JOINED,I01698
2026-02-16 00:00:00,M04721,DEVICE_REMOVED,D03197
2026-02-16 00:00:00,M04721,DEVICE_ADDED,D01500
2026-02-16 00:00:00,M01305,IP_ADDED,I_MULE_0987
2026-02-16 00:00:00,M03499,MERCHANT_ONBOARDED,
2026-02-16 00:00:00,M01769,NETWORK_JOINED,I01698
2026-02-16 00:00:00,M00614,MERCHANT_ONBOARDED,
2026-02-16 00:00:00,M03296,NETWORK_JOINED,I01698
2026-02-16 00:00:00,M00694,NETWORK_JOINED,I01698
2026-02-16 00:00:00,M03388,NETWORK_JOINED,I01698
2026-02-16 00:00:00,M04395,IP_ADDED,I_MULE_0174
2026-02-16 00:00:00,M02631,DEVICE_REMOVED,D08585
2026-02-16 00:00:00,M02631,DEVICE_ADDED,D07198
2026-02-16 00:00:00,M02305,NETWORK_JOINED,I01698
2026-02-16 00:00:00,M01289,NETWORK_JOINED,I01698
2026-02-16 00:00:00,M03053,NETWORK_JOINED,I01698
2026-02-16 00:00:00,M04395,DEVICE_ADDED,D_MULE_0711
2026-02-16 00:00:00,M01985,NETWORK_JOINED,I01698
2026-02-16 00:00:00,M04041,IP_ADDED,I_MULE_0174
2026-02-16 00:00:00,M03000,DEVICE_ADDED,D07541
2026-02-16 00:00:00,M03000,DEVICE_REMOVED,D01272
2026-02-16 00:00:00,M04553,NETWORK_JOINED,I01698
2026-02-16 00:00:00,M02069,NETWORK_JOINED,I01698
2026-02-16 00:00:00,M02508,NETWORK_JOINED,I01698
2026-02-16 00:00:00,M04041,DEVICE_ADDED,D_MULE_0711
2026-02-16 00:00:00,M02935,NETWORK_JOINED,I01698
2026-02-16 00:00:00,M00438,NETWORK_JOINED,I_MULE_0364
2026-02-16 00:00:00,M00109,DEVICE_ADDED,D_MULE_0711
2026-02-16 00:00:00,M04998,NETWORK_JOINED,I01698
2026-02-16 00:00:00,M03319,NETWORK_JOINED,I01698
2026-02-16 00:00:00,M04491,NETWORK_JOINED,I01698
2026-02-16 00:00:00,M03224,IP_ADDED,I_MULE_0174
2026-02-16 00:00:00,M00109,IP_ADDED,I_MULE_0174
2026-02-16 00:00:00,M01484,NETWORK_JOINED,I01698
2026-02-16 00:00:00,M02683,NETWORK_JOINED,I01698
2026-02-16 00:00:00,M00621,DEVICE_ADDED,D_MULE_0711
2026-02-16 00:00:00,M01155,NETWORK_JOINED,I01698
2026-02-16 00:00:00,M01404,NETWORK_JOINED,I01698
2026-02-16 00:00:00,M00621,IP_ADDED,I_MULE_0174
2026-02-16 00:00:00,M02875,NETWORK_JOINED,I01698
2026-02-16 00:00:00,M04580,DEVICE_ADDED,D04391
2026-02-16 00:00:00,M03598,DEVICE_REMOVED,D08445
2026-02-16 00:00:00,M04033,NETWORK_JOINED,I01698
2026-02-16 00:00:00,M03172,DEVICE_ADDED,D01169
2026-02-16 00:00:00,M01846,DEVICE_ADDED,D05123
2026-02-16 00:00:00,M01483,MERCHANT_ONBOARDED,
2026-02-16 00:00:00,M01860,DEVICE_REMOVED,D05934
2026-02-16 00:00:00,M02690,MERCHANT_ONBOARDED,
2026-02-16 00:00:00,M01860,DEVICE_ADDED,D01586
2026-02-16 00:00:00,M01159,MERCHANT_ONBOARDED,
2026-02-16 00:00:00,M00109,DEVICE_ADDED,D09589
2026-02-16 00:00:00,M00109,DEVICE_REMOVED,D08010
2026-02-16 00:00:00,M02132,DEVICE_ADDED,D_MULE_0684
2026-02-16 00:00:00,M02132,IP_ADDED,I_MULE_0987
2026-02-16 00:00:00,M01366,MERCHANT_ONBOARDED,
2026-02-16 00:00:00,M01924,MERCHANT_ONBOARDED,
2026-02-16 00:00:00,M03172,DEVICE_REMOVED,D08370
2026-02-16 00:00:00,M01513,DEVICE_ADDED,D08955
2026-02-16 00:00:00,M03431,DEVICE_ADDED,D06961
2026-02-16 00:00:00,M01513,DEVICE_REMOVED,D01513
2026-02-16 00:00:00,M04075,DEVICE_ADDED,D09770
2026-02-16 00:00:00,M04075,DEVICE_REMOVED,D07227
2026-02-16 00:00:00,M01494,DEVICE_ADDED,D09311
2026-02-16 00:00:00,M04580,DEVICE_REMOVED,D01232
2026-02-16 00:00:00,M01494,DEVICE_REMOVED,D03440
2026-02-16 00:00:00,M02825,DEVICE_REMOVED,D07010
2026-02-16 00:00:00,M02825,DEVICE_ADDED,D05610
2026-02-16 00:00:00,M00264,NETWORK_JOINED,I01698
2026-02-16 00:00:00,M01381,DEVICE_ADDED,D03623
2026-02-16 00:00:00,M01381,DEVICE_REMOVED,D06365
2026-02-16 00:00:00,M01341,MERCHANT_ONBOARDED,
2026-02-16 00:00:00,M03431,DEVICE_REMOVED,D07094
2026-02-16 00:00:00,M04416,DEVICE_REMOVED,D07517
2026-02-16 00:00:00,M01846,DEVICE_REMOVED,D09293
2026-02-16 00:00:00,M03987,DEVICE_ADDED,D_MULE_0684
2026-02-16 00:00:00,M04261,MERCHANT_ONBOARDED,
2026-02-16 00:00:00,M04503,DEVICE_ADDED,D03510
2026-02-16 00:00:00,M01680,MERCHANT_ONBOARDED,
2026-02-16 00:00:00,M04503,DEVICE_REMOVED,D01763
2026-02-16 00:00:00,M02091,NETWORK_JOINED,I_MULE_0155
2026-02-16 00:00:00,M01339,IP_ADDED,I_MULE_0987
2026-02-16 00:00:00,M00965,DEVICE_REMOVED,D07526
2026-02-16 00:00:00,M00965,DEVICE_ADDED,D06991
2026-02-16 00:00:00,M01339,DEVICE_ADDED,D_MULE_0684
2026-02-16 00:00:00,M03987,IP_ADDED,I_MULE_0987
2026-02-16 00:00:00,M00852,DEVICE_ADDED,D01851
2026-02-16 00:00:00,M04430,DEVICE_ADDED,D02818
2026-02-16 00:00:00,M00852,DEVICE_REMOVED,D06740
2026-02-16 00:00:00,M03598,DEVICE_ADDED,D02751
2026-02-16 00:00:00,M04430,DEVICE_REMOVED,D04169
2026-02-16 00:00:00,M04416,DEVICE_ADDED,D07627
2026-02-17 00:00:00,M02132,MERCHANT_ONBOARDED,
2026-02-17 00:00:00,M03470,DEVICE_REMOVED,D06612
2026-02-17 00:00:00,M01790,DEVICE_REMOVED,D03997
2026-02-17 00:00:00,M03688,DEVICE_REMOVED,D05601
2026-02-17 00:00:00,M01695,DEVICE_REMOVED,D01576
2026-02-17 00:00:00,M00443,NETWORK_JOINED,I08359
2026-02-17 00:00:00,M00012,MERCHANT_ONBOARDED,
2026-02-17 00:00:00,M01790,DEVICE_ADDED,D06926
2026-02-17 00:00:00,M03470,DEVICE_ADDED,D03104
2026-02-17 00:00:00,M01695,DEVICE_ADDED,D07858
2026-02-17 00:00:00,M03151,NETWORK_JOINED,I08359
2026-02-17 00:00:00,M01454,NETWORK_JOINED,I08359
2026-02-17 00:00:00,M03819,DEVICE_ADDED,D05616
2026-02-17 00:00:00,M02847,DEVICE_ADDED,D09889
2026-02-17 00:00:00,M00406,NETWORK_JOINED,I08359
2026-02-17 00:00:00,M01630,DEVICE_REMOVED,D01185
2026-02-17 00:00:00,M03819,DEVICE_REMOVED,D08162
2026-02-17 00:00:00,M02847,DEVICE_REMOVED,D05765
2026-02-17 00:00:00,M03581,NETWORK_JOINED,I08359
2026-02-17 00:00:00,M01632,DEVICE_ADDED,D00735
2026-02-17 00:00:00,M04626,MERCHANT_ONBOARDED,
2026-02-17 00:00:00,M01179,NETWORK_JOINED,I08359
2026-02-17 00:00:00,M01632,DEVICE_REMOVED,D00166
2026-02-17 00:00:00,M02695,DEVICE_REMOVED,D05883
2026-02-17 00:00:00,M01520,NETWORK_JOINED,I08359
2026-02-17 00:00:00,M00537,NETWORK_JOINED,I08359
2026-02-17 00:00:00,M01630,DEVICE_ADDED,D04596
2026-02-17 00:00:00,M03688,DEVICE_ADDED,D00595
2026-02-17 00:00:00,M02695,DEVICE_ADDED,D06978
2026-02-17 00:00:00,M00161,DEVICE_ADDED,D02982
2026-02-17 00:00:00,M01015,DEVICE_ADDED,D09054
2026-02-17 00:00:00,M02257,MERCHANT_ONBOARDED,
2026-02-17 00:00:00,M00602,DEVICE_REMOVED,D05726
2026-02-17 00:00:00,M00602,DEVICE_ADDED,D06147
2026-02-17 00:00:00,M01015,DEVICE_REMOVED,D03849
2026-02-17 00:00:00,M03482,MERCHANT_ONBOARDED,
2026-02-17 00:00:00,M00676,DEVICE_REMOVED,D01386
2026-02-17 00:00:00,M00676,DEVICE_ADDED,D06231
2026-02-17 00:00:00,M02164,DEVICE_ADDED,D09555
2026-02-17 00:00:00,M02164,DEVICE_REMOVED,D01786
2026-02-17 00:00:00,M03359,MERCHANT_ONBOARDED,
2026-02-17 00:00:00,M04136,MERCHANT_ONBOARDED,
2026-02-17 00:00:00,M04578,NETWORK_JOINED,I08359
2026-02-17 00:00:00,M00734,DEVICE_REMOVED,D08254
2026-02-17 00:00:00,M00734,DEVICE_ADDED,D05919
2026-02-17 00:00:00,M00161,DEVICE_REMOVED,D05671
2026-02-17 00:00:00,M00961,MERCHANT_ONBOARDED,
2026-02-17 00:00:00,M04844,MERCHANT_ONBOARDED,
2026-02-17 00:00:00,M04707,NETWORK_JOINED,I08359
2026-02-17 00:00:00,M04203,NETWORK_JOINED,I08359
2026-02-17 00:00:00,M03595,NETWORK_JOINED,I_MULE_0426
2026-02-17 00:00:00,M03738,MERCHANT_ONBOARDED,
2026-02-17 00:00:00,M02617,DEVICE_ADDED,D07011
2026-02-17 00:00:00,M02617,DEVICE_REMOVED,D09997
2026-02-17 00:00:00,M02302,MERCHANT_ONBOARDED,
2026-02-17 00:00:00,M00394,NETWORK_JOINED,I08359
2026-02-17 00:00:00,M03799,NETWORK_JOINED,I08359
2026-02-17 00:00:00,M03551,NETWORK_JOINED,I08359
2026-02-17 00:00:00,M04793,MERCHANT_ONBOARDED,
2026-02-17 00:00:00,M02702,NETWORK_JOINED,I08359
2026-02-17 00:00:00,M00455,MERCHANT_ONBOARDED,
2026-02-17 00:00:00,M04976,DEVICE_ADDED,D07820
2026-02-17 00:00:00,M04976,DEVICE_REMOVED,D06630
2026-02-17 05:00:00,M00925,NETWORK_JOINED,I_MULE_0302
2026-02-17 08:00:00,M02367,NETWORK_JOINED,I_MULE_0302
2026-02-17 18:00:00,M03708,NETWORK_JOINED,I_MULE_0302
2026-02-18 00:00:00,M00485,MERCHANT_ONBOARDED,
2026-02-18 00:00:00,M00308,MERCHANT_ONBOARDED,
2026-02-18 00:00:00,M02778,DEVICE_ADDED,D08459
2026-02-18 00:00:00,M00163,NETWORK_JOINED,I00350
2026-02-18 00:00:00,M02778,DEVICE_REMOVED,D03522
2026-02-18 00:00:00,M03800,NETWORK_JOINED,I00350
2026-02-18 00:00:00,M02133,NETWORK_JOINED,I00350
2026-02-18 00:00:00,M02185,NETWORK_JOINED,I00350
2026-02-18 00:00:00,M04860,MERCHANT_ONBOARDED,
2026-02-18 00:00:00,M01413,NETWORK_JOINED,I00350
2026-02-18 00:00:00,M02731,NETWORK_JOINED,I00350
2026-02-18 00:00:00,M02361,DEVICE_REMOVED,D00183
2026-02-18 00:00:00,M02361,DEVICE_ADDED,D04911
2026-02-18 00:00:00,M02133,MERCHANT_ONBOARDED,
2026-02-18 00:00:00,M02911,DEVICE_ADDED,D04529
2026-02-18 00:00:00,M01101,DEVICE_ADDED,D03908
2026-02-18 00:00:00,M01170,DEVICE_REMOVED,D05079
2026-02-18 00:00:00,M01170,DEVICE_ADDED,D02985
2026-02-18 00:00:00,M02911,DEVICE_REMOVED,D01863
2026-02-18 00:00:00,M04232,DEVICE_REMOVED,D02114
2026-02-18 00:00:00,M02156,NETWORK_JOINED,I00350
2026-02-18 00:00:00,M01318,DEVICE_REMOVED,D05654
2026-02-18 00:00:00,M01318,DEVICE_ADDED,D08989
2026-02-18 00:00:00,M01101,DEVICE_REMOVED,D05288
2026-02-18 00:00:00,M01980,MERCHANT_ONBOARDED,
2026-02-18 00:00:00,M03661,DEVICE_ADDED,D03441
2026-02-18 00:00:00,M03661,DEVICE_REMOVED,D09497
2026-02-18 00:00:00,M01589,MERCHANT_ONBOARDED,
2026-02-18 00:00:00,M01560,MERCHANT_ONBOARDED,
2026-02-18 00:00:00,M01771,DEVICE_REMOVED,D04819
2026-02-18 00:00:00,M01771,DEVICE_ADDED,D08628
2026-02-18 00:00:00,M01396,MERCHANT_ONBOARDED,
2026-02-18 00:00:00,M01848,DEVICE_REMOVED,D03286
2026-02-18 00:00:00,M04673,MERCHANT_ONBOARDED,
2026-02-18 00:00:00,M01848,DEVICE_ADDED,D09214
2026-02-18 00:00:00,M01064,DEVICE_ADDED,D06032
2026-02-18 00:00:00,M02817,MERCHANT_ONBOARDED,
2026-02-18 00:00:00,M03713,MERCHANT_ONBOARDED,
2026-02-18 00:00:00,M04019,MERCHANT_ONBOARDED,
2026-02-18 00:00:00,M00593,DEVICE_REMOVED,D09168
2026-02-18 00:00:00,M00593,DEVICE_ADDED,D09956
2026-02-18 00:00:00,M03494,MERCHANT_ONBOARDED,
2026-02-18 00:00:00,M04056,MERCHANT_ONBOARDED,
2026-02-18 00:00:00,M04687,DEVICE_ADDED,D05020
2026-02-18 00:00:00,M04687,DEVICE_REMOVED,D08317
2026-02-18 00:00:00,M01064,DEVICE_REMOVED,D09001
2026-02-18 00:00:00,M00211,DEVICE_ADDED,D08260
2026-02-18 00:00:00,M04589,DEVICE_ADDED,D02761
2026-02-18 00:00:00,M04589,DEVICE_REMOVED,D00836
2026-02-18 00:00:00,M03144,MERCHANT_ONBOARDED,
2026-02-18 00:00:00,M04440,DEVICE_ADDED,D06311
2026-02-18 00:00:00,M04440,DEVICE_REMOVED,D08690
2026-02-18 00:00:00,M00967,DEVICE_REMOVED,D00662
2026-02-18 00:00:00,M00967,DEVICE_ADDED,D02120
2026-02-18 00:00:00,M02896,MERCHANT_ONBOARDED,
2026-02-18 00:00:00,M00211,DEVICE_REMOVED,D01260
2026-02-18 00:00:00,M03517,DEVICE_ADDED,D07346
2026-02-18 00:00:00,M04232,DEVICE_ADDED,D00710
2026-02-18 00:00:00,M03980,NETWORK_JOINED,I00350
2026-02-18 00:00:00,M03086,DEVICE_ADDED,D08395
2026-02-18 00:00:00,M01495,NETWORK_JOINED,I00350
2026-02-18 00:00:00,M03517,DEVICE_REMOVED,D07606
2026-02-18 00:00:00,M03784,NETWORK_JOINED,I00350
2026-02-18 00:00:00,M03086,DEVICE_REMOVED,D09285
2026-02-18 00:00:00,M04736,MERCHANT_ONBOARDED,
2026-02-19 00:00:00,M04563,DEVICE_ADDED,D05683
2026-02-19 00:00:00,M04563,DEVICE_REMOVED,D03247
2026-02-19 00:00:00,M02928,NETWORK_JOINED,I05204
2026-02-19 00:00:00,M01895,NETWORK_JOINED,I05204
2026-02-19 00:00:00,M03799,NETWORK_JOINED,I05204
2026-02-19 00:00:00,M04786,NETWORK_JOINED,I05204
2026-02-19 00:00:00,M04521,NETWORK_JOINED,I05204
2026-02-19 00:00:00,M02859,MERCHANT_ONBOARDED,
2026-02-19 00:00:00,M01987,NETWORK_JOINED,I05204
2026-02-19 00:00:00,M00850,MERCHANT_ONBOARDED,
2026-02-19 00:00:00,M04340,DEVICE_ADDED,D03101
2026-02-19 00:00:00,M04340,DEVICE_REMOVED,D02370
2026-02-19 00:00:00,M00822,MERCHANT_ONBOARDED,
2026-02-19 00:00:00,M02508,NETWORK_JOINED,I05204
2026-02-19 00:00:00,M01994,DEVICE_ADDED,D07015
2026-02-19 00:00:00,M04674,DEVICE_REMOVED,D04132
2026-02-19 00:00:00,M03299,NETWORK_JOINED,I05204
2026-02-19 00:00:00,M03003,NETWORK_JOINED,I05204
2026-02-19 00:00:00,M03453,NETWORK_JOINED,I05204
2026-02-19 00:00:00,M04978,NETWORK_JOINED,I05204
2026-02-19 00:00:00,M04362,NETWORK_JOINED,I05204
2026-02-19 00:00:00,M00465,DEVICE_REMOVED,D02815
2026-02-19 00:00:00,M00465,DEVICE_ADDED,D00405
2026-02-19 00:00:00,M02710,MERCHANT_ONBOARDED,
2026-02-19 00:00:00,M00142,MERCHANT_ONBOARDED,
2026-02-19 00:00:00,M02159,NETWORK_JOINED,I05204
2026-02-19 00:00:00,M00059,NETWORK_JOINED,I05204
2026-02-19 00:00:00,M04727,DEVICE_ADDED,D06240
2026-02-19 00:00:00,M04727,DEVICE_REMOVED,D07749
2026-02-19 00:00:00,M00535,NETWORK_JOINED,I05204
2026-02-19 00:00:00,M01185,NETWORK_JOINED,I05204
2026-02-19 00:00:00,M04674,DEVICE_ADDED,D06353
2026-02-19 00:00:00,M03037,NETWORK_JOINED,I05204
2026-02-19 00:00:00,M01708,NETWORK_JOINED,I05204
2026-02-19 00:00:00,M00876,MERCHANT_ONBOARDED,
2026-02-19 00:00:00,M02656,MERCHANT_ONBOARDED,
2026-02-19 00:00:00,M03815,DEVICE_REMOVED,D07056
2026-02-19 00:00:00,M00070,DEVICE_REMOVED,D08360
2026-02-19 00:00:00,M01898,MERCHANT_ONBOARDED,
2026-02-19 00:00:00,M01749,MERCHANT_ONBOARDED,
2026-02-19 00:00:00,M00326,DEVICE_ADDED,D02764
2026-02-19 00:00:00,M03694,DEVICE_ADDED,D07960
2026-02-19 00:00:00,M03694,DEVICE_REMOVED,D05229
2026-02-19 00:00:00,M00326,DEVICE_REMOVED,D04690
2026-02-19 00:00:00,M01994,DEVICE_REMOVED,D04144
2026-02-19 00:00:00,M02732,NETWORK_JOINED,I_MULE_0859
2026-02-19 00:00:00,M00253,DEVICE_ADDED,D02869
2026-02-19 00:00:00,M01268,MERCHANT_ONBOARDED,
2026-02-19 00:00:00,M03436,DEVICE_REMOVED,D04385
2026-02-19 00:00:00,M03436,DEVICE_ADDED,D04087
2026-02-19 00:00:00,M02436,DEVICE_ADDED,D03528
2026-02-19 00:00:00,M02436,DEVICE_REMOVED,D05234
2026-02-19 00:00:00,M00253,DEVICE_REMOVED,D06251
2026-02-19 00:00:00,M03815,DEVICE_ADDED,D02091
2026-02-19 00:00:00,M02641,NETWORK_JOINED,I05204
2026-02-19 00:00:00,M00070,DEVICE_ADDED,D05996
2026-02-19 00:00:00,M03711,NETWORK_JOINED,I05204
2026-02-19 00:00:00,M02591,MERCHANT_ONBOARDED,
2026-02-19 00:00:00,M01019,NETWORK_JOINED,I05204
2026-02-19 00:00:00,M02583,MERCHANT_ONBOARDED,
2026-02-19 00:00:00,M02629,DEVICE_REMOVED,D05317
2026-02-19 00:00:00,M02629,DEVICE_ADDED,D08065
2026-02-19 00:00:00,M04523,MERCHANT_ONBOARDED,
2026-02-19 00:00:00,M01551,NETWORK_JOINED,I05204
2026-02-19 00:00:00,M02698,NETWORK_JOINED,I_MULE_0461
2026-02-19 00:00:00,M02490,MERCHANT_ONBOARDED,
2026-02-19 00:00:00,M03924,NETWORK_JOINED,I05204
2026-02-19 00:00:00,M00483,NETWORK_JOINED,I05204
2026-02-19 00:00:00,M04005,DEVICE_ADDED,D09608
2026-02-19 00:00:00,M04005,DEVICE_REMOVED,D03355
2026-02-19 00:00:00,M04004,DEVICE_ADDED,D06762
2026-02-19 00:00:00,M04004,DEVICE_REMOVED,D04654
2026-02-19 00:00:00,M03913,DEVICE_ADDED,D01749
2026-02-19 00:00:00,M03913,DEVICE_REMOVED,D05386
2026-02-19 00:00:00,M01571,NETWORK_JOINED,I05204
2026-02-20 00:00:00,M02221,IP_ADDED,I_MULE_0032
2026-02-20 00:00:00,M04843,DEVICE_ADDED,D_MULE_0099
2026-02-20 00:00:00,M02221,DEVICE_ADDED,D_MULE_0099
2026-02-20 00:00:00,M04843,IP_ADDED,I_MULE_0032
2026-02-20 00:00:00,M03483,DEVICE_ADDED,D08447
2026-02-20 00:00:00,M01730,IP_ADDED,I_MULE_0753
2026-02-20 00:00:00,M03483,DEVICE_REMOVED,D07035
2026-02-20 00:00:00,M03290,DEVICE_ADDED,D03526
2026-02-20 00:00:00,M03290,DEVICE_REMOVED,D03755
2026-02-20 00:00:00,M00430,IP_ADDED,I_MULE_0445
2026-02-20 00:00:00,M00430,DEVICE_ADDED,D_MULE_0089
2026-02-20 00:00:00,M03275,IP_ADDED,I_MULE_0445
2026-02-20 00:00:00,M03275,DEVICE_ADDED,D_MULE_0089
2026-02-20 00:00:00,M03084,IP_ADDED,I_MULE_0445
2026-02-20 00:00:00,M03084,DEVICE_ADDED,D_MULE_0089
2026-02-20 00:00:00,M02081,IP_ADDED,I_MULE_0445
2026-02-20 00:00:00,M02081,DEVICE_ADDED,D_MULE_0089
2026-02-20 00:00:00,M02109,IP_ADDED,I_MULE_0445
2026-02-20 00:00:00,M01730,DEVICE_ADDED,D_MULE_0288
2026-02-20 00:00:00,M02109,DEVICE_ADDED,D_MULE_0089
2026-02-20 00:00:00,M00437,DEVICE_ADDED,D_MULE_0288
2026-02-20 00:00:00,M01475,IP_ADDED,I_MULE_0753
2026-02-20 00:00:00,M01475,DEVICE_ADDED,D_MULE_0288
2026-02-20 00:00:00,M00787,IP_ADDED,I_MULE_0753
2026-02-20 00:00:00,M04451,DEVICE_REMOVED,D00289
2026-02-20 00:00:00,M04451,DEVICE_ADDED,D02083
2026-02-20 00:00:00,M03383,IP_ADDED,I_MULE_0753
2026-02-20 00:00:00,M03383,DEVICE_ADDED,D_MULE_0288
2026-02-20 00:00:00,M01903,IP_ADDED,I_MULE_0753
2026-02-20 00:00:00,M01903,DEVICE_ADDED,D_MULE_0288
2026-02-20 00:00:00,M00405,IP_ADDED,I_MULE_0753
2026-02-20 00:00:00,M00405,DEVICE_ADDED,D_MULE_0288
2026-02-20 00:00:00,M00437,IP_ADDED,I_MULE_0753
2026-02-20 00:00:00,M00787,DEVICE_ADDED,D_MULE_0288
2026-02-20 00:00:00,M03079,DEVICE_ADDED,D_MULE_0099
2026-02-20 00:00:00,M01033,DEVICE_ADDED,D02220
2026-02-20 00:00:00,M00949,DEVICE_REMOVED,D05898
2026-02-20 00:00:00,M00949,DEVICE_ADDED,D09292
2026-02-20 00:00:00,M01479,DEVICE_ADDED,D00157
2026-02-20 00:00:00,M01479,DEVICE_REMOVED,D09847
2026-02-20 00:00:00,M00745,MERCHANT_ONBOARDED,
2026-02-20 00:00:00,M00815,MERCHANT_ONBOARDED,
2026-02-20 00:00:00,M04940,MERCHANT_ONBOARDED,
2026-02-20 00:00:00,M00991,MERCHANT_ONBOARDED,
2026-02-20 00:00:00,M01967,DEVICE_REMOVED,D03671
2026-02-20 00:00:00,M01967,DEVICE_ADDED,D04070
2026-02-20 00:00:00,M01971,DEVICE_REMOVED,D07123
2026-02-20 00:00:00,M01971,DEVICE_ADDED,D08503
2026-02-20 00:00:00,M01502,DEVICE_REMOVED,D02679
2026-02-20 00:00:00,M04289,MERCHANT_ONBOARDED,
2026-02-20 00:00:00,M01323,MERCHANT_ONBOARDED,
2026-02-20 00:00:00,M01354,MERCHANT_ONBOARDED,
2026-02-20 00:00:00,M03079,IP_ADDED,I_MULE_0032
2026-02-20 00:00:00,M03962,MERCHANT_ONBOARDED,
2026-02-20 00:00:00,M01033,DEVICE_REMOVED,D06398
2026-02-20 00:00:00,M03674,MERCHANT_ONBOARDED,
2026-02-20 00:00:00,M01671,MERCHANT_ONBOARDED,
2026-02-20 00:00:00,M02424,MERCHANT_ONBOARDED,
2026-02-20 00:00:00,M02349,MERCHANT_ONBOARDED,
2026-02-20 00:00:00,M02328,MERCHANT_ONBOARDED,
2026-02-20 00:00:00,M02293,MERCHANT_ONBOARDED,
2026-02-20 00:00:00,M02002,MERCHANT_ONBOARDED,
2026-02-20 00:00:00,M01275,MERCHANT_ONBOARDED,
2026-02-20 00:00:00,M00552,MERCHANT_ONBOARDED,
2026-02-20 00:00:00,M01870,MERCHANT_ONBOARDED,
2026-02-20 00:00:00,M00645,DEVICE_REMOVED,D02929
2026-02-20 00:00:00,M00174,MERCHANT_ONBOARDED,
2026-02-20 00:00:00,M01502,DEVICE_ADDED,D08558
2026-02-20 00:00:00,M00645,DEVICE_ADDED,D02210
2026-02-21 00:00:00,M02330,MERCHANT_ONBOARDED,
2026-02-21 00:00:00,M01177,DEVICE_ADDED,D05478
2026-02-21 00:00:00,M03908,MERCHANT_ONBOARDED,
2026-02-21 00:00:00,M04214,MERCHANT_ONBOARDED,
2026-02-21 00:00:00,M04074,MERCHANT_ONBOARDED,
2026-02-21 00:00:00,M00169,DEVICE_ADDED,D06155
2026-02-21 00:00:00,M00169,DEVICE_REMOVED,D02234
2026-02-21 00:00:00,M01586,MERCHANT_ONBOARDED,
2026-02-21 00:00:00,M03808,DEVICE_ADDED,D07889
2026-02-21 00:00:00,M04390,DEVICE_ADDED,D09527
2026-02-21 00:00:00,M02630,MERCHANT_ONBOARDED,
2026-02-21 00:00:00,M02673,DEVICE_ADDED,D09231
2026-02-21 00:00:00,M02673,DEVICE_REMOVED,D01715
2026-02-21 00:00:00,M00832,MERCHANT_ONBOARDED,
2026-02-21 00:00:00,M03433,DEVICE_ADDED,D03788
2026-02-21 00:00:00,M03433,DEVICE_REMOVED,D04355
2026-02-21 00:00:00,M01151,DEVICE_REMOVED,D03115
2026-02-21 00:00:00,M01151,DEVICE_ADDED,D01783
2026-02-21 00:00:00,M00350,MERCHANT_ONBOARDED,
2026-02-21 00:00:00,M01990,MERCHANT_ONBOARDED,
2026-02-21 00:00:00,M02833,MERCHANT_ONBOARDED,
2026-02-21 00:00:00,M02462,MERCHANT_ONBOARDED,
2026-02-21 00:00:00,M03822,DEVICE_ADDED,D02948
2026-02-21 00:00:00,M03822,DEVICE_REMOVED,D05599
2026-02-21 00:00:00,M03689,DEVICE_REMOVED,D09539
2026-02-21 00:00:00,M03689,DEVICE_ADDED,D05447
2026-02-21 00:00:00,M04390,DEVICE_REMOVED,D08467
2026-02-21 00:00:00,M03838,MERCHANT_ONBOARDED,
2026-02-21 00:00:00,M04729,DEVICE_ADDED,D08740
2026-02-21 00:00:00,M00316,DEVICE_ADDED,D06940
2026-02-21 00:00:00,M04729,DEVICE_REMOVED,D03926
2026-02-21 00:00:00,M03808,DEVICE_REMOVED,D08168
2026-02-21 00:00:00,M01177,DEVICE_REMOVED,D06314
2026-02-21 00:00:00,M03843,DEVICE_REMOVED,D02822
2026-02-21 00:00:00,M01736,DEVICE_REMOVED,D08440
2026-02-21 00:00:00,M03843,DEVICE_ADDED,D04374
2026-02-21 00:00:00,M01736,DEVICE_ADDED,D07809
2026-02-21 00:00:00,M01372,DEVICE_ADDED,D09682
2026-02-21 00:00:00,M01753,DEVICE_REMOVED,D04325
2026-02-21 00:00:00,M02684,DEVICE_ADDED,D04007
2026-02-21 00:00:00,M01753,DEVICE_ADDED,D02237
2026-02-21 00:00:00,M02684,DEVICE_REMOVED,D01853
2026-02-21 00:00:00,M01227,DEVICE_ADDED,D04570
2026-02-21 00:00:00,M01768,DEVICE_REMOVED,D07521
2026-02-21 00:00:00,M00316,DEVICE_REMOVED,D05393
2026-02-21 00:00:00,M00927,DEVICE_ADDED,D07186
2026-02-21 00:00:00,M01768,DEVICE_ADDED,D01897
2026-02-21 00:00:00,M00349,DEVICE_REMOVED,D08254
2026-02-21 00:00:00,M01372,DEVICE_REMOVED,D02836
2026-02-21 00:00:00,M00349,DEVICE_ADDED,D00547
2026-02-21 00:00:00,M02623,MERCHANT_ONBOARDED,
2026-02-21 00:00:00,M01227,DEVICE_REMOVED,D08303
2026-02-21 00:00:00,M02381,DEVICE_ADDED,D03260
2026-02-21 00:00:00,M00733,DEVICE_ADDED,D07432
2026-02-21 00:00:00,M02381,DEVICE_REMOVED,D09207
2026-02-21 00:00:00,M02580,DEVICE_REMOVED,D07691
2026-02-21 00:00:00,M02580,DEVICE_ADDED,D06340
2026-02-21 00:00:00,M04816,DEVICE_ADDED,D09910
2026-02-21 00:00:00,M00927,DEVICE_REMOVED,D00438
2026-02-21 00:00:00,M00733,DEVICE_REMOVED,D07521
2026-02-21 00:00:00,M04816,DEVICE_REMOVED,D07225
2026-02-21 00:00:00,M04564,MERCHANT_ONBOARDED,
2026-02-22 00:00:00,M04544,DEVICE_REMOVED,D08337
2026-02-22 00:00:00,M03950,DEVICE_REMOVED,D07680
2026-02-22 00:00:00,M00225,MERCHANT_ONBOARDED,
2026-02-22 00:00:00,M03950,DEVICE_ADDED,D01431
2026-02-22 00:00:00,M04544,DEVICE_ADDED,D03368
2026-02-22 00:00:00,M03750,MERCHANT_ONBOARDED,
2026-02-22 00:00:00,M03711,MERCHANT_ONBOARDED,
2026-02-22 00:00:00,M02726,MERCHANT_ONBOARDED,
2026-02-22 00:00:00,M02050,DEVICE_REMOVED,D06166
2026-02-22 00:00:00,M02050,DEVICE_ADDED,D03147
2026-02-22 00:00:00,M04309,DEVICE_REMOVED,D08246
2026-02-22 00:00:00,M03341,MERCHANT_ONBOARDED,
2026-02-22 00:00:00,M03334,MERCHANT_ONBOARDED,
2026-02-22 00:00:00,M04309,DEVICE_ADDED,D00800
2026-02-22 00:00:00,M03313,MERCHANT_ONBOARDED,
2026-02-22 00:00:00,M03150,MERCHANT_ONBOARDED,
2026-02-22 00:00:00,M01699,MERCHANT_ONBOARDED,
2026-02-22 00:00:00,M03764,MERCHANT_ONBOARDED,
2026-02-22 00:00:00,M03277,DEVICE_REMOVED,D06050
2026-02-22 00:00:00,M04647,DEVICE_ADDED,D06186
2026-02-22 00:00:00,M01410,MERCHANT_ONBOARDED,
2026-02-22 00:00:00,M00514,MERCHANT_ONBOARDED,
2026-02-22 00:00:00,M00365,DEVICE_ADDED,D09289
2026-02-22 00:00:00,M01811,DEVICE_REMOVED,D05643
2026-02-22 00:00:00,M00365,DEVICE_REMOVED,D04289
2026-02-22 00:00:00,M01811,DEVICE_ADDED,D04915
2026-02-22 00:00:00,M02737,DEVICE_REMOVED,D06018
2026-02-22 00:00:00,M02737,DEVICE_ADDED,D04705
2026-02-22 00:00:00,M03037,DEVICE_REMOVED,D00768
2026-02-22 00:00:00,M01852,DEVICE_REMOVED,D02273
2026-02-22 00:00:00,M01852,DEVICE_ADDED,D00084
2026-02-22 00:00:00,M00232,DEVICE_ADDED,D05194
2026-02-22 00:00:00,M00232,DEVICE_REMOVED,D07755
2026-02-22 00:00:00,M03277,DEVICE_ADDED,D02944
2026-02-22 00:00:00,M03475,DEVICE_ADDED,D05209
2026-02-22 00:00:00,M03037,DEVICE_ADDED,D01182
2026-02-22 00:00:00,M04715,MERCHANT_ONBOARDED,
2026-02-22 00:00:00,M01986,DEVICE_ADDED,D01567
2026-02-22 00:00:00,M01986,DEVICE_REMOVED,D03444
2026-02-22 00:00:00,M04281,DEVICE_ADDED,D05376
2026-02-22 00:00:00,M04281,DEVICE_REMOVED,D01938
2026-02-22 00:00:00,M03475,DEVICE_REMOVED,D09977
2026-02-22 00:00:00,M00303,NETWORK_JOINED,I_MULE_0949
2026-02-22 00:00:00,M02856,MERCHANT_ONBOARDED,
2026-02-22 00:00:00,M04407,DEVICE_ADDED,D07382
2026-02-22 00:00:00,M01913,DEVICE_ADDED,D06795
2026-02-22 00:00:00,M04647,DEVICE_REMOVED,D03097
2026-02-22 00:00:00,M01913,DEVICE_REMOVED,D05183
2026-02-22 00:00:00,M04407,DEVICE_REMOVED,D01530
2026-02-23 00:00:00,M02647,MERCHANT_ONBOARDED,
2026-02-23 00:00:00,M01124,DEVICE_ADDED,D03245
2026-02-23 00:00:00,M00872,NETWORK_JOINED,I_MULE_0281
2026-02-23 00:00:00,M02078,MERCHANT_ONBOARDED,
2026-02-23 00:00:00,M00810,DEVICE_REMOVED,D05733
2026-02-23 00:00:00,M01124,DEVICE_REMOVED,D09876
2026-02-23 00:00:00,M00495,DEVICE_ADDED,D09438
2026-02-23 00:00:00,M04322,DEVICE_REMOVED,D07108
2026-02-23 00:00:00,M00495,DEVICE_REMOVED,D02154
2026-02-23 00:00:00,M00492,DEVICE_ADDED,D08640
2026-02-23 00:00:00,M00492,DEVICE_REMOVED,D04549
2026-02-23 00:00:00,M04457,DEVICE_ADDED,D00376
2026-02-23 00:00:00,M04457,DEVICE_REMOVED,D04882
2026-02-23 00:00:00,M00277,DEVICE_ADDED,D08472
2026-02-23 00:00:00,M00277,DEVICE_REMOVED,D03456
2026-02-23 00:00:00,M04433,DEVICE_ADDED,D00372
2026-02-23 00:00:00,M04433,DEVICE_REMOVED,D00908
2026-02-23 00:00:00,M01953,DEVICE_REMOVED,D02227
2026-02-23 00:00:00,M01953,DEVICE_ADDED,D09375
2026-02-23 00:00:00,M02943,MERCHANT_ONBOARDED,
2026-02-23 00:00:00,M03921,DEVICE_REMOVED,D09430
2026-02-23 00:00:00,M04541,MERCHANT_ONBOARDED,
2026-02-23 00:00:00,M03342,DEVICE_ADDED,D07370
2026-02-23 00:00:00,M03342,DEVICE_REMOVED,D09381
2026-02-23 00:00:00,M04010,MERCHANT_ONBOARDED,
2026-02-23 00:00:00,M03747,MERCHANT_ONBOARDED,
2026-02-23 00:00:00,M03744,MERCHANT_ONBOARDED,
2026-02-23 00:00:00,M00810,DEVICE_ADDED,D06438
2026-02-23 00:00:00,M03648,MERCHANT_ONBOARDED,
2026-02-23 00:00:00,M01392,DEVICE_ADDED,D02309
2026-02-23 00:00:00,M01392,DEVICE_REMOVED,D07663
2026-02-23 00:00:00,M04322,DEVICE_ADDED,D02909
2026-02-23 00:00:00,M03921,DEVICE_ADDED,D05097
2026-02-23 00:00:00,M04901,MERCHANT_ONBOARDED,
2026-02-23 00:00:00,M03659,MERCHANT_ONBOARDED,
2026-02-23 00:00:00,M01202,MERCHANT_ONBOARDED,
2026-02-23 00:00:00,M02541,DEVICE_ADDED,D09916
2026-02-23 00:00:00,M01085,NETWORK_JOINED,I_MULE_0986
2026-02-23 00:00:00,M04179,DEVICE_REMOVED,D06680
2026-02-23 00:00:00,M04179,DEVICE_ADDED,D01416
2026-02-23 00:00:00,M00907,MERCHANT_ONBOARDED,
2026-02-23 00:00:00,M04181,DEVICE_REMOVED,D00515
2026-02-23 00:00:00,M02541,DEVICE_REMOVED,D07878
2026-02-23 00:00:00,M04181,DEVICE_ADDED,D00885
2026-02-24 00:00:00,M01470,DEVICE_ADDED,D_MULE_0980
2026-02-24 00:00:00,M01470,IP_ADDED,I_MULE_0606
2026-02-24 00:00:00,M04323,DEVICE_REMOVED,D09216
2026-02-24 00:00:00,M00489,MERCHANT_ONBOARDED,
2026-02-24 00:00:00,M01225,MERCHANT_ONBOARDED,
2026-02-24 00:00:00,M03797,IP_ADDED,I_MULE_0606
2026-02-24 00:00:00,M01013,DEVICE_REMOVED,D04810
2026-02-24 00:00:00,M02667,MERCHANT_ONBOARDED,
2026-02-24 00:00:00,M04902,DEVICE_ADDED,D_MULE_0980
2026-02-24 00:00:00,M01871,MERCHANT_ONBOARDED,
2026-02-24 00:00:00,M04323,DEVICE_ADDED,D07840
2026-02-24 00:00:00,M02928,DEVICE_REMOVED,D08407
2026-02-24 00:00:00,M02928,DEVICE_ADDED,D06235
2026-02-24 00:00:00,M01733,DEVICE_ADDED,D06029
2026-02-24 00:00:00,M00663,DEVICE_REMOVED,D02579
2026-02-24 00:00:00,M03531,DEVICE_REMOVED,D07118
2026-02-24 00:00:00,M03271,DEVICE_ADDED,D02033
2026-02-24 00:00:00,M03271,DEVICE_REMOVED,D05845
2026-02-24 00:00:00,M03531,DEVICE_ADDED,D03215
2026-02-24 00:00:00,M03753,MERCHANT_ONBOARDED,
2026-02-24 00:00:00,M03875,MERCHANT_ONBOARDED,
2026-02-24 00:00:00,M00663,DEVICE_ADDED,D08371
2026-02-24 00:00:00,M01013,DEVICE_ADDED,D08586
2026-02-24 00:00:00,M04902,IP_ADDED,I_MULE_0606
2026-02-24 00:00:00,M01733,DEVICE_REMOVED,D04062
2026-02-24 00:00:00,M03797,DEVICE_ADDED,D_MULE_0980
2026-02-24 00:00:00,M04677,DEVICE_ADDED,D_MULE_0980
2026-02-24 00:00:00,M04853,DEVICE_REMOVED,D00468
2026-02-24 00:00:00,M04853,DEVICE_ADDED,D05647
2026-02-24 00:00:00,M01461,DEVICE_REMOVED,D06709
2026-02-24 00:00:00,M01461,DEVICE_ADDED,D09645
2026-02-24 00:00:00,M00783,DEVICE_ADDED,D05253
2026-02-24 00:00:00,M02773,DEVICE_ADDED,D08152
2026-02-24 00:00:00,M04677,IP_ADDED,I_MULE_0606
2026-02-24 00:00:00,M00783,DEVICE_REMOVED,D02960
2026-02-24 00:00:00,M02187,MERCHANT_ONBOARDED,
2026-02-24 00:00:00,M02773,DEVICE_REMOVED,D06833
2026-02-24 00:00:00,M01168,MERCHANT_ONBOARDED,
2026-02-24 00:00:00,M02775,IP_ADDED,I_MULE_0606
2026-02-24 00:00:00,M02775,DEVICE_ADDED,D_MULE_0980
2026-02-24 00:00:00,M02422,IP_ADDED,I_MULE_0606
2026-02-24 00:00:00,M04247,NETWORK_JOINED,I_MULE_0591
2026-02-24 00:00:00,M02422,DEVICE_ADDED,D_MULE_0980
2026-02-24 00:00:00,M00605,IP_ADDED,I_MULE_0606
2026-02-24 00:00:00,M02420,MERCHANT_ONBOARDED,
2026-02-24 00:00:00,M00605,DEVICE_ADDED,D_MULE_0980
2026-02-25 00:00:00,M02086,DEVICE_REMOVED,D08895
2026-02-25 00:00:00,M02086,DEVICE_ADDED,D00853
2026-02-25 00:00:00,M00524,DEVICE_ADDED,D07050
2026-02-25 00:00:00,M04443,DEVICE_ADDED,D08795
2026-02-25 00:00:00,M00499,DEVICE_REMOVED,D01993
2026-02-25 00:00:00,M03081,MERCHANT_ONBOARDED,
2026-02-25 00:00:00,M00493,DEVICE_ADDED,D04092
2026-02-25 00:00:00,M03179,DEVICE_ADDED,D06233
2026-02-25 00:00:00,M04158,DEVICE_REMOVED,D06368
2026-02-25 00:00:00,M02891,DEVICE_ADDED,D08713
2026-02-25 00:00:00,M03337,MERCHANT_ONBOARDED,
2026-02-25 00:00:00,M00499,DEVICE_ADDED,D01111
2026-02-25 00:00:00,M03285,MERCHANT_ONBOARDED,
2026-02-25 00:00:00,M00493,DEVICE_REMOVED,D03380
2026-02-25 00:00:00,M00524,DEVICE_REMOVED,D07499
2026-02-25 00:00:00,M02891,DEVICE_REMOVED,D08802
2026-02-25 00:00:00,M01348,MERCHANT_ONBOARDED,
2026-02-25 00:00:00,M04158,DEVICE_ADDED,D06679
2026-02-25 00:00:00,M00134,DEVICE_ADDED,D06724
2026-02-25 00:00:00,M00134,DEVICE_REMOVED,D02468
2026-02-25 00:00:00,M00787,MERCHANT_ONBOARDED,
2026-02-25 00:00:00,M01010,DEVICE_REMOVED,D04751
2026-02-25 00:00:00,M01465,DEVICE_REMOVED,D01390
2026-02-25 00:00:00,M00827,MERCHANT_ONBOARDED,
2026-02-25 00:00:00,M00873,MERCHANT_ONBOARDED,
2026-02-25 00:00:00,M01465,DEVICE_ADDED,D03124
2026-02-25 00:00:00,M03492,DEVICE_REMOVED,D01609
2026-02-25 00:00:00,M03492,DEVICE_ADDED,D06243
2026-02-25 00:00:00,M01983,DEVICE_REMOVED,D03938
2026-02-25 00:00:00,M02563,DEVICE_REMOVED,D08672
2026-02-25 00:00:00,M04346,MERCHANT_ONBOARDED,
2026-02-25 00:00:00,M04331,MERCHANT_ONBOARDED,
2026-02-25 00:00:00,M04443,DEVICE_REMOVED,D03663
2026-02-25 00:00:00,M02563,DEVICE_ADDED,D00892
2026-02-25 00:00:00,M04185,MERCHANT_ONBOARDED,
2026-02-25 00:00:00,M04175,MERCHANT_ONBOARDED,
2026-02-25 00:00:00,M04172,MERCHANT_ONBOARDED,
2026-02-25 00:00:00,M00914,DEVICE_ADDED,D06901
2026-02-25 00:00:00,M01010,DEVICE_ADDED,D03523
2026-02-25 00:00:00,M00629,MERCHANT_ONBOARDED,
2026-02-25 00:00:00,M03286,DEVICE_ADDED,D06152
2026-02-25 00:00:00,M03286,DEVICE_REMOVED,D04292
2026-02-25 00:00:00,M02021,DEVICE_REMOVED,D04562
2026-02-25 00:00:00,M02021,DEVICE_ADDED,D03103
2026-02-25 00:00:00,M02849,DEVICE_REMOVED,D00609
2026-02-25 00:00:00,M02849,DEVICE_ADDED,D01024
2026-02-25 00:00:00,M02730,DEVICE_ADDED,D04073
2026-02-25 00:00:00,M02730,DEVICE_REMOVED,D05241
2026-02-25 00:00:00,M01983,DEVICE_ADDED,D07710
2026-02-25 00:00:00,M00914,DEVICE_REMOVED,D05838
2026-02-25 00:00:00,M03179,DEVICE_REMOVED,D06844
2026-02-25 00:00:00,M02654,MERCHANT_ONBOARDED,
2026-02-25 00:00:00,M01979,DEVICE_ADDED,D_MULE_0676
2026-02-25 00:00:00,M01979,IP_ADDED,I_MULE_0639
2026-02-25 00:00:00,M01982,MERCHANT_ONBOARDED,
2026-02-25 00:00:00,M01560,DEVICE_REMOVED,D02587
2026-02-25 00:00:00,M01560,DEVICE_ADDED,D01590
2026-02-25 00:00:00,M00412,DEVICE_ADDED,D_MULE_0676
2026-02-25 00:00:00,M00412,IP_ADDED,I_MULE_0639
2026-02-25 00:00:00,M00695,DEVICE_ADDED,D01875
2026-02-25 00:00:00,M00695,DEVICE_REMOVED,D08689
2026-02-25 00:00:00,M02246,MERCHANT_ONBOARDED,
2026-02-25 00:00:00,M04317,DEVICE_ADDED,D_MULE_0676
2026-02-25 00:00:00,M04887,DEVICE_ADDED,D_MULE_0676
2026-02-25 00:00:00,M04317,IP_ADDED,I_MULE_0639
2026-02-25 00:00:00,M04832,DEVICE_ADDED,D_MULE_0676
2026-02-25 00:00:00,M00082,MERCHANT_ONBOARDED,
2026-02-25 00:00:00,M04887,IP_ADDED,I_MULE_0639
2026-02-25 00:00:00,M04832,IP_ADDED,I_MULE_0639
2026-02-26 00:00:00,M03490,DEVICE_REMOVED,D09869
2026-02-26 00:00:00,M04893,MERCHANT_ONBOARDED,
2026-02-26 00:00:00,M03486,DEVICE_ADDED,D06117
2026-02-26 00:00:00,M03662,MERCHANT_ONBOARDED,
2026-02-26 00:00:00,M02471,MERCHANT_ONBOARDED,
2026-02-26 00:00:00,M03486,DEVICE_REMOVED,D00300
2026-02-26 00:00:00,M03712,MERCHANT_ONBOARDED,
2026-02-26 00:00:00,M03232,DEVICE_ADDED,D03252
2026-02-26 00:00:00,M03232,DEVICE_REMOVED,D04311
2026-02-26 00:00:00,M04211,DEVICE_REMOVED,D04475
2026-02-26 00:00:00,M04177,DEVICE_REMOVED,D09091
2026-02-26 00:00:00,M01432,DEVICE_REMOVED,D01292
2026-02-26 00:00:00,M03383,DEVICE_REMOVED,D06154
2026-02-26 00:00:00,M03493,DEVICE_REMOVED,D00534
2026-02-26 00:00:00,M01867,DEVICE_REMOVED,D06810
2026-02-26 00:00:00,M03015,DEVICE_REMOVED,D00371
2026-02-26 00:00:00,M03317,DEVICE_ADDED,D03378
2026-02-26 00:00:00,M03317,DEVICE_REMOVED,D05429
2026-02-26 00:00:00,M03015,DEVICE_ADDED,D00124
2026-02-26 00:00:00,M04326,MERCHANT_ONBOARDED,
2026-02-26 00:00:00,M01421,DEVICE_REMOVED,D07184
2026-02-26 00:00:00,M03490,DEVICE_ADDED,D01797
2026-02-26 00:00:00,M02188,MERCHANT_ONBOARDED,
2026-02-26 00:00:00,M04177,DEVICE_ADDED,D06295
2026-02-26 00:00:00,M04665,DEVICE_REMOVED,D01628
2026-02-26 00:00:00,M01421,DEVICE_ADDED,D02639
2026-02-26 00:00:00,M04665,DEVICE_ADDED,D08277
2026-02-26 00:00:00,M03211,DEVICE_ADDED,D08292
2026-02-26 00:00:00,M03383,DEVICE_ADDED,D06739
2026-02-26 00:00:00,M03493,DEVICE_ADDED,D01496
2026-02-26 00:00:00,M01435,MERCHANT_ONBOARDED,
2026-02-26 00:00:00,M03211,DEVICE_REMOVED,D06360
2026-02-26 00:00:00,M01867,DEVICE_ADDED,D08211
2026-02-26 00:00:00,M01432,DEVICE_ADDED,D05006
2026-02-26 00:00:00,M01538,DEVICE_REMOVED,D00150
2026-02-26 00:00:00,M01963,MERCHANT_ONBOARDED,
2026-02-26 00:00:00,M01538,DEVICE_ADDED,D07974
2026-02-26 00:00:00,M02118,DEVICE_ADDED,D01722
2026-02-26 00:00:00,M02118,DEVICE_REMOVED,D07593
2026-02-26 00:00:00,M03103,MERCHANT_ONBOARDED,
2026-02-26 00:00:00,M01082,DEVICE_ADDED,D02040
2026-02-26 00:00:00,M00748,MERCHANT_ONBOARDED,
2026-02-26 00:00:00,M03159,DEVICE_ADDED,D02224
2026-02-26 00:00:00,M01082,DEVICE_REMOVED,D02578
2026-02-26 00:00:00,M03244,MERCHANT_ONBOARDED,
2026-02-26 00:00:00,M00273,MERCHANT_ONBOARDED,
2026-02-26 00:00:00,M00108,DEVICE_ADDED,D06039
2026-02-26 00:00:00,M00108,DEVICE_REMOVED,D07327
2026-02-26 00:00:00,M03159,DEVICE_REMOVED,D04044
2026-02-26 00:00:00,M04211,DEVICE_ADDED,D08875
2026-02-26 00:00:00,M05000,MERCHANT_ONBOARDED,
2026-02-27 00:00:00,M02579,DEVICE_ADDED,D09365
2026-02-27 00:00:00,M02579,DEVICE_REMOVED,D03536
2026-02-27 00:00:00,M01642,MERCHANT_ONBOARDED,
2026-02-27 00:00:00,M01199,DEVICE_REMOVED,D05334
2026-02-27 00:00:00,M03462,MERCHANT_ONBOARDED,
2026-02-27 00:00:00,M03001,MERCHANT_ONBOARDED,
2026-02-27 00:00:00,M04078,DEVICE_REMOVED,D08944
2026-02-27 00:00:00,M01973,MERCHANT_ONBOARDED,
2026-02-27 00:00:00,M01569,DEVICE_REMOVED,D07785
2026-02-27 00:00:00,M01884,DEVICE_REMOVED,D08108
2026-02-27 00:00:00,M01569,DEVICE_ADDED,D03232
2026-02-27 00:00:00,M00248,DEVICE_REMOVED,D09518
2026-02-27 00:00:00,M01243,DEVICE_ADDED,D00945
2026-02-27 00:00:00,M00257,DEVICE_ADDED,D03494
2026-02-27 00:00:00,M00257,DEVICE_REMOVED,D00349
2026-02-27 00:00:00,M00248,DEVICE_ADDED,D07519
2026-02-27 00:00:00,M01950,MERCHANT_ONBOARDED,
2026-02-27 00:00:00,M01882,MERCHANT_ONBOARDED,
2026-02-27 00:00:00,M04339,MERCHANT_ONBOARDED,
2026-02-27 00:00:00,M00922,DEVICE_REMOVED,D02677
2026-02-27 00:00:00,M01884,DEVICE_ADDED,D00377
2026-02-27 00:00:00,M00357,MERCHANT_ONBOARDED,
2026-02-27 00:00:00,M01243,DEVICE_REMOVED,D06039
2026-02-27 00:00:00,M02812,MERCHANT_ONBOARDED,
2026-02-27 00:00:00,M02329,DEVICE_REMOVED,D06750
2026-02-27 00:00:00,M00922,DEVICE_ADDED,D08808
2026-02-27 00:00:00,M01778,DEVICE_ADDED,D06752
2026-02-27 00:00:00,M01199,DEVICE_ADDED,D08730
2026-02-27 00:00:00,M03703,DEVICE_REMOVED,D02231
2026-02-27 00:00:00,M01778,DEVICE_REMOVED,D00812
2026-02-27 00:00:00,M04078,DEVICE_ADDED,D03411
2026-02-27 00:00:00,M02805,MERCHANT_ONBOARDED,
2026-02-27 00:00:00,M04759,DEVICE_REMOVED,D02906
2026-02-27 00:00:00,M00443,MERCHANT_ONBOARDED,
2026-02-27 00:00:00,M00436,MERCHANT_ONBOARDED,
2026-02-27 00:00:00,M00939,MERCHANT_ONBOARDED,
2026-02-27 00:00:00,M04759,DEVICE_ADDED,D03486
2026-02-27 00:00:00,M02152,MERCHANT_ONBOARDED,
2026-02-27 00:00:00,M04479,DEVICE_REMOVED,D06951
2026-02-27 00:00:00,M03703,DEVICE_ADDED,D02004
2026-02-27 00:00:00,M04758,MERCHANT_ONBOARDED,
2026-02-27 00:00:00,M04157,DEVICE_ADDED,D03779
2026-02-27 00:00:00,M04479,DEVICE_ADDED,D01170
2026-02-27 00:00:00,M02329,DEVICE_ADDED,D01566
2026-02-27 00:00:00,M04157,DEVICE_REMOVED,D07189
2026-02-28 00:00:00,M00136,DEVICE_REMOVED,D06383
2026-02-28 00:00:00,M02970,DEVICE_REMOVED,D06474
2026-02-28 00:00:00,M01876,MERCHANT_ONBOARDED,
2026-02-28 00:00:00,M00800,DEVICE_ADDED,D02548
2026-02-28 00:00:00,M00800,DEVICE_REMOVED,D08143
2026-02-28 00:00:00,M01597,DEVICE_ADDED,D00895
2026-02-28 00:00:00,M01597,DEVICE_REMOVED,D08341
2026-02-28 00:00:00,M04746,MERCHANT_ONBOARDED,
2026-02-28 00:00:00,M00247,DEVICE_REMOVED,D03634
2026-02-28 00:00:00,M00025,MERCHANT_ONBOARDED,
2026-02-28 00:00:00,M04951,MERCHANT_ONBOARDED,
2026-02-28 00:00:00,M02970,DEVICE_ADDED,D07948
2026-02-28 00:00:00,M00247,DEVICE_ADDED,D02510
2026-02-28 00:00:00,M02089,MERCHANT_ONBOARDED,
2026-02-28 00:00:00,M02153,DEVICE_REMOVED,D07416
2026-02-28 00:00:00,M00136,DEVICE_ADDED,D05980
2026-02-28 00:00:00,M03565,DEVICE_REMOVED,D07154
2026-02-28 00:00:00,M03810,MERCHANT_ONBOARDED,
2026-02-28 00:00:00,M03565,DEVICE_ADDED,D05901
2026-02-28 00:00:00,M02145,DEVICE_REMOVED,D05620
2026-02-28 00:00:00,M02470,MERCHANT_ONBOARDED,
2026-02-28 00:00:00,M03757,DEVICE_ADDED,D06034
2026-02-28 00:00:00,M03715,MERCHANT_ONBOARDED,
2026-02-28 00:00:00,M01629,MERCHANT_ONBOARDED,
2026-02-28 00:00:00,M00504,MERCHANT_ONBOARDED,
2026-02-28 00:00:00,M03600,MERCHANT_ONBOARDED,
2026-02-28 00:00:00,M02653,DEVICE_ADDED,D05883
2026-02-28 00:00:00,M03634,DEVICE_REMOVED,D00065
2026-02-28 00:00:00,M01037,DEVICE_ADDED,D00631
2026-02-28 00:00:00,M03634,DEVICE_ADDED,D08372
2026-02-28 00:00:00,M02814,MERCHANT_ONBOARDED,
2026-02-28 00:00:00,M00650,DEVICE_ADDED,D03721
2026-02-28 00:00:00,M01037,DEVICE_REMOVED,D09504
2026-02-28 00:00:00,M00566,MERCHANT_ONBOARDED,
2026-02-28 00:00:00,M00650,DEVICE_REMOVED,D07532
2026-02-28 00:00:00,M04540,DEVICE_ADDED,D00817
2026-02-28 00:00:00,M03726,DEVICE_REMOVED,D08660
2026-02-28 00:00:00,M03851,MERCHANT_ONBOARDED,
2026-02-28 00:00:00,M03862,MERCHANT_ONBOARDED,
2026-02-28 00:00:00,M03726,DEVICE_ADDED,D07388
2026-02-28 00:00:00,M03757,DEVICE_REMOVED,D06033
2026-02-28 00:00:00,M02153,DEVICE_ADDED,D09389
2026-02-28 00:00:00,M04015,DEVICE_ADDED,D05648
2026-02-28 00:00:00,M04057,MERCHANT_ONBOARDED,
2026-02-28 00:00:00,M04540,DEVICE_REMOVED,D09635
2026-02-28 00:00:00,M04015,DEVICE_REMOVED,D02022
2026-02-28 00:00:00,M02145,DEVICE_ADDED,D00341
2026-02-28 00:00:00,M02653,DEVICE_REMOVED,D02995
2026-02-28 00:00:00,M02895,MERCHANT_ONBOARDED,
2026-02-28 09:00:00,M03757,NETWORK_JOINED,I_MULE_0616
2026-02-28 19:00:00,M01796,NETWORK_JOINED,I_MULE_0160
2026-02-28 23:00:00,M00439,NETWORK_JOINED,I_MULE_0616
2026-03-01 00:00:00,M04773,DEVICE_ADDED,D07897
2026-03-01 00:00:00,M01698,DEVICE_ADDED,D09754
2026-03-01 00:00:00,M00903,DEVICE_ADDED,D04404
2026-03-01 00:00:00,M04773,DEVICE_REMOVED,D00406
2026-03-01 00:00:00,M01698,DEVICE_REMOVED,D07298
2026-03-01 00:00:00,M01886,DEVICE_ADDED,D00421
2026-03-01 00:00:00,M01247,DEVICE_ADDED,D03802
2026-03-01 00:00:00,M00903,DEVICE_REMOVED,D05601
2026-03-01 00:00:00,M04079,DEVICE_ADDED,D01621
2026-03-01 00:00:00,M01886,DEVICE_REMOVED,D00092
2026-03-01 00:00:00,M00412,DEVICE_ADDED,D05682
2026-03-01 00:00:00,M01783,DEVICE_REMOVED,D03550
2026-03-01 00:00:00,M01783,DEVICE_ADDED,D02642
2026-03-01 00:00:00,M00841,DEVICE_ADDED,D03441
2026-03-01 00:00:00,M00737,MERCHANT_ONBOARDED,
2026-03-01 00:00:00,M00297,DEVICE_ADDED,D04384
2026-03-01 00:00:00,M00297,DEVICE_REMOVED,D00860
2026-03-01 00:00:00,M01247,DEVICE_REMOVED,D05378
2026-03-01 00:00:00,M04079,DEVICE_REMOVED,D02192
2026-03-01 00:00:00,M00412,DEVICE_REMOVED,D05698
2026-03-01 00:00:00,M00841,DEVICE_REMOVED,D00739
2026-03-01 00:00:00,M02082,DEVICE_ADDED,D09023
2026-03-01 00:00:00,M02424,DEVICE_ADDED,D08799
2026-03-01 00:00:00,M01561,MERCHANT_ONBOARDED,
2026-03-01 00:00:00,M04146,MERCHANT_ONBOARDED,
2026-03-01 00:00:00,M02854,MERCHANT_ONBOARDED,
2026-03-01 00:00:00,M03038,DEVICE_REMOVED,D06695
2026-03-01 00:00:00,M03038,DEVICE_ADDED,D09697
2026-03-01 00:00:00,M04651,MERCHANT_ONBOARDED,
2026-03-01 00:00:00,M02424,DEVICE_REMOVED,D09121
2026-03-01 00:00:00,M04356,MERCHANT_ONBOARDED,
2026-03-01 00:00:00,M04238,DEVICE_REMOVED,D03726
2026-03-01 00:00:00,M03260,DEVICE_ADDED,D07331
2026-03-01 00:00:00,M02082,DEVICE_REMOVED,D09255
2026-03-01 00:00:00,M03935,MERCHANT_ONBOARDED,
2026-03-01 00:00:00,M04238,DEVICE_ADDED,D08433
2026-03-01 00:00:00,M01311,MERCHANT_ONBOARDED,
2026-03-01 00:00:00,M01511,MERCHANT_ONBOARDED,
2026-03-01 00:00:00,M03260,DEVICE_REMOVED,D02044
2026-03-01 00:00:00,M02989,DEVICE_ADDED,D09497
2026-03-01 00:00:00,M02566,MERCHANT_ONBOARDED,
2026-03-01 00:00:00,M02143,DEVICE_ADDED,D05108
2026-03-01 00:00:00,M02989,DEVICE_REMOVED,D06885
2026-03-01 00:00:00,M02143,DEVICE_REMOVED,D03775
2026-03-01 00:00:00,M03049,MERCHANT_ONBOARDED,
2026-03-01 00:00:00,M03119,MERCHANT_ONBOARDED,
2026-03-01 00:00:00,M02973,MERCHANT_ONBOARDED,
2026-03-01 00:00:00,M02150,MERCHANT_ONBOARDED,
2026-03-01 10:00:00,M03213,NETWORK_JOINED,I_MULE_0434
2026-03-01 13:00:00,M02972,NETWORK_JOINED,I_MULE_0616
2026-03-01 14:00:00,M02200,NETWORK_JOINED,I_MULE_0616
2026-03-01 14:00:00,M04598,NETWORK_JOINED,I_MULE_0434
2026-03-02 00:00:00,M02624,DEVICE_REMOVED,D07509
2026-03-02 00:00:00,M01313,DEVICE_ADDED,D09731
2026-03-02 00:00:00,M00508,MERCHANT_ONBOARDED,
2026-03-02 00:00:00,M03977,DEVICE_REMOVED,D03422
2026-03-02 00:00:00,M04990,DEVICE_REMOVED,D01791
2026-03-02 00:00:00,M02624,DEVICE_ADDED,D04350
2026-03-02 00:00:00,M03255,DEVICE_ADDED,D07739
2026-03-02 00:00:00,M03550,DEVICE_REMOVED,D03880
2026-03-02 00:00:00,M03977,DEVICE_ADDED,D09678
2026-03-02 00:00:00,M03550,DEVICE_ADDED,D07569
2026-03-02 00:00:00,M01756,DEVICE_ADDED,D08470
2026-03-02 00:00:00,M00513,MERCHANT_ONBOARDED,
2026-03-02 00:00:00,M04051,DEVICE_ADDED,D09567
2026-03-02 00:00:00,M04051,DEVICE_REMOVED,D02123
2026-03-02 00:00:00,M03771,MERCHANT_ONBOARDED,
2026-03-02 00:00:00,M01313,DEVICE_REMOVED,D06659
2026-03-02 00:00:00,M00410,DEVICE_REMOVED,D02337
2026-03-02 00:00:00,M00410,DEVICE_ADDED,D00117
2026-03-02 00:00:00,M02913,MERCHANT_ONBOARDED,
2026-03-02 00:00:00,M02151,DEVICE_REMOVED,D06601
2026-03-02 00:00:00,M02433,DEVICE_REMOVED,D08831
2026-03-02 00:00:00,M04990,DEVICE_ADDED,D02586
2026-03-02 00:00:00,M00359,MERCHANT_ONBOARDED,
2026-03-02 00:00:00,M01756,DEVICE_REMOVED,D00388
2026-03-02 00:00:00,M02151,DEVICE_ADDED,D00344
2026-03-02 00:00:00,M03255,DEVICE_REMOVED,D06939
2026-03-02 00:00:00,M02433,DEVICE_ADDED,D08531
2026-03-02 00:00:00,M00145,DEVICE_REMOVED,D05774
2026-03-02 00:00:00,M03899,MERCHANT_ONBOARDED,
2026-03-02 00:00:00,M01045,MERCHANT_ONBOARDED,
2026-03-02 00:00:00,M01175,DEVICE_ADDED,D09594
2026-03-02 00:00:00,M01821,MERCHANT_ONBOARDED,
2026-03-02 00:00:00,M00063,DEVICE_ADDED,D02498
2026-03-02 00:00:00,M02915,NETWORK_JOINED,I_MULE_0160
2026-03-02 00:00:00,M00063,DEVICE_REMOVED,D05644
2026-03-02 00:00:00,M02292,DEVICE_REMOVED,D06948
2026-03-02 00:00:00,M02292,DEVICE_ADDED,D03446
2026-03-02 00:00:00,M01473,MERCHANT_ONBOARDED,
2026-03-02 00:00:00,M03005,DEVICE_ADDED,D00514
2026-03-02 00:00:00,M00174,DEVICE_ADDED,D03860
2026-03-02 00:00:00,M00174,DEVICE_REMOVED,D02678
2026-03-02 00:00:00,M03005,DEVICE_REMOVED,D08955
2026-03-02 00:00:00,M04956,MERCHANT_ONBOARDED,
2026-03-02 00:00:00,M00145,DEVICE_ADDED,D08429
2026-03-02 00:00:00,M04840,MERCHANT_ONBOARDED,
2026-03-02 00:00:00,M04760,MERCHANT_ONBOARDED,
2026-03-02 00:00:00,M04963,MERCHANT_ONBOARDED,
2026-03-02 00:00:00,M01175,DEVICE_REMOVED,D00482
2026-03-02 00:00:00,M03694,NETWORK_JOINED,I_MULE_0949
2026-03-02 00:00:00,M01286,MERCHANT_ONBOARDED,
2026-03-02 00:00:00,M01408,DEVICE_ADDED,D02621
2026-03-02 00:00:00,M01408,DEVICE_REMOVED,D09260
2026-03-02 05:00:00,M02421,NETWORK_JOINED,I_MULE_0616
2026-03-02 06:00:00,M03760,NETWORK_JOINED,I_MULE_0729
2026-03-02 10:00:00,M03752,NETWORK_JOINED,I_MULE_0729
2026-03-02 10:00:00,M01751,NETWORK_JOINED,I_MULE_0160
2026-03-02 11:00:00,M00628,NETWORK_JOINED,I_MULE_0616
2026-03-02 15:00:00,M03197,NETWORK_JOINED,I_MULE_0434
2026-03-02 19:00:00,M03278,NETWORK_JOINED,I_MULE_0434
2026-03-03 00:00:00,M01580,DEVICE_ADDED,D01203
2026-03-03 00:00:00,M01576,DEVICE_ADDED,D01131
2026-03-03 00:00:00,M03974,DEVICE_REMOVED,D08319
2026-03-03 00:00:00,M01618,MERCHANT_ONBOARDED,
2026-03-03 00:00:00,M03974,DEVICE_ADDED,D04093
2026-03-03 00:00:00,M01580,DEVICE_REMOVED,D07767
2026-03-03 00:00:00,M00379,MERCHANT_ONBOARDED,
2026-03-03 00:00:00,M02956,DEVICE_ADDED,D04419
2026-03-03 00:00:00,M01989,MERCHANT_ONBOARDED,
2026-03-03 00:00:00,M04898,DEVICE_REMOVED,D04234
2026-03-03 00:00:00,M01576,DEVICE_REMOVED,D00459
2026-03-03 00:00:00,M04577,DEVICE_REMOVED,D03138
2026-03-03 00:00:00,M04898,DEVICE_ADDED,D04552
2026-03-03 00:00:00,M04577,DEVICE_ADDED,D06235
2026-03-03 00:00:00,M02543,MERCHANT_ONBOARDED,
2026-03-03 00:00:00,M04848,DEVICE_ADDED,D01956
2026-03-03 00:00:00,M04270,DEVICE_ADDED,D06684
2026-03-03 00:00:00,M04270,DEVICE_REMOVED,D02133
2026-03-03 00:00:00,M00690,DEVICE_REMOVED,D07344
2026-03-03 00:00:00,M00690,DEVICE_ADDED,D08678
2026-03-03 00:00:00,M01675,DEVICE_REMOVED,D02683
2026-03-03 00:00:00,M01675,DEVICE_ADDED,D02400
2026-03-03 00:00:00,M00226,MERCHANT_ONBOARDED,
2026-03-03 00:00:00,M02788,MERCHANT_ONBOARDED,
2026-03-03 00:00:00,M00075,MERCHANT_ONBOARDED,
2026-03-03 00:00:00,M03829,NETWORK_JOINED,I_MULE_0729
2026-03-03 00:00:00,M04236,DEVICE_ADDED,D05972
2026-03-03 00:00:00,M04236,DEVICE_REMOVED,D04185
2026-03-03 00:00:00,M00714,DEVICE_ADDED,D08120
2026-03-03 00:00:00,M02956,DEVICE_REMOVED,D06755
2026-03-03 00:00:00,M03024,DEVICE_ADDED,D07212
2026-03-03 00:00:00,M03024,DEVICE_REMOVED,D05972
2026-03-03 00:00:00,M02204,MERCHANT_ONBOARDED,
2026-03-03 00:00:00,M04848,DEVICE_REMOVED,D00398
2026-03-03 00:00:00,M00714,DEVICE_REMOVED,D06109
2026-03-03 00:00:00,M02919,MERCHANT_ONBOARDED,
2026-03-03 00:00:00,M04855,MERCHANT_ONBOARDED,
2026-03-03 00:00:00,M03312,DEVICE_ADDED,D01371
2026-03-03 00:00:00,M04204,MERCHANT_ONBOARDED,
2026-03-03 00:00:00,M04881,MERCHANT_ONBOARDED,
2026-03-03 00:00:00,M03312,DEVICE_REMOVED,D05771
2026-03-03 00:00:00,M00980,MERCHANT_ONBOARDED,
2026-03-03 00:00:00,M04175,DEVICE_ADDED,D09762
2026-03-03 00:00:00,M04175,DEVICE_REMOVED,D04056
2026-03-03 00:00:00,M01877,DEVICE_REMOVED,D07843
2026-03-03 00:00:00,M01877,DEVICE_ADDED,D07939
2026-03-03 00:00:00,M00931,MERCHANT_ONBOARDED,
2026-03-03 00:00:00,M01532,MERCHANT_ONBOARDED,
2026-03-03 00:00:00,M01436,DEVICE_REMOVED,D05989
2026-03-03 00:00:00,M01436,DEVICE_ADDED,D00426
2026-03-03 00:00:00,M01564,MERCHANT_ONBOARDED,
2026-03-03 00:00:00,M00133,DEVICE_REMOVED,D01229
2026-03-03 00:00:00,M04162,DEVICE_REMOVED,D06730
2026-03-03 00:00:00,M00133,DEVICE_ADDED,D08097
2026-03-03 00:00:00,M04348,DEVICE_REMOVED,D03026
2026-03-03 00:00:00,M04348,DEVICE_ADDED,D07151
2026-03-03 00:00:00,M03586,MERCHANT_ONBOARDED,
2026-03-03 00:00:00,M00991,DEVICE_REMOVED,D00882
2026-03-03 00:00:00,M02696,DEVICE_REMOVED,D04959
2026-03-03 00:00:00,M00991,DEVICE_ADDED,D02066
2026-03-03 00:00:00,M04543,MERCHANT_ONBOARDED,
2026-03-03 00:00:00,M01749,DEVICE_ADDED,D03388
2026-03-03 00:00:00,M02696,DEVICE_ADDED,D08350
2026-03-03 00:00:00,M01749,DEVICE_REMOVED,D06209
2026-03-03 00:00:00,M04162,DEVICE_ADDED,D05153
2026-03-03 02:00:00,M04066,NETWORK_JOINED,I_MULE_0434
2026-03-03 04:00:00,M03937,NETWORK_JOINED,I_MULE_0729
2026-03-03 09:00:00,M01525,NETWORK_JOINED,I_MULE_0434
2026-03-03 12:00:00,M02704,NETWORK_JOINED,I_MULE_0434
2026-03-04 00:00:00,M04255,DEVICE_REMOVED,D01979
2026-03-04 00:00:00,M00242,DEVICE_ADDED,D09626
2026-03-04 00:00:00,M01001,DEVICE_ADDED,D09853
2026-03-04 00:00:00,M00242,DEVICE_REMOVED,D02488
2026-03-04 00:00:00,M02255,DEVICE_REMOVED,D09969
2026-03-04 00:00:00,M02255,DEVICE_ADDED,D01687
2026-03-04 00:00:00,M04255,DEVICE_ADDED,D03014
2026-03-04 00:00:00,M00792,DEVICE_ADDED,D01658
2026-03-04 00:00:00,M01001,DEVICE_REMOVED,D03203
2026-03-04 00:00:00,M02265,MERCHANT_ONBOARDED,
2026-03-04 00:00:00,M04144,DEVICE_REMOVED,D02870
2026-03-04 00:00:00,M00792,DEVICE_REMOVED,D05779
2026-03-04 00:00:00,M00153,DEVICE_REMOVED,D02802
2026-03-04 00:00:00,M01065,MERCHANT_ONBOARDED,
2026-03-04 00:00:00,M00732,DEVICE_REMOVED,D07863
2026-03-04 00:00:00,M00732,DEVICE_ADDED,D06777
2026-03-04 00:00:00,M03484,DEVICE_REMOVED,D04789
2026-03-04 00:00:00,M00153,DEVICE_ADDED,D05790
2026-03-04 00:00:00,M02212,MERCHANT_ONBOARDED,
2026-03-04 00:00:00,M04942,MERCHANT_ONBOARDED,
2026-03-04 00:00:00,M03484,DEVICE_ADDED,D09808
2026-03-04 00:00:00,M04229,DEVICE_REMOVED,D01990
2026-03-04 00:00:00,M04404,MERCHANT_ONBOARDED,
2026-03-04 00:00:00,M03556,DEVICE_ADDED,D01481
2026-03-04 00:00:00,M01807,DEVICE_ADDED,D06861
2026-03-04 00:00:00,M01807,DEVICE_REMOVED,D02101
2026-03-04 00:00:00,M01779,MERCHANT_ONBOARDED,
2026-03-04 00:00:00,M01312,DEVICE_ADDED,D05583
2026-03-04 00:00:00,M03986,DEVICE_ADDED,D04150
2026-03-04 00:00:00,M00255,DEVICE_REMOVED,D05330
2026-03-04 00:00:00,M00296,MERCHANT_ONBOARDED,
2026-03-04 00:00:00,M02371,DEVICE_ADDED,D09248
2026-03-04 00:00:00,M04144,DEVICE_ADDED,D04383
2026-03-04 00:00:00,M03986,DEVICE_REMOVED,D07983
2026-03-04 00:00:00,M03628,DEVICE_ADDED,D06764
2026-03-04 00:00:00,M03624,MERCHANT_ONBOARDED,
2026-03-04 00:00:00,M03511,MERCHANT_ONBOARDED,
2026-03-04 00:00:00,M02371,DEVICE_REMOVED,D05670
2026-03-04 00:00:00,M03536,DEVICE_ADDED,D02930
2026-03-04 00:00:00,M03556,DEVICE_REMOVED,D01628
2026-03-04 00:00:00,M03628,DEVICE_REMOVED,D03089
2026-03-04 00:00:00,M00865,DEVICE_ADDED,D01701
2026-03-04 00:00:00,M03536,DEVICE_REMOVED,D01236
2026-03-04 00:00:00,M04052,DEVICE_REMOVED,D02327
2026-03-04 00:00:00,M02601,MERCHANT_ONBOARDED,
2026-03-04 00:00:00,M00255,DEVICE_ADDED,D05430
2026-03-04 00:00:00,M04052,DEVICE_ADDED,D00559
2026-03-04 00:00:00,M01320,MERCHANT_ONBOARDED,
2026-03-04 00:00:00,M01312,DEVICE_REMOVED,D05900
2026-03-04 00:00:00,M00865,DEVICE_REMOVED,D00897
2026-03-04 00:00:00,M04689,DEVICE_REMOVED,D09513
2026-03-04 00:00:00,M04229,DEVICE_ADDED,D02108
2026-03-04 00:00:00,M04689,DEVICE_ADDED,D00282
2026-03-04 07:00:00,M04990,NETWORK_JOINED,I_MULE_0729
2026-03-05 00:00:00,M04395,DEVICE_REMOVED,D03664
2026-03-05 00:00:00,M04395,DEVICE_ADDED,D02617
2026-03-05 00:00:00,M04441,DEVICE_ADDED,D09485
2026-03-05 00:00:00,M00936,DEVICE_ADDED,D05493
2026-03-05 00:00:00,M03862,DEVICE_REMOVED,D07149
2026-03-05 00:00:00,M04441,DEVICE_REMOVED,D06468
2026-03-05 00:00:00,M00936,DEVICE_REMOVED,D01067
2026-03-05 00:00:00,M03862,DEVICE_ADDED,D05202
2026-03-05 00:00:00,M03407,DEVICE_ADDED,D08783
2026-03-05 00:00:00,M03473,MERCHANT_ONBOARDED,
2026-03-05 00:00:00,M02334,DEVICE_ADDED,D04159
2026-03-05 00:00:00,M00126,DEVICE_REMOVED,D08150
2026-03-05 00:00:00,M00126,DEVICE_ADDED,D01652
2026-03-05 00:00:00,M03443,DEVICE_REMOVED,D03202
2026-03-05 00:00:00,M03443,DEVICE_ADDED,D08378
2026-03-05 00:00:00,M01924,DEVICE_ADDED,D02145
2026-03-05 00:00:00,M01924,DEVICE_REMOVED,D06146
2026-03-05 00:00:00,M03461,DEVICE_REMOVED,D08117
2026-03-05 00:00:00,M03461,DEVICE_ADDED,D06345
2026-03-05 00:00:00,M00386,DEVICE_REMOVED,D09316
2026-03-05 00:00:00,M00386,DEVICE_ADDED,D09539
2026-03-05 00:00:00,M00788,MERCHANT_ONBOARDED,
2026-03-05 00:00:00,M03584,DEVICE_REMOVED,D04142
2026-03-05 00:00:00,M03584,DEVICE_ADDED,D07804
2026-03-05 00:00:00,M01767,DEVICE_ADDED,D09170
2026-03-05 00:00:00,M03407,DEVICE_REMOVED,D09792
2026-03-05 00:00:00,M01767,DEVICE_REMOVED,D04748
2026-03-05 00:00:00,M03391,DEVICE_ADDED,D06804
2026-03-05 00:00:00,M02334,DEVICE_REMOVED,D05779
2026-03-05 00:00:00,M03099,MERCHANT_ONBOARDED,
2026-03-05 00:00:00,M03233,MERCHANT_ONBOARDED,
2026-03-05 00:00:00,M03302,MERCHANT_ONBOARDED,
2026-03-05 00:00:00,M02501,MERCHANT_ONBOARDED,
2026-03-05 00:00:00,M02326,MERCHANT_ONBOARDED,
2026-03-05 00:00:00,M03018,DEVICE_ADDED,D08263
2026-03-05 00:00:00,M03446,MERCHANT_ONBOARDED,
2026-03-05 00:00:00,M03018,DEVICE_REMOVED,D05291
2026-03-05 00:00:00,M03636,MERCHANT_ONBOARDED,
2026-03-05 00:00:00,M03244,DEVICE_REMOVED,D08681
2026-03-05 00:00:00,M03244,DEVICE_ADDED,D07929
2026-03-05 00:00:00,M00346,MERCHANT_ONBOARDED,
2026-03-05 00:00:00,M03789,MERCHANT_ONBOARDED,
2026-03-05 00:00:00,M04429,MERCHANT_ONBOARDED,
2026-03-05 00:00:00,M01061,MERCHANT_ONBOARDED,
2026-03-05 00:00:00,M03391,DEVICE_REMOVED,D04647
2026-03-05 00:00:00,M01615,MERCHANT_ONBOARDED,
2026-03-05 00:00:00,M02815,MERCHANT_ONBOARDED,
2026-03-05 00:00:00,M00489,DEVICE_ADDED,D06169
2026-03-05 00:00:00,M04696,DEVICE_ADDED,D04367
2026-03-05 00:00:00,M03747,DEVICE_REMOVED,D02535
2026-03-05 00:00:00,M01205,MERCHANT_ONBOARDED,
2026-03-05 00:00:00,M04795,DEVICE_REMOVED,D02818
2026-03-05 00:00:00,M04795,DEVICE_ADDED,D05221
2026-03-05 00:00:00,M00552,DEVICE_ADDED,D01760
2026-03-05 00:00:00,M00552,DEVICE_REMOVED,D01670
2026-03-05 00:00:00,M03747,DEVICE_ADDED,D04901
2026-03-05 00:00:00,M04696,DEVICE_REMOVED,D06159
2026-03-05 00:00:00,M03662,DEVICE_ADDED,D09390
2026-03-05 00:00:00,M00489,DEVICE_REMOVED,D00293
2026-03-05 00:00:00,M03662,DEVICE_REMOVED,D01623
2026-03-05 05:00:00,M01771,NETWORK_JOINED,I_MULE_0682
2026-03-05 06:00:00,M02180,NETWORK_JOINED,I_MULE_0486
2026-03-05 23:00:00,M02253,NETWORK_JOINED,I_MULE_0486
2026-03-06 00:00:00,M04126,DEVICE_REMOVED,D00156
2026-03-06 00:00:00,M03935,DEVICE_REMOVED,D04584
2026-03-06 00:00:00,M02807,MERCHANT_ONBOARDED,
2026-03-06 00:00:00,M03935,DEVICE_ADDED,D09823
2026-03-06 00:00:00,M03745,DEVICE_REMOVED,D07690
2026-03-06 00:00:00,M03745,DEVICE_ADDED,D07473
2026-03-06 00:00:00,M02657,DEVICE_REMOVED,D00120
2026-03-06 00:00:00,M02657,DEVICE_ADDED,D05311
2026-03-06 00:00:00,M03791,MERCHANT_ONBOARDED,
2026-03-06 00:00:00,M02188,DEVICE_REMOVED,D08954
2026-03-06 00:00:00,M02188,DEVICE_ADDED,D09440
2026-03-06 00:00:00,M01116,MERCHANT_ONBOARDED,
2026-03-06 00:00:00,M03195,MERCHANT_ONBOARDED,
2026-03-06 00:00:00,M04547,DEVICE_ADDED,D01447
2026-03-06 00:00:00,M03158,DEVICE_REMOVED,D07355
2026-03-06 00:00:00,M02457,MERCHANT_ONBOARDED,
2026-03-06 00:00:00,M03158,DEVICE_ADDED,D04995
2026-03-06 00:00:00,M01857,MERCHANT_ONBOARDED,
2026-03-06 00:00:00,M02421,MERCHANT_ONBOARDED,
2026-03-06 00:00:00,M02559,MERCHANT_ONBOARDED,
2026-03-06 00:00:00,M04656,DEVICE_REMOVED,D02929
2026-03-06 00:00:00,M04126,DEVICE_ADDED,D04975
2026-03-06 00:00:00,M04547,DEVICE_REMOVED,D03399
2026-03-06 00:00:00,M04656,DEVICE_ADDED,D08192
2026-03-06 00:00:00,M03468,DEVICE_REMOVED,D08367
2026-03-06 00:00:00,M03469,DEVICE_REMOVED,D01279
2026-03-06 00:00:00,M00409,DEVICE_ADDED,D07015
2026-03-06 00:00:00,M00409,DEVICE_REMOVED,D06451
2026-03-06 00:00:00,M01723,DEVICE_REMOVED,D02082
2026-03-06 00:00:00,M01526,MERCHANT_ONBOARDED,
2026-03-06 00:00:00,M04843,MERCHANT_ONBOARDED,
2026-03-06 00:00:00,M01543,MERCHANT_ONBOARDED,
2026-03-06 00:00:00,M03469,DEVICE_ADDED,D08735
2026-03-06 00:00:00,M03468,DEVICE_ADDED,D02748
2026-03-06 00:00:00,M01723,DEVICE_ADDED,D06910
2026-03-06 00:00:00,M00125,DEVICE_REMOVED,D08086
2026-03-06 00:00:00,M01234,MERCHANT_ONBOARDED,
2026-03-06 00:00:00,M04748,DEVICE_REMOVED,D08868
2026-03-06 00:00:00,M01773,MERCHANT_ONBOARDED,
2026-03-06 00:00:00,M04996,MERCHANT_ONBOARDED,
2026-03-06 00:00:00,M01413,MERCHANT_ONBOARDED,
2026-03-06 00:00:00,M04748,DEVICE_ADDED,D00692
2026-03-06 00:00:00,M00125,DEVICE_ADDED,D09472
2026-03-06 07:00:00,M01496,NETWORK_JOINED,I_MULE_0486
2026-03-06 09:00:00,M03252,NETWORK_JOINED,I_MULE_0259
2026-03-06 11:00:00,M03056,NETWORK_JOINED,I_MULE_0259
2026-03-06 13:00:00,M04205,NETWORK_JOINED,I_MULE_0682
2026-03-06 20:00:00,M00209,NETWORK_JOINED,I_MULE_0259
2026-03-06 22:00:00,M04698,NETWORK_JOINED,I_MULE_0682
2026-03-06 22:00:00,M04496,NETWORK_JOINED,I_MULE_0682
2026-03-07 00:00:00,M02798,DEVICE_REMOVED,D04121
2026-03-07 00:00:00,M01616,MERCHANT_ONBOARDED,
2026-03-07 00:00:00,M01349,DEVICE_ADDED,D02776
2026-03-07 00:00:00,M00979,MERCHANT_ONBOARDED,
2026-03-07 00:00:00,M00624,MERCHANT_ONBOARDED,
2026-03-07 00:00:00,M01349,DEVICE_REMOVED,D02318
2026-03-07 00:00:00,M03081,DEVICE_ADDED,D08035
2026-03-07 00:00:00,M03081,DEVICE_REMOVED,D01085
2026-03-07 00:00:00,M00738,MERCHANT_ONBOARDED,
2026-03-07 00:00:00,M02976,DEVICE_ADDED,D06374
2026-03-07 00:00:00,M02182,DEVICE_ADDED,D06837
2026-03-07 00:00:00,M02976,DEVICE_REMOVED,D02269
2026-03-07 00:00:00,M01129,MERCHANT_ONBOARDED,
2026-03-07 00:00:00,M00774,MERCHANT_ONBOARDED,
2026-03-07 00:00:00,M04532,MERCHANT_ONBOARDED,
2026-03-07 00:00:00,M02992,MERCHANT_ONBOARDED,
2026-03-07 00:00:00,M00397,DEVICE_REMOVED,D06338
2026-03-07 00:00:00,M00397,DEVICE_ADDED,D06428
2026-03-07 00:00:00,M00435,DEVICE_REMOVED,D02272
2026-03-07 00:00:00,M03602,DEVICE_REMOVED,D04550
2026-03-07 00:00:00,M03602,DEVICE_ADDED,D01874
2026-03-07 00:00:00,M00435,DEVICE_ADDED,D01018
2026-03-07 00:00:00,M00935,DEVICE_ADDED,D07652
2026-03-07 00:00:00,M04901,DEVICE_ADDED,D03377
2026-03-07 00:00:00,M02182,DEVICE_REMOVED,D03309
2026-03-07 00:00:00,M00935,DEVICE_REMOVED,D08953
2026-03-07 00:00:00,M01697,DEVICE_ADDED,D02288
2026-03-07 00:00:00,M01697,DEVICE_REMOVED,D01097
2026-03-07 00:00:00,M00622,DEVICE_REMOVED,D02948
2026-03-07 00:00:00,M00622,DEVICE_ADDED,D04239
2026-03-07 00:00:00,M00864,DEVICE_ADDED,D04893
2026-03-07 00:00:00,M00864,DEVICE_REMOVED,D08556
2026-03-07 00:00:00,M02643,DEVICE_ADDED,D09850
2026-03-07 00:00:00,M02643,DEVICE_REMOVED,D05399
2026-03-07 00:00:00,M04901,DEVICE_REMOVED,D00467
2026-03-07 00:00:00,M00198,DEVICE_REMOVED,D01149
2026-03-07 00:00:00,M00198,DEVICE_ADDED,D09481
2026-03-07 00:00:00,M01435,DEVICE_REMOVED,D02463
2026-03-07 00:00:00,M04310,DEVICE_REMOVED,D03921
2026-03-07 00:00:00,M04310,DEVICE_ADDED,D04979
2026-03-07 00:00:00,M01094,DEVICE_ADDED,D05437
2026-03-07 00:00:00,M01094,DEVICE_REMOVED,D00032
2026-03-07 00:00:00,M03234,MERCHANT_ONBOARDED,
2026-03-07 00:00:00,M03319,MERCHANT_ONBOARDED,
2026-03-07 00:00:00,M03336,MERCHANT_ONBOARDED,
2026-03-07 00:00:00,M03188,DEVICE_REMOVED,D03304
2026-03-07 00:00:00,M01435,DEVICE_ADDED,D03233
2026-03-07 00:00:00,M04346,DEVICE_ADDED,D04055
2026-03-07 00:00:00,M04346,DEVICE_REMOVED,D02947
2026-03-07 00:00:00,M02716,DEVICE_ADDED,D06962
2026-03-07 00:00:00,M02716,DEVICE_REMOVED,D02899
2026-03-07 00:00:00,M02584,DEVICE_REMOVED,D02450
2026-03-07 00:00:00,M02584,DEVICE_ADDED,D03728
2026-03-07 00:00:00,M00537,MERCHANT_ONBOARDED,
2026-03-07 00:00:00,M01973,DEVICE_ADDED,D04432
2026-03-07 00:00:00,M01973,DEVICE_REMOVED,D05839
2026-03-07 00:00:00,M03188,DEVICE_ADDED,D04386
2026-03-07 00:00:00,M02798,DEVICE_ADDED,D00947
2026-03-07 08:00:00,M00150,NETWORK_JOINED,I_MULE_0486
2026-03-07 08:00:00,M03360,NETWORK_JOINED,I_MULE_0259
2026-03-07 12:00:00,M00283,NETWORK_JOINED,I_MULE_0259
2026-03-08 00:00:00,M00577,MERCHANT_ONBOARDED,
2026-03-08 00:00:00,M00745,DEVICE_REMOVED,D07582
2026-03-08 00:00:00,M04208,DEVICE_ADDED,D08156
2026-03-08 00:00:00,M04619,DEVICE_REMOVED,D04120
2026-03-08 00:00:00,M00848,DEVICE_REMOVED,D02801
2026-03-08 00:00:00,M04619,DEVICE_ADDED,D05569
2026-03-08 00:00:00,M04650,DEVICE_REMOVED,D06770
2026-03-08 00:00:00,M04650,DEVICE_ADDED,D03457
2026-03-08 00:00:00,M00848,DEVICE_ADDED,D04699
2026-03-08 00:00:00,M01251,DEVICE_REMOVED,D09631
2026-03-08 00:00:00,M04733,MERCHANT_ONBOARDED,
2026-03-08 00:00:00,M04132,MERCHANT_ONBOARDED,
2026-03-08 00:00:00,M04095,MERCHANT_ONBOARDED,
2026-03-08 00:00:00,M01020,DEVICE_REMOVED,D05347
2026-03-08 00:00:00,M01020,DEVICE_ADDED,D05536
2026-03-08 00:00:00,M03773,MERCHANT_ONBOARDED,
2026-03-08 00:00:00,M03616,MERCHANT_ONBOARDED,
2026-03-08 00:00:00,M00745,DEVICE_ADDED,D06771
2026-03-08 00:00:00,M03419,MERCHANT_ONBOARDED,
2026-03-08 00:00:00,M03291,MERCHANT_ONBOARDED,
2026-03-08 00:00:00,M01176,DEVICE_REMOVED,D06842
2026-03-08 00:00:00,M01739,MERCHANT_ONBOARDED,
2026-03-08 00:00:00,M01176,DEVICE_ADDED,D09488
2026-03-08 00:00:00,M01651,MERCHANT_ONBOARDED,
2026-03-08 00:00:00,M04208,DEVICE_REMOVED,D00999
2026-03-08 00:00:00,M01251,DEVICE_ADDED,D01748
2026-03-08 00:00:00,M00006,MERCHANT_ONBOARDED,
2026-03-08 00:00:00,M02690,DEVICE_REMOVED,D05335
2026-03-08 00:00:00,M01377,DEVICE_REMOVED,D00310
2026-03-08 00:00:00,M01377,DEVICE_ADDED,D04467
2026-03-08 00:00:00,M02777,DEVICE_ADDED,D04722
2026-03-08 00:00:00,M02777,DEVICE_REMOVED,D07693
2026-03-08 00:00:00,M02857,DEVICE_ADDED,D08563
2026-03-08 00:00:00,M02239,DEVICE_ADDED,D04884
2026-03-08 00:00:00,M02857,DEVICE_REMOVED,D01209
2026-03-08 00:00:00,M01718,DEVICE_REMOVED,D00543
2026-03-08 00:00:00,M03750,DEVICE_ADDED,D01645
2026-03-08 00:00:00,M03750,DEVICE_REMOVED,D07745
2026-03-08 00:00:00,M01718,DEVICE_ADDED,D05699
2026-03-08 00:00:00,M02239,DEVICE_REMOVED,D03361
2026-03-08 00:00:00,M02978,DEVICE_REMOVED,D07983
2026-03-08 00:00:00,M03580,DEVICE_REMOVED,D07723
2026-03-08 00:00:00,M02978,DEVICE_ADDED,D05683
2026-03-08 00:00:00,M03580,DEVICE_ADDED,D00966
2026-03-08 00:00:00,M02690,DEVICE_ADDED,D08353
2026-03-08 04:00:00,M03344,NETWORK_JOINED,I_MULE_0259
2026-03-08 13:00:00,M03782,NETWORK_JOINED,I_MULE_0259
2026-03-09 00:00:00,M01966,DEVICE_REMOVED,D03486
2026-03-09 00:00:00,M02878,DEVICE_REMOVED,D02303
2026-03-09 00:00:00,M01687,DEVICE_ADDED,D06649
2026-03-09 00:00:00,M01966,DEVICE_ADDED,D01325
2026-03-09 00:00:00,M04763,MERCHANT_ONBOARDED,
2026-03-09 00:00:00,M02668,DEVICE_REMOVED,D08001
2026-03-09 00:00:00,M02668,DEVICE_ADDED,D00828
2026-03-09 00:00:00,M03873,DEVICE_ADDED,D09929
2026-03-09 00:00:00,M04490,MERCHANT_ONBOARDED,
2026-03-09 00:00:00,M04257,DEVICE_REMOVED,D03631
2026-03-09 00:00:00,M03873,DEVICE_REMOVED,D03717
2026-03-09 00:00:00,M03660,DEVICE_ADDED,D09241
2026-03-09 00:00:00,M01976,DEVICE_ADDED,D02361
2026-03-09 00:00:00,M01976,DEVICE_REMOVED,D07080
2026-03-09 00:00:00,M01506,MERCHANT_ONBOARDED,
2026-03-09 00:00:00,M01489,MERCHANT_ONBOARDED,
2026-03-09 00:00:00,M04001,DEVICE_REMOVED,D01004
2026-03-09 00:00:00,M02213,MERCHANT_ONBOARDED,
2026-03-09 00:00:00,M02958,DEVICE_ADDED,D04720
2026-03-09 00:00:00,M00539,MERCHANT_ONBOARDED,
2026-03-09 00:00:00,M04034,DEVICE_REMOVED,D04984
2026-03-09 00:00:00,M04001,DEVICE_ADDED,D07529
2026-03-09 00:00:00,M01161,MERCHANT_ONBOARDED,
2026-03-09 00:00:00,M04034,DEVICE_ADDED,D01266
2026-03-09 00:00:00,M03660,DEVICE_REMOVED,D08405
2026-03-09 00:00:00,M04257,DEVICE_ADDED,D09170
2026-03-09 00:00:00,M02958,DEVICE_REMOVED,D01032
2026-03-09 00:00:00,M01687,DEVICE_REMOVED,D04408
2026-03-09 00:00:00,M00162,MERCHANT_ONBOARDED,
2026-03-09 00:00:00,M02358,MERCHANT_ONBOARDED,
2026-03-09 00:00:00,M02055,DEVICE_REMOVED,D08010
2026-03-09 00:00:00,M03237,DEVICE_REMOVED,D08548
2026-03-09 00:00:00,M04081,DEVICE_ADDED,D06449
2026-03-09 00:00:00,M03237,DEVICE_ADDED,D06983
2026-03-09 00:00:00,M02055,DEVICE_ADDED,D02069
2026-03-09 00:00:00,M00640,DEVICE_ADDED,D01885
2026-03-09 00:00:00,M01225,DEVICE_ADDED,D05195
2026-03-09 00:00:00,M01914,DEVICE_REMOVED,D04763
2026-03-09 00:00:00,M02878,DEVICE_ADDED,D00331
2026-03-09 00:00:00,M04081,DEVICE_REMOVED,D03012
2026-03-09 00:00:00,M01914,DEVICE_ADDED,D03369
2026-03-09 00:00:00,M04173,DEVICE_ADDED,D06637
2026-03-09 00:00:00,M04173,DEVICE_REMOVED,D05412
2026-03-09 00:00:00,M04353,DEVICE_REMOVED,D06117
2026-03-09 00:00:00,M00640,DEVICE_REMOVED,D09351
2026-03-09 00:00:00,M04353,DEVICE_ADDED,D01931
2026-03-09 00:00:00,M01225,DEVICE_REMOVED,D06845
2026-03-09 00:00:00,M00035,MERCHANT_ONBOARDED,
2026-03-10 00:00:00,M02547,DEVICE_ADDED,D09049
2026-03-10 00:00:00,M02519,MERCHANT_ONBOARDED,
2026-03-10 00:00:00,M04486,DEVICE_REMOVED,D01701
2026-03-10 00:00:00,M01491,DEVICE_ADDED,D05621
2026-03-10 00:00:00,M02214,DEVICE_REMOVED,D06323
2026-03-10 00:00:00,M01491,DEVICE_REMOVED,D02135
2026-03-10 00:00:00,M01941,DEVICE_ADDED,D05811
2026-03-10 00:00:00,M02396,MERCHANT_ONBOARDED,
2026-03-10 00:00:00,M01941,DEVICE_REMOVED,D06349
2026-03-10 00:00:00,M02283,DEVICE_REMOVED,D00412
2026-03-10 00:00:00,M04376,DEVICE_REMOVED,D06334
2026-03-10 00:00:00,M04336,DEVICE_REMOVED,D04840
2026-03-10 00:00:00,M00845,MERCHANT_ONBOARDED,
2026-03-10 00:00:00,M00037,DEVICE_ADDED,D03668
2026-03-10 00:00:00,M02283,DEVICE_ADDED,D02857
2026-03-10 00:00:00,M02802,MERCHANT_ONBOARDED,
2026-03-10 00:00:00,M00051,DEVICE_REMOVED,D08498
2026-03-10 00:00:00,M03032,DEVICE_ADDED,D00830
2026-03-10 00:00:00,M01450,DEVICE_REMOVED,D07337
2026-03-10 00:00:00,M04336,DEVICE_ADDED,D02723
2026-03-10 00:00:00,M01450,DEVICE_ADDED,D06557
2026-03-10 00:00:00,M00051,DEVICE_ADDED,D03672
2026-03-10 00:00:00,M02172,DEVICE_REMOVED,D02209
2026-03-10 00:00:00,M02547,DEVICE_REMOVED,D04077
2026-03-10 00:00:00,M04376,DEVICE_ADDED,D05805
2026-03-10 00:00:00,M03032,DEVICE_REMOVED,D07294
2026-03-10 00:00:00,M00037,DEVICE_REMOVED,D06262
2026-03-10 00:00:00,M04672,MERCHANT_ONBOARDED,
2026-03-10 00:00:00,M02172,DEVICE_ADDED,D04348
2026-03-10 00:00:00,M02894,MERCHANT_ONBOARDED,
2026-03-10 00:00:00,M02214,DEVICE_ADDED,D08847
2026-03-10 00:00:00,M04499,DEVICE_REMOVED,D07860
2026-03-10 00:00:00,M03102,MERCHANT_ONBOARDED,
2026-03-10 00:00:00,M01688,DEVICE_REMOVED,D03647
2026-03-10 00:00:00,M03236,MERCHANT_ONBOARDED,
2026-03-10 00:00:00,M03253,DEVICE_ADDED,D05909
2026-03-10 00:00:00,M03771,DEVICE_ADDED,D02119
2026-03-10 00:00:00,M03253,DEVICE_REMOVED,D02261
2026-03-10 00:00:00,M04486,DEVICE_ADDED,D09993
2026-03-10 00:00:00,M01604,MERCHANT_ONBOARDED,
2026-03-10 00:00:00,M04606,DEVICE_REMOVED,D01774
2026-03-10 00:00:00,M04606,DEVICE_ADDED,D06194
2026-03-10 00:00:00,M01688,DEVICE_ADDED,D01213
2026-03-10 00:00:00,M04758,DEVICE_ADDED,D05400
2026-03-10 00:00:00,M03245,DEVICE_ADDED,D01327
2026-03-10 00:00:00,M03245,DEVICE_REMOVED,D08072
2026-03-10 00:00:00,M01656,DEVICE_ADDED,D03381
2026-03-10 00:00:00,M03365,MERCHANT_ONBOARDED,
2026-03-10 00:00:00,M04653,DEVICE_REMOVED,D00580
2026-03-10 00:00:00,M04653,DEVICE_ADDED,D04705
2026-03-10 00:00:00,M01656,DEVICE_REMOVED,D07129
2026-03-10 00:00:00,M04690,DEVICE_ADDED,D01526
2026-03-10 00:00:00,M01693,MERCHANT_ONBOARDED,
2026-03-10 00:00:00,M04690,DEVICE_REMOVED,D04415
2026-03-10 00:00:00,M04758,DEVICE_REMOVED,D02784
2026-03-10 00:00:00,M04823,DEVICE_REMOVED,D04231
2026-03-10 00:00:00,M03771,DEVICE_REMOVED,D07063
2026-03-10 00:00:00,M02988,DEVICE_REMOVED,D00723
2026-03-10 00:00:00,M03826,DEVICE_REMOVED,D03820
2026-03-10 00:00:00,M00912,DEVICE_ADDED,D05327
2026-03-10 00:00:00,M02113,MERCHANT_ONBOARDED,
2026-03-10 00:00:00,M04884,DEVICE_ADDED,D04944
2026-03-10 00:00:00,M04884,DEVICE_REMOVED,D01643
2026-03-10 00:00:00,M00912,DEVICE_REMOVED,D02077
2026-03-10 00:00:00,M04499,DEVICE_ADDED,D09448
2026-03-10 00:00:00,M04823,DEVICE_ADDED,D03220
2026-03-10 00:00:00,M02988,DEVICE_ADDED,D04296
2026-03-10 00:00:00,M03826,DEVICE_ADDED,D09621
2026-03-10 00:00:00,M03675,DEVICE_ADDED,D01979
2026-03-10 00:00:00,M03675,DEVICE_REMOVED,D01901
2026-03-11 00:00:00,M02352,DEVICE_REMOVED,D02899
2026-03-11 00:00:00,M04720,DEVICE_ADDED,D01503
2026-03-11 00:00:00,M01029,DEVICE_ADDED,D00320
2026-03-11 00:00:00,M00361,DEVICE_ADDED,D07344
2026-03-11 00:00:00,M01028,MERCHANT_ONBOARDED,
2026-03-11 00:00:00,M02352,DEVICE_ADDED,D08446
2026-03-11 00:00:00,M02769,DEVICE_ADDED,D09137
2026-03-11 00:00:00,M02769,DEVICE_REMOVED,D06369
2026-03-11 00:00:00,M01629,DEVICE_ADDED,D02247
2026-03-11 00:00:00,M04670,DEVICE_REMOVED,D09403
2026-03-11 00:00:00,M04670,DEVICE_ADDED,D02041
2026-03-11 00:00:00,M03837,DEVICE_ADDED,D05461
2026-03-11 00:00:00,M01035,DEVICE_REMOVED,D08732
2026-03-11 00:00:00,M03837,DEVICE_REMOVED,D02418
2026-03-11 00:00:00,M01760,MERCHANT_ONBOARDED,
2026-03-11 00:00:00,M00361,DEVICE_REMOVED,D06034
2026-03-11 00:00:00,M00721,DEVICE_ADDED,D04643
2026-03-11 00:00:00,M01029,DEVICE_REMOVED,D03312
2026-03-11 00:00:00,M04833,DEVICE_REMOVED,D01639
2026-03-11 00:00:00,M04833,DEVICE_ADDED,D00362
2026-03-11 00:00:00,M00546,DEVICE_ADDED,D06500
2026-03-11 00:00:00,M00546,DEVICE_REMOVED,D03938
2026-03-11 00:00:00,M00259,DEVICE_ADDED,D06832
2026-03-11 00:00:00,M00259,DEVICE_REMOVED,D02783
2026-03-11 00:00:00,M03491,DEVICE_ADDED,D09158
2026-03-11 00:00:00,M03491,DEVICE_REMOVED,D01066
2026-03-11 00:00:00,M02506,DEVICE_ADDED,D01062
2026-03-11 00:00:00,M02506,DEVICE_REMOVED,D08909
2026-03-11 00:00:00,M01680,DEVICE_ADDED,D03156
2026-03-11 00:00:00,M01035,DEVICE_ADDED,D02134
2026-03-11 00:00:00,M01680,DEVICE_REMOVED,D07564
2026-03-11 00:00:00,M00780,MERCHANT_ONBOARDED,
2026-03-11 00:00:00,M00776,MERCHANT_ONBOARDED,
2026-03-11 00:00:00,M01629,DEVICE_REMOVED,D04084
2026-03-11 00:00:00,M01070,MERCHANT_ONBOARDED,
2026-03-11 00:00:00,M00721,DEVICE_REMOVED,D01395
2026-03-11 00:00:00,M04720,DEVICE_REMOVED,D02013
2026-03-11 00:00:00,M01707,MERCHANT_ONBOARDED,
2026-03-11 00:00:00,M04677,MERCHANT_ONBOARDED,
2026-03-11 00:00:00,M03301,DEVICE_ADDED,D00174
2026-03-11 00:00:00,M04156,MERCHANT_ONBOARDED,
2026-03-11 00:00:00,M02655,DEVICE_REMOVED,D05558
2026-03-11 00:00:00,M04049,DEVICE_ADDED,D09706
2026-03-11 00:00:00,M04652,MERCHANT_ONBOARDED,
2026-03-11 00:00:00,M00172,MERCHANT_ONBOARDED,
2026-03-11 00:00:00,M03405,MERCHANT_ONBOARDED,
2026-03-11 00:00:00,M02655,DEVICE_ADDED,D04617
2026-03-11 00:00:00,M03178,DEVICE_ADDED,D08326
2026-03-11 00:00:00,M02717,MERCHANT_ONBOARDED,
2026-03-11 00:00:00,M01296,DEVICE_REMOVED,D00024
2026-03-11 00:00:00,M01296,DEVICE_ADDED,D06731
2026-03-11 00:00:00,M04910,MERCHANT_ONBOARDED,
2026-03-11 00:00:00,M03178,DEVICE_REMOVED,D04636
2026-03-11 00:00:00,M04294,DEVICE_ADDED,D07758
2026-03-11 00:00:00,M02883,MERCHANT_ONBOARDED,
2026-03-11 00:00:00,M04294,DEVICE_REMOVED,D02342
2026-03-11 00:00:00,M00283,MERCHANT_ONBOARDED,
2026-03-11 00:00:00,M00295,MERCHANT_ONBOARDED,
2026-03-11 00:00:00,M01975,DEVICE_REMOVED,D03387
2026-03-11 00:00:00,M00422,MERCHANT_ONBOARDED,
2026-03-11 00:00:00,M04049,DEVICE_REMOVED,D07309
2026-03-11 00:00:00,M03301,DEVICE_REMOVED,D03905
2026-03-11 00:00:00,M01975,DEVICE_ADDED,D02847
2026-03-11 00:00:00,M02635,DEVICE_REMOVED,D07253
2026-03-11 00:00:00,M03965,DEVICE_REMOVED,D01829
2026-03-11 00:00:00,M03052,MERCHANT_ONBOARDED,
2026-03-11 00:00:00,M00056,MERCHANT_ONBOARDED,
2026-03-11 00:00:00,M04354,DEVICE_REMOVED,D06000
2026-03-11 00:00:00,M04354,DEVICE_ADDED,D00017
2026-03-11 00:00:00,M03965,DEVICE_ADDED,D02285
2026-03-11 00:00:00,M02042,DEVICE_ADDED,D02584
2026-03-11 00:00:00,M02042,DEVICE_REMOVED,D02417
2026-03-11 00:00:00,M04042,DEVICE_ADDED,D07105
2026-03-11 00:00:00,M02635,DEVICE_ADDED,D01623
2026-03-11 00:00:00,M04042,DEVICE_REMOVED,D02329
2026-03-12 00:00:00,M04463,DEVICE_REMOVED,D00577
2026-03-12 00:00:00,M04463,DEVICE_ADDED,D05177
2026-03-12 00:00:00,M02035,MERCHANT_ONBOARDED,
2026-03-12 00:00:00,M03001,DEVICE_REMOVED,D09139
2026-03-12 00:00:00,M02630,DEVICE_REMOVED,D06163
2026-03-12 00:00:00,M03001,DEVICE_ADDED,D04609
2026-03-12 00:00:00,M03844,DEVICE_ADDED,D04930
2026-03-12 00:00:00,M03844,DEVICE_REMOVED,D02837
2026-03-12 00:00:00,M01519,DEVICE_REMOVED,D07128
2026-03-12 00:00:00,M00857,DEVICE_REMOVED,D08373
2026-03-12 00:00:00,M04573,DEVICE_ADDED,D02759
2026-03-12 00:00:00,M04536,DEVICE_ADDED,D08351
2026-03-12 00:00:00,M01519,DEVICE_ADDED,D06658
2026-03-12 00:00:00,M01556,MERCHANT_ONBOARDED,
2026-03-12 00:00:00,M04168,MERCHANT_ONBOARDED,
2026-03-12 00:00:00,M00542,DEVICE_ADDED,D07598
2026-03-12 00:00:00,M00542,DEVICE_REMOVED,D00361
2026-03-12 00:00:00,M02491,DEVICE_REMOVED,D08390
2026-03-12 00:00:00,M00598,DEVICE_REMOVED,D01324
2026-03-12 00:00:00,M04403,MERCHANT_ONBOARDED,
2026-03-12 00:00:00,M00598,DEVICE_ADDED,D04259
2026-03-12 00:00:00,M01798,DEVICE_REMOVED,D01399
2026-03-12 00:00:00,M03147,DEVICE_REMOVED,D06163
2026-03-12 00:00:00,M01798,DEVICE_ADDED,D07133
2026-03-12 00:00:00,M02491,DEVICE_ADDED,D03683
2026-03-12 00:00:00,M04536,DEVICE_REMOVED,D07710
2026-03-12 00:00:00,M04573,DEVICE_REMOVED,D02421
2026-03-12 00:00:00,M01809,MERCHANT_ONBOARDED,
2026-03-12 00:00:00,M03147,DEVICE_ADDED,D02222
2026-03-12 00:00:00,M03073,DEVICE_ADDED,D06895
2026-03-12 00:00:00,M02037,DEVICE_ADDED,D03925
2026-03-12 00:00:00,M02037,DEVICE_REMOVED,D06368
2026-03-12 00:00:00,M00059,DEVICE_REMOVED,D08409
2026-03-12 00:00:00,M00059,DEVICE_ADDED,D01752
2026-03-12 00:00:00,M04393,DEVICE_ADDED,D00244
2026-03-12 00:00:00,M04393,DEVICE_REMOVED,D05678
2026-03-12 00:00:00,M01944,DEVICE_ADDED,D04503
2026-03-12 00:00:00,M00075,DEVICE_REMOVED,D05074
2026-03-12 00:00:00,M02338,DEVICE_REMOVED,D00553
2026-03-12 00:00:00,M00075,DEVICE_ADDED,D01942
2026-03-12 00:00:00,M02338,DEVICE_ADDED,D05659
2026-03-12 00:00:00,M00130,MERCHANT_ONBOARDED,
2026-03-12 00:00:00,M01944,DEVICE_REMOVED,D09365
2026-03-12 00:00:00,M04327,DEVICE_REMOVED,D03212
2026-03-12 00:00:00,M04327,DEVICE_ADDED,D03503
2026-03-12 00:00:00,M00657,MERCHANT_ONBOARDED,
2026-03-12 00:00:00,M02529,MERCHANT_ONBOARDED,
2026-03-12 00:00:00,M00144,DEVICE_ADDED,D01011
2026-03-12 00:00:00,M00144,DEVICE_REMOVED,D03151
2026-03-12 00:00:00,M03073,DEVICE_REMOVED,D04107
2026-03-12 00:00:00,M03366,MERCHANT_ONBOARDED,
2026-03-12 00:00:00,M03427,DEVICE_ADDED,D06152
2026-03-12 00:00:00,M00857,DEVICE_ADDED,D02422
2026-03-12 00:00:00,M00979,DEVICE_REMOVED,D01047
2026-03-12 00:00:00,M02807,DEVICE_REMOVED,D06069
2026-03-12 00:00:00,M00979,DEVICE_ADDED,D00737
2026-03-12 00:00:00,M04301,DEVICE_REMOVED,D05635
2026-03-12 00:00:00,M03427,DEVICE_REMOVED,D02997
2026-03-12 00:00:00,M04301,DEVICE_ADDED,D07624
2026-03-12 00:00:00,M02630,DEVICE_ADDED,D03579
2026-03-12 00:00:00,M02807,DEVICE_ADDED,D05096
2026-03-13 00:00:00,M02327,DEVICE_ADDED,D00644
2026-03-13 00:00:00,M01989,DEVICE_ADDED,D09215
2026-03-13 00:00:00,M01911,MERCHANT_ONBOARDED,
2026-03-13 00:00:00,M01678,MERCHANT_ONBOARDED,
2026-03-13 00:00:00,M00290,MERCHANT_ONBOARDED,
2026-03-13 00:00:00,M02090,DEVICE_REMOVED,D04617
2026-03-13 00:00:00,M00375,MERCHANT_ONBOARDED,
2026-03-13 00:00:00,M01456,MERCHANT_ONBOARDED,
2026-03-13 00:00:00,M03806,MERCHANT_ONBOARDED,
2026-03-13 00:00:00,M02327,DEVICE_REMOVED,D06149
2026-03-13 00:00:00,M00629,DEVICE_ADDED,D00288
2026-03-13 00:00:00,M01722,MERCHANT_ONBOARDED,
2026-03-13 00:00:00,M04152,DEVICE_ADDED,D06138
2026-03-13 00:00:00,M02415,DEVICE_ADDED,D09476
2026-03-13 00:00:00,M02415,DEVICE_REMOVED,D05286
2026-03-13 00:00:00,M01317,DEVICE_REMOVED,D05406
2026-03-13 00:00:00,M03258,MERCHANT_ONBOARDED,
2026-03-13 00:00:00,M02090,DEVICE_ADDED,D01746
2026-03-13 00:00:00,M02959,DEVICE_ADDED,D03486
2026-03-13 00:00:00,M03137,MERCHANT_ONBOARDED,
2026-03-13 00:00:00,M01836,MERCHANT_ONBOARDED,
2026-03-13 00:00:00,M04172,DEVICE_REMOVED,D03185
2026-03-13 00:00:00,M00342,MERCHANT_ONBOARDED,
2026-03-13 00:00:00,M00629,DEVICE_REMOVED,D09648
2026-03-13 00:00:00,M01566,MERCHANT_ONBOARDED,
2026-03-13 00:00:00,M04152,DEVICE_REMOVED,D08784
2026-03-13 00:00:00,M02959,DEVICE_REMOVED,D06729
2026-03-13 00:00:00,M01317,DEVICE_ADDED,D09269
2026-03-13 00:00:00,M04172,DEVICE_ADDED,D05658
2026-03-13 00:00:00,M00468,DEVICE_ADDED,D03481
2026-03-13 00:00:00,M04227,DEVICE_ADDED,D09357
2026-03-13 00:00:00,M03315,DEVICE_REMOVED,D04371
2026-03-13 00:00:00,M01780,DEVICE_ADDED,D04664
2026-03-13 00:00:00,M03315,DEVICE_ADDED,D05236
2026-03-13 00:00:00,M04401,MERCHANT_ONBOARDED,
2026-03-13 00:00:00,M02302,DEVICE_ADDED,D09901
2026-03-13 00:00:00,M04227,DEVICE_REMOVED,D03775
2026-03-13 00:00:00,M04258,DEVICE_REMOVED,D05895
2026-03-13 00:00:00,M04258,DEVICE_ADDED,D02523
2026-03-13 00:00:00,M03118,DEVICE_ADDED,D00332
2026-03-13 00:00:00,M04649,MERCHANT_ONBOARDED,
2026-03-13 00:00:00,M01050,MERCHANT_ONBOARDED,
2026-03-13 00:00:00,M03118,DEVICE_REMOVED,D09065
2026-03-13 00:00:00,M01475,DEVICE_ADDED,D02083
2026-03-13 00:00:00,M00963,DEVICE_REMOVED,D03718
2026-03-13 00:00:00,M00963,DEVICE_ADDED,D03487
2026-03-13 00:00:00,M01475,DEVICE_REMOVED,D01019
2026-03-13 00:00:00,M00296,DEVICE_ADDED,D09734
2026-03-13 00:00:00,M00296,DEVICE_REMOVED,D03019
2026-03-13 00:00:00,M02665,MERCHANT_ONBOARDED,
2026-03-13 00:00:00,M00817,MERCHANT_ONBOARDED,
2026-03-13 00:00:00,M01078,DEVICE_ADDED,D00633
2026-03-13 00:00:00,M01396,DEVICE_ADDED,D08980
2026-03-13 00:00:00,M00095,DEVICE_REMOVED,D07520
2026-03-13 00:00:00,M03945,DEVICE_REMOVED,D06884
2026-03-13 00:00:00,M03945,DEVICE_ADDED,D04834
2026-03-13 00:00:00,M00095,DEVICE_ADDED,D06212
2026-03-13 00:00:00,M01078,DEVICE_REMOVED,D02916
2026-03-13 00:00:00,M01396,DEVICE_REMOVED,D07800
2026-03-13 00:00:00,M01045,DEVICE_ADDED,D04072
2026-03-13 00:00:00,M01780,DEVICE_REMOVED,D04355
2026-03-13 00:00:00,M01989,DEVICE_REMOVED,D09409
2026-03-13 00:00:00,M02302,DEVICE_REMOVED,D06240
2026-03-13 00:00:00,M04019,DEVICE_REMOVED,D06949
2026-03-13 00:00:00,M02039,MERCHANT_ONBOARDED,
2026-03-13 00:00:00,M03632,DEVICE_ADDED,D08817
2026-03-13 00:00:00,M03632,DEVICE_REMOVED,D03708
2026-03-13 00:00:00,M04128,MERCHANT_ONBOARDED,
2026-03-13 00:00:00,M03625,DEVICE_ADDED,D04783
2026-03-13 00:00:00,M00871,DEVICE_REMOVED,D00668
2026-03-13 00:00:00,M02092,MERCHANT_ONBOARDED,
2026-03-13 00:00:00,M00898,DEVICE_REMOVED,D07129
2026-03-13 00:00:00,M00898,DEVICE_ADDED,D00009
2026-03-13 00:00:00,M01045,DEVICE_REMOVED,D09476
2026-03-13 00:00:00,M00468,DEVICE_REMOVED,D04854
2026-03-13 00:00:00,M02505,DEVICE_REMOVED,D05057
2026-03-13 00:00:00,M00871,DEVICE_ADDED,D07724
2026-03-13 00:00:00,M01153,MERCHANT_ONBOARDED,
2026-03-13 00:00:00,M02505,DEVICE_ADDED,D02044
2026-03-13 00:00:00,M03625,DEVICE_REMOVED,D07600
2026-03-13 00:00:00,M04137,MERCHANT_ONBOARDED,
2026-03-13 00:00:00,M04178,MERCHANT_ONBOARDED,
2026-03-13 00:00:00,M04019,DEVICE_ADDED,D05779
2026-03-14 00:00:00,M03204,DEVICE_REMOVED,D04746
2026-03-14 00:00:00,M03686,DEVICE_REMOVED,D02234
2026-03-14 00:00:00,M00225,DEVICE_ADDED,D07508
2026-03-14 00:00:00,M01946,MERCHANT_ONBOARDED,
2026-03-14 00:00:00,M03072,MERCHANT_ONBOARDED,
2026-03-14 00:00:00,M03930,MERCHANT_ONBOARDED,
2026-03-14 00:00:00,M03955,MERCHANT_ONBOARDED,
2026-03-14 00:00:00,M00675,DEVICE_REMOVED,D02378
2026-03-14 00:00:00,M02933,MERCHANT_ONBOARDED,
2026-03-14 00:00:00,M00675,DEVICE_ADDED,D07052
2026-03-14 00:00:00,M01999,MERCHANT_ONBOARDED,
2026-03-14 00:00:00,M02209,DEVICE_ADDED,D09465
2026-03-14 00:00:00,M03575,MERCHANT_ONBOARDED,
2026-03-14 00:00:00,M00504,DEVICE_REMOVED,D01810
2026-03-14 00:00:00,M03203,DEVICE_REMOVED,D08879
2026-03-14 00:00:00,M02209,DEVICE_REMOVED,D01608
2026-03-14 00:00:00,M00504,DEVICE_ADDED,D06239
2026-03-14 00:00:00,M03204,DEVICE_ADDED,D02770
2026-03-14 00:00:00,M02190,DEVICE_REMOVED,D02293
2026-03-14 00:00:00,M03513,DEVICE_REMOVED,D04954
2026-03-14 00:00:00,M02105,MERCHANT_ONBOARDED,
2026-03-14 00:00:00,M04054,MERCHANT_ONBOARDED,
2026-03-14 00:00:00,M01829,DEVICE_REMOVED,D03289
2026-03-14 00:00:00,M02832,MERCHANT_ONBOARDED,
2026-03-14 00:00:00,M01829,DEVICE_ADDED,D00293
2026-03-14 00:00:00,M04372,MERCHANT_ONBOARDED,
2026-03-14 00:00:00,M03800,MERCHANT_ONBOARDED,
2026-03-14 00:00:00,M03091,MERCHANT_ONBOARDED,
2026-03-14 00:00:00,M02190,DEVICE_ADDED,D02833
2026-03-14 00:00:00,M04059,MERCHANT_ONBOARDED,
2026-03-14 00:00:00,M02100,MERCHANT_ONBOARDED,
2026-03-14 00:00:00,M04151,MERCHANT_ONBOARDED,
2026-03-14 00:00:00,M04036,MERCHANT_ONBOARDED,
2026-03-14 00:00:00,M03524,DEVICE_ADDED,D00811
2026-03-14 00:00:00,M03524,DEVICE_REMOVED,D00239
2026-03-14 00:00:00,M03515,DEVICE_ADDED,D03788
2026-03-14 00:00:00,M03515,DEVICE_REMOVED,D00824
2026-03-14 00:00:00,M03513,DEVICE_ADDED,D05732
2026-03-14 00:00:00,M03686,DEVICE_ADDED,D01103
2026-03-14 00:00:00,M00225,DEVICE_REMOVED,D05690
2026-03-14 00:00:00,M03203,DEVICE_ADDED,D01320
2026-03-14 00:00:00,M01438,MERCHANT_ONBOARDED,
2026-03-14 00:00:00,M04594,DEVICE_REMOVED,D02322
2026-03-14 00:00:00,M04594,DEVICE_ADDED,D09185
2026-03-14 00:00:00,M01588,MERCHANT_ONBOARDED,
2026-03-14 00:00:00,M01613,MERCHANT_ONBOARDED,
2026-03-14 00:00:00,M02570,DEVICE_REMOVED,D06869
2026-03-14 00:00:00,M01162,DEVICE_ADDED,D02076
2026-03-14 00:00:00,M01126,DEVICE_REMOVED,D00560
2026-03-14 00:00:00,M01126,DEVICE_ADDED,D01288
2026-03-14 00:00:00,M01113,MERCHANT_ONBOARDED,
2026-03-14 00:00:00,M01112,MERCHANT_ONBOARDED,
2026-03-14 00:00:00,M01162,DEVICE_REMOVED,D04710
2026-03-14 00:00:00,M04094,DEVICE_REMOVED,D04839
2026-03-14 00:00:00,M02725,DEVICE_REMOVED,D02154
2026-03-14 00:00:00,M00286,MERCHANT_ONBOARDED,
2026-03-14 00:00:00,M02725,DEVICE_ADDED,D08962
2026-03-14 00:00:00,M02628,DEVICE_ADDED,D01952
2026-03-14 00:00:00,M02628,DEVICE_REMOVED,D05395
2026-03-14 00:00:00,M04094,DEVICE_ADDED,D09033
2026-03-14 00:00:00,M02570,DEVICE_ADDED,D05905
2026-03-14 00:00:00,M02623,DEVICE_ADDED,D06055
2026-03-14 00:00:00,M02896,DEVICE_ADDED,D07091
2026-03-14 00:00:00,M02623,DEVICE_REMOVED,D06498
2026-03-14 00:00:00,M04663,DEVICE_ADDED,D06307
2026-03-14 00:00:00,M04663,DEVICE_REMOVED,D03875
2026-03-14 00:00:00,M02896,DEVICE_REMOVED,D08807
2026-03-15 00:00:00,M04216,MERCHANT_ONBOARDED,
2026-03-15 00:00:00,M03902,MERCHANT_ONBOARDED,
2026-03-15 00:00:00,M02961,DEVICE_ADDED,D05388
2026-03-15 00:00:00,M04080,MERCHANT_ONBOARDED,
2026-03-15 00:00:00,M01294,DEVICE_REMOVED,D03267
2026-03-15 00:00:00,M02961,DEVICE_REMOVED,D02955
2026-03-15 00:00:00,M00341,MERCHANT_ONBOARDED,
2026-03-15 00:00:00,M00496,MERCHANT_ONBOARDED,
2026-03-15 00:00:00,M02603,DEVICE_REMOVED,D01138
2026-03-15 00:00:00,M01118,DEVICE_REMOVED,D08440
2026-03-15 00:00:00,M00577,DEVICE_ADDED,D00724
2026-03-15 00:00:00,M00577,DEVICE_REMOVED,D02076
2026-03-15 00:00:00,M01294,DEVICE_ADDED,D02768
2026-03-15 00:00:00,M00601,DEVICE_REMOVED,D09153
2026-03-15 00:00:00,M01096,DEVICE_REMOVED,D02866
2026-03-15 00:00:00,M02977,MERCHANT_ONBOARDED,
2026-03-15 00:00:00,M01291,MERCHANT_ONBOARDED,
2026-03-15 00:00:00,M01844,DEVICE_REMOVED,D03906
2026-03-15 00:00:00,M01844,DEVICE_ADDED,D00044
2026-03-15 00:00:00,M02126,MERCHANT_ONBOARDED,
2026-03-15 00:00:00,M01096,DEVICE_ADDED,D05799
2026-03-15 00:00:00,M00601,DEVICE_ADDED,D00950
2026-03-15 00:00:00,M03421,DEVICE_ADDED,D06555
2026-03-15 00:00:00,M01366,DEVICE_REMOVED,D01425
2026-03-15 00:00:00,M01332,DEVICE_ADDED,D09884
2026-03-15 00:00:00,M00700,MERCHANT_ONBOARDED,
2026-03-15 00:00:00,M01332,DEVICE_REMOVED,D04863
2026-03-15 00:00:00,M04599,MERCHANT_ONBOARDED,
2026-03-15 00:00:00,M03340,DEVICE_REMOVED,D04819
2026-03-15 00:00:00,M02795,DEVICE_REMOVED,D01364
2026-03-15 00:00:00,M03340,DEVICE_ADDED,D05216
2026-03-15 00:00:00,M00661,DEVICE_ADDED,D02353
2026-03-15 00:00:00,M01366,DEVICE_ADDED,D03408
2026-03-15 00:00:00,M03026,MERCHANT_ONBOARDED,
2026-03-15 00:00:00,M02229,DEVICE_REMOVED,D01760
2026-03-15 00:00:00,M02603,DEVICE_ADDED,D08819
2026-03-15 00:00:00,M00661,DEVICE_REMOVED,D05668
2026-03-15 00:00:00,M03458,MERCHANT_ONBOARDED,
2026-03-15 00:00:00,M00261,DEVICE_ADDED,D05203
2026-03-15 00:00:00,M00426,DEVICE_REMOVED,D00850
2026-03-15 00:00:00,M00426,DEVICE_ADDED,D01540
2026-03-15 00:00:00,M04368,MERCHANT_ONBOARDED,
2026-03-15 00:00:00,M02229,DEVICE_ADDED,D08458
2026-03-15 00:00:00,M00261,DEVICE_REMOVED,D04241
2026-03-15 00:00:00,M02031,DEVICE_REMOVED,D04239
2026-03-15 00:00:00,M03421,DEVICE_REMOVED,D06482
2026-03-15 00:00:00,M01118,DEVICE_ADDED,D05515
2026-03-15 00:00:00,M02031,DEVICE_ADDED,D04444
2026-03-15 00:00:00,M02850,MERCHANT_ONBOARDED,
2026-03-15 00:00:00,M02795,DEVICE_ADDED,D05435
2026-03-16 00:00:00,M02440,MERCHANT_ONBOARDED,
2026-03-16 00:00:00,M02762,DEVICE_REMOVED,D02561
2026-03-16 00:00:00,M02762,DEVICE_ADDED,D01971
2026-03-16 00:00:00,M01724,DEVICE_REMOVED,D05556
2026-03-16 00:00:00,M01325,DEVICE_REMOVED,D07448
2026-03-16 00:00:00,M03160,DEVICE_ADDED,D02174
2026-03-16 00:00:00,M01724,DEVICE_ADDED,D01476
2026-03-16 00:00:00,M00910,DEVICE_REMOVED,D07355
2026-03-16 00:00:00,M03061,MERCHANT_ONBOARDED,
2026-03-16 00:00:00,M02109,DEVICE_ADDED,D01215
2026-03-16 00:00:00,M02285,MERCHANT_ONBOARDED,
2026-03-16 00:00:00,M00405,DEVICE_REMOVED,D04970
2026-03-16 00:00:00,M00405,DEVICE_ADDED,D09556
2026-03-16 00:00:00,M04018,MERCHANT_ONBOARDED,
2026-03-16 00:00:00,M04490,DEVICE_REMOVED,D06066
2026-03-16 00:00:00,M04490,DEVICE_ADDED,D05225
2026-03-16 00:00:00,M03160,DEVICE_REMOVED,D02852
2026-03-16 00:00:00,M00910,DEVICE_ADDED,D08648
2026-03-16 00:00:00,M04988,DEVICE_ADDED,D03766
2026-03-16 00:00:00,M04988,DEVICE_REMOVED,D09363
2026-03-16 00:00:00,M00441,DEVICE_ADDED,D06903
2026-03-16 00:00:00,M00904,MERCHANT_ONBOARDED,
2026-03-16 00:00:00,M04410,DEVICE_ADDED,D00827
2026-03-16 00:00:00,M02109,DEVICE_REMOVED,D08725
2026-03-16 00:00:00,M04410,DEVICE_REMOVED,D03137
2026-03-16 00:00:00,M00441,DEVICE_REMOVED,D02101
2026-03-16 00:00:00,M00513,DEVICE_REMOVED,D04799
2026-03-16 00:00:00,M00928,DEVICE_ADDED,D05967
2026-03-16 00:00:00,M03272,MERCHANT_ONBOARDED,
2026-03-16 00:00:00,M04733,DEVICE_ADDED,D03002
2026-03-16 00:00:00,M04832,MERCHANT_ONBOARDED,
2026-03-16 00:00:00,M04248,MERCHANT_ONBOARDED,
2026-03-16 00:00:00,M00631,MERCHANT_ONBOARDED,
2026-03-16 00:00:00,M04896,MERCHANT_ONBOARDED,
2026-03-16 00:00:00,M01325,DEVICE_ADDED,D08658
2026-03-16 00:00:00,M02940,MERCHANT_ONBOARDED,
2026-03-16 00:00:00,M03714,MERCHANT_ONBOARDED,
2026-03-16 00:00:00,M02889,MERCHANT_ONBOARDED,
2026-03-16 00:00:00,M03997,DEVICE_REMOVED,D02960
2026-03-16 00:00:00,M00016,DEVICE_REMOVED,D01780
2026-03-16 00:00:00,M04815,DEVICE_ADDED,D06217
2026-03-16 00:00:00,M04815,DEVICE_REMOVED,D09357
2026-03-16 00:00:00,M00772,DEVICE_ADDED,D00122
2026-03-16 00:00:00,M03997,DEVICE_ADDED,D07548
2026-03-16 00:00:00,M00772,DEVICE_REMOVED,D00914
2026-03-16 00:00:00,M04733,DEVICE_REMOVED,D07020
2026-03-16 00:00:00,M01575,DEVICE_ADDED,D04298
2026-03-16 00:00:00,M00513,DEVICE_ADDED,D09442
2026-03-16 00:00:00,M00686,DEVICE_ADDED,D01089
2026-03-16 00:00:00,M01575,DEVICE_REMOVED,D05707
2026-03-16 00:00:00,M00686,DEVICE_REMOVED,D02506
2026-03-16 00:00:00,M03735,DEVICE_REMOVED,D03053
2026-03-16 00:00:00,M03509,MERCHANT_ONBOARDED,
2026-03-16 00:00:00,M04785,MERCHANT_ONBOARDED,
2026-03-16 00:00:00,M01917,MERCHANT_ONBOARDED,
2026-03-16 00:00:00,M00016,DEVICE_ADDED,D08461
2026-03-16 00:00:00,M03735,DEVICE_ADDED,D09607
2026-03-16 00:00:00,M02963,DEVICE_ADDED,D03451
2026-03-16 00:00:00,M02963,DEVICE_REMOVED,D05939
2026-03-16 00:00:00,M00928,DEVICE_REMOVED,D08091
2026-03-17 00:00:00,M00266,DEVICE_REMOVED,D02032
2026-03-17 00:00:00,M00266,DEVICE_ADDED,D03049
2026-03-17 00:00:00,M03389,DEVICE_REMOVED,D09284
2026-03-17 00:00:00,M02185,DEVICE_REMOVED,D00030
2026-03-17 00:00:00,M02248,MERCHANT_ONBOARDED,
2026-03-17 00:00:00,M03389,DEVICE_ADDED,D01020
2026-03-17 00:00:00,M02185,DEVICE_ADDED,D06186
2026-03-17 00:00:00,M01192,DEVICE_ADDED,D00402
2026-03-17 00:00:00,M03983,DEVICE_REMOVED,D05975
2026-03-17 00:00:00,M02468,MERCHANT_ONBOARDED,
2026-03-17 00:00:00,M04237,DEVICE_ADDED,D09483
2026-03-17 00:00:00,M03052,DEVICE_ADDED,D03681
2026-03-17 00:00:00,M03052,DEVICE_REMOVED,D06412
2026-03-17 00:00:00,M03140,DEVICE_REMOVED,D02770
2026-03-17 00:00:00,M00442,MERCHANT_ONBOARDED,
2026-03-17 00:00:00,M00131,DEVICE_ADDED,D01963
2026-03-17 00:00:00,M00131,DEVICE_REMOVED,D01884
2026-03-17 00:00:00,M00697,MERCHANT_ONBOARDED,
2026-03-17 00:00:00,M03140,DEVICE_ADDED,D07169
2026-03-17 00:00:00,M01869,DEVICE_ADDED,D05056
2026-03-17 00:00:00,M01192,DEVICE_REMOVED,D04790
2026-03-17 00:00:00,M00217,DEVICE_REMOVED,D03517
2026-03-17 00:00:00,M00217,DEVICE_ADDED,D05935
2026-03-17 00:00:00,M03968,DEVICE_REMOVED,D02213
2026-03-17 00:00:00,M03968,DEVICE_ADDED,D08882
2026-03-17 00:00:00,M02575,MERCHANT_ONBOARDED,
2026-03-17 00:00:00,M04237,DEVICE_REMOVED,D04789
2026-03-17 00:00:00,M01869,DEVICE_REMOVED,D04357
2026-03-17 00:00:00,M03983,DEVICE_ADDED,D09531
2026-03-17 00:00:00,M00394,DEVICE_REMOVED,D08221
2026-03-17 00:00:00,M04442,MERCHANT_ONBOARDED,
2026-03-17 00:00:00,M04802,DEVICE_REMOVED,D02701
2026-03-17 00:00:00,M01219,DEVICE_ADDED,D04462
2026-03-17 00:00:00,M03269,MERCHANT_ONBOARDED,
2026-03-17 00:00:00,M01274,MERCHANT_ONBOARDED,
2026-03-17 00:00:00,M03674,DEVICE_REMOVED,D09859
2026-03-17 00:00:00,M03674,DEVICE_ADDED,D07897
2026-03-17 00:00:00,M00774,DEVICE_ADDED,D06891
2026-03-17 00:00:00,M00774,DEVICE_REMOVED,D04948
2026-03-17 00:00:00,M04802,DEVICE_ADDED,D03049
2026-03-17 00:00:00,M01567,MERCHANT_ONBOARDED,
2026-03-17 00:00:00,M02650,DEVICE_ADDED,D07151
2026-03-17 00:00:00,M02650,DEVICE_REMOVED,D01959
2026-03-17 00:00:00,M01236,DEVICE_REMOVED,D06408
2026-03-17 00:00:00,M02995,DEVICE_REMOVED,D08676
2026-03-17 00:00:00,M01219,DEVICE_REMOVED,D06213
2026-03-17 00:00:00,M00394,DEVICE_ADDED,D05681
2026-03-17 00:00:00,M02995,DEVICE_ADDED,D08140
2026-03-17 00:00:00,M01236,DEVICE_ADDED,D07112
2026-03-18 00:00:00,M01306,DEVICE_ADDED,D05987
2026-03-18 00:00:00,M00836,DEVICE_REMOVED,D07845
2026-03-18 00:00:00,M01142,DEVICE_REMOVED,D00368
2026-03-18 00:00:00,M01142,DEVICE_ADDED,D06622
2026-03-18 00:00:00,M01081,MERCHANT_ONBOARDED,
2026-03-18 00:00:00,M00462,MERCHANT_ONBOARDED,
2026-03-18 00:00:00,M01328,DEVICE_ADDED,D07151
2026-03-18 00:00:00,M03806,DEVICE_REMOVED,D03746
2026-03-18 00:00:00,M04849,MERCHANT_ONBOARDED,
2026-03-18 00:00:00,M04585,MERCHANT_ONBOARDED,
2026-03-18 00:00:00,M01328,DEVICE_REMOVED,D09262
2026-03-18 00:00:00,M00508,DEVICE_ADDED,D04074
2026-03-18 00:00:00,M00157,DEVICE_REMOVED,D06694
2026-03-18 00:00:00,M00157,DEVICE_ADDED,D08406
2026-03-18 00:00:00,M00508,DEVICE_REMOVED,D07920
2026-03-18 00:00:00,M00854,DEVICE_REMOVED,D02755
2026-03-18 00:00:00,M01873,MERCHANT_ONBOARDED,
2026-03-18 00:00:00,M03806,DEVICE_ADDED,D00110
2026-03-18 00:00:00,M01582,DEVICE_REMOVED,D08320
2026-03-18 00:00:00,M02920,MERCHANT_ONBOARDED,
2026-03-18 00:00:00,M03749,DEVICE_ADDED,D08003
2026-03-18 00:00:00,M01678,DEVICE_REMOVED,D00357
2026-03-18 00:00:00,M01678,DEVICE_ADDED,D08283
2026-03-18 00:00:00,M00102,MERCHANT_ONBOARDED,
2026-03-18 00:00:00,M02936,DEVICE_ADDED,D01191
2026-03-18 00:00:00,M01584,DEVICE_ADDED,D09160
2026-03-18 00:00:00,M02936,DEVICE_REMOVED,D08951
2026-03-18 00:00:00,M01306,DEVICE_REMOVED,D00596
2026-03-18 00:00:00,M04349,MERCHANT_ONBOARDED,
2026-03-18 00:00:00,M00854,DEVICE_ADDED,D00025
2026-03-18 00:00:00,M03749,DEVICE_REMOVED,D04530
2026-03-18 00:00:00,M00666,DEVICE_REMOVED,D04887
2026-03-18 00:00:00,M00666,DEVICE_ADDED,D00485
2026-03-18 00:00:00,M02156,DEVICE_REMOVED,D02242
2026-03-18 00:00:00,M01584,DEVICE_REMOVED,D03325
2026-03-18 00:00:00,M01582,DEVICE_ADDED,D00339
2026-03-18 00:00:00,M02156,DEVICE_ADDED,D07175
2026-03-18 00:00:00,M00359,DEVICE_ADDED,D07997
2026-03-18 00:00:00,M00836,DEVICE_ADDED,D02709
2026-03-18 00:00:00,M02376,MERCHANT_ONBOARDED,
2026-03-18 00:00:00,M04215,DEVICE_REMOVED,D08399
2026-03-18 00:00:00,M04215,DEVICE_ADDED,D07690
2026-03-18 00:00:00,M00519,MERCHANT_ONBOARDED,
2026-03-18 00:00:00,M00953,DEVICE_ADDED,D03225
2026-03-18 00:00:00,M02235,MERCHANT_ONBOARDED,
2026-03-18 00:00:00,M00953,DEVICE_REMOVED,D02551
2026-03-18 00:00:00,M01532,DEVICE_ADDED,D08684
2026-03-18 00:00:00,M02306,MERCHANT_ONBOARDED,
2026-03-18 00:00:00,M01277,MERCHANT_ONBOARDED,
2026-03-18 00:00:00,M03859,DEVICE_ADDED,D04357
2026-03-18 00:00:00,M02503,DEVICE_REMOVED,D04741
2026-03-18 00:00:00,M00359,DEVICE_REMOVED,D07186
2026-03-18 00:00:00,M02503,DEVICE_ADDED,D07211
2026-03-18 00:00:00,M03859,DEVICE_REMOVED,D01163
2026-03-18 00:00:00,M01532,DEVICE_REMOVED,D09091
2026-03-18 00:00:00,M03863,MERCHANT_ONBOARDED,
2026-03-19 00:00:00,M01598,DEVICE_REMOVED,D06711
2026-03-19 00:00:00,M02817,DEVICE_REMOVED,D04602
2026-03-19 00:00:00,M00623,DEVICE_REMOVED,D07069
2026-03-19 00:00:00,M02772,MERCHANT_ONBOARDED,
2026-03-19 00:00:00,M00724,DEVICE_ADDED,D02552
2026-03-19 00:00:00,M00724,DEVICE_REMOVED,D00674
2026-03-19 00:00:00,M04023,MERCHANT_ONBOARDED,
2026-03-19 00:00:00,M02817,DEVICE_ADDED,D07965
2026-03-19 00:00:00,M03375,MERCHANT_ONBOARDED,
2026-03-19 00:00:00,M00623,DEVICE_ADDED,D01433
2026-03-19 00:00:00,M04927,MERCHANT_ONBOARDED,
2026-03-19 00:00:00,M04811,MERCHANT_ONBOARDED,
2026-03-19 00:00:00,M01438,DEVICE_ADDED,D08846
2026-03-19 00:00:00,M04676,DEVICE_ADDED,D07742
2026-03-19 00:00:00,M01161,DEVICE_REMOVED,D00756
2026-03-19 00:00:00,M04676,DEVICE_REMOVED,D06900
2026-03-19 00:00:00,M01684,MERCHANT_ONBOARDED,
2026-03-19 00:00:00,M01679,MERCHANT_ONBOARDED,
2026-03-19 00:00:00,M00681,DEVICE_ADDED,D06262
2026-03-19 00:00:00,M01598,DEVICE_ADDED,D09087
2026-03-19 00:00:00,M01068,MERCHANT_ONBOARDED,
2026-03-19 00:00:00,M01161,DEVICE_ADDED,D05645
2026-03-19 00:00:00,M04290,DEVICE_REMOVED,D03148
2026-03-19 00:00:00,M04290,DEVICE_ADDED,D05980
2026-03-19 00:00:00,M02525,DEVICE_REMOVED,D09654
2026-03-19 00:00:00,M02525,DEVICE_ADDED,D08091
2026-03-19 00:00:00,M00172,DEVICE_REMOVED,D05545
2026-03-19 00:00:00,M00681,DEVICE_REMOVED,D08364
2026-03-19 00:00:00,M04974,DEVICE_REMOVED,D09122
2026-03-19 00:00:00,M00172,DEVICE_ADDED,D09265
2026-03-19 00:00:00,M03941,DEVICE_REMOVED,D02023
2026-03-19 00:00:00,M04968,DEVICE_ADDED,D08414
2026-03-19 00:00:00,M00537,DEVICE_ADDED,D09780
2026-03-19 00:00:00,M03941,DEVICE_ADDED,D07373
2026-03-19 00:00:00,M00537,DEVICE_REMOVED,D04423
2026-03-19 00:00:00,M03891,MERCHANT_ONBOARDED,
2026-03-19 00:00:00,M01955,MERCHANT_ONBOARDED,
2026-03-19 00:00:00,M01959,MERCHANT_ONBOARDED,
2026-03-19 00:00:00,M03331,MERCHANT_ONBOARDED,
2026-03-19 00:00:00,M03173,MERCHANT_ONBOARDED,
2026-03-19 00:00:00,M01722,DEVICE_REMOVED,D07295
2026-03-19 00:00:00,M00370,MERCHANT_ONBOARDED,
2026-03-19 00:00:00,M01722,DEVICE_ADDED,D02208
2026-03-19 00:00:00,M02441,MERCHANT_ONBOARDED,
2026-03-19 00:00:00,M02435,MERCHANT_ONBOARDED,
2026-03-19 00:00:00,M00429,MERCHANT_ONBOARDED,
2026-03-19 00:00:00,M00173,DEVICE_ADDED,D09611
2026-03-19 00:00:00,M00173,DEVICE_REMOVED,D08229
2026-03-19 00:00:00,M00231,DEVICE_REMOVED,D09441
2026-03-19 00:00:00,M00231,DEVICE_ADDED,D09461
2026-03-19 00:00:00,M04974,DEVICE_ADDED,D02043
2026-03-19 00:00:00,M00791,DEVICE_ADDED,D03385
2026-03-19 00:00:00,M02656,DEVICE_ADDED,D07698
2026-03-19 00:00:00,M00570,MERCHANT_ONBOARDED,
2026-03-19 00:00:00,M01438,DEVICE_REMOVED,D03503
2026-03-19 00:00:00,M04968,DEVICE_REMOVED,D00939
2026-03-19 00:00:00,M02651,MERCHANT_ONBOARDED,
2026-03-19 00:00:00,M00791,DEVICE_REMOVED,D03603
2026-03-19 00:00:00,M03089,DEVICE_REMOVED,D05158
2026-03-19 00:00:00,M03089,DEVICE_ADDED,D07985
2026-03-19 00:00:00,M04150,DEVICE_ADDED,D07113
2026-03-19 00:00:00,M04150,DEVICE_REMOVED,D05966
2026-03-19 00:00:00,M02656,DEVICE_REMOVED,D03081
2026-03-20 00:00:00,M04425,MERCHANT_ONBOARDED,
2026-03-20 00:00:00,M04058,DEVICE_REMOVED,D05014
2026-03-20 00:00:00,M03651,MERCHANT_ONBOARDED,
2026-03-20 00:00:00,M04058,DEVICE_ADDED,D05058
2026-03-20 00:00:00,M00196,MERCHANT_ONBOARDED,
2026-03-20 00:00:00,M04259,MERCHANT_ONBOARDED,
2026-03-20 00:00:00,M04055,DEVICE_ADDED,D05948
2026-03-20 00:00:00,M03167,MERCHANT_ONBOARDED,
2026-03-20 00:00:00,M03551,MERCHANT_ONBOARDED,
2026-03-20 00:00:00,M04020,MERCHANT_ONBOARDED,
2026-03-20 00:00:00,M04056,DEVICE_ADDED,D06216
2026-03-20 00:00:00,M04055,DEVICE_REMOVED,D01670
2026-03-20 00:00:00,M04287,MERCHANT_ONBOARDED,
2026-03-20 00:00:00,M04056,DEVICE_REMOVED,D03499
2026-03-20 00:00:00,M02028,DEVICE_REMOVED,D02863
2026-03-20 00:00:00,M02028,DEVICE_ADDED,D08865
2026-03-20 00:00:00,M04048,MERCHANT_ONBOARDED,
2026-03-20 00:00:00,M01627,DEVICE_ADDED,D09218
2026-03-20 00:00:00,M03479,DEVICE_REMOVED,D09433
2026-03-20 00:00:00,M01871,DEVICE_ADDED,D04411
2026-03-20 00:00:00,M01627,DEVICE_REMOVED,D03519
2026-03-20 00:00:00,M01871,DEVICE_REMOVED,D03100
2026-03-20 00:00:00,M02275,DEVICE_REMOVED,D08170
2026-03-20 00:00:00,M02275,DEVICE_ADDED,D05469
2026-03-20 00:00:00,M02833,DEVICE_ADDED,D01174
2026-03-20 00:00:00,M01298,MERCHANT_ONBOARDED,
2026-03-20 00:00:00,M04421,DEVICE_REMOVED,D06892
2026-03-20 00:00:00,M00264,DEVICE_REMOVED,D05105
2026-03-20 00:00:00,M00264,DEVICE_ADDED,D06108
2026-03-20 00:00:00,M01562,DEVICE_ADDED,D02381
2026-03-20 00:00:00,M04421,DEVICE_ADDED,D09617
2026-03-20 00:00:00,M02833,DEVICE_REMOVED,D04025
2026-03-20 00:00:00,M01562,DEVICE_REMOVED,D04028
2026-03-20 00:00:00,M01267,MERCHANT_ONBOARDED,
2026-03-20 00:00:00,M01842,MERCHANT_ONBOARDED,
2026-03-20 00:00:00,M04588,DEVICE_REMOVED,D05955
2026-03-20 00:00:00,M03479,DEVICE_ADDED,D02860
2026-03-20 00:00:00,M02081,MERCHANT_ONBOARDED,
2026-03-20 00:00:00,M00541,MERCHANT_ONBOARDED,
2026-03-20 00:00:00,M04326,DEVICE_REMOVED,D05733
2026-03-20 00:00:00,M04326,DEVICE_ADDED,D03670
2026-03-20 00:00:00,M01389,DEVICE_ADDED,D03553
2026-03-20 00:00:00,M01130,DEVICE_REMOVED,D00548
2026-03-20 00:00:00,M04588,DEVICE_ADDED,D07688
2026-03-20 00:00:00,M02915,DEVICE_ADDED,D05746
2026-03-20 00:00:00,M02915,DEVICE_REMOVED,D07049
2026-03-20 00:00:00,M01130,DEVICE_ADDED,D07595
2026-03-20 00:00:00,M01389,DEVICE_REMOVED,D01008
2026-03-21 00:00:00,M04178,DEVICE_REMOVED,D04794
2026-03-21 00:00:00,M04178,DEVICE_ADDED,D00738
2026-03-21 00:00:00,M02394,DEVICE_ADDED,D05850
2026-03-21 00:00:00,M00128,MERCHANT_ONBOARDED,
2026-03-21 00:00:00,M02421,DEVICE_REMOVED,D04675
2026-03-21 00:00:00,M01556,DEVICE_ADDED,D01529
2026-03-21 00:00:00,M02421,DEVICE_ADDED,D07673
2026-03-21 00:00:00,M02394,DEVICE_REMOVED,D07250
2026-03-21 00:00:00,M02977,DEVICE_ADDED,D08622
2026-03-21 00:00:00,M02977,DEVICE_REMOVED,D05621
2026-03-21 00:00:00,M02067,MERCHANT_ONBOARDED,
2026-03-21 00:00:00,M04146,DEVICE_ADDED,D00404
2026-03-21 00:00:00,M02303,DEVICE_ADDED,D08597
2026-03-21 00:00:00,M03410,MERCHANT_ONBOARDED,
2026-03-21 00:00:00,M03442,MERCHANT_ONBOARDED,
2026-03-21 00:00:00,M02431,DEVICE_REMOVED,D04307
2026-03-21 00:00:00,M03684,DEVICE_ADDED,D08342
2026-03-21 00:00:00,M03684,DEVICE_REMOVED,D00825
2026-03-21 00:00:00,M03772,DEVICE_REMOVED,D06379
2026-03-21 00:00:00,M03772,DEVICE_ADDED,D06923
2026-03-21 00:00:00,M02303,DEVICE_REMOVED,D06518
2026-03-21 00:00:00,M02077,DEVICE_REMOVED,D00050
2026-03-21 00:00:00,M01556,DEVICE_REMOVED,D02270
2026-03-21 00:00:00,M03787,DEVICE_REMOVED,D02092
2026-03-21 00:00:00,M02431,DEVICE_ADDED,D09991
2026-03-21 00:00:00,M03787,DEVICE_ADDED,D02418
2026-03-21 00:00:00,M04146,DEVICE_REMOVED,D01155
2026-03-21 00:00:00,M00813,DEVICE_REMOVED,D06886
2026-03-21 00:00:00,M00813,DEVICE_ADDED,D06701
2026-03-21 00:00:00,M02077,DEVICE_ADDED,D00964
2026-03-21 00:00:00,M01614,MERCHANT_ONBOARDED,
2026-03-21 00:00:00,M04269,DEVICE_REMOVED,D03059
2026-03-21 00:00:00,M00474,DEVICE_ADDED,D09749
2026-03-21 00:00:00,M01925,DEVICE_REMOVED,D00292
2026-03-21 00:00:00,M01543,DEVICE_ADDED,D02355
2026-03-21 00:00:00,M03445,DEVICE_REMOVED,D08667
2026-03-21 00:00:00,M01925,DEVICE_ADDED,D03365
2026-03-21 00:00:00,M01034,DEVICE_ADDED,D04892
2026-03-21 00:00:00,M04201,MERCHANT_ONBOARDED,
2026-03-21 00:00:00,M02983,MERCHANT_ONBOARDED,
2026-03-21 00:00:00,M00659,MERCHANT_ONBOARDED,
2026-03-21 00:00:00,M01061,DEVICE_REMOVED,D09160
2026-03-21 00:00:00,M01061,DEVICE_ADDED,D09965
2026-03-21 00:00:00,M01072,DEVICE_REMOVED,D06380
2026-03-21 00:00:00,M01072,DEVICE_ADDED,D02551
2026-03-21 00:00:00,M00506,MERCHANT_ONBOARDED,
2026-03-21 00:00:00,M02676,MERCHANT_ONBOARDED,
2026-03-21 00:00:00,M04979,MERCHANT_ONBOARDED,
2026-03-21 00:00:00,M04723,MERCHANT_ONBOARDED,
2026-03-21 00:00:00,M04269,DEVICE_ADDED,D08130
2026-03-21 00:00:00,M01034,DEVICE_REMOVED,D05738
2026-03-21 00:00:00,M02404,MERCHANT_ONBOARDED,
2026-03-21 00:00:00,M03445,DEVICE_ADDED,D01062
2026-03-21 00:00:00,M01319,DEVICE_REMOVED,D01210
2026-03-21 00:00:00,M00511,MERCHANT_ONBOARDED,
2026-03-21 00:00:00,M04476,DEVICE_ADDED,D08131
2026-03-21 00:00:00,M01230,MERCHANT_ONBOARDED,
2026-03-21 00:00:00,M01319,DEVICE_ADDED,D05351
2026-03-21 00:00:00,M04476,DEVICE_REMOVED,D05787
2026-03-21 00:00:00,M04187,DEVICE_REMOVED,D03883
2026-03-21 00:00:00,M04187,DEVICE_ADDED,D08347
2026-03-21 00:00:00,M00877,MERCHANT_ONBOARDED,
2026-03-21 00:00:00,M00834,MERCHANT_ONBOARDED,
2026-03-21 00:00:00,M00820,MERCHANT_ONBOARDED,
2026-03-21 00:00:00,M00474,DEVICE_REMOVED,D02898
2026-03-21 00:00:00,M04372,DEVICE_ADDED,D03523
2026-03-21 00:00:00,M04372,DEVICE_REMOVED,D01766
2026-03-21 00:00:00,M01543,DEVICE_REMOVED,D06017
2026-03-22 00:00:00,M01799,MERCHANT_ONBOARDED,
2026-03-22 00:00:00,M01655,MERCHANT_ONBOARDED,
2026-03-22 00:00:00,M02793,MERCHANT_ONBOARDED,
2026-03-22 00:00:00,M02012,MERCHANT_ONBOARDED,
2026-03-22 00:00:00,M03100,DEVICE_REMOVED,D04224
2026-03-22 00:00:00,M02586,MERCHANT_ONBOARDED,
2026-03-22 00:00:00,M02529,DEVICE_REMOVED,D04011
2026-03-22 00:00:00,M02529,DEVICE_ADDED,D02335
2026-03-22 00:00:00,M01926,MERCHANT_ONBOARDED,
2026-03-22 00:00:00,M03100,DEVICE_ADDED,D01949
2026-03-22 00:00:00,M02180,MERCHANT_ONBOARDED,
2026-03-22 00:00:00,M01274,DEVICE_REMOVED,D05284
2026-03-22 00:00:00,M04368,DEVICE_ADDED,D07597
2026-03-22 00:00:00,M00469,DEVICE_REMOVED,D01020
2026-03-22 00:00:00,M01406,DEVICE_REMOVED,D04641
2026-03-22 00:00:00,M03962,DEVICE_REMOVED,D01172
2026-03-22 00:00:00,M00469,DEVICE_ADDED,D02084
2026-03-22 00:00:00,M01274,DEVICE_ADDED,D00108
2026-03-22 00:00:00,M00748,DEVICE_ADDED,D06124
2026-03-22 00:00:00,M00748,DEVICE_REMOVED,D06329
2026-03-22 00:00:00,M04364,DEVICE_REMOVED,D08060
2026-03-22 00:00:00,M01734,DEVICE_ADDED,D01024
2026-03-22 00:00:00,M04368,DEVICE_REMOVED,D03484
2026-03-22 00:00:00,M01734,DEVICE_REMOVED,D06395
2026-03-22 00:00:00,M01606,DEVICE_REMOVED,D08971
2026-03-22 00:00:00,M01234,DEVICE_REMOVED,D06385
2026-03-22 00:00:00,M01616,DEVICE_ADDED,D04442
2026-03-22 00:00:00,M01431,DEVICE_ADDED,D07320
2026-03-22 00:00:00,M01431,DEVICE_REMOVED,D08122
2026-03-22 00:00:00,M01406,DEVICE_ADDED,D07843
2026-03-22 00:00:00,M01606,DEVICE_ADDED,D04791
2026-03-22 00:00:00,M01616,DEVICE_REMOVED,D06543
2026-03-22 00:00:00,M04364,DEVICE_ADDED,D03523
2026-03-22 00:00:00,M00127,DEVICE_ADDED,D07772
2026-03-22 00:00:00,M00127,DEVICE_REMOVED,D09365
2026-03-22 00:00:00,M04243,MERCHANT_ONBOARDED,
2026-03-22 00:00:00,M00073,DEVICE_REMOVED,D01471
2026-03-22 00:00:00,M03962,DEVICE_ADDED,D07866
2026-03-22 00:00:00,M00073,DEVICE_ADDED,D02499
2026-03-22 00:00:00,M04319,DEVICE_REMOVED,D04259
2026-03-22 00:00:00,M01327,DEVICE_ADDED,D05154
2026-03-22 00:00:00,M00980,DEVICE_ADDED,D01370
2026-03-22 00:00:00,M00956,DEVICE_ADDED,D04090
2026-03-22 00:00:00,M03405,DEVICE_ADDED,D06364
2026-03-22 00:00:00,M00956,DEVICE_REMOVED,D09668
2026-03-22 00:00:00,M01327,DEVICE_REMOVED,D07270
2026-03-22 00:00:00,M03405,DEVICE_REMOVED,D06316
2026-03-22 00:00:00,M04319,DEVICE_ADDED,D02662
2026-03-22 00:00:00,M00980,DEVICE_REMOVED,D03671
2026-03-22 00:00:00,M03902,DEVICE_REMOVED,D01371
2026-03-22 00:00:00,M03902,DEVICE_ADDED,D08623
2026-03-22 00:00:00,M01234,DEVICE_ADDED,D02261
2026-03-22 00:00:00,M00219,DEVICE_REMOVED,D09963
2026-03-22 00:00:00,M00215,DEVICE_ADDED,D06728
2026-03-22 00:00:00,M00215,DEVICE_REMOVED,D04139
2026-03-22 00:00:00,M00219,DEVICE_ADDED,D07961
2026-03-23 00:00:00,M01190,DEVICE_ADDED,D04932
2026-03-23 00:00:00,M04212,DEVICE_ADDED,D00633
2026-03-23 00:00:00,M04789,DEVICE_ADDED,D05237
2026-03-23 00:00:00,M04911,MERCHANT_ONBOARDED,
2026-03-23 00:00:00,M00547,DEVICE_ADDED,D05695
2026-03-23 00:00:00,M03408,DEVICE_ADDED,D06862
2026-03-23 00:00:00,M04202,DEVICE_ADDED,D07268
2026-03-23 00:00:00,M02648,MERCHANT_ONBOARDED,
2026-03-23 00:00:00,M04212,DEVICE_REMOVED,D00666
2026-03-23 00:00:00,M04789,DEVICE_REMOVED,D06074
2026-03-23 00:00:00,M03408,DEVICE_REMOVED,D04969
2026-03-23 00:00:00,M00547,DEVICE_REMOVED,D08837
2026-03-23 00:00:00,M03061,DEVICE_ADDED,D03344
2026-03-23 00:00:00,M00084,DEVICE_ADDED,D08195
2026-03-23 00:00:00,M03026,DEVICE_REMOVED,D02280
2026-03-23 00:00:00,M03026,DEVICE_ADDED,D05679
2026-03-23 00:00:00,M02728,DEVICE_REMOVED,D02724
2026-03-23 00:00:00,M02728,DEVICE_ADDED,D05281
2026-03-23 00:00:00,M03596,DEVICE_REMOVED,D05391
2026-03-23 00:00:00,M03596,DEVICE_ADDED,D07261
2026-03-23 00:00:00,M03609,DEVICE_REMOVED,D05376
2026-03-23 00:00:00,M01065,DEVICE_ADDED,D09606
2026-03-23 00:00:00,M01065,DEVICE_REMOVED,D02055
2026-03-23 00:00:00,M03609,DEVICE_ADDED,D05454
2026-03-23 00:00:00,M01873,DEVICE_REMOVED,D09637
2026-03-23 00:00:00,M01873,DEVICE_ADDED,D09129
2026-03-23 00:00:00,M03061,DEVICE_REMOVED,D08492
2026-03-23 00:00:00,M02068,MERCHANT_ONBOARDED,
2026-03-23 00:00:00,M03638,DEVICE_REMOVED,D02084
2026-03-23 00:00:00,M03638,DEVICE_ADDED,D00310
2026-03-23 00:00:00,M01190,DEVICE_REMOVED,D04633
2026-03-23 00:00:00,M00084,DEVICE_REMOVED,D04638
2026-03-23 00:00:00,M04798,MERCHANT_ONBOARDED,
2026-03-23 00:00:00,M03008,DEVICE_ADDED,D08110
2026-03-23 00:00:00,M03792,DEVICE_ADDED,D00217
2026-03-23 00:00:00,M01533,MERCHANT_ONBOARDED,
2026-03-23 00:00:00,M02519,DEVICE_ADDED,D03243
2026-03-23 00:00:00,M03792,DEVICE_REMOVED,D06721
2026-03-23 00:00:00,M00815,DEVICE_REMOVED,D06157
2026-03-23 00:00:00,M02029,DEVICE_ADDED,D04134
2026-03-23 00:00:00,M03305,DEVICE_ADDED,D05614
2026-03-23 00:00:00,M02029,DEVICE_REMOVED,D05695
2026-03-23 00:00:00,M02149,DEVICE_REMOVED,D01041
2026-03-23 00:00:00,M03305,DEVICE_REMOVED,D06276
2026-03-23 00:00:00,M02035,DEVICE_REMOVED,D00051
2026-03-23 00:00:00,M00924,MERCHANT_ONBOARDED,
2026-03-23 00:00:00,M04092,MERCHANT_ONBOARDED,
2026-03-23 00:00:00,M04202,DEVICE_REMOVED,D07214
2026-03-23 00:00:00,M00815,DEVICE_ADDED,D00382
2026-03-23 00:00:00,M00731,DEVICE_REMOVED,D08549
2026-03-23 00:00:00,M00731,DEVICE_ADDED,D04594
2026-03-23 00:00:00,M02035,DEVICE_ADDED,D06243
2026-03-23 00:00:00,M01594,DEVICE_ADDED,D00800
2026-03-23 00:00:00,M03313,DEVICE_REMOVED,D00125
2026-03-23 00:00:00,M03313,DEVICE_ADDED,D00039
2026-03-23 00:00:00,M02819,MERCHANT_ONBOARDED,
2026-03-23 00:00:00,M03008,DEVICE_REMOVED,D02538
2026-03-23 00:00:00,M02336,DEVICE_REMOVED,D02517
2026-03-23 00:00:00,M02336,DEVICE_ADDED,D08616
2026-03-23 00:00:00,M01639,DEVICE_ADDED,D07036
2026-03-23 00:00:00,M04528,DEVICE_REMOVED,D01036
2026-03-23 00:00:00,M02519,DEVICE_REMOVED,D07243
2026-03-23 00:00:00,M04528,DEVICE_ADDED,D01094
2026-03-23 00:00:00,M04714,DEVICE_REMOVED,D08377
2026-03-23 00:00:00,M01639,DEVICE_REMOVED,D06342
2026-03-23 00:00:00,M03316,DEVICE_ADDED,D03126
2026-03-23 00:00:00,M03316,DEVICE_REMOVED,D08141
2026-03-23 00:00:00,M04272,MERCHANT_ONBOARDED,
2026-03-23 00:00:00,M02149,DEVICE_ADDED,D03686
2026-03-23 00:00:00,M04714,DEVICE_ADDED,D02650
2026-03-23 00:00:00,M01594,DEVICE_REMOVED,D03921
2026-03-24 00:00:00,M01002,DEVICE_REMOVED,D07659
2026-03-24 00:00:00,M02848,DEVICE_REMOVED,D02416
2026-03-24 00:00:00,M03687,DEVICE_ADDED,D07907
2026-03-24 00:00:00,M03811,DEVICE_ADDED,D02771
2026-03-24 00:00:00,M01386,DEVICE_ADDED,D08384
2026-03-24 00:00:00,M01386,DEVICE_REMOVED,D00408
2026-03-24 00:00:00,M01263,MERCHANT_ONBOARDED,
2026-03-24 00:00:00,M00945,DEVICE_ADDED,D02974
2026-03-24 00:00:00,M03811,DEVICE_REMOVED,D04968
2026-03-24 00:00:00,M00958,MERCHANT_ONBOARDED,
2026-03-24 00:00:00,M00715,DEVICE_REMOVED,D09957
2026-03-24 00:00:00,M02441,DEVICE_ADDED,D09767
2026-03-24 00:00:00,M03487,MERCHANT_ONBOARDED,
2026-03-24 00:00:00,M03687,DEVICE_REMOVED,D04758
2026-03-24 00:00:00,M01808,MERCHANT_ONBOARDED,
2026-03-24 00:00:00,M04672,DEVICE_ADDED,D04393
2026-03-24 00:00:00,M04672,DEVICE_REMOVED,D07333
2026-03-24 00:00:00,M01932,MERCHANT_ONBOARDED,
2026-03-24 00:00:00,M02566,DEVICE_REMOVED,D06175
2026-03-24 00:00:00,M04875,DEVICE_REMOVED,D02922
2026-03-24 00:00:00,M04875,DEVICE_ADDED,D07478
2026-03-24 00:00:00,M01615,DEVICE_ADDED,D03082
2026-03-24 00:00:00,M02566,DEVICE_ADDED,D08133
2026-03-24 00:00:00,M00500,DEVICE_ADDED,D03778
2026-03-24 00:00:00,M00500,DEVICE_REMOVED,D02297
2026-03-24 00:00:00,M01615,DEVICE_REMOVED,D07532
2026-03-24 00:00:00,M00715,DEVICE_ADDED,D06946
2026-03-24 00:00:00,M01002,DEVICE_ADDED,D02327
2026-03-24 00:00:00,M02441,DEVICE_REMOVED,D05838
2026-03-24 00:00:00,M02848,DEVICE_ADDED,D08931
2026-03-24 00:00:00,M00599,MERCHANT_ONBOARDED,
2026-03-24 00:00:00,M00945,DEVICE_REMOVED,D07258
2026-03-24 00:00:00,M04587,MERCHANT_ONBOARDED,
2026-03-24 00:00:00,M01935,DEVICE_REMOVED,D07361
2026-03-24 00:00:00,M01935,DEVICE_ADDED,D04996
2026-03-24 00:00:00,M00032,DEVICE_ADDED,D04536
2026-03-24 00:00:00,M01291,DEVICE_REMOVED,D08749
2026-03-24 00:00:00,M00032,DEVICE_REMOVED,D08122
2026-03-24 00:00:00,M04083,DEVICE_ADDED,D00818
2026-03-24 00:00:00,M03380,DEVICE_ADDED,D02531
2026-03-24 00:00:00,M03380,DEVICE_REMOVED,D02932
2026-03-24 00:00:00,M03233,DEVICE_REMOVED,D01324
2026-03-24 00:00:00,M04064,DEVICE_REMOVED,D03239
2026-03-24 00:00:00,M04507,MERCHANT_ONBOARDED,
2026-03-24 00:00:00,M04064,DEVICE_ADDED,D03662
2026-03-24 00:00:00,M04260,MERCHANT_ONBOARDED,
2026-03-24 00:00:00,M04121,MERCHANT_ONBOARDED,
2026-03-24 00:00:00,M04085,MERCHANT_ONBOARDED,
2026-03-24 00:00:00,M03233,DEVICE_ADDED,D04145
2026-03-24 00:00:00,M03984,MERCHANT_ONBOARDED,
2026-03-24 00:00:00,M01291,DEVICE_ADDED,D09812
2026-03-24 00:00:00,M03834,MERCHANT_ONBOARDED,
2026-03-24 00:00:00,M03813,MERCHANT_ONBOARDED,
2026-03-24 00:00:00,M03247,DEVICE_ADDED,D07042
2026-03-24 00:00:00,M03247,DEVICE_REMOVED,D04037
2026-03-24 00:00:00,M04123,DEVICE_REMOVED,D05464
2026-03-24 00:00:00,M04083,DEVICE_REMOVED,D07376
2026-03-24 00:00:00,M03755,MERCHANT_ONBOARDED,
2026-03-24 00:00:00,M03072,DEVICE_ADDED,D02189
2026-03-24 00:00:00,M03072,DEVICE_REMOVED,D08784
2026-03-24 00:00:00,M04123,DEVICE_ADDED,D09360
2026-03-24 00:00:00,M00162,DEVICE_ADDED,D09415
2026-03-24 00:00:00,M04029,DEVICE_ADDED,D06852
2026-03-24 00:00:00,M00162,DEVICE_REMOVED,D08754
2026-03-24 00:00:00,M02222,DEVICE_ADDED,D01445
2026-03-24 00:00:00,M03049,DEVICE_ADDED,D07935
2026-03-24 00:00:00,M03049,DEVICE_REMOVED,D00687
2026-03-24 00:00:00,M02222,DEVICE_REMOVED,D08702
2026-03-24 00:00:00,M04029,DEVICE_REMOVED,D08312
2026-03-25 00:00:00,M00498,DEVICE_ADDED,D00913
2026-03-25 00:00:00,M02091,DEVICE_REMOVED,D01574
2026-03-25 00:00:00,M04137,DEVICE_ADDED,D09508
2026-03-25 00:00:00,M01434,DEVICE_REMOVED,D06090
2026-03-25 00:00:00,M01592,MERCHANT_ONBOARDED,
2026-03-25 00:00:00,M03678,MERCHANT_ONBOARDED,
2026-03-25 00:00:00,M00793,MERCHANT_ONBOARDED,
2026-03-25 00:00:00,M03384,MERCHANT_ONBOARDED,
2026-03-25 00:00:00,M02091,DEVICE_ADDED,D02382
2026-03-25 00:00:00,M01434,DEVICE_ADDED,D04154
2026-03-25 00:00:00,M03756,DEVICE_ADDED,D01511
2026-03-25 00:00:00,M03756,DEVICE_REMOVED,D09536
2026-03-25 00:00:00,M03269,DEVICE_REMOVED,D06432
2026-03-25 00:00:00,M03269,DEVICE_ADDED,D07646
2026-03-25 00:00:00,M03975,MERCHANT_ONBOARDED,
2026-03-25 00:00:00,M00290,DEVICE_ADDED,D06332
2026-03-25 00:00:00,M03093,MERCHANT_ONBOARDED,
2026-03-25 00:00:00,M04537,DEVICE_ADDED,D08906
2026-03-25 00:00:00,M04072,MERCHANT_ONBOARDED,
2026-03-25 00:00:00,M00290,DEVICE_REMOVED,D08215
2026-03-25 00:00:00,M01842,DEVICE_ADDED,D04293
2026-03-25 00:00:00,M02610,DEVICE_ADDED,D09421
2026-03-25 00:00:00,M01003,DEVICE_ADDED,D07426
2026-03-25 00:00:00,M03849,MERCHANT_ONBOARDED,
2026-03-25 00:00:00,M01003,DEVICE_REMOVED,D09268
2026-03-25 00:00:00,M04425,DEVICE_REMOVED,D08632
2026-03-25 00:00:00,M02709,DEVICE_ADDED,D02739
2026-03-25 00:00:00,M03767,MERCHANT_ONBOARDED,
2026-03-25 00:00:00,M01359,MERCHANT_ONBOARDED,
2026-03-25 00:00:00,M01364,MERCHANT_ONBOARDED,
2026-03-25 00:00:00,M01368,MERCHANT_ONBOARDED,
2026-03-25 00:00:00,M02471,DEVICE_ADDED,D02061
2026-03-25 00:00:00,M02471,DEVICE_REMOVED,D08694
2026-03-25 00:00:00,M02468,DEVICE_ADDED,D08592
2026-03-25 00:00:00,M02709,DEVICE_REMOVED,D07666
2026-03-25 00:00:00,M01842,DEVICE_REMOVED,D07156
2026-03-25 00:00:00,M02468,DEVICE_REMOVED,D09505
2026-03-25 00:00:00,M02089,DEVICE_REMOVED,D01045
2026-03-25 00:00:00,M02089,DEVICE_ADDED,D06474
2026-03-25 00:00:00,M03785,MERCHANT_ONBOARDED,
2026-03-25 00:00:00,M01809,DEVICE_ADDED,D07552
2026-03-25 00:00:00,M01809,DEVICE_REMOVED,D06976
2026-03-25 00:00:00,M03265,MERCHANT_ONBOARDED,
2026-03-25 00:00:00,M04137,DEVICE_REMOVED,D04236
2026-03-25 00:00:00,M02610,DEVICE_REMOVED,D02317
2026-03-25 00:00:00,M02794,DEVICE_ADDED,D04037
2026-03-25 00:00:00,M03471,MERCHANT_ONBOARDED,
2026-03-25 00:00:00,M00917,DEVICE_ADDED,D01662
2026-03-25 00:00:00,M02794,DEVICE_REMOVED,D03697
2026-03-25 00:00:00,M04153,DEVICE_REMOVED,D02509
2026-03-25 00:00:00,M00917,DEVICE_REMOVED,D06461
2026-03-25 00:00:00,M04153,DEVICE_ADDED,D05388
2026-03-25 00:00:00,M01277,DEVICE_ADDED,D08805
2026-03-25 00:00:00,M01950,DEVICE_REMOVED,D06479
2026-03-25 00:00:00,M00744,MERCHANT_ONBOARDED,
2026-03-25 00:00:00,M01277,DEVICE_REMOVED,D05360
2026-03-25 00:00:00,M00539,DEVICE_ADDED,D04649
2026-03-25 00:00:00,M00539,DEVICE_REMOVED,D05597
2026-03-25 00:00:00,M01699,DEVICE_REMOVED,D01114
2026-03-25 00:00:00,M00536,DEVICE_ADDED,D03418
2026-03-25 00:00:00,M00536,DEVICE_REMOVED,D01245
2026-03-25 00:00:00,M01489,DEVICE_ADDED,D09140
2026-03-25 00:00:00,M01699,DEVICE_ADDED,D04369
2026-03-25 00:00:00,M03473,DEVICE_ADDED,D00421
2026-03-25 00:00:00,M02320,DEVICE_ADDED,D01461
2026-03-25 00:00:00,M00904,DEVICE_REMOVED,D01272
2026-03-25 00:00:00,M02320,DEVICE_REMOVED,D01525
2026-03-25 00:00:00,M00519,DEVICE_ADDED,D09730
2026-03-25 00:00:00,M00519,DEVICE_REMOVED,D03237
2026-03-25 00:00:00,M00904,DEVICE_ADDED,D01332
2026-03-25 00:00:00,M03473,DEVICE_REMOVED,D00044
2026-03-25 00:00:00,M02000,MERCHANT_ONBOARDED,
2026-03-25 00:00:00,M04456,DEVICE_REMOVED,D06541
2026-03-25 00:00:00,M01950,DEVICE_ADDED,D06666
2026-03-25 00:00:00,M02681,MERCHANT_ONBOARDED,
2026-03-25 00:00:00,M01489,DEVICE_REMOVED,D06111
2026-03-25 00:00:00,M02326,DEVICE_REMOVED,D05578
2026-03-25 00:00:00,M02152,DEVICE_REMOVED,D07378
2026-03-25 00:00:00,M00498,DEVICE_REMOVED,D07192
2026-03-25 00:00:00,M02152,DEVICE_ADDED,D05115
2026-03-25 00:00:00,M04537,DEVICE_REMOVED,D01235
2026-03-25 00:00:00,M00687,DEVICE_ADDED,D03125
2026-03-25 00:00:00,M00687,DEVICE_REMOVED,D04056
2026-03-25 00:00:00,M03323,DEVICE_REMOVED,D02643
2026-03-25 00:00:00,M03323,DEVICE_ADDED,D01591
2026-03-25 00:00:00,M04456,DEVICE_ADDED,D00220
2026-03-25 00:00:00,M03714,DEVICE_ADDED,D07054
2026-03-25 00:00:00,M02380,DEVICE_ADDED,D05824
2026-03-25 00:00:00,M03714,DEVICE_REMOVED,D02671
2026-03-25 00:00:00,M00462,DEVICE_REMOVED,D05074
2026-03-25 00:00:00,M03435,MERCHANT_ONBOARDED,
2026-03-25 00:00:00,M04425,DEVICE_ADDED,D04903
2026-03-25 00:00:00,M00652,DEVICE_ADDED,D03629
2026-03-25 00:00:00,M00652,DEVICE_REMOVED,D01385
2026-03-25 00:00:00,M00462,DEVICE_ADDED,D05954
2026-03-25 00:00:00,M00631,DEVICE_ADDED,D09483
2026-03-25 00:00:00,M00631,DEVICE_REMOVED,D04772
2026-03-25 00:00:00,M02326,DEVICE_ADDED,D04707
2026-03-25 00:00:00,M01138,MERCHANT_ONBOARDED,
2026-03-25 00:00:00,M02380,DEVICE_REMOVED,D06145
2026-03-26 00:00:00,M02649,DEVICE_REMOVED,D06557
2026-03-26 00:00:00,M02717,DEVICE_ADDED,D09271
2026-03-26 00:00:00,M04404,DEVICE_ADDED,D09444
2026-03-26 00:00:00,M01080,MERCHANT_ONBOARDED,
2026-03-26 00:00:00,M01168,DEVICE_REMOVED,D08940
2026-03-26 00:00:00,M01168,DEVICE_ADDED,D06540
2026-03-26 00:00:00,M04023,DEVICE_REMOVED,D01770
2026-03-26 00:00:00,M04023,DEVICE_ADDED,D09954
2026-03-26 00:00:00,M02676,DEVICE_ADDED,D00335
2026-03-26 00:00:00,M01182,DEVICE_REMOVED,D04677
2026-03-26 00:00:00,M01182,DEVICE_ADDED,D05639
2026-03-26 00:00:00,M02676,DEVICE_REMOVED,D00893
2026-03-26 00:00:00,M00740,MERCHANT_ONBOARDED,
2026-03-26 00:00:00,M02638,DEVICE_ADDED,D01433
2026-03-26 00:00:00,M04366,DEVICE_REMOVED,D00677
2026-03-26 00:00:00,M04059,DEVICE_REMOVED,D00512
2026-03-26 00:00:00,M04366,DEVICE_ADDED,D02201
2026-03-26 00:00:00,M04059,DEVICE_ADDED,D06409
2026-03-26 00:00:00,M04164,DEVICE_ADDED,D06811
2026-03-26 00:00:00,M04164,DEVICE_REMOVED,D03808
2026-03-26 00:00:00,M02717,DEVICE_REMOVED,D04173
2026-03-26 00:00:00,M04151,DEVICE_ADDED,D09852
2026-03-26 00:00:00,M04151,DEVICE_REMOVED,D03420
2026-03-26 00:00:00,M04404,DEVICE_REMOVED,D01602
2026-03-26 00:00:00,M02649,DEVICE_ADDED,D04171
2026-03-26 00:00:00,M03507,MERCHANT_ONBOARDED,
2026-03-26 00:00:00,M01644,DEVICE_ADDED,D07238
2026-03-26 00:00:00,M02285,DEVICE_REMOVED,D01462
2026-03-26 00:00:00,M03091,DEVICE_REMOVED,D07312
2026-03-26 00:00:00,M00119,DEVICE_REMOVED,D03650
2026-03-26 00:00:00,M00119,DEVICE_ADDED,D00271
2026-03-26 00:00:00,M02455,MERCHANT_ONBOARDED,
2026-03-26 00:00:00,M00150,DEVICE_REMOVED,D05465
2026-03-26 00:00:00,M00150,DEVICE_ADDED,D05173
2026-03-26 00:00:00,M00182,DEVICE_REMOVED,D03306
2026-03-26 00:00:00,M00182,DEVICE_ADDED,D06601
2026-03-26 00:00:00,M03091,DEVICE_ADDED,D03182
2026-03-26 00:00:00,M02366,MERCHANT_ONBOARDED,
2026-03-26 00:00:00,M00295,DEVICE_ADDED,D09468
2026-03-26 00:00:00,M01833,DEVICE_ADDED,D07149
2026-03-26 00:00:00,M01833,DEVICE_REMOVED,D07481
2026-03-26 00:00:00,M01093,MERCHANT_ONBOARDED,
2026-03-26 00:00:00,M02285,DEVICE_ADDED,D03874
2026-03-26 00:00:00,M02299,DEVICE_REMOVED,D03933
2026-03-26 00:00:00,M02299,DEVICE_ADDED,D03474
2026-03-26 00:00:00,M02983,DEVICE_ADDED,D05678
2026-03-26 00:00:00,M00295,DEVICE_REMOVED,D01258
2026-03-26 00:00:00,M02983,DEVICE_REMOVED,D03577
2026-03-26 00:00:00,M04981,MERCHANT_ONBOARDED,
2026-03-26 00:00:00,M01978,DEVICE_REMOVED,D00886
2026-03-26 00:00:00,M03532,MERCHANT_ONBOARDED,
2026-03-26 00:00:00,M03582,MERCHANT_ONBOARDED,
2026-03-26 00:00:00,M03654,MERCHANT_ONBOARDED,
2026-03-26 00:00:00,M03236,DEVICE_REMOVED,D04445
2026-03-26 00:00:00,M03236,DEVICE_ADDED,D02903
2026-03-26 00:00:00,M03777,MERCHANT_ONBOARDED,
2026-03-26 00:00:00,M03167,DEVICE_ADDED,D07211
2026-03-26 00:00:00,M03167,DEVICE_REMOVED,D08750
2026-03-26 00:00:00,M04952,MERCHANT_ONBOARDED,
2026-03-26 00:00:00,M03261,MERCHANT_ONBOARDED,
2026-03-26 00:00:00,M03267,DEVICE_ADDED,D03826
2026-03-26 00:00:00,M04011,MERCHANT_ONBOARDED,
2026-03-26 00:00:00,M02996,MERCHANT_ONBOARDED,
2026-03-26 00:00:00,M02980,MERCHANT_ONBOARDED,
2026-03-26 00:00:00,M02901,MERCHANT_ONBOARDED,
2026-03-26 00:00:00,M02169,DEVICE_REMOVED,D02070
2026-03-26 00:00:00,M02169,DEVICE_ADDED,D00257
2026-03-26 00:00:00,M01978,DEVICE_ADDED,D00201
2026-03-26 00:00:00,M03267,DEVICE_REMOVED,D04692
2026-03-26 00:00:00,M02096,MERCHANT_ONBOARDED,
2026-03-26 00:00:00,M02638,DEVICE_REMOVED,D08196
2026-03-26 00:00:00,M02940,DEVICE_ADDED,D02034
2026-03-26 00:00:00,M02940,DEVICE_REMOVED,D01202
2026-03-26 00:00:00,M01644,DEVICE_REMOVED,D02935
2026-03-26 00:00:00,M02496,DEVICE_REMOVED,D03639
2026-03-26 00:00:00,M02839,DEVICE_REMOVED,D00349
2026-03-26 00:00:00,M01714,MERCHANT_ONBOARDED,
2026-03-26 00:00:00,M02889,DEVICE_ADDED,D08173
2026-03-26 00:00:00,M01628,MERCHANT_ONBOARDED,
2026-03-26 00:00:00,M02889,DEVICE_REMOVED,D06367
2026-03-26 00:00:00,M02839,DEVICE_ADDED,D01503
2026-03-26 00:00:00,M01579,DEVICE_REMOVED,D07551
2026-03-26 00:00:00,M00820,DEVICE_ADDED,D05429
2026-03-26 00:00:00,M00820,DEVICE_REMOVED,D03574
2026-03-26 00:00:00,M01579,DEVICE_ADDED,D07203
2026-03-26 00:00:00,M00765,DEVICE_REMOVED,D01054
2026-03-26 00:00:00,M00765,DEVICE_ADDED,D07625
2026-03-26 00:00:00,M02435,DEVICE_ADDED,D01312
2026-03-26 00:00:00,M00884,DEVICE_REMOVED,D04077
2026-03-26 00:00:00,M02435,DEVICE_REMOVED,D04115
2026-03-26 00:00:00,M02496,DEVICE_ADDED,D06092
2026-03-26 00:00:00,M00511,DEVICE_REMOVED,D06828
2026-03-26 00:00:00,M00511,DEVICE_ADDED,D01226
2026-03-26 00:00:00,M00907,DEVICE_ADDED,D02411
2026-03-26 00:00:00,M00907,DEVICE_REMOVED,D05924
2026-03-26 00:00:00,M01207,MERCHANT_ONBOARDED,
2026-03-26 00:00:00,M01238,MERCHANT_ONBOARDED,
2026-03-26 00:00:00,M04837,DEVICE_ADDED,D06617
2026-03-26 00:00:00,M01948,MERCHANT_ONBOARDED,
2026-03-26 00:00:00,M04837,DEVICE_REMOVED,D06297
2026-03-26 00:00:00,M00551,DEVICE_REMOVED,D02094
2026-03-26 00:00:00,M00551,DEVICE_ADDED,D04478
2026-03-26 00:00:00,M00884,DEVICE_ADDED,D08835
2026-03-27 00:00:00,M04243,DEVICE_ADDED,D01436
2026-03-27 00:00:00,M01926,DEVICE_REMOVED,D05408
2026-03-27 00:00:00,M02586,DEVICE_REMOVED,D07115
2026-03-27 00:00:00,M02586,DEVICE_ADDED,D09557
2026-03-27 00:00:00,M04243,DEVICE_REMOVED,D01096
2026-03-27 00:00:00,M01926,DEVICE_ADDED,D04336
2026-03-28 00:00:00,M02068,DEVICE_ADDED,D03618
2026-03-28 00:00:00,M01533,DEVICE_ADDED,D01696
2026-03-28 00:00:00,M02068,DEVICE_REMOVED,D00116
2026-03-28 00:00:00,M01533,DEVICE_REMOVED,D03286
2026-03-28 00:00:00,M04272,DEVICE_ADDED,D08684
2026-03-28 00:00:00,M04272,DEVICE_REMOVED,D05628
2026-03-29 00:00:00,M03813,DEVICE_REMOVED,D05546
2026-03-29 00:00:00,M03813,DEVICE_ADDED,D00110
2026-03-29 00:00:00,M03984,DEVICE_ADDED,D09130
2026-03-29 00:00:00,M01808,DEVICE_ADDED,D08992
2026-03-29 00:00:00,M03984,DEVICE_REMOVED,D07225
2026-03-29 00:00:00,M01808,DEVICE_REMOVED,D09298
2026-03-30 00:00:00,M00744,DEVICE_ADDED,D01308
2026-03-30 00:00:00,M00793,DEVICE_REMOVED,D06934
2026-03-30 00:00:00,M02000,DEVICE_REMOVED,D01777
2026-03-30 00:00:00,M02000,DEVICE_ADDED,D04097
2026-03-30 00:00:00,M03384,DEVICE_ADDED,D02301
2026-03-30 00:00:00,M00793,DEVICE_ADDED,D06515
2026-03-30 00:00:00,M03384,DEVICE_REMOVED,D01875
2026-03-30 00:00:00,M00744,DEVICE_REMOVED,D03728
2026-03-31 00:00:00,M02996,DEVICE_REMOVED,D00998
2026-03-31 00:00:00,M03532,DEVICE_ADDED,D08334
2026-03-31 00:00:00,M03532,DEVICE_REMOVED,D04151
2026-03-31 00:00:00,M02996,DEVICE_ADDED,D04909
2026-03-31 00:00:00,M01207,DEVICE_REMOVED,D04306
2026-03-31 00:00:00,M03507,DEVICE_REMOVED,D00318
2026-03-31 00:00:00,M00740,DEVICE_REMOVED,D05559
2026-03-31 00:00:00,M00740,DEVICE_ADDED,D05412
2026-03-31 00:00:00,M02980,DEVICE_REMOVED,D03214
2026-03-31 00:00:00,M01207,DEVICE_ADDED,D00460
2026-03-31 00:00:00,M03507,DEVICE_ADDED,D04958
2026-03-31 00:00:00,M02980,DEVICE_ADDED,D09178
