merchant_id,entity_type,entity_id,start_time,end_time
M00001,ip,I02318,2026-01-01 00:00:00,2026-04-01
M00001,device,D03476,2026-01-01 00:00:00,2026-01-14
M00001,device,D03021,2026-01-14 00:00:00,2026-04-01
M00002,ip,I06032,2026-01-01 00:00:00,2026-04-01
M00002,device,D08068,2026-01-01 00:00:00,2026-04-01
M00003,ip,I08710,2026-01-01 00:00:00,2026-04-01
M00003,device,D01716,2026-01-01 00:00:00,2026-04-01
M00004,ip,I02760,2026-01-01 00:00:00,2026-04-01
M00004,device,D09536,2026-01-01 00:00:00,2026-04-01
M00005,ip,I03302,2026-01-01 00:00:00,2026-04-01
M00005,device,D04416,2026-01-01 00:00:00,2026-01-19
M00005,device,D03046,2026-01-19 00:00:00,2026-04-01
M00006,ip,I04823,2026-03-08 00:00:00,2026-02-15
M00006,device,D08147,2026-03-08 00:00:00,2026-04-01
M00007,ip,I09077,2026-01-01 00:00:00,2026-04-01
M00007,device,D04355,2026-01-01 00:00:00,2026-04-01
M00008,ip,I07972,2026-01-01 00:00:00,2026-04-01
M00008,device,D03803,2026-01-01 00:00:00,2026-04-01
M00009,ip,I04416,2026-01-01 00:00:00,2026-04-01
M00009,device,D00316,2026-01-01 00:00:00,2026-04-01
M00010,ip,I09357,2026-01-01 00:00:00,2026-04-01
M00010,device,D08551,2026-01-01 00:00:00,2026-04-01
M00011,ip,I09497,2026-01-08 00:00:00,2026-02-03
M00011,device,D07565,2026-01-08 00:00:00,2026-04-01
M00012,ip,I08681,2026-02-17 00:00:00,2026-04-01
M00012,device,D08156,2026-02-17 00:00:00,2026-04-01
M00013,ip,I03859,2026-01-01 00:00:00,2026-04-01
M00013,device,D02543,2026-01-01 00:00:00,2026-04-01
M00014,ip,I02249,2026-01-01 00:00:00,2026-04-01
M00014,device,D06608,2026-01-01 00:00:00,2026-04-01
M00015,ip,I03615,2026-01-01 00:00:00,2026-04-01
M00015,device,D08851,2026-01-01 00:00:00,2026-04-01
M00016,ip,I07105,2026-01-01 00:00:00,2026-04-01
M00016,device,D01780,2026-01-01 00:00:00,2026-03-16
M00016,device,D08461,2026-03-16 00:00:00,2026-04-01
M00017,ip,I01782,2026-01-01 00:00:00,2026-04-01
M00017,device,D00088,2026-01-01 00:00:00,2026-04-01
M00018,ip,I07164,2026-01-01 00:00:00,2026-04-01
M00018,device,D00556,2026-01-01 00:00:00,2026-04-01
M00019,ip,I09157,2026-02-16 00:00:00,2026-04-01
M00019,device,D08002,2026-02-16 00:00:00,2026-04-01
M00020,ip,I03221,2026-01-01 00:00:00,2026-04-01
M00020,device,D08224,2026-01-01 00:00:00,2026-01-10
M00020,device,D05116,2026-01-10 00:00:00,2026-04-01
M00021,ip,I00755,2026-01-01 00:00:00,2026-04-01
M00021,device,D05825,2026-01-01 00:00:00,2026-04-01
M00022,ip,I04324,2026-01-01 00:00:00,2026-04-01
M00022,device,D00937,2026-01-01 00:00:00,2026-04-01
M00023,ip,I02619,2026-01-01 00:00:00,2026-04-01
M00023,device,D06594,2026-01-01 00:00:00,2026-04-01
M00024,ip,I04356,2026-02-09 00:00:00,2026-04-01
M00024,device,D08483,2026-02-09 00:00:00,2026-04-01
M00025,ip,I09421,2026-02-28 00:00:00,2026-04-01
M00025,device,D05172,2026-02-28 00:00:00,2026-04-01
M00026,ip,I00731,2026-02-10 00:00:00,2026-04-01
M00026,device,D08586,2026-02-10 00:00:00,2026-04-01
M00027,ip,I01154,2026-01-01 00:00:00,2026-04-01
M00027,device,D08023,2026-01-01 00:00:00,2026-04-01
M00028,ip,I09939,2026-01-01 00:00:00,2026-04-01
M00028,device,D08797,2026-01-01 00:00:00,2026-02-01
M00028,device,D02927,2026-02-01 00:00:00,2026-04-01
M00029,ip,I05138,2026-01-01 00:00:00,2026-04-01
M00029,device,D09762,2026-01-01 00:00:00,2026-04-01
M00030,ip,I08050,2026-01-01 00:00:00,2026-04-01
M00030,device,D01765,2026-01-01 00:00:00,2026-04-01
M00031,ip,I02033,2026-01-01 00:00:00,2026-04-01
M00031,device,D06458,2026-01-01 00:00:00,2026-04-01
M00032,ip,I08432,2026-01-01 00:00:00,2026-04-01
M00032,device,D08122,2026-01-01 00:00:00,2026-03-24
M00032,device,D04536,2026-03-24 00:00:00,2026-04-01
M00033,ip,I06328,2026-01-01 00:00:00,2026-04-01
M00033,device,D00206,2026-01-01 00:00:00,2026-04-01
M00034,ip,I09283,2026-01-12 00:00:00,2026-01-26
M00034,device,D01740,2026-01-12 00:00:00,2026-04-01
M00035,ip,I01462,2026-03-09 00:00:00,2026-04-01
M00035,device,D05707,2026-03-09 00:00:00,2026-04-01
M00036,ip,I00837,2026-01-01 00:00:00,2026-02-02
M00036,device,D05635,2026-01-01 00:00:00,2026-02-02
M00037,ip,I07692,2026-01-01 00:00:00,2026-04-01
M00037,device,D06262,2026-01-01 00:00:00,2026-03-10
M00037,device,D03668,2026-03-10 00:00:00,2026-04-01
M00038,ip,I05477,2026-01-01 00:00:00,2026-04-01
M00038,device,D05466,2026-01-01 00:00:00,2026-04-01
M00039,ip,I03844,2026-01-01 00:00:00,2026-04-01
M00039,device,D07604,2026-01-01 00:00:00,2026-04-01
M00040,ip,I03444,2026-01-12 00:00:00,2026-04-01
M00040,device,D08287,2026-01-12 00:00:00,2026-02-13
M00040,device,D07694,2026-02-13 00:00:00,2026-04-01
M00041,ip,I01187,2026-01-01 00:00:00,2026-04-01
M00041,device,D01835,2026-01-01 00:00:00,2026-04-01
M00042,ip,I04510,2026-01-01 00:00:00,2026-04-01
M00042,device,D03206,2026-01-01 00:00:00,2026-04-01
M00043,ip,I08073,2026-01-01 00:00:00,2026-04-01
M00043,device,D02128,2026-01-01 00:00:00,2026-04-01
M00044,ip,I05571,2026-01-01 00:00:00,2026-04-01
M00044,device,D05736,2026-01-01 00:00:00,2026-04-01
M00045,ip,I09566,2026-01-01 00:00:00,2026-04-01
M00045,device,D07118,2026-01-01 00:00:00,2026-04-01
M00046,ip,I06613,2026-01-26 00:00:00,2026-04-01
M00046,device,D08292,2026-01-26 00:00:00,2026-02-11
M00046,device,D06328,2026-02-11 00:00:00,2026-04-01
M00047,ip,I02424,2026-01-01 00:00:00,2026-04-01
M00047,device,D03905,2026-01-01 00:00:00,2026-04-01
M00048,ip,I05175,2026-01-01 00:00:00,2026-04-01
M00048,device,D00245,2026-01-01 00:00:00,2026-04-01
M00049,ip,I01134,2026-01-01 00:00:00,2026-04-01
M00049,device,D06518,2026-01-01 00:00:00,2026-04-01
M00050,ip,I09675,2026-01-20 00:00:00,2026-04-01
M00050,device,D02380,2026-01-20 00:00:00,2026-04-01
M00051,ip,I09326,2026-01-01 00:00:00,2026-04-01
M00051,device,D08498,2026-01-01 00:00:00,2026-03-10
M00051,device,D03672,2026-03-10 00:00:00,2026-04-01
M00052,ip,I09102,2026-01-01 00:00:00,2026-04-01
M00052,device,D09904,2026-01-01 00:00:00,2026-04-01
M00053,ip,I05334,2026-01-01 00:00:00,2026-04-01
M00053,device,D00340,2026-01-01 00:00:00,2026-04-01
M00054,ip,I00441,2026-01-01 00:00:00,2026-01-26
M00054,device,D00655,2026-01-01 00:00:00,2026-04-01
M00055,ip,I06974,2026-01-01 00:00:00,2026-04-01
M00055,device,D04416,2026-01-01 00:00:00,2026-04-01
M00056,ip,I03229,2026-03-11 00:00:00,2026-04-01
M00056,device,D02730,2026-03-11 00:00:00,2026-04-01
M00057,ip,I02184,2026-01-10 00:00:00,2026-04-01
M00057,device,D01450,2026-01-10 00:00:00,2026-04-01
M00058,ip,I05730,2026-01-01 00:00:00,2026-04-01
M00058,device,D04913,2026-01-01 00:00:00,2026-04-01
M00059,ip,I04977,2026-01-01 00:00:00,2026-02-19
M00059,device,D08409,2026-01-01 00:00:00,2026-03-12
M00059,device,D01752,2026-03-12 00:00:00,2026-04-01
M00060,ip,I00781,2026-01-01 00:00:00,2026-04-01
M00060,device,D04209,2026-01-01 00:00:00,2026-04-01
M00061,ip,I06953,2026-02-12 00:00:00,2026-04-01
M00061,device,D00586,2026-02-12 00:00:00,2026-04-01
M00062,ip,I07332,2026-01-01 00:00:00,2026-04-01
M00062,device,D05008,2026-01-01 00:00:00,2026-04-01
M00063,ip,I02314,2026-01-01 00:00:00,2026-04-01
M00063,device,D05644,2026-01-01 00:00:00,2026-03-02
M00063,device,D02498,2026-03-02 00:00:00,2026-04-01
M00064,ip,I00078,2026-01-01 00:00:00,2026-04-01
M00064,device,D07553,2026-01-01 00:00:00,2026-04-01
M00065,ip,I06244,2026-01-01 00:00:00,2026-04-01
M00065,device,D05606,2026-01-01 00:00:00,2026-04-01
M00066,ip,I06512,2026-01-08 00:00:00,2026-04-01
M00066,device,D00463,2026-01-08 00:00:00,2026-04-01
M00067,ip,I04725,2026-01-01 00:00:00,2026-04-01
M00067,device,D03613,2026-01-01 00:00:00,2026-01-17
M00067,device,D09508,2026-01-17 00:00:00,2026-04-01
M00068,ip,I03956,2026-01-01 00:00:00,2026-04-01
M00068,device,D09615,2026-01-01 00:00:00,2026-04-01
M00069,ip,I04896,2026-01-01 00:00:00,2026-04-01
M00069,device,D09468,2026-01-01 00:00:00,2026-01-27
M00069,device,D09809,2026-01-27 00:00:00,2026-04-01
M00070,ip,I01546,2026-01-01 00:00:00,2026-02-11
M00070,device,D08360,2026-01-01 00:00:00,2026-02-19
M00070,device,D05996,2026-02-19 00:00:00,2026-04-01
M00071,ip,I07939,2026-01-01 00:00:00,2026-04-01
M00071,device,D07983,2026-01-01 00:00:00,2026-04-01
M00072,ip,I09401,2026-01-01 00:00:00,2026-04-01
M00072,device,D03538,2026-01-01 00:00:00,2026-04-01
M00073,ip,I01953,2026-02-07 00:00:00,2026-04-01
M00073,device,D01471,2026-02-07 00:00:00,2026-03-22
M00073,device,D02499,2026-03-22 00:00:00,2026-04-01
M00074,ip,I01068,2026-01-01 00:00:00,2026-04-01
M00074,device,D07413,2026-01-01 00:00:00,2026-04-01
M00075,ip,I03512,2026-03-03 00:00:00,2026-04-01
M00075,device,D05074,2026-03-03 00:00:00,2026-03-12
M00075,device,D01942,2026-03-12 00:00:00,2026-04-01
M00076,ip,I00556,2026-01-01 00:00:00,2026-04-01
M00076,device,D06505,2026-01-01 00:00:00,2026-02-01
M00076,device,D06679,2026-02-01 00:00:00,2026-04-01
M00077,ip,I02852,2026-02-09 00:00:00,2026-04-01
M00077,device,D04008,2026-02-09 00:00:00,2026-04-01
M00078,ip,I07008,2026-01-01 00:00:00,2026-04-01
M00078,device,D03818,2026-01-01 00:00:00,2026-04-01
M00079,ip,I08723,2026-01-01 00:00:00,2026-04-01
M00079,device,D00556,2026-01-01 00:00:00,2026-04-01
M00080,ip,I09425,2026-01-01 00:00:00,2026-04-01
M00080,device,D02687,2026-01-01 00:00:00,2026-01-14
M00080,device,D05625,2026-01-14 00:00:00,2026-04-01
M00081,ip,I02061,2026-01-01 00:00:00,2026-04-01
M00081,device,D02244,2026-01-01 00:00:00,2026-04-01
M00082,ip,I01530,2026-02-25 00:00:00,2026-04-01
M00082,device,D08024,2026-02-25 00:00:00,2026-04-01
M00083,ip,I09261,2026-01-01 00:00:00,2026-04-01
M00083,device,D06004,2026-01-01 00:00:00,2026-04-01
M00084,ip,I05658,2026-01-01 00:00:00,2026-04-01
M00084,device,D04638,2026-01-01 00:00:00,2026-03-23
M00084,device,D08195,2026-03-23 00:00:00,2026-04-01
M00085,ip,I06995,2026-01-01 00:00:00,2026-04-01
M00085,device,D02213,2026-01-01 00:00:00,2026-01-25
M00085,device,D00701,2026-01-25 00:00:00,2026-04-01
M00086,ip,I02882,2026-01-13 00:00:00,2026-04-01
M00086,device,D03279,2026-01-13 00:00:00,2026-04-01
M00087,ip,I09558,2026-01-01 00:00:00,2026-04-01
M00087,device,D03028,2026-01-01 00:00:00,2026-04-01
M00088,ip,I08292,2026-01-01 00:00:00,2026-04-01
M00088,device,D07516,2026-01-01 00:00:00,2026-04-01
M00089,ip,I01175,2026-01-01 00:00:00,2026-04-01
M00089,device,D00941,2026-01-01 00:00:00,2026-02-14
M00089,device,D05899,2026-02-14 00:00:00,2026-04-01
M00090,ip,I02764,2026-01-01 00:00:00,2026-04-01
M00090,device,D00982,2026-01-01 00:00:00,2026-04-01
M00091,ip,I08391,2026-01-13 00:00:00,2026-04-01
M00091,device,D06246,2026-01-13 00:00:00,2026-04-01
M00092,ip,I02652,2026-01-01 00:00:00,2026-04-01
M00092,device,D02176,2026-01-01 00:00:00,2026-04-01
M00093,ip,I02923,2026-01-01 00:00:00,2026-04-01
M00093,device,D06459,2026-01-01 00:00:00,2026-04-01
M00094,ip,I05083,2026-01-01 00:00:00,2026-04-01
M00094,device,D03138,2026-01-01 00:00:00,2026-04-01
M00095,ip,I03727,2026-01-01 00:00:00,2026-04-01
M00095,device,D07520,2026-01-01 00:00:00,2026-03-13
M00095,device,D06212,2026-03-13 00:00:00,2026-04-01
M00096,ip,I00352,2026-01-01 00:00:00,2026-04-01
M00096,device,D06752,2026-01-01 00:00:00,2026-02-08
M00096,device,D04518,2026-02-08 00:00:00,2026-04-01
M00097,ip,I08919,2026-01-01 00:00:00,2026-02-04
M00097,device,D04358,2026-01-01 00:00:00,2026-02-04
M00098,ip,I05427,2026-01-01 00:00:00,2026-04-01
M00098,device,D00007,2026-01-01 00:00:00,2026-04-01
M00099,ip,I05747,2026-01-01 00:00:00,2026-04-01
M00099,device,D01844,2026-01-01 00:00:00,2026-04-01
M00100,ip,I06770,2026-02-07 00:00:00,2026-04-01
M00100,device,D06804,2026-02-07 00:00:00,2026-04-01
M00101,ip,I04300,2026-01-01 00:00:00,2026-04-01
M00101,device,D05421,2026-01-01 00:00:00,2026-04-01
M00102,ip,I06902,2026-03-18 00:00:00,2026-04-01
M00102,device,D03134,2026-03-18 00:00:00,2026-04-01
M00103,ip,I09535,2026-01-01 00:00:00,2026-04-01
M00103,device,D01318,2026-01-01 00:00:00,2026-04-01
M00104,ip,I04292,2026-01-01 00:00:00,2026-04-01
M00104,device,D06551,2026-01-01 00:00:00,2026-04-01
M00105,ip,I02262,2026-01-01 00:00:00,2026-04-01
M00105,device,D02602,2026-01-01 00:00:00,2026-04-01
M00106,ip,I09051,2026-01-01 00:00:00,2026-04-01
M00106,device,D00390,2026-01-01 00:00:00,2026-04-01
M00107,ip,I06147,2026-01-01 00:00:00,2026-04-01
M00107,device,D06754,2026-01-01 00:00:00,2026-04-01
M00108,ip,I03699,2026-01-01 00:00:00,2026-04-01
M00108,device,D07327,2026-01-01 00:00:00,2026-02-26
M00108,device,D06039,2026-02-26 00:00:00,2026-04-01
M00109,ip,I08404,2026-01-21 00:00:00,2026-02-16
M00109,device,D08010,2026-01-21 00:00:00,2026-02-16
M00109,device,D09589,2026-02-16 00:00:00,2026-02-16
M00110,ip,I04772,2026-01-01 00:00:00,2026-04-01
M00110,device,D08919,2026-01-01 00:00:00,2026-04-01
M00111,ip,I00612,2026-01-01 00:00:00,2026-01-27
M00111,device,D08084,2026-01-01 00:00:00,2026-01-30
M00111,device,D05816,2026-01-30 00:00:00,2026-04-01
M00112,ip,I07221,2026-01-01 00:00:00,2026-02-11
M00112,device,D01202,2026-01-01 00:00:00,2026-04-01
M00113,ip,I08075,2026-01-01 00:00:00,2026-04-01
M00113,device,D01537,2026-01-01 00:00:00,2026-04-01
M00114,ip,I08680,2026-01-01 00:00:00,2026-01-26
M00114,device,D02406,2026-01-01 00:00:00,2026-01-21
M00114,device,D00710,2026-01-21 00:00:00,2026-02-12
M00115,ip,I04931,2026-01-01 00:00:00,2026-04-01
M00115,device,D07114,2026-01-01 00:00:00,2026-01-28
M00115,device,D01977,2026-01-28 00:00:00,2026-04-01
M00116,ip,I08330,2026-01-01 00:00:00,2026-04-01
M00116,device,D01697,2026-01-01 00:00:00,2026-04-01
M00117,ip,I02028,2026-02-15 00:00:00,2026-04-01
M00117,device,D09413,2026-02-15 00:00:00,2026-04-01
M00118,ip,I05662,2026-01-01 00:00:00,2026-04-01
M00118,device,D02609,2026-01-01 00:00:00,2026-02-13
M00118,device,D00190,2026-02-13 00:00:00,2026-04-01
M00119,ip,I04391,2026-01-01 00:00:00,2026-04-01
M00119,device,D03650,2026-01-01 00:00:00,2026-03-26
M00119,device,D00271,2026-03-26 00:00:00,2026-04-01
M00120,ip,I01461,2026-01-01 00:00:00,2026-01-26
M00120,device,D01030,2026-01-01 00:00:00,2026-04-01
M00121,ip,I04310,2026-01-01 00:00:00,2026-04-01
M00121,device,D07509,2026-01-01 00:00:00,2026-01-20
M00121,device,D06787,2026-01-20 00:00:00,2026-04-01
M00122,ip,I09785,2026-01-01 00:00:00,2026-04-01
M00122,device,D06206,2026-01-01 00:00:00,2026-04-01
M00123,ip,I02764,2026-01-01 00:00:00,2026-04-01
M00123,device,D01840,2026-01-01 00:00:00,2026-04-01
M00124,ip,I06695,2026-01-01 00:00:00,2026-04-01
M00124,device,D08649,2026-01-01 00:00:00,2026-04-01
M00125,ip,I08941,2026-01-01 00:00:00,2026-04-01
M00125,device,D08086,2026-01-01 00:00:00,2026-03-06
M00125,device,D09472,2026-03-06 00:00:00,2026-04-01
M00126,ip,I02922,2026-01-01 00:00:00,2026-04-01
M00126,device,D08150,2026-01-01 00:00:00,2026-03-05
M00126,device,D01652,2026-03-05 00:00:00,2026-04-01
M00127,ip,I04813,2026-01-01 00:00:00,2026-04-01
M00127,device,D09365,2026-01-01 00:00:00,2026-03-22
M00127,device,D07772,2026-03-22 00:00:00,2026-04-01
M00128,ip,I04617,2026-03-21 00:00:00,2026-04-01
M00128,device,D04053,2026-03-21 00:00:00,2026-04-01
M00129,ip,I09083,2026-01-06 00:00:00,2026-04-01
M00129,device,D00919,2026-01-06 00:00:00,2026-04-01
M00130,ip,I00358,2026-03-12 00:00:00,2026-04-01
M00130,device,D05120,2026-03-12 00:00:00,2026-04-01
M00131,ip,I06810,2026-02-01 00:00:00,2026-04-01
M00131,device,D01884,2026-02-01 00:00:00,2026-03-17
M00131,device,D01963,2026-03-17 00:00:00,2026-04-01
M00132,ip,I06073,2026-01-01 00:00:00,2026-04-01
M00132,device,D00786,2026-01-01 00:00:00,2026-04-01
M00133,ip,I03859,2026-01-24 00:00:00,2026-04-01
M00133,device,D01229,2026-01-24 00:00:00,2026-03-03
M00133,device,D08097,2026-03-03 00:00:00,2026-04-01
M00134,ip,I06835,2026-01-01 00:00:00,2026-04-01
M00134,device,D02468,2026-01-01 00:00:00,2026-02-25
M00134,device,D06724,2026-02-25 00:00:00,2026-04-01
M00135,ip,I05210,2026-01-01 00:00:00,2026-04-01
M00135,device,D03988,2026-01-01 00:00:00,2026-04-01
M00136,ip,I06602,2026-02-12 00:00:00,2026-04-01
M00136,device,D06383,2026-02-12 00:00:00,2026-02-28
M00136,device,D05980,2026-02-28 00:00:00,2026-04-01
M00137,ip,I07874,2026-01-15 00:00:00,2026-04-01
M00137,device,D08665,2026-01-15 00:00:00,2026-04-01
M00138,ip,I04082,2026-01-20 00:00:00,2026-04-01
M00138,device,D07365,2026-01-20 00:00:00,2026-04-01
M00139,ip,I07863,2026-01-01 00:00:00,2026-04-01
M00139,device,D05431,2026-01-01 00:00:00,2026-04-01
M00140,ip,I02887,2026-01-01 00:00:00,2026-04-01
M00140,device,D00606,2026-01-01 00:00:00,2026-04-01
M00141,ip,I03255,2026-01-01 00:00:00,2026-01-28
M00141,device,D00953,2026-01-01 00:00:00,2026-04-01
M00142,ip,I02741,2026-02-19 00:00:00,2026-04-01
M00142,device,D06079,2026-02-19 00:00:00,2026-04-01
M00143,ip,I03117,2026-01-01 00:00:00,2026-04-01
M00143,device,D00763,2026-01-01 00:00:00,2026-04-01
M00144,ip,I08706,2026-01-01 00:00:00,2026-04-01
M00144,device,D03151,2026-01-01 00:00:00,2026-03-12
M00144,device,D01011,2026-03-12 00:00:00,2026-04-01
M00145,ip,I03105,2026-02-06 00:00:00,2026-04-01
M00145,device,D05774,2026-02-06 00:00:00,2026-03-02
M00145,device,D08429,2026-03-02 00:00:00,2026-04-01
M00146,ip,I04723,2026-01-01 00:00:00,2026-04-01
M00146,device,D06828,2026-01-01 00:00:00,2026-01-28
M00146,device,D05657,2026-01-28 00:00:00,2026-04-01
M00147,ip,I00195,2026-01-01 00:00:00,2026-04-01
M00147,device,D02319,2026-01-01 00:00:00,2026-01-25
M00147,device,D06194,2026-01-25 00:00:00,2026-04-01
M00148,ip,I05631,2026-01-01 00:00:00,2026-04-01
M00148,device,D02050,2026-01-01 00:00:00,2026-04-01
M00149,ip,I05509,2026-01-01 00:00:00,2026-04-01
M00149,device,D05734,2026-01-01 00:00:00,2026-01-11
M00149,device,D09792,2026-01-11 00:00:00,2026-04-01
M00150,ip,I07698,2026-01-01 00:00:00,2026-03-05
M00150,device,D05465,2026-01-01 00:00:00,2026-03-26
M00150,device,D05173,2026-03-26 00:00:00,2026-04-01
M00151,ip,I05167,2026-01-01 00:00:00,2026-04-01
M00151,device,D09594,2026-01-01 00:00:00,2026-04-01
M00152,ip,I00883,2026-01-01 00:00:00,2026-04-01
M00152,device,D04254,2026-01-01 00:00:00,2026-04-01
M00153,ip,I07020,2026-01-01 00:00:00,2026-04-01
M00153,device,D02802,2026-01-01 00:00:00,2026-03-04
M00153,device,D05790,2026-03-04 00:00:00,2026-04-01
M00154,ip,I09787,2026-01-10 00:00:00,2026-04-01
M00154,device,D08943,2026-01-10 00:00:00,2026-04-01
M00155,ip,I00904,2026-01-01 00:00:00,2026-04-01
M00155,device,D00962,2026-01-01 00:00:00,2026-04-01
M00156,ip,I09977,2026-01-01 00:00:00,2026-01-28
M00156,device,D00053,2026-01-01 00:00:00,2026-04-01
M00157,ip,I09855,2026-01-01 00:00:00,2026-04-01
M00157,device,D06694,2026-01-01 00:00:00,2026-03-18
M00157,device,D08406,2026-03-18 00:00:00,2026-04-01
M00158,ip,I07841,2026-01-01 00:00:00,2026-04-01
M00158,device,D04774,2026-01-01 00:00:00,2026-04-01
M00159,ip,I00658,2026-01-01 00:00:00,2026-04-01
M00159,device,D08839,2026-01-01 00:00:00,2026-04-01
M00160,ip,I02500,2026-01-02 00:00:00,2026-04-01
M00160,device,D08974,2026-01-02 00:00:00,2026-04-01
M00161,ip,I06999,2026-01-01 00:00:00,2026-04-01
M00161,device,D05671,2026-01-01 00:00:00,2026-02-17
M00161,device,D02982,2026-02-17 00:00:00,2026-04-01
M00162,ip,I01137,2026-03-09 00:00:00,2026-04-01
M00162,device,D08754,2026-03-09 00:00:00,2026-03-24
M00162,device,D09415,2026-03-24 00:00:00,2026-04-01
M00163,ip,I06617,2026-01-01 00:00:00,2026-02-18
M00163,device,D03271,2026-01-01 00:00:00,2026-04-01
M00164,ip,I02849,2026-01-01 00:00:00,2026-04-01
M00164,device,D03301,2026-01-01 00:00:00,2026-04-01
M00165,ip,I06765,2026-01-01 00:00:00,2026-04-01
M00165,device,D00365,2026-01-01 00:00:00,2026-04-01
M00166,ip,I05360,2026-01-01 00:00:00,2026-04-01
M00166,device,D08675,2026-01-01 00:00:00,2026-01-14
M00166,device,D02757,2026-01-14 00:00:00,2026-04-01
M00167,ip,I02354,2026-01-01 00:00:00,2026-02-03
M00167,device,D08988,2026-01-01 00:00:00,2026-04-01
M00168,ip,I06569,2026-01-01 00:00:00,2026-04-01
M00168,device,D01058,2026-01-01 00:00:00,2026-04-01
M00169,ip,I00038,2026-01-01 00:00:00,2026-01-28
M00169,device,D02234,2026-01-01 00:00:00,2026-02-21
M00169,device,D06155,2026-02-21 00:00:00,2026-04-01
M00170,ip,I01697,2026-01-22 00:00:00,2026-04-01
M00170,device,D01239,2026-01-22 00:00:00,2026-04-01
M00171,ip,I02651,2026-01-01 00:00:00,2026-04-01
M00171,device,D02559,2026-01-01 00:00:00,2026-04-01
M00172,ip,I08418,2026-03-11 00:00:00,2026-04-01
M00172,device,D05545,2026-03-11 00:00:00,2026-03-19
M00172,device,D09265,2026-03-19 00:00:00,2026-04-01
M00173,ip,I00889,2026-02-10 00:00:00,2026-04-01
M00173,device,D08229,2026-02-10 00:00:00,2026-03-19
M00173,device,D09611,2026-03-19 00:00:00,2026-04-01
M00174,ip,I09916,2026-02-20 00:00:00,2026-04-01
M00174,device,D02678,2026-02-20 00:00:00,2026-03-02
M00174,device,D03860,2026-03-02 00:00:00,2026-04-01
M00175,ip,I00625,2026-01-01 00:00:00,2026-04-01
M00175,device,D01649,2026-01-01 00:00:00,2026-04-01
M00176,ip,I02705,2026-01-27 00:00:00,2026-04-01
M00176,device,D05574,2026-01-27 00:00:00,2026-04-01
M00177,ip,I05685,2026-01-01 00:00:00,2026-04-01
M00177,device,D02409,2026-01-01 00:00:00,2026-01-17
M00177,device,D03587,2026-01-17 00:00:00,2026-04-01
M00178,ip,I03289,2026-01-01 00:00:00,2026-04-01
M00178,device,D01462,2026-01-01 00:00:00,2026-04-01
M00179,ip,I06774,2026-02-08 00:00:00,2026-01-23
M00179,device,D07175,2026-02-08 00:00:00,2026-04-01
M00180,ip,I03645,2026-01-10 00:00:00,2026-04-01
M00180,device,D07481,2026-01-10 00:00:00,2026-02-02
M00180,device,D01407,2026-02-02 00:00:00,2026-04-01
M00181,ip,I08297,2026-01-17 00:00:00,2026-04-01
M00181,device,D04295,2026-01-17 00:00:00,2026-04-01
M00182,ip,I01670,2026-01-15 00:00:00,2026-04-01
M00182,device,D03306,2026-01-15 00:00:00,2026-03-26
M00182,device,D06601,2026-03-26 00:00:00,2026-04-01
M00183,ip,I04517,2026-01-01 00:00:00,2026-04-01
M00183,device,D02001,2026-01-01 00:00:00,2026-04-01
M00184,ip,I02229,2026-01-01 00:00:00,2026-04-01
M00184,device,D00149,2026-01-01 00:00:00,2026-04-01
M00185,ip,I07983,2026-01-01 00:00:00,2026-04-01
M00185,device,D03937,2026-01-01 00:00:00,2026-04-01
M00186,ip,I04137,2026-01-01 00:00:00,2026-04-01
M00186,device,D07219,2026-01-01 00:00:00,2026-01-07
M00186,device,D07896,2026-01-07 00:00:00,2026-04-01
M00187,ip,I02408,2026-01-01 00:00:00,2026-04-01
M00187,device,D07913,2026-01-01 00:00:00,2026-04-01
M00188,ip,I09858,2026-01-04 00:00:00,2026-04-01
M00188,device,D09293,2026-01-04 00:00:00,2026-04-01
M00189,ip,I06035,2026-01-20 00:00:00,2026-04-01
M00189,device,D02189,2026-01-20 00:00:00,2026-04-01
M00190,ip,I04752,2026-01-01 00:00:00,2026-04-01
M00190,device,D03500,2026-01-01 00:00:00,2026-04-01
M00191,ip,I04987,2026-01-01 00:00:00,2026-04-01
M00191,device,D09538,2026-01-01 00:00:00,2026-04-01
M00192,ip,I08505,2026-01-01 00:00:00,2026-04-01
M00192,device,D03130,2026-01-01 00:00:00,2026-04-01
M00193,ip,I01254,2026-01-01 00:00:00,2026-04-01
M00193,device,D07003,2026-01-01 00:00:00,2026-02-07
M00193,device,D09066,2026-02-07 00:00:00,2026-04-01
M00194,ip,I09243,2026-01-01 00:00:00,2026-04-01
M00194,device,D03443,2026-01-01 00:00:00,2026-04-01
M00195,ip,I07336,2026-02-04 00:00:00,2026-04-01
M00195,device,D04793,2026-02-04 00:00:00,2026-04-01
M00196,ip,I03728,2026-03-20 00:00:00,2026-04-01
M00196,device,D02657,2026-03-20 00:00:00,2026-04-01
M00197,ip,I05552,2026-01-01 00:00:00,2026-04-01
M00197,device,D06602,2026-01-01 00:00:00,2026-04-01
M00198,ip,I02535,2026-01-01 00:00:00,2026-04-01
M00198,device,D01149,2026-01-01 00:00:00,2026-03-07
M00198,device,D09481,2026-03-07 00:00:00,2026-04-01
M00199,ip,I06926,2026-01-01 00:00:00,2026-04-01
M00199,device,D07773,2026-01-01 00:00:00,2026-04-01
M00200,ip,I06133,2026-01-01 00:00:00,2026-04-01
M00200,device,D03577,2026-01-01 00:00:00,2026-04-01
M00201,ip,I04990,2026-01-01 00:00:00,2026-04-01
M00201,device,D06738,2026-01-01 00:00:00,2026-04-01
M00202,ip,I07540,2026-01-01 00:00:00,2026-04-01
M00202,device,D07762,2026-01-01 00:00:00,2026-01-21
M00202,device,D08191,2026-01-21 00:00:00,2026-04-01
M00203,ip,I02655,2026-01-01 00:00:00,2026-04-01
M00203,device,D00581,2026-01-01 00:00:00,2026-04-01
M00204,ip,I02245,2026-01-01 00:00:00,2026-01-28
M00204,device,D00433,2026-01-01 00:00:00,2026-01-22
M00204,device,D01802,2026-01-22 00:00:00,2026-04-01
M00205,ip,I06371,2026-01-01 00:00:00,2026-04-01
M00205,device,D02231,2026-01-01 00:00:00,2026-04-01
M00206,ip,I06544,2026-01-01 00:00:00,2026-01-28
M00206,device,D06555,2026-01-01 00:00:00,2026-04-01
M00207,ip,I01963,2026-02-06 00:00:00,2026-04-01
M00207,device,D05246,2026-02-06 00:00:00,2026-04-01
M00208,ip,I01400,2026-01-01 00:00:00,2026-04-01
M00208,device,D03194,2026-01-01 00:00:00,2026-04-01
M00209,ip,I04261,2026-01-29 00:00:00,2026-03-06
M00209,device,D01105,2026-01-29 00:00:00,2026-04-01
M00210,ip,I03295,2026-01-01 00:00:00,2026-04-01
M00210,device,D00970,2026-01-01 00:00:00,2026-01-08
M00210,device,D05866,2026-01-08 00:00:00,2026-04-01
M00211,ip,I09695,2026-01-01 00:00:00,2026-04-01
M00211,device,D01260,2026-01-01 00:00:00,2026-02-18
M00211,device,D08260,2026-02-18 00:00:00,2026-04-01
M00212,ip,I03097,2026-01-01 00:00:00,2026-02-03
M00212,device,D01183,2026-01-01 00:00:00,2026-04-01
M00213,ip,I03568,2026-01-01 00:00:00,2026-04-01
M00213,device,D03521,2026-01-01 00:00:00,2026-04-01
M00214,ip,I03749,2026-01-01 00:00:00,2026-04-01
M00214,device,D07076,2026-01-01 00:00:00,2026-01-25
M00214,device,D08955,2026-01-25 00:00:00,2026-04-01
M00215,ip,I08829,2026-01-01 00:00:00,2026-04-01
M00215,device,D04139,2026-01-01 00:00:00,2026-03-22
M00215,device,D06728,2026-03-22 00:00:00,2026-04-01
M00216,ip,I00755,2026-01-01 00:00:00,2026-04-01
M00216,device,D07180,2026-01-01 00:00:00,2026-04-01
M00217,ip,I04817,2026-01-01 00:00:00,2026-04-01
M00217,device,D03517,2026-01-01 00:00:00,2026-03-17
M00217,device,D05935,2026-03-17 00:00:00,2026-04-01
M00218,ip,I03057,2026-01-01 00:00:00,2026-04-01
M00218,device,D09570,2026-01-01 00:00:00,2026-04-01
M00219,ip,I00212,2026-01-01 00:00:00,2026-01-27
M00219,device,D09963,2026-01-01 00:00:00,2026-03-22
M00219,device,D07961,2026-03-22 00:00:00,2026-04-01
M00220,ip,I04210,2026-01-01 00:00:00,2026-02-11
M00220,device,D09282,2026-01-01 00:00:00,2026-04-01
M00221,ip,I01833,2026-01-01 00:00:00,2026-04-01
M00221,device,D01094,2026-01-01 00:00:00,2026-04-01
M00222,ip,I09818,2026-01-01 00:00:00,2026-04-01
M00222,device,D00857,2026-01-01 00:00:00,2026-04-01
M00223,ip,I08790,2026-01-01 00:00:00,2026-04-01
M00223,device,D09982,2026-01-01 00:00:00,2026-04-01
M00224,ip,I06957,2026-01-01 00:00:00,2026-04-01
M00224,device,D01630,2026-01-01 00:00:00,2026-01-26
M00224,device,D05709,2026-01-26 00:00:00,2026-04-01
M00225,ip,I01270,2026-02-22 00:00:00,2026-04-01
M00225,device,D05690,2026-02-22 00:00:00,2026-03-14
M00225,device,D07508,2026-03-14 00:00:00,2026-04-01
M00226,ip,I06101,2026-03-03 00:00:00,2026-04-01
M00226,device,D00881,2026-03-03 00:00:00,2026-04-01
M00227,ip,I06835,2026-01-01 00:00:00,2026-04-01
M00227,device,D04257,2026-01-01 00:00:00,2026-02-01
M00227,device,D06344,2026-02-01 00:00:00,2026-04-01
M00228,ip,I07391,2026-01-01 00:00:00,2026-04-01
M00228,device,D06731,2026-01-01 00:00:00,2026-04-01
M00229,ip,I00468,2026-01-01 00:00:00,2026-04-01
M00229,device,D07980,2026-01-01 00:00:00,2026-04-01
M00230,ip,I04497,2026-01-01 00:00:00,2026-04-01
M00230,device,D02858,2026-01-01 00:00:00,2026-04-01
M00231,ip,I01195,2026-01-01 00:00:00,2026-04-01
M00231,device,D09441,2026-01-01 00:00:00,2026-03-19
M00231,device,D09461,2026-03-19 00:00:00,2026-04-01
M00232,ip,I08953,2026-01-01 00:00:00,2026-04-01
M00232,device,D07755,2026-01-01 00:00:00,2026-02-22
M00232,device,D05194,2026-02-22 00:00:00,2026-04-01
M00233,ip,I07357,2026-01-01 00:00:00,2026-04-01
M00233,device,D00350,2026-01-01 00:00:00,2026-04-01
M00234,ip,I08553,2026-01-01 00:00:00,2026-04-01
M00234,device,D09332,2026-01-01 00:00:00,2026-04-01
M00235,ip,I04721,2026-01-11 00:00:00,2026-04-01
M00235,device,D05087,2026-01-11 00:00:00,2026-02-12
M00235,device,D05410,2026-02-12 00:00:00,2026-04-01
M00236,ip,I08508,2026-01-01 00:00:00,2026-04-01
M00236,device,D08026,2026-01-01 00:00:00,2026-02-07
M00236,device,D05535,2026-02-07 00:00:00,2026-04-01
M00237,ip,I09678,2026-01-01 00:00:00,2026-04-01
M00237,device,D03547,2026-01-01 00:00:00,2026-04-01
M00238,ip,I06338,2026-01-01 00:00:00,2026-04-01
M00238,device,D07021,2026-01-01 00:00:00,2026-04-01
M00239,ip,I06726,2026-01-01 00:00:00,2026-04-01
M00239,device,D03779,2026-01-01 00:00:00,2026-04-01
M00240,ip,I08436,2026-01-01 00:00:00,2026-04-01
M00240,device,D06511,2026-01-01 00:00:00,2026-04-01
M00241,ip,I04076,2026-01-01 00:00:00,2026-04-01
M00241,device,D05753,2026-01-01 00:00:00,2026-04-01
M00242,ip,I02560,2026-01-11 00:00:00,2026-04-01
M00242,device,D02488,2026-01-11 00:00:00,2026-03-04
M00242,device,D09626,2026-03-04 00:00:00,2026-04-01
M00243,ip,I06138,2026-02-11 00:00:00,2026-04-01
M00243,device,D00608,2026-02-11 00:00:00,2026-04-01
M00244,ip,I00519,2026-01-01 00:00:00,2026-04-01
M00244,device,D06123,2026-01-01 00:00:00,2026-04-01
M00245,ip,I05132,2026-01-01 00:00:00,2026-04-01
M00245,device,D05650,2026-01-01 00:00:00,2026-04-01
M00246,ip,I05156,2026-01-01 00:00:00,2026-04-01
M00246,device,D07213,2026-01-01 00:00:00,2026-04-01
M00247,ip,I07162,2026-01-01 00:00:00,2026-04-01
M00247,device,D03634,2026-01-01 00:00:00,2026-02-28
M00247,device,D02510,2026-02-28 00:00:00,2026-04-01
M00248,ip,I08139,2026-01-01 00:00:00,2026-04-01
M00248,device,D09518,2026-01-01 00:00:00,2026-02-27
M00248,device,D07519,2026-02-27 00:00:00,2026-04-01
M00249,ip,I05062,2026-01-01 00:00:00,2026-04-01
M00249,device,D05085,2026-01-01 00:00:00,2026-04-01
M00250,ip,I05733,2026-01-27 00:00:00,2026-04-01
M00250,device,D09911,2026-01-27 00:00:00,2026-02-04
M00250,device,D05821,2026-02-04 00:00:00,2026-04-01
M00251,ip,I02700,2026-01-08 00:00:00,2026-04-01
M00251,device,D04616,2026-01-08 00:00:00,2026-01-25
M00251,device,D02141,2026-01-25 00:00:00,2026-04-01
M00252,ip,I04571,2026-01-01 00:00:00,2026-04-01
M00252,device,D06943,2026-01-01 00:00:00,2026-01-12
M00252,device,D08011,2026-01-12 00:00:00,2026-04-01
M00253,ip,I00296,2026-01-01 00:00:00,2026-04-01
M00253,device,D06251,2026-01-01 00:00:00,2026-02-19
M00253,device,D02869,2026-02-19 00:00:00,2026-04-01
M00254,ip,I05150,2026-01-01 00:00:00,2026-04-01
M00254,device,D01372,2026-01-01 00:00:00,2026-04-01
M00255,ip,I00032,2026-01-01 00:00:00,2026-04-01
M00255,device,D05330,2026-01-01 00:00:00,2026-03-04
M00255,device,D05430,2026-03-04 00:00:00,2026-04-01
M00256,ip,I03063,2026-01-01 00:00:00,2026-04-01
M00256,device,D04829,2026-01-01 00:00:00,2026-04-01
M00257,ip,I07767,2026-01-01 00:00:00,2026-04-01
M00257,device,D00349,2026-01-01 00:00:00,2026-02-27
M00257,device,D03494,2026-02-27 00:00:00,2026-04-01
M00258,ip,I00637,2026-01-01 00:00:00,2026-04-01
M00258,device,D06886,2026-01-01 00:00:00,2026-04-01
M00259,ip,I03760,2026-01-01 00:00:00,2026-04-01
M00259,device,D02783,2026-01-01 00:00:00,2026-03-11
M00259,device,D06832,2026-03-11 00:00:00,2026-04-01
M00260,ip,I09998,2026-01-01 00:00:00,2026-04-01
M00260,device,D00272,2026-01-01 00:00:00,2026-04-01
M00261,ip,I08576,2026-01-01 00:00:00,2026-02-15
M00261,device,D04241,2026-01-01 00:00:00,2026-03-15
M00261,device,D05203,2026-03-15 00:00:00,2026-04-01
M00262,ip,I09439,2026-01-01 00:00:00,2026-04-01
M00262,device,D02172,2026-01-01 00:00:00,2026-04-01
M00263,ip,I05519,2026-01-01 00:00:00,2026-04-01
M00263,device,D01490,2026-01-01 00:00:00,2026-04-01
M00264,ip,I01513,2026-01-01 00:00:00,2026-02-16
M00264,device,D05105,2026-01-01 00:00:00,2026-03-20
M00264,device,D06108,2026-03-20 00:00:00,2026-04-01
M00265,ip,I02605,2026-01-01 00:00:00,2026-04-01
M00265,device,D07504,2026-01-01 00:00:00,2026-04-01
M00266,ip,I07905,2026-01-01 00:00:00,2026-04-01
M00266,device,D02032,2026-01-01 00:00:00,2026-03-17
M00266,device,D03049,2026-03-17 00:00:00,2026-04-01
M00267,ip,I03304,2026-01-01 00:00:00,2026-04-01
M00267,device,D08908,2026-01-01 00:00:00,2026-04-01
M00268,ip,I02964,2026-01-01 00:00:00,2026-04-01
M00268,device,D03018,2026-01-01 00:00:00,2026-04-01
M00269,ip,I02653,2026-01-01 00:00:00,2026-04-01
M00269,device,D00380,2026-01-01 00:00:00,2026-04-01
M00270,ip,I06591,2026-01-01 00:00:00,2026-04-01
M00270,device,D04502,2026-01-01 00:00:00,2026-04-01
M00271,ip,I07577,2026-01-01 00:00:00,2026-04-01
M00271,device,D07311,2026-01-01 00:00:00,2026-04-01
M00272,ip,I05822,2026-01-01 00:00:00,2026-04-01
M00272,device,D06365,2026-01-01 00:00:00,2026-04-01
M00273,ip,I03430,2026-02-26 00:00:00,2026-04-01
M00273,device,D01340,2026-02-26 00:00:00,2026-04-01
M00274,ip,I07167,2026-01-01 00:00:00,2026-04-01
M00274,device,D07546,2026-01-01 00:00:00,2026-04-01
M00275,ip,I02262,2026-01-01 00:00:00,2026-04-01
M00275,device,D07205,2026-01-01 00:00:00,2026-01-08
M00275,device,D04306,2026-01-08 00:00:00,2026-04-01
M00276,ip,I01408,2026-01-01 00:00:00,2026-04-01
M00276,device,D03869,2026-01-01 00:00:00,2026-02-13
M00276,device,D04106,2026-02-13 00:00:00,2026-04-01
M00277,ip,I04171,2026-01-21 00:00:00,2026-02-11
M00277,device,D03456,2026-01-21 00:00:00,2026-02-23
M00277,device,D08472,2026-02-23 00:00:00,2026-04-01
M00278,ip,I01396,2026-01-21 00:00:00,2026-04-01
M00278,device,D01439,2026-01-21 00:00:00,2026-04-01
M00279,ip,I02572,2026-01-01 00:00:00,2026-04-01
M00279,device,D07847,2026-01-01 00:00:00,2026-04-01
M00280,ip,I05561,2026-01-01 00:00:00,2026-04-01
M00280,device,D01694,2026-01-01 00:00:00,2026-04-01
M00281,ip,I02085,2026-01-01 00:00:00,2026-04-01
M00281,device,D07576,2026-01-01 00:00:00,2026-04-01
M00282,ip,I08202,2026-01-04 00:00:00,2026-02-15
M00282,device,D03187,2026-01-04 00:00:00,2026-02-03
M00282,device,D06080,2026-02-03 00:00:00,2026-04-01
M00283,ip,I05348,2026-03-11 00:00:00,2026-03-06
M00283,device,D02258,2026-03-11 00:00:00,2026-04-01
M00284,ip,I08761,2026-01-01 00:00:00,2026-04-01
M00284,device,D06799,2026-01-01 00:00:00,2026-04-01
M00285,ip,I02401,2026-01-25 00:00:00,2026-04-01
M00285,device,D09676,2026-01-25 00:00:00,2026-04-01
M00286,ip,I03411,2026-03-14 00:00:00,2026-04-01
M00286,device,D09044,2026-03-14 00:00:00,2026-04-01
M00287,ip,I01563,2026-01-01 00:00:00,2026-04-01
M00287,device,D01818,2026-01-01 00:00:00,2026-04-01
M00288,ip,I02782,2026-01-01 00:00:00,2026-04-01
M00288,device,D06937,2026-01-01 00:00:00,2026-04-01
M00289,ip,I03008,2026-01-01 00:00:00,2026-04-01
M00289,device,D02435,2026-01-01 00:00:00,2026-04-01
M00290,ip,I02147,2026-03-13 00:00:00,2026-04-01
M00290,device,D08215,2026-03-13 00:00:00,2026-03-25
M00290,device,D06332,2026-03-25 00:00:00,2026-04-01
M00291,ip,I02789,2026-01-10 00:00:00,2026-04-01
M00291,device,D05355,2026-01-10 00:00:00,2026-01-24
M00291,device,D01652,2026-01-24 00:00:00,2026-04-01
M00292,ip,I05829,2026-01-01 00:00:00,2026-04-01
M00292,device,D08102,2026-01-01 00:00:00,2026-02-09
M00292,device,D07469,2026-02-09 00:00:00,2026-04-01
M00293,ip,I08353,2026-01-01 00:00:00,2026-04-01
M00293,device,D07327,2026-01-01 00:00:00,2026-04-01
M00294,ip,I00684,2026-01-01 00:00:00,2026-04-01
M00294,device,D04096,2026-01-01 00:00:00,2026-01-07
M00294,device,D08018,2026-01-07 00:00:00,2026-04-01
M00295,ip,I02203,2026-03-11 00:00:00,2026-04-01
M00295,device,D01258,2026-03-11 00:00:00,2026-03-26
M00295,device,D09468,2026-03-26 00:00:00,2026-04-01
M00296,ip,I08240,2026-03-04 00:00:00,2026-04-01
M00296,device,D03019,2026-03-04 00:00:00,2026-03-13
M00296,device,D09734,2026-03-13 00:00:00,2026-04-01
M00297,ip,I06742,2026-01-01 00:00:00,2026-04-01
M00297,device,D00860,2026-01-01 00:00:00,2026-03-01
M00297,device,D04384,2026-03-01 00:00:00,2026-04-01
M00298,ip,I00175,2026-01-01 00:00:00,2026-04-01
M00298,device,D07877,2026-01-01 00:00:00,2026-04-01
M00299,ip,I06119,2026-01-01 00:00:00,2026-04-01
M00299,device,D07557,2026-01-01 00:00:00,2026-04-01
M00300,ip,I05607,2026-01-01 00:00:00,2026-04-01
M00300,device,D00169,2026-01-01 00:00:00,2026-04-01
M00301,ip,I01097,2026-01-19 00:00:00,2026-04-01
M00301,device,D01164,2026-01-19 00:00:00,2026-04-01
M00302,ip,I03217,2026-01-01 00:00:00,2026-04-01
M00302,device,D09354,2026-01-01 00:00:00,2026-04-01
M00303,ip,I02311,2026-02-01 00:00:00,2026-02-22
M00303,device,D08278,2026-02-01 00:00:00,2026-04-01
M00304,ip,I09782,2026-01-08 00:00:00,2026-04-01
M00304,device,D01005,2026-01-08 00:00:00,2026-04-01
M00305,ip,I00718,2026-01-01 00:00:00,2026-04-01
M00305,device,D09761,2026-01-01 00:00:00,2026-04-01
M00306,ip,I02392,2026-01-01 00:00:00,2026-04-01
M00306,device,D00012,2026-01-01 00:00:00,2026-04-01
M00307,ip,I00363,2026-01-01 00:00:00,2026-04-01
M00307,device,D04140,2026-01-01 00:00:00,2026-04-01
M00308,ip,I06510,2026-02-18 00:00:00,2026-04-01
M00308,device,D07127,2026-02-18 00:00:00,2026-04-01
M00309,ip,I07099,2026-01-01 00:00:00,2026-04-01
M00309,device,D03020,2026-01-01 00:00:00,2026-01-14
M00309,device,D08274,2026-01-14 00:00:00,2026-04-01
M00310,ip,I00407,2026-01-01 00:00:00,2026-04-01
M00310,device,D04834,2026-01-01 00:00:00,2026-04-01
M00311,ip,I00661,2026-01-01 00:00:00,2026-04-01
M00311,device,D08606,2026-01-01 00:00:00,2026-01-16
M00311,device,D08594,2026-01-16 00:00:00,2026-04-01
M00312,ip,I09432,2026-01-01 00:00:00,2026-04-01
M00312,device,D07518,2026-01-01 00:00:00,2026-04-01
M00313,ip,I02758,2026-02-09 00:00:00,2026-04-01
M00313,device,D02336,2026-02-09 00:00:00,2026-04-01
M00314,ip,I05200,2026-01-01 00:00:00,2026-04-01
M00314,device,D06615,2026-01-01 00:00:00,2026-04-01
M00315,ip,I01664,2026-01-01 00:00:00,2026-04-01
M00315,device,D09927,2026-01-01 00:00:00,2026-04-01
M00316,ip,I02533,2026-01-11 00:00:00,2026-04-01
M00316,device,D05393,2026-01-11 00:00:00,2026-02-21
M00316,device,D06940,2026-02-21 00:00:00,2026-04-01
M00317,ip,I09628,2026-01-01 00:00:00,2026-04-01
M00317,device,D08374,2026-01-01 00:00:00,2026-04-01
M00318,ip,I07766,2026-01-01 00:00:00,2026-01-27
M00318,device,D03459,2026-01-01 00:00:00,2026-04-01
M00319,ip,I05136,2026-01-01 00:00:00,2026-04-01
M00319,device,D01204,2026-01-01 00:00:00,2026-04-01
M00320,ip,I06349,2026-01-01 00:00:00,2026-04-01
M00320,device,D05546,2026-01-01 00:00:00,2026-04-01
M00321,ip,I06611,2026-01-01 00:00:00,2026-04-01
M00321,device,D07579,2026-01-01 00:00:00,2026-04-01
M00322,ip,I05575,2026-01-01 00:00:00,2026-04-01
M00322,device,D00772,2026-01-01 00:00:00,2026-02-04
M00322,device,D05323,2026-02-04 00:00:00,2026-04-01
M00323,ip,I00827,2026-01-01 00:00:00,2026-02-07
M00323,device,D06946,2026-01-01 00:00:00,2026-04-01
M00324,ip,I03503,2026-01-01 00:00:00,2026-02-04
M00324,device,D03556,2026-01-01 00:00:00,2026-01-21
M00324,device,D07859,2026-01-21 00:00:00,2026-04-01
M00325,ip,I01219,2026-01-01 00:00:00,2026-04-01
M00325,device,D04972,2026-01-01 00:00:00,2026-04-01
M00326,ip,I06437,2026-01-01 00:00:00,2026-04-01
M00326,device,D04690,2026-01-01 00:00:00,2026-02-19
M00326,device,D02764,2026-02-19 00:00:00,2026-04-01
M00327,ip,I05090,2026-01-01 00:00:00,2026-04-01
M00327,device,D00636,2026-01-01 00:00:00,2026-04-01
M00328,ip,I07781,2026-01-01 00:00:00,2026-04-01
M00328,device,D02719,2026-01-01 00:00:00,2026-01-28
M00328,device,D09936,2026-01-28 00:00:00,2026-04-01
M00329,ip,I06512,2026-01-01 00:00:00,2026-04-01
M00329,device,D03859,2026-01-01 00:00:00,2026-04-01
M00330,ip,I05530,2026-01-01 00:00:00,2026-04-01
M00330,device,D03865,2026-01-01 00:00:00,2026-02-09
M00330,device,D00059,2026-02-09 00:00:00,2026-04-01
M00331,ip,I04917,2026-01-01 00:00:00,2026-04-01
M00331,device,D08549,2026-01-01 00:00:00,2026-04-01
M00332,ip,I01395,2026-01-01 00:00:00,2026-04-01
M00332,device,D07199,2026-01-01 00:00:00,2026-04-01
M00333,ip,I05052,2026-01-01 00:00:00,2026-04-01
M00333,device,D00029,2026-01-01 00:00:00,2026-04-01
M00334,ip,I08002,2026-01-01 00:00:00,2026-04-01
M00334,device,D01187,2026-01-01 00:00:00,2026-04-01
M00335,ip,I02677,2026-01-01 00:00:00,2026-04-01
M00335,device,D08468,2026-01-01 00:00:00,2026-01-24
M00335,device,D09897,2026-01-24 00:00:00,2026-04-01
M00336,ip,I01135,2026-01-01 00:00:00,2026-04-01
M00336,device,D05809,2026-01-01 00:00:00,2026-04-01
M00337,ip,I05519,2026-01-01 00:00:00,2026-04-01
M00337,device,D00196,2026-01-01 00:00:00,2026-04-01
M00338,ip,I00146,2026-01-01 00:00:00,2026-04-01
M00338,device,D04949,2026-01-01 00:00:00,2026-01-18
M00338,device,D04905,2026-01-18 00:00:00,2026-04-01
M00339,ip,I07187,2026-01-01 00:00:00,2026-04-01
M00339,device,D00128,2026-01-01 00:00:00,2026-04-01
M00340,ip,I03357,2026-02-12 00:00:00,2026-04-01
M00340,device,D03322,2026-02-12 00:00:00,2026-04-01
M00341,ip,I03913,2026-03-15 00:00:00,2026-04-01
M00341,device,D07848,2026-03-15 00:00:00,2026-04-01
M00342,ip,I03807,2026-03-13 00:00:00,2026-04-01
M00342,device,D08886,2026-03-13 00:00:00,2026-04-01
M00343,ip,I01288,2026-01-01 00:00:00,2026-04-01
M00343,device,D01892,2026-01-01 00:00:00,2026-04-01
M00344,ip,I08156,2026-01-29 00:00:00,2026-04-01
M00344,device,D06869,2026-01-29 00:00:00,2026-02-06
M00344,device,D07170,2026-02-06 00:00:00,2026-04-01
M00345,ip,I00974,2026-01-01 00:00:00,2026-04-01
M00345,device,D00049,2026-01-01 00:00:00,2026-04-01
M00346,ip,I06266,2026-03-05 00:00:00,2026-04-01
M00346,device,D07182,2026-03-05 00:00:00,2026-04-01
M00347,ip,I02564,2026-01-01 00:00:00,2026-04-01
M00347,device,D04290,2026-01-01 00:00:00,2026-04-01
M00348,ip,I08993,2026-01-01 00:00:00,2026-02-03
M00348,device,D07366,2026-01-01 00:00:00,2026-04-01
M00349,ip,I06678,2026-01-21 00:00:00,2026-04-01
M00349,device,D08254,2026-01-21 00:00:00,2026-02-21
M00349,device,D00547,2026-02-21 00:00:00,2026-04-01
M00350,ip,I03395,2026-02-21 00:00:00,2026-02-15
M00350,device,D01984,2026-02-21 00:00:00,2026-04-01
M00351,ip,I00420,2026-01-01 00:00:00,2026-04-01
M00351,device,D06240,2026-01-01 00:00:00,2026-04-01
M00352,ip,I08828,2026-01-01 00:00:00,2026-04-01
M00352,device,D09730,2026-01-01 00:00:00,2026-02-10
M00352,device,D07768,2026-02-10 00:00:00,2026-04-01
M00353,ip,I04428,2026-01-01 00:00:00,2026-04-01
M00353,device,D04809,2026-01-01 00:00:00,2026-04-01
M00354,ip,I06946,2026-01-01 00:00:00,2026-04-01
M00354,device,D00256,2026-01-01 00:00:00,2026-04-01
M00355,ip,I01387,2026-01-01 00:00:00,2026-04-01
M00355,device,D07716,2026-01-01 00:00:00,2026-04-01
M00356,ip,I04555,2026-01-01 00:00:00,2026-04-01
M00356,device,D05170,2026-01-01 00:00:00,2026-04-01
M00357,ip,I06293,2026-02-27 00:00:00,2026-04-01
M00357,device,D03677,2026-02-27 00:00:00,2026-04-01
M00358,ip,I05036,2026-01-01 00:00:00,2026-04-01
M00358,device,D04342,2026-01-01 00:00:00,2026-04-01
M00359,ip,I03797,2026-03-02 00:00:00,2026-04-01
M00359,device,D07186,2026-03-02 00:00:00,2026-03-18
M00359,device,D07997,2026-03-18 00:00:00,2026-04-01
M00360,ip,I00574,2026-01-01 00:00:00,2026-04-01
M00360,device,D03376,2026-01-01 00:00:00,2026-04-01
M00361,ip,I09925,2026-01-01 00:00:00,2026-04-01
M00361,device,D06034,2026-01-01 00:00:00,2026-03-11
M00361,device,D07344,2026-03-11 00:00:00,2026-04-01
M00362,ip,I01939,2026-01-01 00:00:00,2026-04-01
M00362,device,D01308,2026-01-01 00:00:00,2026-04-01
M00363,ip,I07647,2026-01-01 00:00:00,2026-04-01
M00363,device,D09484,2026-01-01 00:00:00,2026-04-01
M00364,ip,I09237,2026-01-01 00:00:00,2026-04-01
M00364,device,D05329,2026-01-01 00:00:00,2026-04-01
M00365,ip,I00071,2026-01-01 00:00:00,2026-02-02
M00365,device,D04289,2026-01-01 00:00:00,2026-02-02
M00365,device,D09289,2026-02-22 00:00:00,2026-02-02
M00366,ip,I00539,2026-01-01 00:00:00,2026-04-01
M00366,device,D03292,2026-01-01 00:00:00,2026-04-01
M00367,ip,I01166,2026-01-01 00:00:00,2026-04-01
M00367,device,D01914,2026-01-01 00:00:00,2026-04-01
M00368,ip,I04915,2026-02-09 00:00:00,2026-04-01
M00368,device,D09426,2026-02-09 00:00:00,2026-04-01
M00369,ip,I09425,2026-01-21 00:00:00,2026-04-01
M00369,device,D02601,2026-01-21 00:00:00,2026-04-01
M00370,ip,I05534,2026-03-19 00:00:00,2026-04-01
M00370,device,D04227,2026-03-19 00:00:00,2026-04-01
M00371,ip,I02802,2026-01-17 00:00:00,2026-02-02
M00371,device,D09013,2026-01-17 00:00:00,2026-04-01
M00372,ip,I01573,2026-01-01 00:00:00,2026-04-01
M00372,device,D00900,2026-01-01 00:00:00,2026-04-01
M00373,ip,I04000,2026-01-01 00:00:00,2026-04-01
M00373,device,D09873,2026-01-01 00:00:00,2026-04-01
M00374,ip,I02642,2026-02-11 00:00:00,2026-04-01
M00374,device,D08816,2026-02-11 00:00:00,2026-04-01
M00375,ip,I08667,2026-03-13 00:00:00,2026-04-01
M00375,device,D09714,2026-03-13 00:00:00,2026-04-01
M00376,ip,I01630,2026-01-01 00:00:00,2026-04-01
M00376,device,D00966,2026-01-01 00:00:00,2026-04-01
M00377,ip,I05141,2026-01-01 00:00:00,2026-04-01
M00377,device,D00498,2026-01-01 00:00:00,2026-04-01
M00378,ip,I01088,2026-01-01 00:00:00,2026-04-01
M00378,device,D09154,2026-01-01 00:00:00,2026-02-14
M00378,device,D09506,2026-02-14 00:00:00,2026-04-01
M00379,ip,I08247,2026-03-03 00:00:00,2026-04-01
M00379,device,D01000,2026-03-03 00:00:00,2026-04-01
M00380,ip,I08860,2026-01-01 00:00:00,2026-04-01
M00380,device,D09657,2026-01-01 00:00:00,2026-04-01
M00381,ip,I03537,2026-01-01 00:00:00,2026-04-01
M00381,device,D08991,2026-01-01 00:00:00,2026-04-01
M00382,ip,I09547,2026-01-01 00:00:00,2026-02-08
M00382,device,D06419,2026-01-01 00:00:00,2026-04-01
M00383,ip,I02402,2026-01-01 00:00:00,2026-02-12
M00383,device,D00320,2026-01-01 00:00:00,2026-02-12
M00384,ip,I08735,2026-01-01 00:00:00,2026-04-01
M00384,device,D02883,2026-01-01 00:00:00,2026-04-01
M00385,ip,I05254,2026-01-01 00:00:00,2026-04-01
M00385,device,D06776,2026-01-01 00:00:00,2026-04-01
M00386,ip,I04870,2026-01-01 00:00:00,2026-04-01
M00386,device,D09316,2026-01-01 00:00:00,2026-03-05
M00386,device,D09539,2026-03-05 00:00:00,2026-04-01
M00387,ip,I08829,2026-01-01 00:00:00,2026-04-01
M00387,device,D01008,2026-01-01 00:00:00,2026-04-01
M00388,ip,I08340,2026-01-01 00:00:00,2026-04-01
M00388,device,D06303,2026-01-01 00:00:00,2026-04-01
M00389,ip,I06079,2026-01-02 00:00:00,2026-04-01
M00389,device,D06826,2026-01-02 00:00:00,2026-04-01
M00390,ip,I01434,2026-01-01 00:00:00,2026-04-01
M00390,device,D08286,2026-01-01 00:00:00,2026-02-14
M00390,device,D01821,2026-02-14 00:00:00,2026-04-01
M00391,ip,I00767,2026-01-01 00:00:00,2026-04-01
M00391,device,D00524,2026-01-01 00:00:00,2026-04-01
M00392,ip,I00441,2026-01-01 00:00:00,2026-04-01
M00392,device,D01376,2026-01-01 00:00:00,2026-04-01
M00393,ip,I07578,2026-01-23 00:00:00,2026-04-01
M00393,device,D08405,2026-01-23 00:00:00,2026-04-01
M00394,ip,I06837,2026-01-01 00:00:00,2026-02-17
M00394,device,D08221,2026-01-01 00:00:00,2026-03-17
M00394,device,D05681,2026-03-17 00:00:00,2026-04-01
M00395,ip,I00372,2026-01-01 00:00:00,2026-04-01
M00395,device,D01667,2026-01-01 00:00:00,2026-04-01
M00396,ip,I04424,2026-01-01 00:00:00,2026-04-01
M00396,device,D04280,2026-01-01 00:00:00,2026-04-01
M00397,ip,I06788,2026-02-05 00:00:00,2026-04-01
M00397,device,D06338,2026-02-05 00:00:00,2026-03-07
M00397,device,D06428,2026-03-07 00:00:00,2026-04-01
M00398,ip,I02856,2026-01-01 00:00:00,2026-04-01
M00398,device,D09519,2026-01-01 00:00:00,2026-01-31
M00398,device,D08160,2026-01-31 00:00:00,2026-04-01
M00399,ip,I03746,2026-01-01 00:00:00,2026-02-08
M00399,device,D02169,2026-01-01 00:00:00,2026-01-18
M00399,device,D08989,2026-01-18 00:00:00,2026-04-01
M00400,ip,I03214,2026-01-01 00:00:00,2026-04-01
M00400,device,D00019,2026-01-01 00:00:00,2026-04-01
M00401,ip,I07571,2026-01-01 00:00:00,2026-01-28
M00401,device,D00873,2026-01-01 00:00:00,2026-04-01
M00402,ip,I06603,2026-01-01 00:00:00,2026-04-01
M00402,device,D06209,2026-01-01 00:00:00,2026-04-01
M00403,ip,I00781,2026-01-01 00:00:00,2026-04-01
M00403,device,D08227,2026-01-01 00:00:00,2026-04-01
M00404,ip,I04296,2026-01-01 00:00:00,2026-04-01
M00404,device,D03806,2026-01-01 00:00:00,2026-01-23
M00404,device,D06357,2026-01-23 00:00:00,2026-04-01
M00405,ip,I05502,2026-01-01 00:00:00,2026-02-20
M00405,device,D04970,2026-01-01 00:00:00,2026-02-20
M00405,device,D09556,2026-03-16 00:00:00,2026-02-20
M00406,ip,I02453,2026-01-01 00:00:00,2026-02-17
M00406,device,D03145,2026-01-01 00:00:00,2026-01-14
M00406,device,D09017,2026-01-14 00:00:00,2026-04-01
M00407,ip,I01726,2026-01-01 00:00:00,2026-04-01
M00407,device,D05771,2026-01-01 00:00:00,2026-04-01
M00408,ip,I02720,2026-01-01 00:00:00,2026-02-08
M00408,device,D01527,2026-01-01 00:00:00,2026-04-01
M00409,ip,I09676,2026-01-01 00:00:00,2026-04-01
M00409,device,D06451,2026-01-01 00:00:00,2026-03-06
M00409,device,D07015,2026-03-06 00:00:00,2026-04-01
M00410,ip,I07419,2026-01-01 00:00:00,2026-04-01
M00410,device,D02337,2026-01-01 00:00:00,2026-03-02
M00410,device,D00117,2026-03-02 00:00:00,2026-04-01
M00411,ip,I08143,2026-01-01 00:00:00,2026-04-01
M00411,device,D02820,2026-01-01 00:00:00,2026-02-09
M00411,device,D07644,2026-02-09 00:00:00,2026-04-01
M00412,ip,I01985,2026-01-01 00:00:00,2026-02-25
M00412,device,D05698,2026-01-01 00:00:00,2026-02-25
M00412,device,D05682,2026-03-01 00:00:00,2026-02-25
M00413,ip,I06115,2026-01-26 00:00:00,2026-04-01
M00413,device,D02255,2026-01-26 00:00:00,2026-04-01
M00414,ip,I01291,2026-01-01 00:00:00,2026-04-01
M00414,device,D08883,2026-01-01 00:00:00,2026-04-01
M00415,ip,I01569,2026-01-01 00:00:00,2026-04-01
M00415,device,D06512,2026-01-01 00:00:00,2026-02-07
M00415,device,D01246,2026-02-07 00:00:00,2026-04-01
M00416,ip,I01247,2026-01-01 00:00:00,2026-04-01
M00416,device,D07530,2026-01-01 00:00:00,2026-04-01
M00417,ip,I06466,2026-01-01 00:00:00,2026-04-01
M00417,device,D06228,2026-01-01 00:00:00,2026-04-01
M00418,ip,I06308,2026-01-01 00:00:00,2026-02-14
M00418,device,D03484,2026-01-01 00:00:00,2026-04-01
M00419,ip,I04218,2026-01-19 00:00:00,2026-04-01
M00419,device,D05590,2026-01-19 00:00:00,2026-02-06
M00419,device,D00529,2026-02-06 00:00:00,2026-04-01
M00420,ip,I00724,2026-01-01 00:00:00,2026-02-02
M00420,device,D06161,2026-01-01 00:00:00,2026-01-22
M00420,device,D06955,2026-01-22 00:00:00,2026-02-02
M00421,ip,I00854,2026-01-01 00:00:00,2026-04-01
M00421,device,D07008,2026-01-01 00:00:00,2026-04-01
M00422,ip,I04948,2026-03-11 00:00:00,2026-04-01
M00422,device,D05364,2026-03-11 00:00:00,2026-04-01
M00423,ip,I03653,2026-01-01 00:00:00,2026-04-01
M00423,device,D04687,2026-01-01 00:00:00,2026-04-01
M00424,ip,I03334,2026-01-05 00:00:00,2026-04-01
M00424,device,D00760,2026-01-05 00:00:00,2026-04-01
M00425,ip,I05200,2026-01-01 00:00:00,2026-04-01
M00425,device,D00335,2026-01-01 00:00:00,2026-01-25
M00425,device,D07084,2026-01-25 00:00:00,2026-04-01
M00426,ip,I03319,2026-01-01 00:00:00,2026-04-01
M00426,device,D00850,2026-01-01 00:00:00,2026-03-15
M00426,device,D01540,2026-03-15 00:00:00,2026-04-01
M00427,ip,I09063,2026-01-01 00:00:00,2026-04-01
M00427,device,D07236,2026-01-01 00:00:00,2026-04-01
M00428,ip,I09384,2026-01-01 00:00:00,2026-04-01
M00428,device,D00645,2026-01-01 00:00:00,2026-04-01
M00429,ip,I09492,2026-03-19 00:00:00,2026-04-01
M00429,device,D02086,2026-03-19 00:00:00,2026-04-01
M00430,ip,I03439,2026-01-01 00:00:00,2026-02-20
M00430,device,D01080,2026-01-01 00:00:00,2026-02-20
M00431,ip,I06301,2026-01-01 00:00:00,2026-04-01
M00431,device,D04819,2026-01-01 00:00:00,2026-04-01
M00432,ip,I06408,2026-01-01 00:00:00,2026-04-01
M00432,device,D09565,2026-01-01 00:00:00,2026-04-01
M00433,ip,I02862,2026-01-01 00:00:00,2026-04-01
M00433,device,D07488,2026-01-01 00:00:00,2026-04-01
M00434,ip,I06984,2026-01-01 00:00:00,2026-04-01
M00434,device,D06608,2026-01-01 00:00:00,2026-04-01
M00435,ip,I07541,2026-01-01 00:00:00,2026-04-01
M00435,device,D02272,2026-01-01 00:00:00,2026-03-07
M00435,device,D01018,2026-03-07 00:00:00,2026-04-01
M00436,ip,I08802,2026-02-27 00:00:00,2026-04-01
M00436,device,D09595,2026-02-27 00:00:00,2026-04-01
M00437,ip,I04782,2026-01-01 00:00:00,2026-02-20
M00437,device,D02450,2026-01-01 00:00:00,2026-02-20
M00438,ip,I08166,2026-01-01 00:00:00,2026-02-16
M00438,device,D07143,2026-01-01 00:00:00,2026-04-01
M00439,ip,I04269,2026-01-01 00:00:00,2026-02-28
M00439,device,D04400,2026-01-01 00:00:00,2026-04-01
M00440,ip,I01988,2026-01-01 00:00:00,2026-04-01
M00440,device,D02275,2026-01-01 00:00:00,2026-04-01
M00441,ip,I06689,2026-01-01 00:00:00,2026-04-01
M00441,device,D02101,2026-01-01 00:00:00,2026-03-16
M00441,device,D06903,2026-03-16 00:00:00,2026-04-01
M00442,ip,I06833,2026-03-17 00:00:00,2026-04-01
M00442,device,D07073,2026-03-17 00:00:00,2026-04-01
M00443,ip,I07466,2026-02-27 00:00:00,2026-02-17
M00443,device,D01811,2026-02-27 00:00:00,2026-04-01
M00444,ip,I03109,2026-01-01 00:00:00,2026-01-31
M00444,device,D09480,2026-01-01 00:00:00,2026-04-01
M00445,ip,I06702,2026-01-01 00:00:00,2026-04-01
M00445,device,D09632,2026-01-01 00:00:00,2026-04-01
M00446,ip,I02844,2026-01-01 00:00:00,2026-04-01
M00446,device,D08017,2026-01-01 00:00:00,2026-04-01
M00447,ip,I07638,2026-01-01 00:00:00,2026-04-01
M00447,device,D06259,2026-01-01 00:00:00,2026-04-01
M00448,ip,I01441,2026-01-01 00:00:00,2026-04-01
M00448,device,D09177,2026-01-01 00:00:00,2026-04-01
M00449,ip,I09061,2026-01-01 00:00:00,2026-04-01
M00449,device,D01102,2026-01-01 00:00:00,2026-04-01
M00450,ip,I01088,2026-01-01 00:00:00,2026-04-01
M00450,device,D02607,2026-01-01 00:00:00,2026-04-01
M00451,ip,I06917,2026-01-01 00:00:00,2026-04-01
M00451,device,D02333,2026-01-01 00:00:00,2026-04-01
M00452,ip,I07361,2026-01-01 00:00:00,2026-04-01
M00452,device,D05188,2026-01-01 00:00:00,2026-01-12
M00452,device,D09613,2026-01-12 00:00:00,2026-04-01
M00453,ip,I05047,2026-01-09 00:00:00,2026-04-01
M00453,device,D04911,2026-01-09 00:00:00,2026-01-16
M00453,device,D02709,2026-01-16 00:00:00,2026-04-01
M00454,ip,I02085,2026-02-01 00:00:00,2026-04-01
M00454,device,D07981,2026-02-01 00:00:00,2026-04-01
M00455,ip,I09100,2026-02-17 00:00:00,2026-04-01
M00455,device,D04647,2026-02-17 00:00:00,2026-04-01
M00456,ip,I01417,2026-01-01 00:00:00,2026-04-01
M00456,device,D09007,2026-01-01 00:00:00,2026-04-01
M00457,ip,I02816,2026-01-01 00:00:00,2026-04-01
M00457,device,D07182,2026-01-01 00:00:00,2026-04-01
M00458,ip,I06519,2026-01-01 00:00:00,2026-04-01
M00458,device,D09812,2026-01-01 00:00:00,2026-04-01
M00459,ip,I05947,2026-01-01 00:00:00,2026-04-01
M00459,device,D04237,2026-01-01 00:00:00,2026-04-01
M00460,ip,I03105,2026-01-01 00:00:00,2026-04-01
M00460,device,D08958,2026-01-01 00:00:00,2026-04-01
M00461,ip,I05171,2026-01-01 00:00:00,2026-04-01
M00461,device,D07670,2026-01-01 00:00:00,2026-04-01
M00462,ip,I07008,2026-03-18 00:00:00,2026-04-01
M00462,device,D05074,2026-03-18 00:00:00,2026-03-25
M00462,device,D05954,2026-03-25 00:00:00,2026-04-01
M00463,ip,I04515,2026-01-01 00:00:00,2026-02-11
M00463,device,D03700,2026-01-01 00:00:00,2026-04-01
M00464,ip,I00330,2026-01-01 00:00:00,2026-04-01
M00464,device,D09483,2026-01-01 00:00:00,2026-01-24
M00464,device,D08300,2026-01-24 00:00:00,2026-04-01
M00465,ip,I03317,2026-01-01 00:00:00,2026-04-01
M00465,device,D02815,2026-01-01 00:00:00,2026-02-19
M00465,device,D00405,2026-02-19 00:00:00,2026-04-01
M00466,ip,I08357,2026-01-01 00:00:00,2026-02-02
M00466,device,D04292,2026-01-01 00:00:00,2026-02-02
M00467,ip,I01756,2026-01-01 00:00:00,2026-04-01
M00467,device,D03203,2026-01-01 00:00:00,2026-04-01
M00468,ip,I09762,2026-01-01 00:00:00,2026-04-01
M00468,device,D04854,2026-01-01 00:00:00,2026-03-13
M00468,device,D03481,2026-03-13 00:00:00,2026-04-01
M00469,ip,I02961,2026-01-30 00:00:00,2026-02-04
M00469,device,D01020,2026-01-30 00:00:00,2026-03-22
M00469,device,D02084,2026-03-22 00:00:00,2026-04-01
M00470,ip,I00691,2026-01-01 00:00:00,2026-04-01
M00470,device,D07006,2026-01-01 00:00:00,2026-04-01
M00471,ip,I00398,2026-01-01 00:00:00,2026-04-01
M00471,device,D08614,2026-01-01 00:00:00,2026-04-01
M00472,ip,I09357,2026-01-01 00:00:00,2026-04-01
M00472,device,D05355,2026-01-01 00:00:00,2026-04-01
M00473,ip,I06864,2026-01-01 00:00:00,2026-04-01
M00473,device,D00059,2026-01-01 00:00:00,2026-04-01
M00474,ip,I00257,2026-01-01 00:00:00,2026-04-01
M00474,device,D02898,2026-01-01 00:00:00,2026-03-21
M00474,device,D09749,2026-03-21 00:00:00,2026-04-01
M00475,ip,I00336,2026-01-01 00:00:00,2026-02-03
M00475,device,D01743,2026-01-01 00:00:00,2026-02-04
M00475,device,D09494,2026-02-13 00:00:00,2026-02-04
M00476,ip,I05886,2026-01-01 00:00:00,2026-04-01
M00476,device,D03061,2026-01-01 00:00:00,2026-04-01
M00477,ip,I05419,2026-01-01 00:00:00,2026-04-01
M00477,device,D00810,2026-01-01 00:00:00,2026-04-01
M00478,ip,I03259,2026-01-01 00:00:00,2026-04-01
M00478,device,D09723,2026-01-01 00:00:00,2026-04-01
M00479,ip,I05909,2026-02-06 00:00:00,2026-04-01
M00479,device,D04739,2026-02-06 00:00:00,2026-04-01
M00480,ip,I00105,2026-01-01 00:00:00,2026-04-01
M00480,device,D03661,2026-01-01 00:00:00,2026-04-01
M00481,ip,I03550,2026-01-01 00:00:00,2026-04-01
M00481,device,D02545,2026-01-01 00:00:00,2026-01-16
M00481,device,D06963,2026-01-16 00:00:00,2026-04-01
M00482,ip,I05859,2026-02-06 00:00:00,2026-04-01
M00482,device,D08695,2026-02-06 00:00:00,2026-04-01
M00483,ip,I06644,2026-01-01 00:00:00,2026-02-19
M00483,device,D08415,2026-01-01 00:00:00,2026-04-01
M00484,ip,I09446,2026-01-09 00:00:00,2026-04-01
M00484,device,D07889,2026-01-09 00:00:00,2026-04-01
M00485,ip,I03126,2026-02-18 00:00:00,2026-04-01
M00485,device,D00234,2026-02-18 00:00:00,2026-04-01
M00486,ip,I00344,2026-01-01 00:00:00,2026-04-01
M00486,device,D02042,2026-01-01 00:00:00,2026-04-01
M00487,ip,I08478,2026-01-01 00:00:00,2026-04-01
M00487,device,D09296,2026-01-01 00:00:00,2026-04-01
M00488,ip,I05638,2026-01-27 00:00:00,2026-04-01
M00488,device,D02959,2026-01-27 00:00:00,2026-04-01
M00489,ip,I04606,2026-02-24 00:00:00,2026-04-01
M00489,device,D00293,2026-02-24 00:00:00,2026-03-05
M00489,device,D06169,2026-03-05 00:00:00,2026-04-01
M00490,ip,I07990,2026-02-02 00:00:00,2026-04-01
M00490,device,D07931,2026-02-02 00:00:00,2026-04-01
M00491,ip,I01284,2026-01-01 00:00:00,2026-04-01
M00491,device,D03006,2026-01-01 00:00:00,2026-04-01
M00492,ip,I07160,2026-01-01 00:00:00,2026-04-01
M00492,device,D04549,2026-01-01 00:00:00,2026-02-23
M00492,device,D08640,2026-02-23 00:00:00,2026-04-01
M00493,ip,I08187,2026-01-01 00:00:00,2026-04-01
M00493,device,D03380,2026-01-01 00:00:00,2026-02-25
M00493,device,D04092,2026-02-25 00:00:00,2026-04-01
M00494,ip,I09267,2026-02-05 00:00:00,2026-04-01
M00494,device,D07106,2026-02-05 00:00:00,2026-04-01
M00495,ip,I07242,2026-02-05 00:00:00,2026-04-01
M00495,device,D02154,2026-02-05 00:00:00,2026-02-23
M00495,device,D09438,2026-02-23 00:00:00,2026-04-01
M00496,ip,I09023,2026-03-15 00:00:00,2026-04-01
M00496,device,D05509,2026-03-15 00:00:00,2026-04-01
M00497,ip,I09570,2026-01-01 00:00:00,2026-04-01
M00497,device,D01994,2026-01-01 00:00:00,2026-04-01
M00498,ip,I08553,2026-01-01 00:00:00,2026-04-01
M00498,device,D07192,2026-01-01 00:00:00,2026-03-25
M00498,device,D00913,2026-03-25 00:00:00,2026-04-01
M00499,ip,I00139,2026-01-01 00:00:00,2026-04-01
M00499,device,D01993,2026-01-01 00:00:00,2026-02-25
M00499,device,D01111,2026-02-25 00:00:00,2026-04-01
M00500,ip,I06971,2026-01-01 00:00:00,2026-04-01
M00500,device,D02297,2026-01-01 00:00:00,2026-03-24
M00500,device,D03778,2026-03-24 00:00:00,2026-04-01
M00501,ip,I06048,2026-01-01 00:00:00,2026-04-01
M00501,device,D04862,2026-01-01 00:00:00,2026-04-01
M00502,ip,I00732,2026-01-28 00:00:00,2026-04-01
M00502,device,D08293,2026-01-28 00:00:00,2026-02-06
M00502,device,D08871,2026-02-06 00:00:00,2026-04-01
M00503,ip,I03326,2026-01-01 00:00:00,2026-04-01
M00503,device,D09082,2026-01-01 00:00:00,2026-04-01
M00504,ip,I06599,2026-02-28 00:00:00,2026-04-01
M00504,device,D01810,2026-02-28 00:00:00,2026-03-14
M00504,device,D06239,2026-03-14 00:00:00,2026-04-01
M00505,ip,I08959,2026-01-01 00:00:00,2026-04-01
M00505,device,D01409,2026-01-01 00:00:00,2026-02-13
M00505,device,D00737,2026-02-13 00:00:00,2026-04-01
M00506,ip,I03739,2026-03-21 00:00:00,2026-04-01
M00506,device,D06062,2026-03-21 00:00:00,2026-04-01
M00507,ip,I05246,2026-01-01 00:00:00,2026-04-01
M00507,device,D02589,2026-01-01 00:00:00,2026-04-01
M00508,ip,I09676,2026-03-02 00:00:00,2026-04-01
M00508,device,D07920,2026-03-02 00:00:00,2026-03-18
M00508,device,D04074,2026-03-18 00:00:00,2026-04-01
M00509,ip,I02590,2026-01-28 00:00:00,2026-04-01
M00509,device,D00681,2026-01-28 00:00:00,2026-04-01
M00510,ip,I09087,2026-01-01 00:00:00,2026-04-01
M00510,device,D07429,2026-01-01 00:00:00,2026-04-01
M00511,ip,I01268,2026-03-21 00:00:00,2026-04-01
M00511,device,D06828,2026-03-21 00:00:00,2026-03-26
M00511,device,D01226,2026-03-26 00:00:00,2026-04-01
M00512,ip,I09336,2026-01-17 00:00:00,2026-04-01
M00512,device,D05688,2026-01-17 00:00:00,2026-04-01
M00513,ip,I09228,2026-03-02 00:00:00,2026-02-10
M00513,device,D04799,2026-03-02 00:00:00,2026-03-16
M00513,device,D09442,2026-03-16 00:00:00,2026-04-01
M00514,ip,I00284,2026-02-22 00:00:00,2026-04-01
M00514,device,D03628,2026-02-22 00:00:00,2026-04-01
M00515,ip,I01382,2026-01-01 00:00:00,2026-04-01
M00515,device,D06421,2026-01-01 00:00:00,2026-04-01
M00516,ip,I07981,2026-01-01 00:00:00,2026-04-01
M00516,device,D04497,2026-01-01 00:00:00,2026-01-20
M00516,device,D06030,2026-01-20 00:00:00,2026-04-01
M00517,ip,I00542,2026-01-24 00:00:00,2026-04-01
M00517,device,D09549,2026-01-24 00:00:00,2026-04-01
M00518,ip,I09891,2026-01-01 00:00:00,2026-02-14
M00518,device,D05963,2026-01-01 00:00:00,2026-04-01
M00519,ip,I04808,2026-03-18 00:00:00,2026-04-01
M00519,device,D03237,2026-03-18 00:00:00,2026-03-25
M00519,device,D09730,2026-03-25 00:00:00,2026-04-01
M00520,ip,I01854,2026-01-01 00:00:00,2026-04-01
M00520,device,D05983,2026-01-01 00:00:00,2026-01-29
M00520,device,D05688,2026-01-29 00:00:00,2026-04-01
M00521,ip,I05576,2026-01-01 00:00:00,2026-04-01
M00521,device,D06177,2026-01-01 00:00:00,2026-04-01
M00522,ip,I03083,2026-01-01 00:00:00,2026-04-01
M00522,device,D07200,2026-01-01 00:00:00,2026-04-01
M00523,ip,I05680,2026-01-01 00:00:00,2026-04-01
M00523,device,D05370,2026-01-01 00:00:00,2026-04-01
M00524,ip,I09513,2026-01-01 00:00:00,2026-04-01
M00524,device,D07499,2026-01-01 00:00:00,2026-02-25
M00524,device,D07050,2026-02-25 00:00:00,2026-04-01
M00525,ip,I07370,2026-01-01 00:00:00,2026-04-01
M00525,device,D09304,2026-01-01 00:00:00,2026-02-15
M00525,device,D04597,2026-02-15 00:00:00,2026-04-01
M00526,ip,I00016,2026-01-01 00:00:00,2026-04-01
M00526,device,D05008,2026-01-01 00:00:00,2026-04-01
M00527,ip,I07070,2026-01-01 00:00:00,2026-04-01
M00527,device,D08055,2026-01-01 00:00:00,2026-04-01
M00528,ip,I06655,2026-01-01 00:00:00,2026-04-01
M00528,device,D06022,2026-01-01 00:00:00,2026-04-01
M00529,ip,I06393,2026-01-01 00:00:00,2026-01-23
M00529,device,D07819,2026-01-01 00:00:00,2026-04-01
M00530,ip,I02389,2026-01-07 00:00:00,2026-04-01
M00530,device,D06454,2026-01-07 00:00:00,2026-04-01
M00531,ip,I05146,2026-01-01 00:00:00,2026-04-01
M00531,device,D05459,2026-01-01 00:00:00,2026-04-01
M00532,ip,I04335,2026-01-02 00:00:00,2026-04-01
M00532,device,D01616,2026-01-02 00:00:00,2026-04-01
M00533,ip,I09845,2026-01-01 00:00:00,2026-04-01
M00533,device,D05169,2026-01-01 00:00:00,2026-04-01
M00534,ip,I02423,2026-01-01 00:00:00,2026-04-01
M00534,device,D09447,2026-01-01 00:00:00,2026-04-01
M00535,ip,I01380,2026-01-01 00:00:00,2026-02-19
M00535,device,D06478,2026-01-01 00:00:00,2026-04-01
M00536,ip,I01834,2026-01-01 00:00:00,2026-04-01
M00536,device,D01245,2026-01-01 00:00:00,2026-03-25
M00536,device,D03418,2026-03-25 00:00:00,2026-04-01
M00537,ip,I08398,2026-03-07 00:00:00,2026-02-17
M00537,device,D04423,2026-03-07 00:00:00,2026-03-19
M00537,device,D09780,2026-03-19 00:00:00,2026-04-01
M00538,ip,I09525,2026-01-01 00:00:00,2026-04-01
M00538,device,D00954,2026-01-01 00:00:00,2026-04-01
M00539,ip,I05493,2026-03-09 00:00:00,2026-04-01
M00539,device,D05597,2026-03-09 00:00:00,2026-03-25
M00539,device,D04649,2026-03-25 00:00:00,2026-04-01
M00540,ip,I02649,2026-01-01 00:00:00,2026-04-01
M00540,device,D07552,2026-01-01 00:00:00,2026-04-01
M00541,ip,I03370,2026-03-20 00:00:00,2026-04-01
M00541,device,D09615,2026-03-20 00:00:00,2026-04-01
M00542,ip,I00719,2026-01-01 00:00:00,2026-04-01
M00542,device,D00361,2026-01-01 00:00:00,2026-03-12
M00542,device,D07598,2026-03-12 00:00:00,2026-04-01
M00543,ip,I07013,2026-01-01 00:00:00,2026-02-15
M00543,device,D07054,2026-01-01 00:00:00,2026-02-11
M00543,device,D00350,2026-02-11 00:00:00,2026-04-01
M00544,ip,I01774,2026-01-01 00:00:00,2026-04-01
M00544,device,D05279,2026-01-01 00:00:00,2026-04-01
M00545,ip,I01411,2026-01-01 00:00:00,2026-04-01
M00545,device,D03446,2026-01-01 00:00:00,2026-04-01
M00546,ip,I00874,2026-01-01 00:00:00,2026-04-01
M00546,device,D03938,2026-01-01 00:00:00,2026-03-11
M00546,device,D06500,2026-03-11 00:00:00,2026-04-01
M00547,ip,I08882,2026-01-01 00:00:00,2026-04-01
M00547,device,D08837,2026-01-01 00:00:00,2026-03-23
M00547,device,D05695,2026-03-23 00:00:00,2026-04-01
M00548,ip,I09504,2026-01-01 00:00:00,2026-04-01
M00548,device,D09980,2026-01-01 00:00:00,2026-04-01
M00549,ip,I02795,2026-01-01 00:00:00,2026-04-01
M00549,device,D09137,2026-01-01 00:00:00,2026-04-01
M00550,ip,I01749,2026-01-01 00:00:00,2026-04-01
M00550,device,D00681,2026-01-01 00:00:00,2026-04-01
M00551,ip,I08420,2026-01-05 00:00:00,2026-04-01
M00551,device,D02094,2026-01-05 00:00:00,2026-03-26
M00551,device,D04478,2026-03-26 00:00:00,2026-04-01
M00552,ip,I06580,2026-02-20 00:00:00,2026-04-01
M00552,device,D01670,2026-02-20 00:00:00,2026-03-05
M00552,device,D01760,2026-03-05 00:00:00,2026-04-01
M00553,ip,I01488,2026-01-01 00:00:00,2026-04-01
M00553,device,D09541,2026-01-01 00:00:00,2026-04-01
M00554,ip,I09365,2026-01-01 00:00:00,2026-04-01
M00554,device,D01371,2026-01-01 00:00:00,2026-04-01
M00555,ip,I00505,2026-01-01 00:00:00,2026-04-01
M00555,device,D04779,2026-01-01 00:00:00,2026-04-01
M00556,ip,I08079,2026-01-01 00:00:00,2026-04-01
M00556,device,D08122,2026-01-01 00:00:00,2026-04-01
M00557,ip,I04709,2026-01-01 00:00:00,2026-04-01
M00557,device,D07271,2026-01-01 00:00:00,2026-04-01
M00558,ip,I06761,2026-01-01 00:00:00,2026-04-01
M00558,device,D03032,2026-01-01 00:00:00,2026-02-15
M00558,device,D03619,2026-02-15 00:00:00,2026-04-01
M00559,ip,I05007,2026-01-01 00:00:00,2026-04-01
M00559,device,D05204,2026-01-01 00:00:00,2026-02-02
M00559,device,D06476,2026-02-02 00:00:00,2026-04-01
M00560,ip,I02697,2026-01-01 00:00:00,2026-04-01
M00560,device,D09867,2026-01-01 00:00:00,2026-04-01
M00561,ip,I06490,2026-01-03 00:00:00,2026-04-01
M00561,device,D07560,2026-01-03 00:00:00,2026-02-10
M00561,device,D08202,2026-02-10 00:00:00,2026-04-01
M00562,ip,I09619,2026-01-01 00:00:00,2026-04-01
M00562,device,D02426,2026-01-01 00:00:00,2026-04-01
M00563,ip,I02240,2026-01-01 00:00:00,2026-04-01
M00563,device,D06954,2026-01-01 00:00:00,2026-04-01
M00564,ip,I01903,2026-01-01 00:00:00,2026-01-27
M00564,device,D08949,2026-01-01 00:00:00,2026-04-01
M00565,ip,I04362,2026-01-01 00:00:00,2026-04-01
M00565,device,D06430,2026-01-01 00:00:00,2026-04-01
M00566,ip,I08751,2026-02-28 00:00:00,2026-04-01
M00566,device,D01654,2026-02-28 00:00:00,2026-04-01
M00567,ip,I05199,2026-01-01 00:00:00,2026-04-01
M00567,device,D09231,2026-01-01 00:00:00,2026-04-01
M00568,ip,I09600,2026-01-16 00:00:00,2026-04-01
M00568,device,D08466,2026-01-16 00:00:00,2026-04-01
M00569,ip,I07048,2026-01-01 00:00:00,2026-04-01
M00569,device,D05862,2026-01-01 00:00:00,2026-04-01
M00570,ip,I08991,2026-03-19 00:00:00,2026-04-01
M00570,device,D04193,2026-03-19 00:00:00,2026-04-01
M00571,ip,I00823,2026-01-01 00:00:00,2026-04-01
M00571,device,D06551,2026-01-01 00:00:00,2026-04-01
M00572,ip,I07031,2026-01-01 00:00:00,2026-04-01
M00572,device,D00614,2026-01-01 00:00:00,2026-04-01
M00573,ip,I04132,2026-01-01 00:00:00,2026-04-01
M00573,device,D07199,2026-01-01 00:00:00,2026-04-01
M00574,ip,I08043,2026-01-01 00:00:00,2026-02-15
M00574,device,D02265,2026-01-01 00:00:00,2026-04-01
M00575,ip,I02008,2026-01-01 00:00:00,2026-04-01
M00575,device,D01976,2026-01-01 00:00:00,2026-04-01
M00576,ip,I01412,2026-01-01 00:00:00,2026-04-01
M00576,device,D01013,2026-01-01 00:00:00,2026-04-01
M00577,ip,I05835,2026-03-08 00:00:00,2026-04-01
M00577,device,D02076,2026-03-08 00:00:00,2026-03-15
M00577,device,D00724,2026-03-15 00:00:00,2026-04-01
M00578,ip,I02588,2026-01-01 00:00:00,2026-04-01
M00578,device,D08005,2026-01-01 00:00:00,2026-04-01
M00579,ip,I06071,2026-01-01 00:00:00,2026-04-01
M00579,device,D07611,2026-01-01 00:00:00,2026-04-01
M00580,ip,I07792,2026-01-09 00:00:00,2026-04-01
M00580,device,D09568,2026-01-09 00:00:00,2026-02-06
M00580,device,D03002,2026-02-06 00:00:00,2026-04-01
M00581,ip,I08920,2026-01-01 00:00:00,2026-04-01
M00581,device,D01334,2026-01-01 00:00:00,2026-02-15
M00581,device,D02360,2026-02-15 00:00:00,2026-04-01
M00582,ip,I05350,2026-01-01 00:00:00,2026-04-01
M00582,device,D06307,2026-01-01 00:00:00,2026-04-01
M00583,ip,I06755,2026-01-01 00:00:00,2026-04-01
M00583,device,D01042,2026-01-01 00:00:00,2026-04-01
M00584,ip,I00093,2026-01-01 00:00:00,2026-04-01
M00584,device,D03709,2026-01-01 00:00:00,2026-04-01
M00585,ip,I00401,2026-01-01 00:00:00,2026-04-01
M00585,device,D03558,2026-01-01 00:00:00,2026-04-01
M00586,ip,I08248,2026-01-01 00:00:00,2026-04-01
M00586,device,D01756,2026-01-01 00:00:00,2026-02-04
M00586,device,D09240,2026-02-04 00:00:00,2026-04-01
M00587,ip,I04930,2026-01-01 00:00:00,2026-04-01
M00587,device,D06599,2026-01-01 00:00:00,2026-04-01
M00588,ip,I02763,2026-01-01 00:00:00,2026-04-01
M00588,device,D06585,2026-01-01 00:00:00,2026-04-01
M00589,ip,I07116,2026-01-01 00:00:00,2026-04-01
M00589,device,D04223,2026-01-01 00:00:00,2026-04-01
M00590,ip,I07621,2026-02-09 00:00:00,2026-04-01
M00590,device,D03075,2026-02-09 00:00:00,2026-04-01
M00591,ip,I05218,2026-01-01 00:00:00,2026-04-01
M00591,device,D05449,2026-01-01 00:00:00,2026-04-01
M00592,ip,I02002,2026-02-03 00:00:00,2026-04-01
M00592,device,D03564,2026-02-03 00:00:00,2026-04-01
M00593,ip,I08856,2026-01-27 00:00:00,2026-04-01
M00593,device,D09168,2026-01-27 00:00:00,2026-02-18
M00593,device,D09956,2026-02-18 00:00:00,2026-04-01
M00594,ip,I04190,2026-01-01 00:00:00,2026-04-01
M00594,device,D06703,2026-01-01 00:00:00,2026-04-01
M00595,ip,I05007,2026-01-01 00:00:00,2026-04-01
M00595,device,D00178,2026-01-01 00:00:00,2026-04-01
M00596,ip,I02775,2026-01-21 00:00:00,2026-04-01
M00596,device,D02736,2026-01-21 00:00:00,2026-04-01
M00597,ip,I06425,2026-01-01 00:00:00,2026-01-26
M00597,device,D09723,2026-01-01 00:00:00,2026-04-01
M00598,ip,I06497,2026-01-01 00:00:00,2026-01-28
M00598,device,D01324,2026-01-01 00:00:00,2026-03-12
M00598,device,D04259,2026-03-12 00:00:00,2026-04-01
M00599,ip,I03011,2026-03-24 00:00:00,2026-04-01
M00599,device,D03496,2026-03-24 00:00:00,2026-04-01
M00600,ip,I00506,2026-01-01 00:00:00,2026-04-01
M00600,device,D03017,2026-01-01 00:00:00,2026-04-01
M00601,ip,I09989,2026-01-01 00:00:00,2026-04-01
M00601,device,D09153,2026-01-01 00:00:00,2026-03-15
M00601,device,D00950,2026-03-15 00:00:00,2026-04-01
M00602,ip,I04598,2026-01-23 00:00:00,2026-04-01
M00602,device,D05726,2026-01-23 00:00:00,2026-02-17
M00602,device,D06147,2026-02-17 00:00:00,2026-04-01
M00603,ip,I03726,2026-01-01 00:00:00,2026-04-01
M00603,device,D01236,2026-01-01 00:00:00,2026-04-01
M00604,ip,I06513,2026-01-01 00:00:00,2026-04-01
M00604,device,D09402,2026-01-01 00:00:00,2026-04-01
M00605,ip,I08444,2026-01-01 00:00:00,2026-02-03
M00605,device,D00497,2026-01-01 00:00:00,2026-02-24
M00606,ip,I04819,2026-01-01 00:00:00,2026-04-01
M00606,device,D00226,2026-01-01 00:00:00,2026-01-11
M00606,device,D02795,2026-01-11 00:00:00,2026-04-01
M00607,ip,I04168,2026-01-01 00:00:00,2026-04-01
M00607,device,D03189,2026-01-01 00:00:00,2026-04-01
M00608,ip,I05828,2026-01-01 00:00:00,2026-04-01
M00608,device,D03320,2026-01-01 00:00:00,2026-04-01
M00609,ip,I05680,2026-01-01 00:00:00,2026-04-01
M00609,device,D09475,2026-01-01 00:00:00,2026-04-01
M00610,ip,I02776,2026-01-01 00:00:00,2026-04-01
M00610,device,D01282,2026-01-01 00:00:00,2026-04-01
M00611,ip,I05581,2026-01-01 00:00:00,2026-02-03
M00611,device,D00448,2026-01-01 00:00:00,2026-04-01
M00612,ip,I02995,2026-01-07 00:00:00,2026-04-01
M00612,device,D00101,2026-01-07 00:00:00,2026-04-01
M00613,ip,I03885,2026-01-01 00:00:00,2026-04-01
M00613,device,D01365,2026-01-01 00:00:00,2026-02-13
M00613,device,D01220,2026-02-13 00:00:00,2026-04-01
M00614,ip,I07599,2026-02-16 00:00:00,2026-02-12
M00614,device,D09196,2026-02-16 00:00:00,2026-04-01
M00615,ip,I06634,2026-01-01 00:00:00,2026-04-01
M00615,device,D04972,2026-01-01 00:00:00,2026-04-01
M00616,ip,I05295,2026-01-01 00:00:00,2026-04-01
M00616,device,D04922,2026-01-01 00:00:00,2026-04-01
M00617,ip,I04794,2026-01-07 00:00:00,2026-04-01
M00617,device,D06724,2026-01-07 00:00:00,2026-02-13
M00617,device,D04163,2026-02-13 00:00:00,2026-04-01
M00618,ip,I09867,2026-01-22 00:00:00,2026-02-15
M00618,device,D07337,2026-01-22 00:00:00,2026-04-01
M00619,ip,I07204,2026-01-01 00:00:00,2026-04-01
M00619,device,D06626,2026-01-01 00:00:00,2026-04-01
M00620,ip,I04815,2026-01-01 00:00:00,2026-04-01
M00620,device,D05236,2026-01-01 00:00:00,2026-04-01
M00621,ip,I01268,2026-01-01 00:00:00,2026-02-16
M00621,device,D03591,2026-01-01 00:00:00,2026-01-15
M00621,device,D00975,2026-01-15 00:00:00,2026-02-16
M00622,ip,I00214,2026-01-01 00:00:00,2026-04-01
M00622,device,D02948,2026-01-01 00:00:00,2026-03-07
M00622,device,D04239,2026-03-07 00:00:00,2026-04-01
M00623,ip,I08321,2026-01-01 00:00:00,2026-04-01
M00623,device,D07069,2026-01-01 00:00:00,2026-03-19
M00623,device,D01433,2026-03-19 00:00:00,2026-04-01
M00624,ip,I07089,2026-03-07 00:00:00,2026-04-01
M00624,device,D00263,2026-03-07 00:00:00,2026-04-01
M00625,ip,I04604,2026-01-01 00:00:00,2026-04-01
M00625,device,D09982,2026-01-01 00:00:00,2026-04-01
M00626,ip,I04845,2026-01-01 00:00:00,2026-04-01
M00626,device,D07769,2026-01-01 00:00:00,2026-04-01
M00627,ip,I02946,2026-02-02 00:00:00,2026-04-01
M00627,device,D01717,2026-02-02 00:00:00,2026-04-01
M00628,ip,I02262,2026-01-01 00:00:00,2026-02-28
M00628,device,D06410,2026-01-01 00:00:00,2026-04-01
M00629,ip,I01942,2026-02-25 00:00:00,2026-04-01
M00629,device,D09648,2026-02-25 00:00:00,2026-03-13
M00629,device,D00288,2026-03-13 00:00:00,2026-04-01
M00630,ip,I01260,2026-01-01 00:00:00,2026-02-03
M00630,device,D04126,2026-01-01 00:00:00,2026-04-01
M00631,ip,I02816,2026-03-16 00:00:00,2026-04-01
M00631,device,D04772,2026-03-16 00:00:00,2026-03-25
M00631,device,D09483,2026-03-25 00:00:00,2026-04-01
M00632,ip,I04763,2026-01-01 00:00:00,2026-04-01
M00632,device,D08361,2026-01-01 00:00:00,2026-04-01
M00633,ip,I00970,2026-01-01 00:00:00,2026-04-01
M00633,device,D02500,2026-01-01 00:00:00,2026-04-01
M00634,ip,I07934,2026-01-01 00:00:00,2026-04-01
M00634,device,D02098,2026-01-01 00:00:00,2026-04-01
M00635,ip,I08858,2026-01-29 00:00:00,2026-04-01
M00635,device,D03505,2026-01-29 00:00:00,2026-04-01
M00636,ip,I02546,2026-01-21 00:00:00,2026-02-02
M00636,device,D08377,2026-01-21 00:00:00,2026-02-03
M00636,device,D06141,2026-02-03 00:00:00,2026-04-01
M00637,ip,I03143,2026-01-01 00:00:00,2026-04-01
M00637,device,D07609,2026-01-01 00:00:00,2026-04-01
M00638,ip,I07604,2026-01-01 00:00:00,2026-04-01
M00638,device,D07646,2026-01-01 00:00:00,2026-04-01
M00639,ip,I09871,2026-01-01 00:00:00,2026-02-11
M00639,device,D09998,2026-01-01 00:00:00,2026-04-01
M00640,ip,I02759,2026-01-01 00:00:00,2026-04-01
M00640,device,D09351,2026-01-01 00:00:00,2026-03-09
M00640,device,D01885,2026-03-09 00:00:00,2026-04-01
M00641,ip,I09478,2026-01-01 00:00:00,2026-04-01
M00641,device,D08017,2026-01-01 00:00:00,2026-04-01
M00642,ip,I05126,2026-02-06 00:00:00,2026-04-01
M00642,device,D03878,2026-02-06 00:00:00,2026-04-01
M00643,ip,I08273,2026-01-16 00:00:00,2026-04-01
M00643,device,D00195,2026-01-16 00:00:00,2026-04-01
M00644,ip,I07414,2026-01-01 00:00:00,2026-04-01
M00644,device,D07137,2026-01-01 00:00:00,2026-04-01
M00645,ip,I08110,2026-01-01 00:00:00,2026-04-01
M00645,device,D02929,2026-01-01 00:00:00,2026-02-20
M00645,device,D02210,2026-02-20 00:00:00,2026-04-01
M00646,ip,I09703,2026-01-01 00:00:00,2026-04-01
M00646,device,D03731,2026-01-01 00:00:00,2026-04-01
M00647,ip,I09470,2026-01-14 00:00:00,2026-04-01
M00647,device,D05103,2026-01-14 00:00:00,2026-04-01
M00648,ip,I09839,2026-01-22 00:00:00,2026-04-01
M00648,device,D04664,2026-01-22 00:00:00,2026-04-01
M00649,ip,I03755,2026-01-14 00:00:00,2026-02-15
M00649,device,D07637,2026-01-14 00:00:00,2026-04-01
M00650,ip,I00460,2026-01-01 00:00:00,2026-04-01
M00650,device,D07532,2026-01-01 00:00:00,2026-02-28
M00650,device,D03721,2026-02-28 00:00:00,2026-04-01
M00651,ip,I02556,2026-01-01 00:00:00,2026-04-01
M00651,device,D02042,2026-01-01 00:00:00,2026-04-01
M00652,ip,I07212,2026-01-01 00:00:00,2026-04-01
M00652,device,D01385,2026-01-01 00:00:00,2026-03-25
M00652,device,D03629,2026-03-25 00:00:00,2026-04-01
M00653,ip,I08415,2026-01-01 00:00:00,2026-04-01
M00653,device,D07100,2026-01-01 00:00:00,2026-01-19
M00653,device,D02754,2026-01-19 00:00:00,2026-04-01
M00654,ip,I07293,2026-01-01 00:00:00,2026-04-01
M00654,device,D05298,2026-01-01 00:00:00,2026-04-01
M00655,ip,I04459,2026-01-01 00:00:00,2026-04-01
M00655,device,D09622,2026-01-01 00:00:00,2026-01-28
M00655,device,D08059,2026-01-28 00:00:00,2026-04-01
M00656,ip,I05488,2026-01-01 00:00:00,2026-04-01
M00656,device,D05979,2026-01-01 00:00:00,2026-01-15
M00656,device,D05982,2026-01-15 00:00:00,2026-04-01
M00657,ip,I01663,2026-03-12 00:00:00,2026-04-01
M00657,device,D09260,2026-03-12 00:00:00,2026-04-01
M00658,ip,I03201,2026-01-01 00:00:00,2026-04-01
M00658,device,D05504,2026-01-01 00:00:00,2026-04-01
M00659,ip,I01208,2026-03-21 00:00:00,2026-04-01
M00659,device,D05359,2026-03-21 00:00:00,2026-04-01
M00660,ip,I05848,2026-01-01 00:00:00,2026-01-25
M00660,device,D00854,2026-01-01 00:00:00,2026-04-01
M00661,ip,I04843,2026-01-01 00:00:00,2026-04-01
M00661,device,D05668,2026-01-01 00:00:00,2026-03-15
M00661,device,D02353,2026-03-15 00:00:00,2026-04-01
M00662,ip,I08142,2026-01-01 00:00:00,2026-01-25
M00662,device,D09583,2026-01-01 00:00:00,2026-04-01
M00663,ip,I00615,2026-01-18 00:00:00,2026-04-01
M00663,device,D02579,2026-01-18 00:00:00,2026-02-24
M00663,device,D08371,2026-02-24 00:00:00,2026-04-01
M00664,ip,I00897,2026-01-01 00:00:00,2026-04-01
M00664,device,D07207,2026-01-01 00:00:00,2026-01-11
M00664,device,D08048,2026-01-11 00:00:00,2026-04-01
M00665,ip,I05736,2026-01-01 00:00:00,2026-04-01
M00665,device,D06904,2026-01-01 00:00:00,2026-04-01
M00666,ip,I01555,2026-01-01 00:00:00,2026-04-01
M00666,device,D04887,2026-01-01 00:00:00,2026-03-18
M00666,device,D00485,2026-03-18 00:00:00,2026-04-01
M00667,ip,I01645,2026-01-01 00:00:00,2026-04-01
M00667,device,D08415,2026-01-01 00:00:00,2026-04-01
M00668,ip,I04097,2026-01-01 00:00:00,2026-04-01
M00668,device,D07641,2026-01-01 00:00:00,2026-02-06
M00668,device,D08297,2026-02-06 00:00:00,2026-04-01
M00669,ip,I09847,2026-02-06 00:00:00,2026-04-01
M00669,device,D05002,2026-02-06 00:00:00,2026-04-01
M00670,ip,I04997,2026-01-01 00:00:00,2026-04-01
M00670,device,D04066,2026-01-01 00:00:00,2026-04-01
M00671,ip,I08937,2026-01-01 00:00:00,2026-04-01
M00671,device,D01615,2026-01-01 00:00:00,2026-04-01
M00672,ip,I04969,2026-01-01 00:00:00,2026-04-01
M00672,device,D09631,2026-01-01 00:00:00,2026-02-13
M00672,device,D03490,2026-02-13 00:00:00,2026-04-01
M00673,ip,I04783,2026-01-01 00:00:00,2026-01-23
M00673,device,D05640,2026-01-01 00:00:00,2026-04-01
M00674,ip,I02295,2026-01-01 00:00:00,2026-01-17
M00674,device,D02785,2026-01-01 00:00:00,2026-04-01
M00675,ip,I07599,2026-01-01 00:00:00,2026-04-01
M00675,device,D02378,2026-01-01 00:00:00,2026-03-14
M00675,device,D07052,2026-03-14 00:00:00,2026-04-01
M00676,ip,I02116,2026-01-01 00:00:00,2026-04-01
M00676,device,D01386,2026-01-01 00:00:00,2026-02-17
M00676,device,D06231,2026-02-17 00:00:00,2026-04-01
M00677,ip,I00144,2026-01-01 00:00:00,2026-04-01
M00677,device,D01847,2026-01-01 00:00:00,2026-04-01
M00678,ip,I07548,2026-01-01 00:00:00,2026-04-01
M00678,device,D05079,2026-01-01 00:00:00,2026-04-01
M00679,ip,I00662,2026-01-01 00:00:00,2026-04-01
M00679,device,D03386,2026-01-01 00:00:00,2026-04-01
M00680,ip,I09773,2026-01-01 00:00:00,2026-04-01
M00680,device,D00904,2026-01-01 00:00:00,2026-04-01
M00681,ip,I01588,2026-01-01 00:00:00,2026-04-01
M00681,device,D08364,2026-01-01 00:00:00,2026-03-19
M00681,device,D06262,2026-03-19 00:00:00,2026-04-01
M00682,ip,I06379,2026-01-01 00:00:00,2026-04-01
M00682,device,D05971,2026-01-01 00:00:00,2026-04-01
M00683,ip,I07213,2026-01-01 00:00:00,2026-04-01
M00683,device,D04864,2026-01-01 00:00:00,2026-04-01
M00684,ip,I01502,2026-01-01 00:00:00,2026-04-01
M00684,device,D04410,2026-01-01 00:00:00,2026-01-31
M00684,device,D09452,2026-01-31 00:00:00,2026-04-01
M00685,ip,I00833,2026-01-01 00:00:00,2026-04-01
M00685,device,D02191,2026-01-01 00:00:00,2026-02-11
M00685,device,D03292,2026-02-11 00:00:00,2026-04-01
M00686,ip,I07796,2026-01-01 00:00:00,2026-04-01
M00686,device,D02506,2026-01-01 00:00:00,2026-03-16
M00686,device,D01089,2026-03-16 00:00:00,2026-04-01
M00687,ip,I08101,2026-01-01 00:00:00,2026-04-01
M00687,device,D04056,2026-01-01 00:00:00,2026-03-25
M00687,device,D03125,2026-03-25 00:00:00,2026-04-01
M00688,ip,I07250,2026-01-01 00:00:00,2026-04-01
M00688,device,D00631,2026-01-01 00:00:00,2026-04-01
M00689,ip,I09991,2026-01-01 00:00:00,2026-04-01
M00689,device,D08405,2026-01-01 00:00:00,2026-04-01
M00690,ip,I05054,2026-01-01 00:00:00,2026-04-01
M00690,device,D07344,2026-01-01 00:00:00,2026-03-03
M00690,device,D08678,2026-03-03 00:00:00,2026-04-01
M00691,ip,I02244,2026-01-01 00:00:00,2026-04-01
M00691,device,D04146,2026-01-01 00:00:00,2026-04-01
M00692,ip,I05126,2026-01-01 00:00:00,2026-04-01
M00692,device,D05992,2026-01-01 00:00:00,2026-02-01
M00692,device,D03890,2026-02-01 00:00:00,2026-04-01
M00693,ip,I08453,2026-01-01 00:00:00,2026-04-01
M00693,device,D04756,2026-01-01 00:00:00,2026-04-01
M00694,ip,I07051,2026-01-11 00:00:00,2026-02-16
M00694,device,D07442,2026-01-11 00:00:00,2026-02-01
M00694,device,D06941,2026-02-01 00:00:00,2026-04-01
M00695,ip,I01126,2026-01-01 00:00:00,2026-04-01
M00695,device,D08689,2026-01-01 00:00:00,2026-02-25
M00695,device,D01875,2026-02-25 00:00:00,2026-04-01
M00696,ip,I09603,2026-01-01 00:00:00,2026-04-01
M00696,device,D05895,2026-01-01 00:00:00,2026-01-28
M00696,device,D02032,2026-01-28 00:00:00,2026-04-01
M00697,ip,I08554,2026-03-17 00:00:00,2026-04-01
M00697,device,D05989,2026-03-17 00:00:00,2026-04-01
M00698,ip,I03676,2026-01-28 00:00:00,2026-04-01
M00698,device,D03829,2026-01-28 00:00:00,2026-04-01
M00699,ip,I01187,2026-01-01 00:00:00,2026-04-01
M00699,device,D09982,2026-01-01 00:00:00,2026-04-01
M00700,ip,I03588,2026-03-15 00:00:00,2026-04-01
M00700,device,D03505,2026-03-15 00:00:00,2026-04-01
M00701,ip,I06307,2026-01-01 00:00:00,2026-04-01
M00701,device,D03187,2026-01-01 00:00:00,2026-04-01
M00702,ip,I06226,2026-01-01 00:00:00,2026-04-01
M00702,device,D00451,2026-01-01 00:00:00,2026-04-01
M00703,ip,I06966,2026-01-24 00:00:00,2026-04-01
M00703,device,D00764,2026-01-24 00:00:00,2026-04-01
M00704,ip,I06887,2026-01-01 00:00:00,2026-04-01
M00704,device,D03476,2026-01-01 00:00:00,2026-04-01
M00705,ip,I00068,2026-01-01 00:00:00,2026-04-01
M00705,device,D06648,2026-01-01 00:00:00,2026-04-01
M00706,ip,I02622,2026-01-01 00:00:00,2026-04-01
M00706,device,D02102,2026-01-01 00:00:00,2026-01-14
M00706,device,D07162,2026-01-14 00:00:00,2026-04-01
M00707,ip,I00152,2026-01-01 00:00:00,2026-04-01
M00707,device,D00485,2026-01-01 00:00:00,2026-01-18
M00707,device,D06299,2026-01-18 00:00:00,2026-04-01
M00708,ip,I01324,2026-01-01 00:00:00,2026-04-01
M00708,device,D08033,2026-01-01 00:00:00,2026-04-01
M00709,ip,I05592,2026-01-01 00:00:00,2026-04-01
M00709,device,D01403,2026-01-01 00:00:00,2026-04-01
M00710,ip,I09808,2026-01-01 00:00:00,2026-04-01
M00710,device,D03744,2026-01-01 00:00:00,2026-04-01
M00711,ip,I01468,2026-01-01 00:00:00,2026-04-01
M00711,device,D07706,2026-01-01 00:00:00,2026-04-01
M00712,ip,I04310,2026-01-01 00:00:00,2026-04-01
M00712,device,D02333,2026-01-01 00:00:00,2026-04-01
M00713,ip,I04956,2026-02-15 00:00:00,2026-04-01
M00713,device,D01010,2026-02-15 00:00:00,2026-04-01
M00714,ip,I06409,2026-01-01 00:00:00,2026-04-01
M00714,device,D06109,2026-01-01 00:00:00,2026-03-03
M00714,device,D08120,2026-03-03 00:00:00,2026-04-01
M00715,ip,I08355,2026-01-01 00:00:00,2026-04-01
M00715,device,D09957,2026-01-01 00:00:00,2026-03-24
M00715,device,D06946,2026-03-24 00:00:00,2026-04-01
M00716,ip,I07847,2026-01-01 00:00:00,2026-04-01
M00716,device,D02915,2026-01-01 00:00:00,2026-04-01
M00717,ip,I08135,2026-01-01 00:00:00,2026-02-12
M00717,device,D08618,2026-01-01 00:00:00,2026-04-01
M00718,ip,I00878,2026-01-01 00:00:00,2026-04-01
M00718,device,D00404,2026-01-01 00:00:00,2026-02-07
M00718,device,D08794,2026-02-07 00:00:00,2026-04-01
M00719,ip,I06267,2026-01-01 00:00:00,2026-04-01
M00719,device,D02751,2026-01-01 00:00:00,2026-02-09
M00719,device,D07465,2026-02-09 00:00:00,2026-04-01
M00720,ip,I09837,2026-01-01 00:00:00,2026-04-01
M00720,device,D02768,2026-01-01 00:00:00,2026-04-01
M00721,ip,I02447,2026-02-04 00:00:00,2026-04-01
M00721,device,D01395,2026-02-04 00:00:00,2026-03-11
M00721,device,D04643,2026-03-11 00:00:00,2026-04-01
M00722,ip,I07395,2026-01-01 00:00:00,2026-01-23
M00722,device,D05212,2026-01-01 00:00:00,2026-04-01
M00723,ip,I06483,2026-01-01 00:00:00,2026-04-01
M00723,device,D07130,2026-01-01 00:00:00,2026-04-01
M00724,ip,I05284,2026-01-01 00:00:00,2026-04-01
M00724,device,D00674,2026-01-01 00:00:00,2026-03-19
M00724,device,D02552,2026-03-19 00:00:00,2026-04-01
M00725,ip,I03688,2026-01-01 00:00:00,2026-04-01
M00725,device,D09577,2026-01-01 00:00:00,2026-04-01
M00726,ip,I05168,2026-01-01 00:00:00,2026-02-15
M00726,device,D01181,2026-01-01 00:00:00,2026-04-01
M00727,ip,I08166,2026-01-01 00:00:00,2026-04-01
M00727,device,D00432,2026-01-01 00:00:00,2026-04-01
M00728,ip,I08863,2026-01-01 00:00:00,2026-04-01
M00728,device,D01858,2026-01-01 00:00:00,2026-04-01
M00729,ip,I02712,2026-01-01 00:00:00,2026-04-01
M00729,device,D05186,2026-01-01 00:00:00,2026-04-01
M00730,ip,I03560,2026-01-01 00:00:00,2026-04-01
M00730,device,D00113,2026-01-01 00:00:00,2026-04-01
M00731,ip,I04097,2026-01-01 00:00:00,2026-04-01
M00731,device,D08549,2026-01-01 00:00:00,2026-03-23
M00731,device,D04594,2026-03-23 00:00:00,2026-04-01
M00732,ip,I05101,2026-01-01 00:00:00,2026-04-01
M00732,device,D07863,2026-01-01 00:00:00,2026-03-04
M00732,device,D06777,2026-03-04 00:00:00,2026-04-01
M00733,ip,I07960,2026-01-01 00:00:00,2026-04-01
M00733,device,D07521,2026-01-01 00:00:00,2026-02-21
M00733,device,D07432,2026-02-21 00:00:00,2026-04-01
M00734,ip,I08683,2026-01-15 00:00:00,2026-04-01
M00734,device,D08254,2026-01-15 00:00:00,2026-02-17
M00734,device,D05919,2026-02-17 00:00:00,2026-04-01
M00735,ip,I01954,2026-01-01 00:00:00,2026-02-02
M00735,device,D07951,2026-01-01 00:00:00,2026-02-02
M00736,ip,I07856,2026-01-01 00:00:00,2026-01-28
M00736,device,D07962,2026-01-01 00:00:00,2026-02-05
M00736,device,D09364,2026-02-05 00:00:00,2026-04-01
M00737,ip,I01009,2026-03-01 00:00:00,2026-04-01
M00737,device,D09225,2026-03-01 00:00:00,2026-04-01
M00738,ip,I06545,2026-03-07 00:00:00,2026-04-01
M00738,device,D08957,2026-03-07 00:00:00,2026-04-01
M00739,ip,I04262,2026-01-01 00:00:00,2026-04-01
M00739,device,D09520,2026-01-01 00:00:00,2026-04-01
M00740,ip,I04656,2026-03-26 00:00:00,2026-04-01
M00740,device,D05559,2026-03-26 00:00:00,2026-03-31
M00740,device,D05412,2026-03-31 00:00:00,2026-04-01
M00741,ip,I09946,2026-01-03 00:00:00,2026-04-01
M00741,device,D04913,2026-01-03 00:00:00,2026-04-01
M00742,ip,I05995,2026-01-01 00:00:00,2026-04-01
M00742,device,D05458,2026-01-01 00:00:00,2026-02-16
M00742,device,D01536,2026-02-16 00:00:00,2026-04-01
M00743,ip,I08681,2026-01-01 00:00:00,2026-04-01
M00743,device,D05303,2026-01-01 00:00:00,2026-01-19
M00743,device,D06291,2026-01-19 00:00:00,2026-04-01
M00744,ip,I01458,2026-03-25 00:00:00,2026-04-01
M00744,device,D03728,2026-03-25 00:00:00,2026-03-30
M00744,device,D01308,2026-03-30 00:00:00,2026-04-01
M00745,ip,I06564,2026-02-20 00:00:00,2026-04-01
M00745,device,D07582,2026-02-20 00:00:00,2026-03-08
M00745,device,D06771,2026-03-08 00:00:00,2026-04-01
M00746,ip,I08089,2026-01-01 00:00:00,2026-04-01
M00746,device,D05481,2026-01-01 00:00:00,2026-04-01
M00747,ip,I04318,2026-01-01 00:00:00,2026-04-01
M00747,device,D09897,2026-01-01 00:00:00,2026-04-01
M00748,ip,I01935,2026-02-26 00:00:00,2026-04-01
M00748,device,D06329,2026-02-26 00:00:00,2026-03-22
M00748,device,D06124,2026-03-22 00:00:00,2026-04-01
M00749,ip,I05317,2026-01-01 00:00:00,2026-04-01
M00749,device,D02848,2026-01-01 00:00:00,2026-04-01
M00750,ip,I06537,2026-01-01 00:00:00,2026-04-01
M00750,device,D04147,2026-01-01 00:00:00,2026-04-01
M00751,ip,I03903,2026-01-01 00:00:00,2026-04-01
M00751,device,D09475,2026-01-01 00:00:00,2026-04-01
M00752,ip,I07009,2026-01-01 00:00:00,2026-04-01
M00752,device,D09984,2026-01-01 00:00:00,2026-04-01
M00753,ip,I08463,2026-01-01 00:00:00,2026-04-01
M00753,device,D07602,2026-01-01 00:00:00,2026-04-01
M00754,ip,I07257,2026-01-01 00:00:00,2026-02-02
M00754,device,D03898,2026-01-01 00:00:00,2026-02-02
M00755,ip,I08869,2026-01-01 00:00:00,2026-04-01
M00755,device,D07419,2026-01-01 00:00:00,2026-04-01
M00756,ip,I00753,2026-01-01 00:00:00,2026-04-01
M00756,device,D09444,2026-01-01 00:00:00,2026-04-01
M00757,ip,I01029,2026-01-01 00:00:00,2026-04-01
M00757,device,D06929,2026-01-01 00:00:00,2026-04-01
M00758,ip,I06467,2026-01-01 00:00:00,2026-04-01
M00758,device,D05463,2026-01-01 00:00:00,2026-04-01
M00759,ip,I01979,2026-01-01 00:00:00,2026-04-01
M00759,device,D03131,2026-01-01 00:00:00,2026-04-01
M00760,ip,I03426,2026-01-01 00:00:00,2026-04-01
M00760,device,D04700,2026-01-01 00:00:00,2026-04-01
M00761,ip,I06045,2026-01-01 00:00:00,2026-04-01
M00761,device,D05618,2026-01-01 00:00:00,2026-04-01
M00762,ip,I02528,2026-01-01 00:00:00,2026-04-01
M00762,device,D09408,2026-01-01 00:00:00,2026-04-01
M00763,ip,I04617,2026-01-01 00:00:00,2026-04-01
M00763,device,D07448,2026-01-01 00:00:00,2026-04-01
M00764,ip,I08944,2026-01-01 00:00:00,2026-04-01
M00764,device,D01448,2026-01-01 00:00:00,2026-01-31
M00764,device,D07653,2026-01-31 00:00:00,2026-04-01
M00765,ip,I09254,2026-01-01 00:00:00,2026-04-01
M00765,device,D01054,2026-01-01 00:00:00,2026-03-26
M00765,device,D07625,2026-03-26 00:00:00,2026-04-01
M00766,ip,I06857,2026-01-01 00:00:00,2026-04-01
M00766,device,D09361,2026-01-01 00:00:00,2026-02-09
M00766,device,D06919,2026-02-09 00:00:00,2026-04-01
M00767,ip,I09982,2026-01-01 00:00:00,2026-04-01
M00767,device,D05969,2026-01-01 00:00:00,2026-04-01
M00768,ip,I09333,2026-01-01 00:00:00,2026-04-01
M00768,device,D05367,2026-01-01 00:00:00,2026-04-01
M00769,ip,I01439,2026-01-28 00:00:00,2026-01-20
M00769,device,D00671,2026-01-28 00:00:00,2026-04-01
M00770,ip,I08958,2026-01-01 00:00:00,2026-04-01
M00770,device,D09200,2026-01-01 00:00:00,2026-04-01
M00771,ip,I04347,2026-02-13 00:00:00,2026-04-01
M00771,device,D07642,2026-02-13 00:00:00,2026-04-01
M00772,ip,I00387,2026-01-05 00:00:00,2026-04-01
M00772,device,D00914,2026-01-05 00:00:00,2026-03-16
M00772,device,D00122,2026-03-16 00:00:00,2026-04-01
M00773,ip,I01600,2026-01-01 00:00:00,2026-04-01
M00773,device,D06640,2026-01-01 00:00:00,2026-04-01
M00774,ip,I05180,2026-03-07 00:00:00,2026-04-01
M00774,device,D04948,2026-03-07 00:00:00,2026-03-17
M00774,device,D06891,2026-03-17 00:00:00,2026-04-01
M00775,ip,I07437,2026-01-01 00:00:00,2026-04-01
M00775,device,D02399,2026-01-01 00:00:00,2026-04-01
M00776,ip,I02430,2026-03-11 00:00:00,2026-04-01
M00776,device,D05935,2026-03-11 00:00:00,2026-04-01
M00777,ip,I05592,2026-01-06 00:00:00,2026-04-01
M00777,device,D07527,2026-01-06 00:00:00,2026-04-01
M00778,ip,I05903,2026-01-01 00:00:00,2026-04-01
M00778,device,D08998,2026-01-01 00:00:00,2026-04-01
M00779,ip,I05723,2026-01-01 00:00:00,2026-04-01
M00779,device,D02646,2026-01-01 00:00:00,2026-04-01
M00780,ip,I04361,2026-03-11 00:00:00,2026-04-01
M00780,device,D01498,2026-03-11 00:00:00,2026-04-01
M00781,ip,I04910,2026-01-01 00:00:00,2026-04-01
M00781,device,D07387,2026-01-01 00:00:00,2026-02-10
M00781,device,D08343,2026-02-10 00:00:00,2026-04-01
M00782,ip,I07249,2026-01-01 00:00:00,2026-04-01
M00782,device,D08888,2026-01-01 00:00:00,2026-04-01
M00783,ip,I01330,2026-01-01 00:00:00,2026-04-01
M00783,device,D02960,2026-01-01 00:00:00,2026-02-24
M00783,device,D05253,2026-02-24 00:00:00,2026-04-01
M00784,ip,I06590,2026-01-01 00:00:00,2026-02-04
M00784,device,D02051,2026-01-01 00:00:00,2026-02-04
M00785,ip,I03616,2026-01-01 00:00:00,2026-04-01
M00785,device,D00606,2026-01-01 00:00:00,2026-04-01
M00786,ip,I09361,2026-02-01 00:00:00,2026-04-01
M00786,device,D00477,2026-02-01 00:00:00,2026-04-01
M00787,ip,I05679,2026-02-25 00:00:00,2026-02-20
M00787,device,D07410,2026-02-25 00:00:00,2026-02-20
M00788,ip,I06499,2026-03-05 00:00:00,2026-04-01
M00788,device,D04898,2026-03-05 00:00:00,2026-04-01
M00789,ip,I01601,2026-01-29 00:00:00,2026-04-01
M00789,device,D04967,2026-01-29 00:00:00,2026-04-01
M00790,ip,I06616,2026-01-15 00:00:00,2026-01-23
M00790,device,D07484,2026-01-15 00:00:00,2026-04-01
M00791,ip,I09979,2026-01-01 00:00:00,2026-04-01
M00791,device,D03603,2026-01-01 00:00:00,2026-03-19
M00791,device,D03385,2026-03-19 00:00:00,2026-04-01
M00792,ip,I05524,2026-01-01 00:00:00,2026-04-01
M00792,device,D05779,2026-01-01 00:00:00,2026-03-04
M00792,device,D01658,2026-03-04 00:00:00,2026-04-01
M00793,ip,I07626,2026-03-25 00:00:00,2026-01-26
M00793,device,D06934,2026-03-25 00:00:00,2026-03-30
M00793,device,D06515,2026-03-30 00:00:00,2026-04-01
M00794,ip,I03081,2026-01-01 00:00:00,2026-04-01
M00794,device,D06890,2026-01-01 00:00:00,2026-02-06
M00794,device,D08241,2026-02-06 00:00:00,2026-04-01
M00795,ip,I05991,2026-01-01 00:00:00,2026-04-01
M00795,device,D08663,2026-01-01 00:00:00,2026-04-01
M00796,ip,I09494,2026-01-01 00:00:00,2026-04-01
M00796,device,D05075,2026-01-01 00:00:00,2026-04-01
M00797,ip,I06477,2026-01-01 00:00:00,2026-04-01
M00797,device,D03454,2026-01-01 00:00:00,2026-04-01
M00798,ip,I04352,2026-01-17 00:00:00,2026-04-01
M00798,device,D03049,2026-01-17 00:00:00,2026-04-01
M00799,ip,I07667,2026-01-01 00:00:00,2026-04-01
M00799,device,D03000,2026-01-01 00:00:00,2026-04-01
M00800,ip,I09280,2026-01-01 00:00:00,2026-04-01
M00800,device,D08143,2026-01-01 00:00:00,2026-02-28
M00800,device,D02548,2026-02-28 00:00:00,2026-04-01
M00801,ip,I03925,2026-01-01 00:00:00,2026-04-01
M00801,device,D01042,2026-01-01 00:00:00,2026-02-05
M00801,device,D04069,2026-02-05 00:00:00,2026-04-01
M00802,ip,I00426,2026-01-01 00:00:00,2026-04-01
M00802,device,D07759,2026-01-01 00:00:00,2026-04-01
M00803,ip,I01780,2026-01-01 00:00:00,2026-04-01
M00803,device,D00533,2026-01-01 00:00:00,2026-04-01
M00804,ip,I07478,2026-01-03 00:00:00,2026-04-01
M00804,device,D07954,2026-01-03 00:00:00,2026-04-01
M00805,ip,I00014,2026-01-01 00:00:00,2026-04-01
M00805,device,D02451,2026-01-01 00:00:00,2026-04-01
M00806,ip,I05076,2026-01-01 00:00:00,2026-04-01
M00806,device,D00240,2026-01-01 00:00:00,2026-04-01
M00807,ip,I02270,2026-01-01 00:00:00,2026-04-01
M00807,device,D08043,2026-01-01 00:00:00,2026-04-01
M00808,ip,I06265,2026-01-01 00:00:00,2026-04-01
M00808,device,D00895,2026-01-01 00:00:00,2026-01-26
M00808,device,D08728,2026-01-26 00:00:00,2026-04-01
M00809,ip,I09682,2026-01-01 00:00:00,2026-04-01
M00809,device,D04753,2026-01-01 00:00:00,2026-04-01
M00810,ip,I02422,2026-01-01 00:00:00,2026-04-01
M00810,device,D05733,2026-01-01 00:00:00,2026-02-23
M00810,device,D06438,2026-02-23 00:00:00,2026-04-01
M00811,ip,I06671,2026-01-01 00:00:00,2026-04-01
M00811,device,D09451,2026-01-01 00:00:00,2026-04-01
M00812,ip,I02117,2026-01-01 00:00:00,2026-04-01
M00812,device,D04646,2026-01-01 00:00:00,2026-04-01
M00813,ip,I04744,2026-01-01 00:00:00,2026-02-06
M00813,device,D06886,2026-01-01 00:00:00,2026-03-21
M00813,device,D06701,2026-03-21 00:00:00,2026-04-01
M00814,ip,I02304,2026-01-06 00:00:00,2026-04-01
M00814,device,D00597,2026-01-06 00:00:00,2026-04-01
M00815,ip,I00172,2026-02-20 00:00:00,2026-04-01
M00815,device,D06157,2026-02-20 00:00:00,2026-03-23
M00815,device,D00382,2026-03-23 00:00:00,2026-04-01
M00816,ip,I07522,2026-01-01 00:00:00,2026-02-03
M00816,device,D06180,2026-01-01 00:00:00,2026-02-12
M00816,device,D05330,2026-02-12 00:00:00,2026-04-01
M00817,ip,I08904,2026-03-13 00:00:00,2026-04-01
M00817,device,D02612,2026-03-13 00:00:00,2026-04-01
M00818,ip,I00127,2026-01-01 00:00:00,2026-04-01
M00818,device,D08958,2026-01-01 00:00:00,2026-01-26
M00818,device,D07864,2026-01-26 00:00:00,2026-04-01
M00819,ip,I08093,2026-01-01 00:00:00,2026-02-11
M00819,device,D01561,2026-01-01 00:00:00,2026-04-01
M00820,ip,I02936,2026-03-21 00:00:00,2026-04-01
M00820,device,D03574,2026-03-21 00:00:00,2026-03-26
M00820,device,D05429,2026-03-26 00:00:00,2026-04-01
M00821,ip,I00753,2026-02-10 00:00:00,2026-04-01
M00821,device,D01470,2026-02-10 00:00:00,2026-04-01
M00822,ip,I07685,2026-02-19 00:00:00,2026-04-01
M00822,device,D07377,2026-02-19 00:00:00,2026-04-01
M00823,ip,I09969,2026-01-01 00:00:00,2026-04-01
M00823,device,D08920,2026-01-01 00:00:00,2026-02-09
M00823,device,D05108,2026-02-09 00:00:00,2026-04-01
M00824,ip,I00108,2026-01-19 00:00:00,2026-04-01
M00824,device,D00957,2026-01-19 00:00:00,2026-04-01
M00825,ip,I05316,2026-01-09 00:00:00,2026-04-01
M00825,device,D09745,2026-01-09 00:00:00,2026-02-02
M00825,device,D02247,2026-02-02 00:00:00,2026-04-01
M00826,ip,I04390,2026-02-05 00:00:00,2026-04-01
M00826,device,D09932,2026-02-05 00:00:00,2026-04-01
M00827,ip,I08936,2026-02-25 00:00:00,2026-04-01
M00827,device,D06574,2026-02-25 00:00:00,2026-04-01
M00828,ip,I07228,2026-01-01 00:00:00,2026-04-01
M00828,device,D05502,2026-01-01 00:00:00,2026-04-01
M00829,ip,I03730,2026-01-01 00:00:00,2026-04-01
M00829,device,D00612,2026-01-01 00:00:00,2026-04-01
M00830,ip,I07685,2026-01-01 00:00:00,2026-04-01
M00830,device,D09337,2026-01-01 00:00:00,2026-02-09
M00830,device,D08540,2026-02-09 00:00:00,2026-04-01
M00831,ip,I01392,2026-01-01 00:00:00,2026-04-01
M00831,device,D05472,2026-01-01 00:00:00,2026-01-06
M00831,device,D01135,2026-01-06 00:00:00,2026-04-01
M00832,ip,I01647,2026-02-21 00:00:00,2026-04-01
M00832,device,D05383,2026-02-21 00:00:00,2026-04-01
M00833,ip,I06900,2026-01-01 00:00:00,2026-04-01
M00833,device,D03920,2026-01-01 00:00:00,2026-04-01
M00834,ip,I07370,2026-03-21 00:00:00,2026-04-01
M00834,device,D09788,2026-03-21 00:00:00,2026-04-01
M00835,ip,I09944,2026-01-05 00:00:00,2026-04-01
M00835,device,D07015,2026-01-05 00:00:00,2026-01-30
M00835,device,D04683,2026-01-30 00:00:00,2026-04-01
M00836,ip,I01533,2026-01-01 00:00:00,2026-04-01
M00836,device,D07845,2026-01-01 00:00:00,2026-03-18
M00836,device,D02709,2026-03-18 00:00:00,2026-04-01
M00837,ip,I03402,2026-01-17 00:00:00,2026-04-01
M00837,device,D01157,2026-01-17 00:00:00,2026-04-01
M00838,ip,I05304,2026-01-01 00:00:00,2026-04-01
M00838,device,D05748,2026-01-01 00:00:00,2026-04-01
M00839,ip,I05958,2026-01-01 00:00:00,2026-04-01
M00839,device,D02597,2026-01-01 00:00:00,2026-04-01
M00840,ip,I05717,2026-01-01 00:00:00,2026-04-01
M00840,device,D06432,2026-01-01 00:00:00,2026-04-01
M00841,ip,I00847,2026-01-18 00:00:00,2026-04-01
M00841,device,D00739,2026-01-18 00:00:00,2026-03-01
M00841,device,D03441,2026-03-01 00:00:00,2026-04-01
M00842,ip,I09778,2026-01-01 00:00:00,2026-04-01
M00842,device,D05957,2026-01-01 00:00:00,2026-04-01
M00843,ip,I09398,2026-01-01 00:00:00,2026-04-01
M00843,device,D06199,2026-01-01 00:00:00,2026-04-01
M00844,ip,I09116,2026-01-01 00:00:00,2026-04-01
M00844,device,D00405,2026-01-01 00:00:00,2026-01-24
M00844,device,D03084,2026-01-24 00:00:00,2026-04-01
M00845,ip,I08738,2026-03-10 00:00:00,2026-04-01
M00845,device,D03786,2026-03-10 00:00:00,2026-04-01
M00846,ip,I08267,2026-01-01 00:00:00,2026-04-01
M00846,device,D05087,2026-01-01 00:00:00,2026-04-01
M00847,ip,I08483,2026-01-01 00:00:00,2026-04-01
M00847,device,D08110,2026-01-01 00:00:00,2026-01-17
M00847,device,D07212,2026-01-17 00:00:00,2026-04-01
M00848,ip,I04737,2026-01-01 00:00:00,2026-04-01
M00848,device,D02801,2026-01-01 00:00:00,2026-03-08
M00848,device,D04699,2026-03-08 00:00:00,2026-04-01
M00849,ip,I09156,2026-01-01 00:00:00,2026-04-01
M00849,device,D07490,2026-01-01 00:00:00,2026-04-01
M00850,ip,I06838,2026-02-19 00:00:00,2026-04-01
M00850,device,D04479,2026-02-19 00:00:00,2026-04-01
M00851,ip,I08858,2026-01-01 00:00:00,2026-04-01
M00851,device,D00830,2026-01-01 00:00:00,2026-04-01
M00852,ip,I07332,2026-01-17 00:00:00,2026-04-01
M00852,device,D06740,2026-01-17 00:00:00,2026-02-16
M00852,device,D01851,2026-02-16 00:00:00,2026-04-01
M00853,ip,I05380,2026-01-01 00:00:00,2026-04-01
M00853,device,D09578,2026-01-01 00:00:00,2026-04-01
M00854,ip,I07608,2026-01-01 00:00:00,2026-01-26
M00854,device,D02755,2026-01-01 00:00:00,2026-03-18
M00854,device,D00025,2026-03-18 00:00:00,2026-04-01
M00855,ip,I09806,2026-01-01 00:00:00,2026-04-01
M00855,device,D06423,2026-01-01 00:00:00,2026-01-17
M00855,device,D03347,2026-01-17 00:00:00,2026-04-01
M00856,ip,I07490,2026-01-01 00:00:00,2026-04-01
M00856,device,D00533,2026-01-01 00:00:00,2026-04-01
M00857,ip,I09059,2026-01-01 00:00:00,2026-02-11
M00857,device,D08373,2026-01-01 00:00:00,2026-03-12
M00857,device,D02422,2026-03-12 00:00:00,2026-04-01
M00858,ip,I01541,2026-01-01 00:00:00,2026-04-01
M00858,device,D06643,2026-01-01 00:00:00,2026-04-01
M00859,ip,I00590,2026-01-01 00:00:00,2026-01-25
M00859,device,D05390,2026-01-01 00:00:00,2026-02-13
M00859,device,D09883,2026-02-13 00:00:00,2026-04-01
M00860,ip,I04649,2026-01-01 00:00:00,2026-04-01
M00860,device,D05950,2026-01-01 00:00:00,2026-04-01
M00861,ip,I05674,2026-01-01 00:00:00,2026-04-01
M00861,device,D03763,2026-01-01 00:00:00,2026-04-01
M00862,ip,I04142,2026-01-01 00:00:00,2026-04-01
M00862,device,D06995,2026-01-01 00:00:00,2026-04-01
M00863,ip,I06657,2026-01-01 00:00:00,2026-04-01
M00863,device,D08014,2026-01-01 00:00:00,2026-01-27
M00863,device,D01798,2026-01-27 00:00:00,2026-04-01
M00864,ip,I09457,2026-01-01 00:00:00,2026-04-01
M00864,device,D08556,2026-01-01 00:00:00,2026-03-07
M00864,device,D04893,2026-03-07 00:00:00,2026-04-01
M00865,ip,I05657,2026-01-26 00:00:00,2026-04-01
M00865,device,D00897,2026-01-26 00:00:00,2026-03-04
M00865,device,D01701,2026-03-04 00:00:00,2026-04-01
M00866,ip,I01917,2026-01-01 00:00:00,2026-04-01
M00866,device,D00821,2026-01-01 00:00:00,2026-04-01
M00867,ip,I09568,2026-01-01 00:00:00,2026-04-01
M00867,device,D03687,2026-01-01 00:00:00,2026-04-01
M00868,ip,I01915,2026-01-01 00:00:00,2026-04-01
M00868,device,D07520,2026-01-01 00:00:00,2026-04-01
M00869,ip,I04706,2026-01-01 00:00:00,2026-02-14
M00869,device,D04876,2026-01-01 00:00:00,2026-01-29
M00869,device,D08717,2026-01-29 00:00:00,2026-02-14
M00870,ip,I01650,2026-01-01 00:00:00,2026-04-01
M00870,device,D08132,2026-01-01 00:00:00,2026-04-01
M00871,ip,I09731,2026-01-01 00:00:00,2026-02-15
M00871,device,D00668,2026-01-01 00:00:00,2026-03-13
M00871,device,D07724,2026-03-13 00:00:00,2026-04-01
M00872,ip,I07655,2026-01-01 00:00:00,2026-02-23
M00872,device,D09250,2026-01-01 00:00:00,2026-04-01
M00873,ip,I04850,2026-02-25 00:00:00,2026-04-01
M00873,device,D05260,2026-02-25 00:00:00,2026-04-01
M00874,ip,I03583,2026-01-01 00:00:00,2026-04-01
M00874,device,D07396,2026-01-01 00:00:00,2026-01-08
M00874,device,D03967,2026-01-08 00:00:00,2026-04-01
M00875,ip,I07989,2026-01-01 00:00:00,2026-04-01
M00875,device,D06908,2026-01-01 00:00:00,2026-01-15
M00875,device,D00124,2026-01-15 00:00:00,2026-04-01
M00876,ip,I09125,2026-02-19 00:00:00,2026-04-01
M00876,device,D00328,2026-02-19 00:00:00,2026-04-01
M00877,ip,I02656,2026-03-21 00:00:00,2026-04-01
M00877,device,D05223,2026-03-21 00:00:00,2026-04-01
M00878,ip,I08390,2026-01-01 00:00:00,2026-04-01
M00878,device,D04668,2026-01-01 00:00:00,2026-04-01
M00879,ip,I00467,2026-01-29 00:00:00,2026-04-01
M00879,device,D02175,2026-01-29 00:00:00,2026-04-01
M00880,ip,I05418,2026-01-01 00:00:00,2026-04-01
M00880,device,D04534,2026-01-01 00:00:00,2026-04-01
M00881,ip,I07536,2026-01-01 00:00:00,2026-04-01
M00881,device,D00625,2026-01-01 00:00:00,2026-01-17
M00881,device,D07777,2026-01-17 00:00:00,2026-04-01
M00882,ip,I07348,2026-02-09 00:00:00,2026-04-01
M00882,device,D04299,2026-02-09 00:00:00,2026-04-01
M00883,ip,I04545,2026-01-01 00:00:00,2026-04-01
M00883,device,D06321,2026-01-01 00:00:00,2026-01-17
M00883,device,D02519,2026-01-17 00:00:00,2026-04-01
M00884,ip,I06980,2026-01-01 00:00:00,2026-02-06
M00884,device,D04077,2026-01-01 00:00:00,2026-03-26
M00884,device,D08835,2026-03-26 00:00:00,2026-04-01
M00885,ip,I08644,2026-01-01 00:00:00,2026-04-01
M00885,device,D01062,2026-01-01 00:00:00,2026-02-05
M00885,device,D00587,2026-02-05 00:00:00,2026-04-01
M00886,ip,I05101,2026-01-01 00:00:00,2026-04-01
M00886,device,D09532,2026-01-01 00:00:00,2026-04-01
M00887,ip,I02789,2026-02-06 00:00:00,2026-04-01
M00887,device,D01461,2026-02-06 00:00:00,2026-04-01
M00888,ip,I02879,2026-01-01 00:00:00,2026-04-01
M00888,device,D02374,2026-01-01 00:00:00,2026-04-01
M00889,ip,I02006,2026-01-01 00:00:00,2026-02-02
M00889,device,D04130,2026-01-01 00:00:00,2026-02-02
M00890,ip,I09255,2026-01-01 00:00:00,2026-04-01
M00890,device,D07069,2026-01-01 00:00:00,2026-04-01
M00891,ip,I04489,2026-01-01 00:00:00,2026-04-01
M00891,device,D07879,2026-01-01 00:00:00,2026-04-01
M00892,ip,I01422,2026-01-01 00:00:00,2026-04-01
M00892,device,D08473,2026-01-01 00:00:00,2026-04-01
M00893,ip,I05673,2026-01-01 00:00:00,2026-04-01
M00893,device,D04485,2026-01-01 00:00:00,2026-01-29
M00893,device,D02824,2026-01-29 00:00:00,2026-04-01
M00894,ip,I03259,2026-02-01 00:00:00,2026-04-01
M00894,device,D06742,2026-02-01 00:00:00,2026-02-06
M00894,device,D06482,2026-02-06 00:00:00,2026-04-01
M00895,ip,I09946,2026-01-01 00:00:00,2026-04-01
M00895,device,D07879,2026-01-01 00:00:00,2026-01-25
M00895,device,D04130,2026-01-25 00:00:00,2026-04-01
M00896,ip,I02786,2026-01-01 00:00:00,2026-04-01
M00896,device,D05018,2026-01-01 00:00:00,2026-04-01
M00897,ip,I04084,2026-01-01 00:00:00,2026-04-01
M00897,device,D09389,2026-01-01 00:00:00,2026-04-01
M00898,ip,I00686,2026-01-01 00:00:00,2026-04-01
M00898,device,D07129,2026-01-01 00:00:00,2026-03-13
M00898,device,D00009,2026-03-13 00:00:00,2026-04-01
M00899,ip,I07985,2026-01-01 00:00:00,2026-04-01
M00899,device,D03547,2026-01-01 00:00:00,2026-04-01
M00900,ip,I03615,2026-02-05 00:00:00,2026-04-01
M00900,device,D06373,2026-02-05 00:00:00,2026-04-01
M00901,ip,I09364,2026-01-01 00:00:00,2026-04-01
M00901,device,D05324,2026-01-01 00:00:00,2026-04-01
M00902,ip,I03752,2026-01-01 00:00:00,2026-04-01
M00902,device,D01278,2026-01-01 00:00:00,2026-04-01
M00903,ip,I02866,2026-01-01 00:00:00,2026-04-01
M00903,device,D05601,2026-01-01 00:00:00,2026-03-01
M00903,device,D04404,2026-03-01 00:00:00,2026-04-01
M00904,ip,I09199,2026-03-16 00:00:00,2026-04-01
M00904,device,D01272,2026-03-16 00:00:00,2026-03-25
M00904,device,D01332,2026-03-25 00:00:00,2026-04-01
M00905,ip,I08690,2026-01-01 00:00:00,2026-02-02
M00905,device,D01086,2026-01-01 00:00:00,2026-04-01
M00906,ip,I07437,2026-01-01 00:00:00,2026-04-01
M00906,device,D02917,2026-01-01 00:00:00,2026-04-01
M00907,ip,I05215,2026-02-23 00:00:00,2026-04-01
M00907,device,D05924,2026-02-23 00:00:00,2026-03-26
M00907,device,D02411,2026-03-26 00:00:00,2026-04-01
M00908,ip,I06506,2026-01-01 00:00:00,2026-04-01
M00908,device,D00336,2026-01-01 00:00:00,2026-04-01
M00909,ip,I08603,2026-01-01 00:00:00,2026-04-01
M00909,device,D09585,2026-01-01 00:00:00,2026-04-01
M00910,ip,I00708,2026-01-01 00:00:00,2026-04-01
M00910,device,D07355,2026-01-01 00:00:00,2026-03-16
M00910,device,D08648,2026-03-16 00:00:00,2026-04-01
M00911,ip,I04373,2026-01-01 00:00:00,2026-04-01
M00911,device,D04588,2026-01-01 00:00:00,2026-04-01
M00912,ip,I05842,2026-01-19 00:00:00,2026-04-01
M00912,device,D02077,2026-01-19 00:00:00,2026-03-10
M00912,device,D05327,2026-03-10 00:00:00,2026-04-01
M00913,ip,I07855,2026-02-11 00:00:00,2026-04-01
M00913,device,D08841,2026-02-11 00:00:00,2026-04-01
M00914,ip,I02832,2026-01-30 00:00:00,2026-04-01
M00914,device,D05838,2026-01-30 00:00:00,2026-02-25
M00914,device,D06901,2026-02-25 00:00:00,2026-04-01
M00915,ip,I09640,2026-01-01 00:00:00,2026-04-01
M00915,device,D06009,2026-01-01 00:00:00,2026-04-01
M00916,ip,I07806,2026-01-01 00:00:00,2026-04-01
M00916,device,D05229,2026-01-01 00:00:00,2026-04-01
M00917,ip,I02701,2026-01-01 00:00:00,2026-04-01
M00917,device,D06461,2026-01-01 00:00:00,2026-03-25
M00917,device,D01662,2026-03-25 00:00:00,2026-04-01
M00918,ip,I09483,2026-01-01 00:00:00,2026-04-01
M00918,device,D07815,2026-01-01 00:00:00,2026-04-01
M00919,ip,I03304,2026-01-01 00:00:00,2026-04-01
M00919,device,D04764,2026-01-01 00:00:00,2026-02-05
M00919,device,D01721,2026-02-05 00:00:00,2026-04-01
M00920,ip,I09362,2026-01-01 00:00:00,2026-04-01
M00920,device,D02067,2026-01-01 00:00:00,2026-04-01
M00921,ip,I01640,2026-01-01 00:00:00,2026-04-01
M00921,device,D08180,2026-01-01 00:00:00,2026-01-14
M00921,device,D00111,2026-01-14 00:00:00,2026-04-01
M00922,ip,I09210,2026-01-01 00:00:00,2026-04-01
M00922,device,D02677,2026-01-01 00:00:00,2026-02-27
M00922,device,D08808,2026-02-27 00:00:00,2026-04-01
M00923,ip,I05921,2026-01-01 00:00:00,2026-04-01
M00923,device,D09987,2026-01-01 00:00:00,2026-04-01
M00924,ip,I01804,2026-03-23 00:00:00,2026-04-01
M00924,device,D09242,2026-03-23 00:00:00,2026-04-01
M00925,ip,I00499,2026-01-01 00:00:00,2026-02-15
M00925,device,D01158,2026-01-01 00:00:00,2026-04-01
M00926,ip,I00635,2026-01-01 00:00:00,2026-04-01
M00926,device,D08441,2026-01-01 00:00:00,2026-04-01
M00927,ip,I09358,2026-01-27 00:00:00,2026-04-01
M00927,device,D00438,2026-01-27 00:00:00,2026-02-21
M00927,device,D07186,2026-02-21 00:00:00,2026-04-01
M00928,ip,I01211,2026-01-01 00:00:00,2026-04-01
M00928,device,D08091,2026-01-01 00:00:00,2026-03-16
M00928,device,D05967,2026-03-16 00:00:00,2026-04-01
M00929,ip,I06289,2026-01-25 00:00:00,2026-04-01
M00929,device,D03731,2026-01-25 00:00:00,2026-04-01
M00930,ip,I03673,2026-01-01 00:00:00,2026-04-01
M00930,device,D00037,2026-01-01 00:00:00,2026-04-01
M00931,ip,I05089,2026-03-03 00:00:00,2026-04-01
M00931,device,D00040,2026-03-03 00:00:00,2026-04-01
M00932,ip,I09179,2026-01-01 00:00:00,2026-02-11
M00932,device,D01543,2026-01-01 00:00:00,2026-04-01
M00933,ip,I05837,2026-01-01 00:00:00,2026-01-21
M00933,device,D00091,2026-01-01 00:00:00,2026-04-01
M00934,ip,I06348,2026-01-01 00:00:00,2026-04-01
M00934,device,D00534,2026-01-01 00:00:00,2026-04-01
M00935,ip,I00574,2026-01-15 00:00:00,2026-04-01
M00935,device,D08953,2026-01-15 00:00:00,2026-03-07
M00935,device,D07652,2026-03-07 00:00:00,2026-04-01
M00936,ip,I02301,2026-01-01 00:00:00,2026-04-01
M00936,device,D01067,2026-01-01 00:00:00,2026-03-05
M00936,device,D05493,2026-03-05 00:00:00,2026-04-01
M00937,ip,I06910,2026-02-13 00:00:00,2026-04-01
M00937,device,D04989,2026-02-13 00:00:00,2026-04-01
M00938,ip,I07180,2026-01-01 00:00:00,2026-04-01
M00938,device,D02235,2026-01-01 00:00:00,2026-04-01
M00939,ip,I02582,2026-02-27 00:00:00,2026-04-01
M00939,device,D07162,2026-02-27 00:00:00,2026-04-01
M00940,ip,I03592,2026-01-01 00:00:00,2026-04-01
M00940,device,D04778,2026-01-01 00:00:00,2026-04-01
M00941,ip,I07439,2026-01-01 00:00:00,2026-04-01
M00941,device,D09215,2026-01-01 00:00:00,2026-04-01
M00942,ip,I00300,2026-01-01 00:00:00,2026-04-01
M00942,device,D04125,2026-01-01 00:00:00,2026-04-01
M00943,ip,I03142,2026-01-01 00:00:00,2026-04-01
M00943,device,D08402,2026-01-01 00:00:00,2026-04-01
M00944,ip,I00758,2026-01-01 00:00:00,2026-04-01
M00944,device,D01725,2026-01-01 00:00:00,2026-04-01
M00945,ip,I05487,2026-01-01 00:00:00,2026-04-01
M00945,device,D07258,2026-01-01 00:00:00,2026-03-24
M00945,device,D02974,2026-03-24 00:00:00,2026-04-01
M00946,ip,I01364,2026-01-01 00:00:00,2026-04-01
M00946,device,D03528,2026-01-01 00:00:00,2026-04-01
M00947,ip,I06443,2026-01-01 00:00:00,2026-04-01
M00947,device,D09981,2026-01-01 00:00:00,2026-04-01
M00948,ip,I02645,2026-01-01 00:00:00,2026-04-01
M00948,device,D06141,2026-01-01 00:00:00,2026-04-01
M00949,ip,I01571,2026-01-01 00:00:00,2026-02-12
M00949,device,D05898,2026-01-01 00:00:00,2026-02-20
M00949,device,D09292,2026-02-20 00:00:00,2026-04-01
M00950,ip,I03935,2026-01-01 00:00:00,2026-04-01
M00950,device,D00115,2026-01-01 00:00:00,2026-04-01
M00951,ip,I09067,2026-01-01 00:00:00,2026-04-01
M00951,device,D02661,2026-01-01 00:00:00,2026-04-01
M00952,ip,I00692,2026-01-08 00:00:00,2026-04-01
M00952,device,D05458,2026-01-08 00:00:00,2026-01-24
M00952,device,D06533,2026-01-24 00:00:00,2026-04-01
M00953,ip,I08643,2026-01-01 00:00:00,2026-04-01
M00953,device,D02551,2026-01-01 00:00:00,2026-03-18
M00953,device,D03225,2026-03-18 00:00:00,2026-04-01
M00954,ip,I08740,2026-01-01 00:00:00,2026-04-01
M00954,device,D08085,2026-01-01 00:00:00,2026-04-01
M00955,ip,I07285,2026-01-01 00:00:00,2026-04-01
M00955,device,D07103,2026-01-01 00:00:00,2026-04-01
M00956,ip,I07919,2026-01-03 00:00:00,2026-04-01
M00956,device,D09668,2026-01-03 00:00:00,2026-03-22
M00956,device,D04090,2026-03-22 00:00:00,2026-04-01
M00957,ip,I05050,2026-01-25 00:00:00,2026-04-01
M00957,device,D06772,2026-01-25 00:00:00,2026-04-01
M00958,ip,I03186,2026-03-24 00:00:00,2026-04-01
M00958,device,D09491,2026-03-24 00:00:00,2026-04-01
M00959,ip,I00828,2026-01-01 00:00:00,2026-04-01
M00959,device,D07605,2026-01-01 00:00:00,2026-04-01
M00960,ip,I07735,2026-01-01 00:00:00,2026-02-02
M00960,device,D04052,2026-01-01 00:00:00,2026-01-25
M00960,device,D00603,2026-01-25 00:00:00,2026-02-02
M00961,ip,I07136,2026-02-17 00:00:00,2026-04-01
M00961,device,D07872,2026-02-17 00:00:00,2026-04-01
M00962,ip,I02868,2026-01-05 00:00:00,2026-04-01
M00962,device,D00222,2026-01-05 00:00:00,2026-04-01
M00963,ip,I05457,2026-01-13 00:00:00,2026-04-01
M00963,device,D03718,2026-01-13 00:00:00,2026-03-13
M00963,device,D03487,2026-03-13 00:00:00,2026-04-01
M00964,ip,I08831,2026-01-01 00:00:00,2026-04-01
M00964,device,D02564,2026-01-01 00:00:00,2026-04-01
M00965,ip,I08448,2026-01-01 00:00:00,2026-04-01
M00965,device,D07526,2026-01-01 00:00:00,2026-02-16
M00965,device,D06991,2026-02-16 00:00:00,2026-04-01
M00966,ip,I07116,2026-01-01 00:00:00,2026-04-01
M00966,device,D01037,2026-01-01 00:00:00,2026-04-01
M00967,ip,I05184,2026-02-13 00:00:00,2026-04-01
M00967,device,D00662,2026-02-13 00:00:00,2026-02-18
M00967,device,D02120,2026-02-18 00:00:00,2026-04-01
M00968,ip,I06057,2026-01-01 00:00:00,2026-04-01
M00968,device,D04212,2026-01-01 00:00:00,2026-04-01
M00969,ip,I01124,2026-01-01 00:00:00,2026-04-01
M00969,device,D09346,2026-01-01 00:00:00,2026-04-01
M00970,ip,I08197,2026-01-01 00:00:00,2026-04-01
M00970,device,D07040,2026-01-01 00:00:00,2026-01-12
M00970,device,D01837,2026-01-12 00:00:00,2026-04-01
M00971,ip,I03580,2026-02-10 00:00:00,2026-04-01
M00971,device,D00437,2026-02-10 00:00:00,2026-04-01
M00972,ip,I08135,2026-01-01 00:00:00,2026-04-01
M00972,device,D01755,2026-01-01 00:00:00,2026-04-01
M00973,ip,I08679,2026-01-01 00:00:00,2026-04-01
M00973,device,D07268,2026-01-01 00:00:00,2026-04-01
M00974,ip,I02026,2026-01-01 00:00:00,2026-04-01
M00974,device,D08082,2026-01-01 00:00:00,2026-04-01
M00975,ip,I04666,2026-01-01 00:00:00,2026-04-01
M00975,device,D04795,2026-01-01 00:00:00,2026-04-01
M00976,ip,I03256,2026-01-01 00:00:00,2026-04-01
M00976,device,D02436,2026-01-01 00:00:00,2026-04-01
M00977,ip,I06763,2026-01-01 00:00:00,2026-04-01
M00977,device,D05041,2026-01-01 00:00:00,2026-01-31
M00977,device,D01857,2026-01-31 00:00:00,2026-04-01
M00978,ip,I05783,2026-01-01 00:00:00,2026-04-01
M00978,device,D04062,2026-01-01 00:00:00,2026-04-01
M00979,ip,I07394,2026-03-07 00:00:00,2026-04-01
M00979,device,D01047,2026-03-07 00:00:00,2026-03-12
M00979,device,D00737,2026-03-12 00:00:00,2026-04-01
M00980,ip,I07786,2026-03-03 00:00:00,2026-04-01
M00980,device,D03671,2026-03-03 00:00:00,2026-03-22
M00980,device,D01370,2026-03-22 00:00:00,2026-04-01
M00981,ip,I04703,2026-01-01 00:00:00,2026-01-25
M00981,device,D04797,2026-01-01 00:00:00,2026-04-01
M00982,ip,I04374,2026-01-16 00:00:00,2026-04-01
M00982,device,D07320,2026-01-16 00:00:00,2026-04-01
M00983,ip,I01250,2026-01-01 00:00:00,2026-04-01
M00983,device,D05848,2026-01-01 00:00:00,2026-04-01
M00984,ip,I09470,2026-01-01 00:00:00,2026-04-01
M00984,device,D09444,2026-01-01 00:00:00,2026-02-01
M00984,device,D01656,2026-02-01 00:00:00,2026-04-01
M00985,ip,I00574,2026-01-01 00:00:00,2026-04-01
M00985,device,D04179,2026-01-01 00:00:00,2026-04-01
M00986,ip,I09316,2026-01-01 00:00:00,2026-04-01
M00986,device,D08690,2026-01-01 00:00:00,2026-04-01
M00987,ip,I00057,2026-01-01 00:00:00,2026-04-01
M00987,device,D05853,2026-01-01 00:00:00,2026-04-01
M00988,ip,I01740,2026-02-05 00:00:00,2026-04-01
M00988,device,D06353,2026-02-05 00:00:00,2026-04-01
M00989,ip,I06782,2026-01-01 00:00:00,2026-04-01
M00989,device,D01287,2026-01-01 00:00:00,2026-04-01
M00990,ip,I05290,2026-01-01 00:00:00,2026-04-01
M00990,device,D06920,2026-01-01 00:00:00,2026-04-01
M00991,ip,I01940,2026-02-20 00:00:00,2026-02-03
M00991,device,D00882,2026-02-20 00:00:00,2026-03-03
M00991,device,D02066,2026-03-03 00:00:00,2026-04-01
M00992,ip,I09443,2026-01-01 00:00:00,2026-04-01
M00992,device,D00192,2026-01-01 00:00:00,2026-04-01
M00993,ip,I04292,2026-01-01 00:00:00,2026-04-01
M00993,device,D02581,2026-01-01 00:00:00,2026-01-28
M00993,device,D01296,2026-01-28 00:00:00,2026-04-01
M00994,ip,I02646,2026-02-10 00:00:00,2026-04-01
M00994,device,D08265,2026-02-10 00:00:00,2026-04-01
M00995,ip,I03934,2026-01-01 00:00:00,2026-04-01
M00995,device,D06274,2026-01-01 00:00:00,2026-04-01
M00996,ip,I04577,2026-01-01 00:00:00,2026-04-01
M00996,device,D08582,2026-01-01 00:00:00,2026-04-01
M00997,ip,I09114,2026-01-01 00:00:00,2026-02-12
M00997,device,D04217,2026-01-01 00:00:00,2026-04-01
M00998,ip,I09596,2026-01-01 00:00:00,2026-04-01
M00998,device,D06478,2026-01-01 00:00:00,2026-04-01
M00999,ip,I09277,2026-01-01 00:00:00,2026-04-01
M00999,device,D08009,2026-01-01 00:00:00,2026-01-21
M00999,device,D09049,2026-01-21 00:00:00,2026-04-01
M01000,ip,I09087,2026-01-01 00:00:00,2026-04-01
M01000,device,D00038,2026-01-01 00:00:00,2026-04-01
M01001,ip,I05071,2026-01-01 00:00:00,2026-04-01
M01001,device,D03203,2026-01-01 00:00:00,2026-03-04
M01001,device,D09853,2026-03-04 00:00:00,2026-04-01
M01002,ip,I03848,2026-01-01 00:00:00,2026-04-01
M01002,device,D07659,2026-01-01 00:00:00,2026-03-24
M01002,device,D02327,2026-03-24 00:00:00,2026-04-01
M01003,ip,I07146,2026-01-01 00:00:00,2026-04-01
M01003,device,D09268,2026-01-01 00:00:00,2026-03-25
M01003,device,D07426,2026-03-25 00:00:00,2026-04-01
M01004,ip,I02720,2026-01-01 00:00:00,2026-04-01
M01004,device,D08087,2026-01-01 00:00:00,2026-04-01
M01005,ip,I05471,2026-01-01 00:00:00,2026-04-01
M01005,device,D09889,2026-01-01 00:00:00,2026-02-15
M01005,device,D02712,2026-02-15 00:00:00,2026-04-01
M01006,ip,I01272,2026-02-09 00:00:00,2026-04-01
M01006,device,D02840,2026-02-09 00:00:00,2026-04-01
M01007,ip,I03760,2026-01-01 00:00:00,2026-04-01
M01007,device,D05448,2026-01-01 00:00:00,2026-04-01
M01008,ip,I02197,2026-01-12 00:00:00,2026-04-01
M01008,device,D05623,2026-01-12 00:00:00,2026-04-01
M01009,ip,I00269,2026-01-01 00:00:00,2026-04-01
M01009,device,D01802,2026-01-01 00:00:00,2026-04-01
M01010,ip,I09217,2026-01-01 00:00:00,2026-04-01
M01010,device,D04751,2026-01-01 00:00:00,2026-02-25
M01010,device,D03523,2026-02-25 00:00:00,2026-04-01
M01011,ip,I05684,2026-01-01 00:00:00,2026-04-01
M01011,device,D02606,2026-01-01 00:00:00,2026-02-05
M01011,device,D01898,2026-02-05 00:00:00,2026-04-01
M01012,ip,I05834,2026-01-01 00:00:00,2026-04-01
M01012,device,D00998,2026-01-01 00:00:00,2026-01-06
M01012,device,D01205,2026-01-06 00:00:00,2026-04-01
M01013,ip,I06561,2026-01-25 00:00:00,2026-04-01
M01013,device,D04810,2026-01-25 00:00:00,2026-02-24
M01013,device,D08586,2026-02-24 00:00:00,2026-04-01
M01014,ip,I00014,2026-01-01 00:00:00,2026-04-01
M01014,device,D04832,2026-01-01 00:00:00,2026-04-01
M01015,ip,I02705,2026-01-01 00:00:00,2026-04-01
M01015,device,D03849,2026-01-01 00:00:00,2026-02-17
M01015,device,D09054,2026-02-17 00:00:00,2026-04-01
M01016,ip,I06137,2026-01-01 00:00:00,2026-04-01
M01016,device,D06539,2026-01-01 00:00:00,2026-04-01
M01017,ip,I09990,2026-01-01 00:00:00,2026-04-01
M01017,device,D07924,2026-01-01 00:00:00,2026-04-01
M01018,ip,I05277,2026-01-01 00:00:00,2026-04-01
M01018,device,D09131,2026-01-01 00:00:00,2026-04-01
M01019,ip,I08797,2026-01-01 00:00:00,2026-02-19
M01019,device,D01976,2026-01-01 00:00:00,2026-01-09
M01019,device,D09577,2026-01-09 00:00:00,2026-04-01
M01020,ip,I01158,2026-01-01 00:00:00,2026-04-01
M01020,device,D05347,2026-01-01 00:00:00,2026-03-08
M01020,device,D05536,2026-03-08 00:00:00,2026-04-01
M01021,ip,I09027,2026-01-01 00:00:00,2026-04-01
M01021,device,D00163,2026-01-01 00:00:00,2026-04-01
M01022,ip,I00206,2026-01-01 00:00:00,2026-04-01
M01022,device,D07014,2026-01-01 00:00:00,2026-04-01
M01023,ip,I02756,2026-01-01 00:00:00,2026-04-01
M01023,device,D02141,2026-01-01 00:00:00,2026-04-01
M01024,ip,I04419,2026-01-01 00:00:00,2026-04-01
M01024,device,D08691,2026-01-01 00:00:00,2026-04-01
M01025,ip,I04967,2026-01-01 00:00:00,2026-04-01
M01025,device,D06175,2026-01-01 00:00:00,2026-04-01
M01026,ip,I07303,2026-01-01 00:00:00,2026-04-01
M01026,device,D01055,2026-01-01 00:00:00,2026-04-01
M01027,ip,I07940,2026-01-01 00:00:00,2026-04-01
M01027,device,D00147,2026-01-01 00:00:00,2026-04-01
M01028,ip,I04878,2026-03-11 00:00:00,2026-04-01
M01028,device,D02309,2026-03-11 00:00:00,2026-04-01
M01029,ip,I04864,2026-01-01 00:00:00,2026-04-01
M01029,device,D03312,2026-01-01 00:00:00,2026-03-11
M01029,device,D00320,2026-03-11 00:00:00,2026-04-01
M01030,ip,I00470,2026-01-01 00:00:00,2026-04-01
M01030,device,D01454,2026-01-01 00:00:00,2026-04-01
M01031,ip,I07409,2026-01-01 00:00:00,2026-04-01
M01031,device,D00899,2026-01-01 00:00:00,2026-04-01
M01032,ip,I06021,2026-01-01 00:00:00,2026-04-01
M01032,device,D03193,2026-01-01 00:00:00,2026-04-01
M01033,ip,I05455,2026-01-01 00:00:00,2026-04-01
M01033,device,D06398,2026-01-01 00:00:00,2026-02-20
M01033,device,D02220,2026-02-20 00:00:00,2026-04-01
M01034,ip,I05793,2026-01-24 00:00:00,2026-04-01
M01034,device,D05738,2026-01-24 00:00:00,2026-03-21
M01034,device,D04892,2026-03-21 00:00:00,2026-04-01
M01035,ip,I08454,2026-01-01 00:00:00,2026-04-01
M01035,device,D08732,2026-01-01 00:00:00,2026-03-11
M01035,device,D02134,2026-03-11 00:00:00,2026-04-01
M01036,ip,I08469,2026-01-01 00:00:00,2026-04-01
M01036,device,D03407,2026-01-01 00:00:00,2026-04-01
M01037,ip,I07636,2026-02-15 00:00:00,2026-04-01
M01037,device,D09504,2026-02-15 00:00:00,2026-02-28
M01037,device,D00631,2026-02-28 00:00:00,2026-04-01
M01038,ip,I06123,2026-01-01 00:00:00,2026-04-01
M01038,device,D01918,2026-01-01 00:00:00,2026-04-01
M01039,ip,I02464,2026-01-01 00:00:00,2026-04-01
M01039,device,D06506,2026-01-01 00:00:00,2026-04-01
M01040,ip,I09309,2026-01-01 00:00:00,2026-02-04
M01040,device,D09688,2026-01-01 00:00:00,2026-02-04
M01041,ip,I07361,2026-01-01 00:00:00,2026-04-01
M01041,device,D05669,2026-01-01 00:00:00,2026-01-06
M01041,device,D05345,2026-01-06 00:00:00,2026-04-01
M01042,ip,I06580,2026-01-01 00:00:00,2026-04-01
M01042,device,D00278,2026-01-01 00:00:00,2026-02-10
M01042,device,D02114,2026-02-10 00:00:00,2026-04-01
M01043,ip,I07813,2026-01-01 00:00:00,2026-01-26
M01043,device,D04132,2026-01-01 00:00:00,2026-04-01
M01044,ip,I00471,2026-01-01 00:00:00,2026-04-01
M01044,device,D01417,2026-01-01 00:00:00,2026-04-01
M01045,ip,I05625,2026-03-02 00:00:00,2026-04-01
M01045,device,D09476,2026-03-02 00:00:00,2026-03-13
M01045,device,D04072,2026-03-13 00:00:00,2026-04-01
M01046,ip,I08890,2026-01-01 00:00:00,2026-04-01
M01046,device,D00747,2026-01-01 00:00:00,2026-04-01
M01047,ip,I09293,2026-01-01 00:00:00,2026-04-01
M01047,device,D01811,2026-01-01 00:00:00,2026-04-01
M01048,ip,I00207,2026-01-01 00:00:00,2026-04-01
M01048,device,D07224,2026-01-01 00:00:00,2026-01-31
M01048,device,D07297,2026-01-31 00:00:00,2026-04-01
M01049,ip,I01690,2026-01-01 00:00:00,2026-04-01
M01049,device,D08611,2026-01-01 00:00:00,2026-04-01
M01050,ip,I01793,2026-03-13 00:00:00,2026-04-01
M01050,device,D09966,2026-03-13 00:00:00,2026-04-01
M01051,ip,I02807,2026-01-17 00:00:00,2026-04-01
M01051,device,D04680,2026-01-17 00:00:00,2026-04-01
M01052,ip,I04954,2026-01-01 00:00:00,2026-04-01
M01052,device,D04660,2026-01-01 00:00:00,2026-04-01
M01053,ip,I01459,2026-01-01 00:00:00,2026-04-01
M01053,device,D09790,2026-01-01 00:00:00,2026-01-10
M01053,device,D06539,2026-01-10 00:00:00,2026-04-01
M01054,ip,I06215,2026-01-01 00:00:00,2026-04-01
M01054,device,D08789,2026-01-01 00:00:00,2026-04-01
M01055,ip,I07024,2026-01-01 00:00:00,2026-04-01
M01055,device,D06474,2026-01-01 00:00:00,2026-04-01
M01056,ip,I04103,2026-01-01 00:00:00,2026-04-01
M01056,device,D03587,2026-01-01 00:00:00,2026-04-01
M01057,ip,I02886,2026-01-01 00:00:00,2026-04-01
M01057,device,D02702,2026-01-01 00:00:00,2026-04-01
M01058,ip,I03487,2026-01-01 00:00:00,2026-04-01
M01058,device,D01066,2026-01-01 00:00:00,2026-04-01
M01059,ip,I00169,2026-01-01 00:00:00,2026-04-01
M01059,device,D06826,2026-01-01 00:00:00,2026-01-10
M01059,device,D03208,2026-01-10 00:00:00,2026-04-01
M01060,ip,I09215,2026-01-26 00:00:00,2026-04-01
M01060,device,D08244,2026-01-26 00:00:00,2026-04-01
M01061,ip,I07354,2026-03-05 00:00:00,2026-04-01
M01061,device,D09160,2026-03-05 00:00:00,2026-03-21
M01061,device,D09965,2026-03-21 00:00:00,2026-04-01
M01062,ip,I08087,2026-01-01 00:00:00,2026-04-01
M01062,device,D03648,2026-01-01 00:00:00,2026-04-01
M01063,ip,I02502,2026-01-01 00:00:00,2026-04-01
M01063,device,D04203,2026-01-01 00:00:00,2026-04-01
M01064,ip,I02314,2026-01-01 00:00:00,2026-04-01
M01064,device,D09001,2026-01-01 00:00:00,2026-02-18
M01064,device,D06032,2026-02-18 00:00:00,2026-04-01
M01065,ip,I03630,2026-03-04 00:00:00,2026-04-01
M01065,device,D02055,2026-03-04 00:00:00,2026-03-23
M01065,device,D09606,2026-03-23 00:00:00,2026-04-01
M01066,ip,I09629,2026-01-01 00:00:00,2026-04-01
M01066,device,D04946,2026-01-01 00:00:00,2026-04-01
M01067,ip,I02955,2026-01-01 00:00:00,2026-04-01
M01067,device,D06109,2026-01-01 00:00:00,2026-04-01
M01068,ip,I06189,2026-03-19 00:00:00,2026-04-01
M01068,device,D06834,2026-03-19 00:00:00,2026-04-01
M01069,ip,I06554,2026-01-01 00:00:00,2026-04-01
M01069,device,D00360,2026-01-01 00:00:00,2026-04-01
M01070,ip,I06191,2026-03-11 00:00:00,2026-04-01
M01070,device,D05298,2026-03-11 00:00:00,2026-04-01
M01071,ip,I06067,2026-01-01 00:00:00,2026-04-01
M01071,device,D09940,2026-01-01 00:00:00,2026-01-11
M01071,device,D02065,2026-01-11 00:00:00,2026-04-01
M01072,ip,I06068,2026-01-01 00:00:00,2026-04-01
M01072,device,D06380,2026-01-01 00:00:00,2026-03-21
M01072,device,D02551,2026-03-21 00:00:00,2026-04-01
M01073,ip,I05441,2026-01-01 00:00:00,2026-04-01
M01073,device,D03574,2026-01-01 00:00:00,2026-04-01
M01074,ip,I02521,2026-01-01 00:00:00,2026-04-01
M01074,device,D06721,2026-01-01 00:00:00,2026-04-01
M01075,ip,I07497,2026-01-01 00:00:00,2026-04-01
M01075,device,D09638,2026-01-01 00:00:00,2026-04-01
M01076,ip,I07249,2026-01-01 00:00:00,2026-01-16
M01076,device,D02362,2026-01-01 00:00:00,2026-04-01
M01077,ip,I00727,2026-01-01 00:00:00,2026-04-01
M01077,device,D04698,2026-01-01 00:00:00,2026-04-01
M01078,ip,I02618,2026-01-19 00:00:00,2026-04-01
M01078,device,D02916,2026-01-19 00:00:00,2026-03-13
M01078,device,D00633,2026-03-13 00:00:00,2026-04-01
M01079,ip,I02433,2026-01-01 00:00:00,2026-04-01
M01079,device,D08413,2026-01-01 00:00:00,2026-04-01
M01080,ip,I04553,2026-03-26 00:00:00,2026-02-02
M01080,device,D00482,2026-03-26 00:00:00,2026-04-01
M01081,ip,I01097,2026-03-18 00:00:00,2026-04-01
M01081,device,D06179,2026-03-18 00:00:00,2026-04-01
M01082,ip,I03413,2026-01-01 00:00:00,2026-04-01
M01082,device,D02578,2026-01-01 00:00:00,2026-02-26
M01082,device,D02040,2026-02-26 00:00:00,2026-04-01
M01083,ip,I07859,2026-01-12 00:00:00,2026-04-01
M01083,device,D07352,2026-01-12 00:00:00,2026-04-01
M01084,ip,I00913,2026-01-01 00:00:00,2026-02-02
M01084,device,D04348,2026-01-01 00:00:00,2026-04-01
M01085,ip,I02120,2026-01-01 00:00:00,2026-02-23
M01085,device,D06301,2026-01-01 00:00:00,2026-04-01
M01086,ip,I03474,2026-01-17 00:00:00,2026-04-01
M01086,device,D07052,2026-01-17 00:00:00,2026-04-01
M01087,ip,I02675,2026-01-01 00:00:00,2026-04-01
M01087,device,D05014,2026-01-01 00:00:00,2026-04-01
M01088,ip,I00082,2026-01-01 00:00:00,2026-04-01
M01088,device,D08339,2026-01-01 00:00:00,2026-04-01
M01089,ip,I08264,2026-01-01 00:00:00,2026-04-01
M01089,device,D03270,2026-01-01 00:00:00,2026-04-01
M01090,ip,I04993,2026-01-01 00:00:00,2026-04-01
M01090,device,D06013,2026-01-01 00:00:00,2026-04-01
M01091,ip,I04343,2026-01-01 00:00:00,2026-04-01
M01091,device,D06680,2026-01-01 00:00:00,2026-04-01
M01092,ip,I04034,2026-01-01 00:00:00,2026-04-01
M01092,device,D07966,2026-01-01 00:00:00,2026-04-01
M01093,ip,I08770,2026-03-26 00:00:00,2026-04-01
M01093,device,D02494,2026-03-26 00:00:00,2026-04-01
M01094,ip,I03659,2026-01-01 00:00:00,2026-04-01
M01094,device,D00032,2026-01-01 00:00:00,2026-03-07
M01094,device,D05437,2026-03-07 00:00:00,2026-04-01
M01095,ip,I02411,2026-02-05 00:00:00,2026-04-01
M01095,device,D09630,2026-02-05 00:00:00,2026-04-01
M01096,ip,I01463,2026-02-09 00:00:00,2026-04-01
M01096,device,D02866,2026-02-09 00:00:00,2026-03-15
M01096,device,D05799,2026-03-15 00:00:00,2026-04-01
M01097,ip,I05369,2026-02-04 00:00:00,2026-04-01
M01097,device,D00946,2026-02-04 00:00:00,2026-04-01
M01098,ip,I07643,2026-01-01 00:00:00,2026-04-01
M01098,device,D00879,2026-01-01 00:00:00,2026-04-01
M01099,ip,I01786,2026-01-01 00:00:00,2026-04-01
M01099,device,D06256,2026-01-01 00:00:00,2026-04-01
M01100,ip,I03484,2026-01-01 00:00:00,2026-04-01
M01100,device,D02056,2026-01-01 00:00:00,2026-01-16
M01100,device,D01923,2026-01-16 00:00:00,2026-04-01
M01101,ip,I07805,2026-01-01 00:00:00,2026-04-01
M01101,device,D05288,2026-01-01 00:00:00,2026-02-18
M01101,device,D03908,2026-02-18 00:00:00,2026-04-01
M01102,ip,I03885,2026-01-01 00:00:00,2026-04-01
M01102,device,D04517,2026-01-01 00:00:00,2026-04-01
M01103,ip,I01345,2026-01-03 00:00:00,2026-04-01
M01103,device,D08163,2026-01-03 00:00:00,2026-02-08
M01103,device,D06767,2026-02-08 00:00:00,2026-04-01
M01104,ip,I00599,2026-01-01 00:00:00,2026-04-01
M01104,device,D07479,2026-01-01 00:00:00,2026-04-01
M01105,ip,I08817,2026-02-04 00:00:00,2026-04-01
M01105,device,D06988,2026-02-04 00:00:00,2026-04-01
M01106,ip,I00026,2026-01-01 00:00:00,2026-01-27
M01106,device,D07017,2026-01-01 00:00:00,2026-04-01
M01107,ip,I00937,2026-01-08 00:00:00,2026-04-01
M01107,device,D00919,2026-01-08 00:00:00,2026-04-01
M01108,ip,I08796,2026-01-01 00:00:00,2026-04-01
M01108,device,D00506,2026-01-01 00:00:00,2026-04-01
M01109,ip,I06132,2026-01-01 00:00:00,2026-04-01
M01109,device,D07804,2026-01-01 00:00:00,2026-04-01
M01110,ip,I02495,2026-01-01 00:00:00,2026-04-01
M01110,device,D07438,2026-01-01 00:00:00,2026-04-01
M01111,ip,I01338,2026-01-01 00:00:00,2026-04-01
M01111,device,D09341,2026-01-01 00:00:00,2026-02-12
M01111,device,D05007,2026-02-12 00:00:00,2026-04-01
M01112,ip,I05884,2026-03-14 00:00:00,2026-04-01
M01112,device,D07342,2026-03-14 00:00:00,2026-04-01
M01113,ip,I07954,2026-03-14 00:00:00,2026-04-01
M01113,device,D00181,2026-03-14 00:00:00,2026-04-01
M01114,ip,I05297,2026-01-01 00:00:00,2026-04-01
M01114,device,D08345,2026-01-01 00:00:00,2026-04-01
M01115,ip,I00108,2026-01-01 00:00:00,2026-04-01
M01115,device,D02476,2026-01-01 00:00:00,2026-02-07
M01115,device,D00058,2026-02-07 00:00:00,2026-04-01
M01116,ip,I09796,2026-03-06 00:00:00,2026-04-01
M01116,device,D08598,2026-03-06 00:00:00,2026-04-01
M01117,ip,I04039,2026-01-01 00:00:00,2026-04-01
M01117,device,D04341,2026-01-01 00:00:00,2026-04-01
M01118,ip,I01691,2026-01-01 00:00:00,2026-04-01
M01118,device,D08440,2026-01-01 00:00:00,2026-03-15
M01118,device,D05515,2026-03-15 00:00:00,2026-04-01
M01119,ip,I05658,2026-01-01 00:00:00,2026-04-01
M01119,device,D01010,2026-01-01 00:00:00,2026-04-01
M01120,ip,I01475,2026-01-01 00:00:00,2026-04-01
M01120,device,D02092,2026-01-01 00:00:00,2026-02-13
M01120,device,D05803,2026-02-13 00:00:00,2026-04-01
M01121,ip,I05571,2026-01-01 00:00:00,2026-04-01
M01121,device,D07501,2026-01-01 00:00:00,2026-04-01
M01122,ip,I09107,2026-01-01 00:00:00,2026-04-01
M01122,device,D08559,2026-01-01 00:00:00,2026-04-01
M01123,ip,I00509,2026-01-01 00:00:00,2026-04-01
M01123,device,D01000,2026-01-01 00:00:00,2026-04-01
M01124,ip,I01418,2026-01-11 00:00:00,2026-04-01
M01124,device,D09876,2026-01-11 00:00:00,2026-02-23
M01124,device,D03245,2026-02-23 00:00:00,2026-04-01
M01125,ip,I01775,2026-01-01 00:00:00,2026-04-01
M01125,device,D01469,2026-01-01 00:00:00,2026-01-15
M01125,device,D05165,2026-01-15 00:00:00,2026-04-01
M01126,ip,I05082,2026-01-01 00:00:00,2026-04-01
M01126,device,D00560,2026-01-01 00:00:00,2026-03-14
M01126,device,D01288,2026-03-14 00:00:00,2026-04-01
M01127,ip,I07007,2026-01-01 00:00:00,2026-04-01
M01127,device,D06197,2026-01-01 00:00:00,2026-02-08
M01127,device,D00319,2026-02-08 00:00:00,2026-04-01
M01128,ip,I05360,2026-01-01 00:00:00,2026-04-01
M01128,device,D03637,2026-01-01 00:00:00,2026-04-01
M01129,ip,I02521,2026-03-07 00:00:00,2026-04-01
M01129,device,D02933,2026-03-07 00:00:00,2026-04-01
M01130,ip,I03494,2026-01-01 00:00:00,2026-04-01
M01130,device,D00548,2026-01-01 00:00:00,2026-03-20
M01130,device,D07595,2026-03-20 00:00:00,2026-04-01
M01131,ip,I09399,2026-01-01 00:00:00,2026-04-01
M01131,device,D00583,2026-01-01 00:00:00,2026-01-22
M01131,device,D07388,2026-01-22 00:00:00,2026-04-01
M01132,ip,I01928,2026-01-01 00:00:00,2026-04-01
M01132,device,D03836,2026-01-01 00:00:00,2026-04-01
M01133,ip,I08150,2026-01-01 00:00:00,2026-04-01
M01133,device,D00977,2026-01-01 00:00:00,2026-04-01
M01134,ip,I09709,2026-01-01 00:00:00,2026-04-01
M01134,device,D06395,2026-01-01 00:00:00,2026-04-01
M01135,ip,I04127,2026-01-01 00:00:00,2026-04-01
M01135,device,D00703,2026-01-01 00:00:00,2026-04-01
M01136,ip,I09582,2026-01-01 00:00:00,2026-02-03
M01136,device,D08208,2026-01-01 00:00:00,2026-04-01
M01137,ip,I05567,2026-01-01 00:00:00,2026-04-01
M01137,device,D05227,2026-01-01 00:00:00,2026-04-01
M01138,ip,I01791,2026-03-25 00:00:00,2026-04-01
M01138,device,D02028,2026-03-25 00:00:00,2026-04-01
M01139,ip,I09996,2026-01-01 00:00:00,2026-04-01
M01139,device,D06410,2026-01-01 00:00:00,2026-01-21
M01139,device,D03648,2026-01-21 00:00:00,2026-04-01
M01140,ip,I09595,2026-01-01 00:00:00,2026-04-01
M01140,device,D00543,2026-01-01 00:00:00,2026-04-01
M01141,ip,I08714,2026-01-01 00:00:00,2026-04-01
M01141,device,D02822,2026-01-01 00:00:00,2026-04-01
M01142,ip,I09492,2026-01-01 00:00:00,2026-04-01
M01142,device,D00368,2026-01-01 00:00:00,2026-03-18
M01142,device,D06622,2026-03-18 00:00:00,2026-04-01
M01143,ip,I01829,2026-01-01 00:00:00,2026-04-01
M01143,device,D04445,2026-01-01 00:00:00,2026-04-01
M01144,ip,I05124,2026-01-01 00:00:00,2026-04-01
M01144,device,D00129,2026-01-01 00:00:00,2026-04-01
M01145,ip,I04326,2026-01-01 00:00:00,2026-04-01
M01145,device,D00591,2026-01-01 00:00:00,2026-04-01
M01146,ip,I00535,2026-01-01 00:00:00,2026-04-01
M01146,device,D05573,2026-01-01 00:00:00,2026-04-01
M01147,ip,I00883,2026-01-01 00:00:00,2026-04-01
M01147,device,D01395,2026-01-01 00:00:00,2026-04-01
M01148,ip,I02019,2026-01-03 00:00:00,2026-04-01
M01148,device,D08283,2026-01-03 00:00:00,2026-04-01
M01149,ip,I05919,2026-01-01 00:00:00,2026-04-01
M01149,device,D00438,2026-01-01 00:00:00,2026-01-27
M01149,device,D07451,2026-01-27 00:00:00,2026-04-01
M01150,ip,I03534,2026-01-01 00:00:00,2026-04-01
M01150,device,D05096,2026-01-01 00:00:00,2026-01-22
M01150,device,D06778,2026-01-22 00:00:00,2026-04-01
M01151,ip,I07385,2026-02-08 00:00:00,2026-04-01
M01151,device,D03115,2026-02-08 00:00:00,2026-02-21
M01151,device,D01783,2026-02-21 00:00:00,2026-04-01
M01152,ip,I03405,2026-01-01 00:00:00,2026-04-01
M01152,device,D09666,2026-01-01 00:00:00,2026-04-01
M01153,ip,I04627,2026-03-13 00:00:00,2026-04-01
M01153,device,D03484,2026-03-13 00:00:00,2026-04-01
M01154,ip,I06646,2026-01-01 00:00:00,2026-01-26
M01154,device,D04364,2026-01-01 00:00:00,2026-04-01
M01155,ip,I04817,2026-01-31 00:00:00,2026-02-16
M01155,device,D09638,2026-01-31 00:00:00,2026-04-01
M01156,ip,I02658,2026-01-01 00:00:00,2026-04-01
M01156,device,D05280,2026-01-01 00:00:00,2026-04-01
M01157,ip,I03176,2026-01-01 00:00:00,2026-02-11
M01157,device,D01820,2026-01-01 00:00:00,2026-04-01
M01158,ip,I05862,2026-01-01 00:00:00,2026-04-01
M01158,device,D01442,2026-01-01 00:00:00,2026-04-01
M01159,ip,I05088,2026-02-16 00:00:00,2026-04-01
M01159,device,D03518,2026-02-16 00:00:00,2026-04-01
M01160,ip,I04216,2026-01-01 00:00:00,2026-04-01
M01160,device,D01940,2026-01-01 00:00:00,2026-04-01
M01161,ip,I08931,2026-03-09 00:00:00,2026-04-01
M01161,device,D00756,2026-03-09 00:00:00,2026-03-19
M01161,device,D05645,2026-03-19 00:00:00,2026-04-01
M01162,ip,I02451,2026-01-20 00:00:00,2026-04-01
M01162,device,D04710,2026-01-20 00:00:00,2026-03-14
M01162,device,D02076,2026-03-14 00:00:00,2026-04-01
M01163,ip,I00058,2026-01-01 00:00:00,2026-04-01
M01163,device,D03456,2026-01-01 00:00:00,2026-04-01
M01164,ip,I00195,2026-01-01 00:00:00,2026-04-01
M01164,device,D08557,2026-01-01 00:00:00,2026-04-01
M01165,ip,I05599,2026-01-01 00:00:00,2026-01-28
M01165,device,D06014,2026-01-01 00:00:00,2026-04-01
M01166,ip,I09179,2026-01-01 00:00:00,2026-04-01
M01166,device,D01191,2026-01-01 00:00:00,2026-04-01
M01167,ip,I07950,2026-01-01 00:00:00,2026-04-01
M01167,device,D06090,2026-01-01 00:00:00,2026-04-01
M01168,ip,I04771,2026-02-24 00:00:00,2026-01-16
M01168,device,D08940,2026-02-24 00:00:00,2026-03-26
M01168,device,D06540,2026-03-26 00:00:00,2026-04-01
M01169,ip,I00176,2026-01-01 00:00:00,2026-04-01
M01169,device,D00603,2026-01-01 00:00:00,2026-04-01
M01170,ip,I08215,2026-01-01 00:00:00,2026-04-01
M01170,device,D05079,2026-01-01 00:00:00,2026-02-18
M01170,device,D02985,2026-02-18 00:00:00,2026-04-01
M01171,ip,I08418,2026-01-01 00:00:00,2026-02-02
M01171,device,D04382,2026-01-01 00:00:00,2026-04-01
M01172,ip,I07213,2026-01-01 00:00:00,2026-04-01
M01172,device,D08835,2026-01-01 00:00:00,2026-04-01
M01173,ip,I04753,2026-01-01 00:00:00,2026-04-01
M01173,device,D08082,2026-01-01 00:00:00,2026-04-01
M01174,ip,I05109,2026-01-01 00:00:00,2026-04-01
M01174,device,D03704,2026-01-01 00:00:00,2026-04-01
M01175,ip,I06742,2026-01-25 00:00:00,2026-04-01
M01175,device,D00482,2026-01-25 00:00:00,2026-03-02
M01175,device,D09594,2026-03-02 00:00:00,2026-04-01
M01176,ip,I03624,2026-01-19 00:00:00,2026-04-01
M01176,device,D06842,2026-01-19 00:00:00,2026-03-08
M01176,device,D09488,2026-03-08 00:00:00,2026-04-01
M01177,ip,I07005,2026-02-02 00:00:00,2026-04-01
M01177,device,D06314,2026-02-02 00:00:00,2026-02-21
M01177,device,D05478,2026-02-21 00:00:00,2026-04-01
M01178,ip,I06935,2026-01-01 00:00:00,2026-04-01
M01178,device,D03191,2026-01-01 00:00:00,2026-04-01
M01179,ip,I02150,2026-01-03 00:00:00,2026-02-17
M01179,device,D06306,2026-01-03 00:00:00,2026-04-01
M01180,ip,I09907,2026-01-01 00:00:00,2026-04-01
M01180,device,D04574,2026-01-01 00:00:00,2026-02-07
M01180,device,D00322,2026-02-07 00:00:00,2026-04-01
M01181,ip,I07783,2026-01-01 00:00:00,2026-04-01
M01181,device,D04406,2026-01-01 00:00:00,2026-04-01
M01182,ip,I01628,2026-01-01 00:00:00,2026-04-01
M01182,device,D04677,2026-01-01 00:00:00,2026-03-26
M01182,device,D05639,2026-03-26 00:00:00,2026-04-01
M01183,ip,I06831,2026-01-01 00:00:00,2026-04-01
M01183,device,D09813,2026-01-01 00:00:00,2026-04-01
M01184,ip,I04660,2026-01-01 00:00:00,2026-04-01
M01184,device,D03070,2026-01-01 00:00:00,2026-04-01
M01185,ip,I01796,2026-01-01 00:00:00,2026-02-19
M01185,device,D06428,2026-01-01 00:00:00,2026-04-01
M01186,ip,I01667,2026-01-01 00:00:00,2026-04-01
M01186,device,D08181,2026-01-01 00:00:00,2026-04-01
M01187,ip,I04540,2026-01-01 00:00:00,2026-04-01
M01187,device,D05163,2026-01-01 00:00:00,2026-04-01
M01188,ip,I09218,2026-01-01 00:00:00,2026-04-01
M01188,device,D05285,2026-01-01 00:00:00,2026-04-01
M01189,ip,I05409,2026-01-01 00:00:00,2026-04-01
M01189,device,D02960,2026-01-01 00:00:00,2026-04-01
M01190,ip,I04622,2026-01-14 00:00:00,2026-04-01
M01190,device,D04633,2026-01-14 00:00:00,2026-03-23
M01190,device,D04932,2026-03-23 00:00:00,2026-04-01
M01191,ip,I04094,2026-01-01 00:00:00,2026-04-01
M01191,device,D03412,2026-01-01 00:00:00,2026-04-01
M01192,ip,I07783,2026-01-01 00:00:00,2026-04-01
M01192,device,D04790,2026-01-01 00:00:00,2026-03-17
M01192,device,D00402,2026-03-17 00:00:00,2026-04-01
M01193,ip,I00314,2026-01-01 00:00:00,2026-04-01
M01193,device,D04455,2026-01-01 00:00:00,2026-04-01
M01194,ip,I06288,2026-01-01 00:00:00,2026-04-01
M01194,device,D03997,2026-01-01 00:00:00,2026-04-01
M01195,ip,I09331,2026-01-01 00:00:00,2026-04-01
M01195,device,D05867,2026-01-01 00:00:00,2026-04-01
M01196,ip,I01356,2026-01-01 00:00:00,2026-02-06
M01196,device,D01810,2026-01-01 00:00:00,2026-04-01
M01197,ip,I03933,2026-01-01 00:00:00,2026-02-02
M01197,device,D09640,2026-01-01 00:00:00,2026-04-01
M01198,ip,I02746,2026-01-01 00:00:00,2026-01-26
M01198,device,D08739,2026-01-01 00:00:00,2026-04-01
M01199,ip,I09081,2026-01-01 00:00:00,2026-04-01
M01199,device,D05334,2026-01-01 00:00:00,2026-02-27
M01199,device,D08730,2026-02-27 00:00:00,2026-04-01
M01200,ip,I08014,2026-01-01 00:00:00,2026-02-11
M01200,device,D00882,2026-01-01 00:00:00,2026-04-01
M01201,ip,I02697,2026-01-01 00:00:00,2026-04-01
M01201,device,D02087,2026-01-01 00:00:00,2026-01-30
M01201,device,D04594,2026-01-30 00:00:00,2026-04-01
M01202,ip,I03197,2026-02-23 00:00:00,2026-04-01
M01202,device,D05046,2026-02-23 00:00:00,2026-04-01
M01203,ip,I02121,2026-01-01 00:00:00,2026-04-01
M01203,device,D08051,2026-01-01 00:00:00,2026-04-01
M01204,ip,I02662,2026-01-01 00:00:00,2026-04-01
M01204,device,D06809,2026-01-01 00:00:00,2026-02-14
M01204,device,D04282,2026-02-14 00:00:00,2026-04-01
M01205,ip,I03914,2026-03-05 00:00:00,2026-04-01
M01205,device,D07209,2026-03-05 00:00:00,2026-04-01
M01206,ip,I01835,2026-01-01 00:00:00,2026-04-01
M01206,device,D01964,2026-01-01 00:00:00,2026-04-01
M01207,ip,I01200,2026-03-26 00:00:00,2026-04-01
M01207,device,D04306,2026-03-26 00:00:00,2026-03-31
M01207,device,D00460,2026-03-31 00:00:00,2026-04-01
M01208,ip,I05875,2026-01-01 00:00:00,2026-04-01
M01208,device,D01399,2026-01-01 00:00:00,2026-04-01
M01209,ip,I06453,2026-01-01 00:00:00,2026-04-01
M01209,device,D05124,2026-01-01 00:00:00,2026-04-01
M01210,ip,I02658,2026-01-01 00:00:00,2026-01-28
M01210,device,D03662,2026-01-01 00:00:00,2026-01-16
M01210,device,D07617,2026-01-16 00:00:00,2026-04-01
M01211,ip,I03680,2026-01-01 00:00:00,2026-04-01
M01211,device,D05796,2026-01-01 00:00:00,2026-04-01
M01212,ip,I06203,2026-01-01 00:00:00,2026-01-28
M01212,device,D04262,2026-01-01 00:00:00,2026-04-01
M01213,ip,I03792,2026-01-01 00:00:00,2026-04-01
M01213,device,D01711,2026-01-01 00:00:00,2026-04-01
M01214,ip,I01122,2026-01-01 00:00:00,2026-04-01
M01214,device,D01737,2026-01-01 00:00:00,2026-04-01
M01215,ip,I01171,2026-01-01 00:00:00,2026-04-01
M01215,device,D02125,2026-01-01 00:00:00,2026-04-01
M01216,ip,I07340,2026-01-01 00:00:00,2026-04-01
M01216,device,D08613,2026-01-01 00:00:00,2026-04-01
M01217,ip,I05961,2026-01-01 00:00:00,2026-04-01
M01217,device,D04758,2026-01-01 00:00:00,2026-04-01
M01218,ip,I06064,2026-01-01 00:00:00,2026-04-01
M01218,device,D08338,2026-01-01 00:00:00,2026-04-01
M01219,ip,I00058,2026-01-01 00:00:00,2026-04-01
M01219,device,D06213,2026-01-01 00:00:00,2026-03-17
M01219,device,D04462,2026-03-17 00:00:00,2026-04-01
M01220,ip,I07905,2026-01-01 00:00:00,2026-04-01
M01220,device,D03695,2026-01-01 00:00:00,2026-04-01
M01221,ip,I08933,2026-01-01 00:00:00,2026-04-01
M01221,device,D01965,2026-01-01 00:00:00,2026-04-01
M01222,ip,I04639,2026-01-01 00:00:00,2026-04-01
M01222,device,D08488,2026-01-01 00:00:00,2026-04-01
M01223,ip,I03879,2026-02-06 00:00:00,2026-04-01
M01223,device,D08961,2026-02-06 00:00:00,2026-02-14
M01223,device,D04400,2026-02-14 00:00:00,2026-04-01
M01224,ip,I00109,2026-01-19 00:00:00,2026-04-01
M01224,device,D05005,2026-01-19 00:00:00,2026-04-01
M01225,ip,I06052,2026-02-24 00:00:00,2026-04-01
M01225,device,D06845,2026-02-24 00:00:00,2026-03-09
M01225,device,D05195,2026-03-09 00:00:00,2026-04-01
M01226,ip,I08836,2026-01-01 00:00:00,2026-04-01
M01226,device,D01388,2026-01-01 00:00:00,2026-04-01
M01227,ip,I09789,2026-01-01 00:00:00,2026-04-01
M01227,device,D08303,2026-01-01 00:00:00,2026-02-21
M01227,device,D04570,2026-02-21 00:00:00,2026-04-01
M01228,ip,I04470,2026-01-01 00:00:00,2026-04-01
M01228,device,D04928,2026-01-01 00:00:00,2026-04-01
M01229,ip,I01922,2026-01-09 00:00:00,2026-04-01
M01229,device,D00748,2026-01-09 00:00:00,2026-04-01
M01230,ip,I05080,2026-03-21 00:00:00,2026-04-01
M01230,device,D07855,2026-03-21 00:00:00,2026-04-01
M01231,ip,I09768,2026-01-01 00:00:00,2026-04-01
M01231,device,D07499,2026-01-01 00:00:00,2026-04-01
M01232,ip,I01522,2026-01-01 00:00:00,2026-04-01
M01232,device,D09201,2026-01-01 00:00:00,2026-02-13
M01232,device,D00912,2026-02-13 00:00:00,2026-04-01
M01233,ip,I09814,2026-01-01 00:00:00,2026-04-01
M01233,device,D05285,2026-01-01 00:00:00,2026-04-01
M01234,ip,I00198,2026-03-06 00:00:00,2026-04-01
M01234,device,D06385,2026-03-06 00:00:00,2026-03-22
M01234,device,D02261,2026-03-22 00:00:00,2026-04-01
M01235,ip,I06916,2026-01-01 00:00:00,2026-04-01
M01235,device,D07492,2026-01-01 00:00:00,2026-01-19
M01235,device,D07273,2026-01-19 00:00:00,2026-04-01
M01236,ip,I02356,2026-01-01 00:00:00,2026-04-01
M01236,device,D06408,2026-01-01 00:00:00,2026-03-17
M01236,device,D07112,2026-03-17 00:00:00,2026-04-01
M01237,ip,I02617,2026-01-01 00:00:00,2026-04-01
M01237,device,D08796,2026-01-01 00:00:00,2026-04-01
M01238,ip,I01782,2026-03-26 00:00:00,2026-01-28
M01238,device,D00089,2026-03-26 00:00:00,2026-04-01
M01239,ip,I07867,2026-01-01 00:00:00,2026-04-01
M01239,device,D09134,2026-01-01 00:00:00,2026-04-01
M01240,ip,I06313,2026-01-01 00:00:00,2026-04-01
M01240,device,D02904,2026-01-01 00:00:00,2026-01-10
M01240,device,D06850,2026-01-10 00:00:00,2026-04-01
M01241,ip,I05032,2026-01-01 00:00:00,2026-04-01
M01241,device,D07713,2026-01-01 00:00:00,2026-04-01
M01242,ip,I07196,2026-01-01 00:00:00,2026-04-01
M01242,device,D09058,2026-01-01 00:00:00,2026-04-01
M01243,ip,I06262,2026-01-01 00:00:00,2026-04-01
M01243,device,D06039,2026-01-01 00:00:00,2026-02-27
M01243,device,D00945,2026-02-27 00:00:00,2026-04-01
M01244,ip,I01004,2026-01-01 00:00:00,2026-04-01
M01244,device,D00715,2026-01-01 00:00:00,2026-04-01
M01245,ip,I04971,2026-01-01 00:00:00,2026-04-01
M01245,device,D01525,2026-01-01 00:00:00,2026-04-01
M01246,ip,I05934,2026-01-01 00:00:00,2026-04-01
M01246,device,D04331,2026-01-01 00:00:00,2026-04-01
M01247,ip,I09062,2026-01-01 00:00:00,2026-04-01
M01247,device,D05378,2026-01-01 00:00:00,2026-03-01
M01247,device,D03802,2026-03-01 00:00:00,2026-04-01
M01248,ip,I02491,2026-01-01 00:00:00,2026-04-01
M01248,device,D04794,2026-01-01 00:00:00,2026-04-01
M01249,ip,I05426,2026-01-01 00:00:00,2026-04-01
M01249,device,D07010,2026-01-01 00:00:00,2026-04-01
M01250,ip,I00063,2026-01-01 00:00:00,2026-04-01
M01250,device,D03763,2026-01-01 00:00:00,2026-02-10
M01250,device,D04011,2026-02-10 00:00:00,2026-04-01
M01251,ip,I08057,2026-01-01 00:00:00,2026-04-01
M01251,device,D09631,2026-01-01 00:00:00,2026-03-08
M01251,device,D01748,2026-03-08 00:00:00,2026-04-01
M01252,ip,I04970,2026-01-01 00:00:00,2026-04-01
M01252,device,D09444,2026-01-01 00:00:00,2026-04-01
M01253,ip,I01345,2026-01-01 00:00:00,2026-04-01
M01253,device,D01493,2026-01-01 00:00:00,2026-04-01
M01254,ip,I01791,2026-01-01 00:00:00,2026-04-01
M01254,device,D04298,2026-01-01 00:00:00,2026-04-01
M01255,ip,I09406,2026-01-01 00:00:00,2026-04-01
M01255,device,D04987,2026-01-01 00:00:00,2026-04-01
M01256,ip,I05471,2026-01-01 00:00:00,2026-04-01
M01256,device,D01847,2026-01-01 00:00:00,2026-04-01
M01257,ip,I08385,2026-01-01 00:00:00,2026-04-01
M01257,device,D00057,2026-01-01 00:00:00,2026-04-01
M01258,ip,I07420,2026-01-29 00:00:00,2026-04-01
M01258,device,D06527,2026-01-29 00:00:00,2026-04-01
M01259,ip,I05792,2026-02-15 00:00:00,2026-04-01
M01259,device,D09260,2026-02-15 00:00:00,2026-04-01
M01260,ip,I01438,2026-01-01 00:00:00,2026-04-01
M01260,device,D07322,2026-01-01 00:00:00,2026-01-10
M01260,device,D09929,2026-01-10 00:00:00,2026-04-01
M01261,ip,I00766,2026-01-09 00:00:00,2026-04-01
M01261,device,D04685,2026-01-09 00:00:00,2026-04-01
M01262,ip,I08210,2026-01-01 00:00:00,2026-04-01
M01262,device,D05019,2026-01-01 00:00:00,2026-04-01
M01263,ip,I00924,2026-03-24 00:00:00,2026-04-01
M01263,device,D05937,2026-03-24 00:00:00,2026-04-01
M01264,ip,I00607,2026-01-27 00:00:00,2026-04-01
M01264,device,D02400,2026-01-27 00:00:00,2026-04-01
M01265,ip,I07721,2026-01-01 00:00:00,2026-04-01
M01265,device,D09279,2026-01-01 00:00:00,2026-04-01
M01266,ip,I01741,2026-01-24 00:00:00,2026-04-01
M01266,device,D09622,2026-01-24 00:00:00,2026-04-01
M01267,ip,I02257,2026-03-20 00:00:00,2026-04-01
M01267,device,D03874,2026-03-20 00:00:00,2026-04-01
M01268,ip,I00669,2026-02-19 00:00:00,2026-04-01
M01268,device,D06330,2026-02-19 00:00:00,2026-04-01
M01269,ip,I01933,2026-01-01 00:00:00,2026-04-01
M01269,device,D04128,2026-01-01 00:00:00,2026-04-01
M01270,ip,I00871,2026-01-01 00:00:00,2026-04-01
M01270,device,D00834,2026-01-01 00:00:00,2026-04-01
M01271,ip,I04168,2026-01-01 00:00:00,2026-04-01
M01271,device,D02280,2026-01-01 00:00:00,2026-04-01
M01272,ip,I03646,2026-02-07 00:00:00,2026-04-01
M01272,device,D01147,2026-02-07 00:00:00,2026-04-01
M01273,ip,I06235,2026-01-01 00:00:00,2026-04-01
M01273,device,D03909,2026-01-01 00:00:00,2026-04-01
M01274,ip,I09303,2026-03-17 00:00:00,2026-04-01
M01274,device,D05284,2026-03-17 00:00:00,2026-03-22
M01274,device,D00108,2026-03-22 00:00:00,2026-04-01
M01275,ip,I05582,2026-02-20 00:00:00,2026-02-16
M01275,device,D02125,2026-02-20 00:00:00,2026-04-01
M01276,ip,I03197,2026-01-01 00:00:00,2026-04-01
M01276,device,D08286,2026-01-01 00:00:00,2026-04-01
M01277,ip,I00516,2026-03-18 00:00:00,2026-04-01
M01277,device,D05360,2026-03-18 00:00:00,2026-03-25
M01277,device,D08805,2026-03-25 00:00:00,2026-04-01
M01278,ip,I05455,2026-01-01 00:00:00,2026-04-01
M01278,device,D09653,2026-01-01 00:00:00,2026-04-01
M01279,ip,I09907,2026-01-01 00:00:00,2026-04-01
M01279,device,D00889,2026-01-01 00:00:00,2026-04-01
M01280,ip,I06184,2026-01-01 00:00:00,2026-04-01
M01280,device,D09906,2026-01-01 00:00:00,2026-01-29
M01280,device,D06705,2026-01-29 00:00:00,2026-04-01
M01281,ip,I09517,2026-01-01 00:00:00,2026-04-01
M01281,device,D09386,2026-01-01 00:00:00,2026-04-01
M01282,ip,I04156,2026-01-01 00:00:00,2026-04-01
M01282,device,D06089,2026-01-01 00:00:00,2026-04-01
M01283,ip,I02927,2026-01-01 00:00:00,2026-02-01
M01283,device,D09289,2026-01-01 00:00:00,2026-04-01
M01284,ip,I04028,2026-01-20 00:00:00,2026-04-01
M01284,device,D09013,2026-01-20 00:00:00,2026-04-01
M01285,ip,I09958,2026-01-01 00:00:00,2026-04-01
M01285,device,D07566,2026-01-01 00:00:00,2026-04-01
M01286,ip,I03326,2026-03-02 00:00:00,2026-04-01
M01286,device,D05507,2026-03-02 00:00:00,2026-04-01
M01287,ip,I04644,2026-01-01 00:00:00,2026-04-01
M01287,device,D00510,2026-01-01 00:00:00,2026-04-01
M01288,ip,I01658,2026-01-01 00:00:00,2026-04-01
M01288,device,D06221,2026-01-01 00:00:00,2026-02-11
M01288,device,D08775,2026-02-11 00:00:00,2026-04-01
M01289,ip,I08355,2026-01-01 00:00:00,2026-02-16
M01289,device,D09204,2026-01-01 00:00:00,2026-04-01
M01290,ip,I03985,2026-01-01 00:00:00,2026-04-01
M01290,device,D06016,2026-01-01 00:00:00,2026-04-01
M01291,ip,I03683,2026-03-15 00:00:00,2026-04-01
M01291,device,D08749,2026-03-15 00:00:00,2026-03-24
M01291,device,D09812,2026-03-24 00:00:00,2026-04-01
M01292,ip,I04534,2026-01-01 00:00:00,2026-04-01
M01292,device,D05489,2026-01-01 00:00:00,2026-04-01
M01293,ip,I04001,2026-01-16 00:00:00,2026-04-01
M01293,device,D07604,2026-01-16 00:00:00,2026-04-01
M01294,ip,I07206,2026-01-04 00:00:00,2026-02-01
M01294,device,D03267,2026-01-04 00:00:00,2026-03-15
M01294,device,D02768,2026-03-15 00:00:00,2026-04-01
M01295,ip,I06743,2026-01-01 00:00:00,2026-04-01
M01295,device,D06859,2026-01-01 00:00:00,2026-04-01
M01296,ip,I08679,2026-02-05 00:00:00,2026-04-01
M01296,device,D00024,2026-02-05 00:00:00,2026-03-11
M01296,device,D06731,2026-03-11 00:00:00,2026-04-01
M01297,ip,I00537,2026-01-01 00:00:00,2026-04-01
M01297,device,D02837,2026-01-01 00:00:00,2026-01-24
M01297,device,D00820,2026-01-24 00:00:00,2026-04-01
M01298,ip,I01668,2026-03-20 00:00:00,2026-04-01
M01298,device,D06379,2026-03-20 00:00:00,2026-04-01
M01299,ip,I02846,2026-01-01 00:00:00,2026-04-01
M01299,device,D08587,2026-01-01 00:00:00,2026-04-01
M01300,ip,I05056,2026-01-01 00:00:00,2026-04-01
M01300,device,D01368,2026-01-01 00:00:00,2026-04-01
M01301,ip,I06083,2026-01-01 00:00:00,2026-04-01
M01301,device,D09882,2026-01-01 00:00:00,2026-04-01
M01302,ip,I07668,2026-01-01 00:00:00,2026-04-01
M01302,device,D08654,2026-01-01 00:00:00,2026-04-01
M01303,ip,I05034,2026-01-01 00:00:00,2026-04-01
M01303,device,D09116,2026-01-01 00:00:00,2026-04-01
M01304,ip,I02540,2026-01-01 00:00:00,2026-04-01
M01304,device,D01014,2026-01-01 00:00:00,2026-01-24
M01304,device,D07632,2026-01-24 00:00:00,2026-04-01
M01305,ip,I02411,2026-01-01 00:00:00,2026-02-16
M01305,device,D08634,2026-01-01 00:00:00,2026-02-16
M01306,ip,I00672,2026-01-01 00:00:00,2026-04-01
M01306,device,D00596,2026-01-01 00:00:00,2026-03-18
M01306,device,D05987,2026-03-18 00:00:00,2026-04-01
M01307,ip,I04826,2026-01-01 00:00:00,2026-04-01
M01307,device,D09187,2026-01-01 00:00:00,2026-04-01
M01308,ip,I04100,2026-01-01 00:00:00,2026-04-01
M01308,device,D06507,2026-01-01 00:00:00,2026-04-01
M01309,ip,I02811,2026-01-01 00:00:00,2026-04-01
M01309,device,D08898,2026-01-01 00:00:00,2026-04-01
M01310,ip,I04323,2026-01-01 00:00:00,2026-04-01
M01310,device,D01994,2026-01-01 00:00:00,2026-04-01
M01311,ip,I03078,2026-03-01 00:00:00,2026-04-01
M01311,device,D08476,2026-03-01 00:00:00,2026-04-01
M01312,ip,I05787,2026-01-01 00:00:00,2026-02-12
M01312,device,D05900,2026-01-01 00:00:00,2026-03-04
M01312,device,D05583,2026-03-04 00:00:00,2026-04-01
M01313,ip,I01277,2026-01-01 00:00:00,2026-04-01
M01313,device,D06659,2026-01-01 00:00:00,2026-03-02
M01313,device,D09731,2026-03-02 00:00:00,2026-04-01
M01314,ip,I04825,2026-01-01 00:00:00,2026-04-01
M01314,device,D02294,2026-01-01 00:00:00,2026-04-01
M01315,ip,I04569,2026-01-01 00:00:00,2026-04-01
M01315,device,D04252,2026-01-01 00:00:00,2026-01-30
M01315,device,D05433,2026-01-30 00:00:00,2026-04-01
M01316,ip,I06541,2026-01-01 00:00:00,2026-02-03
M01316,device,D06283,2026-01-01 00:00:00,2026-04-01
M01317,ip,I06497,2026-02-02 00:00:00,2026-04-01
M01317,device,D05406,2026-02-02 00:00:00,2026-03-13
M01317,device,D09269,2026-03-13 00:00:00,2026-04-01
M01318,ip,I06619,2026-01-01 00:00:00,2026-04-01
M01318,device,D05654,2026-01-01 00:00:00,2026-02-18
M01318,device,D08989,2026-02-18 00:00:00,2026-04-01
M01319,ip,I04623,2026-01-01 00:00:00,2026-04-01
M01319,device,D01210,2026-01-01 00:00:00,2026-03-21
M01319,device,D05351,2026-03-21 00:00:00,2026-04-01
M01320,ip,I02139,2026-03-04 00:00:00,2026-02-03
M01320,device,D06249,2026-03-04 00:00:00,2026-04-01
M01321,ip,I05920,2026-01-01 00:00:00,2026-04-01
M01321,device,D09290,2026-01-01 00:00:00,2026-01-25
M01321,device,D09903,2026-01-25 00:00:00,2026-04-01
M01322,ip,I06449,2026-01-01 00:00:00,2026-04-01
M01322,device,D00194,2026-01-01 00:00:00,2026-01-08
M01322,device,D01857,2026-01-08 00:00:00,2026-04-01
M01323,ip,I02547,2026-02-20 00:00:00,2026-04-01
M01323,device,D00796,2026-02-20 00:00:00,2026-04-01
M01324,ip,I05520,2026-01-01 00:00:00,2026-04-01
M01324,device,D08654,2026-01-01 00:00:00,2026-04-01
M01325,ip,I01963,2026-01-01 00:00:00,2026-02-16
M01325,device,D07448,2026-01-01 00:00:00,2026-03-16
M01325,device,D08658,2026-03-16 00:00:00,2026-04-01
M01326,ip,I08414,2026-01-01 00:00:00,2026-04-01
M01326,device,D03965,2026-01-01 00:00:00,2026-04-01
M01327,ip,I06231,2026-02-08 00:00:00,2026-04-01
M01327,device,D07270,2026-02-08 00:00:00,2026-03-22
M01327,device,D05154,2026-03-22 00:00:00,2026-04-01
M01328,ip,I08514,2026-01-01 00:00:00,2026-04-01
M01328,device,D09262,2026-01-01 00:00:00,2026-03-18
M01328,device,D07151,2026-03-18 00:00:00,2026-04-01
M01329,ip,I06660,2026-01-01 00:00:00,2026-04-01
M01329,device,D09581,2026-01-01 00:00:00,2026-04-01
M01330,ip,I00391,2026-01-01 00:00:00,2026-04-01
M01330,device,D03877,2026-01-01 00:00:00,2026-04-01
M01331,ip,I01510,2026-01-01 00:00:00,2026-04-01
M01331,device,D08091,2026-01-01 00:00:00,2026-04-01
M01332,ip,I08640,2026-01-01 00:00:00,2026-04-01
M01332,device,D04863,2026-01-01 00:00:00,2026-03-15
M01332,device,D09884,2026-03-15 00:00:00,2026-04-01
M01333,ip,I07505,2026-01-01 00:00:00,2026-02-02
M01333,device,D08924,2026-01-01 00:00:00,2026-02-02
M01334,ip,I07638,2026-01-01 00:00:00,2026-02-14
M01334,device,D09606,2026-01-01 00:00:00,2026-02-14
M01335,ip,I00792,2026-01-01 00:00:00,2026-04-01
M01335,device,D09592,2026-01-01 00:00:00,2026-01-29
M01335,device,D02255,2026-01-29 00:00:00,2026-04-01
M01336,ip,I03197,2026-01-01 00:00:00,2026-04-01
M01336,device,D08852,2026-01-01 00:00:00,2026-04-01
M01337,ip,I07790,2026-01-31 00:00:00,2026-04-01
M01337,device,D03712,2026-01-31 00:00:00,2026-04-01
M01338,ip,I02571,2026-01-01 00:00:00,2026-04-01
M01338,device,D06304,2026-01-01 00:00:00,2026-04-01
M01339,ip,I09064,2026-01-24 00:00:00,2026-02-16
M01339,device,D03979,2026-01-24 00:00:00,2026-02-16
M01340,ip,I05168,2026-01-01 00:00:00,2026-02-01
M01340,device,D01264,2026-01-01 00:00:00,2026-01-13
M01340,device,D05376,2026-01-13 00:00:00,2026-04-01
M01341,ip,I01610,2026-02-16 00:00:00,2026-04-01
M01341,device,D07819,2026-02-16 00:00:00,2026-04-01
M01342,ip,I00518,2026-01-25 00:00:00,2026-04-01
M01342,device,D03834,2026-01-25 00:00:00,2026-04-01
M01343,ip,I05352,2026-01-01 00:00:00,2026-04-01
M01343,device,D01573,2026-01-01 00:00:00,2026-04-01
M01344,ip,I05787,2026-01-01 00:00:00,2026-04-01
M01344,device,D02082,2026-01-01 00:00:00,2026-04-01
M01345,ip,I03119,2026-01-01 00:00:00,2026-04-01
M01345,device,D01124,2026-01-01 00:00:00,2026-04-01
M01346,ip,I06739,2026-01-01 00:00:00,2026-02-06
M01346,device,D05962,2026-01-01 00:00:00,2026-04-01
M01347,ip,I05252,2026-01-01 00:00:00,2026-04-01
M01347,device,D07246,2026-01-01 00:00:00,2026-04-01
M01348,ip,I04080,2026-02-25 00:00:00,2026-04-01
M01348,device,D06799,2026-02-25 00:00:00,2026-04-01
M01349,ip,I01016,2026-02-08 00:00:00,2026-04-01
M01349,device,D02318,2026-02-08 00:00:00,2026-03-07
M01349,device,D02776,2026-03-07 00:00:00,2026-04-01
M01350,ip,I00971,2026-01-01 00:00:00,2026-04-01
M01350,device,D01369,2026-01-01 00:00:00,2026-04-01
M01351,ip,I09745,2026-01-01 00:00:00,2026-04-01
M01351,device,D07026,2026-01-01 00:00:00,2026-04-01
M01352,ip,I08033,2026-01-01 00:00:00,2026-04-01
M01352,device,D03182,2026-01-01 00:00:00,2026-04-01
M01353,ip,I00014,2026-01-01 00:00:00,2026-04-01
M01353,device,D02168,2026-01-01 00:00:00,2026-04-01
M01354,ip,I06907,2026-02-20 00:00:00,2026-02-08
M01354,device,D05101,2026-02-20 00:00:00,2026-04-01
M01355,ip,I02186,2026-01-01 00:00:00,2026-04-01
M01355,device,D02595,2026-01-01 00:00:00,2026-04-01
M01356,ip,I00819,2026-01-01 00:00:00,2026-04-01
M01356,device,D05372,2026-01-01 00:00:00,2026-04-01
M01357,ip,I02329,2026-01-09 00:00:00,2026-04-01
M01357,device,D00078,2026-01-09 00:00:00,2026-01-17
M01357,device,D03567,2026-01-17 00:00:00,2026-04-01
M01358,ip,I06840,2026-01-01 00:00:00,2026-04-01
M01358,device,D09660,2026-01-01 00:00:00,2026-02-03
M01358,device,D03033,2026-02-03 00:00:00,2026-04-01
M01359,ip,I02122,2026-03-25 00:00:00,2026-04-01
M01359,device,D09902,2026-03-25 00:00:00,2026-04-01
M01360,ip,I04368,2026-01-01 00:00:00,2026-04-01
M01360,device,D03185,2026-01-01 00:00:00,2026-04-01
M01361,ip,I09283,2026-01-01 00:00:00,2026-04-01
M01361,device,D04964,2026-01-01 00:00:00,2026-04-01
M01362,ip,I03150,2026-01-01 00:00:00,2026-04-01
M01362,device,D00832,2026-01-01 00:00:00,2026-04-01
M01363,ip,I02576,2026-01-01 00:00:00,2026-02-15
M01363,device,D02791,2026-01-01 00:00:00,2026-04-01
M01364,ip,I09574,2026-03-25 00:00:00,2026-04-01
M01364,device,D08478,2026-03-25 00:00:00,2026-04-01
M01365,ip,I03097,2026-01-01 00:00:00,2026-04-01
M01365,device,D08667,2026-01-01 00:00:00,2026-04-01
M01366,ip,I09552,2026-02-16 00:00:00,2026-02-13
M01366,device,D01425,2026-02-16 00:00:00,2026-03-15
M01366,device,D03408,2026-03-15 00:00:00,2026-04-01
M01367,ip,I09700,2026-01-01 00:00:00,2026-04-01
M01367,device,D04951,2026-01-01 00:00:00,2026-04-01
M01368,ip,I00749,2026-03-25 00:00:00,2026-04-01
M01368,device,D07423,2026-03-25 00:00:00,2026-04-01
M01369,ip,I04647,2026-01-01 00:00:00,2026-04-01
M01369,device,D09720,2026-01-01 00:00:00,2026-04-01
M01370,ip,I07406,2026-01-01 00:00:00,2026-04-01
M01370,device,D07858,2026-01-01 00:00:00,2026-04-01
M01371,ip,I04915,2026-01-01 00:00:00,2026-04-01
M01371,device,D09888,2026-01-01 00:00:00,2026-04-01
M01372,ip,I03440,2026-01-01 00:00:00,2026-04-01
M01372,device,D02836,2026-01-01 00:00:00,2026-02-21
M01372,device,D09682,2026-02-21 00:00:00,2026-04-01
M01373,ip,I09912,2026-01-18 00:00:00,2026-04-01
M01373,device,D07161,2026-01-18 00:00:00,2026-04-01
M01374,ip,I00147,2026-01-01 00:00:00,2026-04-01
M01374,device,D07933,2026-01-01 00:00:00,2026-04-01
M01375,ip,I03481,2026-01-01 00:00:00,2026-04-01
M01375,device,D07515,2026-01-01 00:00:00,2026-04-01
M01376,ip,I07875,2026-02-12 00:00:00,2026-04-01
M01376,device,D09142,2026-02-12 00:00:00,2026-04-01
M01377,ip,I04375,2026-01-01 00:00:00,2026-04-01
M01377,device,D00310,2026-01-01 00:00:00,2026-03-08
M01377,device,D04467,2026-03-08 00:00:00,2026-04-01
M01378,ip,I07518,2026-01-01 00:00:00,2026-04-01
M01378,device,D08350,2026-01-01 00:00:00,2026-04-01
M01379,ip,I02257,2026-01-01 00:00:00,2026-02-11
M01379,device,D04044,2026-01-01 00:00:00,2026-04-01
M01380,ip,I09399,2026-01-01 00:00:00,2026-04-01
M01380,device,D05067,2026-01-01 00:00:00,2026-04-01
M01381,ip,I00444,2026-01-01 00:00:00,2026-04-01
M01381,device,D06365,2026-01-01 00:00:00,2026-02-16
M01381,device,D03623,2026-02-16 00:00:00,2026-04-01
M01382,ip,I00986,2026-01-01 00:00:00,2026-04-01
M01382,device,D05555,2026-01-01 00:00:00,2026-04-01
M01383,ip,I02261,2026-01-01 00:00:00,2026-01-21
M01383,device,D08307,2026-01-01 00:00:00,2026-04-01
M01384,ip,I09377,2026-01-01 00:00:00,2026-04-01
M01384,device,D01005,2026-01-01 00:00:00,2026-01-13
M01384,device,D03922,2026-01-13 00:00:00,2026-04-01
M01385,ip,I04294,2026-01-01 00:00:00,2026-04-01
M01385,device,D02964,2026-01-01 00:00:00,2026-04-01
M01386,ip,I01554,2026-01-01 00:00:00,2026-04-01
M01386,device,D00408,2026-01-01 00:00:00,2026-03-24
M01386,device,D08384,2026-03-24 00:00:00,2026-04-01
M01387,ip,I09259,2026-02-04 00:00:00,2026-04-01
M01387,device,D01026,2026-02-04 00:00:00,2026-04-01
M01388,ip,I05756,2026-02-03 00:00:00,2026-04-01
M01388,device,D03066,2026-02-03 00:00:00,2026-04-01
M01389,ip,I09739,2026-01-01 00:00:00,2026-04-01
M01389,device,D01008,2026-01-01 00:00:00,2026-03-20
M01389,device,D03553,2026-03-20 00:00:00,2026-04-01
M01390,ip,I00204,2026-01-01 00:00:00,2026-04-01
M01390,device,D08354,2026-01-01 00:00:00,2026-04-01
M01391,ip,I04858,2026-01-01 00:00:00,2026-04-01
M01391,device,D00616,2026-01-01 00:00:00,2026-01-09
M01391,device,D01589,2026-01-09 00:00:00,2026-04-01
M01392,ip,I05632,2026-01-01 00:00:00,2026-04-01
M01392,device,D07663,2026-01-01 00:00:00,2026-02-23
M01392,device,D02309,2026-02-23 00:00:00,2026-04-01
M01393,ip,I04611,2026-01-01 00:00:00,2026-04-01
M01393,device,D08890,2026-01-01 00:00:00,2026-04-01
M01394,ip,I02710,2026-01-01 00:00:00,2026-04-01
M01394,device,D06703,2026-01-01 00:00:00,2026-02-11
M01394,device,D03812,2026-02-11 00:00:00,2026-04-01
M01395,ip,I05075,2026-01-01 00:00:00,2026-04-01
M01395,device,D02362,2026-01-01 00:00:00,2026-04-01
M01396,ip,I08407,2026-02-18 00:00:00,2026-04-01
M01396,device,D07800,2026-02-18 00:00:00,2026-03-13
M01396,device,D08980,2026-03-13 00:00:00,2026-04-01
M01397,ip,I00962,2026-01-01 00:00:00,2026-04-01
M01397,device,D04629,2026-01-01 00:00:00,2026-04-01
M01398,ip,I09314,2026-01-30 00:00:00,2026-04-01
M01398,device,D00517,2026-01-30 00:00:00,2026-04-01
M01399,ip,I09639,2026-01-01 00:00:00,2026-04-01
M01399,device,D00148,2026-01-01 00:00:00,2026-04-01
M01400,ip,I07785,2026-01-11 00:00:00,2026-04-01
M01400,device,D00795,2026-01-11 00:00:00,2026-04-01
M01401,ip,I00349,2026-01-01 00:00:00,2026-04-01
M01401,device,D07818,2026-01-01 00:00:00,2026-04-01
M01402,ip,I04697,2026-01-01 00:00:00,2026-04-01
M01402,device,D06403,2026-01-01 00:00:00,2026-04-01
M01403,ip,I04506,2026-01-01 00:00:00,2026-04-01
M01403,device,D06513,2026-01-01 00:00:00,2026-04-01
M01404,ip,I08725,2026-01-01 00:00:00,2026-02-16
M01404,device,D03497,2026-01-01 00:00:00,2026-02-13
M01404,device,D04419,2026-02-13 00:00:00,2026-04-01
M01405,ip,I08681,2026-01-01 00:00:00,2026-04-01
M01405,device,D00455,2026-01-01 00:00:00,2026-04-01
M01406,ip,I08155,2026-01-01 00:00:00,2026-02-15
M01406,device,D04641,2026-01-01 00:00:00,2026-03-22
M01406,device,D07843,2026-03-22 00:00:00,2026-04-01
M01407,ip,I00430,2026-01-10 00:00:00,2026-04-01
M01407,device,D07043,2026-01-10 00:00:00,2026-04-01
M01408,ip,I07085,2026-01-01 00:00:00,2026-04-01
M01408,device,D09260,2026-01-01 00:00:00,2026-03-02
M01408,device,D02621,2026-03-02 00:00:00,2026-04-01
M01409,ip,I07126,2026-02-08 00:00:00,2026-04-01
M01409,device,D01835,2026-02-08 00:00:00,2026-04-01
M01410,ip,I06892,2026-02-22 00:00:00,2026-04-01
M01410,device,D02054,2026-02-22 00:00:00,2026-04-01
M01411,ip,I00813,2026-01-01 00:00:00,2026-04-01
M01411,device,D03044,2026-01-01 00:00:00,2026-04-01
M01412,ip,I02550,2026-01-23 00:00:00,2026-04-01
M01412,device,D05296,2026-01-23 00:00:00,2026-04-01
M01413,ip,I02191,2026-03-06 00:00:00,2026-02-18
M01413,device,D07385,2026-03-06 00:00:00,2026-04-01
M01414,ip,I06464,2026-01-01 00:00:00,2026-04-01
M01414,device,D07609,2026-01-01 00:00:00,2026-04-01
M01415,ip,I04545,2026-01-30 00:00:00,2026-04-01
M01415,device,D04602,2026-01-30 00:00:00,2026-04-01
M01416,ip,I06051,2026-01-24 00:00:00,2026-04-01
M01416,device,D07166,2026-01-24 00:00:00,2026-04-01
M01417,ip,I07330,2026-01-01 00:00:00,2026-04-01
M01417,device,D04373,2026-01-01 00:00:00,2026-01-27
M01417,device,D06797,2026-01-27 00:00:00,2026-04-01
M01418,ip,I02165,2026-01-01 00:00:00,2026-04-01
M01418,device,D00770,2026-01-01 00:00:00,2026-04-01
M01419,ip,I01498,2026-01-01 00:00:00,2026-04-01
M01419,device,D01438,2026-01-01 00:00:00,2026-04-01
M01420,ip,I09204,2026-01-08 00:00:00,2026-04-01
M01420,device,D02378,2026-01-08 00:00:00,2026-01-31
M01420,device,D03225,2026-01-31 00:00:00,2026-04-01
M01421,ip,I02572,2026-01-25 00:00:00,2026-04-01
M01421,device,D07184,2026-01-25 00:00:00,2026-02-26
M01421,device,D02639,2026-02-26 00:00:00,2026-04-01
M01422,ip,I08676,2026-01-01 00:00:00,2026-04-01
M01422,device,D01013,2026-01-01 00:00:00,2026-04-01
M01423,ip,I03635,2026-01-01 00:00:00,2026-02-12
M01423,device,D09413,2026-01-01 00:00:00,2026-04-01
M01424,ip,I08080,2026-01-01 00:00:00,2026-04-01
M01424,device,D07774,2026-01-01 00:00:00,2026-04-01
M01425,ip,I04121,2026-01-01 00:00:00,2026-04-01
M01425,device,D04496,2026-01-01 00:00:00,2026-04-01
M01426,ip,I09960,2026-01-01 00:00:00,2026-02-12
M01426,device,D00269,2026-01-01 00:00:00,2026-04-01
M01427,ip,I03656,2026-01-01 00:00:00,2026-04-01
M01427,device,D04853,2026-01-01 00:00:00,2026-04-01
M01428,ip,I02383,2026-01-01 00:00:00,2026-04-01
M01428,device,D09069,2026-01-01 00:00:00,2026-04-01
M01429,ip,I04810,2026-01-01 00:00:00,2026-04-01
M01429,device,D09777,2026-01-01 00:00:00,2026-04-01
M01430,ip,I03102,2026-01-01 00:00:00,2026-04-01
M01430,device,D02680,2026-01-01 00:00:00,2026-04-01
M01431,ip,I00159,2026-01-01 00:00:00,2026-04-01
M01431,device,D08122,2026-01-01 00:00:00,2026-03-22
M01431,device,D07320,2026-03-22 00:00:00,2026-04-01
M01432,ip,I06425,2026-01-01 00:00:00,2026-04-01
M01432,device,D01292,2026-01-01 00:00:00,2026-02-26
M01432,device,D05006,2026-02-26 00:00:00,2026-04-01
M01433,ip,I03606,2026-01-01 00:00:00,2026-04-01
M01433,device,D07459,2026-01-01 00:00:00,2026-04-01
M01434,ip,I01058,2026-01-01 00:00:00,2026-04-01
M01434,device,D06090,2026-01-01 00:00:00,2026-03-25
M01434,device,D04154,2026-03-25 00:00:00,2026-04-01
M01435,ip,I07876,2026-02-26 00:00:00,2026-04-01
M01435,device,D02463,2026-02-26 00:00:00,2026-03-07
M01435,device,D03233,2026-03-07 00:00:00,2026-04-01
M01436,ip,I01735,2026-01-01 00:00:00,2026-04-01
M01436,device,D05989,2026-01-01 00:00:00,2026-03-03
M01436,device,D00426,2026-03-03 00:00:00,2026-04-01
M01437,ip,I04405,2026-01-01 00:00:00,2026-04-01
M01437,device,D06925,2026-01-01 00:00:00,2026-01-18
M01437,device,D09708,2026-01-18 00:00:00,2026-04-01
M01438,ip,I07722,2026-03-14 00:00:00,2026-04-01
M01438,device,D03503,2026-03-14 00:00:00,2026-03-19
M01438,device,D08846,2026-03-19 00:00:00,2026-04-01
M01439,ip,I06743,2026-01-01 00:00:00,2026-04-01
M01439,device,D05999,2026-01-01 00:00:00,2026-04-01
M01440,ip,I06082,2026-02-05 00:00:00,2026-04-01
M01440,device,D04351,2026-02-05 00:00:00,2026-04-01
M01441,ip,I05754,2026-01-01 00:00:00,2026-04-01
M01441,device,D06552,2026-01-01 00:00:00,2026-04-01
M01442,ip,I02539,2026-01-01 00:00:00,2026-04-01
M01442,device,D05563,2026-01-01 00:00:00,2026-01-11
M01442,device,D03327,2026-01-11 00:00:00,2026-04-01
M01443,ip,I00706,2026-01-01 00:00:00,2026-04-01
M01443,device,D00822,2026-01-01 00:00:00,2026-04-01
M01444,ip,I00355,2026-01-01 00:00:00,2026-04-01
M01444,device,D03489,2026-01-01 00:00:00,2026-04-01
M01445,ip,I04377,2026-01-01 00:00:00,2026-04-01
M01445,device,D02598,2026-01-01 00:00:00,2026-04-01
M01446,ip,I01874,2026-01-01 00:00:00,2026-04-01
M01446,device,D03056,2026-01-01 00:00:00,2026-04-01
M01447,ip,I09707,2026-01-01 00:00:00,2026-04-01
M01447,device,D08084,2026-01-01 00:00:00,2026-04-01
M01448,ip,I00609,2026-01-01 00:00:00,2026-04-01
M01448,device,D03670,2026-01-01 00:00:00,2026-04-01
M01449,ip,I09093,2026-01-01 00:00:00,2026-04-01
M01449,device,D01915,2026-01-01 00:00:00,2026-04-01
M01450,ip,I04179,2026-01-01 00:00:00,2026-04-01
M01450,device,D07337,2026-01-01 00:00:00,2026-03-10
M01450,device,D06557,2026-03-10 00:00:00,2026-04-01
M01451,ip,I03125,2026-01-01 00:00:00,2026-04-01
M01451,device,D07353,2026-01-01 00:00:00,2026-01-19
M01451,device,D03240,2026-01-19 00:00:00,2026-04-01
M01452,ip,I00444,2026-01-01 00:00:00,2026-04-01
M01452,device,D04064,2026-01-01 00:00:00,2026-04-01
M01453,ip,I01715,2026-01-01 00:00:00,2026-04-01
M01453,device,D05676,2026-01-01 00:00:00,2026-04-01
M01454,ip,I09074,2026-01-01 00:00:00,2026-02-17
M01454,device,D03188,2026-01-01 00:00:00,2026-02-07
M01454,device,D00203,2026-02-07 00:00:00,2026-04-01
M01455,ip,I09839,2026-01-01 00:00:00,2026-04-01
M01455,device,D02405,2026-01-01 00:00:00,2026-01-27
M01455,device,D01196,2026-01-27 00:00:00,2026-04-01
M01456,ip,I03688,2026-03-13 00:00:00,2026-04-01
M01456,device,D06028,2026-03-13 00:00:00,2026-04-01
M01457,ip,I08064,2026-01-01 00:00:00,2026-04-01
M01457,device,D00448,2026-01-01 00:00:00,2026-04-01
M01458,ip,I05235,2026-01-01 00:00:00,2026-04-01
M01458,device,D01459,2026-01-01 00:00:00,2026-04-01
M01459,ip,I06514,2026-01-01 00:00:00,2026-04-01
M01459,device,D09897,2026-01-01 00:00:00,2026-04-01
M01460,ip,I03065,2026-01-01 00:00:00,2026-04-01
M01460,device,D00342,2026-01-01 00:00:00,2026-04-01
M01461,ip,I01506,2026-01-31 00:00:00,2026-04-01
M01461,device,D06709,2026-01-31 00:00:00,2026-02-24
M01461,device,D09645,2026-02-24 00:00:00,2026-04-01
M01462,ip,I06364,2026-01-01 00:00:00,2026-04-01
M01462,device,D04253,2026-01-01 00:00:00,2026-02-01
M01462,device,D05406,2026-02-01 00:00:00,2026-04-01
M01463,ip,I04887,2026-01-29 00:00:00,2026-04-01
M01463,device,D06762,2026-01-29 00:00:00,2026-04-01
M01464,ip,I09297,2026-01-01 00:00:00,2026-04-01
M01464,device,D09282,2026-01-01 00:00:00,2026-04-01
M01465,ip,I06409,2026-02-13 00:00:00,2026-04-01
M01465,device,D01390,2026-02-13 00:00:00,2026-02-25
M01465,device,D03124,2026-02-25 00:00:00,2026-04-01
M01466,ip,I00692,2026-01-01 00:00:00,2026-02-01
M01466,device,D06082,2026-01-01 00:00:00,2026-04-01
M01467,ip,I05031,2026-01-01 00:00:00,2026-01-27
M01467,device,D02717,2026-01-01 00:00:00,2026-04-01
M01468,ip,I03168,2026-01-01 00:00:00,2026-04-01
M01468,device,D03074,2026-01-01 00:00:00,2026-04-01
M01469,ip,I05315,2026-01-01 00:00:00,2026-04-01
M01469,device,D08320,2026-01-01 00:00:00,2026-02-07
M01469,device,D02326,2026-02-07 00:00:00,2026-04-01
M01470,ip,I00233,2026-01-01 00:00:00,2026-02-24
M01470,device,D02152,2026-01-01 00:00:00,2026-02-24
M01471,ip,I07823,2026-01-01 00:00:00,2026-04-01
M01471,device,D03512,2026-01-01 00:00:00,2026-04-01
M01472,ip,I02507,2026-01-01 00:00:00,2026-01-28
M01472,device,D04781,2026-01-01 00:00:00,2026-04-01
M01473,ip,I03710,2026-03-02 00:00:00,2026-04-01
M01473,device,D09035,2026-03-02 00:00:00,2026-04-01
M01474,ip,I08698,2026-01-01 00:00:00,2026-01-23
M01474,device,D07449,2026-01-01 00:00:00,2026-04-01
M01475,ip,I00474,2026-01-01 00:00:00,2026-02-20
M01475,device,D01019,2026-01-01 00:00:00,2026-02-20
M01475,device,D02083,2026-03-13 00:00:00,2026-02-20
M01476,ip,I05416,2026-01-01 00:00:00,2026-04-01
M01476,device,D07223,2026-01-01 00:00:00,2026-04-01
M01477,ip,I09251,2026-01-01 00:00:00,2026-04-01
M01477,device,D04542,2026-01-01 00:00:00,2026-01-27
M01477,device,D06231,2026-01-27 00:00:00,2026-04-01
M01478,ip,I07062,2026-01-08 00:00:00,2026-04-01
M01478,device,D08035,2026-01-08 00:00:00,2026-04-01
M01479,ip,I06208,2026-01-01 00:00:00,2026-04-01
M01479,device,D09847,2026-01-01 00:00:00,2026-02-20
M01479,device,D00157,2026-02-20 00:00:00,2026-04-01
M01480,ip,I01959,2026-01-01 00:00:00,2026-04-01
M01480,device,D05001,2026-01-01 00:00:00,2026-02-02
M01480,device,D06866,2026-02-02 00:00:00,2026-04-01
M01481,ip,I03659,2026-01-01 00:00:00,2026-04-01
M01481,device,D07933,2026-01-01 00:00:00,2026-01-19
M01481,device,D09174,2026-01-19 00:00:00,2026-04-01
M01482,ip,I02775,2026-01-01 00:00:00,2026-04-01
M01482,device,D00300,2026-01-01 00:00:00,2026-04-01
M01483,ip,I03620,2026-02-16 00:00:00,2026-04-01
M01483,device,D03846,2026-02-16 00:00:00,2026-04-01
M01484,ip,I02206,2026-01-01 00:00:00,2026-02-16
M01484,device,D00977,2026-01-01 00:00:00,2026-04-01
M01485,ip,I06106,2026-01-01 00:00:00,2026-04-01
M01485,device,D09375,2026-01-01 00:00:00,2026-04-01
M01486,ip,I03572,2026-01-06 00:00:00,2026-04-01
M01486,device,D05096,2026-01-06 00:00:00,2026-04-01
M01487,ip,I00268,2026-01-01 00:00:00,2026-04-01
M01487,device,D05801,2026-01-01 00:00:00,2026-04-01
M01488,ip,I05578,2026-01-01 00:00:00,2026-04-01
M01488,device,D05892,2026-01-01 00:00:00,2026-04-01
M01489,ip,I09716,2026-03-09 00:00:00,2026-04-01
M01489,device,D06111,2026-03-09 00:00:00,2026-03-25
M01489,device,D09140,2026-03-25 00:00:00,2026-04-01
M01490,ip,I00373,2026-01-01 00:00:00,2026-04-01
M01490,device,D02160,2026-01-01 00:00:00,2026-01-10
M01490,device,D09971,2026-01-10 00:00:00,2026-04-01
M01491,ip,I00962,2026-01-01 00:00:00,2026-04-01
M01491,device,D02135,2026-01-01 00:00:00,2026-03-10
M01491,device,D05621,2026-03-10 00:00:00,2026-04-01
M01492,ip,I05400,2026-01-01 00:00:00,2026-04-01
M01492,device,D08272,2026-01-01 00:00:00,2026-01-21
M01492,device,D04902,2026-01-21 00:00:00,2026-04-01
M01493,ip,I09623,2026-01-01 00:00:00,2026-04-01
M01493,device,D00686,2026-01-01 00:00:00,2026-04-01
M01494,ip,I01965,2026-01-01 00:00:00,2026-02-15
M01494,device,D03440,2026-01-01 00:00:00,2026-02-16
M01494,device,D09311,2026-02-16 00:00:00,2026-04-01
M01495,ip,I04042,2026-02-09 00:00:00,2026-02-18
M01495,device,D06349,2026-02-09 00:00:00,2026-04-01
M01496,ip,I08248,2026-01-01 00:00:00,2026-03-05
M01496,device,D09060,2026-01-01 00:00:00,2026-04-01
M01497,ip,I09661,2026-01-01 00:00:00,2026-04-01
M01497,device,D07482,2026-01-01 00:00:00,2026-04-01
M01498,ip,I05714,2026-01-01 00:00:00,2026-04-01
M01498,device,D08290,2026-01-01 00:00:00,2026-04-01
M01499,ip,I00762,2026-01-01 00:00:00,2026-04-01
M01499,device,D02717,2026-01-01 00:00:00,2026-04-01
M01500,ip,I04562,2026-01-01 00:00:00,2026-04-01
M01500,device,D03013,2026-01-01 00:00:00,2026-04-01
M01501,ip,I04450,2026-01-01 00:00:00,2026-04-01
M01501,device,D07814,2026-01-01 00:00:00,2026-04-01
M01502,ip,I08539,2026-01-01 00:00:00,2026-02-03
M01502,device,D02679,2026-01-01 00:00:00,2026-02-20
M01502,device,D08558,2026-02-20 00:00:00,2026-04-01
M01503,ip,I04815,2026-01-01 00:00:00,2026-04-01
M01503,device,D04174,2026-01-01 00:00:00,2026-04-01
M01504,ip,I03987,2026-01-01 00:00:00,2026-04-01
M01504,device,D07638,2026-01-01 00:00:00,2026-04-01
M01505,ip,I02682,2026-01-01 00:00:00,2026-04-01
M01505,device,D05112,2026-01-01 00:00:00,2026-04-01
M01506,ip,I04343,2026-03-09 00:00:00,2026-04-01
M01506,device,D02392,2026-03-09 00:00:00,2026-04-01
M01507,ip,I00281,2026-01-01 00:00:00,2026-04-01
M01507,device,D05680,2026-01-01 00:00:00,2026-04-01
M01508,ip,I02206,2026-01-01 00:00:00,2026-04-01
M01508,device,D01143,2026-01-01 00:00:00,2026-04-01
M01509,ip,I02895,2026-01-01 00:00:00,2026-04-01
M01509,device,D03690,2026-01-01 00:00:00,2026-04-01
M01510,ip,I04836,2026-01-01 00:00:00,2026-04-01
M01510,device,D06822,2026-01-01 00:00:00,2026-04-01
M01511,ip,I00083,2026-03-01 00:00:00,2026-04-01
M01511,device,D03494,2026-03-01 00:00:00,2026-04-01
M01512,ip,I06445,2026-01-01 00:00:00,2026-04-01
M01512,device,D02190,2026-01-01 00:00:00,2026-04-01
M01513,ip,I00515,2026-01-01 00:00:00,2026-04-01
M01513,device,D01513,2026-01-01 00:00:00,2026-02-16
M01513,device,D08955,2026-02-16 00:00:00,2026-04-01
M01514,ip,I02892,2026-01-01 00:00:00,2026-04-01
M01514,device,D00116,2026-01-01 00:00:00,2026-04-01
M01515,ip,I06000,2026-01-01 00:00:00,2026-04-01
M01515,device,D03285,2026-01-01 00:00:00,2026-04-01
M01516,ip,I00397,2026-01-01 00:00:00,2026-04-01
M01516,device,D00918,2026-01-01 00:00:00,2026-04-01
M01517,ip,I05698,2026-01-01 00:00:00,2026-04-01
M01517,device,D09095,2026-01-01 00:00:00,2026-04-01
M01518,ip,I03061,2026-01-01 00:00:00,2026-04-01
M01518,device,D03622,2026-01-01 00:00:00,2026-04-01
M01519,ip,I07038,2026-01-14 00:00:00,2026-04-01
M01519,device,D07128,2026-01-14 00:00:00,2026-03-12
M01519,device,D06658,2026-03-12 00:00:00,2026-04-01
M01520,ip,I00298,2026-01-01 00:00:00,2026-02-17
M01520,device,D06647,2026-01-01 00:00:00,2026-04-01
M01521,ip,I02777,2026-01-01 00:00:00,2026-04-01
M01521,device,D03164,2026-01-01 00:00:00,2026-04-01
M01522,ip,I07368,2026-01-01 00:00:00,2026-01-28
M01522,device,D09601,2026-01-01 00:00:00,2026-04-01
M01523,ip,I04898,2026-01-01 00:00:00,2026-04-01
M01523,device,D05086,2026-01-01 00:00:00,2026-04-01
M01524,ip,I05408,2026-01-18 00:00:00,2026-01-23
M01524,device,D02296,2026-01-18 00:00:00,2026-04-01
M01525,ip,I08220,2026-01-01 00:00:00,2026-03-01
M01525,device,D07599,2026-01-01 00:00:00,2026-04-01
M01526,ip,I00331,2026-03-06 00:00:00,2026-04-01
M01526,device,D09668,2026-03-06 00:00:00,2026-04-01
M01527,ip,I06452,2026-01-01 00:00:00,2026-04-01
M01527,device,D03131,2026-01-01 00:00:00,2026-04-01
M01528,ip,I06807,2026-01-01 00:00:00,2026-04-01
M01528,device,D00898,2026-01-01 00:00:00,2026-04-01
M01529,ip,I07359,2026-01-01 00:00:00,2026-04-01
M01529,device,D01287,2026-01-01 00:00:00,2026-04-01
M01530,ip,I00059,2026-01-01 00:00:00,2026-04-01
M01530,device,D04014,2026-01-01 00:00:00,2026-01-29
M01530,device,D02930,2026-01-29 00:00:00,2026-04-01
M01531,ip,I00672,2026-01-07 00:00:00,2026-04-01
M01531,device,D06336,2026-01-07 00:00:00,2026-01-13
M01531,device,D09660,2026-01-13 00:00:00,2026-04-01
M01532,ip,I01183,2026-03-03 00:00:00,2026-04-01
M01532,device,D09091,2026-03-03 00:00:00,2026-03-18
M01532,device,D08684,2026-03-18 00:00:00,2026-04-01
M01533,ip,I00716,2026-03-23 00:00:00,2026-02-03
M01533,device,D03286,2026-03-23 00:00:00,2026-03-28
M01533,device,D01696,2026-03-28 00:00:00,2026-04-01
M01534,ip,I03062,2026-01-01 00:00:00,2026-04-01
M01534,device,D08067,2026-01-01 00:00:00,2026-04-01
M01535,ip,I08089,2026-01-01 00:00:00,2026-04-01
M01535,device,D00262,2026-01-01 00:00:00,2026-04-01
M01536,ip,I02386,2026-01-01 00:00:00,2026-04-01
M01536,device,D02411,2026-01-01 00:00:00,2026-04-01
M01537,ip,I07079,2026-01-01 00:00:00,2026-04-01
M01537,device,D09802,2026-01-01 00:00:00,2026-04-01
M01538,ip,I05407,2026-01-01 00:00:00,2026-04-01
M01538,device,D00150,2026-01-01 00:00:00,2026-02-26
M01538,device,D07974,2026-02-26 00:00:00,2026-04-01
M01539,ip,I08103,2026-01-01 00:00:00,2026-04-01
M01539,device,D06539,2026-01-01 00:00:00,2026-04-01
M01540,ip,I03238,2026-01-01 00:00:00,2026-04-01
M01540,device,D01570,2026-01-01 00:00:00,2026-04-01
M01541,ip,I06752,2026-01-01 00:00:00,2026-04-01
M01541,device,D05066,2026-01-01 00:00:00,2026-04-01
M01542,ip,I01617,2026-01-01 00:00:00,2026-04-01
M01542,device,D00164,2026-01-01 00:00:00,2026-04-01
M01543,ip,I08491,2026-03-06 00:00:00,2026-04-01
M01543,device,D06017,2026-03-06 00:00:00,2026-03-21
M01543,device,D02355,2026-03-21 00:00:00,2026-04-01
M01544,ip,I03163,2026-01-01 00:00:00,2026-04-01
M01544,device,D02910,2026-01-01 00:00:00,2026-04-01
M01545,ip,I07547,2026-01-09 00:00:00,2026-04-01
M01545,device,D07253,2026-01-09 00:00:00,2026-04-01
M01546,ip,I07325,2026-01-01 00:00:00,2026-01-23
M01546,device,D02434,2026-01-01 00:00:00,2026-04-01
M01547,ip,I00064,2026-01-01 00:00:00,2026-04-01
M01547,device,D08093,2026-01-01 00:00:00,2026-04-01
M01548,ip,I06010,2026-01-03 00:00:00,2026-04-01
M01548,device,D08826,2026-01-03 00:00:00,2026-04-01
M01549,ip,I02682,2026-01-01 00:00:00,2026-04-01
M01549,device,D06610,2026-01-01 00:00:00,2026-04-01
M01550,ip,I04875,2026-01-01 00:00:00,2026-04-01
M01550,device,D02954,2026-01-01 00:00:00,2026-04-01
M01551,ip,I06111,2026-01-01 00:00:00,2026-02-19
M01551,device,D08051,2026-01-01 00:00:00,2026-04-01
M01552,ip,I06797,2026-01-18 00:00:00,2026-04-01
M01552,device,D06471,2026-01-18 00:00:00,2026-04-01
M01553,ip,I05108,2026-01-01 00:00:00,2026-02-04
M01553,device,D09477,2026-01-01 00:00:00,2026-04-01
M01554,ip,I00860,2026-01-01 00:00:00,2026-04-01
M01554,device,D04006,2026-01-01 00:00:00,2026-02-01
M01554,device,D03912,2026-02-01 00:00:00,2026-04-01
M01555,ip,I07718,2026-01-01 00:00:00,2026-04-01
M01555,device,D01818,2026-01-01 00:00:00,2026-04-01
M01556,ip,I02313,2026-03-12 00:00:00,2026-04-01
M01556,device,D02270,2026-03-12 00:00:00,2026-03-21
M01556,device,D01529,2026-03-21 00:00:00,2026-04-01
M01557,ip,I00621,2026-01-01 00:00:00,2026-04-01
M01557,device,D06138,2026-01-01 00:00:00,2026-01-09
M01557,device,D01544,2026-01-09 00:00:00,2026-04-01
M01558,ip,I00051,2026-01-01 00:00:00,2026-04-01
M01558,device,D03979,2026-01-01 00:00:00,2026-04-01
M01559,ip,I03271,2026-01-01 00:00:00,2026-04-01
M01559,device,D09383,2026-01-01 00:00:00,2026-02-09
M01559,device,D04832,2026-02-09 00:00:00,2026-04-01
M01560,ip,I00628,2026-02-18 00:00:00,2026-04-01
M01560,device,D02587,2026-02-18 00:00:00,2026-02-25
M01560,device,D01590,2026-02-25 00:00:00,2026-04-01
M01561,ip,I03166,2026-03-01 00:00:00,2026-04-01
M01561,device,D07437,2026-03-01 00:00:00,2026-04-01
M01562,ip,I01480,2026-01-01 00:00:00,2026-04-01
M01562,device,D04028,2026-01-01 00:00:00,2026-03-20
M01562,device,D02381,2026-03-20 00:00:00,2026-04-01
M01563,ip,I01684,2026-01-01 00:00:00,2026-04-01
M01563,device,D08021,2026-01-01 00:00:00,2026-04-01
M01564,ip,I06648,2026-03-03 00:00:00,2026-04-01
M01564,device,D05055,2026-03-03 00:00:00,2026-04-01
M01565,ip,I00473,2026-01-01 00:00:00,2026-02-03
M01565,device,D05355,2026-01-01 00:00:00,2026-04-01
M01566,ip,I07154,2026-03-13 00:00:00,2026-04-01
M01566,device,D06404,2026-03-13 00:00:00,2026-04-01
M01567,ip,I09384,2026-03-17 00:00:00,2026-04-01
M01567,device,D02884,2026-03-17 00:00:00,2026-04-01
M01568,ip,I06861,2026-01-01 00:00:00,2026-04-01
M01568,device,D07114,2026-01-01 00:00:00,2026-04-01
M01569,ip,I08885,2026-02-09 00:00:00,2026-04-01
M01569,device,D07785,2026-02-09 00:00:00,2026-02-27
M01569,device,D03232,2026-02-27 00:00:00,2026-04-01
M01570,ip,I05865,2026-01-01 00:00:00,2026-04-01
M01570,device,D09716,2026-01-01 00:00:00,2026-04-01
M01571,ip,I05255,2026-01-01 00:00:00,2026-02-19
M01571,device,D01878,2026-01-01 00:00:00,2026-04-01
M01572,ip,I01871,2026-01-01 00:00:00,2026-04-01
M01572,device,D02125,2026-01-01 00:00:00,2026-04-01
M01573,ip,I00153,2026-01-01 00:00:00,2026-04-01
M01573,device,D06859,2026-01-01 00:00:00,2026-04-01
M01574,ip,I03969,2026-01-01 00:00:00,2026-04-01
M01574,device,D04698,2026-01-01 00:00:00,2026-02-09
M01574,device,D03119,2026-02-09 00:00:00,2026-04-01
M01575,ip,I01835,2026-01-25 00:00:00,2026-04-01
M01575,device,D05707,2026-01-25 00:00:00,2026-03-16
M01575,device,D04298,2026-03-16 00:00:00,2026-04-01
M01576,ip,I07370,2026-01-01 00:00:00,2026-04-01
M01576,device,D00459,2026-01-01 00:00:00,2026-03-03
M01576,device,D01131,2026-03-03 00:00:00,2026-04-01
M01577,ip,I08811,2026-01-01 00:00:00,2026-04-01
M01577,device,D06809,2026-01-01 00:00:00,2026-04-01
M01578,ip,I07894,2026-01-01 00:00:00,2026-01-23
M01578,device,D04966,2026-01-01 00:00:00,2026-04-01
M01579,ip,I08092,2026-01-01 00:00:00,2026-04-01
M01579,device,D07551,2026-01-01 00:00:00,2026-03-26
M01579,device,D07203,2026-03-26 00:00:00,2026-04-01
M01580,ip,I00724,2026-01-01 00:00:00,2026-04-01
M01580,device,D07767,2026-01-01 00:00:00,2026-03-03
M01580,device,D01203,2026-03-03 00:00:00,2026-04-01
M01581,ip,I06083,2026-01-01 00:00:00,2026-04-01
M01581,device,D03628,2026-01-01 00:00:00,2026-04-01
M01582,ip,I03918,2026-01-01 00:00:00,2026-04-01
M01582,device,D08320,2026-01-01 00:00:00,2026-03-18
M01582,device,D00339,2026-03-18 00:00:00,2026-04-01
M01583,ip,I01890,2026-01-01 00:00:00,2026-04-01
M01583,device,D00098,2026-01-01 00:00:00,2026-04-01
M01584,ip,I06679,2026-02-01 00:00:00,2026-04-01
M01584,device,D03325,2026-02-01 00:00:00,2026-03-18
M01584,device,D09160,2026-03-18 00:00:00,2026-04-01
M01585,ip,I08822,2026-01-01 00:00:00,2026-04-01
M01585,device,D05988,2026-01-01 00:00:00,2026-04-01
M01586,ip,I06096,2026-02-21 00:00:00,2026-04-01
M01586,device,D02313,2026-02-21 00:00:00,2026-04-01
M01587,ip,I00686,2026-01-01 00:00:00,2026-04-01
M01587,device,D02357,2026-01-01 00:00:00,2026-04-01
M01588,ip,I05249,2026-03-14 00:00:00,2026-04-01
M01588,device,D07105,2026-03-14 00:00:00,2026-04-01
M01589,ip,I00991,2026-02-18 00:00:00,2026-01-26
M01589,device,D00663,2026-02-18 00:00:00,2026-04-01
M01590,ip,I06655,2026-01-01 00:00:00,2026-04-01
M01590,device,D00091,2026-01-01 00:00:00,2026-02-15
M01590,device,D08493,2026-02-15 00:00:00,2026-04-01
M01591,ip,I08706,2026-01-01 00:00:00,2026-04-01
M01591,device,D02808,2026-01-01 00:00:00,2026-04-01
M01592,ip,I05993,2026-03-25 00:00:00,2026-04-01
M01592,device,D08796,2026-03-25 00:00:00,2026-04-01
M01593,ip,I09444,2026-01-01 00:00:00,2026-04-01
M01593,device,D00661,2026-01-01 00:00:00,2026-04-01
M01594,ip,I02799,2026-01-01 00:00:00,2026-04-01
M01594,device,D03921,2026-01-01 00:00:00,2026-03-23
M01594,device,D00800,2026-03-23 00:00:00,2026-04-01
M01595,ip,I06266,2026-01-01 00:00:00,2026-02-08
M01595,device,D08768,2026-01-01 00:00:00,2026-04-01
M01596,ip,I01569,2026-01-31 00:00:00,2026-04-01
M01596,device,D08624,2026-01-31 00:00:00,2026-04-01
M01597,ip,I06407,2026-01-01 00:00:00,2026-04-01
M01597,device,D08341,2026-01-01 00:00:00,2026-02-28
M01597,device,D00895,2026-02-28 00:00:00,2026-04-01
M01598,ip,I05104,2026-01-01 00:00:00,2026-04-01
M01598,device,D06711,2026-01-01 00:00:00,2026-03-19
M01598,device,D09087,2026-03-19 00:00:00,2026-04-01
M01599,ip,I00829,2026-02-12 00:00:00,2026-04-01
M01599,device,D00950,2026-02-12 00:00:00,2026-04-01
M01600,ip,I07199,2026-01-01 00:00:00,2026-04-01
M01600,device,D01349,2026-01-01 00:00:00,2026-01-09
M01600,device,D06394,2026-01-09 00:00:00,2026-04-01
M01601,ip,I03268,2026-01-01 00:00:00,2026-04-01
M01601,device,D02146,2026-01-01 00:00:00,2026-04-01
M01602,ip,I06679,2026-01-01 00:00:00,2026-04-01
M01602,device,D05075,2026-01-01 00:00:00,2026-04-01
M01603,ip,I04872,2026-01-01 00:00:00,2026-04-01
M01603,device,D07110,2026-01-01 00:00:00,2026-04-01
M01604,ip,I02785,2026-03-10 00:00:00,2026-04-01
M01604,device,D06453,2026-03-10 00:00:00,2026-04-01
M01605,ip,I03676,2026-01-01 00:00:00,2026-04-01
M01605,device,D03359,2026-01-01 00:00:00,2026-04-01
M01606,ip,I05560,2026-01-01 00:00:00,2026-04-01
M01606,device,D08971,2026-01-01 00:00:00,2026-03-22
M01606,device,D04791,2026-03-22 00:00:00,2026-04-01
M01607,ip,I01038,2026-01-01 00:00:00,2026-04-01
M01607,device,D06678,2026-01-01 00:00:00,2026-04-01
M01608,ip,I04288,2026-01-01 00:00:00,2026-04-01
M01608,device,D07186,2026-01-01 00:00:00,2026-04-01
M01609,ip,I02281,2026-01-01 00:00:00,2026-04-01
M01609,device,D07099,2026-01-01 00:00:00,2026-04-01
M01610,ip,I07989,2026-01-01 00:00:00,2026-04-01
M01610,device,D04970,2026-01-01 00:00:00,2026-02-11
M01610,device,D08323,2026-02-11 00:00:00,2026-04-01
M01611,ip,I05369,2026-02-03 00:00:00,2026-04-01
M01611,device,D05326,2026-02-03 00:00:00,2026-04-01
M01612,ip,I05958,2026-01-01 00:00:00,2026-04-01
M01612,device,D04700,2026-01-01 00:00:00,2026-02-15
M01612,device,D01734,2026-02-15 00:00:00,2026-04-01
M01613,ip,I01801,2026-03-14 00:00:00,2026-04-01
M01613,device,D02541,2026-03-14 00:00:00,2026-04-01
M01614,ip,I01599,2026-03-21 00:00:00,2026-04-01
M01614,device,D03607,2026-03-21 00:00:00,2026-04-01
M01615,ip,I07934,2026-03-05 00:00:00,2026-04-01
M01615,device,D07532,2026-03-05 00:00:00,2026-03-24
M01615,device,D03082,2026-03-24 00:00:00,2026-04-01
M01616,ip,I07022,2026-03-07 00:00:00,2026-04-01
M01616,device,D06543,2026-03-07 00:00:00,2026-03-22
M01616,device,D04442,2026-03-22 00:00:00,2026-04-01
M01617,ip,I04907,2026-01-01 00:00:00,2026-04-01
M01617,device,D01493,2026-01-01 00:00:00,2026-04-01
M01618,ip,I06625,2026-03-03 00:00:00,2026-04-01
M01618,device,D00884,2026-03-03 00:00:00,2026-04-01
M01619,ip,I01105,2026-01-01 00:00:00,2026-04-01
M01619,device,D08615,2026-01-01 00:00:00,2026-04-01
M01620,ip,I09225,2026-01-01 00:00:00,2026-04-01
M01620,device,D04715,2026-01-01 00:00:00,2026-01-06
M01620,device,D02448,2026-01-06 00:00:00,2026-04-01
M01621,ip,I06913,2026-01-01 00:00:00,2026-04-01
M01621,device,D01669,2026-01-01 00:00:00,2026-01-31
M01621,device,D07014,2026-01-31 00:00:00,2026-04-01
M01622,ip,I07630,2026-01-01 00:00:00,2026-04-01
M01622,device,D05585,2026-01-01 00:00:00,2026-04-01
M01623,ip,I00286,2026-01-01 00:00:00,2026-04-01
M01623,device,D02664,2026-01-01 00:00:00,2026-04-01
M01624,ip,I09476,2026-01-01 00:00:00,2026-04-01
M01624,device,D04433,2026-01-01 00:00:00,2026-04-01
M01625,ip,I09119,2026-01-01 00:00:00,2026-04-01
M01625,device,D05705,2026-01-01 00:00:00,2026-02-02
M01625,device,D02668,2026-02-02 00:00:00,2026-04-01
M01626,ip,I03581,2026-01-01 00:00:00,2026-01-28
M01626,device,D08375,2026-01-01 00:00:00,2026-04-01
M01627,ip,I03370,2026-01-01 00:00:00,2026-04-01
M01627,device,D03519,2026-01-01 00:00:00,2026-03-20
M01627,device,D09218,2026-03-20 00:00:00,2026-04-01
M01628,ip,I00983,2026-03-26 00:00:00,2026-04-01
M01628,device,D00086,2026-03-26 00:00:00,2026-04-01
M01629,ip,I06433,2026-02-28 00:00:00,2026-04-01
M01629,device,D04084,2026-02-28 00:00:00,2026-03-11
M01629,device,D02247,2026-03-11 00:00:00,2026-04-01
M01630,ip,I02247,2026-01-01 00:00:00,2026-04-01
M01630,device,D01185,2026-01-01 00:00:00,2026-02-17
M01630,device,D04596,2026-02-17 00:00:00,2026-04-01
M01631,ip,I07389,2026-01-01 00:00:00,2026-04-01
M01631,device,D00013,2026-01-01 00:00:00,2026-04-01
M01632,ip,I03004,2026-01-01 00:00:00,2026-04-01
M01632,device,D00166,2026-01-01 00:00:00,2026-02-17
M01632,device,D00735,2026-02-17 00:00:00,2026-04-01
M01633,ip,I08838,2026-01-01 00:00:00,2026-04-01
M01633,device,D08129,2026-01-01 00:00:00,2026-04-01
M01634,ip,I06821,2026-01-01 00:00:00,2026-04-01
M01634,device,D04733,2026-01-01 00:00:00,2026-04-01
M01635,ip,I04755,2026-01-01 00:00:00,2026-02-01
M01635,device,D02363,2026-01-01 00:00:00,2026-04-01
M01636,ip,I02372,2026-01-01 00:00:00,2026-04-01
M01636,device,D05790,2026-01-01 00:00:00,2026-04-01
M01637,ip,I05932,2026-01-01 00:00:00,2026-04-01
M01637,device,D09516,2026-01-01 00:00:00,2026-01-17
M01637,device,D02958,2026-01-17 00:00:00,2026-04-01
M01638,ip,I00143,2026-01-01 00:00:00,2026-04-01
M01638,device,D06637,2026-01-01 00:00:00,2026-04-01
M01639,ip,I03192,2026-01-09 00:00:00,2026-04-01
M01639,device,D06342,2026-01-09 00:00:00,2026-03-23
M01639,device,D07036,2026-03-23 00:00:00,2026-04-01
M01640,ip,I00555,2026-01-01 00:00:00,2026-04-01
M01640,device,D08436,2026-01-01 00:00:00,2026-01-29
M01640,device,D04067,2026-01-29 00:00:00,2026-04-01
M01641,ip,I06956,2026-01-01 00:00:00,2026-04-01
M01641,device,D06214,2026-01-01 00:00:00,2026-04-01
M01642,ip,I00058,2026-02-27 00:00:00,2026-04-01
M01642,device,D05289,2026-02-27 00:00:00,2026-04-01
M01643,ip,I08557,2026-01-01 00:00:00,2026-04-01
M01643,device,D05764,2026-01-01 00:00:00,2026-04-01
M01644,ip,I09210,2026-01-01 00:00:00,2026-04-01
M01644,device,D02935,2026-01-01 00:00:00,2026-03-26
M01644,device,D07238,2026-03-26 00:00:00,2026-04-01
M01645,ip,I09970,2026-01-01 00:00:00,2026-02-15
M01645,device,D08569,2026-01-01 00:00:00,2026-04-01
M01646,ip,I01803,2026-01-01 00:00:00,2026-04-01
M01646,device,D02220,2026-01-01 00:00:00,2026-04-01
M01647,ip,I09354,2026-01-01 00:00:00,2026-04-01
M01647,device,D00263,2026-01-01 00:00:00,2026-01-22
M01647,device,D02272,2026-01-22 00:00:00,2026-04-01
M01648,ip,I01490,2026-01-01 00:00:00,2026-04-01
M01648,device,D09522,2026-01-01 00:00:00,2026-04-01
M01649,ip,I03553,2026-01-01 00:00:00,2026-04-01
M01649,device,D00131,2026-01-01 00:00:00,2026-04-01
M01650,ip,I05425,2026-01-01 00:00:00,2026-04-01
M01650,device,D02508,2026-01-01 00:00:00,2026-04-01
M01651,ip,I00135,2026-03-08 00:00:00,2026-04-01
M01651,device,D09218,2026-03-08 00:00:00,2026-04-01
M01652,ip,I05773,2026-01-13 00:00:00,2026-04-01
M01652,device,D06904,2026-01-13 00:00:00,2026-04-01
M01653,ip,I07570,2026-01-01 00:00:00,2026-04-01
M01653,device,D00372,2026-01-01 00:00:00,2026-04-01
M01654,ip,I00934,2026-01-01 00:00:00,2026-04-01
M01654,device,D05541,2026-01-01 00:00:00,2026-04-01
M01655,ip,I09091,2026-03-22 00:00:00,2026-04-01
M01655,device,D01647,2026-03-22 00:00:00,2026-04-01
M01656,ip,I00966,2026-01-01 00:00:00,2026-02-04
M01656,device,D07129,2026-01-01 00:00:00,2026-02-04
M01656,device,D03381,2026-03-10 00:00:00,2026-02-04
M01657,ip,I06325,2026-01-01 00:00:00,2026-04-01
M01657,device,D00466,2026-01-01 00:00:00,2026-04-01
M01658,ip,I08405,2026-01-01 00:00:00,2026-04-01
M01658,device,D09329,2026-01-01 00:00:00,2026-04-01
M01659,ip,I01942,2026-01-01 00:00:00,2026-04-01
M01659,device,D08199,2026-01-01 00:00:00,2026-04-01
M01660,ip,I05881,2026-01-01 00:00:00,2026-02-06
M01660,device,D01640,2026-01-01 00:00:00,2026-04-01
M01661,ip,I06797,2026-01-01 00:00:00,2026-02-12
M01661,device,D08200,2026-01-01 00:00:00,2026-02-12
M01662,ip,I08775,2026-02-04 00:00:00,2026-04-01
M01662,device,D05630,2026-02-04 00:00:00,2026-04-01
M01663,ip,I08048,2026-01-01 00:00:00,2026-04-01
M01663,device,D00779,2026-01-01 00:00:00,2026-04-01
M01664,ip,I01964,2026-01-01 00:00:00,2026-04-01
M01664,device,D00298,2026-01-01 00:00:00,2026-04-01
M01665,ip,I00690,2026-01-01 00:00:00,2026-04-01
M01665,device,D03353,2026-01-01 00:00:00,2026-04-01
M01666,ip,I00530,2026-01-01 00:00:00,2026-04-01
M01666,device,D00101,2026-01-01 00:00:00,2026-04-01
M01667,ip,I06860,2026-01-01 00:00:00,2026-04-01
M01667,device,D09497,2026-01-01 00:00:00,2026-02-08
M01667,device,D00670,2026-02-08 00:00:00,2026-04-01
M01668,ip,I03019,2026-01-01 00:00:00,2026-04-01
M01668,device,D03849,2026-01-01 00:00:00,2026-04-01
M01669,ip,I04443,2026-01-01 00:00:00,2026-04-01
M01669,device,D00117,2026-01-01 00:00:00,2026-04-01
M01670,ip,I08980,2026-01-01 00:00:00,2026-04-01
M01670,device,D01352,2026-01-01 00:00:00,2026-01-14
M01670,device,D09416,2026-01-14 00:00:00,2026-04-01
M01671,ip,I04630,2026-02-20 00:00:00,2026-04-01
M01671,device,D01653,2026-02-20 00:00:00,2026-04-01
M01672,ip,I06418,2026-01-01 00:00:00,2026-04-01
M01672,device,D07416,2026-01-01 00:00:00,2026-04-01
M01673,ip,I07861,2026-01-01 00:00:00,2026-04-01
M01673,device,D06307,2026-01-01 00:00:00,2026-04-01
M01674,ip,I05566,2026-01-01 00:00:00,2026-04-01
M01674,device,D08119,2026-01-01 00:00:00,2026-04-01
M01675,ip,I02401,2026-01-01 00:00:00,2026-04-01
M01675,device,D02683,2026-01-01 00:00:00,2026-03-03
M01675,device,D02400,2026-03-03 00:00:00,2026-04-01
M01676,ip,I09265,2026-01-11 00:00:00,2026-04-01
M01676,device,D09954,2026-01-11 00:00:00,2026-04-01
M01677,ip,I08554,2026-01-27 00:00:00,2026-04-01
M01677,device,D02183,2026-01-27 00:00:00,2026-02-07
M01677,device,D06406,2026-02-07 00:00:00,2026-04-01
M01678,ip,I06832,2026-03-13 00:00:00,2026-04-01
M01678,device,D00357,2026-03-13 00:00:00,2026-03-18
M01678,device,D08283,2026-03-18 00:00:00,2026-04-01
M01679,ip,I04003,2026-03-19 00:00:00,2026-04-01
M01679,device,D04129,2026-03-19 00:00:00,2026-04-01
M01680,ip,I00054,2026-02-16 00:00:00,2026-04-01
M01680,device,D07564,2026-02-16 00:00:00,2026-03-11
M01680,device,D03156,2026-03-11 00:00:00,2026-04-01
M01681,ip,I05436,2026-02-03 00:00:00,2026-04-01
M01681,device,D01167,2026-02-03 00:00:00,2026-02-10
M01681,device,D00143,2026-02-10 00:00:00,2026-04-01
M01682,ip,I04855,2026-01-01 00:00:00,2026-02-04
M01682,device,D07452,2026-01-01 00:00:00,2026-04-01
M01683,ip,I04999,2026-01-01 00:00:00,2026-04-01
M01683,device,D00356,2026-01-01 00:00:00,2026-04-01
M01684,ip,I06218,2026-03-19 00:00:00,2026-04-01
M01684,device,D09021,2026-03-19 00:00:00,2026-04-01
M01685,ip,I05870,2026-01-01 00:00:00,2026-04-01
M01685,device,D09307,2026-01-01 00:00:00,2026-04-01
M01686,ip,I07150,2026-01-01 00:00:00,2026-04-01
M01686,device,D06233,2026-01-01 00:00:00,2026-04-01
M01687,ip,I01601,2026-01-01 00:00:00,2026-01-23
M01687,device,D04408,2026-01-01 00:00:00,2026-03-09
M01687,device,D06649,2026-03-09 00:00:00,2026-04-01
M01688,ip,I06100,2026-01-01 00:00:00,2026-04-01
M01688,device,D03647,2026-01-01 00:00:00,2026-03-10
M01688,device,D01213,2026-03-10 00:00:00,2026-04-01
M01689,ip,I09017,2026-01-01 00:00:00,2026-04-01
M01689,device,D03761,2026-01-01 00:00:00,2026-04-01
M01690,ip,I04148,2026-01-01 00:00:00,2026-04-01
M01690,device,D06056,2026-01-01 00:00:00,2026-04-01
M01691,ip,I08991,2026-01-01 00:00:00,2026-04-01
M01691,device,D03291,2026-01-01 00:00:00,2026-04-01
M01692,ip,I05840,2026-01-01 00:00:00,2026-04-01
M01692,device,D07482,2026-01-01 00:00:00,2026-01-26
M01692,device,D09834,2026-01-26 00:00:00,2026-04-01
M01693,ip,I08508,2026-03-10 00:00:00,2026-04-01
M01693,device,D00182,2026-03-10 00:00:00,2026-04-01
M01694,ip,I03983,2026-01-01 00:00:00,2026-04-01
M01694,device,D07245,2026-01-01 00:00:00,2026-01-10
M01694,device,D03698,2026-01-10 00:00:00,2026-04-01
M01695,ip,I01701,2026-01-01 00:00:00,2026-04-01
M01695,device,D01576,2026-01-01 00:00:00,2026-02-17
M01695,device,D07858,2026-02-17 00:00:00,2026-04-01
M01696,ip,I03439,2026-01-29 00:00:00,2026-04-01
M01696,device,D06483,2026-01-29 00:00:00,2026-04-01
M01697,ip,I09863,2026-01-01 00:00:00,2026-04-01
M01697,device,D01097,2026-01-01 00:00:00,2026-03-07
M01697,device,D02288,2026-03-07 00:00:00,2026-04-01
M01698,ip,I03646,2026-01-01 00:00:00,2026-04-01
M01698,device,D07298,2026-01-01 00:00:00,2026-03-01
M01698,device,D09754,2026-03-01 00:00:00,2026-04-01
M01699,ip,I04340,2026-02-22 00:00:00,2026-04-01
M01699,device,D01114,2026-02-22 00:00:00,2026-03-25
M01699,device,D04369,2026-03-25 00:00:00,2026-04-01
M01700,ip,I09063,2026-01-01 00:00:00,2026-04-01
M01700,device,D06827,2026-01-01 00:00:00,2026-01-21
M01700,device,D03519,2026-01-21 00:00:00,2026-04-01
M01701,ip,I01955,2026-01-01 00:00:00,2026-04-01
M01701,device,D06934,2026-01-01 00:00:00,2026-04-01
M01702,ip,I09313,2026-01-01 00:00:00,2026-02-02
M01702,device,D02485,2026-01-01 00:00:00,2026-04-01
M01703,ip,I07508,2026-01-01 00:00:00,2026-04-01
M01703,device,D02060,2026-01-01 00:00:00,2026-04-01
M01704,ip,I08733,2026-01-01 00:00:00,2026-04-01
M01704,device,D01205,2026-01-01 00:00:00,2026-04-01
M01705,ip,I05999,2026-01-21 00:00:00,2026-04-01
M01705,device,D00334,2026-01-21 00:00:00,2026-04-01
M01706,ip,I07737,2026-01-01 00:00:00,2026-04-01
M01706,device,D09639,2026-01-01 00:00:00,2026-04-01
M01707,ip,I01190,2026-03-11 00:00:00,2026-04-01
M01707,device,D01416,2026-03-11 00:00:00,2026-04-01
M01708,ip,I02609,2026-01-01 00:00:00,2026-02-08
M01708,device,D02948,2026-01-01 00:00:00,2026-02-05
M01708,device,D03277,2026-02-05 00:00:00,2026-04-01
M01709,ip,I03161,2026-01-01 00:00:00,2026-04-01
M01709,device,D04011,2026-01-01 00:00:00,2026-04-01
M01710,ip,I05736,2026-01-01 00:00:00,2026-04-01
M01710,device,D09169,2026-01-01 00:00:00,2026-04-01
M01711,ip,I08287,2026-01-01 00:00:00,2026-04-01
M01711,device,D05823,2026-01-01 00:00:00,2026-04-01
M01712,ip,I02135,2026-01-04 00:00:00,2026-04-01
M01712,device,D04049,2026-01-04 00:00:00,2026-04-01
M01713,ip,I07876,2026-01-01 00:00:00,2026-04-01
M01713,device,D01706,2026-01-01 00:00:00,2026-04-01
M01714,ip,I03950,2026-03-26 00:00:00,2026-04-01
M01714,device,D07205,2026-03-26 00:00:00,2026-04-01
M01715,ip,I00360,2026-01-01 00:00:00,2026-04-01
M01715,device,D00682,2026-01-01 00:00:00,2026-04-01
M01716,ip,I07820,2026-01-01 00:00:00,2026-04-01
M01716,device,D01621,2026-01-01 00:00:00,2026-04-01
M01717,ip,I00110,2026-01-01 00:00:00,2026-04-01
M01717,device,D04797,2026-01-01 00:00:00,2026-02-02
M01717,device,D00500,2026-02-02 00:00:00,2026-04-01
M01718,ip,I01572,2026-01-01 00:00:00,2026-04-01
M01718,device,D00543,2026-01-01 00:00:00,2026-03-08
M01718,device,D05699,2026-03-08 00:00:00,2026-04-01
M01719,ip,I04841,2026-01-01 00:00:00,2026-01-28
M01719,device,D01114,2026-01-01 00:00:00,2026-04-01
M01720,ip,I09704,2026-01-01 00:00:00,2026-04-01
M01720,device,D08087,2026-01-01 00:00:00,2026-04-01
M01721,ip,I05472,2026-01-25 00:00:00,2026-04-01
M01721,device,D01661,2026-01-25 00:00:00,2026-04-01
M01722,ip,I01674,2026-03-13 00:00:00,2026-04-01
M01722,device,D07295,2026-03-13 00:00:00,2026-03-19
M01722,device,D02208,2026-03-19 00:00:00,2026-04-01
M01723,ip,I01092,2026-01-30 00:00:00,2026-04-01
M01723,device,D02082,2026-01-30 00:00:00,2026-03-06
M01723,device,D06910,2026-03-06 00:00:00,2026-04-01
M01724,ip,I01494,2026-01-01 00:00:00,2026-01-31
M01724,device,D05556,2026-01-01 00:00:00,2026-01-31
M01724,device,D01476,2026-03-16 00:00:00,2026-01-31
M01725,ip,I07057,2026-01-01 00:00:00,2026-04-01
M01725,device,D03465,2026-01-01 00:00:00,2026-04-01
M01726,ip,I04171,2026-01-01 00:00:00,2026-04-01
M01726,device,D04492,2026-01-01 00:00:00,2026-01-07
M01726,device,D02649,2026-01-07 00:00:00,2026-04-01
M01727,ip,I08173,2026-01-01 00:00:00,2026-04-01
M01727,device,D09718,2026-01-01 00:00:00,2026-02-13
M01727,device,D08151,2026-02-13 00:00:00,2026-04-01
M01728,ip,I03435,2026-01-01 00:00:00,2026-04-01
M01728,device,D08817,2026-01-01 00:00:00,2026-02-15
M01728,device,D08583,2026-02-15 00:00:00,2026-04-01
M01729,ip,I05464,2026-01-01 00:00:00,2026-04-01
M01729,device,D04376,2026-01-01 00:00:00,2026-04-01
M01730,ip,I05288,2026-01-01 00:00:00,2026-02-20
M01730,device,D07701,2026-01-01 00:00:00,2026-02-20
M01731,ip,I08103,2026-01-01 00:00:00,2026-04-01
M01731,device,D07689,2026-01-01 00:00:00,2026-04-01
M01732,ip,I08886,2026-01-01 00:00:00,2026-04-01
M01732,device,D07008,2026-01-01 00:00:00,2026-04-01
M01733,ip,I04572,2026-01-01 00:00:00,2026-04-01
M01733,device,D04062,2026-01-01 00:00:00,2026-02-24
M01733,device,D06029,2026-02-24 00:00:00,2026-04-01
M01734,ip,I09825,2026-01-01 00:00:00,2026-04-01
M01734,device,D06395,2026-01-01 00:00:00,2026-03-22
M01734,device,D01024,2026-03-22 00:00:00,2026-04-01
M01735,ip,I05586,2026-01-01 00:00:00,2026-04-01
M01735,device,D06205,2026-01-01 00:00:00,2026-04-01
M01736,ip,I07705,2026-01-01 00:00:00,2026-04-01
M01736,device,D08440,2026-01-01 00:00:00,2026-02-21
M01736,device,D07809,2026-02-21 00:00:00,2026-04-01
M01737,ip,I06807,2026-01-09 00:00:00,2026-04-01
M01737,device,D08963,2026-01-09 00:00:00,2026-04-01
M01738,ip,I00931,2026-01-01 00:00:00,2026-04-01
M01738,device,D04893,2026-01-01 00:00:00,2026-04-01
M01739,ip,I05875,2026-03-08 00:00:00,2026-04-01
M01739,device,D06586,2026-03-08 00:00:00,2026-04-01
M01740,ip,I01893,2026-01-01 00:00:00,2026-04-01
M01740,device,D05756,2026-01-01 00:00:00,2026-04-01
M01741,ip,I06180,2026-01-01 00:00:00,2026-04-01
M01741,device,D00068,2026-01-01 00:00:00,2026-01-20
M01741,device,D02494,2026-01-20 00:00:00,2026-04-01
M01742,ip,I08581,2026-01-01 00:00:00,2026-04-01
M01742,device,D02358,2026-01-01 00:00:00,2026-04-01
M01743,ip,I04646,2026-01-01 00:00:00,2026-04-01
M01743,device,D05946,2026-01-01 00:00:00,2026-04-01
M01744,ip,I05149,2026-01-01 00:00:00,2026-04-01
M01744,device,D05815,2026-01-01 00:00:00,2026-02-15
M01744,device,D08335,2026-02-15 00:00:00,2026-04-01
M01745,ip,I01980,2026-02-01 00:00:00,2026-04-01
M01745,device,D03317,2026-02-01 00:00:00,2026-04-01
M01746,ip,I00133,2026-01-01 00:00:00,2026-04-01
M01746,device,D03818,2026-01-01 00:00:00,2026-04-01
M01747,ip,I06633,2026-01-01 00:00:00,2026-04-01
M01747,device,D09987,2026-01-01 00:00:00,2026-04-01
M01748,ip,I07151,2026-01-01 00:00:00,2026-04-01
M01748,device,D00380,2026-01-01 00:00:00,2026-04-01
M01749,ip,I09870,2026-02-19 00:00:00,2026-04-01
M01749,device,D06209,2026-02-19 00:00:00,2026-03-03
M01749,device,D03388,2026-03-03 00:00:00,2026-04-01
M01750,ip,I05898,2026-01-01 00:00:00,2026-02-03
M01750,device,D03622,2026-01-01 00:00:00,2026-04-01
M01751,ip,I07708,2026-01-01 00:00:00,2026-02-28
M01751,device,D03409,2026-01-01 00:00:00,2026-04-01
M01752,ip,I03036,2026-01-01 00:00:00,2026-04-01
M01752,device,D01267,2026-01-01 00:00:00,2026-02-10
M01752,device,D02378,2026-02-10 00:00:00,2026-04-01
M01753,ip,I08411,2026-01-01 00:00:00,2026-04-01
M01753,device,D04325,2026-01-01 00:00:00,2026-02-21
M01753,device,D02237,2026-02-21 00:00:00,2026-04-01
M01754,ip,I03287,2026-01-21 00:00:00,2026-04-01
M01754,device,D08417,2026-01-21 00:00:00,2026-04-01
M01755,ip,I05717,2026-01-01 00:00:00,2026-04-01
M01755,device,D07701,2026-01-01 00:00:00,2026-04-01
M01756,ip,I01606,2026-01-01 00:00:00,2026-04-01
M01756,device,D00388,2026-01-01 00:00:00,2026-03-02
M01756,device,D08470,2026-03-02 00:00:00,2026-04-01
M01757,ip,I05369,2026-01-01 00:00:00,2026-04-01
M01757,device,D06066,2026-01-01 00:00:00,2026-04-01
M01758,ip,I05772,2026-01-01 00:00:00,2026-04-01
M01758,device,D07017,2026-01-01 00:00:00,2026-04-01
M01759,ip,I03388,2026-01-22 00:00:00,2026-04-01
M01759,device,D04596,2026-01-22 00:00:00,2026-04-01
M01760,ip,I04454,2026-03-11 00:00:00,2026-04-01
M01760,device,D01357,2026-03-11 00:00:00,2026-04-01
M01761,ip,I04691,2026-01-01 00:00:00,2026-04-01
M01761,device,D02303,2026-01-01 00:00:00,2026-04-01
M01762,ip,I03762,2026-01-01 00:00:00,2026-04-01
M01762,device,D02501,2026-01-01 00:00:00,2026-04-01
M01763,ip,I05490,2026-01-01 00:00:00,2026-04-01
M01763,device,D08221,2026-01-01 00:00:00,2026-04-01
M01764,ip,I08884,2026-01-01 00:00:00,2026-04-01
M01764,device,D09743,2026-01-01 00:00:00,2026-04-01
M01765,ip,I04945,2026-01-01 00:00:00,2026-04-01
M01765,device,D00433,2026-01-01 00:00:00,2026-04-01
M01766,ip,I09337,2026-01-01 00:00:00,2026-04-01
M01766,device,D07728,2026-01-01 00:00:00,2026-01-18
M01766,device,D06079,2026-01-18 00:00:00,2026-04-01
M01767,ip,I04374,2026-01-01 00:00:00,2026-02-12
M01767,device,D04748,2026-01-01 00:00:00,2026-02-12
M01767,device,D09170,2026-03-05 00:00:00,2026-02-12
M01768,ip,I03737,2026-01-01 00:00:00,2026-04-01
M01768,device,D07521,2026-01-01 00:00:00,2026-02-21
M01768,device,D01897,2026-02-21 00:00:00,2026-04-01
M01769,ip,I07312,2026-01-01 00:00:00,2026-02-16
M01769,device,D03214,2026-01-01 00:00:00,2026-04-01
M01770,ip,I02296,2026-01-01 00:00:00,2026-04-01
M01770,device,D03956,2026-01-01 00:00:00,2026-04-01
M01771,ip,I03483,2026-01-01 00:00:00,2026-03-05
M01771,device,D04819,2026-01-01 00:00:00,2026-02-18
M01771,device,D08628,2026-02-18 00:00:00,2026-04-01
M01772,ip,I04391,2026-01-01 00:00:00,2026-01-28
M01772,device,D09730,2026-01-01 00:00:00,2026-04-01
M01773,ip,I08460,2026-03-06 00:00:00,2026-04-01
M01773,device,D08375,2026-03-06 00:00:00,2026-04-01
M01774,ip,I00556,2026-01-01 00:00:00,2026-04-01
M01774,device,D01082,2026-01-01 00:00:00,2026-04-01
M01775,ip,I01825,2026-01-01 00:00:00,2026-04-01
M01775,device,D05415,2026-01-01 00:00:00,2026-04-01
M01776,ip,I04686,2026-02-03 00:00:00,2026-04-01
M01776,device,D08881,2026-02-03 00:00:00,2026-02-09
M01776,device,D00748,2026-02-09 00:00:00,2026-04-01
M01777,ip,I00508,2026-01-01 00:00:00,2026-04-01
M01777,device,D00128,2026-01-01 00:00:00,2026-04-01
M01778,ip,I04150,2026-01-01 00:00:00,2026-04-01
M01778,device,D00812,2026-01-01 00:00:00,2026-02-27
M01778,device,D06752,2026-02-27 00:00:00,2026-04-01
M01779,ip,I01189,2026-03-04 00:00:00,2026-04-01
M01779,device,D04394,2026-03-04 00:00:00,2026-04-01
M01780,ip,I06616,2026-01-01 00:00:00,2026-04-01
M01780,device,D04355,2026-01-01 00:00:00,2026-03-13
M01780,device,D04664,2026-03-13 00:00:00,2026-04-01
M01781,ip,I01204,2026-01-01 00:00:00,2026-04-01
M01781,device,D00223,2026-01-01 00:00:00,2026-04-01
M01782,ip,I03621,2026-01-01 00:00:00,2026-04-01
M01782,device,D05486,2026-01-01 00:00:00,2026-02-13
M01782,device,D04026,2026-02-13 00:00:00,2026-04-01
M01783,ip,I00713,2026-01-01 00:00:00,2026-04-01
M01783,device,D03550,2026-01-01 00:00:00,2026-03-01
M01783,device,D02642,2026-03-01 00:00:00,2026-04-01
M01784,ip,I06695,2026-01-01 00:00:00,2026-04-01
M01784,device,D09180,2026-01-01 00:00:00,2026-04-01
M01785,ip,I02950,2026-01-01 00:00:00,2026-04-01
M01785,device,D06394,2026-01-01 00:00:00,2026-04-01
M01786,ip,I02099,2026-01-01 00:00:00,2026-04-01
M01786,device,D03891,2026-01-01 00:00:00,2026-01-07
M01786,device,D01107,2026-01-07 00:00:00,2026-04-01
M01787,ip,I08363,2026-01-01 00:00:00,2026-04-01
M01787,device,D03486,2026-01-01 00:00:00,2026-01-17
M01787,device,D06330,2026-01-17 00:00:00,2026-04-01
M01788,ip,I02628,2026-01-01 00:00:00,2026-04-01
M01788,device,D05812,2026-01-01 00:00:00,2026-04-01
M01789,ip,I06970,2026-01-08 00:00:00,2026-04-01
M01789,device,D06160,2026-01-08 00:00:00,2026-04-01
M01790,ip,I08406,2026-01-01 00:00:00,2026-04-01
M01790,device,D03997,2026-01-01 00:00:00,2026-02-17
M01790,device,D06926,2026-02-17 00:00:00,2026-04-01
M01791,ip,I07925,2026-01-01 00:00:00,2026-04-01
M01791,device,D04809,2026-01-01 00:00:00,2026-04-01
M01792,ip,I08660,2026-01-01 00:00:00,2026-04-01
M01792,device,D06444,2026-01-01 00:00:00,2026-04-01
M01793,ip,I00518,2026-01-01 00:00:00,2026-04-01
M01793,device,D02224,2026-01-01 00:00:00,2026-04-01
M01794,ip,I07040,2026-01-01 00:00:00,2026-04-01
M01794,device,D03047,2026-01-01 00:00:00,2026-04-01
M01795,ip,I02635,2026-01-01 00:00:00,2026-04-01
M01795,device,D09852,2026-01-01 00:00:00,2026-04-01
M01796,ip,I06891,2026-01-01 00:00:00,2026-02-28
M01796,device,D02534,2026-01-01 00:00:00,2026-04-01
M01797,ip,I06934,2026-01-01 00:00:00,2026-04-01
M01797,device,D09718,2026-01-01 00:00:00,2026-02-03
M01797,device,D07394,2026-02-03 00:00:00,2026-04-01
M01798,ip,I03634,2026-01-01 00:00:00,2026-02-15
M01798,device,D01399,2026-01-01 00:00:00,2026-03-12
M01798,device,D07133,2026-03-12 00:00:00,2026-04-01
M01799,ip,I06380,2026-03-22 00:00:00,2026-04-01
M01799,device,D09848,2026-03-22 00:00:00,2026-04-01
M01800,ip,I09876,2026-01-01 00:00:00,2026-04-01
M01800,device,D07933,2026-01-01 00:00:00,2026-04-01
M01801,ip,I06712,2026-01-01 00:00:00,2026-04-01
M01801,device,D09659,2026-01-01 00:00:00,2026-04-01
M01802,ip,I01165,2026-01-01 00:00:00,2026-04-01
M01802,device,D02937,2026-01-01 00:00:00,2026-04-01
M01803,ip,I05320,2026-01-01 00:00:00,2026-04-01
M01803,device,D08984,2026-01-01 00:00:00,2026-01-28
M01803,device,D07968,2026-01-28 00:00:00,2026-04-01
M01804,ip,I06982,2026-01-01 00:00:00,2026-04-01
M01804,device,D07105,2026-01-01 00:00:00,2026-04-01
M01805,ip,I04926,2026-01-01 00:00:00,2026-04-01
M01805,device,D01098,2026-01-01 00:00:00,2026-04-01
M01806,ip,I04815,2026-01-20 00:00:00,2026-04-01
M01806,device,D05743,2026-01-20 00:00:00,2026-04-01
M01807,ip,I05079,2026-01-01 00:00:00,2026-04-01
M01807,device,D02101,2026-01-01 00:00:00,2026-03-04
M01807,device,D06861,2026-03-04 00:00:00,2026-04-01
M01808,ip,I03094,2026-03-24 00:00:00,2026-04-01
M01808,device,D09298,2026-03-24 00:00:00,2026-03-29
M01808,device,D08992,2026-03-29 00:00:00,2026-04-01
M01809,ip,I00826,2026-03-12 00:00:00,2026-04-01
M01809,device,D06976,2026-03-12 00:00:00,2026-03-25
M01809,device,D07552,2026-03-25 00:00:00,2026-04-01
M01810,ip,I04720,2026-01-01 00:00:00,2026-02-03
M01810,device,D02233,2026-01-01 00:00:00,2026-04-01
M01811,ip,I08116,2026-01-29 00:00:00,2026-04-01
M01811,device,D05643,2026-01-29 00:00:00,2026-02-22
M01811,device,D04915,2026-02-22 00:00:00,2026-04-01
M01812,ip,I03500,2026-01-01 00:00:00,2026-04-01
M01812,device,D08793,2026-01-01 00:00:00,2026-04-01
M01813,ip,I03615,2026-02-05 00:00:00,2026-04-01
M01813,device,D09927,2026-02-05 00:00:00,2026-04-01
M01814,ip,I07649,2026-01-01 00:00:00,2026-04-01
M01814,device,D06435,2026-01-01 00:00:00,2026-04-01
M01815,ip,I00270,2026-01-01 00:00:00,2026-04-01
M01815,device,D09375,2026-01-01 00:00:00,2026-04-01
M01816,ip,I08706,2026-01-01 00:00:00,2026-04-01
M01816,device,D04027,2026-01-01 00:00:00,2026-04-01
M01817,ip,I05095,2026-01-22 00:00:00,2026-04-01
M01817,device,D09403,2026-01-22 00:00:00,2026-04-01
M01818,ip,I06675,2026-01-01 00:00:00,2026-04-01
M01818,device,D01373,2026-01-01 00:00:00,2026-04-01
M01819,ip,I01719,2026-01-14 00:00:00,2026-04-01
M01819,device,D07409,2026-01-14 00:00:00,2026-04-01
M01820,ip,I06100,2026-01-01 00:00:00,2026-04-01
M01820,device,D07479,2026-01-01 00:00:00,2026-04-01
M01821,ip,I05592,2026-03-02 00:00:00,2026-04-01
M01821,device,D03014,2026-03-02 00:00:00,2026-04-01
M01822,ip,I07517,2026-01-01 00:00:00,2026-04-01
M01822,device,D03890,2026-01-01 00:00:00,2026-04-01
M01823,ip,I01737,2026-01-01 00:00:00,2026-04-01
M01823,device,D00031,2026-01-01 00:00:00,2026-04-01
M01824,ip,I07568,2026-01-01 00:00:00,2026-04-01
M01824,device,D03066,2026-01-01 00:00:00,2026-04-01
M01825,ip,I07189,2026-01-05 00:00:00,2026-04-01
M01825,device,D07592,2026-01-05 00:00:00,2026-01-17
M01825,device,D09788,2026-01-17 00:00:00,2026-04-01
M01826,ip,I03423,2026-01-01 00:00:00,2026-04-01
M01826,device,D04996,2026-01-01 00:00:00,2026-04-01
M01827,ip,I00521,2026-01-01 00:00:00,2026-04-01
M01827,device,D09096,2026-01-01 00:00:00,2026-04-01
M01828,ip,I07651,2026-01-01 00:00:00,2026-04-01
M01828,device,D06969,2026-01-01 00:00:00,2026-04-01
M01829,ip,I03034,2026-01-19 00:00:00,2026-01-28
M01829,device,D03289,2026-01-19 00:00:00,2026-03-14
M01829,device,D00293,2026-03-14 00:00:00,2026-04-01
M01830,ip,I08973,2026-01-01 00:00:00,2026-04-01
M01830,device,D03464,2026-01-01 00:00:00,2026-04-01
M01831,ip,I02755,2026-01-01 00:00:00,2026-04-01
M01831,device,D03054,2026-01-01 00:00:00,2026-04-01
M01832,ip,I01362,2026-01-18 00:00:00,2026-04-01
M01832,device,D00484,2026-01-18 00:00:00,2026-04-01
M01833,ip,I05822,2026-01-01 00:00:00,2026-04-01
M01833,device,D07481,2026-01-01 00:00:00,2026-03-26
M01833,device,D07149,2026-03-26 00:00:00,2026-04-01
M01834,ip,I00492,2026-01-03 00:00:00,2026-04-01
M01834,device,D07634,2026-01-03 00:00:00,2026-04-01
M01835,ip,I08325,2026-01-01 00:00:00,2026-04-01
M01835,device,D08861,2026-01-01 00:00:00,2026-04-01
M01836,ip,I01938,2026-03-13 00:00:00,2026-04-01
M01836,device,D00347,2026-03-13 00:00:00,2026-04-01
M01837,ip,I05689,2026-01-01 00:00:00,2026-04-01
M01837,device,D02372,2026-01-01 00:00:00,2026-04-01
M01838,ip,I07416,2026-01-01 00:00:00,2026-04-01
M01838,device,D06232,2026-01-01 00:00:00,2026-04-01
M01839,ip,I06347,2026-01-01 00:00:00,2026-04-01
M01839,device,D08402,2026-01-01 00:00:00,2026-04-01
M01840,ip,I05863,2026-01-01 00:00:00,2026-04-01
M01840,device,D07774,2026-01-01 00:00:00,2026-04-01
M01841,ip,I02842,2026-01-01 00:00:00,2026-04-01
M01841,device,D01171,2026-01-01 00:00:00,2026-01-13
M01841,device,D05298,2026-01-13 00:00:00,2026-04-01
M01842,ip,I08986,2026-03-20 00:00:00,2026-04-01
M01842,device,D07156,2026-03-20 00:00:00,2026-03-25
M01842,device,D04293,2026-03-25 00:00:00,2026-04-01
M01843,ip,I00400,2026-01-01 00:00:00,2026-04-01
M01843,device,D02562,2026-01-01 00:00:00,2026-04-01
M01844,ip,I06584,2026-01-01 00:00:00,2026-04-01
M01844,device,D03906,2026-01-01 00:00:00,2026-03-15
M01844,device,D00044,2026-03-15 00:00:00,2026-04-01
M01845,ip,I05044,2026-01-01 00:00:00,2026-01-26
M01845,device,D03216,2026-01-01 00:00:00,2026-04-01
M01846,ip,I06461,2026-01-01 00:00:00,2026-04-01
M01846,device,D09293,2026-01-01 00:00:00,2026-02-16
M01846,device,D05123,2026-02-16 00:00:00,2026-04-01
M01847,ip,I08647,2026-01-01 00:00:00,2026-04-01
M01847,device,D05665,2026-01-01 00:00:00,2026-04-01
M01848,ip,I05719,2026-01-01 00:00:00,2026-04-01
M01848,device,D03286,2026-01-01 00:00:00,2026-02-18
M01848,device,D09214,2026-02-18 00:00:00,2026-04-01
M01849,ip,I00127,2026-01-01 00:00:00,2026-04-01
M01849,device,D09528,2026-01-01 00:00:00,2026-04-01
M01850,ip,I03137,2026-01-01 00:00:00,2026-04-01
M01850,device,D05806,2026-01-01 00:00:00,2026-02-10
M01850,device,D00473,2026-02-10 00:00:00,2026-04-01
M01851,ip,I06441,2026-01-01 00:00:00,2026-04-01
M01851,device,D00767,2026-01-01 00:00:00,2026-04-01
M01852,ip,I07520,2026-01-01 00:00:00,2026-04-01
M01852,device,D02273,2026-01-01 00:00:00,2026-02-22
M01852,device,D00084,2026-02-22 00:00:00,2026-04-01
M01853,ip,I08138,2026-01-01 00:00:00,2026-04-01
M01853,device,D00229,2026-01-01 00:00:00,2026-04-01
M01854,ip,I02235,2026-01-12 00:00:00,2026-04-01
M01854,device,D05417,2026-01-12 00:00:00,2026-04-01
M01855,ip,I06448,2026-01-08 00:00:00,2026-04-01
M01855,device,D04580,2026-01-08 00:00:00,2026-04-01
M01856,ip,I09567,2026-01-01 00:00:00,2026-04-01
M01856,device,D07532,2026-01-01 00:00:00,2026-01-07
M01856,device,D02378,2026-01-07 00:00:00,2026-04-01
M01857,ip,I07785,2026-03-06 00:00:00,2026-04-01
M01857,device,D08544,2026-03-06 00:00:00,2026-04-01
M01858,ip,I03706,2026-01-01 00:00:00,2026-02-03
M01858,device,D04769,2026-01-01 00:00:00,2026-01-31
M01858,device,D01366,2026-01-31 00:00:00,2026-04-01
M01859,ip,I02184,2026-01-01 00:00:00,2026-04-01
M01859,device,D00375,2026-01-01 00:00:00,2026-04-01
M01860,ip,I04215,2026-01-01 00:00:00,2026-04-01
M01860,device,D05934,2026-01-01 00:00:00,2026-02-16
M01860,device,D01586,2026-02-16 00:00:00,2026-04-01
M01861,ip,I08483,2026-01-01 00:00:00,2026-04-01
M01861,device,D02796,2026-01-01 00:00:00,2026-01-16
M01861,device,D05484,2026-01-16 00:00:00,2026-04-01
M01862,ip,I01834,2026-01-01 00:00:00,2026-04-01
M01862,device,D03995,2026-01-01 00:00:00,2026-04-01
M01863,ip,I05031,2026-01-01 00:00:00,2026-04-01
M01863,device,D07195,2026-01-01 00:00:00,2026-04-01
M01864,ip,I04396,2026-01-01 00:00:00,2026-04-01
M01864,device,D08629,2026-01-01 00:00:00,2026-04-01
M01865,ip,I06958,2026-01-01 00:00:00,2026-04-01
M01865,device,D09801,2026-01-01 00:00:00,2026-04-01
M01866,ip,I01571,2026-01-01 00:00:00,2026-04-01
M01866,device,D02097,2026-01-01 00:00:00,2026-01-25
M01866,device,D06281,2026-01-25 00:00:00,2026-04-01
M01867,ip,I03328,2026-01-01 00:00:00,2026-04-01
M01867,device,D06810,2026-01-01 00:00:00,2026-02-26
M01867,device,D08211,2026-02-26 00:00:00,2026-04-01
M01868,ip,I01403,2026-01-01 00:00:00,2026-04-01
M01868,device,D07831,2026-01-01 00:00:00,2026-04-01
M01869,ip,I00516,2026-02-08 00:00:00,2026-04-01
M01869,device,D04357,2026-02-08 00:00:00,2026-03-17
M01869,device,D05056,2026-03-17 00:00:00,2026-04-01
M01870,ip,I08781,2026-02-20 00:00:00,2026-04-01
M01870,device,D01592,2026-02-20 00:00:00,2026-04-01
M01871,ip,I06511,2026-02-24 00:00:00,2026-04-01
M01871,device,D03100,2026-02-24 00:00:00,2026-03-20
M01871,device,D04411,2026-03-20 00:00:00,2026-04-01
M01872,ip,I04796,2026-01-01 00:00:00,2026-04-01
M01872,device,D05808,2026-01-01 00:00:00,2026-04-01
M01873,ip,I02034,2026-03-18 00:00:00,2026-04-01
M01873,device,D09637,2026-03-18 00:00:00,2026-03-23
M01873,device,D09129,2026-03-23 00:00:00,2026-04-01
M01874,ip,I01568,2026-01-15 00:00:00,2026-04-01
M01874,device,D00007,2026-01-15 00:00:00,2026-01-25
M01874,device,D09964,2026-01-25 00:00:00,2026-04-01
M01875,ip,I00592,2026-01-01 00:00:00,2026-04-01
M01875,device,D07281,2026-01-01 00:00:00,2026-04-01
M01876,ip,I01324,2026-02-28 00:00:00,2026-01-28
M01876,device,D07261,2026-02-28 00:00:00,2026-04-01
M01877,ip,I02514,2026-02-10 00:00:00,2026-04-01
M01877,device,D07843,2026-02-10 00:00:00,2026-03-03
M01877,device,D07939,2026-03-03 00:00:00,2026-04-01
M01878,ip,I09377,2026-01-01 00:00:00,2026-04-01
M01878,device,D09396,2026-01-01 00:00:00,2026-04-01
M01879,ip,I05663,2026-01-01 00:00:00,2026-04-01
M01879,device,D07397,2026-01-01 00:00:00,2026-04-01
M01880,ip,I02583,2026-01-01 00:00:00,2026-04-01
M01880,device,D05211,2026-01-01 00:00:00,2026-04-01
M01881,ip,I04080,2026-01-01 00:00:00,2026-04-01
M01881,device,D08657,2026-01-01 00:00:00,2026-04-01
M01882,ip,I02838,2026-02-27 00:00:00,2026-04-01
M01882,device,D04350,2026-02-27 00:00:00,2026-04-01
M01883,ip,I01856,2026-01-01 00:00:00,2026-04-01
M01883,device,D00542,2026-01-01 00:00:00,2026-04-01
M01884,ip,I07336,2026-01-01 00:00:00,2026-04-01
M01884,device,D08108,2026-01-01 00:00:00,2026-02-27
M01884,device,D00377,2026-02-27 00:00:00,2026-04-01
M01885,ip,I08955,2026-01-01 00:00:00,2026-04-01
M01885,device,D07138,2026-01-01 00:00:00,2026-01-26
M01885,device,D09961,2026-01-26 00:00:00,2026-04-01
M01886,ip,I00146,2026-01-01 00:00:00,2026-04-01
M01886,device,D00092,2026-01-01 00:00:00,2026-03-01
M01886,device,D00421,2026-03-01 00:00:00,2026-04-01
M01887,ip,I07856,2026-01-01 00:00:00,2026-04-01
M01887,device,D07827,2026-01-01 00:00:00,2026-04-01
M01888,ip,I06717,2026-01-01 00:00:00,2026-04-01
M01888,device,D08485,2026-01-01 00:00:00,2026-04-01
M01889,ip,I01160,2026-01-01 00:00:00,2026-04-01
M01889,device,D06102,2026-01-01 00:00:00,2026-01-23
M01889,device,D00927,2026-01-23 00:00:00,2026-04-01
M01890,ip,I09858,2026-01-01 00:00:00,2026-04-01
M01890,device,D08663,2026-01-01 00:00:00,2026-02-11
M01890,device,D08936,2026-02-11 00:00:00,2026-04-01
M01891,ip,I08257,2026-01-01 00:00:00,2026-04-01
M01891,device,D08783,2026-01-01 00:00:00,2026-04-01
M01892,ip,I02910,2026-01-01 00:00:00,2026-04-01
M01892,device,D06040,2026-01-01 00:00:00,2026-04-01
M01893,ip,I04485,2026-01-01 00:00:00,2026-04-01
M01893,device,D07561,2026-01-01 00:00:00,2026-04-01
M01894,ip,I04539,2026-01-01 00:00:00,2026-02-03
M01894,device,D04358,2026-01-01 00:00:00,2026-04-01
M01895,ip,I00590,2026-01-01 00:00:00,2026-02-19
M01895,device,D03890,2026-01-01 00:00:00,2026-04-01
M01896,ip,I06144,2026-02-07 00:00:00,2026-04-01
M01896,device,D06382,2026-02-07 00:00:00,2026-04-01
M01897,ip,I05995,2026-02-01 00:00:00,2026-04-01
M01897,device,D00372,2026-02-01 00:00:00,2026-04-01
M01898,ip,I00816,2026-02-19 00:00:00,2026-04-01
M01898,device,D04177,2026-02-19 00:00:00,2026-04-01
M01899,ip,I01674,2026-01-07 00:00:00,2026-04-01
M01899,device,D00401,2026-01-07 00:00:00,2026-04-01
M01900,ip,I07384,2026-01-01 00:00:00,2026-04-01
M01900,device,D06599,2026-01-01 00:00:00,2026-04-01
M01901,ip,I06844,2026-01-01 00:00:00,2026-04-01
M01901,device,D03036,2026-01-01 00:00:00,2026-04-01
M01902,ip,I02939,2026-01-01 00:00:00,2026-04-01
M01902,device,D03034,2026-01-01 00:00:00,2026-02-07
M01902,device,D04639,2026-02-07 00:00:00,2026-04-01
M01903,ip,I01881,2026-01-01 00:00:00,2026-02-20
M01903,device,D04535,2026-01-01 00:00:00,2026-02-20
M01904,ip,I00025,2026-01-01 00:00:00,2026-04-01
M01904,device,D07031,2026-01-01 00:00:00,2026-04-01
M01905,ip,I00229,2026-01-01 00:00:00,2026-04-01
M01905,device,D00891,2026-01-01 00:00:00,2026-04-01
M01906,ip,I03089,2026-01-01 00:00:00,2026-04-01
M01906,device,D04252,2026-01-01 00:00:00,2026-04-01
M01907,ip,I00644,2026-01-01 00:00:00,2026-04-01
M01907,device,D09299,2026-01-01 00:00:00,2026-04-01
M01908,ip,I08322,2026-01-01 00:00:00,2026-04-01
M01908,device,D05388,2026-01-01 00:00:00,2026-04-01
M01909,ip,I02446,2026-01-01 00:00:00,2026-04-01
M01909,device,D08496,2026-01-01 00:00:00,2026-04-01
M01910,ip,I08284,2026-01-01 00:00:00,2026-04-01
M01910,device,D01787,2026-01-01 00:00:00,2026-04-01
M01911,ip,I06140,2026-03-13 00:00:00,2026-04-01
M01911,device,D08658,2026-03-13 00:00:00,2026-04-01
M01912,ip,I03488,2026-01-01 00:00:00,2026-04-01
M01912,device,D01248,2026-01-01 00:00:00,2026-04-01
M01913,ip,I00020,2026-01-01 00:00:00,2026-04-01
M01913,device,D05183,2026-01-01 00:00:00,2026-02-22
M01913,device,D06795,2026-02-22 00:00:00,2026-04-01
M01914,ip,I00397,2026-01-01 00:00:00,2026-04-01
M01914,device,D04763,2026-01-01 00:00:00,2026-03-09
M01914,device,D03369,2026-03-09 00:00:00,2026-04-01
M01915,ip,I02717,2026-01-01 00:00:00,2026-04-01
M01915,device,D08567,2026-01-01 00:00:00,2026-04-01
M01916,ip,I06547,2026-01-02 00:00:00,2026-04-01
M01916,device,D08124,2026-01-02 00:00:00,2026-04-01
M01917,ip,I05549,2026-03-16 00:00:00,2026-04-01
M01917,device,D09524,2026-03-16 00:00:00,2026-04-01
M01918,ip,I03966,2026-01-01 00:00:00,2026-04-01
M01918,device,D00968,2026-01-01 00:00:00,2026-04-01
M01919,ip,I07487,2026-01-01 00:00:00,2026-04-01
M01919,device,D06335,2026-01-01 00:00:00,2026-04-01
M01920,ip,I06834,2026-02-14 00:00:00,2026-01-28
M01920,device,D09756,2026-02-14 00:00:00,2026-04-01
M01921,ip,I01093,2026-01-17 00:00:00,2026-04-01
M01921,device,D09077,2026-01-17 00:00:00,2026-04-01
M01922,ip,I02665,2026-01-01 00:00:00,2026-04-01
M01922,device,D00367,2026-01-01 00:00:00,2026-04-01
M01923,ip,I03411,2026-01-01 00:00:00,2026-04-01
M01923,device,D07623,2026-01-01 00:00:00,2026-04-01
M01924,ip,I01728,2026-02-16 00:00:00,2026-04-01
M01924,device,D06146,2026-02-16 00:00:00,2026-03-05
M01924,device,D02145,2026-03-05 00:00:00,2026-04-01
M01925,ip,I09092,2026-02-11 00:00:00,2026-04-01
M01925,device,D00292,2026-02-11 00:00:00,2026-03-21
M01925,device,D03365,2026-03-21 00:00:00,2026-04-01
M01926,ip,I09212,2026-03-22 00:00:00,2026-04-01
M01926,device,D05408,2026-03-22 00:00:00,2026-03-27
M01926,device,D04336,2026-03-27 00:00:00,2026-04-01
M01927,ip,I05576,2026-01-17 00:00:00,2026-04-01
M01927,device,D09835,2026-01-17 00:00:00,2026-02-07
M01927,device,D02431,2026-02-07 00:00:00,2026-04-01
M01928,ip,I09480,2026-01-01 00:00:00,2026-04-01
M01928,device,D01503,2026-01-01 00:00:00,2026-04-01
M01929,ip,I09924,2026-01-01 00:00:00,2026-04-01
M01929,device,D04147,2026-01-01 00:00:00,2026-04-01
M01930,ip,I00544,2026-01-01 00:00:00,2026-04-01
M01930,device,D08387,2026-01-01 00:00:00,2026-04-01
M01931,ip,I01785,2026-02-03 00:00:00,2026-04-01
M01931,device,D04426,2026-02-03 00:00:00,2026-04-01
M01932,ip,I08938,2026-03-24 00:00:00,2026-04-01
M01932,device,D05253,2026-03-24 00:00:00,2026-04-01
M01933,ip,I09289,2026-01-01 00:00:00,2026-04-01
M01933,device,D00809,2026-01-01 00:00:00,2026-01-30
M01933,device,D08317,2026-01-30 00:00:00,2026-04-01
M01934,ip,I08154,2026-01-01 00:00:00,2026-04-01
M01934,device,D01026,2026-01-01 00:00:00,2026-02-11
M01934,device,D03815,2026-02-11 00:00:00,2026-04-01
M01935,ip,I01032,2026-01-01 00:00:00,2026-04-01
M01935,device,D07361,2026-01-01 00:00:00,2026-03-24
M01935,device,D04996,2026-03-24 00:00:00,2026-04-01
M01936,ip,I09666,2026-01-01 00:00:00,2026-04-01
M01936,device,D01597,2026-01-01 00:00:00,2026-04-01
M01937,ip,I06812,2026-01-01 00:00:00,2026-04-01
M01937,device,D04394,2026-01-01 00:00:00,2026-04-01
M01938,ip,I03838,2026-01-01 00:00:00,2026-04-01
M01938,device,D06732,2026-01-01 00:00:00,2026-02-09
M01938,device,D06606,2026-02-09 00:00:00,2026-04-01
M01939,ip,I02299,2026-02-04 00:00:00,2026-04-01
M01939,device,D03011,2026-02-04 00:00:00,2026-04-01
M01940,ip,I08604,2026-01-01 00:00:00,2026-04-01
M01940,device,D02648,2026-01-01 00:00:00,2026-02-15
M01940,device,D08001,2026-02-15 00:00:00,2026-04-01
M01941,ip,I04746,2026-01-01 00:00:00,2026-04-01
M01941,device,D06349,2026-01-01 00:00:00,2026-03-10
M01941,device,D05811,2026-03-10 00:00:00,2026-04-01
M01942,ip,I09948,2026-01-01 00:00:00,2026-04-01
M01942,device,D01999,2026-01-01 00:00:00,2026-04-01
M01943,ip,I08598,2026-01-01 00:00:00,2026-04-01
M01943,device,D07833,2026-01-01 00:00:00,2026-04-01
M01944,ip,I08706,2026-02-08 00:00:00,2026-04-01
M01944,device,D09365,2026-02-08 00:00:00,2026-03-12
M01944,device,D04503,2026-03-12 00:00:00,2026-04-01
M01945,ip,I09059,2026-01-22 00:00:00,2026-04-01
M01945,device,D07992,2026-01-22 00:00:00,2026-04-01
M01946,ip,I04504,2026-03-14 00:00:00,2026-04-01
M01946,device,D09677,2026-03-14 00:00:00,2026-04-01
M01947,ip,I02996,2026-01-01 00:00:00,2026-04-01
M01947,device,D08274,2026-01-01 00:00:00,2026-04-01
M01948,ip,I09647,2026-03-26 00:00:00,2026-04-01
M01948,device,D03142,2026-03-26 00:00:00,2026-04-01
M01949,ip,I00599,2026-01-11 00:00:00,2026-04-01
M01949,device,D06615,2026-01-11 00:00:00,2026-04-01
M01950,ip,I02273,2026-02-27 00:00:00,2026-04-01
M01950,device,D06479,2026-02-27 00:00:00,2026-03-25
M01950,device,D06666,2026-03-25 00:00:00,2026-04-01
M01951,ip,I05825,2026-01-01 00:00:00,2026-04-01
M01951,device,D06883,2026-01-01 00:00:00,2026-04-01
M01952,ip,I09816,2026-01-01 00:00:00,2026-04-01
M01952,device,D00609,2026-01-01 00:00:00,2026-04-01
M01953,ip,I05253,2026-01-01 00:00:00,2026-04-01
M01953,device,D02227,2026-01-01 00:00:00,2026-02-23
M01953,device,D09375,2026-02-23 00:00:00,2026-04-01
M01954,ip,I06530,2026-01-01 00:00:00,2026-04-01
M01954,device,D00868,2026-01-01 00:00:00,2026-04-01
M01955,ip,I03332,2026-03-19 00:00:00,2026-04-01
M01955,device,D09468,2026-03-19 00:00:00,2026-04-01
M01956,ip,I04200,2026-01-01 00:00:00,2026-04-01
M01956,device,D07856,2026-01-01 00:00:00,2026-01-25
M01956,device,D08957,2026-01-25 00:00:00,2026-04-01
M01957,ip,I00074,2026-01-01 00:00:00,2026-04-01
M01957,device,D06622,2026-01-01 00:00:00,2026-04-01
M01958,ip,I01551,2026-01-01 00:00:00,2026-02-12
M01958,device,D06677,2026-01-01 00:00:00,2026-02-09
M01958,device,D05432,2026-02-09 00:00:00,2026-04-01
M01959,ip,I09657,2026-03-19 00:00:00,2026-04-01
M01959,device,D03560,2026-03-19 00:00:00,2026-04-01
M01960,ip,I00272,2026-01-21 00:00:00,2026-04-01
M01960,device,D08120,2026-01-21 00:00:00,2026-04-01
M01961,ip,I08047,2026-01-01 00:00:00,2026-04-01
M01961,device,D01431,2026-01-01 00:00:00,2026-04-01
M01962,ip,I01893,2026-01-01 00:00:00,2026-04-01
M01962,device,D08073,2026-01-01 00:00:00,2026-04-01
M01963,ip,I06223,2026-02-26 00:00:00,2026-04-01
M01963,device,D04293,2026-02-26 00:00:00,2026-04-01
M01964,ip,I02662,2026-01-01 00:00:00,2026-04-01
M01964,device,D01776,2026-01-01 00:00:00,2026-04-01
M01965,ip,I05593,2026-01-01 00:00:00,2026-01-28
M01965,device,D01499,2026-01-01 00:00:00,2026-04-01
M01966,ip,I09396,2026-01-01 00:00:00,2026-02-08
M01966,device,D03486,2026-01-01 00:00:00,2026-03-09
M01966,device,D01325,2026-03-09 00:00:00,2026-04-01
M01967,ip,I00541,2026-01-01 00:00:00,2026-04-01
M01967,device,D03671,2026-01-01 00:00:00,2026-02-20
M01967,device,D04070,2026-02-20 00:00:00,2026-04-01
M01968,ip,I07142,2026-01-01 00:00:00,2026-04-01
M01968,device,D02016,2026-01-01 00:00:00,2026-04-01
M01969,ip,I07369,2026-02-09 00:00:00,2026-04-01
M01969,device,D01250,2026-02-09 00:00:00,2026-04-01
M01970,ip,I01682,2026-01-01 00:00:00,2026-04-01
M01970,device,D04526,2026-01-01 00:00:00,2026-04-01
M01971,ip,I05960,2026-01-01 00:00:00,2026-04-01
M01971,device,D07123,2026-01-01 00:00:00,2026-02-20
M01971,device,D08503,2026-02-20 00:00:00,2026-04-01
M01972,ip,I07405,2026-01-14 00:00:00,2026-04-01
M01972,device,D01988,2026-01-14 00:00:00,2026-04-01
M01973,ip,I00608,2026-02-27 00:00:00,2026-04-01
M01973,device,D05839,2026-02-27 00:00:00,2026-03-07
M01973,device,D04432,2026-03-07 00:00:00,2026-04-01
M01974,ip,I02333,2026-01-01 00:00:00,2026-04-01
M01974,device,D04564,2026-01-01 00:00:00,2026-04-01
M01975,ip,I00144,2026-01-01 00:00:00,2026-04-01
M01975,device,D03387,2026-01-01 00:00:00,2026-03-11
M01975,device,D02847,2026-03-11 00:00:00,2026-04-01
M01976,ip,I00570,2026-01-01 00:00:00,2026-04-01
M01976,device,D07080,2026-01-01 00:00:00,2026-03-09
M01976,device,D02361,2026-03-09 00:00:00,2026-04-01
M01977,ip,I04690,2026-01-01 00:00:00,2026-04-01
M01977,device,D01447,2026-01-01 00:00:00,2026-04-01
M01978,ip,I01073,2026-01-01 00:00:00,2026-04-01
M01978,device,D00886,2026-01-01 00:00:00,2026-03-26
M01978,device,D00201,2026-03-26 00:00:00,2026-04-01
M01979,ip,I09567,2026-01-01 00:00:00,2026-02-25
M01979,device,D05946,2026-01-01 00:00:00,2026-02-25
M01980,ip,I08655,2026-02-18 00:00:00,2026-04-01
M01980,device,D08898,2026-02-18 00:00:00,2026-04-01
M01981,ip,I07662,2026-01-01 00:00:00,2026-04-01
M01981,device,D02549,2026-01-01 00:00:00,2026-04-01
M01982,ip,I05946,2026-02-25 00:00:00,2026-04-01
M01982,device,D01053,2026-02-25 00:00:00,2026-04-01
M01983,ip,I01116,2026-01-01 00:00:00,2026-04-01
M01983,device,D03938,2026-01-01 00:00:00,2026-02-25
M01983,device,D07710,2026-02-25 00:00:00,2026-04-01
M01984,ip,I02916,2026-01-01 00:00:00,2026-04-01
M01984,device,D00432,2026-01-01 00:00:00,2026-04-01
M01985,ip,I02162,2026-01-01 00:00:00,2026-01-27
M01985,device,D08968,2026-01-01 00:00:00,2026-01-21
M01985,device,D04985,2026-01-21 00:00:00,2026-04-01
M01986,ip,I02961,2026-01-01 00:00:00,2026-04-01
M01986,device,D03444,2026-01-01 00:00:00,2026-02-22
M01986,device,D01567,2026-02-22 00:00:00,2026-04-01
M01987,ip,I02412,2026-01-01 00:00:00,2026-02-19
M01987,device,D08994,2026-01-01 00:00:00,2026-04-01
M01988,ip,I03172,2026-01-01 00:00:00,2026-04-01
M01988,device,D03542,2026-01-01 00:00:00,2026-04-01
M01989,ip,I00381,2026-03-03 00:00:00,2026-04-01
M01989,device,D09409,2026-03-03 00:00:00,2026-03-13
M01989,device,D09215,2026-03-13 00:00:00,2026-04-01
M01990,ip,I05549,2026-02-21 00:00:00,2026-02-01
M01990,device,D09201,2026-02-21 00:00:00,2026-04-01
M01991,ip,I08541,2026-02-12 00:00:00,2026-04-01
M01991,device,D05695,2026-02-12 00:00:00,2026-04-01
M01992,ip,I02489,2026-01-01 00:00:00,2026-04-01
M01992,device,D02074,2026-01-01 00:00:00,2026-04-01
M01993,ip,I04830,2026-01-18 00:00:00,2026-04-01
M01993,device,D07103,2026-01-18 00:00:00,2026-04-01
M01994,ip,I09839,2026-01-01 00:00:00,2026-04-01
M01994,device,D04144,2026-01-01 00:00:00,2026-02-19
M01994,device,D07015,2026-02-19 00:00:00,2026-04-01
M01995,ip,I05670,2026-01-01 00:00:00,2026-04-01
M01995,device,D06554,2026-01-01 00:00:00,2026-04-01
M01996,ip,I09525,2026-01-01 00:00:00,2026-04-01
M01996,device,D05678,2026-01-01 00:00:00,2026-01-23
M01996,device,D08993,2026-01-23 00:00:00,2026-04-01
M01997,ip,I01523,2026-01-01 00:00:00,2026-04-01
M01997,device,D04987,2026-01-01 00:00:00,2026-04-01
M01998,ip,I08198,2026-01-01 00:00:00,2026-04-01
M01998,device,D05065,2026-01-01 00:00:00,2026-04-01
M01999,ip,I03381,2026-03-14 00:00:00,2026-04-01
M01999,device,D03744,2026-03-14 00:00:00,2026-04-01
M02000,ip,I02755,2026-03-25 00:00:00,2026-04-01
M02000,device,D01777,2026-03-25 00:00:00,2026-03-30
M02000,device,D04097,2026-03-30 00:00:00,2026-04-01
M02001,ip,I09716,2026-01-01 00:00:00,2026-04-01
M02001,device,D07105,2026-01-01 00:00:00,2026-04-01
M02002,ip,I06666,2026-02-20 00:00:00,2026-04-01
M02002,device,D07154,2026-02-20 00:00:00,2026-04-01
M02003,ip,I03262,2026-01-01 00:00:00,2026-04-01
M02003,device,D01013,2026-01-01 00:00:00,2026-01-09
M02003,device,D00506,2026-01-09 00:00:00,2026-04-01
M02004,ip,I00775,2026-01-01 00:00:00,2026-04-01
M02004,device,D07068,2026-01-01 00:00:00,2026-04-01
M02005,ip,I02899,2026-01-01 00:00:00,2026-04-01
M02005,device,D03312,2026-01-01 00:00:00,2026-04-01
M02006,ip,I09307,2026-01-10 00:00:00,2026-04-01
M02006,device,D07292,2026-01-10 00:00:00,2026-04-01
M02007,ip,I01814,2026-01-01 00:00:00,2026-04-01
M02007,device,D04708,2026-01-01 00:00:00,2026-02-06
M02007,device,D07653,2026-02-06 00:00:00,2026-04-01
M02008,ip,I03200,2026-01-01 00:00:00,2026-04-01
M02008,device,D08189,2026-01-01 00:00:00,2026-04-01
M02009,ip,I02433,2026-01-01 00:00:00,2026-04-01
M02009,device,D08632,2026-01-01 00:00:00,2026-04-01
M02010,ip,I07833,2026-01-01 00:00:00,2026-04-01
M02010,device,D06904,2026-01-01 00:00:00,2026-02-09
M02010,device,D04465,2026-02-09 00:00:00,2026-04-01
M02011,ip,I00595,2026-01-01 00:00:00,2026-04-01
M02011,device,D02425,2026-01-01 00:00:00,2026-02-03
M02011,device,D00360,2026-02-03 00:00:00,2026-04-01
M02012,ip,I06772,2026-03-22 00:00:00,2026-04-01
M02012,device,D06715,2026-03-22 00:00:00,2026-04-01
M02013,ip,I05938,2026-01-01 00:00:00,2026-04-01
M02013,device,D03145,2026-01-01 00:00:00,2026-04-01
M02014,ip,I09602,2026-01-01 00:00:00,2026-04-01
M02014,device,D00036,2026-01-01 00:00:00,2026-04-01
M02015,ip,I09192,2026-01-01 00:00:00,2026-04-01
M02015,device,D02814,2026-01-01 00:00:00,2026-04-01
M02016,ip,I01994,2026-01-01 00:00:00,2026-04-01
M02016,device,D09086,2026-01-01 00:00:00,2026-04-01
M02017,ip,I06627,2026-01-01 00:00:00,2026-04-01
M02017,device,D06756,2026-01-01 00:00:00,2026-04-01
M02018,ip,I06573,2026-01-01 00:00:00,2026-04-01
M02018,device,D01525,2026-01-01 00:00:00,2026-04-01
M02019,ip,I03711,2026-01-01 00:00:00,2026-04-01
M02019,device,D01132,2026-01-01 00:00:00,2026-04-01
M02020,ip,I07230,2026-01-01 00:00:00,2026-04-01
M02020,device,D08873,2026-01-01 00:00:00,2026-04-01
M02021,ip,I08982,2026-01-01 00:00:00,2026-04-01
M02021,device,D04562,2026-01-01 00:00:00,2026-02-25
M02021,device,D03103,2026-02-25 00:00:00,2026-04-01
M02022,ip,I04851,2026-01-01 00:00:00,2026-04-01
M02022,device,D09366,2026-01-01 00:00:00,2026-04-01
M02023,ip,I06705,2026-01-13 00:00:00,2026-04-01
M02023,device,D07314,2026-01-13 00:00:00,2026-02-02
M02023,device,D01284,2026-02-02 00:00:00,2026-04-01
M02024,ip,I09558,2026-01-01 00:00:00,2026-04-01
M02024,device,D03115,2026-01-01 00:00:00,2026-04-01
M02025,ip,I09913,2026-01-01 00:00:00,2026-04-01
M02025,device,D02193,2026-01-01 00:00:00,2026-04-01
M02026,ip,I06141,2026-01-01 00:00:00,2026-04-01
M02026,device,D01676,2026-01-01 00:00:00,2026-04-01
M02027,ip,I04463,2026-01-01 00:00:00,2026-04-01
M02027,device,D05869,2026-01-01 00:00:00,2026-04-01
M02028,ip,I01533,2026-01-01 00:00:00,2026-04-01
M02028,device,D02863,2026-01-01 00:00:00,2026-03-20
M02028,device,D08865,2026-03-20 00:00:00,2026-04-01
M02029,ip,I04744,2026-01-01 00:00:00,2026-04-01
M02029,device,D05695,2026-01-01 00:00:00,2026-03-23
M02029,device,D04134,2026-03-23 00:00:00,2026-04-01
M02030,ip,I09536,2026-01-01 00:00:00,2026-04-01
M02030,device,D00671,2026-01-01 00:00:00,2026-04-01
M02031,ip,I07820,2026-01-01 00:00:00,2026-04-01
M02031,device,D04239,2026-01-01 00:00:00,2026-03-15
M02031,device,D04444,2026-03-15 00:00:00,2026-04-01
M02032,ip,I02851,2026-01-01 00:00:00,2026-04-01
M02032,device,D06396,2026-01-01 00:00:00,2026-04-01
M02033,ip,I00876,2026-01-01 00:00:00,2026-04-01
M02033,device,D07032,2026-01-01 00:00:00,2026-04-01
M02034,ip,I04619,2026-01-01 00:00:00,2026-02-06
M02034,device,D07701,2026-01-01 00:00:00,2026-02-06
M02034,device,D06688,2026-02-13 00:00:00,2026-02-06
M02035,ip,I08464,2026-03-12 00:00:00,2026-04-01
M02035,device,D00051,2026-03-12 00:00:00,2026-03-23
M02035,device,D06243,2026-03-23 00:00:00,2026-04-01
M02036,ip,I08551,2026-01-01 00:00:00,2026-04-01
M02036,device,D01926,2026-01-01 00:00:00,2026-04-01
M02037,ip,I06652,2026-01-01 00:00:00,2026-04-01
M02037,device,D06368,2026-01-01 00:00:00,2026-03-12
M02037,device,D03925,2026-03-12 00:00:00,2026-04-01
M02038,ip,I01045,2026-01-01 00:00:00,2026-02-03
M02038,device,D06131,2026-01-01 00:00:00,2026-04-01
M02039,ip,I02460,2026-03-13 00:00:00,2026-04-01
M02039,device,D08161,2026-03-13 00:00:00,2026-04-01
M02040,ip,I05229,2026-01-01 00:00:00,2026-04-01
M02040,device,D08368,2026-01-01 00:00:00,2026-04-01
M02041,ip,I04564,2026-01-01 00:00:00,2026-04-01
M02041,device,D00070,2026-01-01 00:00:00,2026-04-01
M02042,ip,I02636,2026-02-07 00:00:00,2026-04-01
M02042,device,D02417,2026-02-07 00:00:00,2026-03-11
M02042,device,D02584,2026-03-11 00:00:00,2026-04-01
M02043,ip,I06517,2026-01-01 00:00:00,2026-04-01
M02043,device,D08280,2026-01-01 00:00:00,2026-04-01
M02044,ip,I01963,2026-01-01 00:00:00,2026-01-28
M02044,device,D09617,2026-01-01 00:00:00,2026-04-01
M02045,ip,I09795,2026-01-01 00:00:00,2026-04-01
M02045,device,D04560,2026-01-01 00:00:00,2026-04-01
M02046,ip,I04483,2026-01-01 00:00:00,2026-04-01
M02046,device,D03180,2026-01-01 00:00:00,2026-04-01
M02047,ip,I04165,2026-01-01 00:00:00,2026-04-01
M02047,device,D02373,2026-01-01 00:00:00,2026-04-01
M02048,ip,I07966,2026-01-01 00:00:00,2026-04-01
M02048,device,D06593,2026-01-01 00:00:00,2026-04-01
M02049,ip,I09824,2026-01-01 00:00:00,2026-04-01
M02049,device,D00243,2026-01-01 00:00:00,2026-04-01
M02050,ip,I05459,2026-01-01 00:00:00,2026-04-01
M02050,device,D06166,2026-01-01 00:00:00,2026-02-22
M02050,device,D03147,2026-02-22 00:00:00,2026-04-01
M02051,ip,I04705,2026-01-01 00:00:00,2026-02-03
M02051,device,D09572,2026-01-01 00:00:00,2026-04-01
M02052,ip,I01965,2026-01-01 00:00:00,2026-04-01
M02052,device,D05955,2026-01-01 00:00:00,2026-04-01
M02053,ip,I07852,2026-01-01 00:00:00,2026-04-01
M02053,device,D09545,2026-01-01 00:00:00,2026-04-01
M02054,ip,I02956,2026-01-23 00:00:00,2026-04-01
M02054,device,D02810,2026-01-23 00:00:00,2026-04-01
M02055,ip,I08226,2026-01-22 00:00:00,2026-02-15
M02055,device,D08010,2026-01-22 00:00:00,2026-03-09
M02055,device,D02069,2026-03-09 00:00:00,2026-04-01
M02056,ip,I05527,2026-01-01 00:00:00,2026-04-01
M02056,device,D02283,2026-01-01 00:00:00,2026-04-01
M02057,ip,I04514,2026-01-01 00:00:00,2026-04-01
M02057,device,D06416,2026-01-01 00:00:00,2026-04-01
M02058,ip,I00156,2026-01-27 00:00:00,2026-04-01
M02058,device,D02762,2026-01-27 00:00:00,2026-04-01
M02059,ip,I04639,2026-01-01 00:00:00,2026-04-01
M02059,device,D00318,2026-01-01 00:00:00,2026-04-01
M02060,ip,I00222,2026-01-01 00:00:00,2026-04-01
M02060,device,D02103,2026-01-01 00:00:00,2026-04-01
M02061,ip,I09544,2026-01-01 00:00:00,2026-04-01
M02061,device,D04137,2026-01-01 00:00:00,2026-04-01
M02062,ip,I02726,2026-01-01 00:00:00,2026-04-01
M02062,device,D01210,2026-01-01 00:00:00,2026-01-10
M02062,device,D07007,2026-01-10 00:00:00,2026-04-01
M02063,ip,I03522,2026-01-01 00:00:00,2026-02-08
M02063,device,D05504,2026-01-01 00:00:00,2026-04-01
M02064,ip,I07624,2026-02-09 00:00:00,2026-04-01
M02064,device,D05635,2026-02-09 00:00:00,2026-04-01
M02065,ip,I00262,2026-01-28 00:00:00,2026-04-01
M02065,device,D08583,2026-01-28 00:00:00,2026-04-01
M02066,ip,I03865,2026-01-01 00:00:00,2026-04-01
M02066,device,D08951,2026-01-01 00:00:00,2026-04-01
M02067,ip,I07325,2026-03-21 00:00:00,2026-04-01
M02067,device,D03286,2026-03-21 00:00:00,2026-04-01
M02068,ip,I02233,2026-03-23 00:00:00,2026-04-01
M02068,device,D00116,2026-03-23 00:00:00,2026-03-28
M02068,device,D03618,2026-03-28 00:00:00,2026-04-01
M02069,ip,I00718,2026-01-01 00:00:00,2026-02-16
M02069,device,D05894,2026-01-01 00:00:00,2026-04-01
M02070,ip,I05122,2026-01-01 00:00:00,2026-04-01
M02070,device,D01446,2026-01-01 00:00:00,2026-01-06
M02070,device,D08560,2026-01-06 00:00:00,2026-04-01
M02071,ip,I03026,2026-01-01 00:00:00,2026-04-01
M02071,device,D04288,2026-01-01 00:00:00,2026-01-29
M02071,device,D09339,2026-01-29 00:00:00,2026-04-01
M02072,ip,I01729,2026-01-01 00:00:00,2026-01-28
M02072,device,D03956,2026-01-01 00:00:00,2026-04-01
M02073,ip,I08471,2026-01-03 00:00:00,2026-04-01
M02073,device,D00684,2026-01-03 00:00:00,2026-01-31
M02073,device,D04140,2026-01-31 00:00:00,2026-04-01
M02074,ip,I00802,2026-01-01 00:00:00,2026-04-01
M02074,device,D05046,2026-01-01 00:00:00,2026-04-01
M02075,ip,I03490,2026-01-01 00:00:00,2026-04-01
M02075,device,D08272,2026-01-01 00:00:00,2026-04-01
M02076,ip,I09042,2026-01-01 00:00:00,2026-04-01
M02076,device,D05840,2026-01-01 00:00:00,2026-02-13
M02076,device,D03803,2026-02-13 00:00:00,2026-04-01
M02077,ip,I06562,2026-01-01 00:00:00,2026-04-01
M02077,device,D00050,2026-01-01 00:00:00,2026-03-21
M02077,device,D00964,2026-03-21 00:00:00,2026-04-01
M02078,ip,I08487,2026-02-23 00:00:00,2026-04-01
M02078,device,D01999,2026-02-23 00:00:00,2026-04-01
M02079,ip,I01802,2026-01-01 00:00:00,2026-04-01
M02079,device,D01327,2026-01-01 00:00:00,2026-04-01
M02080,ip,I01839,2026-01-01 00:00:00,2026-01-23
M02080,device,D09902,2026-01-01 00:00:00,2026-04-01
M02081,ip,I02377,2026-03-20 00:00:00,2026-02-20
M02081,device,D04178,2026-03-20 00:00:00,2026-02-20
M02082,ip,I06002,2026-01-01 00:00:00,2026-04-01
M02082,device,D09255,2026-01-01 00:00:00,2026-03-01
M02082,device,D09023,2026-03-01 00:00:00,2026-04-01
M02083,ip,I07034,2026-01-01 00:00:00,2026-04-01
M02083,device,D06272,2026-01-01 00:00:00,2026-04-01
M02084,ip,I01546,2026-01-17 00:00:00,2026-04-01
M02084,device,D06236,2026-01-17 00:00:00,2026-04-01
M02085,ip,I01241,2026-01-01 00:00:00,2026-04-01
M02085,device,D07173,2026-01-01 00:00:00,2026-04-01
M02086,ip,I03868,2026-01-01 00:00:00,2026-04-01
M02086,device,D08895,2026-01-01 00:00:00,2026-02-25
M02086,device,D00853,2026-02-25 00:00:00,2026-04-01
M02087,ip,I07009,2026-01-01 00:00:00,2026-04-01
M02087,device,D08011,2026-01-01 00:00:00,2026-01-21
M02087,device,D01086,2026-01-21 00:00:00,2026-04-01
M02088,ip,I03785,2026-01-01 00:00:00,2026-04-01
M02088,device,D04478,2026-01-01 00:00:00,2026-04-01
M02089,ip,I07763,2026-02-28 00:00:00,2026-04-01
M02089,device,D01045,2026-02-28 00:00:00,2026-03-25
M02089,device,D06474,2026-03-25 00:00:00,2026-04-01
M02090,ip,I00605,2026-01-01 00:00:00,2026-04-01
M02090,device,D04617,2026-01-01 00:00:00,2026-03-13
M02090,device,D01746,2026-03-13 00:00:00,2026-04-01
M02091,ip,I05829,2026-01-01 00:00:00,2026-02-16
M02091,device,D01574,2026-01-01 00:00:00,2026-03-25
M02091,device,D02382,2026-03-25 00:00:00,2026-04-01
M02092,ip,I03749,2026-03-13 00:00:00,2026-04-01
M02092,device,D07417,2026-03-13 00:00:00,2026-04-01
M02093,ip,I08676,2026-01-01 00:00:00,2026-04-01
M02093,device,D02702,2026-01-01 00:00:00,2026-04-01
M02094,ip,I09376,2026-01-01 00:00:00,2026-04-01
M02094,device,D07831,2026-01-01 00:00:00,2026-04-01
M02095,ip,I03036,2026-02-09 00:00:00,2026-04-01
M02095,device,D04242,2026-02-09 00:00:00,2026-04-01
M02096,ip,I07593,2026-03-26 00:00:00,2026-04-01
M02096,device,D02917,2026-03-26 00:00:00,2026-04-01
M02097,ip,I04762,2026-01-01 00:00:00,2026-04-01
M02097,device,D07428,2026-01-01 00:00:00,2026-01-31
M02097,device,D07661,2026-01-31 00:00:00,2026-04-01
M02098,ip,I09966,2026-01-01 00:00:00,2026-04-01
M02098,device,D01032,2026-01-01 00:00:00,2026-04-01
M02099,ip,I09773,2026-01-01 00:00:00,2026-04-01
M02099,device,D01338,2026-01-01 00:00:00,2026-04-01
M02100,ip,I09551,2026-03-14 00:00:00,2026-04-01
M02100,device,D06865,2026-03-14 00:00:00,2026-04-01
M02101,ip,I08500,2026-01-15 00:00:00,2026-04-01
M02101,device,D02997,2026-01-15 00:00:00,2026-04-01
M02102,ip,I07171,2026-01-01 00:00:00,2026-04-01
M02102,device,D06368,2026-01-01 00:00:00,2026-04-01
M02103,ip,I06359,2026-02-03 00:00:00,2026-04-01
M02103,device,D01716,2026-02-03 00:00:00,2026-04-01
M02104,ip,I03921,2026-01-01 00:00:00,2026-04-01
M02104,device,D06293,2026-01-01 00:00:00,2026-01-20
M02104,device,D05910,2026-01-20 00:00:00,2026-04-01
M02105,ip,I07174,2026-03-14 00:00:00,2026-04-01
M02105,device,D07091,2026-03-14 00:00:00,2026-04-01
M02106,ip,I07502,2026-01-01 00:00:00,2026-04-01
M02106,device,D09066,2026-01-01 00:00:00,2026-01-27
M02106,device,D02674,2026-01-27 00:00:00,2026-04-01
M02107,ip,I05075,2026-01-01 00:00:00,2026-04-01
M02107,device,D06588,2026-01-01 00:00:00,2026-04-01
M02108,ip,I08754,2026-01-01 00:00:00,2026-04-01
M02108,device,D05532,2026-01-01 00:00:00,2026-04-01
M02109,ip,I08579,2026-01-05 00:00:00,2026-02-20
M02109,device,D08725,2026-01-05 00:00:00,2026-02-20
M02109,device,D01215,2026-03-16 00:00:00,2026-02-20
M02110,ip,I09212,2026-01-01 00:00:00,2026-04-01
M02110,device,D04423,2026-01-01 00:00:00,2026-04-01
M02111,ip,I05669,2026-01-01 00:00:00,2026-04-01
M02111,device,D04026,2026-01-01 00:00:00,2026-04-01
M02112,ip,I05817,2026-01-09 00:00:00,2026-04-01
M02112,device,D03908,2026-01-09 00:00:00,2026-01-31
M02112,device,D02692,2026-01-31 00:00:00,2026-04-01
M02113,ip,I07332,2026-03-10 00:00:00,2026-04-01
M02113,device,D08549,2026-03-10 00:00:00,2026-04-01
M02114,ip,I09525,2026-01-01 00:00:00,2026-01-19
M02114,device,D02683,2026-01-01 00:00:00,2026-04-01
M02115,ip,I01426,2026-01-01 00:00:00,2026-04-01
M02115,device,D07609,2026-01-01 00:00:00,2026-04-01
M02116,ip,I01167,2026-01-01 00:00:00,2026-04-01
M02116,device,D02784,2026-01-01 00:00:00,2026-04-01
M02117,ip,I00316,2026-01-01 00:00:00,2026-04-01
M02117,device,D01892,2026-01-01 00:00:00,2026-01-31
M02117,device,D08751,2026-01-31 00:00:00,2026-04-01
M02118,ip,I03091,2026-01-01 00:00:00,2026-04-01
M02118,device,D07593,2026-01-01 00:00:00,2026-02-26
M02118,device,D01722,2026-02-26 00:00:00,2026-04-01
M02119,ip,I01431,2026-01-01 00:00:00,2026-04-01
M02119,device,D02295,2026-01-01 00:00:00,2026-04-01
M02120,ip,I05448,2026-01-01 00:00:00,2026-02-14
M02120,device,D09639,2026-01-01 00:00:00,2026-02-14
M02121,ip,I08302,2026-01-01 00:00:00,2026-04-01
M02121,device,D09550,2026-01-01 00:00:00,2026-04-01
M02122,ip,I07111,2026-01-01 00:00:00,2026-04-01
M02122,device,D01362,2026-01-01 00:00:00,2026-04-01
M02123,ip,I06729,2026-01-03 00:00:00,2026-04-01
M02123,device,D06132,2026-01-03 00:00:00,2026-01-12
M02123,device,D09945,2026-01-12 00:00:00,2026-04-01
M02124,ip,I03199,2026-01-05 00:00:00,2026-04-01
M02124,device,D03140,2026-01-05 00:00:00,2026-04-01
M02125,ip,I03951,2026-01-01 00:00:00,2026-04-01
M02125,device,D03463,2026-01-01 00:00:00,2026-04-01
M02126,ip,I02089,2026-03-15 00:00:00,2026-02-02
M02126,device,D04548,2026-03-15 00:00:00,2026-02-02
M02127,ip,I09913,2026-01-01 00:00:00,2026-04-01
M02127,device,D09815,2026-01-01 00:00:00,2026-04-01
M02128,ip,I02090,2026-01-17 00:00:00,2026-01-26
M02128,device,D04707,2026-01-17 00:00:00,2026-02-12
M02128,device,D09841,2026-02-12 00:00:00,2026-04-01
M02129,ip,I04314,2026-01-01 00:00:00,2026-04-01
M02129,device,D06680,2026-01-01 00:00:00,2026-04-01
M02130,ip,I02407,2026-01-01 00:00:00,2026-04-01
M02130,device,D06564,2026-01-01 00:00:00,2026-04-01
M02131,ip,I02200,2026-01-01 00:00:00,2026-04-01
M02131,device,D00801,2026-01-01 00:00:00,2026-04-01
M02132,ip,I00362,2026-02-17 00:00:00,2026-02-16
M02132,device,D06446,2026-02-17 00:00:00,2026-02-16
M02133,ip,I00422,2026-02-18 00:00:00,2026-02-18
M02133,device,D06968,2026-02-18 00:00:00,2026-04-01
M02134,ip,I00737,2026-01-01 00:00:00,2026-02-04
M02134,device,D08226,2026-01-01 00:00:00,2026-02-04
M02135,ip,I08314,2026-01-01 00:00:00,2026-04-01
M02135,device,D01733,2026-01-01 00:00:00,2026-04-01
M02136,ip,I00360,2026-01-01 00:00:00,2026-04-01
M02136,device,D04021,2026-01-01 00:00:00,2026-04-01
M02137,ip,I06179,2026-01-01 00:00:00,2026-04-01
M02137,device,D09514,2026-01-01 00:00:00,2026-04-01
M02138,ip,I06316,2026-02-05 00:00:00,2026-04-01
M02138,device,D06177,2026-02-05 00:00:00,2026-04-01
M02139,ip,I09956,2026-01-18 00:00:00,2026-04-01
M02139,device,D00747,2026-01-18 00:00:00,2026-01-28
M02139,device,D04103,2026-01-28 00:00:00,2026-04-01
M02140,ip,I07204,2026-01-10 00:00:00,2026-04-01
M02140,device,D09860,2026-01-10 00:00:00,2026-04-01
M02141,ip,I09820,2026-01-01 00:00:00,2026-04-01
M02141,device,D04314,2026-01-01 00:00:00,2026-04-01
M02142,ip,I00981,2026-01-01 00:00:00,2026-04-01
M02142,device,D08566,2026-01-01 00:00:00,2026-04-01
M02143,ip,I03851,2026-01-01 00:00:00,2026-04-01
M02143,device,D03775,2026-01-01 00:00:00,2026-03-01
M02143,device,D05108,2026-03-01 00:00:00,2026-04-01
M02144,ip,I03371,2026-01-01 00:00:00,2026-04-01
M02144,device,D01188,2026-01-01 00:00:00,2026-04-01
M02145,ip,I00486,2026-01-01 00:00:00,2026-04-01
M02145,device,D05620,2026-01-01 00:00:00,2026-02-28
M02145,device,D00341,2026-02-28 00:00:00,2026-04-01
M02146,ip,I03356,2026-01-01 00:00:00,2026-04-01
M02146,device,D05686,2026-01-01 00:00:00,2026-04-01
M02147,ip,I09029,2026-01-01 00:00:00,2026-04-01
M02147,device,D02913,2026-01-01 00:00:00,2026-04-01
M02148,ip,I05743,2026-01-01 00:00:00,2026-04-01
M02148,device,D00989,2026-01-01 00:00:00,2026-04-01
M02149,ip,I09929,2026-01-01 00:00:00,2026-04-01
M02149,device,D01041,2026-01-01 00:00:00,2026-03-23
M02149,device,D03686,2026-03-23 00:00:00,2026-04-01
M02150,ip,I02122,2026-03-01 00:00:00,2026-04-01
M02150,device,D00690,2026-03-01 00:00:00,2026-04-01
M02151,ip,I00312,2026-01-01 00:00:00,2026-04-01
M02151,device,D06601,2026-01-01 00:00:00,2026-03-02
M02151,device,D00344,2026-03-02 00:00:00,2026-04-01
M02152,ip,I09742,2026-02-27 00:00:00,2026-04-01
M02152,device,D07378,2026-02-27 00:00:00,2026-03-25
M02152,device,D05115,2026-03-25 00:00:00,2026-04-01
M02153,ip,I06471,2026-01-01 00:00:00,2026-04-01
M02153,device,D07416,2026-01-01 00:00:00,2026-02-28
M02153,device,D09389,2026-02-28 00:00:00,2026-04-01
M02154,ip,I06888,2026-01-01 00:00:00,2026-04-01
M02154,device,D08363,2026-01-01 00:00:00,2026-04-01
M02155,ip,I02214,2026-01-12 00:00:00,2026-04-01
M02155,device,D08059,2026-01-12 00:00:00,2026-04-01
M02156,ip,I08386,2026-02-14 00:00:00,2026-02-18
M02156,device,D02242,2026-02-14 00:00:00,2026-03-18
M02156,device,D07175,2026-03-18 00:00:00,2026-04-01
M02157,ip,I03606,2026-01-02 00:00:00,2026-04-01
M02157,device,D01588,2026-01-02 00:00:00,2026-04-01
M02158,ip,I07090,2026-01-01 00:00:00,2026-04-01
M02158,device,D09669,2026-01-01 00:00:00,2026-04-01
M02159,ip,I07101,2026-01-01 00:00:00,2026-02-19
M02159,device,D09744,2026-01-01 00:00:00,2026-04-01
M02160,ip,I01778,2026-01-01 00:00:00,2026-04-01
M02160,device,D06753,2026-01-01 00:00:00,2026-04-01
M02161,ip,I06863,2026-01-01 00:00:00,2026-04-01
M02161,device,D05674,2026-01-01 00:00:00,2026-04-01
M02162,ip,I06419,2026-01-01 00:00:00,2026-04-01
M02162,device,D04357,2026-01-01 00:00:00,2026-04-01
M02163,ip,I07784,2026-01-01 00:00:00,2026-04-01
M02163,device,D04611,2026-01-01 00:00:00,2026-04-01
M02164,ip,I05747,2026-01-01 00:00:00,2026-04-01
M02164,device,D01786,2026-01-01 00:00:00,2026-02-17
M02164,device,D09555,2026-02-17 00:00:00,2026-04-01
M02165,ip,I06668,2026-01-01 00:00:00,2026-04-01
M02165,device,D01138,2026-01-01 00:00:00,2026-04-01
M02166,ip,I02045,2026-01-01 00:00:00,2026-04-01
M02166,device,D04854,2026-01-01 00:00:00,2026-04-01
M02167,ip,I08124,2026-01-01 00:00:00,2026-04-01
M02167,device,D08274,2026-01-01 00:00:00,2026-04-01
M02168,ip,I08472,2026-01-01 00:00:00,2026-04-01
M02168,device,D00397,2026-01-01 00:00:00,2026-04-01
M02169,ip,I01413,2026-01-01 00:00:00,2026-04-01
M02169,device,D02070,2026-01-01 00:00:00,2026-03-26
M02169,device,D00257,2026-03-26 00:00:00,2026-04-01
M02170,ip,I02450,2026-02-11 00:00:00,2026-04-01
M02170,device,D07940,2026-02-11 00:00:00,2026-04-01
M02171,ip,I05978,2026-01-01 00:00:00,2026-04-01
M02171,device,D04797,2026-01-01 00:00:00,2026-04-01
M02172,ip,I06376,2026-01-01 00:00:00,2026-04-01
M02172,device,D02209,2026-01-01 00:00:00,2026-03-10
M02172,device,D04348,2026-03-10 00:00:00,2026-04-01
M02173,ip,I04407,2026-01-01 00:00:00,2026-02-08
M02173,device,D05186,2026-01-01 00:00:00,2026-04-01
M02174,ip,I08601,2026-01-04 00:00:00,2026-04-01
M02174,device,D07267,2026-01-04 00:00:00,2026-02-16
M02174,device,D00040,2026-02-16 00:00:00,2026-04-01
M02175,ip,I02242,2026-01-01 00:00:00,2026-04-01
M02175,device,D08191,2026-01-01 00:00:00,2026-04-01
M02176,ip,I04637,2026-01-01 00:00:00,2026-02-15
M02176,device,D02560,2026-01-01 00:00:00,2026-04-01
M02177,ip,I07147,2026-01-01 00:00:00,2026-01-23
M02177,device,D09370,2026-01-01 00:00:00,2026-04-01
M02178,ip,I08803,2026-01-20 00:00:00,2026-04-01
M02178,device,D02377,2026-01-20 00:00:00,2026-02-08
M02178,device,D02657,2026-02-08 00:00:00,2026-04-01
M02179,ip,I08545,2026-01-01 00:00:00,2026-04-01
M02179,device,D07624,2026-01-01 00:00:00,2026-04-01
M02180,ip,I03292,2026-03-22 00:00:00,2026-03-05
M02180,device,D01190,2026-03-22 00:00:00,2026-04-01
M02181,ip,I01584,2026-01-01 00:00:00,2026-04-01
M02181,device,D06776,2026-01-01 00:00:00,2026-01-28
M02181,device,D09687,2026-01-28 00:00:00,2026-04-01
M02182,ip,I05034,2026-01-01 00:00:00,2026-04-01
M02182,device,D03309,2026-01-01 00:00:00,2026-03-07
M02182,device,D06837,2026-03-07 00:00:00,2026-04-01
M02183,ip,I07221,2026-01-01 00:00:00,2026-04-01
M02183,device,D06033,2026-01-01 00:00:00,2026-04-01
M02184,ip,I04620,2026-01-01 00:00:00,2026-04-01
M02184,device,D08744,2026-01-01 00:00:00,2026-02-03
M02184,device,D01628,2026-02-03 00:00:00,2026-04-01
M02185,ip,I03327,2026-01-01 00:00:00,2026-02-18
M02185,device,D00030,2026-01-01 00:00:00,2026-03-17
M02185,device,D06186,2026-03-17 00:00:00,2026-04-01
M02186,ip,I09584,2026-01-01 00:00:00,2026-04-01
M02186,device,D09938,2026-01-01 00:00:00,2026-04-01
M02187,ip,I01075,2026-02-24 00:00:00,2026-04-01
M02187,device,D08363,2026-02-24 00:00:00,2026-04-01
M02188,ip,I06064,2026-02-26 00:00:00,2026-04-01
M02188,device,D08954,2026-02-26 00:00:00,2026-03-06
M02188,device,D09440,2026-03-06 00:00:00,2026-04-01
M02189,ip,I06284,2026-01-01 00:00:00,2026-04-01
M02189,device,D01927,2026-01-01 00:00:00,2026-04-01
M02190,ip,I02928,2026-01-09 00:00:00,2026-04-01
M02190,device,D02293,2026-01-09 00:00:00,2026-03-14
M02190,device,D02833,2026-03-14 00:00:00,2026-04-01
M02191,ip,I08445,2026-01-01 00:00:00,2026-04-01
M02191,device,D03509,2026-01-01 00:00:00,2026-04-01
M02192,ip,I00376,2026-01-01 00:00:00,2026-04-01
M02192,device,D05565,2026-01-01 00:00:00,2026-04-01
M02193,ip,I09757,2026-01-12 00:00:00,2026-04-01
M02193,device,D06498,2026-01-12 00:00:00,2026-04-01
M02194,ip,I09843,2026-01-01 00:00:00,2026-02-04
M02194,device,D01455,2026-01-01 00:00:00,2026-01-09
M02194,device,D08749,2026-01-09 00:00:00,2026-04-01
M02195,ip,I00208,2026-01-01 00:00:00,2026-04-01
M02195,device,D06886,2026-01-01 00:00:00,2026-04-01
M02196,ip,I04520,2026-01-01 00:00:00,2026-04-01
M02196,device,D04443,2026-01-01 00:00:00,2026-04-01
M02197,ip,I04815,2026-01-01 00:00:00,2026-04-01
M02197,device,D07103,2026-01-01 00:00:00,2026-02-10
M02197,device,D07793,2026-02-10 00:00:00,2026-04-01
M02198,ip,I02262,2026-01-01 00:00:00,2026-04-01
M02198,device,D04342,2026-01-01 00:00:00,2026-04-01
M02199,ip,I09927,2026-01-01 00:00:00,2026-01-16
M02199,device,D04750,2026-01-01 00:00:00,2026-01-31
M02199,device,D09527,2026-01-31 00:00:00,2026-04-01
M02200,ip,I09872,2026-02-10 00:00:00,2026-02-28
M02200,device,D02986,2026-02-10 00:00:00,2026-04-01
M02201,ip,I02305,2026-01-01 00:00:00,2026-04-01
M02201,device,D06437,2026-01-01 00:00:00,2026-01-09
M02201,device,D03420,2026-01-09 00:00:00,2026-04-01
M02202,ip,I07168,2026-01-01 00:00:00,2026-04-01
M02202,device,D08871,2026-01-01 00:00:00,2026-04-01
M02203,ip,I06352,2026-01-01 00:00:00,2026-04-01
M02203,device,D00371,2026-01-01 00:00:00,2026-04-01
M02204,ip,I02310,2026-03-03 00:00:00,2026-04-01
M02204,device,D03684,2026-03-03 00:00:00,2026-04-01
M02205,ip,I05584,2026-01-18 00:00:00,2026-04-01
M02205,device,D09955,2026-01-18 00:00:00,2026-04-01
M02206,ip,I01642,2026-01-01 00:00:00,2026-04-01
M02206,device,D07963,2026-01-01 00:00:00,2026-04-01
M02207,ip,I03357,2026-01-10 00:00:00,2026-04-01
M02207,device,D04952,2026-01-10 00:00:00,2026-04-01
M02208,ip,I07476,2026-01-01 00:00:00,2026-01-26
M02208,device,D00092,2026-01-01 00:00:00,2026-01-07
M02208,device,D03477,2026-01-07 00:00:00,2026-04-01
M02209,ip,I00503,2026-01-01 00:00:00,2026-02-03
M02209,device,D01608,2026-01-01 00:00:00,2026-03-14
M02209,device,D09465,2026-03-14 00:00:00,2026-04-01
M02210,ip,I01180,2026-01-01 00:00:00,2026-01-27
M02210,device,D00315,2026-01-01 00:00:00,2026-02-03
M02210,device,D08475,2026-02-03 00:00:00,2026-04-01
M02211,ip,I09789,2026-01-17 00:00:00,2026-04-01
M02211,device,D02704,2026-01-17 00:00:00,2026-04-01
M02212,ip,I03151,2026-03-04 00:00:00,2026-04-01
M02212,device,D02869,2026-03-04 00:00:00,2026-04-01
M02213,ip,I06828,2026-03-09 00:00:00,2026-04-01
M02213,device,D09872,2026-03-09 00:00:00,2026-04-01
M02214,ip,I04755,2026-01-27 00:00:00,2026-04-01
M02214,device,D06323,2026-01-27 00:00:00,2026-03-10
M02214,device,D08847,2026-03-10 00:00:00,2026-04-01
M02215,ip,I09078,2026-01-01 00:00:00,2026-04-01
M02215,device,D09041,2026-01-01 00:00:00,2026-04-01
M02216,ip,I03680,2026-01-01 00:00:00,2026-04-01
M02216,device,D08404,2026-01-01 00:00:00,2026-04-01
M02217,ip,I04066,2026-01-01 00:00:00,2026-04-01
M02217,device,D00494,2026-01-01 00:00:00,2026-04-01
M02218,ip,I03761,2026-01-01 00:00:00,2026-04-01
M02218,device,D04488,2026-01-01 00:00:00,2026-04-01
M02219,ip,I00635,2026-01-01 00:00:00,2026-01-31
M02219,device,D03589,2026-01-01 00:00:00,2026-01-31
M02220,ip,I01495,2026-02-13 00:00:00,2026-04-01
M02220,device,D04819,2026-02-13 00:00:00,2026-04-01
M02221,ip,I03346,2026-01-01 00:00:00,2026-02-20
M02221,device,D02214,2026-01-01 00:00:00,2026-02-20
M02222,ip,I06846,2026-01-24 00:00:00,2026-04-01
M02222,device,D08702,2026-01-24 00:00:00,2026-03-24
M02222,device,D01445,2026-03-24 00:00:00,2026-04-01
M02223,ip,I05673,2026-02-08 00:00:00,2026-04-01
M02223,device,D04075,2026-02-08 00:00:00,2026-02-14
M02223,device,D04074,2026-02-14 00:00:00,2026-04-01
M02224,ip,I03666,2026-01-01 00:00:00,2026-04-01
M02224,device,D08936,2026-01-01 00:00:00,2026-04-01
M02225,ip,I06826,2026-01-01 00:00:00,2026-04-01
M02225,device,D01806,2026-01-01 00:00:00,2026-04-01
M02226,ip,I02565,2026-01-01 00:00:00,2026-04-01
M02226,device,D00214,2026-01-01 00:00:00,2026-01-23
M02226,device,D06614,2026-01-23 00:00:00,2026-04-01
M02227,ip,I00545,2026-01-01 00:00:00,2026-04-01
M02227,device,D08414,2026-01-01 00:00:00,2026-04-01
M02228,ip,I05856,2026-01-01 00:00:00,2026-04-01
M02228,device,D09703,2026-01-01 00:00:00,2026-01-27
M02228,device,D08329,2026-01-27 00:00:00,2026-04-01
M02229,ip,I05681,2026-01-17 00:00:00,2026-04-01
M02229,device,D01760,2026-01-17 00:00:00,2026-03-15
M02229,device,D08458,2026-03-15 00:00:00,2026-04-01
M02230,ip,I07365,2026-01-01 00:00:00,2026-02-11
M02230,device,D03545,2026-01-01 00:00:00,2026-04-01
M02231,ip,I06346,2026-01-01 00:00:00,2026-04-01
M02231,device,D06665,2026-01-01 00:00:00,2026-04-01
M02232,ip,I00484,2026-01-01 00:00:00,2026-04-01
M02232,device,D02103,2026-01-01 00:00:00,2026-04-01
M02233,ip,I04775,2026-01-01 00:00:00,2026-04-01
M02233,device,D02753,2026-01-01 00:00:00,2026-04-01
M02234,ip,I08615,2026-02-03 00:00:00,2026-04-01
M02234,device,D07929,2026-02-03 00:00:00,2026-04-01
M02235,ip,I07273,2026-03-18 00:00:00,2026-04-01
M02235,device,D07831,2026-03-18 00:00:00,2026-04-01
M02236,ip,I01244,2026-01-01 00:00:00,2026-04-01
M02236,device,D03902,2026-01-01 00:00:00,2026-04-01
M02237,ip,I03281,2026-01-01 00:00:00,2026-04-01
M02237,device,D03637,2026-01-01 00:00:00,2026-02-04
M02237,device,D00375,2026-02-04 00:00:00,2026-04-01
M02238,ip,I04144,2026-01-01 00:00:00,2026-04-01
M02238,device,D00169,2026-01-01 00:00:00,2026-04-01
M02239,ip,I07568,2026-01-01 00:00:00,2026-04-01
M02239,device,D03361,2026-01-01 00:00:00,2026-03-08
M02239,device,D04884,2026-03-08 00:00:00,2026-04-01
M02240,ip,I01772,2026-01-01 00:00:00,2026-04-01
M02240,device,D05951,2026-01-01 00:00:00,2026-04-01
M02241,ip,I05637,2026-01-01 00:00:00,2026-04-01
M02241,device,D05960,2026-01-01 00:00:00,2026-04-01
M02242,ip,I06802,2026-01-01 00:00:00,2026-04-01
M02242,device,D00832,2026-01-01 00:00:00,2026-04-01
M02243,ip,I06599,2026-01-01 00:00:00,2026-04-01
M02243,device,D07413,2026-01-01 00:00:00,2026-04-01
M02244,ip,I05424,2026-01-01 00:00:00,2026-01-29
M02244,device,D09739,2026-01-01 00:00:00,2026-04-01
M02245,ip,I06730,2026-01-01 00:00:00,2026-04-01
M02245,device,D02331,2026-01-01 00:00:00,2026-04-01
M02246,ip,I03016,2026-02-25 00:00:00,2026-04-01
M02246,device,D03513,2026-02-25 00:00:00,2026-04-01
M02247,ip,I01395,2026-01-01 00:00:00,2026-04-01
M02247,device,D05942,2026-01-01 00:00:00,2026-04-01
M02248,ip,I08816,2026-03-17 00:00:00,2026-04-01
M02248,device,D02598,2026-03-17 00:00:00,2026-04-01
M02249,ip,I01166,2026-01-01 00:00:00,2026-04-01
M02249,device,D09247,2026-01-01 00:00:00,2026-04-01
M02250,ip,I01100,2026-01-01 00:00:00,2026-04-01
M02250,device,D08180,2026-01-01 00:00:00,2026-04-01
M02251,ip,I06826,2026-01-01 00:00:00,2026-04-01
M02251,device,D00890,2026-01-01 00:00:00,2026-04-01
M02252,ip,I03400,2026-01-01 00:00:00,2026-04-01
M02252,device,D07047,2026-01-01 00:00:00,2026-04-01
M02253,ip,I06609,2026-01-01 00:00:00,2026-03-05
M02253,device,D04851,2026-01-01 00:00:00,2026-04-01
M02254,ip,I05285,2026-01-01 00:00:00,2026-04-01
M02254,device,D06076,2026-01-01 00:00:00,2026-02-07
M02254,device,D03591,2026-02-07 00:00:00,2026-04-01
M02255,ip,I05375,2026-01-01 00:00:00,2026-04-01
M02255,device,D09969,2026-01-01 00:00:00,2026-03-04
M02255,device,D01687,2026-03-04 00:00:00,2026-04-01
M02256,ip,I01408,2026-01-01 00:00:00,2026-04-01
M02256,device,D00719,2026-01-01 00:00:00,2026-04-01
M02257,ip,I09119,2026-02-17 00:00:00,2026-04-01
M02257,device,D05836,2026-02-17 00:00:00,2026-04-01
M02258,ip,I06185,2026-01-01 00:00:00,2026-04-01
M02258,device,D01472,2026-01-01 00:00:00,2026-04-01
M02259,ip,I09689,2026-01-01 00:00:00,2026-04-01
M02259,device,D06407,2026-01-01 00:00:00,2026-04-01
M02260,ip,I02442,2026-01-01 00:00:00,2026-04-01
M02260,device,D09799,2026-01-01 00:00:00,2026-04-01
M02261,ip,I09146,2026-02-03 00:00:00,2026-04-01
M02261,device,D08210,2026-02-03 00:00:00,2026-04-01
M02262,ip,I00263,2026-01-01 00:00:00,2026-04-01
M02262,device,D01203,2026-01-01 00:00:00,2026-04-01
M02263,ip,I07537,2026-01-22 00:00:00,2026-04-01
M02263,device,D08195,2026-01-22 00:00:00,2026-04-01
M02264,ip,I09875,2026-01-01 00:00:00,2026-04-01
M02264,device,D02592,2026-01-01 00:00:00,2026-04-01
M02265,ip,I08255,2026-03-04 00:00:00,2026-04-01
M02265,device,D06029,2026-03-04 00:00:00,2026-04-01
M02266,ip,I00396,2026-01-01 00:00:00,2026-04-01
M02266,device,D07880,2026-01-01 00:00:00,2026-04-01
M02267,ip,I03864,2026-01-01 00:00:00,2026-04-01
M02267,device,D08232,2026-01-01 00:00:00,2026-04-01
M02268,ip,I08789,2026-01-01 00:00:00,2026-01-13
M02268,device,D04028,2026-01-01 00:00:00,2026-04-01
M02269,ip,I07793,2026-01-01 00:00:00,2026-04-01
M02269,device,D01464,2026-01-01 00:00:00,2026-04-01
M02270,ip,I02966,2026-01-01 00:00:00,2026-04-01
M02270,device,D08146,2026-01-01 00:00:00,2026-04-01
M02271,ip,I01151,2026-01-01 00:00:00,2026-04-01
M02271,device,D06712,2026-01-01 00:00:00,2026-04-01
M02272,ip,I06461,2026-01-01 00:00:00,2026-01-31
M02272,device,D02265,2026-01-01 00:00:00,2026-01-31
M02273,ip,I02461,2026-01-01 00:00:00,2026-02-14
M02273,device,D09935,2026-01-01 00:00:00,2026-02-14
M02274,ip,I04546,2026-01-01 00:00:00,2026-04-01
M02274,device,D06226,2026-01-01 00:00:00,2026-04-01
M02275,ip,I08631,2026-02-15 00:00:00,2026-04-01
M02275,device,D08170,2026-02-15 00:00:00,2026-03-20
M02275,device,D05469,2026-03-20 00:00:00,2026-04-01
M02276,ip,I01015,2026-02-13 00:00:00,2026-04-01
M02276,device,D08020,2026-02-13 00:00:00,2026-04-01
M02277,ip,I06307,2026-01-01 00:00:00,2026-04-01
M02277,device,D07194,2026-01-01 00:00:00,2026-01-10
M02277,device,D00702,2026-01-10 00:00:00,2026-04-01
M02278,ip,I05373,2026-01-01 00:00:00,2026-04-01
M02278,device,D08800,2026-01-01 00:00:00,2026-04-01
M02279,ip,I00629,2026-01-01 00:00:00,2026-04-01
M02279,device,D08363,2026-01-01 00:00:00,2026-04-01
M02280,ip,I04821,2026-01-01 00:00:00,2026-04-01
M02280,device,D01362,2026-01-01 00:00:00,2026-01-31
M02280,device,D06480,2026-01-31 00:00:00,2026-04-01
M02281,ip,I00076,2026-01-01 00:00:00,2026-02-02
M02281,device,D03860,2026-01-01 00:00:00,2026-04-01
M02282,ip,I01217,2026-01-01 00:00:00,2026-04-01
M02282,device,D04669,2026-01-01 00:00:00,2026-02-10
M02282,device,D03756,2026-02-10 00:00:00,2026-04-01
M02283,ip,I09331,2026-01-01 00:00:00,2026-04-01
M02283,device,D00412,2026-01-01 00:00:00,2026-03-10
M02283,device,D02857,2026-03-10 00:00:00,2026-04-01
M02284,ip,I02690,2026-01-01 00:00:00,2026-04-01
M02284,device,D03162,2026-01-01 00:00:00,2026-04-01
M02285,ip,I08495,2026-03-16 00:00:00,2026-04-01
M02285,device,D01462,2026-03-16 00:00:00,2026-03-26
M02285,device,D03874,2026-03-26 00:00:00,2026-04-01
M02286,ip,I07755,2026-01-01 00:00:00,2026-04-01
M02286,device,D00892,2026-01-01 00:00:00,2026-04-01
M02287,ip,I00765,2026-01-01 00:00:00,2026-04-01
M02287,device,D04417,2026-01-01 00:00:00,2026-04-01
M02288,ip,I07507,2026-01-01 00:00:00,2026-04-01
M02288,device,D01261,2026-01-01 00:00:00,2026-01-06
M02288,device,D03241,2026-01-06 00:00:00,2026-04-01
M02289,ip,I07786,2026-01-01 00:00:00,2026-04-01
M02289,device,D01520,2026-01-01 00:00:00,2026-04-01
M02290,ip,I01262,2026-01-22 00:00:00,2026-04-01
M02290,device,D01973,2026-01-22 00:00:00,2026-02-06
M02290,device,D01540,2026-02-06 00:00:00,2026-04-01
M02291,ip,I08367,2026-01-01 00:00:00,2026-04-01
M02291,device,D00183,2026-01-01 00:00:00,2026-04-01
M02292,ip,I00614,2026-01-01 00:00:00,2026-04-01
M02292,device,D06948,2026-01-01 00:00:00,2026-03-02
M02292,device,D03446,2026-03-02 00:00:00,2026-04-01
M02293,ip,I06335,2026-02-20 00:00:00,2026-04-01
M02293,device,D06821,2026-02-20 00:00:00,2026-04-01
M02294,ip,I03341,2026-01-01 00:00:00,2026-04-01
M02294,device,D07657,2026-01-01 00:00:00,2026-04-01
M02295,ip,I07977,2026-01-05 00:00:00,2026-04-01
M02295,device,D05855,2026-01-05 00:00:00,2026-04-01
M02296,ip,I03987,2026-01-01 00:00:00,2026-04-01
M02296,device,D02959,2026-01-01 00:00:00,2026-04-01
M02297,ip,I06300,2026-01-01 00:00:00,2026-04-01
M02297,device,D04508,2026-01-01 00:00:00,2026-01-12
M02297,device,D00738,2026-01-12 00:00:00,2026-04-01
M02298,ip,I02515,2026-01-01 00:00:00,2026-04-01
M02298,device,D05314,2026-01-01 00:00:00,2026-04-01
M02299,ip,I02996,2026-01-01 00:00:00,2026-04-01
M02299,device,D03933,2026-01-01 00:00:00,2026-03-26
M02299,device,D03474,2026-03-26 00:00:00,2026-04-01
M02300,ip,I09428,2026-01-01 00:00:00,2026-04-01
M02300,device,D05037,2026-01-01 00:00:00,2026-04-01
M02301,ip,I07066,2026-01-01 00:00:00,2026-04-01
M02301,device,D09317,2026-01-01 00:00:00,2026-04-01
M02302,ip,I09547,2026-02-17 00:00:00,2026-04-01
M02302,device,D06240,2026-02-17 00:00:00,2026-03-13
M02302,device,D09901,2026-03-13 00:00:00,2026-04-01
M02303,ip,I02445,2026-01-14 00:00:00,2026-04-01
M02303,device,D06518,2026-01-14 00:00:00,2026-03-21
M02303,device,D08597,2026-03-21 00:00:00,2026-04-01
M02304,ip,I00324,2026-01-01 00:00:00,2026-04-01
M02304,device,D07232,2026-01-01 00:00:00,2026-04-01
M02305,ip,I02663,2026-01-01 00:00:00,2026-02-16
M02305,device,D05691,2026-01-01 00:00:00,2026-04-01
M02306,ip,I03820,2026-03-18 00:00:00,2026-04-01
M02306,device,D08265,2026-03-18 00:00:00,2026-04-01
M02307,ip,I04186,2026-01-01 00:00:00,2026-04-01
M02307,device,D06274,2026-01-01 00:00:00,2026-04-01
M02308,ip,I05947,2026-01-01 00:00:00,2026-04-01
M02308,device,D02127,2026-01-01 00:00:00,2026-01-18
M02308,device,D06155,2026-01-18 00:00:00,2026-04-01
M02309,ip,I08672,2026-02-02 00:00:00,2026-04-01
M02309,device,D05979,2026-02-02 00:00:00,2026-04-01
M02310,ip,I07800,2026-01-01 00:00:00,2026-04-01
M02310,device,D09218,2026-01-01 00:00:00,2026-04-01
M02311,ip,I09091,2026-01-01 00:00:00,2026-04-01
M02311,device,D01831,2026-01-01 00:00:00,2026-04-01
M02312,ip,I01121,2026-01-01 00:00:00,2026-04-01
M02312,device,D05836,2026-01-01 00:00:00,2026-04-01
M02313,ip,I07989,2026-01-01 00:00:00,2026-04-01
M02313,device,D09022,2026-01-01 00:00:00,2026-01-13
M02313,device,D06565,2026-01-13 00:00:00,2026-04-01
M02314,ip,I04131,2026-01-01 00:00:00,2026-04-01
M02314,device,D02817,2026-01-01 00:00:00,2026-01-26
M02314,device,D01046,2026-01-26 00:00:00,2026-04-01
M02315,ip,I06289,2026-01-01 00:00:00,2026-04-01
M02315,device,D09428,2026-01-01 00:00:00,2026-02-15
M02315,device,D09733,2026-02-15 00:00:00,2026-04-01
M02316,ip,I05864,2026-01-01 00:00:00,2026-04-01
M02316,device,D07438,2026-01-01 00:00:00,2026-04-01
M02317,ip,I00621,2026-01-01 00:00:00,2026-04-01
M02317,device,D08985,2026-01-01 00:00:00,2026-04-01
M02318,ip,I07926,2026-01-01 00:00:00,2026-02-02
M02318,device,D07207,2026-01-01 00:00:00,2026-04-01
M02319,ip,I02453,2026-01-01 00:00:00,2026-04-01
M02319,device,D06016,2026-01-01 00:00:00,2026-04-01
M02320,ip,I08918,2026-01-01 00:00:00,2026-04-01
M02320,device,D01525,2026-01-01 00:00:00,2026-03-25
M02320,device,D01461,2026-03-25 00:00:00,2026-04-01
M02321,ip,I00690,2026-01-01 00:00:00,2026-04-01
M02321,device,D03751,2026-01-01 00:00:00,2026-04-01
M02322,ip,I08435,2026-01-01 00:00:00,2026-04-01
M02322,device,D03147,2026-01-01 00:00:00,2026-02-02
M02322,device,D00575,2026-02-02 00:00:00,2026-04-01
M02323,ip,I00647,2026-01-01 00:00:00,2026-04-01
M02323,device,D08880,2026-01-01 00:00:00,2026-01-13
M02323,device,D05484,2026-01-13 00:00:00,2026-04-01
M02324,ip,I09705,2026-01-01 00:00:00,2026-04-01
M02324,device,D01159,2026-01-01 00:00:00,2026-04-01
M02325,ip,I02815,2026-01-01 00:00:00,2026-02-10
M02325,device,D09074,2026-01-01 00:00:00,2026-04-01
M02326,ip,I00195,2026-03-05 00:00:00,2026-04-01
M02326,device,D05578,2026-03-05 00:00:00,2026-03-25
M02326,device,D04707,2026-03-25 00:00:00,2026-04-01
M02327,ip,I02841,2026-01-01 00:00:00,2026-04-01
M02327,device,D06149,2026-01-01 00:00:00,2026-03-13
M02327,device,D00644,2026-03-13 00:00:00,2026-04-01
M02328,ip,I00532,2026-02-20 00:00:00,2026-04-01
M02328,device,D03665,2026-02-20 00:00:00,2026-04-01
M02329,ip,I09660,2026-01-01 00:00:00,2026-04-01
M02329,device,D06750,2026-01-01 00:00:00,2026-02-27
M02329,device,D01566,2026-02-27 00:00:00,2026-04-01
M02330,ip,I02202,2026-02-21 00:00:00,2026-04-01
M02330,device,D00862,2026-02-21 00:00:00,2026-04-01
M02331,ip,I04600,2026-01-01 00:00:00,2026-04-01
M02331,device,D09091,2026-01-01 00:00:00,2026-04-01
M02332,ip,I02933,2026-01-01 00:00:00,2026-04-01
M02332,device,D00284,2026-01-01 00:00:00,2026-04-01
M02333,ip,I07812,2026-01-01 00:00:00,2026-01-28
M02333,device,D08308,2026-01-01 00:00:00,2026-04-01
M02334,ip,I04593,2026-01-01 00:00:00,2026-04-01
M02334,device,D05779,2026-01-01 00:00:00,2026-03-05
M02334,device,D04159,2026-03-05 00:00:00,2026-04-01
M02335,ip,I08527,2026-01-01 00:00:00,2026-04-01
M02335,device,D03814,2026-01-01 00:00:00,2026-04-01
M02336,ip,I04895,2026-01-01 00:00:00,2026-02-15
M02336,device,D02517,2026-01-01 00:00:00,2026-03-23
M02336,device,D08616,2026-03-23 00:00:00,2026-04-01
M02337,ip,I03845,2026-01-01 00:00:00,2026-04-01
M02337,device,D02823,2026-01-01 00:00:00,2026-04-01
M02338,ip,I05263,2026-01-01 00:00:00,2026-04-01
M02338,device,D00553,2026-01-01 00:00:00,2026-03-12
M02338,device,D05659,2026-03-12 00:00:00,2026-04-01
M02339,ip,I06225,2026-01-01 00:00:00,2026-04-01
M02339,device,D01036,2026-01-01 00:00:00,2026-04-01
M02340,ip,I09426,2026-01-01 00:00:00,2026-04-01
M02340,device,D06705,2026-01-01 00:00:00,2026-04-01
M02341,ip,I00101,2026-01-01 00:00:00,2026-04-01
M02341,device,D05597,2026-01-01 00:00:00,2026-04-01
M02342,ip,I01223,2026-01-01 00:00:00,2026-04-01
M02342,device,D05942,2026-01-01 00:00:00,2026-04-01
M02343,ip,I02464,2026-01-01 00:00:00,2026-04-01
M02343,device,D04356,2026-01-01 00:00:00,2026-01-08
M02343,device,D05641,2026-01-08 00:00:00,2026-04-01
M02344,ip,I03006,2026-01-01 00:00:00,2026-04-01
M02344,device,D00150,2026-01-01 00:00:00,2026-04-01
M02345,ip,I09157,2026-01-01 00:00:00,2026-04-01
M02345,device,D02443,2026-01-01 00:00:00,2026-04-01
M02346,ip,I07083,2026-01-01 00:00:00,2026-04-01
M02346,device,D02958,2026-01-01 00:00:00,2026-02-06
M02346,device,D02213,2026-02-06 00:00:00,2026-04-01
M02347,ip,I01071,2026-01-01 00:00:00,2026-04-01
M02347,device,D06413,2026-01-01 00:00:00,2026-04-01
M02348,ip,I04589,2026-01-01 00:00:00,2026-04-01
M02348,device,D05518,2026-01-01 00:00:00,2026-04-01
M02349,ip,I02488,2026-02-20 00:00:00,2026-04-01
M02349,device,D01299,2026-02-20 00:00:00,2026-04-01
M02350,ip,I08266,2026-01-01 00:00:00,2026-04-01
M02350,device,D03935,2026-01-01 00:00:00,2026-04-01
M02351,ip,I02935,2026-01-01 00:00:00,2026-01-26
M02351,device,D05597,2026-01-01 00:00:00,2026-04-01
M02352,ip,I06080,2026-01-10 00:00:00,2026-04-01
M02352,device,D02899,2026-01-10 00:00:00,2026-03-11
M02352,device,D08446,2026-03-11 00:00:00,2026-04-01
M02353,ip,I08126,2026-01-01 00:00:00,2026-04-01
M02353,device,D02473,2026-01-01 00:00:00,2026-04-01
M02354,ip,I06500,2026-02-11 00:00:00,2026-04-01
M02354,device,D01988,2026-02-11 00:00:00,2026-04-01
M02355,ip,I08558,2026-01-03 00:00:00,2026-04-01
M02355,device,D05115,2026-01-03 00:00:00,2026-01-10
M02355,device,D08523,2026-01-10 00:00:00,2026-04-01
M02356,ip,I08781,2026-02-10 00:00:00,2026-04-01
M02356,device,D05905,2026-02-10 00:00:00,2026-04-01
M02357,ip,I06270,2026-01-01 00:00:00,2026-04-01
M02357,device,D06816,2026-01-01 00:00:00,2026-04-01
M02358,ip,I03846,2026-03-09 00:00:00,2026-04-01
M02358,device,D09009,2026-03-09 00:00:00,2026-04-01
M02359,ip,I08626,2026-01-01 00:00:00,2026-04-01
M02359,device,D00819,2026-01-01 00:00:00,2026-02-05
M02359,device,D01373,2026-02-05 00:00:00,2026-04-01
M02360,ip,I08804,2026-01-01 00:00:00,2026-01-23
M02360,device,D06295,2026-01-01 00:00:00,2026-04-01
M02361,ip,I07864,2026-01-01 00:00:00,2026-04-01
M02361,device,D00183,2026-01-01 00:00:00,2026-02-18
M02361,device,D04911,2026-02-18 00:00:00,2026-04-01
M02362,ip,I04122,2026-01-01 00:00:00,2026-04-01
M02362,device,D08710,2026-01-01 00:00:00,2026-01-19
M02362,device,D01563,2026-01-19 00:00:00,2026-04-01
M02363,ip,I08464,2026-01-12 00:00:00,2026-02-02
M02363,device,D02606,2026-01-12 00:00:00,2026-04-01
M02364,ip,I03625,2026-01-01 00:00:00,2026-04-01
M02364,device,D06641,2026-01-01 00:00:00,2026-02-12
M02364,device,D06785,2026-02-12 00:00:00,2026-04-01
M02365,ip,I03616,2026-01-01 00:00:00,2026-04-01
M02365,device,D03793,2026-01-01 00:00:00,2026-04-01
M02366,ip,I01583,2026-03-26 00:00:00,2026-01-23
M02366,device,D08502,2026-03-26 00:00:00,2026-04-01
M02367,ip,I09114,2026-01-01 00:00:00,2026-02-15
M02367,device,D01113,2026-01-01 00:00:00,2026-04-01
M02368,ip,I07785,2026-01-01 00:00:00,2026-04-01
M02368,device,D00676,2026-01-01 00:00:00,2026-04-01
M02369,ip,I07767,2026-01-01 00:00:00,2026-04-01
M02369,device,D05390,2026-01-01 00:00:00,2026-04-01
M02370,ip,I07143,2026-01-01 00:00:00,2026-04-01
M02370,device,D04354,2026-01-01 00:00:00,2026-04-01
M02371,ip,I00708,2026-01-01 00:00:00,2026-04-01
M02371,device,D05670,2026-01-01 00:00:00,2026-03-04
M02371,device,D09248,2026-03-04 00:00:00,2026-04-01
M02372,ip,I09540,2026-01-01 00:00:00,2026-01-27
M02372,device,D08528,2026-01-01 00:00:00,2026-04-01
M02373,ip,I00526,2026-01-01 00:00:00,2026-04-01
M02373,device,D00372,2026-01-01 00:00:00,2026-04-01
M02374,ip,I09685,2026-01-01 00:00:00,2026-04-01
M02374,device,D05065,2026-01-01 00:00:00,2026-04-01
M02375,ip,I09125,2026-01-01 00:00:00,2026-04-01
M02375,device,D09840,2026-01-01 00:00:00,2026-04-01
M02376,ip,I07442,2026-03-18 00:00:00,2026-04-01
M02376,device,D00196,2026-03-18 00:00:00,2026-04-01
M02377,ip,I06541,2026-01-01 00:00:00,2026-04-01
M02377,device,D01678,2026-01-01 00:00:00,2026-04-01
M02378,ip,I06757,2026-01-01 00:00:00,2026-04-01
M02378,device,D06983,2026-01-01 00:00:00,2026-01-31
M02378,device,D08802,2026-01-31 00:00:00,2026-04-01
M02379,ip,I03781,2026-01-01 00:00:00,2026-02-15
M02379,device,D05049,2026-01-01 00:00:00,2026-04-01
M02380,ip,I08032,2026-01-01 00:00:00,2026-04-01
M02380,device,D06145,2026-01-01 00:00:00,2026-03-25
M02380,device,D05824,2026-03-25 00:00:00,2026-04-01
M02381,ip,I05715,2026-01-01 00:00:00,2026-04-01
M02381,device,D09207,2026-01-01 00:00:00,2026-02-21
M02381,device,D03260,2026-02-21 00:00:00,2026-04-01
M02382,ip,I05817,2026-01-01 00:00:00,2026-04-01
M02382,device,D03690,2026-01-01 00:00:00,2026-04-01
M02383,ip,I03628,2026-01-01 00:00:00,2026-04-01
M02383,device,D08367,2026-01-01 00:00:00,2026-04-01
M02384,ip,I02553,2026-01-01 00:00:00,2026-04-01
M02384,device,D08367,2026-01-01 00:00:00,2026-04-01
M02385,ip,I08969,2026-01-01 00:00:00,2026-04-01
M02385,device,D07296,2026-01-01 00:00:00,2026-01-23
M02385,device,D07539,2026-01-23 00:00:00,2026-04-01
M02386,ip,I09712,2026-01-01 00:00:00,2026-04-01
M02386,device,D00766,2026-01-01 00:00:00,2026-01-12
M02386,device,D00091,2026-01-12 00:00:00,2026-04-01
M02387,ip,I09786,2026-01-04 00:00:00,2026-04-01
M02387,device,D05825,2026-01-04 00:00:00,2026-04-01
M02388,ip,I07769,2026-01-01 00:00:00,2026-04-01
M02388,device,D06862,2026-01-01 00:00:00,2026-04-01
M02389,ip,I01603,2026-01-01 00:00:00,2026-01-25
M02389,device,D03711,2026-01-01 00:00:00,2026-04-01
M02390,ip,I08408,2026-01-01 00:00:00,2026-04-01
M02390,device,D05291,2026-01-01 00:00:00,2026-01-21
M02390,device,D08476,2026-01-21 00:00:00,2026-04-01
M02391,ip,I06226,2026-01-01 00:00:00,2026-04-01
M02391,device,D08880,2026-01-01 00:00:00,2026-04-01
M02392,ip,I02939,2026-01-01 00:00:00,2026-04-01
M02392,device,D04568,2026-01-01 00:00:00,2026-01-28
M02392,device,D05832,2026-01-28 00:00:00,2026-04-01
M02393,ip,I09605,2026-01-01 00:00:00,2026-04-01
M02393,device,D05658,2026-01-01 00:00:00,2026-04-01
M02394,ip,I09648,2026-01-01 00:00:00,2026-04-01
M02394,device,D07250,2026-01-01 00:00:00,2026-03-21
M02394,device,D05850,2026-03-21 00:00:00,2026-04-01
M02395,ip,I04604,2026-01-01 00:00:00,2026-04-01
M02395,device,D08793,2026-01-01 00:00:00,2026-04-01
M02396,ip,I02042,2026-03-10 00:00:00,2026-04-01
M02396,device,D09323,2026-03-10 00:00:00,2026-04-01
M02397,ip,I07912,2026-02-10 00:00:00,2026-04-01
M02397,device,D01875,2026-02-10 00:00:00,2026-04-01
M02398,ip,I00042,2026-01-01 00:00:00,2026-04-01
M02398,device,D01258,2026-01-01 00:00:00,2026-04-01
M02399,ip,I09941,2026-01-01 00:00:00,2026-02-02
M02399,device,D02611,2026-01-01 00:00:00,2026-04-01
M02400,ip,I02962,2026-01-01 00:00:00,2026-02-15
M02400,device,D06674,2026-01-01 00:00:00,2026-04-01
M02401,ip,I03226,2026-01-01 00:00:00,2026-04-01
M02401,device,D07853,2026-01-01 00:00:00,2026-04-01
M02402,ip,I04445,2026-01-01 00:00:00,2026-04-01
M02402,device,D06866,2026-01-01 00:00:00,2026-04-01
M02403,ip,I04646,2026-02-07 00:00:00,2026-04-01
M02403,device,D02961,2026-02-07 00:00:00,2026-02-13
M02403,device,D00358,2026-02-13 00:00:00,2026-04-01
M02404,ip,I03712,2026-03-21 00:00:00,2026-04-01
M02404,device,D02904,2026-03-21 00:00:00,2026-04-01
M02405,ip,I08850,2026-01-21 00:00:00,2026-04-01
M02405,device,D05455,2026-01-21 00:00:00,2026-04-01
M02406,ip,I01102,2026-01-21 00:00:00,2026-04-01
M02406,device,D04291,2026-01-21 00:00:00,2026-04-01
M02407,ip,I06046,2026-01-31 00:00:00,2026-04-01
M02407,device,D06058,2026-01-31 00:00:00,2026-04-01
M02408,ip,I06976,2026-01-01 00:00:00,2026-04-01
M02408,device,D09903,2026-01-01 00:00:00,2026-04-01
M02409,ip,I00965,2026-01-01 00:00:00,2026-04-01
M02409,device,D08279,2026-01-01 00:00:00,2026-04-01
M02410,ip,I05124,2026-01-01 00:00:00,2026-04-01
M02410,device,D09432,2026-01-01 00:00:00,2026-04-01
M02411,ip,I01670,2026-01-01 00:00:00,2026-04-01
M02411,device,D03933,2026-01-01 00:00:00,2026-04-01
M02412,ip,I00444,2026-02-01 00:00:00,2026-04-01
M02412,device,D06552,2026-02-01 00:00:00,2026-04-01
M02413,ip,I06632,2026-01-01 00:00:00,2026-04-01
M02413,device,D00167,2026-01-01 00:00:00,2026-04-01
M02414,ip,I09890,2026-01-01 00:00:00,2026-01-28
M02414,device,D05407,2026-01-01 00:00:00,2026-04-01
M02415,ip,I05396,2026-01-01 00:00:00,2026-04-01
M02415,device,D05286,2026-01-01 00:00:00,2026-03-13
M02415,device,D09476,2026-03-13 00:00:00,2026-04-01
M02416,ip,I05911,2026-01-01 00:00:00,2026-04-01
M02416,device,D01852,2026-01-01 00:00:00,2026-04-01
M02417,ip,I05809,2026-01-01 00:00:00,2026-04-01
M02417,device,D03215,2026-01-01 00:00:00,2026-04-01
M02418,ip,I09408,2026-01-01 00:00:00,2026-04-01
M02418,device,D08386,2026-01-01 00:00:00,2026-04-01
M02419,ip,I00774,2026-01-01 00:00:00,2026-04-01
M02419,device,D07730,2026-01-01 00:00:00,2026-04-01
M02420,ip,I07878,2026-02-24 00:00:00,2026-04-01
M02420,device,D04917,2026-02-24 00:00:00,2026-04-01
M02421,ip,I00272,2026-03-06 00:00:00,2026-02-28
M02421,device,D04675,2026-03-06 00:00:00,2026-03-21
M02421,device,D07673,2026-03-21 00:00:00,2026-04-01
M02422,ip,I03760,2026-01-01 00:00:00,2026-02-24
M02422,device,D04178,2026-01-01 00:00:00,2026-02-24
M02423,ip,I01332,2026-01-01 00:00:00,2026-04-01
M02423,device,D01039,2026-01-01 00:00:00,2026-01-17
M02423,device,D05213,2026-01-17 00:00:00,2026-04-01
M02424,ip,I06978,2026-02-20 00:00:00,2026-04-01
M02424,device,D09121,2026-02-20 00:00:00,2026-03-01
M02424,device,D08799,2026-03-01 00:00:00,2026-04-01
M02425,ip,I05926,2026-01-01 00:00:00,2026-02-12
M02425,device,D09834,2026-01-01 00:00:00,2026-01-09
M02425,device,D01091,2026-01-09 00:00:00,2026-02-12
M02426,ip,I04315,2026-01-01 00:00:00,2026-04-01
M02426,device,D03668,2026-01-01 00:00:00,2026-04-01
M02427,ip,I03651,2026-01-01 00:00:00,2026-04-01
M02427,device,D03407,2026-01-01 00:00:00,2026-04-01
M02428,ip,I09935,2026-01-24 00:00:00,2026-04-01
M02428,device,D07655,2026-01-24 00:00:00,2026-04-01
M02429,ip,I05761,2026-01-01 00:00:00,2026-02-13
M02429,device,D05875,2026-01-01 00:00:00,2026-04-01
M02430,ip,I04832,2026-01-15 00:00:00,2026-04-01
M02430,device,D07415,2026-01-15 00:00:00,2026-04-01
M02431,ip,I05487,2026-01-01 00:00:00,2026-04-01
M02431,device,D04307,2026-01-01 00:00:00,2026-03-21
M02431,device,D09991,2026-03-21 00:00:00,2026-04-01
M02432,ip,I09010,2026-01-01 00:00:00,2026-01-12
M02432,device,D09072,2026-01-01 00:00:00,2026-04-01
M02433,ip,I04977,2026-02-06 00:00:00,2026-04-01
M02433,device,D08831,2026-02-06 00:00:00,2026-03-02
M02433,device,D08531,2026-03-02 00:00:00,2026-04-01
M02434,ip,I00661,2026-01-01 00:00:00,2026-04-01
M02434,device,D08395,2026-01-01 00:00:00,2026-04-01
M02435,ip,I09452,2026-03-19 00:00:00,2026-04-01
M02435,device,D04115,2026-03-19 00:00:00,2026-03-26
M02435,device,D01312,2026-03-26 00:00:00,2026-04-01
M02436,ip,I02780,2026-01-27 00:00:00,2026-04-01
M02436,device,D05234,2026-01-27 00:00:00,2026-02-19
M02436,device,D03528,2026-02-19 00:00:00,2026-04-01
M02437,ip,I04980,2026-01-01 00:00:00,2026-04-01
M02437,device,D02139,2026-01-01 00:00:00,2026-04-01
M02438,ip,I09363,2026-01-08 00:00:00,2026-04-01
M02438,device,D00015,2026-01-08 00:00:00,2026-04-01
M02439,ip,I04952,2026-01-01 00:00:00,2026-04-01
M02439,device,D02316,2026-01-01 00:00:00,2026-04-01
M02440,ip,I06117,2026-03-16 00:00:00,2026-04-01
M02440,device,D04515,2026-03-16 00:00:00,2026-04-01
M02441,ip,I06838,2026-03-19 00:00:00,2026-04-01
M02441,device,D05838,2026-03-19 00:00:00,2026-03-24
M02441,device,D09767,2026-03-24 00:00:00,2026-04-01
M02442,ip,I09738,2026-01-01 00:00:00,2026-04-01
M02442,device,D07180,2026-01-01 00:00:00,2026-04-01
M02443,ip,I07463,2026-01-01 00:00:00,2026-04-01
M02443,device,D05284,2026-01-01 00:00:00,2026-04-01
M02444,ip,I03396,2026-01-01 00:00:00,2026-04-01
M02444,device,D03616,2026-01-01 00:00:00,2026-04-01
M02445,ip,I03220,2026-01-29 00:00:00,2026-04-01
M02445,device,D06659,2026-01-29 00:00:00,2026-04-01
M02446,ip,I02878,2026-01-01 00:00:00,2026-01-31
M02446,device,D01399,2026-01-01 00:00:00,2026-01-20
M02446,device,D08230,2026-01-20 00:00:00,2026-04-01
M02447,ip,I01557,2026-01-01 00:00:00,2026-01-30
M02447,device,D08114,2026-01-01 00:00:00,2026-04-01
M02448,ip,I05295,2026-01-01 00:00:00,2026-04-01
M02448,device,D01735,2026-01-01 00:00:00,2026-04-01
M02449,ip,I09993,2026-01-01 00:00:00,2026-04-01
M02449,device,D03137,2026-01-01 00:00:00,2026-04-01
M02450,ip,I05337,2026-01-01 00:00:00,2026-04-01
M02450,device,D02815,2026-01-01 00:00:00,2026-04-01
M02451,ip,I00638,2026-01-01 00:00:00,2026-04-01
M02451,device,D05154,2026-01-01 00:00:00,2026-04-01
M02452,ip,I07584,2026-01-01 00:00:00,2026-04-01
M02452,device,D00648,2026-01-01 00:00:00,2026-01-07
M02452,device,D03607,2026-01-07 00:00:00,2026-04-01
M02453,ip,I03698,2026-01-01 00:00:00,2026-04-01
M02453,device,D06332,2026-01-01 00:00:00,2026-04-01
M02454,ip,I09413,2026-01-01 00:00:00,2026-04-01
M02454,device,D08349,2026-01-01 00:00:00,2026-04-01
M02455,ip,I05101,2026-03-26 00:00:00,2026-04-01
M02455,device,D09780,2026-03-26 00:00:00,2026-04-01
M02456,ip,I07800,2026-01-01 00:00:00,2026-04-01
M02456,device,D09181,2026-01-01 00:00:00,2026-04-01
M02457,ip,I00946,2026-03-06 00:00:00,2026-04-01
M02457,device,D08078,2026-03-06 00:00:00,2026-04-01
M02458,ip,I03291,2026-01-01 00:00:00,2026-04-01
M02458,device,D00173,2026-01-01 00:00:00,2026-02-11
M02458,device,D01621,2026-02-11 00:00:00,2026-04-01
M02459,ip,I09218,2026-01-01 00:00:00,2026-04-01
M02459,device,D09102,2026-01-01 00:00:00,2026-04-01
M02460,ip,I08470,2026-01-01 00:00:00,2026-04-01
M02460,device,D09184,2026-01-01 00:00:00,2026-04-01
M02461,ip,I09646,2026-01-21 00:00:00,2026-02-15
M02461,device,D04584,2026-01-21 00:00:00,2026-04-01
M02462,ip,I03806,2026-02-21 00:00:00,2026-04-01
M02462,device,D02418,2026-02-21 00:00:00,2026-04-01
M02463,ip,I00159,2026-01-01 00:00:00,2026-04-01
M02463,device,D08619,2026-01-01 00:00:00,2026-04-01
M02464,ip,I00109,2026-01-01 00:00:00,2026-04-01
M02464,device,D04250,2026-01-01 00:00:00,2026-04-01
M02465,ip,I06688,2026-01-01 00:00:00,2026-04-01
M02465,device,D09078,2026-01-01 00:00:00,2026-04-01
M02466,ip,I06442,2026-01-05 00:00:00,2026-04-01
M02466,device,D09001,2026-01-05 00:00:00,2026-04-01
M02467,ip,I03004,2026-01-01 00:00:00,2026-04-01
M02467,device,D00636,2026-01-01 00:00:00,2026-04-01
M02468,ip,I07498,2026-03-17 00:00:00,2026-04-01
M02468,device,D09505,2026-03-17 00:00:00,2026-03-25
M02468,device,D08592,2026-03-25 00:00:00,2026-04-01
M02469,ip,I03354,2026-01-01 00:00:00,2026-04-01
M02469,device,D00502,2026-01-01 00:00:00,2026-04-01
M02470,ip,I09599,2026-02-28 00:00:00,2026-04-01
M02470,device,D01422,2026-02-28 00:00:00,2026-04-01
M02471,ip,I06219,2026-02-26 00:00:00,2026-04-01
M02471,device,D08694,2026-02-26 00:00:00,2026-03-25
M02471,device,D02061,2026-03-25 00:00:00,2026-04-01
M02472,ip,I02994,2026-01-01 00:00:00,2026-04-01
M02472,device,D06382,2026-01-01 00:00:00,2026-04-01
M02473,ip,I08624,2026-01-01 00:00:00,2026-04-01
M02473,device,D01873,2026-01-01 00:00:00,2026-04-01
M02474,ip,I05431,2026-01-01 00:00:00,2026-04-01
M02474,device,D01632,2026-01-01 00:00:00,2026-04-01
M02475,ip,I04114,2026-01-01 00:00:00,2026-04-01
M02475,device,D06162,2026-01-01 00:00:00,2026-04-01
M02476,ip,I06711,2026-01-01 00:00:00,2026-04-01
M02476,device,D08700,2026-01-01 00:00:00,2026-04-01
M02477,ip,I09722,2026-01-01 00:00:00,2026-02-06
M02477,device,D09605,2026-01-01 00:00:00,2026-04-01
M02478,ip,I06099,2026-01-01 00:00:00,2026-04-01
M02478,device,D01859,2026-01-01 00:00:00,2026-04-01
M02479,ip,I08392,2026-01-01 00:00:00,2026-04-01
M02479,device,D08443,2026-01-01 00:00:00,2026-04-01
M02480,ip,I01147,2026-01-01 00:00:00,2026-04-01
M02480,device,D03611,2026-01-01 00:00:00,2026-04-01
M02481,ip,I06610,2026-01-01 00:00:00,2026-02-12
M02481,device,D05104,2026-01-01 00:00:00,2026-04-01
M02482,ip,I04248,2026-01-01 00:00:00,2026-04-01
M02482,device,D05852,2026-01-01 00:00:00,2026-04-01
M02483,ip,I06889,2026-01-01 00:00:00,2026-02-08
M02483,device,D04593,2026-01-01 00:00:00,2026-04-01
M02484,ip,I00785,2026-01-01 00:00:00,2026-04-01
M02484,device,D09790,2026-01-01 00:00:00,2026-04-01
M02485,ip,I07699,2026-01-01 00:00:00,2026-04-01
M02485,device,D01332,2026-01-01 00:00:00,2026-01-06
M02485,device,D08689,2026-01-06 00:00:00,2026-04-01
M02486,ip,I04649,2026-01-01 00:00:00,2026-04-01
M02486,device,D00094,2026-01-01 00:00:00,2026-01-23
M02486,device,D03174,2026-01-23 00:00:00,2026-04-01
M02487,ip,I05396,2026-01-01 00:00:00,2026-04-01
M02487,device,D08933,2026-01-01 00:00:00,2026-04-01
M02488,ip,I06494,2026-01-01 00:00:00,2026-04-01
M02488,device,D07687,2026-01-01 00:00:00,2026-04-01
M02489,ip,I03699,2026-01-01 00:00:00,2026-04-01
M02489,device,D01379,2026-01-01 00:00:00,2026-04-01
M02490,ip,I04776,2026-02-19 00:00:00,2026-04-01
M02490,device,D08369,2026-02-19 00:00:00,2026-04-01
M02491,ip,I02872,2026-01-01 00:00:00,2026-04-01
M02491,device,D08390,2026-01-01 00:00:00,2026-03-12
M02491,device,D03683,2026-03-12 00:00:00,2026-04-01
M02492,ip,I06559,2026-01-01 00:00:00,2026-04-01
M02492,device,D02544,2026-01-01 00:00:00,2026-04-01
M02493,ip,I06821,2026-01-01 00:00:00,2026-04-01
M02493,device,D03555,2026-01-01 00:00:00,2026-04-01
M02494,ip,I07738,2026-02-07 00:00:00,2026-04-01
M02494,device,D03840,2026-02-07 00:00:00,2026-04-01
M02495,ip,I04843,2026-01-03 00:00:00,2026-04-01
M02495,device,D03405,2026-01-03 00:00:00,2026-01-21
M02495,device,D09038,2026-01-21 00:00:00,2026-04-01
M02496,ip,I01422,2026-01-01 00:00:00,2026-04-01
M02496,device,D03639,2026-01-01 00:00:00,2026-03-26
M02496,device,D06092,2026-03-26 00:00:00,2026-04-01
M02497,ip,I01903,2026-01-10 00:00:00,2026-04-01
M02497,device,D00244,2026-01-10 00:00:00,2026-04-01
M02498,ip,I06948,2026-01-01 00:00:00,2026-04-01
M02498,device,D09643,2026-01-01 00:00:00,2026-04-01
M02499,ip,I05271,2026-01-01 00:00:00,2026-04-01
M02499,device,D05038,2026-01-01 00:00:00,2026-04-01
M02500,ip,I00390,2026-01-27 00:00:00,2026-04-01
M02500,device,D08574,2026-01-27 00:00:00,2026-04-01
M02501,ip,I06065,2026-03-05 00:00:00,2026-04-01
M02501,device,D06833,2026-03-05 00:00:00,2026-04-01
M02502,ip,I08995,2026-01-01 00:00:00,2026-04-01
M02502,device,D04275,2026-01-01 00:00:00,2026-01-25
M02502,device,D05302,2026-01-25 00:00:00,2026-04-01
M02503,ip,I01072,2026-01-01 00:00:00,2026-04-01
M02503,device,D04741,2026-01-01 00:00:00,2026-03-18
M02503,device,D07211,2026-03-18 00:00:00,2026-04-01
M02504,ip,I09071,2026-01-01 00:00:00,2026-04-01
M02504,device,D09556,2026-01-01 00:00:00,2026-04-01
M02505,ip,I01202,2026-01-01 00:00:00,2026-04-01
M02505,device,D05057,2026-01-01 00:00:00,2026-03-13
M02505,device,D02044,2026-03-13 00:00:00,2026-04-01
M02506,ip,I00861,2026-01-01 00:00:00,2026-04-01
M02506,device,D08909,2026-01-01 00:00:00,2026-03-11
M02506,device,D01062,2026-03-11 00:00:00,2026-04-01
M02507,ip,I02622,2026-01-13 00:00:00,2026-04-01
M02507,device,D07271,2026-01-13 00:00:00,2026-04-01
M02508,ip,I08013,2026-01-01 00:00:00,2026-02-16
M02508,device,D09282,2026-01-01 00:00:00,2026-04-01
M02509,ip,I07677,2026-01-27 00:00:00,2026-01-26
M02509,device,D09084,2026-01-27 00:00:00,2026-04-01
M02510,ip,I05599,2026-01-22 00:00:00,2026-04-01
M02510,device,D05924,2026-01-22 00:00:00,2026-04-01
M02511,ip,I03442,2026-01-01 00:00:00,2026-04-01
M02511,device,D01416,2026-01-01 00:00:00,2026-04-01
M02512,ip,I06798,2026-01-01 00:00:00,2026-04-01
M02512,device,D01079,2026-01-01 00:00:00,2026-04-01
M02513,ip,I09924,2026-01-01 00:00:00,2026-04-01
M02513,device,D05039,2026-01-01 00:00:00,2026-04-01
M02514,ip,I06193,2026-01-01 00:00:00,2026-04-01
M02514,device,D07159,2026-01-01 00:00:00,2026-04-01
M02515,ip,I02606,2026-01-01 00:00:00,2026-04-01
M02515,device,D01611,2026-01-01 00:00:00,2026-04-01
M02516,ip,I09788,2026-01-01 00:00:00,2026-04-01
M02516,device,D03383,2026-01-01 00:00:00,2026-04-01
M02517,ip,I06795,2026-01-01 00:00:00,2026-04-01
M02517,device,D02303,2026-01-01 00:00:00,2026-04-01
M02518,ip,I08899,2026-01-01 00:00:00,2026-04-01
M02518,device,D01459,2026-01-01 00:00:00,2026-04-01
M02519,ip,I00807,2026-03-10 00:00:00,2026-04-01
M02519,device,D07243,2026-03-10 00:00:00,2026-03-23
M02519,device,D03243,2026-03-23 00:00:00,2026-04-01
M02520,ip,I05035,2026-01-01 00:00:00,2026-04-01
M02520,device,D02536,2026-01-01 00:00:00,2026-01-31
M02520,device,D06013,2026-01-31 00:00:00,2026-04-01
M02521,ip,I09972,2026-02-11 00:00:00,2026-04-01
M02521,device,D09520,2026-02-11 00:00:00,2026-04-01
M02522,ip,I09294,2026-01-01 00:00:00,2026-04-01
M02522,device,D00643,2026-01-01 00:00:00,2026-04-01
M02523,ip,I02011,2026-01-31 00:00:00,2026-04-01
M02523,device,D09083,2026-01-31 00:00:00,2026-04-01
M02524,ip,I06308,2026-01-01 00:00:00,2026-04-01
M02524,device,D03180,2026-01-01 00:00:00,2026-01-09
M02524,device,D03017,2026-01-09 00:00:00,2026-04-01
M02525,ip,I06773,2026-01-01 00:00:00,2026-04-01
M02525,device,D09654,2026-01-01 00:00:00,2026-03-19
M02525,device,D08091,2026-03-19 00:00:00,2026-04-01
M02526,ip,I03171,2026-01-01 00:00:00,2026-04-01
M02526,device,D00780,2026-01-01 00:00:00,2026-04-01
M02527,ip,I05882,2026-01-01 00:00:00,2026-04-01
M02527,device,D04864,2026-01-01 00:00:00,2026-04-01
M02528,ip,I07997,2026-01-01 00:00:00,2026-04-01
M02528,device,D04874,2026-01-01 00:00:00,2026-04-01
M02529,ip,I06751,2026-03-12 00:00:00,2026-04-01
M02529,device,D04011,2026-03-12 00:00:00,2026-03-22
M02529,device,D02335,2026-03-22 00:00:00,2026-04-01
M02530,ip,I07096,2026-01-01 00:00:00,2026-04-01
M02530,device,D00717,2026-01-01 00:00:00,2026-04-01
M02531,ip,I06015,2026-01-01 00:00:00,2026-04-01
M02531,device,D08460,2026-01-01 00:00:00,2026-04-01
M02532,ip,I02750,2026-01-01 00:00:00,2026-04-01
M02532,device,D09926,2026-01-01 00:00:00,2026-04-01
M02533,ip,I08205,2026-01-01 00:00:00,2026-04-01
M02533,device,D07811,2026-01-01 00:00:00,2026-04-01
M02534,ip,I09278,2026-01-24 00:00:00,2026-04-01
M02534,device,D04971,2026-01-24 00:00:00,2026-02-04
M02534,device,D07724,2026-02-04 00:00:00,2026-04-01
M02535,ip,I04946,2026-01-07 00:00:00,2026-04-01
M02535,device,D06038,2026-01-07 00:00:00,2026-04-01
M02536,ip,I00799,2026-01-27 00:00:00,2026-04-01
M02536,device,D06894,2026-01-27 00:00:00,2026-04-01
M02537,ip,I07951,2026-01-05 00:00:00,2026-04-01
M02537,device,D04822,2026-01-05 00:00:00,2026-04-01
M02538,ip,I08934,2026-01-01 00:00:00,2026-04-01
M02538,device,D00254,2026-01-01 00:00:00,2026-02-10
M02538,device,D06513,2026-02-10 00:00:00,2026-04-01
M02539,ip,I02313,2026-01-01 00:00:00,2026-04-01
M02539,device,D00744,2026-01-01 00:00:00,2026-04-01
M02540,ip,I06577,2026-01-01 00:00:00,2026-04-01
M02540,device,D03255,2026-01-01 00:00:00,2026-04-01
M02541,ip,I06851,2026-01-01 00:00:00,2026-04-01
M02541,device,D07878,2026-01-01 00:00:00,2026-02-23
M02541,device,D09916,2026-02-23 00:00:00,2026-04-01
M02542,ip,I02860,2026-01-01 00:00:00,2026-04-01
M02542,device,D04277,2026-01-01 00:00:00,2026-04-01
M02543,ip,I03779,2026-03-03 00:00:00,2026-02-02
M02543,device,D04835,2026-03-03 00:00:00,2026-04-01
M02544,ip,I06823,2026-01-01 00:00:00,2026-04-01
M02544,device,D09540,2026-01-01 00:00:00,2026-04-01
M02545,ip,I06722,2026-01-01 00:00:00,2026-04-01
M02545,device,D08198,2026-01-01 00:00:00,2026-01-09
M02545,device,D07211,2026-01-09 00:00:00,2026-04-01
M02546,ip,I01404,2026-01-01 00:00:00,2026-04-01
M02546,device,D06241,2026-01-01 00:00:00,2026-04-01
M02547,ip,I00640,2026-01-01 00:00:00,2026-04-01
M02547,device,D04077,2026-01-01 00:00:00,2026-03-10
M02547,device,D09049,2026-03-10 00:00:00,2026-04-01
M02548,ip,I01115,2026-01-01 00:00:00,2026-04-01
M02548,device,D04971,2026-01-01 00:00:00,2026-01-15
M02548,device,D09324,2026-01-15 00:00:00,2026-04-01
M02549,ip,I02023,2026-01-01 00:00:00,2026-04-01
M02549,device,D06698,2026-01-01 00:00:00,2026-01-07
M02549,device,D08839,2026-01-07 00:00:00,2026-04-01
M02550,ip,I09963,2026-01-01 00:00:00,2026-04-01
M02550,device,D06136,2026-01-01 00:00:00,2026-02-01
M02550,device,D03406,2026-02-01 00:00:00,2026-04-01
M02551,ip,I04958,2026-01-01 00:00:00,2026-04-01
M02551,device,D06853,2026-01-01 00:00:00,2026-04-01
M02552,ip,I02294,2026-01-01 00:00:00,2026-04-01
M02552,device,D02428,2026-01-01 00:00:00,2026-04-01
M02553,ip,I04007,2026-01-01 00:00:00,2026-04-01
M02553,device,D05344,2026-01-01 00:00:00,2026-04-01
M02554,ip,I09280,2026-01-01 00:00:00,2026-04-01
M02554,device,D09797,2026-01-01 00:00:00,2026-04-01
M02555,ip,I02157,2026-01-01 00:00:00,2026-04-01
M02555,device,D08808,2026-01-01 00:00:00,2026-04-01
M02556,ip,I03055,2026-01-01 00:00:00,2026-04-01
M02556,device,D07051,2026-01-01 00:00:00,2026-04-01
M02557,ip,I00292,2026-01-01 00:00:00,2026-04-01
M02557,device,D04790,2026-01-01 00:00:00,2026-04-01
M02558,ip,I03233,2026-01-01 00:00:00,2026-04-01
M02558,device,D04590,2026-01-01 00:00:00,2026-04-01
M02559,ip,I03230,2026-03-06 00:00:00,2026-04-01
M02559,device,D02596,2026-03-06 00:00:00,2026-04-01
M02560,ip,I06744,2026-01-01 00:00:00,2026-04-01
M02560,device,D05647,2026-01-01 00:00:00,2026-01-25
M02560,device,D09817,2026-01-25 00:00:00,2026-04-01
M02561,ip,I08561,2026-01-01 00:00:00,2026-04-01
M02561,device,D01754,2026-01-01 00:00:00,2026-04-01
M02562,ip,I04924,2026-01-01 00:00:00,2026-04-01
M02562,device,D03525,2026-01-01 00:00:00,2026-04-01
M02563,ip,I04885,2026-01-01 00:00:00,2026-04-01
M02563,device,D08672,2026-01-01 00:00:00,2026-02-25
M02563,device,D00892,2026-02-25 00:00:00,2026-04-01
M02564,ip,I05333,2026-01-01 00:00:00,2026-01-26
M02564,device,D05040,2026-01-01 00:00:00,2026-02-15
M02564,device,D06588,2026-02-15 00:00:00,2026-04-01
M02565,ip,I07459,2026-01-01 00:00:00,2026-04-01
M02565,device,D06457,2026-01-01 00:00:00,2026-01-24
M02565,device,D01772,2026-01-24 00:00:00,2026-04-01
M02566,ip,I08032,2026-03-01 00:00:00,2026-04-01
M02566,device,D06175,2026-03-01 00:00:00,2026-03-24
M02566,device,D08133,2026-03-24 00:00:00,2026-04-01
M02567,ip,I06876,2026-01-01 00:00:00,2026-04-01
M02567,device,D01916,2026-01-01 00:00:00,2026-04-01
M02568,ip,I00050,2026-01-01 00:00:00,2026-04-01
M02568,device,D00898,2026-01-01 00:00:00,2026-04-01
M02569,ip,I04649,2026-01-01 00:00:00,2026-04-01
M02569,device,D08172,2026-01-01 00:00:00,2026-04-01
M02570,ip,I03931,2026-01-01 00:00:00,2026-04-01
M02570,device,D06869,2026-01-01 00:00:00,2026-03-14
M02570,device,D05905,2026-03-14 00:00:00,2026-04-01
M02571,ip,I01872,2026-02-02 00:00:00,2026-04-01
M02571,device,D06097,2026-02-02 00:00:00,2026-04-01
M02572,ip,I04122,2026-01-01 00:00:00,2026-04-01
M02572,device,D06381,2026-01-01 00:00:00,2026-04-01
M02573,ip,I00052,2026-01-01 00:00:00,2026-04-01
M02573,device,D05072,2026-01-01 00:00:00,2026-04-01
M02574,ip,I03785,2026-01-01 00:00:00,2026-02-03
M02574,device,D03633,2026-01-01 00:00:00,2026-04-01
M02575,ip,I09070,2026-03-17 00:00:00,2026-04-01
M02575,device,D00318,2026-03-17 00:00:00,2026-04-01
M02576,ip,I05546,2026-01-01 00:00:00,2026-04-01
M02576,device,D06503,2026-01-01 00:00:00,2026-04-01
M02577,ip,I01186,2026-01-01 00:00:00,2026-04-01
M02577,device,D04236,2026-01-01 00:00:00,2026-04-01
M02578,ip,I08852,2026-01-01 00:00:00,2026-04-01
M02578,device,D06438,2026-01-01 00:00:00,2026-04-01
M02579,ip,I09476,2026-01-01 00:00:00,2026-04-01
M02579,device,D03536,2026-01-01 00:00:00,2026-02-27
M02579,device,D09365,2026-02-27 00:00:00,2026-04-01
M02580,ip,I09769,2026-01-01 00:00:00,2026-04-01
M02580,device,D07691,2026-01-01 00:00:00,2026-02-21
M02580,device,D06340,2026-02-21 00:00:00,2026-04-01
M02581,ip,I08054,2026-01-01 00:00:00,2026-04-01
M02581,device,D08053,2026-01-01 00:00:00,2026-04-01
M02582,ip,I05865,2026-01-18 00:00:00,2026-04-01
M02582,device,D06738,2026-01-18 00:00:00,2026-04-01
M02583,ip,I07700,2026-02-19 00:00:00,2026-04-01
M02583,device,D04777,2026-02-19 00:00:00,2026-04-01
M02584,ip,I05467,2026-01-01 00:00:00,2026-04-01
M02584,device,D02450,2026-01-01 00:00:00,2026-03-07
M02584,device,D03728,2026-03-07 00:00:00,2026-04-01
M02585,ip,I00541,2026-01-14 00:00:00,2026-04-01
M02585,device,D08783,2026-01-14 00:00:00,2026-04-01
M02586,ip,I09838,2026-03-22 00:00:00,2026-04-01
M02586,device,D07115,2026-03-22 00:00:00,2026-03-27
M02586,device,D09557,2026-03-27 00:00:00,2026-04-01
M02587,ip,I09203,2026-01-01 00:00:00,2026-04-01
M02587,device,D02694,2026-01-01 00:00:00,2026-04-01
M02588,ip,I03430,2026-01-01 00:00:00,2026-04-01
M02588,device,D00895,2026-01-01 00:00:00,2026-04-01
M02589,ip,I00227,2026-01-01 00:00:00,2026-04-01
M02589,device,D03413,2026-01-01 00:00:00,2026-04-01
M02590,ip,I02263,2026-01-01 00:00:00,2026-04-01
M02590,device,D05181,2026-01-01 00:00:00,2026-01-27
M02590,device,D05244,2026-01-27 00:00:00,2026-04-01
M02591,ip,I06636,2026-02-19 00:00:00,2026-04-01
M02591,device,D01125,2026-02-19 00:00:00,2026-04-01
M02592,ip,I02940,2026-01-01 00:00:00,2026-04-01
M02592,device,D06184,2026-01-01 00:00:00,2026-04-01
M02593,ip,I09094,2026-01-01 00:00:00,2026-04-01
M02593,device,D04379,2026-01-01 00:00:00,2026-01-28
M02593,device,D00654,2026-01-28 00:00:00,2026-04-01
M02594,ip,I04790,2026-01-22 00:00:00,2026-04-01
M02594,device,D09471,2026-01-22 00:00:00,2026-04-01
M02595,ip,I08371,2026-01-01 00:00:00,2026-04-01
M02595,device,D04960,2026-01-01 00:00:00,2026-04-01
M02596,ip,I06026,2026-01-01 00:00:00,2026-01-25
M02596,device,D09879,2026-01-01 00:00:00,2026-04-01
M02597,ip,I06936,2026-01-01 00:00:00,2026-04-01
M02597,device,D00958,2026-01-01 00:00:00,2026-04-01
M02598,ip,I03482,2026-01-01 00:00:00,2026-04-01
M02598,device,D04847,2026-01-01 00:00:00,2026-04-01
M02599,ip,I09909,2026-01-01 00:00:00,2026-02-03
M02599,device,D09974,2026-01-01 00:00:00,2026-04-01
M02600,ip,I07253,2026-01-12 00:00:00,2026-04-01
M02600,device,D08650,2026-01-12 00:00:00,2026-04-01
M02601,ip,I04517,2026-03-04 00:00:00,2026-04-01
M02601,device,D03736,2026-03-04 00:00:00,2026-04-01
M02602,ip,I00168,2026-01-01 00:00:00,2026-01-31
M02602,device,D07495,2026-01-01 00:00:00,2026-01-23
M02602,device,D05034,2026-01-23 00:00:00,2026-01-31
M02603,ip,I08464,2026-01-01 00:00:00,2026-04-01
M02603,device,D01138,2026-01-01 00:00:00,2026-03-15
M02603,device,D08819,2026-03-15 00:00:00,2026-04-01
M02604,ip,I00843,2026-01-01 00:00:00,2026-04-01
M02604,device,D01448,2026-01-01 00:00:00,2026-04-01
M02605,ip,I09007,2026-01-01 00:00:00,2026-04-01
M02605,device,D03726,2026-01-01 00:00:00,2026-04-01
M02606,ip,I08905,2026-01-01 00:00:00,2026-04-01
M02606,device,D09104,2026-01-01 00:00:00,2026-04-01
M02607,ip,I09560,2026-01-01 00:00:00,2026-04-01
M02607,device,D08260,2026-01-01 00:00:00,2026-02-04
M02607,device,D03617,2026-02-04 00:00:00,2026-04-01
M02608,ip,I09876,2026-01-01 00:00:00,2026-04-01
M02608,device,D07328,2026-01-01 00:00:00,2026-04-01
M02609,ip,I04765,2026-01-01 00:00:00,2026-04-01
M02609,device,D07901,2026-01-01 00:00:00,2026-04-01
M02610,ip,I03009,2026-01-01 00:00:00,2026-04-01
M02610,device,D02317,2026-01-01 00:00:00,2026-03-25
M02610,device,D09421,2026-03-25 00:00:00,2026-04-01
M02611,ip,I01463,2026-01-01 00:00:00,2026-04-01
M02611,device,D05539,2026-01-01 00:00:00,2026-04-01
M02612,ip,I06123,2026-01-01 00:00:00,2026-04-01
M02612,device,D05992,2026-01-01 00:00:00,2026-04-01
M02613,ip,I00832,2026-01-01 00:00:00,2026-04-01
M02613,device,D08688,2026-01-01 00:00:00,2026-02-15
M02613,device,D08848,2026-02-15 00:00:00,2026-04-01
M02614,ip,I04743,2026-02-06 00:00:00,2026-04-01
M02614,device,D03001,2026-02-06 00:00:00,2026-04-01
M02615,ip,I02778,2026-01-01 00:00:00,2026-04-01
M02615,device,D08513,2026-01-01 00:00:00,2026-04-01
M02616,ip,I02105,2026-01-01 00:00:00,2026-04-01
M02616,device,D02908,2026-01-01 00:00:00,2026-04-01
M02617,ip,I01523,2026-01-27 00:00:00,2026-04-01
M02617,device,D09997,2026-01-27 00:00:00,2026-02-17
M02617,device,D07011,2026-02-17 00:00:00,2026-04-01
M02618,ip,I05040,2026-01-01 00:00:00,2026-04-01
M02618,device,D05270,2026-01-01 00:00:00,2026-04-01
M02619,ip,I06146,2026-01-01 00:00:00,2026-04-01
M02619,device,D07499,2026-01-01 00:00:00,2026-04-01
M02620,ip,I02221,2026-01-01 00:00:00,2026-04-01
M02620,device,D07979,2026-01-01 00:00:00,2026-04-01
M02621,ip,I06680,2026-01-01 00:00:00,2026-04-01
M02621,device,D09852,2026-01-01 00:00:00,2026-04-01
M02622,ip,I03353,2026-01-01 00:00:00,2026-04-01
M02622,device,D00668,2026-01-01 00:00:00,2026-04-01
M02623,ip,I08991,2026-02-21 00:00:00,2026-04-01
M02623,device,D06498,2026-02-21 00:00:00,2026-03-14
M02623,device,D06055,2026-03-14 00:00:00,2026-04-01
M02624,ip,I01567,2026-01-01 00:00:00,2026-04-01
M02624,device,D07509,2026-01-01 00:00:00,2026-03-02
M02624,device,D04350,2026-03-02 00:00:00,2026-04-01
M02625,ip,I05361,2026-01-01 00:00:00,2026-04-01
M02625,device,D05425,2026-01-01 00:00:00,2026-04-01
M02626,ip,I08147,2026-01-01 00:00:00,2026-02-04
M02626,device,D08761,2026-01-01 00:00:00,2026-01-28
M02626,device,D07716,2026-01-28 00:00:00,2026-04-01
M02627,ip,I02567,2026-01-31 00:00:00,2026-04-01
M02627,device,D07781,2026-01-31 00:00:00,2026-04-01
M02628,ip,I01265,2026-01-07 00:00:00,2026-04-01
M02628,device,D05395,2026-01-07 00:00:00,2026-03-14
M02628,device,D01952,2026-03-14 00:00:00,2026-04-01
M02629,ip,I04126,2026-01-28 00:00:00,2026-04-01
M02629,device,D05317,2026-01-28 00:00:00,2026-02-19
M02629,device,D08065,2026-02-19 00:00:00,2026-04-01
M02630,ip,I03296,2026-02-21 00:00:00,2026-04-01
M02630,device,D06163,2026-02-21 00:00:00,2026-03-12
M02630,device,D03579,2026-03-12 00:00:00,2026-04-01
M02631,ip,I02650,2026-01-01 00:00:00,2026-04-01
M02631,device,D08585,2026-01-01 00:00:00,2026-02-16
M02631,device,D07198,2026-02-16 00:00:00,2026-04-01
M02632,ip,I00533,2026-01-18 00:00:00,2026-04-01
M02632,device,D00939,2026-01-18 00:00:00,2026-04-01
M02633,ip,I09275,2026-01-01 00:00:00,2026-04-01
M02633,device,D04494,2026-01-01 00:00:00,2026-04-01
M02634,ip,I09047,2026-01-01 00:00:00,2026-04-01
M02634,device,D05699,2026-01-01 00:00:00,2026-04-01
M02635,ip,I09311,2026-01-01 00:00:00,2026-04-01
M02635,device,D07253,2026-01-01 00:00:00,2026-03-11
M02635,device,D01623,2026-03-11 00:00:00,2026-04-01
M02636,ip,I09363,2026-01-01 00:00:00,2026-04-01
M02636,device,D01889,2026-01-01 00:00:00,2026-04-01
M02637,ip,I03926,2026-01-04 00:00:00,2026-04-01
M02637,device,D08907,2026-01-04 00:00:00,2026-01-14
M02637,device,D08525,2026-01-14 00:00:00,2026-04-01
M02638,ip,I03845,2026-01-01 00:00:00,2026-04-01
M02638,device,D08196,2026-01-01 00:00:00,2026-03-26
M02638,device,D01433,2026-03-26 00:00:00,2026-04-01
M02639,ip,I06877,2026-01-01 00:00:00,2026-04-01
M02639,device,D03501,2026-01-01 00:00:00,2026-01-27
M02639,device,D07583,2026-01-27 00:00:00,2026-04-01
M02640,ip,I05357,2026-01-01 00:00:00,2026-04-01
M02640,device,D05041,2026-01-01 00:00:00,2026-04-01
M02641,ip,I08037,2026-01-01 00:00:00,2026-02-08
M02641,device,D07250,2026-01-01 00:00:00,2026-02-03
M02641,device,D08716,2026-02-03 00:00:00,2026-04-01
M02642,ip,I03059,2026-01-01 00:00:00,2026-04-01
M02642,device,D06540,2026-01-01 00:00:00,2026-04-01
M02643,ip,I09346,2026-01-01 00:00:00,2026-04-01
M02643,device,D05399,2026-01-01 00:00:00,2026-03-07
M02643,device,D09850,2026-03-07 00:00:00,2026-04-01
M02644,ip,I09252,2026-01-30 00:00:00,2026-04-01
M02644,device,D04357,2026-01-30 00:00:00,2026-04-01
M02645,ip,I08137,2026-01-01 00:00:00,2026-04-01
M02645,device,D09781,2026-01-01 00:00:00,2026-04-01
M02646,ip,I07916,2026-01-01 00:00:00,2026-04-01
M02646,device,D07300,2026-01-01 00:00:00,2026-04-01
M02647,ip,I01654,2026-02-23 00:00:00,2026-04-01
M02647,device,D00916,2026-02-23 00:00:00,2026-04-01
M02648,ip,I02721,2026-03-23 00:00:00,2026-04-01
M02648,device,D04567,2026-03-23 00:00:00,2026-04-01
M02649,ip,I08889,2026-01-01 00:00:00,2026-04-01
M02649,device,D06557,2026-01-01 00:00:00,2026-03-26
M02649,device,D04171,2026-03-26 00:00:00,2026-04-01
M02650,ip,I04005,2026-01-17 00:00:00,2026-04-01
M02650,device,D01959,2026-01-17 00:00:00,2026-03-17
M02650,device,D07151,2026-03-17 00:00:00,2026-04-01
M02651,ip,I07721,2026-03-19 00:00:00,2026-04-01
M02651,device,D00301,2026-03-19 00:00:00,2026-04-01
M02652,ip,I03944,2026-01-05 00:00:00,2026-04-01
M02652,device,D04500,2026-01-05 00:00:00,2026-04-01
M02653,ip,I06735,2026-01-01 00:00:00,2026-04-01
M02653,device,D02995,2026-01-01 00:00:00,2026-02-28
M02653,device,D05883,2026-02-28 00:00:00,2026-04-01
M02654,ip,I02297,2026-02-25 00:00:00,2026-02-03
M02654,device,D03448,2026-02-25 00:00:00,2026-04-01
M02655,ip,I06368,2026-01-01 00:00:00,2026-01-28
M02655,device,D05558,2026-01-01 00:00:00,2026-03-11
M02655,device,D04617,2026-03-11 00:00:00,2026-04-01
M02656,ip,I04357,2026-02-19 00:00:00,2026-04-01
M02656,device,D03081,2026-02-19 00:00:00,2026-03-19
M02656,device,D07698,2026-03-19 00:00:00,2026-04-01
M02657,ip,I02435,2026-01-01 00:00:00,2026-04-01
M02657,device,D00120,2026-01-01 00:00:00,2026-03-06
M02657,device,D05311,2026-03-06 00:00:00,2026-04-01
M02658,ip,I04305,2026-01-07 00:00:00,2026-04-01
M02658,device,D04762,2026-01-07 00:00:00,2026-04-01
M02659,ip,I00256,2026-01-01 00:00:00,2026-04-01
M02659,device,D08437,2026-01-01 00:00:00,2026-04-01
M02660,ip,I09850,2026-01-01 00:00:00,2026-04-01
M02660,device,D05141,2026-01-01 00:00:00,2026-04-01
M02661,ip,I00748,2026-01-01 00:00:00,2026-04-01
M02661,device,D00366,2026-01-01 00:00:00,2026-04-01
M02662,ip,I03415,2026-02-05 00:00:00,2026-04-01
M02662,device,D04308,2026-02-05 00:00:00,2026-04-01
M02663,ip,I04900,2026-01-01 00:00:00,2026-04-01
M02663,device,D06067,2026-01-01 00:00:00,2026-04-01
M02664,ip,I08178,2026-01-21 00:00:00,2026-04-01
M02664,device,D05231,2026-01-21 00:00:00,2026-02-03
M02664,device,D09217,2026-02-03 00:00:00,2026-04-01
M02665,ip,I06041,2026-03-13 00:00:00,2026-04-01
M02665,device,D01129,2026-03-13 00:00:00,2026-04-01
M02666,ip,I00211,2026-01-01 00:00:00,2026-04-01
M02666,device,D04425,2026-01-01 00:00:00,2026-04-01
M02667,ip,I03687,2026-02-24 00:00:00,2026-04-01
M02667,device,D09147,2026-02-24 00:00:00,2026-04-01
M02668,ip,I07795,2026-01-01 00:00:00,2026-04-01
M02668,device,D08001,2026-01-01 00:00:00,2026-03-09
M02668,device,D00828,2026-03-09 00:00:00,2026-04-01
M02669,ip,I07785,2026-01-01 00:00:00,2026-04-01
M02669,device,D03560,2026-01-01 00:00:00,2026-04-01
M02670,ip,I00385,2026-01-01 00:00:00,2026-04-01
M02670,device,D00094,2026-01-01 00:00:00,2026-04-01
M02671,ip,I00437,2026-01-06 00:00:00,2026-04-01
M02671,device,D09757,2026-01-06 00:00:00,2026-04-01
M02672,ip,I01168,2026-02-12 00:00:00,2026-04-01
M02672,device,D02325,2026-02-12 00:00:00,2026-04-01
M02673,ip,I06038,2026-01-21 00:00:00,2026-04-01
M02673,device,D01715,2026-01-21 00:00:00,2026-02-21
M02673,device,D09231,2026-02-21 00:00:00,2026-04-01
M02674,ip,I04625,2026-01-01 00:00:00,2026-04-01
M02674,device,D09978,2026-01-01 00:00:00,2026-01-14
M02674,device,D02121,2026-01-14 00:00:00,2026-04-01
M02675,ip,I03118,2026-01-17 00:00:00,2026-01-29
M02675,device,D03839,2026-01-17 00:00:00,2026-04-01
M02676,ip,I06863,2026-03-21 00:00:00,2026-04-01
M02676,device,D00893,2026-03-21 00:00:00,2026-03-26
M02676,device,D00335,2026-03-26 00:00:00,2026-04-01
M02677,ip,I04249,2026-01-01 00:00:00,2026-04-01
M02677,device,D06513,2026-01-01 00:00:00,2026-04-01
M02678,ip,I02355,2026-01-01 00:00:00,2026-04-01
M02678,device,D08247,2026-01-01 00:00:00,2026-04-01
M02679,ip,I07516,2026-01-01 00:00:00,2026-04-01
M02679,device,D06896,2026-01-01 00:00:00,2026-04-01
M02680,ip,I04327,2026-01-01 00:00:00,2026-04-01
M02680,device,D09385,2026-01-01 00:00:00,2026-04-01
M02681,ip,I01660,2026-03-25 00:00:00,2026-04-01
M02681,device,D05413,2026-03-25 00:00:00,2026-04-01
M02682,ip,I00491,2026-01-01 00:00:00,2026-01-23
M02682,device,D02616,2026-01-01 00:00:00,2026-04-01
M02683,ip,I01389,2026-01-01 00:00:00,2026-02-16
M02683,device,D05572,2026-01-01 00:00:00,2026-04-01
M02684,ip,I00181,2026-01-01 00:00:00,2026-04-01
M02684,device,D01853,2026-01-01 00:00:00,2026-02-21
M02684,device,D04007,2026-02-21 00:00:00,2026-04-01
M02685,ip,I07743,2026-01-01 00:00:00,2026-04-01
M02685,device,D06690,2026-01-01 00:00:00,2026-04-01
M02686,ip,I01016,2026-01-01 00:00:00,2026-04-01
M02686,device,D03208,2026-01-01 00:00:00,2026-04-01
M02687,ip,I03321,2026-01-01 00:00:00,2026-04-01
M02687,device,D05758,2026-01-01 00:00:00,2026-04-01
M02688,ip,I08533,2026-01-01 00:00:00,2026-04-01
M02688,device,D05504,2026-01-01 00:00:00,2026-04-01
M02689,ip,I07580,2026-01-01 00:00:00,2026-04-01
M02689,device,D08379,2026-01-01 00:00:00,2026-04-01
M02690,ip,I06893,2026-02-16 00:00:00,2026-04-01
M02690,device,D05335,2026-02-16 00:00:00,2026-03-08
M02690,device,D08353,2026-03-08 00:00:00,2026-04-01
M02691,ip,I04585,2026-01-01 00:00:00,2026-04-01
M02691,device,D09498,2026-01-01 00:00:00,2026-04-01
M02692,ip,I02459,2026-01-01 00:00:00,2026-04-01
M02692,device,D03586,2026-01-01 00:00:00,2026-04-01
M02693,ip,I06100,2026-01-01 00:00:00,2026-04-01
M02693,device,D09318,2026-01-01 00:00:00,2026-01-14
M02693,device,D03253,2026-01-14 00:00:00,2026-04-01
M02694,ip,I07892,2026-01-01 00:00:00,2026-04-01
M02694,device,D09640,2026-01-01 00:00:00,2026-04-01
M02695,ip,I05424,2026-01-01 00:00:00,2026-04-01
M02695,device,D05883,2026-01-01 00:00:00,2026-02-17
M02695,device,D06978,2026-02-17 00:00:00,2026-04-01
M02696,ip,I06985,2026-01-01 00:00:00,2026-04-01
M02696,device,D04959,2026-01-01 00:00:00,2026-03-03
M02696,device,D08350,2026-03-03 00:00:00,2026-04-01
M02697,ip,I06937,2026-01-01 00:00:00,2026-04-01
M02697,device,D02194,2026-01-01 00:00:00,2026-01-23
M02697,device,D00324,2026-01-23 00:00:00,2026-04-01
M02698,ip,I00315,2026-01-23 00:00:00,2026-02-19
M02698,device,D02283,2026-01-23 00:00:00,2026-04-01
M02699,ip,I06274,2026-01-01 00:00:00,2026-04-01
M02699,device,D02321,2026-01-01 00:00:00,2026-04-01
M02700,ip,I02305,2026-01-01 00:00:00,2026-04-01
M02700,device,D05030,2026-01-01 00:00:00,2026-04-01
M02701,ip,I07621,2026-01-01 00:00:00,2026-04-01
M02701,device,D04375,2026-01-01 00:00:00,2026-01-11
M02701,device,D04556,2026-01-11 00:00:00,2026-04-01
M02702,ip,I01655,2026-01-01 00:00:00,2026-02-17
M02702,device,D02697,2026-01-01 00:00:00,2026-04-01
M02703,ip,I09589,2026-01-01 00:00:00,2026-04-01
M02703,device,D05429,2026-01-01 00:00:00,2026-04-01
M02704,ip,I00784,2026-01-01 00:00:00,2026-03-01
M02704,device,D02773,2026-01-01 00:00:00,2026-01-27
M02704,device,D09283,2026-01-27 00:00:00,2026-04-01
M02705,ip,I03224,2026-01-01 00:00:00,2026-04-01
M02705,device,D03817,2026-01-01 00:00:00,2026-01-16
M02705,device,D08038,2026-01-16 00:00:00,2026-04-01
M02706,ip,I03266,2026-01-01 00:00:00,2026-04-01
M02706,device,D00317,2026-01-01 00:00:00,2026-04-01
M02707,ip,I04089,2026-01-01 00:00:00,2026-04-01
M02707,device,D09871,2026-01-01 00:00:00,2026-04-01
M02708,ip,I05202,2026-01-01 00:00:00,2026-04-01
M02708,device,D01449,2026-01-01 00:00:00,2026-04-01
M02709,ip,I04984,2026-02-08 00:00:00,2026-04-01
M02709,device,D07666,2026-02-08 00:00:00,2026-03-25
M02709,device,D02739,2026-03-25 00:00:00,2026-04-01
M02710,ip,I05860,2026-02-19 00:00:00,2026-04-01
M02710,device,D00425,2026-02-19 00:00:00,2026-04-01
M02711,ip,I01937,2026-01-01 00:00:00,2026-04-01
M02711,device,D08465,2026-01-01 00:00:00,2026-04-01
M02712,ip,I05465,2026-01-01 00:00:00,2026-04-01
M02712,device,D04141,2026-01-01 00:00:00,2026-04-01
M02713,ip,I09778,2026-01-01 00:00:00,2026-04-01
M02713,device,D08506,2026-01-01 00:00:00,2026-04-01
M02714,ip,I02570,2026-01-01 00:00:00,2026-04-01
M02714,device,D07891,2026-01-01 00:00:00,2026-04-01
M02715,ip,I02216,2026-01-01 00:00:00,2026-04-01
M02715,device,D05586,2026-01-01 00:00:00,2026-04-01
M02716,ip,I08468,2026-02-05 00:00:00,2026-04-01
M02716,device,D02899,2026-02-05 00:00:00,2026-03-07
M02716,device,D06962,2026-03-07 00:00:00,2026-04-01
M02717,ip,I00560,2026-03-11 00:00:00,2026-04-01
M02717,device,D04173,2026-03-11 00:00:00,2026-03-26
M02717,device,D09271,2026-03-26 00:00:00,2026-04-01
M02718,ip,I03356,2026-01-01 00:00:00,2026-04-01
M02718,device,D01986,2026-01-01 00:00:00,2026-04-01
M02719,ip,I05047,2026-01-01 00:00:00,2026-04-01
M02719,device,D04272,2026-01-01 00:00:00,2026-01-13
M02719,device,D09322,2026-01-13 00:00:00,2026-04-01
M02720,ip,I04935,2026-01-01 00:00:00,2026-04-01
M02720,device,D05462,2026-01-01 00:00:00,2026-04-01
M02721,ip,I04389,2026-01-01 00:00:00,2026-04-01
M02721,device,D06896,2026-01-01 00:00:00,2026-04-01
M02722,ip,I03118,2026-01-01 00:00:00,2026-04-01
M02722,device,D09301,2026-01-01 00:00:00,2026-04-01
M02723,ip,I02829,2026-01-01 00:00:00,2026-01-13
M02723,device,D07842,2026-01-01 00:00:00,2026-04-01
M02724,ip,I09494,2026-01-01 00:00:00,2026-04-01
M02724,device,D03485,2026-01-01 00:00:00,2026-04-01
M02725,ip,I03170,2026-01-01 00:00:00,2026-04-01
M02725,device,D02154,2026-01-01 00:00:00,2026-03-14
M02725,device,D08962,2026-03-14 00:00:00,2026-04-01
M02726,ip,I02947,2026-02-22 00:00:00,2026-04-01
M02726,device,D03090,2026-02-22 00:00:00,2026-04-01
M02727,ip,I05316,2026-02-10 00:00:00,2026-04-01
M02727,device,D06917,2026-02-10 00:00:00,2026-04-01
M02728,ip,I05647,2026-01-01 00:00:00,2026-04-01
M02728,device,D02724,2026-01-01 00:00:00,2026-03-23
M02728,device,D05281,2026-03-23 00:00:00,2026-04-01
M02729,ip,I07801,2026-01-01 00:00:00,2026-04-01
M02729,device,D05233,2026-01-01 00:00:00,2026-04-01
M02730,ip,I01271,2026-01-16 00:00:00,2026-04-01
M02730,device,D05241,2026-01-16 00:00:00,2026-02-25
M02730,device,D04073,2026-02-25 00:00:00,2026-04-01
M02731,ip,I05434,2026-01-01 00:00:00,2026-02-18
M02731,device,D04688,2026-01-01 00:00:00,2026-04-01
M02732,ip,I08795,2026-01-01 00:00:00,2026-02-19
M02732,device,D02353,2026-01-01 00:00:00,2026-01-06
M02732,device,D03722,2026-01-06 00:00:00,2026-04-01
M02733,ip,I06327,2026-01-01 00:00:00,2026-04-01
M02733,device,D03759,2026-01-01 00:00:00,2026-04-01
M02734,ip,I06780,2026-01-01 00:00:00,2026-04-01
M02734,device,D08752,2026-01-01 00:00:00,2026-04-01
M02735,ip,I02428,2026-01-01 00:00:00,2026-04-01
M02735,device,D03621,2026-01-01 00:00:00,2026-01-30
M02735,device,D02656,2026-01-30 00:00:00,2026-04-01
M02736,ip,I04097,2026-01-01 00:00:00,2026-04-01
M02736,device,D02174,2026-01-01 00:00:00,2026-04-01
M02737,ip,I05392,2026-01-01 00:00:00,2026-04-01
M02737,device,D06018,2026-01-01 00:00:00,2026-02-22
M02737,device,D04705,2026-02-22 00:00:00,2026-04-01
M02738,ip,I08322,2026-01-01 00:00:00,2026-04-01
M02738,device,D01756,2026-01-01 00:00:00,2026-04-01
M02739,ip,I02915,2026-01-01 00:00:00,2026-04-01
M02739,device,D03542,2026-01-01 00:00:00,2026-04-01
M02740,ip,I03254,2026-01-01 00:00:00,2026-02-06
M02740,device,D00050,2026-01-01 00:00:00,2026-04-01
M02741,ip,I08790,2026-01-01 00:00:00,2026-04-01
M02741,device,D00868,2026-01-01 00:00:00,2026-04-01
M02742,ip,I00394,2026-01-01 00:00:00,2026-04-01
M02742,device,D04986,2026-01-01 00:00:00,2026-04-01
M02743,ip,I07214,2026-01-01 00:00:00,2026-04-01
M02743,device,D08780,2026-01-01 00:00:00,2026-04-01
M02744,ip,I04901,2026-01-01 00:00:00,2026-02-03
M02744,device,D01756,2026-01-01 00:00:00,2026-04-01
M02745,ip,I09436,2026-01-01 00:00:00,2026-04-01
M02745,device,D04695,2026-01-01 00:00:00,2026-04-01
M02746,ip,I04286,2026-01-01 00:00:00,2026-04-01
M02746,device,D03101,2026-01-01 00:00:00,2026-04-01
M02747,ip,I01859,2026-01-01 00:00:00,2026-04-01
M02747,device,D08154,2026-01-01 00:00:00,2026-04-01
M02748,ip,I07914,2026-01-01 00:00:00,2026-04-01
M02748,device,D08677,2026-01-01 00:00:00,2026-04-01
M02749,ip,I07833,2026-01-01 00:00:00,2026-04-01
M02749,device,D00855,2026-01-01 00:00:00,2026-04-01
M02750,ip,I03802,2026-01-01 00:00:00,2026-04-01
M02750,device,D00126,2026-01-01 00:00:00,2026-04-01
M02751,ip,I00938,2026-01-04 00:00:00,2026-04-01
M02751,device,D07315,2026-01-04 00:00:00,2026-04-01
M02752,ip,I09484,2026-01-01 00:00:00,2026-04-01
M02752,device,D01283,2026-01-01 00:00:00,2026-04-01
M02753,ip,I08843,2026-01-01 00:00:00,2026-04-01
M02753,device,D05326,2026-01-01 00:00:00,2026-04-01
M02754,ip,I04980,2026-01-01 00:00:00,2026-04-01
M02754,device,D02815,2026-01-01 00:00:00,2026-04-01
M02755,ip,I02833,2026-01-01 00:00:00,2026-02-02
M02755,device,D05404,2026-01-01 00:00:00,2026-04-01
M02756,ip,I02009,2026-01-01 00:00:00,2026-04-01
M02756,device,D03284,2026-01-01 00:00:00,2026-04-01
M02757,ip,I05411,2026-01-01 00:00:00,2026-01-26
M02757,device,D06873,2026-01-01 00:00:00,2026-04-01
M02758,ip,I04932,2026-01-01 00:00:00,2026-04-01
M02758,device,D04841,2026-01-01 00:00:00,2026-04-01
M02759,ip,I09268,2026-01-01 00:00:00,2026-04-01
M02759,device,D03886,2026-01-01 00:00:00,2026-01-23
M02759,device,D07282,2026-01-23 00:00:00,2026-04-01
M02760,ip,I05900,2026-01-01 00:00:00,2026-04-01
M02760,device,D09326,2026-01-01 00:00:00,2026-04-01
M02761,ip,I06111,2026-01-01 00:00:00,2026-04-01
M02761,device,D01753,2026-01-01 00:00:00,2026-01-08
M02761,device,D04091,2026-01-08 00:00:00,2026-04-01
M02762,ip,I08955,2026-02-14 00:00:00,2026-04-01
M02762,device,D02561,2026-02-14 00:00:00,2026-03-16
M02762,device,D01971,2026-03-16 00:00:00,2026-04-01
M02763,ip,I00747,2026-01-01 00:00:00,2026-04-01
M02763,device,D01510,2026-01-01 00:00:00,2026-04-01
M02764,ip,I01619,2026-01-01 00:00:00,2026-04-01
M02764,device,D03534,2026-01-01 00:00:00,2026-04-01
M02765,ip,I07231,2026-01-09 00:00:00,2026-04-01
M02765,device,D02025,2026-01-09 00:00:00,2026-04-01
M02766,ip,I06408,2026-01-01 00:00:00,2026-04-01
M02766,device,D08351,2026-01-01 00:00:00,2026-04-01
M02767,ip,I03335,2026-01-01 00:00:00,2026-04-01
M02767,device,D02820,2026-01-01 00:00:00,2026-04-01
M02768,ip,I04255,2026-01-01 00:00:00,2026-04-01
M02768,device,D00628,2026-01-01 00:00:00,2026-04-01
M02769,ip,I05549,2026-01-01 00:00:00,2026-04-01
M02769,device,D06369,2026-01-01 00:00:00,2026-03-11
M02769,device,D09137,2026-03-11 00:00:00,2026-04-01
M02770,ip,I04055,2026-01-01 00:00:00,2026-04-01
M02770,device,D04796,2026-01-01 00:00:00,2026-04-01
M02771,ip,I06414,2026-02-04 00:00:00,2026-04-01
M02771,device,D00446,2026-02-04 00:00:00,2026-04-01
M02772,ip,I01545,2026-03-19 00:00:00,2026-04-01
M02772,device,D08933,2026-03-19 00:00:00,2026-04-01
M02773,ip,I09056,2026-01-01 00:00:00,2026-04-01
M02773,device,D06833,2026-01-01 00:00:00,2026-02-24
M02773,device,D08152,2026-02-24 00:00:00,2026-04-01
M02774,ip,I01873,2026-01-01 00:00:00,2026-04-01
M02774,device,D04796,2026-01-01 00:00:00,2026-02-04
M02774,device,D02066,2026-02-04 00:00:00,2026-04-01
M02775,ip,I08085,2026-01-01 00:00:00,2026-02-24
M02775,device,D04869,2026-01-01 00:00:00,2026-02-24
M02776,ip,I07208,2026-01-01 00:00:00,2026-04-01
M02776,device,D04000,2026-01-01 00:00:00,2026-04-01
M02777,ip,I01711,2026-01-01 00:00:00,2026-04-01
M02777,device,D07693,2026-01-01 00:00:00,2026-03-08
M02777,device,D04722,2026-03-08 00:00:00,2026-04-01
M02778,ip,I01457,2026-01-22 00:00:00,2026-04-01
M02778,device,D03522,2026-01-22 00:00:00,2026-02-18
M02778,device,D08459,2026-02-18 00:00:00,2026-04-01
M02779,ip,I00790,2026-01-01 00:00:00,2026-04-01
M02779,device,D09857,2026-01-01 00:00:00,2026-04-01
M02780,ip,I03128,2026-01-01 00:00:00,2026-04-01
M02780,device,D06543,2026-01-01 00:00:00,2026-04-01
M02781,ip,I00566,2026-01-01 00:00:00,2026-04-01
M02781,device,D09327,2026-01-01 00:00:00,2026-04-01
M02782,ip,I05631,2026-01-01 00:00:00,2026-04-01
M02782,device,D01924,2026-01-01 00:00:00,2026-02-15
M02782,device,D03990,2026-02-15 00:00:00,2026-04-01
M02783,ip,I00475,2026-01-01 00:00:00,2026-04-01
M02783,device,D08420,2026-01-01 00:00:00,2026-04-01
M02784,ip,I05113,2026-01-01 00:00:00,2026-04-01
M02784,device,D08323,2026-01-01 00:00:00,2026-04-01
M02785,ip,I04080,2026-01-01 00:00:00,2026-04-01
M02785,device,D09786,2026-01-01 00:00:00,2026-04-01
M02786,ip,I09821,2026-01-01 00:00:00,2026-04-01
M02786,device,D06979,2026-01-01 00:00:00,2026-04-01
M02787,ip,I07702,2026-01-01 00:00:00,2026-04-01
M02787,device,D01515,2026-01-01 00:00:00,2026-04-01
M02788,ip,I08980,2026-03-03 00:00:00,2026-04-01
M02788,device,D01299,2026-03-03 00:00:00,2026-04-01
M02789,ip,I06567,2026-01-01 00:00:00,2026-04-01
M02789,device,D00994,2026-01-01 00:00:00,2026-04-01
M02790,ip,I04066,2026-01-01 00:00:00,2026-02-11
M02790,device,D02983,2026-01-01 00:00:00,2026-04-01
M02791,ip,I09881,2026-01-01 00:00:00,2026-04-01
M02791,device,D01747,2026-01-01 00:00:00,2026-04-01
M02792,ip,I02221,2026-01-09 00:00:00,2026-04-01
M02792,device,D07255,2026-01-09 00:00:00,2026-04-01
M02793,ip,I03222,2026-03-22 00:00:00,2026-04-01
M02793,device,D08166,2026-03-22 00:00:00,2026-04-01
M02794,ip,I00868,2026-02-11 00:00:00,2026-04-01
M02794,device,D03697,2026-02-11 00:00:00,2026-03-25
M02794,device,D04037,2026-03-25 00:00:00,2026-04-01
M02795,ip,I07316,2026-01-01 00:00:00,2026-02-02
M02795,device,D01364,2026-01-01 00:00:00,2026-03-15
M02795,device,D05435,2026-03-15 00:00:00,2026-04-01
M02796,ip,I02468,2026-01-01 00:00:00,2026-02-03
M02796,device,D06392,2026-01-01 00:00:00,2026-04-01
M02797,ip,I03919,2026-01-01 00:00:00,2026-04-01
M02797,device,D01595,2026-01-01 00:00:00,2026-02-14
M02797,device,D02052,2026-02-14 00:00:00,2026-04-01
M02798,ip,I02564,2026-02-14 00:00:00,2026-04-01
M02798,device,D04121,2026-02-14 00:00:00,2026-03-07
M02798,device,D00947,2026-03-07 00:00:00,2026-04-01
M02799,ip,I06310,2026-01-01 00:00:00,2026-04-01
M02799,device,D09740,2026-01-01 00:00:00,2026-04-01
M02800,ip,I00254,2026-01-15 00:00:00,2026-04-01
M02800,device,D07250,2026-01-15 00:00:00,2026-04-01
M02801,ip,I07339,2026-01-07 00:00:00,2026-04-01
M02801,device,D06236,2026-01-07 00:00:00,2026-04-01
M02802,ip,I01578,2026-03-10 00:00:00,2026-04-01
M02802,device,D07791,2026-03-10 00:00:00,2026-04-01
M02803,ip,I07811,2026-01-01 00:00:00,2026-04-01
M02803,device,D06955,2026-01-01 00:00:00,2026-01-16
M02803,device,D08389,2026-01-16 00:00:00,2026-04-01
M02804,ip,I06059,2026-01-01 00:00:00,2026-04-01
M02804,device,D07773,2026-01-01 00:00:00,2026-04-01
M02805,ip,I04977,2026-02-27 00:00:00,2026-04-01
M02805,device,D06164,2026-02-27 00:00:00,2026-04-01
M02806,ip,I08339,2026-01-01 00:00:00,2026-04-01
M02806,device,D02472,2026-01-01 00:00:00,2026-04-01
M02807,ip,I09824,2026-03-06 00:00:00,2026-04-01
M02807,device,D06069,2026-03-06 00:00:00,2026-03-12
M02807,device,D05096,2026-03-12 00:00:00,2026-04-01
M02808,ip,I08159,2026-01-01 00:00:00,2026-04-01
M02808,device,D01252,2026-01-01 00:00:00,2026-04-01
M02809,ip,I03608,2026-01-01 00:00:00,2026-01-23
M02809,device,D03820,2026-01-01 00:00:00,2026-01-15
M02809,device,D08667,2026-01-15 00:00:00,2026-04-01
M02810,ip,I07732,2026-01-01 00:00:00,2026-04-01
M02810,device,D04178,2026-01-01 00:00:00,2026-04-01
M02811,ip,I08475,2026-01-08 00:00:00,2026-04-01
M02811,device,D00046,2026-01-08 00:00:00,2026-04-01
M02812,ip,I00992,2026-02-27 00:00:00,2026-04-01
M02812,device,D01589,2026-02-27 00:00:00,2026-04-01
M02813,ip,I06464,2026-01-01 00:00:00,2026-04-01
M02813,device,D05769,2026-01-01 00:00:00,2026-04-01
M02814,ip,I02391,2026-02-28 00:00:00,2026-04-01
M02814,device,D02963,2026-02-28 00:00:00,2026-04-01
M02815,ip,I01436,2026-03-05 00:00:00,2026-01-23
M02815,device,D08360,2026-03-05 00:00:00,2026-04-01
M02816,ip,I01276,2026-01-29 00:00:00,2026-04-01
M02816,device,D06609,2026-01-29 00:00:00,2026-04-01
M02817,ip,I00923,2026-02-18 00:00:00,2026-04-01
M02817,device,D04602,2026-02-18 00:00:00,2026-03-19
M02817,device,D07965,2026-03-19 00:00:00,2026-04-01
M02818,ip,I02549,2026-01-01 00:00:00,2026-04-01
M02818,device,D02290,2026-01-01 00:00:00,2026-04-01
M02819,ip,I05962,2026-03-23 00:00:00,2026-04-01
M02819,device,D05506,2026-03-23 00:00:00,2026-04-01
M02820,ip,I07206,2026-01-01 00:00:00,2026-04-01
M02820,device,D04417,2026-01-01 00:00:00,2026-04-01
M02821,ip,I01745,2026-01-01 00:00:00,2026-04-01
M02821,device,D08243,2026-01-01 00:00:00,2026-04-01
M02822,ip,I01667,2026-01-01 00:00:00,2026-04-01
M02822,device,D00472,2026-01-01 00:00:00,2026-04-01
M02823,ip,I09201,2026-01-01 00:00:00,2026-04-01
M02823,device,D00984,2026-01-01 00:00:00,2026-01-19
M02823,device,D05494,2026-01-19 00:00:00,2026-04-01
M02824,ip,I06019,2026-01-06 00:00:00,2026-04-01
M02824,device,D09483,2026-01-06 00:00:00,2026-04-01
M02825,ip,I03372,2026-01-01 00:00:00,2026-04-01
M02825,device,D07010,2026-01-01 00:00:00,2026-02-16
M02825,device,D05610,2026-02-16 00:00:00,2026-04-01
M02826,ip,I04111,2026-01-01 00:00:00,2026-04-01
M02826,device,D01846,2026-01-01 00:00:00,2026-04-01
M02827,ip,I06912,2026-01-01 00:00:00,2026-04-01
M02827,device,D05483,2026-01-01 00:00:00,2026-02-04
M02827,device,D05072,2026-02-04 00:00:00,2026-04-01
M02828,ip,I03533,2026-01-01 00:00:00,2026-04-01
M02828,device,D07183,2026-01-01 00:00:00,2026-04-01
M02829,ip,I06305,2026-01-01 00:00:00,2026-04-01
M02829,device,D05659,2026-01-01 00:00:00,2026-04-01
M02830,ip,I08797,2026-01-01 00:00:00,2026-04-01
M02830,device,D01269,2026-01-01 00:00:00,2026-04-01
M02831,ip,I05294,2026-01-01 00:00:00,2026-04-01
M02831,device,D07027,2026-01-01 00:00:00,2026-04-01
M02832,ip,I02621,2026-03-14 00:00:00,2026-04-01
M02832,device,D05434,2026-03-14 00:00:00,2026-04-01
M02833,ip,I05394,2026-02-21 00:00:00,2026-01-27
M02833,device,D04025,2026-02-21 00:00:00,2026-03-20
M02833,device,D01174,2026-03-20 00:00:00,2026-04-01
M02834,ip,I08859,2026-01-01 00:00:00,2026-04-01
M02834,device,D00239,2026-01-01 00:00:00,2026-04-01
M02835,ip,I08915,2026-01-14 00:00:00,2026-04-01
M02835,device,D07660,2026-01-14 00:00:00,2026-04-01
M02836,ip,I04577,2026-01-01 00:00:00,2026-04-01
M02836,device,D08925,2026-01-01 00:00:00,2026-04-01
M02837,ip,I07850,2026-01-01 00:00:00,2026-04-01
M02837,device,D08918,2026-01-01 00:00:00,2026-04-01
M02838,ip,I04323,2026-01-07 00:00:00,2026-04-01
M02838,device,D02625,2026-01-07 00:00:00,2026-04-01
M02839,ip,I07642,2026-01-01 00:00:00,2026-04-01
M02839,device,D00349,2026-01-01 00:00:00,2026-03-26
M02839,device,D01503,2026-03-26 00:00:00,2026-04-01
M02840,ip,I06418,2026-01-01 00:00:00,2026-02-11
M02840,device,D09017,2026-01-01 00:00:00,2026-04-01
M02841,ip,I03212,2026-01-01 00:00:00,2026-04-01
M02841,device,D04418,2026-01-01 00:00:00,2026-04-01
M02842,ip,I03390,2026-01-01 00:00:00,2026-04-01
M02842,device,D01730,2026-01-01 00:00:00,2026-02-05
M02842,device,D03627,2026-02-05 00:00:00,2026-04-01
M02843,ip,I00399,2026-01-01 00:00:00,2026-04-01
M02843,device,D01810,2026-01-01 00:00:00,2026-04-01
M02844,ip,I07250,2026-01-01 00:00:00,2026-04-01
M02844,device,D06842,2026-01-01 00:00:00,2026-01-07
M02844,device,D00553,2026-01-07 00:00:00,2026-04-01
M02845,ip,I01959,2026-01-01 00:00:00,2026-04-01
M02845,device,D08604,2026-01-01 00:00:00,2026-04-01
M02846,ip,I00483,2026-01-01 00:00:00,2026-04-01
M02846,device,D06101,2026-01-01 00:00:00,2026-04-01
M02847,ip,I05684,2026-01-01 00:00:00,2026-04-01
M02847,device,D05765,2026-01-01 00:00:00,2026-02-17
M02847,device,D09889,2026-02-17 00:00:00,2026-04-01
M02848,ip,I07019,2026-01-01 00:00:00,2026-04-01
M02848,device,D02416,2026-01-01 00:00:00,2026-03-24
M02848,device,D08931,2026-03-24 00:00:00,2026-04-01
M02849,ip,I01527,2026-01-01 00:00:00,2026-04-01
M02849,device,D00609,2026-01-01 00:00:00,2026-02-25
M02849,device,D01024,2026-02-25 00:00:00,2026-04-01
M02850,ip,I01261,2026-03-15 00:00:00,2026-04-01
M02850,device,D09610,2026-03-15 00:00:00,2026-04-01
M02851,ip,I06705,2026-02-13 00:00:00,2026-04-01
M02851,device,D05434,2026-02-13 00:00:00,2026-04-01
M02852,ip,I02178,2026-01-01 00:00:00,2026-02-14
M02852,device,D05284,2026-01-01 00:00:00,2026-04-01
M02853,ip,I01053,2026-01-01 00:00:00,2026-04-01
M02853,device,D02092,2026-01-01 00:00:00,2026-04-01
M02854,ip,I07389,2026-03-01 00:00:00,2026-04-01
M02854,device,D00740,2026-03-01 00:00:00,2026-04-01
M02855,ip,I06001,2026-01-01 00:00:00,2026-04-01
M02855,device,D02655,2026-01-01 00:00:00,2026-04-01
M02856,ip,I06465,2026-02-22 00:00:00,2026-04-01
M02856,device,D08458,2026-02-22 00:00:00,2026-04-01
M02857,ip,I05688,2026-01-01 00:00:00,2026-04-01
M02857,device,D01209,2026-01-01 00:00:00,2026-03-08
M02857,device,D08563,2026-03-08 00:00:00,2026-04-01
M02858,ip,I07596,2026-01-01 00:00:00,2026-04-01
M02858,device,D09364,2026-01-01 00:00:00,2026-04-01
M02859,ip,I02800,2026-02-19 00:00:00,2026-01-26
M02859,device,D02652,2026-02-19 00:00:00,2026-04-01
M02860,ip,I07392,2026-01-01 00:00:00,2026-04-01
M02860,device,D01718,2026-01-01 00:00:00,2026-04-01
M02861,ip,I00857,2026-01-23 00:00:00,2026-04-01
M02861,device,D01394,2026-01-23 00:00:00,2026-04-01
M02862,ip,I08119,2026-01-06 00:00:00,2026-04-01
M02862,device,D03861,2026-01-06 00:00:00,2026-02-15
M02862,device,D04088,2026-02-15 00:00:00,2026-04-01
M02863,ip,I03662,2026-01-01 00:00:00,2026-04-01
M02863,device,D04481,2026-01-01 00:00:00,2026-02-14
M02863,device,D03626,2026-02-14 00:00:00,2026-04-01
M02864,ip,I08643,2026-01-01 00:00:00,2026-04-01
M02864,device,D09519,2026-01-01 00:00:00,2026-04-01
M02865,ip,I05388,2026-01-01 00:00:00,2026-04-01
M02865,device,D07822,2026-01-01 00:00:00,2026-02-06
M02865,device,D06060,2026-02-06 00:00:00,2026-04-01
M02866,ip,I05189,2026-01-01 00:00:00,2026-04-01
M02866,device,D04517,2026-01-01 00:00:00,2026-04-01
M02867,ip,I04756,2026-01-01 00:00:00,2026-04-01
M02867,device,D03535,2026-01-01 00:00:00,2026-04-01
M02868,ip,I06587,2026-01-01 00:00:00,2026-04-01
M02868,device,D05173,2026-01-01 00:00:00,2026-04-01
M02869,ip,I05718,2026-01-01 00:00:00,2026-04-01
M02869,device,D08925,2026-01-01 00:00:00,2026-04-01
M02870,ip,I03639,2026-01-30 00:00:00,2026-04-01
M02870,device,D00677,2026-01-30 00:00:00,2026-04-01
M02871,ip,I08660,2026-02-03 00:00:00,2026-04-01
M02871,device,D05758,2026-02-03 00:00:00,2026-04-01
M02872,ip,I04394,2026-01-01 00:00:00,2026-04-01
M02872,device,D03561,2026-01-01 00:00:00,2026-04-01
M02873,ip,I05919,2026-01-01 00:00:00,2026-04-01
M02873,device,D04790,2026-01-01 00:00:00,2026-04-01
M02874,ip,I04707,2026-01-01 00:00:00,2026-04-01
M02874,device,D02979,2026-01-01 00:00:00,2026-01-09
M02874,device,D03049,2026-01-09 00:00:00,2026-04-01
M02875,ip,I05400,2026-01-01 00:00:00,2026-02-16
M02875,device,D05249,2026-01-01 00:00:00,2026-04-01
M02876,ip,I01872,2026-01-01 00:00:00,2026-04-01
M02876,device,D00429,2026-01-01 00:00:00,2026-01-28
M02876,device,D03010,2026-01-28 00:00:00,2026-04-01
M02877,ip,I04752,2026-02-07 00:00:00,2026-04-01
M02877,device,D01666,2026-02-07 00:00:00,2026-04-01
M02878,ip,I06463,2026-01-01 00:00:00,2026-04-01
M02878,device,D02303,2026-01-01 00:00:00,2026-03-09
M02878,device,D00331,2026-03-09 00:00:00,2026-04-01
M02879,ip,I00913,2026-01-01 00:00:00,2026-04-01
M02879,device,D08717,2026-01-01 00:00:00,2026-04-01
M02880,ip,I09349,2026-01-01 00:00:00,2026-04-01
M02880,device,D07069,2026-01-01 00:00:00,2026-04-01
M02881,ip,I04066,2026-01-01 00:00:00,2026-02-15
M02881,device,D09620,2026-01-01 00:00:00,2026-04-01
M02882,ip,I08511,2026-01-01 00:00:00,2026-04-01
M02882,device,D05183,2026-01-01 00:00:00,2026-01-15
M02882,device,D05405,2026-01-15 00:00:00,2026-04-01
M02883,ip,I01312,2026-03-11 00:00:00,2026-04-01
M02883,device,D04760,2026-03-11 00:00:00,2026-04-01
M02884,ip,I07808,2026-01-01 00:00:00,2026-01-27
M02884,device,D02600,2026-01-01 00:00:00,2026-01-29
M02884,device,D03721,2026-01-29 00:00:00,2026-04-01
M02885,ip,I01235,2026-01-02 00:00:00,2026-04-01
M02885,device,D08916,2026-01-02 00:00:00,2026-04-01
M02886,ip,I07414,2026-01-01 00:00:00,2026-02-03
M02886,device,D03654,2026-01-01 00:00:00,2026-04-01
M02887,ip,I05311,2026-01-01 00:00:00,2026-04-01
M02887,device,D00078,2026-01-01 00:00:00,2026-04-01
M02888,ip,I02832,2026-01-01 00:00:00,2026-04-01
M02888,device,D08725,2026-01-01 00:00:00,2026-02-10
M02888,device,D05261,2026-02-10 00:00:00,2026-04-01
M02889,ip,I04874,2026-03-16 00:00:00,2026-04-01
M02889,device,D06367,2026-03-16 00:00:00,2026-03-26
M02889,device,D08173,2026-03-26 00:00:00,2026-04-01
M02890,ip,I04772,2026-01-01 00:00:00,2026-04-01
M02890,device,D04866,2026-01-01 00:00:00,2026-04-01
M02891,ip,I08733,2026-01-22 00:00:00,2026-04-01
M02891,device,D08802,2026-01-22 00:00:00,2026-02-25
M02891,device,D08713,2026-02-25 00:00:00,2026-04-01
M02892,ip,I08486,2026-01-02 00:00:00,2026-04-01
M02892,device,D00998,2026-01-02 00:00:00,2026-01-19
M02892,device,D09915,2026-01-19 00:00:00,2026-04-01
M02893,ip,I01243,2026-01-01 00:00:00,2026-04-01
M02893,device,D00338,2026-01-01 00:00:00,2026-04-01
M02894,ip,I04591,2026-03-10 00:00:00,2026-04-01
M02894,device,D06066,2026-03-10 00:00:00,2026-04-01
M02895,ip,I08272,2026-02-28 00:00:00,2026-04-01
M02895,device,D00227,2026-02-28 00:00:00,2026-04-01
M02896,ip,I09708,2026-02-18 00:00:00,2026-04-01
M02896,device,D08807,2026-02-18 00:00:00,2026-03-14
M02896,device,D07091,2026-03-14 00:00:00,2026-04-01
M02897,ip,I01902,2026-01-01 00:00:00,2026-04-01
M02897,device,D06918,2026-01-01 00:00:00,2026-04-01
M02898,ip,I05767,2026-01-01 00:00:00,2026-04-01
M02898,device,D07198,2026-01-01 00:00:00,2026-04-01
M02899,ip,I02048,2026-01-01 00:00:00,2026-04-01
M02899,device,D01518,2026-01-01 00:00:00,2026-04-01
M02900,ip,I03563,2026-01-01 00:00:00,2026-04-01
M02900,device,D02058,2026-01-01 00:00:00,2026-01-23
M02900,device,D01208,2026-01-23 00:00:00,2026-04-01
M02901,ip,I03206,2026-03-26 00:00:00,2026-04-01
M02901,device,D00235,2026-03-26 00:00:00,2026-04-01
M02902,ip,I08690,2026-01-01 00:00:00,2026-04-01
M02902,device,D07994,2026-01-01 00:00:00,2026-01-14
M02902,device,D03009,2026-01-14 00:00:00,2026-04-01
M02903,ip,I04930,2026-02-11 00:00:00,2026-02-15
M02903,device,D06816,2026-02-11 00:00:00,2026-04-01
M02904,ip,I02774,2026-01-01 00:00:00,2026-04-01
M02904,device,D02243,2026-01-01 00:00:00,2026-04-01
M02905,ip,I04862,2026-01-01 00:00:00,2026-04-01
M02905,device,D05349,2026-01-01 00:00:00,2026-04-01
M02906,ip,I01082,2026-01-01 00:00:00,2026-04-01
M02906,device,D09404,2026-01-01 00:00:00,2026-04-01
M02907,ip,I07672,2026-01-01 00:00:00,2026-04-01
M02907,device,D06608,2026-01-01 00:00:00,2026-04-01
M02908,ip,I09403,2026-01-01 00:00:00,2026-04-01
M02908,device,D06327,2026-01-01 00:00:00,2026-04-01
M02909,ip,I01489,2026-01-01 00:00:00,2026-04-01
M02909,device,D01880,2026-01-01 00:00:00,2026-04-01
M02910,ip,I08153,2026-01-01 00:00:00,2026-04-01
M02910,device,D02728,2026-01-01 00:00:00,2026-04-01
M02911,ip,I04886,2026-02-02 00:00:00,2026-04-01
M02911,device,D01863,2026-02-02 00:00:00,2026-02-18
M02911,device,D04529,2026-02-18 00:00:00,2026-04-01
M02912,ip,I05863,2026-01-01 00:00:00,2026-04-01
M02912,device,D08637,2026-01-01 00:00:00,2026-02-08
M02912,device,D00990,2026-02-08 00:00:00,2026-04-01
M02913,ip,I07614,2026-03-02 00:00:00,2026-04-01
M02913,device,D06329,2026-03-02 00:00:00,2026-04-01
M02914,ip,I05322,2026-01-01 00:00:00,2026-04-01
M02914,device,D08457,2026-01-01 00:00:00,2026-01-21
M02914,device,D01050,2026-01-21 00:00:00,2026-04-01
M02915,ip,I06928,2026-02-04 00:00:00,2026-02-28
M02915,device,D07049,2026-02-04 00:00:00,2026-03-20
M02915,device,D05746,2026-03-20 00:00:00,2026-04-01
M02916,ip,I08124,2026-02-13 00:00:00,2026-02-04
M02916,device,D09401,2026-02-13 00:00:00,2026-02-04
M02917,ip,I07881,2026-01-01 00:00:00,2026-04-01
M02917,device,D03158,2026-01-01 00:00:00,2026-04-01
M02918,ip,I05818,2026-01-01 00:00:00,2026-04-01
M02918,device,D08856,2026-01-01 00:00:00,2026-04-01
M02919,ip,I07711,2026-03-03 00:00:00,2026-04-01
M02919,device,D07927,2026-03-03 00:00:00,2026-04-01
M02920,ip,I02219,2026-03-18 00:00:00,2026-04-01
M02920,device,D01276,2026-03-18 00:00:00,2026-04-01
M02921,ip,I04578,2026-01-01 00:00:00,2026-04-01
M02921,device,D04616,2026-01-01 00:00:00,2026-04-01
M02922,ip,I08976,2026-01-28 00:00:00,2026-02-16
M02922,device,D07383,2026-01-28 00:00:00,2026-04-01
M02923,ip,I02849,2026-01-01 00:00:00,2026-04-01
M02923,device,D03754,2026-01-01 00:00:00,2026-01-25
M02923,device,D02841,2026-01-25 00:00:00,2026-04-01
M02924,ip,I08499,2026-01-01 00:00:00,2026-02-15
M02924,device,D02548,2026-01-01 00:00:00,2026-04-01
M02925,ip,I09545,2026-01-01 00:00:00,2026-04-01
M02925,device,D09809,2026-01-01 00:00:00,2026-04-01
M02926,ip,I04077,2026-01-01 00:00:00,2026-04-01
M02926,device,D00808,2026-01-01 00:00:00,2026-04-01
M02927,ip,I08321,2026-01-01 00:00:00,2026-04-01
M02927,device,D04169,2026-01-01 00:00:00,2026-04-01
M02928,ip,I01026,2026-01-01 00:00:00,2026-02-19
M02928,device,D08407,2026-01-01 00:00:00,2026-02-24
M02928,device,D06235,2026-02-24 00:00:00,2026-04-01
M02929,ip,I01085,2026-01-01 00:00:00,2026-04-01
M02929,device,D07494,2026-01-01 00:00:00,2026-04-01
M02930,ip,I00456,2026-01-01 00:00:00,2026-04-01
M02930,device,D01120,2026-01-01 00:00:00,2026-04-01
M02931,ip,I04266,2026-01-01 00:00:00,2026-04-01
M02931,device,D09254,2026-01-01 00:00:00,2026-04-01
M02932,ip,I00018,2026-01-01 00:00:00,2026-04-01
M02932,device,D00254,2026-01-01 00:00:00,2026-04-01
M02933,ip,I04821,2026-03-14 00:00:00,2026-04-01
M02933,device,D05095,2026-03-14 00:00:00,2026-04-01
M02934,ip,I05209,2026-01-01 00:00:00,2026-04-01
M02934,device,D03139,2026-01-01 00:00:00,2026-04-01
M02935,ip,I06295,2026-01-01 00:00:00,2026-02-16
M02935,device,D08123,2026-01-01 00:00:00,2026-04-01
M02936,ip,I09483,2026-01-01 00:00:00,2026-04-01
M02936,device,D08951,2026-01-01 00:00:00,2026-03-18
M02936,device,D01191,2026-03-18 00:00:00,2026-04-01
M02937,ip,I06575,2026-01-01 00:00:00,2026-01-19
M02937,device,D08304,2026-01-01 00:00:00,2026-04-01
M02938,ip,I09117,2026-01-01 00:00:00,2026-04-01
M02938,device,D08266,2026-01-01 00:00:00,2026-04-01
M02939,ip,I04851,2026-01-01 00:00:00,2026-04-01
M02939,device,D06755,2026-01-01 00:00:00,2026-04-01
M02940,ip,I08106,2026-03-16 00:00:00,2026-04-01
M02940,device,D01202,2026-03-16 00:00:00,2026-03-26
M02940,device,D02034,2026-03-26 00:00:00,2026-04-01
M02941,ip,I00744,2026-01-01 00:00:00,2026-02-08
M02941,device,D04713,2026-01-01 00:00:00,2026-04-01
M02942,ip,I07720,2026-01-01 00:00:00,2026-04-01
M02942,device,D06365,2026-01-01 00:00:00,2026-04-01
M02943,ip,I03558,2026-02-23 00:00:00,2026-04-01
M02943,device,D04463,2026-02-23 00:00:00,2026-04-01
M02944,ip,I09805,2026-01-01 00:00:00,2026-04-01
M02944,device,D03919,2026-01-01 00:00:00,2026-04-01
M02945,ip,I09920,2026-01-01 00:00:00,2026-04-01
M02945,device,D05961,2026-01-01 00:00:00,2026-02-08
M02945,device,D00502,2026-02-08 00:00:00,2026-04-01
M02946,ip,I04304,2026-01-02 00:00:00,2026-04-01
M02946,device,D09483,2026-01-02 00:00:00,2026-01-11
M02946,device,D05576,2026-01-11 00:00:00,2026-04-01
M02947,ip,I04531,2026-01-01 00:00:00,2026-04-01
M02947,device,D01598,2026-01-01 00:00:00,2026-04-01
M02948,ip,I07461,2026-01-26 00:00:00,2026-04-01
M02948,device,D05584,2026-01-26 00:00:00,2026-04-01
M02949,ip,I05181,2026-01-01 00:00:00,2026-04-01
M02949,device,D06548,2026-01-01 00:00:00,2026-04-01
M02950,ip,I05269,2026-01-01 00:00:00,2026-01-23
M02950,device,D01794,2026-01-01 00:00:00,2026-04-01
M02951,ip,I08038,2026-01-01 00:00:00,2026-04-01
M02951,device,D08513,2026-01-01 00:00:00,2026-04-01
M02952,ip,I02125,2026-01-16 00:00:00,2026-04-01
M02952,device,D09841,2026-01-16 00:00:00,2026-04-01
M02953,ip,I08311,2026-01-25 00:00:00,2026-04-01
M02953,device,D06972,2026-01-25 00:00:00,2026-04-01
M02954,ip,I05430,2026-01-01 00:00:00,2026-04-01
M02954,device,D07710,2026-01-01 00:00:00,2026-04-01
M02955,ip,I07646,2026-01-01 00:00:00,2026-04-01
M02955,device,D02324,2026-01-01 00:00:00,2026-02-09
M02955,device,D04989,2026-02-09 00:00:00,2026-04-01
M02956,ip,I08344,2026-01-01 00:00:00,2026-02-03
M02956,device,D06755,2026-01-01 00:00:00,2026-03-03
M02956,device,D04419,2026-03-03 00:00:00,2026-04-01
M02957,ip,I03236,2026-01-01 00:00:00,2026-04-01
M02957,device,D00101,2026-01-01 00:00:00,2026-04-01
M02958,ip,I05533,2026-01-01 00:00:00,2026-02-15
M02958,device,D01032,2026-01-01 00:00:00,2026-03-09
M02958,device,D04720,2026-03-09 00:00:00,2026-04-01
M02959,ip,I02168,2026-01-27 00:00:00,2026-04-01
M02959,device,D06729,2026-01-27 00:00:00,2026-03-13
M02959,device,D03486,2026-03-13 00:00:00,2026-04-01
M02960,ip,I04982,2026-01-01 00:00:00,2026-04-01
M02960,device,D09849,2026-01-01 00:00:00,2026-04-01
M02961,ip,I05460,2026-01-24 00:00:00,2026-04-01
M02961,device,D02955,2026-01-24 00:00:00,2026-03-15
M02961,device,D05388,2026-03-15 00:00:00,2026-04-01
M02962,ip,I07775,2026-01-01 00:00:00,2026-04-01
M02962,device,D01579,2026-01-01 00:00:00,2026-04-01
M02963,ip,I06461,2026-01-01 00:00:00,2026-04-01
M02963,device,D05939,2026-01-01 00:00:00,2026-03-16
M02963,device,D03451,2026-03-16 00:00:00,2026-04-01
M02964,ip,I08008,2026-01-01 00:00:00,2026-04-01
M02964,device,D05923,2026-01-01 00:00:00,2026-04-01
M02965,ip,I01878,2026-01-01 00:00:00,2026-04-01
M02965,device,D01378,2026-01-01 00:00:00,2026-04-01
M02966,ip,I00328,2026-01-01 00:00:00,2026-04-01
M02966,device,D02587,2026-01-01 00:00:00,2026-04-01
M02967,ip,I01681,2026-01-12 00:00:00,2026-04-01
M02967,device,D09519,2026-01-12 00:00:00,2026-01-27
M02967,device,D06738,2026-01-27 00:00:00,2026-04-01
M02968,ip,I00610,2026-01-01 00:00:00,2026-04-01
M02968,device,D02033,2026-01-01 00:00:00,2026-04-01
M02969,ip,I00081,2026-01-01 00:00:00,2026-04-01
M02969,device,D01716,2026-01-01 00:00:00,2026-02-11
M02969,device,D00373,2026-02-11 00:00:00,2026-04-01
M02970,ip,I09390,2026-01-01 00:00:00,2026-04-01
M02970,device,D06474,2026-01-01 00:00:00,2026-02-28
M02970,device,D07948,2026-02-28 00:00:00,2026-04-01
M02971,ip,I04387,2026-01-01 00:00:00,2026-04-01
M02971,device,D01021,2026-01-01 00:00:00,2026-04-01
M02972,ip,I04893,2026-01-01 00:00:00,2026-02-28
M02972,device,D05369,2026-01-01 00:00:00,2026-04-01
M02973,ip,I08575,2026-03-01 00:00:00,2026-04-01
M02973,device,D08878,2026-03-01 00:00:00,2026-04-01
M02974,ip,I09788,2026-01-01 00:00:00,2026-04-01
M02974,device,D01067,2026-01-01 00:00:00,2026-04-01
M02975,ip,I09886,2026-01-01 00:00:00,2026-04-01
M02975,device,D04468,2026-01-01 00:00:00,2026-04-01
M02976,ip,I06785,2026-01-01 00:00:00,2026-04-01
M02976,device,D02269,2026-01-01 00:00:00,2026-03-07
M02976,device,D06374,2026-03-07 00:00:00,2026-04-01
M02977,ip,I01275,2026-03-15 00:00:00,2026-04-01
M02977,device,D05621,2026-03-15 00:00:00,2026-03-21
M02977,device,D08622,2026-03-21 00:00:00,2026-04-01
M02978,ip,I09054,2026-01-13 00:00:00,2026-04-01
M02978,device,D07983,2026-01-13 00:00:00,2026-03-08
M02978,device,D05683,2026-03-08 00:00:00,2026-04-01
M02979,ip,I04264,2026-01-01 00:00:00,2026-04-01
M02979,device,D02824,2026-01-01 00:00:00,2026-04-01
M02980,ip,I02432,2026-03-26 00:00:00,2026-04-01
M02980,device,D03214,2026-03-26 00:00:00,2026-03-31
M02980,device,D09178,2026-03-31 00:00:00,2026-04-01
M02981,ip,I00626,2026-01-01 00:00:00,2026-04-01
M02981,device,D04166,2026-01-01 00:00:00,2026-04-01
M02982,ip,I09073,2026-01-01 00:00:00,2026-04-01
M02982,device,D06571,2026-01-01 00:00:00,2026-04-01
M02983,ip,I06471,2026-03-21 00:00:00,2026-04-01
M02983,device,D03577,2026-03-21 00:00:00,2026-03-26
M02983,device,D05678,2026-03-26 00:00:00,2026-04-01
M02984,ip,I06914,2026-01-01 00:00:00,2026-02-08
M02984,device,D09079,2026-01-01 00:00:00,2026-04-01
M02985,ip,I01375,2026-01-01 00:00:00,2026-04-01
M02985,device,D04997,2026-01-01 00:00:00,2026-04-01
M02986,ip,I07549,2026-01-01 00:00:00,2026-04-01
M02986,device,D03315,2026-01-01 00:00:00,2026-04-01
M02987,ip,I04988,2026-01-01 00:00:00,2026-04-01
M02987,device,D01155,2026-01-01 00:00:00,2026-04-01
M02988,ip,I09350,2026-01-01 00:00:00,2026-02-03
M02988,device,D00723,2026-01-01 00:00:00,2026-03-10
M02988,device,D04296,2026-03-10 00:00:00,2026-04-01
M02989,ip,I09036,2026-01-01 00:00:00,2026-04-01
M02989,device,D06885,2026-01-01 00:00:00,2026-03-01
M02989,device,D09497,2026-03-01 00:00:00,2026-04-01
M02990,ip,I07399,2026-01-01 00:00:00,2026-04-01
M02990,device,D05152,2026-01-01 00:00:00,2026-04-01
M02991,ip,I07241,2026-01-01 00:00:00,2026-04-01
M02991,device,D09680,2026-01-01 00:00:00,2026-04-01
M02992,ip,I03449,2026-03-07 00:00:00,2026-04-01
M02992,device,D08521,2026-03-07 00:00:00,2026-04-01
M02993,ip,I08266,2026-01-01 00:00:00,2026-04-01
M02993,device,D09181,2026-01-01 00:00:00,2026-04-01
M02994,ip,I02080,2026-01-01 00:00:00,2026-04-01
M02994,device,D09155,2026-01-01 00:00:00,2026-04-01
M02995,ip,I06207,2026-01-01 00:00:00,2026-01-31
M02995,device,D08676,2026-01-01 00:00:00,2026-03-17
M02995,device,D08140,2026-03-17 00:00:00,2026-04-01
M02996,ip,I08106,2026-03-26 00:00:00,2026-04-01
M02996,device,D00998,2026-03-26 00:00:00,2026-03-31
M02996,device,D04909,2026-03-31 00:00:00,2026-04-01
M02997,ip,I06641,2026-01-01 00:00:00,2026-04-01
M02997,device,D09727,2026-01-01 00:00:00,2026-04-01
M02998,ip,I00810,2026-01-01 00:00:00,2026-02-02
M02998,device,D02148,2026-01-01 00:00:00,2026-04-01
M02999,ip,I08855,2026-01-01 00:00:00,2026-04-01
M02999,device,D09354,2026-01-01 00:00:00,2026-04-01
M03000,ip,I03634,2026-01-01 00:00:00,2026-04-01
M03000,device,D01272,2026-01-01 00:00:00,2026-02-16
M03000,device,D07541,2026-02-16 00:00:00,2026-04-01
M03001,ip,I00347,2026-02-27 00:00:00,2026-04-01
M03001,device,D09139,2026-02-27 00:00:00,2026-03-12
M03001,device,D04609,2026-03-12 00:00:00,2026-04-01
M03002,ip,I04545,2026-01-01 00:00:00,2026-04-01
M03002,device,D01548,2026-01-01 00:00:00,2026-04-01
M03003,ip,I02265,2026-01-01 00:00:00,2026-02-19
M03003,device,D06426,2026-01-01 00:00:00,2026-01-08
M03003,device,D06430,2026-01-08 00:00:00,2026-04-01
M03004,ip,I00286,2026-01-01 00:00:00,2026-04-01
M03004,device,D06398,2026-01-01 00:00:00,2026-04-01
M03005,ip,I06066,2026-01-01 00:00:00,2026-04-01
M03005,device,D08955,2026-01-01 00:00:00,2026-03-02
M03005,device,D00514,2026-03-02 00:00:00,2026-04-01
M03006,ip,I04289,2026-01-01 00:00:00,2026-04-01
M03006,device,D04959,2026-01-01 00:00:00,2026-04-01
M03007,ip,I01135,2026-01-01 00:00:00,2026-04-01
M03007,device,D02667,2026-01-01 00:00:00,2026-04-01
M03008,ip,I08320,2026-01-01 00:00:00,2026-04-01
M03008,device,D02538,2026-01-01 00:00:00,2026-03-23
M03008,device,D08110,2026-03-23 00:00:00,2026-04-01
M03009,ip,I06591,2026-01-01 00:00:00,2026-04-01
M03009,device,D09229,2026-01-01 00:00:00,2026-04-01
M03010,ip,I07940,2026-01-11 00:00:00,2026-04-01
M03010,device,D00191,2026-01-11 00:00:00,2026-04-01
M03011,ip,I01769,2026-01-01 00:00:00,2026-04-01
M03011,device,D02240,2026-01-01 00:00:00,2026-04-01
M03012,ip,I00817,2026-01-01 00:00:00,2026-04-01
M03012,device,D06826,2026-01-01 00:00:00,2026-04-01
M03013,ip,I03971,2026-01-01 00:00:00,2026-04-01
M03013,device,D05374,2026-01-01 00:00:00,2026-04-01
M03014,ip,I04005,2026-01-21 00:00:00,2026-01-24
M03014,device,D02462,2026-01-21 00:00:00,2026-02-03
M03014,device,D08057,2026-02-03 00:00:00,2026-04-01
M03015,ip,I05758,2026-01-01 00:00:00,2026-04-01
M03015,device,D00371,2026-01-01 00:00:00,2026-02-26
M03015,device,D00124,2026-02-26 00:00:00,2026-04-01
M03016,ip,I05889,2026-01-01 00:00:00,2026-04-01
M03016,device,D05554,2026-01-01 00:00:00,2026-04-01
M03017,ip,I04892,2026-01-01 00:00:00,2026-04-01
M03017,device,D05311,2026-01-01 00:00:00,2026-04-01
M03018,ip,I07139,2026-01-01 00:00:00,2026-04-01
M03018,device,D05291,2026-01-01 00:00:00,2026-03-05
M03018,device,D08263,2026-03-05 00:00:00,2026-04-01
M03019,ip,I07182,2026-01-01 00:00:00,2026-04-01
M03019,device,D09808,2026-01-01 00:00:00,2026-04-01
M03020,ip,I01540,2026-01-01 00:00:00,2026-04-01
M03020,device,D03744,2026-01-01 00:00:00,2026-04-01
M03021,ip,I07822,2026-01-01 00:00:00,2026-04-01
M03021,device,D01931,2026-01-01 00:00:00,2026-04-01
M03022,ip,I07298,2026-01-01 00:00:00,2026-04-01
M03022,device,D09400,2026-01-01 00:00:00,2026-01-20
M03022,device,D01122,2026-01-20 00:00:00,2026-04-01
M03023,ip,I08420,2026-01-01 00:00:00,2026-04-01
M03023,device,D05464,2026-01-01 00:00:00,2026-04-01
M03024,ip,I05300,2026-02-12 00:00:00,2026-04-01
M03024,device,D05972,2026-02-12 00:00:00,2026-03-03
M03024,device,D07212,2026-03-03 00:00:00,2026-04-01
M03025,ip,I09091,2026-01-01 00:00:00,2026-04-01
M03025,device,D02423,2026-01-01 00:00:00,2026-04-01
M03026,ip,I06012,2026-03-15 00:00:00,2026-04-01
M03026,device,D02280,2026-03-15 00:00:00,2026-03-23
M03026,device,D05679,2026-03-23 00:00:00,2026-04-01
M03027,ip,I00565,2026-01-01 00:00:00,2026-04-01
M03027,device,D02029,2026-01-01 00:00:00,2026-04-01
M03028,ip,I04585,2026-01-05 00:00:00,2026-04-01
M03028,device,D02293,2026-01-05 00:00:00,2026-04-01
M03029,ip,I05456,2026-01-01 00:00:00,2026-04-01
M03029,device,D01796,2026-01-01 00:00:00,2026-04-01
M03030,ip,I00559,2026-01-01 00:00:00,2026-04-01
M03030,device,D01366,2026-01-01 00:00:00,2026-04-01
M03031,ip,I03729,2026-01-01 00:00:00,2026-04-01
M03031,device,D01990,2026-01-01 00:00:00,2026-04-01
M03032,ip,I02425,2026-01-01 00:00:00,2026-04-01
M03032,device,D07294,2026-01-01 00:00:00,2026-03-10
M03032,device,D00830,2026-03-10 00:00:00,2026-04-01
M03033,ip,I08744,2026-01-01 00:00:00,2026-04-01
M03033,device,D00258,2026-01-01 00:00:00,2026-01-24
M03033,device,D04802,2026-01-24 00:00:00,2026-04-01
M03034,ip,I07517,2026-01-25 00:00:00,2026-04-01
M03034,device,D03999,2026-01-25 00:00:00,2026-04-01
M03035,ip,I04979,2026-01-01 00:00:00,2026-04-01
M03035,device,D07923,2026-01-01 00:00:00,2026-01-26
M03035,device,D01590,2026-01-26 00:00:00,2026-04-01
M03036,ip,I09072,2026-01-01 00:00:00,2026-04-01
M03036,device,D00266,2026-01-01 00:00:00,2026-01-18
M03036,device,D05295,2026-01-18 00:00:00,2026-04-01
M03037,ip,I00811,2026-01-01 00:00:00,2026-02-19
M03037,device,D00768,2026-01-01 00:00:00,2026-02-22
M03037,device,D01182,2026-02-22 00:00:00,2026-04-01
M03038,ip,I00857,2026-01-01 00:00:00,2026-04-01
M03038,device,D06695,2026-01-01 00:00:00,2026-03-01
M03038,device,D09697,2026-03-01 00:00:00,2026-04-01
M03039,ip,I05611,2026-01-01 00:00:00,2026-04-01
M03039,device,D03808,2026-01-01 00:00:00,2026-04-01
M03040,ip,I06131,2026-01-01 00:00:00,2026-04-01
M03040,device,D04749,2026-01-01 00:00:00,2026-04-01
M03041,ip,I04818,2026-01-01 00:00:00,2026-04-01
M03041,device,D04201,2026-01-01 00:00:00,2026-04-01
M03042,ip,I00607,2026-01-01 00:00:00,2026-04-01
M03042,device,D03398,2026-01-01 00:00:00,2026-04-01
M03043,ip,I03517,2026-01-01 00:00:00,2026-04-01
M03043,device,D00274,2026-01-01 00:00:00,2026-04-01
M03044,ip,I09699,2026-01-01 00:00:00,2026-04-01
M03044,device,D06173,2026-01-01 00:00:00,2026-04-01
M03045,ip,I09446,2026-01-01 00:00:00,2026-04-01
M03045,device,D09411,2026-01-01 00:00:00,2026-04-01
M03046,ip,I09079,2026-01-01 00:00:00,2026-04-01
M03046,device,D08818,2026-01-01 00:00:00,2026-04-01
M03047,ip,I00583,2026-01-01 00:00:00,2026-04-01
M03047,device,D04777,2026-01-01 00:00:00,2026-04-01
M03048,ip,I05219,2026-01-01 00:00:00,2026-04-01
M03048,device,D02160,2026-01-01 00:00:00,2026-02-05
M03048,device,D05099,2026-02-05 00:00:00,2026-04-01
M03049,ip,I02932,2026-03-01 00:00:00,2026-04-01
M03049,device,D00687,2026-03-01 00:00:00,2026-03-24
M03049,device,D07935,2026-03-24 00:00:00,2026-04-01
M03050,ip,I04282,2026-01-01 00:00:00,2026-04-01
M03050,device,D04638,2026-01-01 00:00:00,2026-02-05
M03050,device,D00608,2026-02-05 00:00:00,2026-04-01
M03051,ip,I01386,2026-01-27 00:00:00,2026-04-01
M03051,device,D09196,2026-01-27 00:00:00,2026-04-01
M03052,ip,I07838,2026-03-11 00:00:00,2026-04-01
M03052,device,D06412,2026-03-11 00:00:00,2026-03-17
M03052,device,D03681,2026-03-17 00:00:00,2026-04-01
M03053,ip,I07644,2026-01-01 00:00:00,2026-02-16
M03053,device,D03055,2026-01-01 00:00:00,2026-04-01
M03054,ip,I06341,2026-01-01 00:00:00,2026-04-01
M03054,device,D05371,2026-01-01 00:00:00,2026-04-01
M03055,ip,I07345,2026-01-01 00:00:00,2026-04-01
M03055,device,D03606,2026-01-01 00:00:00,2026-04-01
M03056,ip,I01369,2026-01-01 00:00:00,2026-03-06
M03056,device,D04292,2026-01-01 00:00:00,2026-04-01
M03057,ip,I08313,2026-01-01 00:00:00,2026-04-01
M03057,device,D04891,2026-01-01 00:00:00,2026-04-01
M03058,ip,I02802,2026-01-01 00:00:00,2026-04-01
M03058,device,D08942,2026-01-01 00:00:00,2026-04-01
M03059,ip,I06586,2026-01-01 00:00:00,2026-04-01
M03059,device,D09302,2026-01-01 00:00:00,2026-04-01
M03060,ip,I02313,2026-01-01 00:00:00,2026-04-01
M03060,device,D03246,2026-01-01 00:00:00,2026-02-09
M03060,device,D00212,2026-02-09 00:00:00,2026-04-01
M03061,ip,I05331,2026-03-16 00:00:00,2026-04-01
M03061,device,D08492,2026-03-16 00:00:00,2026-03-23
M03061,device,D03344,2026-03-23 00:00:00,2026-04-01
M03062,ip,I05945,2026-01-01 00:00:00,2026-04-01
M03062,device,D02505,2026-01-01 00:00:00,2026-04-01
M03063,ip,I01756,2026-02-04 00:00:00,2026-04-01
M03063,device,D09326,2026-02-04 00:00:00,2026-04-01
M03064,ip,I00821,2026-01-01 00:00:00,2026-04-01
M03064,device,D03200,2026-01-01 00:00:00,2026-04-01
M03065,ip,I00920,2026-01-01 00:00:00,2026-04-01
M03065,device,D02471,2026-01-01 00:00:00,2026-04-01
M03066,ip,I04410,2026-01-01 00:00:00,2026-02-03
M03066,device,D01188,2026-01-01 00:00:00,2026-02-04
M03067,ip,I09189,2026-01-01 00:00:00,2026-04-01
M03067,device,D08137,2026-01-01 00:00:00,2026-04-01
M03068,ip,I06234,2026-01-01 00:00:00,2026-04-01
M03068,device,D07740,2026-01-01 00:00:00,2026-04-01
M03069,ip,I06413,2026-01-01 00:00:00,2026-04-01
M03069,device,D02959,2026-01-01 00:00:00,2026-04-01
M03070,ip,I04875,2026-01-01 00:00:00,2026-04-01
M03070,device,D01817,2026-01-01 00:00:00,2026-04-01
M03071,ip,I01073,2026-01-01 00:00:00,2026-04-01
M03071,device,D04751,2026-01-01 00:00:00,2026-04-01
M03072,ip,I07553,2026-03-14 00:00:00,2026-01-28
M03072,device,D08784,2026-03-14 00:00:00,2026-03-24
M03072,device,D02189,2026-03-24 00:00:00,2026-04-01
M03073,ip,I06366,2026-01-09 00:00:00,2026-04-01
M03073,device,D04107,2026-01-09 00:00:00,2026-03-12
M03073,device,D06895,2026-03-12 00:00:00,2026-04-01
M03074,ip,I03420,2026-01-01 00:00:00,2026-04-01
M03074,device,D07376,2026-01-01 00:00:00,2026-04-01
M03075,ip,I09495,2026-01-01 00:00:00,2026-04-01
M03075,device,D04703,2026-01-01 00:00:00,2026-04-01
M03076,ip,I06630,2026-01-01 00:00:00,2026-04-01
M03076,device,D06059,2026-01-01 00:00:00,2026-04-01
M03077,ip,I06875,2026-01-01 00:00:00,2026-04-01
M03077,device,D08155,2026-01-01 00:00:00,2026-04-01
M03078,ip,I03178,2026-01-25 00:00:00,2026-04-01
M03078,device,D01234,2026-01-25 00:00:00,2026-04-01
M03079,ip,I08176,2026-01-01 00:00:00,2026-02-20
M03079,device,D03056,2026-01-01 00:00:00,2026-02-20
M03080,ip,I03318,2026-01-01 00:00:00,2026-04-01
M03080,device,D04628,2026-01-01 00:00:00,2026-04-01
M03081,ip,I01735,2026-02-25 00:00:00,2026-04-01
M03081,device,D01085,2026-02-25 00:00:00,2026-03-07
M03081,device,D08035,2026-03-07 00:00:00,2026-04-01
M03082,ip,I00929,2026-01-01 00:00:00,2026-04-01
M03082,device,D06523,2026-01-01 00:00:00,2026-04-01
M03083,ip,I07136,2026-01-01 00:00:00,2026-04-01
M03083,device,D08211,2026-01-01 00:00:00,2026-04-01
M03084,ip,I09954,2026-01-01 00:00:00,2026-02-20
M03084,device,D07863,2026-01-01 00:00:00,2026-02-20
M03085,ip,I05427,2026-01-01 00:00:00,2026-04-01
M03085,device,D02864,2026-01-01 00:00:00,2026-04-01
M03086,ip,I00866,2026-01-29 00:00:00,2026-04-01
M03086,device,D09285,2026-01-29 00:00:00,2026-02-18
M03086,device,D08395,2026-02-18 00:00:00,2026-04-01
M03087,ip,I07036,2026-01-01 00:00:00,2026-04-01
M03087,device,D00777,2026-01-01 00:00:00,2026-04-01
M03088,ip,I01576,2026-01-01 00:00:00,2026-04-01
M03088,device,D06242,2026-01-01 00:00:00,2026-01-09
M03088,device,D08173,2026-01-09 00:00:00,2026-04-01
M03089,ip,I09500,2026-01-01 00:00:00,2026-04-01
M03089,device,D05158,2026-01-01 00:00:00,2026-03-19
M03089,device,D07985,2026-03-19 00:00:00,2026-04-01
M03090,ip,I08965,2026-01-01 00:00:00,2026-04-01
M03090,device,D07884,2026-01-01 00:00:00,2026-04-01
M03091,ip,I03824,2026-03-14 00:00:00,2026-04-01
M03091,device,D07312,2026-03-14 00:00:00,2026-03-26
M03091,device,D03182,2026-03-26 00:00:00,2026-04-01
M03092,ip,I00347,2026-01-01 00:00:00,2026-04-01
M03092,device,D06733,2026-01-01 00:00:00,2026-02-09
M03092,device,D04505,2026-02-09 00:00:00,2026-04-01
M03093,ip,I06120,2026-03-25 00:00:00,2026-04-01
M03093,device,D09320,2026-03-25 00:00:00,2026-04-01
M03094,ip,I04923,2026-01-19 00:00:00,2026-04-01
M03094,device,D05580,2026-01-19 00:00:00,2026-04-01
M03095,ip,I06714,2026-01-02 00:00:00,2026-04-01
M03095,device,D08871,2026-01-02 00:00:00,2026-04-01
M03096,ip,I05185,2026-02-10 00:00:00,2026-04-01
M03096,device,D00883,2026-02-10 00:00:00,2026-04-01
M03097,ip,I04115,2026-01-01 00:00:00,2026-04-01
M03097,device,D01909,2026-01-01 00:00:00,2026-01-27
M03097,device,D02924,2026-01-27 00:00:00,2026-04-01
M03098,ip,I04631,2026-01-01 00:00:00,2026-02-06
M03098,device,D06107,2026-01-01 00:00:00,2026-04-01
M03099,ip,I04859,2026-03-05 00:00:00,2026-02-04
M03099,device,D09125,2026-03-05 00:00:00,2026-02-04
M03100,ip,I02174,2026-01-01 00:00:00,2026-04-01
M03100,device,D04224,2026-01-01 00:00:00,2026-03-22
M03100,device,D01949,2026-03-22 00:00:00,2026-04-01
M03101,ip,I05671,2026-01-01 00:00:00,2026-04-01
M03101,device,D01025,2026-01-01 00:00:00,2026-04-01
M03102,ip,I04578,2026-03-10 00:00:00,2026-04-01
M03102,device,D01276,2026-03-10 00:00:00,2026-04-01
M03103,ip,I01030,2026-02-26 00:00:00,2026-04-01
M03103,device,D03178,2026-02-26 00:00:00,2026-04-01
M03104,ip,I08731,2026-01-01 00:00:00,2026-04-01
M03104,device,D08728,2026-01-01 00:00:00,2026-04-01
M03105,ip,I00365,2026-01-01 00:00:00,2026-04-01
M03105,device,D02403,2026-01-01 00:00:00,2026-04-01
M03106,ip,I06217,2026-01-01 00:00:00,2026-04-01
M03106,device,D02521,2026-01-01 00:00:00,2026-04-01
M03107,ip,I08589,2026-01-25 00:00:00,2026-04-01
M03107,device,D00153,2026-01-25 00:00:00,2026-04-01
M03108,ip,I02351,2026-01-01 00:00:00,2026-04-01
M03108,device,D07259,2026-01-01 00:00:00,2026-04-01
M03109,ip,I07862,2026-01-01 00:00:00,2026-04-01
M03109,device,D08412,2026-01-01 00:00:00,2026-01-31
M03109,device,D08532,2026-01-31 00:00:00,2026-04-01
M03110,ip,I06492,2026-01-01 00:00:00,2026-04-01
M03110,device,D03237,2026-01-01 00:00:00,2026-01-27
M03110,device,D00015,2026-01-27 00:00:00,2026-04-01
M03111,ip,I09663,2026-01-01 00:00:00,2026-04-01
M03111,device,D02358,2026-01-01 00:00:00,2026-01-08
M03111,device,D06750,2026-01-08 00:00:00,2026-04-01
M03112,ip,I00985,2026-01-01 00:00:00,2026-04-01
M03112,device,D01448,2026-01-01 00:00:00,2026-04-01
M03113,ip,I00183,2026-01-01 00:00:00,2026-04-01
M03113,device,D01265,2026-01-01 00:00:00,2026-04-01
M03114,ip,I00976,2026-01-24 00:00:00,2026-04-01
M03114,device,D02856,2026-01-24 00:00:00,2026-04-01
M03115,ip,I02579,2026-01-01 00:00:00,2026-04-01
M03115,device,D06404,2026-01-01 00:00:00,2026-04-01
M03116,ip,I02445,2026-01-01 00:00:00,2026-04-01
M03116,device,D09917,2026-01-01 00:00:00,2026-04-01
M03117,ip,I03024,2026-01-01 00:00:00,2026-04-01
M03117,device,D09464,2026-01-01 00:00:00,2026-04-01
M03118,ip,I00472,2026-01-13 00:00:00,2026-02-02
M03118,device,D09065,2026-01-13 00:00:00,2026-03-13
M03118,device,D00332,2026-03-13 00:00:00,2026-04-01
M03119,ip,I03717,2026-03-01 00:00:00,2026-04-01
M03119,device,D00746,2026-03-01 00:00:00,2026-04-01
M03120,ip,I01291,2026-01-01 00:00:00,2026-04-01
M03120,device,D01380,2026-01-01 00:00:00,2026-01-15
M03120,device,D05854,2026-01-15 00:00:00,2026-04-01
M03121,ip,I02767,2026-01-01 00:00:00,2026-04-01
M03121,device,D09575,2026-01-01 00:00:00,2026-04-01
M03122,ip,I09209,2026-01-01 00:00:00,2026-04-01
M03122,device,D07326,2026-01-01 00:00:00,2026-01-16
M03122,device,D09142,2026-01-16 00:00:00,2026-04-01
M03123,ip,I02020,2026-01-01 00:00:00,2026-04-01
M03123,device,D00559,2026-01-01 00:00:00,2026-01-19
M03123,device,D04538,2026-01-19 00:00:00,2026-04-01
M03124,ip,I09005,2026-01-01 00:00:00,2026-04-01
M03124,device,D02262,2026-01-01 00:00:00,2026-04-01
M03125,ip,I03823,2026-01-01 00:00:00,2026-04-01
M03125,device,D06788,2026-01-01 00:00:00,2026-01-24
M03125,device,D00086,2026-01-24 00:00:00,2026-04-01
M03126,ip,I06486,2026-01-01 00:00:00,2026-04-01
M03126,device,D00744,2026-01-01 00:00:00,2026-01-11
M03126,device,D09054,2026-01-11 00:00:00,2026-04-01
M03127,ip,I00238,2026-01-01 00:00:00,2026-04-01
M03127,device,D06217,2026-01-01 00:00:00,2026-01-29
M03127,device,D00926,2026-01-29 00:00:00,2026-04-01
M03128,ip,I03130,2026-02-10 00:00:00,2026-01-25
M03128,device,D08176,2026-02-10 00:00:00,2026-04-01
M03129,ip,I06966,2026-01-01 00:00:00,2026-04-01
M03129,device,D09274,2026-01-01 00:00:00,2026-02-07
M03129,device,D05223,2026-02-07 00:00:00,2026-04-01
M03130,ip,I07840,2026-01-01 00:00:00,2026-04-01
M03130,device,D01215,2026-01-01 00:00:00,2026-04-01
M03131,ip,I05494,2026-01-01 00:00:00,2026-04-01
M03131,device,D04125,2026-01-01 00:00:00,2026-04-01
M03132,ip,I08023,2026-01-01 00:00:00,2026-04-01
M03132,device,D00304,2026-01-01 00:00:00,2026-04-01
M03133,ip,I08839,2026-01-01 00:00:00,2026-04-01
M03133,device,D02295,2026-01-01 00:00:00,2026-04-01
M03134,ip,I01132,2026-01-01 00:00:00,2026-04-01
M03134,device,D01859,2026-01-01 00:00:00,2026-04-01
M03135,ip,I07714,2026-01-01 00:00:00,2026-04-01
M03135,device,D01342,2026-01-01 00:00:00,2026-04-01
M03136,ip,I08974,2026-01-01 00:00:00,2026-04-01
M03136,device,D07793,2026-01-01 00:00:00,2026-04-01
M03137,ip,I00665,2026-03-13 00:00:00,2026-04-01
M03137,device,D02444,2026-03-13 00:00:00,2026-04-01
M03138,ip,I06068,2026-01-26 00:00:00,2026-04-01
M03138,device,D02966,2026-01-26 00:00:00,2026-04-01
M03139,ip,I01946,2026-01-01 00:00:00,2026-04-01
M03139,device,D00446,2026-01-01 00:00:00,2026-01-18
M03139,device,D02878,2026-01-18 00:00:00,2026-04-01
M03140,ip,I03382,2026-01-01 00:00:00,2026-04-01
M03140,device,D02770,2026-01-01 00:00:00,2026-03-17
M03140,device,D07169,2026-03-17 00:00:00,2026-04-01
M03141,ip,I04444,2026-01-01 00:00:00,2026-04-01
M03141,device,D00238,2026-01-01 00:00:00,2026-04-01
M03142,ip,I08097,2026-01-01 00:00:00,2026-04-01
M03142,device,D07575,2026-01-01 00:00:00,2026-04-01
M03143,ip,I00286,2026-01-01 00:00:00,2026-01-28
M03143,device,D08590,2026-01-01 00:00:00,2026-04-01
M03144,ip,I02821,2026-02-18 00:00:00,2026-04-01
M03144,device,D05703,2026-02-18 00:00:00,2026-04-01
M03145,ip,I00169,2026-01-01 00:00:00,2026-04-01
M03145,device,D06632,2026-01-01 00:00:00,2026-01-09
M03145,device,D05249,2026-01-09 00:00:00,2026-04-01
M03146,ip,I06134,2026-01-01 00:00:00,2026-04-01
M03146,device,D01162,2026-01-01 00:00:00,2026-04-01
M03147,ip,I01373,2026-02-05 00:00:00,2026-04-01
M03147,device,D06163,2026-02-05 00:00:00,2026-03-12
M03147,device,D02222,2026-03-12 00:00:00,2026-04-01
M03148,ip,I05973,2026-01-01 00:00:00,2026-04-01
M03148,device,D08133,2026-01-01 00:00:00,2026-02-02
M03148,device,D00956,2026-02-02 00:00:00,2026-04-01
M03149,ip,I09692,2026-01-01 00:00:00,2026-04-01
M03149,device,D03307,2026-01-01 00:00:00,2026-04-01
M03150,ip,I04757,2026-02-22 00:00:00,2026-04-01
M03150,device,D06938,2026-02-22 00:00:00,2026-04-01
M03151,ip,I02496,2026-01-01 00:00:00,2026-02-17
M03151,device,D08405,2026-01-01 00:00:00,2026-04-01
M03152,ip,I09200,2026-01-01 00:00:00,2026-04-01
M03152,device,D08112,2026-01-01 00:00:00,2026-04-01
M03153,ip,I09458,2026-01-01 00:00:00,2026-04-01
M03153,device,D08643,2026-01-01 00:00:00,2026-04-01
M03154,ip,I04287,2026-01-01 00:00:00,2026-04-01
M03154,device,D02649,2026-01-01 00:00:00,2026-01-16
M03154,device,D01054,2026-01-16 00:00:00,2026-04-01
M03155,ip,I02021,2026-01-01 00:00:00,2026-04-01
M03155,device,D05125,2026-01-01 00:00:00,2026-04-01
M03156,ip,I09003,2026-01-30 00:00:00,2026-04-01
M03156,device,D07595,2026-01-30 00:00:00,2026-04-01
M03157,ip,I02682,2026-01-01 00:00:00,2026-04-01
M03157,device,D06638,2026-01-01 00:00:00,2026-04-01
M03158,ip,I09716,2026-01-01 00:00:00,2026-04-01
M03158,device,D07355,2026-01-01 00:00:00,2026-03-06
M03158,device,D04995,2026-03-06 00:00:00,2026-04-01
M03159,ip,I05477,2026-01-30 00:00:00,2026-04-01
M03159,device,D04044,2026-01-30 00:00:00,2026-02-26
M03159,device,D02224,2026-02-26 00:00:00,2026-04-01
M03160,ip,I06919,2026-01-01 00:00:00,2026-04-01
M03160,device,D02852,2026-01-01 00:00:00,2026-03-16
M03160,device,D02174,2026-03-16 00:00:00,2026-04-01
M03161,ip,I08687,2026-01-02 00:00:00,2026-04-01
M03161,device,D09164,2026-01-02 00:00:00,2026-04-01
M03162,ip,I06549,2026-01-01 00:00:00,2026-04-01
M03162,device,D08276,2026-01-01 00:00:00,2026-01-22
M03162,device,D09819,2026-01-22 00:00:00,2026-04-01
M03163,ip,I00899,2026-01-01 00:00:00,2026-04-01
M03163,device,D07648,2026-01-01 00:00:00,2026-04-01
M03164,ip,I05288,2026-01-07 00:00:00,2026-04-01
M03164,device,D05260,2026-01-07 00:00:00,2026-04-01
M03165,ip,I07867,2026-01-01 00:00:00,2026-04-01
M03165,device,D03609,2026-01-01 00:00:00,2026-04-01
M03166,ip,I02482,2026-01-01 00:00:00,2026-04-01
M03166,device,D07508,2026-01-01 00:00:00,2026-01-19
M03166,device,D00366,2026-01-19 00:00:00,2026-04-01
M03167,ip,I05760,2026-03-20 00:00:00,2026-04-01
M03167,device,D08750,2026-03-20 00:00:00,2026-03-26
M03167,device,D07211,2026-03-26 00:00:00,2026-04-01
M03168,ip,I05452,2026-01-01 00:00:00,2026-04-01
M03168,device,D01996,2026-01-01 00:00:00,2026-04-01
M03169,ip,I02451,2026-01-01 00:00:00,2026-04-01
M03169,device,D02936,2026-01-01 00:00:00,2026-04-01
M03170,ip,I07531,2026-01-01 00:00:00,2026-04-01
M03170,device,D08267,2026-01-01 00:00:00,2026-04-01
M03171,ip,I09636,2026-01-01 00:00:00,2026-04-01
M03171,device,D02221,2026-01-01 00:00:00,2026-04-01
M03172,ip,I06848,2026-01-01 00:00:00,2026-04-01
M03172,device,D08370,2026-01-01 00:00:00,2026-02-16
M03172,device,D01169,2026-02-16 00:00:00,2026-04-01
M03173,ip,I03299,2026-03-19 00:00:00,2026-04-01
M03173,device,D04796,2026-03-19 00:00:00,2026-04-01
M03174,ip,I09946,2026-01-01 00:00:00,2026-04-01
M03174,device,D03360,2026-01-01 00:00:00,2026-01-14
M03174,device,D09679,2026-01-14 00:00:00,2026-04-01
M03175,ip,I09384,2026-01-01 00:00:00,2026-04-01
M03175,device,D09390,2026-01-01 00:00:00,2026-04-01
M03176,ip,I02291,2026-01-01 00:00:00,2026-04-01
M03176,device,D06819,2026-01-01 00:00:00,2026-04-01
M03177,ip,I03737,2026-01-01 00:00:00,2026-04-01
M03177,device,D06439,2026-01-01 00:00:00,2026-04-01
M03178,ip,I00521,2026-01-01 00:00:00,2026-04-01
M03178,device,D04636,2026-01-01 00:00:00,2026-03-11
M03178,device,D08326,2026-03-11 00:00:00,2026-04-01
M03179,ip,I00816,2026-01-01 00:00:00,2026-02-02
M03179,device,D06844,2026-01-01 00:00:00,2026-02-25
M03179,device,D06233,2026-02-25 00:00:00,2026-04-01
M03180,ip,I00186,2026-01-01 00:00:00,2026-04-01
M03180,device,D08165,2026-01-01 00:00:00,2026-01-31
M03180,device,D07682,2026-01-31 00:00:00,2026-04-01
M03181,ip,I08017,2026-01-01 00:00:00,2026-04-01
M03181,device,D00724,2026-01-01 00:00:00,2026-04-01
M03182,ip,I01272,2026-02-03 00:00:00,2026-04-01
M03182,device,D09990,2026-02-03 00:00:00,2026-04-01
M03183,ip,I00645,2026-01-01 00:00:00,2026-04-01
M03183,device,D08757,2026-01-01 00:00:00,2026-04-01
M03184,ip,I03604,2026-01-01 00:00:00,2026-04-01
M03184,device,D04612,2026-01-01 00:00:00,2026-04-01
M03185,ip,I06225,2026-01-01 00:00:00,2026-04-01
M03185,device,D03212,2026-01-01 00:00:00,2026-04-01
M03186,ip,I06880,2026-01-01 00:00:00,2026-04-01
M03186,device,D05397,2026-01-01 00:00:00,2026-04-01
M03187,ip,I03487,2026-01-01 00:00:00,2026-04-01
M03187,device,D04120,2026-01-01 00:00:00,2026-04-01
M03188,ip,I02363,2026-01-01 00:00:00,2026-04-01
M03188,device,D03304,2026-01-01 00:00:00,2026-03-07
M03188,device,D04386,2026-03-07 00:00:00,2026-04-01
M03189,ip,I06106,2026-01-01 00:00:00,2026-04-01
M03189,device,D01178,2026-01-01 00:00:00,2026-04-01
M03190,ip,I08311,2026-01-01 00:00:00,2026-04-01
M03190,device,D00697,2026-01-01 00:00:00,2026-04-01
M03191,ip,I01371,2026-01-01 00:00:00,2026-04-01
M03191,device,D02413,2026-01-01 00:00:00,2026-04-01
M03192,ip,I08538,2026-01-01 00:00:00,2026-04-01
M03192,device,D07203,2026-01-01 00:00:00,2026-04-01
M03193,ip,I08475,2026-01-12 00:00:00,2026-04-01
M03193,device,D08703,2026-01-12 00:00:00,2026-04-01
M03194,ip,I06754,2026-01-01 00:00:00,2026-04-01
M03194,device,D01517,2026-01-01 00:00:00,2026-04-01
M03195,ip,I05847,2026-03-06 00:00:00,2026-04-01
M03195,device,D03399,2026-03-06 00:00:00,2026-04-01
M03196,ip,I06047,2026-01-01 00:00:00,2026-04-01
M03196,device,D08723,2026-01-01 00:00:00,2026-04-01
M03197,ip,I07360,2026-01-01 00:00:00,2026-03-01
M03197,device,D06717,2026-01-01 00:00:00,2026-04-01
M03198,ip,I01638,2026-01-16 00:00:00,2026-04-01
M03198,device,D06782,2026-01-16 00:00:00,2026-04-01
M03199,ip,I07399,2026-01-01 00:00:00,2026-04-01
M03199,device,D05110,2026-01-01 00:00:00,2026-04-01
M03200,ip,I02774,2026-01-01 00:00:00,2026-04-01
M03200,device,D02461,2026-01-01 00:00:00,2026-04-01
M03201,ip,I05055,2026-01-01 00:00:00,2026-04-01
M03201,device,D06896,2026-01-01 00:00:00,2026-01-25
M03201,device,D04217,2026-01-25 00:00:00,2026-04-01
M03202,ip,I03572,2026-01-18 00:00:00,2026-02-02
M03202,device,D00691,2026-01-18 00:00:00,2026-04-01
M03203,ip,I03794,2026-01-01 00:00:00,2026-04-01
M03203,device,D08879,2026-01-01 00:00:00,2026-03-14
M03203,device,D01320,2026-03-14 00:00:00,2026-04-01
M03204,ip,I00714,2026-01-01 00:00:00,2026-04-01
M03204,device,D04746,2026-01-01 00:00:00,2026-03-14
M03204,device,D02770,2026-03-14 00:00:00,2026-04-01
M03205,ip,I09637,2026-01-01 00:00:00,2026-04-01
M03205,device,D06387,2026-01-01 00:00:00,2026-04-01
M03206,ip,I00760,2026-01-01 00:00:00,2026-04-01
M03206,device,D08447,2026-01-01 00:00:00,2026-04-01
M03207,ip,I06791,2026-01-01 00:00:00,2026-01-26
M03207,device,D06153,2026-01-01 00:00:00,2026-04-01
M03208,ip,I03516,2026-01-01 00:00:00,2026-04-01
M03208,device,D02561,2026-01-01 00:00:00,2026-04-01
M03209,ip,I04689,2026-01-01 00:00:00,2026-04-01
M03209,device,D07205,2026-01-01 00:00:00,2026-04-01
M03210,ip,I02407,2026-01-01 00:00:00,2026-04-01
M03210,device,D00422,2026-01-01 00:00:00,2026-04-01
M03211,ip,I08213,2026-01-19 00:00:00,2026-04-01
M03211,device,D06360,2026-01-19 00:00:00,2026-02-26
M03211,device,D08292,2026-02-26 00:00:00,2026-04-01
M03212,ip,I05022,2026-01-01 00:00:00,2026-04-01
M03212,device,D02760,2026-01-01 00:00:00,2026-04-01
M03213,ip,I02592,2026-01-01 00:00:00,2026-03-01
M03213,device,D05527,2026-01-01 00:00:00,2026-01-06
M03213,device,D07393,2026-01-06 00:00:00,2026-04-01
M03214,ip,I07522,2026-01-01 00:00:00,2026-04-01
M03214,device,D01573,2026-01-01 00:00:00,2026-04-01
M03215,ip,I09629,2026-01-01 00:00:00,2026-04-01
M03215,device,D08082,2026-01-01 00:00:00,2026-04-01
M03216,ip,I07332,2026-01-01 00:00:00,2026-04-01
M03216,device,D02711,2026-01-01 00:00:00,2026-04-01
M03217,ip,I07196,2026-01-01 00:00:00,2026-04-01
M03217,device,D05281,2026-01-01 00:00:00,2026-04-01
M03218,ip,I09556,2026-02-04 00:00:00,2026-04-01
M03218,device,D06340,2026-02-04 00:00:00,2026-04-01
M03219,ip,I01699,2026-01-01 00:00:00,2026-04-01
M03219,device,D07582,2026-01-01 00:00:00,2026-04-01
M03220,ip,I02460,2026-01-01 00:00:00,2026-02-02
M03220,device,D06964,2026-01-01 00:00:00,2026-01-30
M03220,device,D04694,2026-01-30 00:00:00,2026-04-01
M03221,ip,I03205,2026-01-01 00:00:00,2026-04-01
M03221,device,D04328,2026-01-01 00:00:00,2026-04-01
M03222,ip,I03956,2026-01-01 00:00:00,2026-02-11
M03222,device,D08082,2026-01-01 00:00:00,2026-04-01
M03223,ip,I06264,2026-01-01 00:00:00,2026-04-01
M03223,device,D02312,2026-01-01 00:00:00,2026-04-01
M03224,ip,I07265,2026-01-01 00:00:00,2026-02-16
M03224,device,D08704,2026-01-01 00:00:00,2026-01-28
M03224,device,D00400,2026-01-28 00:00:00,2026-02-16
M03225,ip,I00667,2026-02-04 00:00:00,2026-04-01
M03225,device,D01056,2026-02-04 00:00:00,2026-04-01
M03226,ip,I00348,2026-01-01 00:00:00,2026-01-28
M03226,device,D04217,2026-01-01 00:00:00,2026-01-10
M03226,device,D05284,2026-01-10 00:00:00,2026-04-01
M03227,ip,I00813,2026-01-02 00:00:00,2026-04-01
M03227,device,D07856,2026-01-02 00:00:00,2026-04-01
M03228,ip,I08237,2026-01-01 00:00:00,2026-04-01
M03228,device,D07518,2026-01-01 00:00:00,2026-04-01
M03229,ip,I02163,2026-01-01 00:00:00,2026-04-01
M03229,device,D06042,2026-01-01 00:00:00,2026-04-01
M03230,ip,I00105,2026-01-01 00:00:00,2026-04-01
M03230,device,D04172,2026-01-01 00:00:00,2026-04-01
M03231,ip,I02946,2026-01-01 00:00:00,2026-04-01
M03231,device,D08959,2026-01-01 00:00:00,2026-04-01
M03232,ip,I05308,2026-01-01 00:00:00,2026-04-01
M03232,device,D04311,2026-01-01 00:00:00,2026-02-26
M03232,device,D03252,2026-02-26 00:00:00,2026-04-01
M03233,ip,I08642,2026-03-05 00:00:00,2026-04-01
M03233,device,D01324,2026-03-05 00:00:00,2026-03-24
M03233,device,D04145,2026-03-24 00:00:00,2026-04-01
M03234,ip,I00352,2026-03-07 00:00:00,2026-04-01
M03234,device,D00427,2026-03-07 00:00:00,2026-04-01
M03235,ip,I02769,2026-01-01 00:00:00,2026-04-01
M03235,device,D06500,2026-01-01 00:00:00,2026-04-01
M03236,ip,I07154,2026-03-10 00:00:00,2026-04-01
M03236,device,D04445,2026-03-10 00:00:00,2026-03-26
M03236,device,D02903,2026-03-26 00:00:00,2026-04-01
M03237,ip,I08888,2026-01-12 00:00:00,2026-04-01
M03237,device,D08548,2026-01-12 00:00:00,2026-03-09
M03237,device,D06983,2026-03-09 00:00:00,2026-04-01
M03238,ip,I08653,2026-01-01 00:00:00,2026-04-01
M03238,device,D02257,2026-01-01 00:00:00,2026-04-01
M03239,ip,I03689,2026-01-01 00:00:00,2026-04-01
M03239,device,D00031,2026-01-01 00:00:00,2026-04-01
M03240,ip,I09671,2026-01-01 00:00:00,2026-04-01
M03240,device,D01284,2026-01-01 00:00:00,2026-04-01
M03241,ip,I00393,2026-01-01 00:00:00,2026-04-01
M03241,device,D00978,2026-01-01 00:00:00,2026-01-30
M03241,device,D00148,2026-01-30 00:00:00,2026-04-01
M03242,ip,I04064,2026-01-01 00:00:00,2026-04-01
M03242,device,D09929,2026-01-01 00:00:00,2026-04-01
M03243,ip,I06752,2026-01-01 00:00:00,2026-01-27
M03243,device,D06436,2026-01-01 00:00:00,2026-04-01
M03244,ip,I02058,2026-02-26 00:00:00,2026-04-01
M03244,device,D08681,2026-02-26 00:00:00,2026-03-05
M03244,device,D07929,2026-03-05 00:00:00,2026-04-01
M03245,ip,I00476,2026-01-01 00:00:00,2026-01-23
M03245,device,D08072,2026-01-01 00:00:00,2026-03-10
M03245,device,D01327,2026-03-10 00:00:00,2026-04-01
M03246,ip,I02903,2026-01-01 00:00:00,2026-04-01
M03246,device,D05472,2026-01-01 00:00:00,2026-01-14
M03246,device,D02824,2026-01-14 00:00:00,2026-04-01
M03247,ip,I06818,2026-01-01 00:00:00,2026-04-01
M03247,device,D04037,2026-01-01 00:00:00,2026-03-24
M03247,device,D07042,2026-03-24 00:00:00,2026-04-01
M03248,ip,I09859,2026-02-06 00:00:00,2026-04-01
M03248,device,D04951,2026-02-06 00:00:00,2026-04-01
M03249,ip,I05252,2026-01-01 00:00:00,2026-04-01
M03249,device,D04743,2026-01-01 00:00:00,2026-04-01
M03250,ip,I06400,2026-01-01 00:00:00,2026-04-01
M03250,device,D04924,2026-01-01 00:00:00,2026-04-01
M03251,ip,I04644,2026-01-01 00:00:00,2026-04-01
M03251,device,D03961,2026-01-01 00:00:00,2026-04-01
M03252,ip,I02318,2026-01-01 00:00:00,2026-03-06
M03252,device,D08340,2026-01-01 00:00:00,2026-04-01
M03253,ip,I07821,2026-01-01 00:00:00,2026-04-01
M03253,device,D02261,2026-01-01 00:00:00,2026-03-10
M03253,device,D05909,2026-03-10 00:00:00,2026-04-01
M03254,ip,I05820,2026-01-31 00:00:00,2026-04-01
M03254,device,D07274,2026-01-31 00:00:00,2026-04-01
M03255,ip,I00256,2026-01-01 00:00:00,2026-04-01
M03255,device,D06939,2026-01-01 00:00:00,2026-03-02
M03255,device,D07739,2026-03-02 00:00:00,2026-04-01
M03256,ip,I05222,2026-01-01 00:00:00,2026-04-01
M03256,device,D06047,2026-01-01 00:00:00,2026-04-01
M03257,ip,I09668,2026-01-01 00:00:00,2026-02-03
M03257,device,D07646,2026-01-01 00:00:00,2026-04-01
M03258,ip,I08180,2026-03-13 00:00:00,2026-02-11
M03258,device,D06762,2026-03-13 00:00:00,2026-04-01
M03259,ip,I07138,2026-01-01 00:00:00,2026-04-01
M03259,device,D03374,2026-01-01 00:00:00,2026-04-01
M03260,ip,I08001,2026-01-01 00:00:00,2026-04-01
M03260,device,D02044,2026-01-01 00:00:00,2026-03-01
M03260,device,D07331,2026-03-01 00:00:00,2026-04-01
M03261,ip,I02837,2026-03-26 00:00:00,2026-02-08
M03261,device,D03842,2026-03-26 00:00:00,2026-04-01
M03262,ip,I03030,2026-01-01 00:00:00,2026-04-01
M03262,device,D04884,2026-01-01 00:00:00,2026-04-01
M03263,ip,I08735,2026-01-01 00:00:00,2026-04-01
M03263,device,D07397,2026-01-01 00:00:00,2026-04-01
M03264,ip,I08358,2026-01-01 00:00:00,2026-04-01
M03264,device,D04294,2026-01-01 00:00:00,2026-04-01
M03265,ip,I00024,2026-03-25 00:00:00,2026-04-01
M03265,device,D04053,2026-03-25 00:00:00,2026-04-01
M03266,ip,I06856,2026-01-01 00:00:00,2026-04-01
M03266,device,D04896,2026-01-01 00:00:00,2026-01-17
M03266,device,D06290,2026-01-17 00:00:00,2026-04-01
M03267,ip,I03205,2026-01-01 00:00:00,2026-04-01
M03267,device,D04692,2026-01-01 00:00:00,2026-03-26
M03267,device,D03826,2026-03-26 00:00:00,2026-04-01
M03268,ip,I06705,2026-01-01 00:00:00,2026-04-01
M03268,device,D01600,2026-01-01 00:00:00,2026-04-01
M03269,ip,I00692,2026-03-17 00:00:00,2026-04-01
M03269,device,D06432,2026-03-17 00:00:00,2026-03-25
M03269,device,D07646,2026-03-25 00:00:00,2026-04-01
M03270,ip,I08442,2026-01-01 00:00:00,2026-04-01
M03270,device,D06019,2026-01-01 00:00:00,2026-04-01
M03271,ip,I07675,2026-01-01 00:00:00,2026-04-01
M03271,device,D05845,2026-01-01 00:00:00,2026-02-24
M03271,device,D02033,2026-02-24 00:00:00,2026-04-01
M03272,ip,I04071,2026-03-16 00:00:00,2026-04-01
M03272,device,D07688,2026-03-16 00:00:00,2026-04-01
M03273,ip,I02596,2026-01-01 00:00:00,2026-04-01
M03273,device,D07539,2026-01-01 00:00:00,2026-01-24
M03273,device,D08052,2026-01-24 00:00:00,2026-04-01
M03274,ip,I03422,2026-01-19 00:00:00,2026-01-31
M03274,device,D04392,2026-01-19 00:00:00,2026-01-31
M03275,ip,I00934,2026-01-01 00:00:00,2026-02-20
M03275,device,D02721,2026-01-01 00:00:00,2026-02-20
M03276,ip,I04983,2026-01-01 00:00:00,2026-04-01
M03276,device,D09823,2026-01-01 00:00:00,2026-01-21
M03276,device,D07842,2026-01-21 00:00:00,2026-04-01
M03277,ip,I04596,2026-01-01 00:00:00,2026-04-01
M03277,device,D06050,2026-01-01 00:00:00,2026-02-22
M03277,device,D02944,2026-02-22 00:00:00,2026-04-01
M03278,ip,I09999,2026-01-01 00:00:00,2026-03-01
M03278,device,D07317,2026-01-01 00:00:00,2026-01-08
M03278,device,D00478,2026-01-08 00:00:00,2026-04-01
M03279,ip,I08590,2026-01-01 00:00:00,2026-04-01
M03279,device,D08740,2026-01-01 00:00:00,2026-04-01
M03280,ip,I02093,2026-01-01 00:00:00,2026-02-11
M03280,device,D07585,2026-01-01 00:00:00,2026-04-01
M03281,ip,I00240,2026-01-01 00:00:00,2026-04-01
M03281,device,D05165,2026-01-01 00:00:00,2026-04-01
M03282,ip,I01455,2026-01-01 00:00:00,2026-04-01
M03282,device,D00322,2026-01-01 00:00:00,2026-04-01
M03283,ip,I04729,2026-01-01 00:00:00,2026-04-01
M03283,device,D06275,2026-01-01 00:00:00,2026-04-01
M03284,ip,I08424,2026-01-01 00:00:00,2026-01-21
M03284,device,D03937,2026-01-01 00:00:00,2026-04-01
M03285,ip,I07083,2026-02-25 00:00:00,2026-04-01
M03285,device,D07553,2026-02-25 00:00:00,2026-04-01
M03286,ip,I01818,2026-01-01 00:00:00,2026-04-01
M03286,device,D04292,2026-01-01 00:00:00,2026-02-25
M03286,device,D06152,2026-02-25 00:00:00,2026-04-01
M03287,ip,I08410,2026-01-01 00:00:00,2026-04-01
M03287,device,D00524,2026-01-01 00:00:00,2026-04-01
M03288,ip,I08800,2026-01-01 00:00:00,2026-04-01
M03288,device,D02378,2026-01-01 00:00:00,2026-04-01
M03289,ip,I00949,2026-01-01 00:00:00,2026-04-01
M03289,device,D03633,2026-01-01 00:00:00,2026-04-01
M03290,ip,I09244,2026-01-01 00:00:00,2026-04-01
M03290,device,D03755,2026-01-01 00:00:00,2026-02-20
M03290,device,D03526,2026-02-20 00:00:00,2026-04-01
M03291,ip,I09179,2026-03-08 00:00:00,2026-04-01
M03291,device,D07790,2026-03-08 00:00:00,2026-04-01
M03292,ip,I03422,2026-01-01 00:00:00,2026-04-01
M03292,device,D04375,2026-01-01 00:00:00,2026-04-01
M03293,ip,I02902,2026-01-01 00:00:00,2026-04-01
M03293,device,D00042,2026-01-01 00:00:00,2026-04-01
M03294,ip,I02967,2026-01-01 00:00:00,2026-04-01
M03294,device,D00596,2026-01-01 00:00:00,2026-04-01
M03295,ip,I08733,2026-01-21 00:00:00,2026-04-01
M03295,device,D09476,2026-01-21 00:00:00,2026-04-01
M03296,ip,I07730,2026-01-01 00:00:00,2026-02-16
M03296,device,D00196,2026-01-01 00:00:00,2026-04-01
M03297,ip,I04639,2026-01-01 00:00:00,2026-04-01
M03297,device,D08288,2026-01-01 00:00:00,2026-04-01
M03298,ip,I00964,2026-01-01 00:00:00,2026-04-01
M03298,device,D03600,2026-01-01 00:00:00,2026-04-01
M03299,ip,I02342,2026-01-01 00:00:00,2026-02-19
M03299,device,D00807,2026-01-01 00:00:00,2026-04-01
M03300,ip,I01415,2026-01-01 00:00:00,2026-04-01
M03300,device,D00279,2026-01-01 00:00:00,2026-04-01
M03301,ip,I06308,2026-01-25 00:00:00,2026-04-01
M03301,device,D03905,2026-01-25 00:00:00,2026-03-11
M03301,device,D00174,2026-03-11 00:00:00,2026-04-01
M03302,ip,I01352,2026-03-05 00:00:00,2026-04-01
M03302,device,D09222,2026-03-05 00:00:00,2026-04-01
M03303,ip,I03974,2026-01-01 00:00:00,2026-04-01
M03303,device,D06470,2026-01-01 00:00:00,2026-04-01
M03304,ip,I02492,2026-01-20 00:00:00,2026-04-01
M03304,device,D06266,2026-01-20 00:00:00,2026-04-01
M03305,ip,I03821,2026-01-01 00:00:00,2026-02-11
M03305,device,D06276,2026-01-01 00:00:00,2026-03-23
M03305,device,D05614,2026-03-23 00:00:00,2026-04-01
M03306,ip,I05645,2026-01-01 00:00:00,2026-04-01
M03306,device,D02056,2026-01-01 00:00:00,2026-04-01
M03307,ip,I07262,2026-01-01 00:00:00,2026-04-01
M03307,device,D05096,2026-01-01 00:00:00,2026-01-10
M03307,device,D06397,2026-01-10 00:00:00,2026-04-01
M03308,ip,I01818,2026-01-14 00:00:00,2026-04-01
M03308,device,D00904,2026-01-14 00:00:00,2026-04-01
M03309,ip,I08534,2026-01-01 00:00:00,2026-04-01
M03309,device,D08660,2026-01-01 00:00:00,2026-04-01
M03310,ip,I03349,2026-01-21 00:00:00,2026-04-01
M03310,device,D07035,2026-01-21 00:00:00,2026-04-01
M03311,ip,I06286,2026-01-01 00:00:00,2026-04-01
M03311,device,D04469,2026-01-01 00:00:00,2026-01-06
M03311,device,D06001,2026-01-06 00:00:00,2026-04-01
M03312,ip,I04160,2026-01-01 00:00:00,2026-04-01
M03312,device,D05771,2026-01-01 00:00:00,2026-03-03
M03312,device,D01371,2026-03-03 00:00:00,2026-04-01
M03313,ip,I07850,2026-02-22 00:00:00,2026-04-01
M03313,device,D00125,2026-02-22 00:00:00,2026-03-23
M03313,device,D00039,2026-03-23 00:00:00,2026-04-01
M03314,ip,I04502,2026-01-01 00:00:00,2026-04-01
M03314,device,D04174,2026-01-01 00:00:00,2026-04-01
M03315,ip,I02152,2026-01-15 00:00:00,2026-04-01
M03315,device,D04371,2026-01-15 00:00:00,2026-03-13
M03315,device,D05236,2026-03-13 00:00:00,2026-04-01
M03316,ip,I08385,2026-01-01 00:00:00,2026-04-01
M03316,device,D08141,2026-01-01 00:00:00,2026-03-23
M03316,device,D03126,2026-03-23 00:00:00,2026-04-01
M03317,ip,I00948,2026-01-01 00:00:00,2026-04-01
M03317,device,D05429,2026-01-01 00:00:00,2026-02-26
M03317,device,D03378,2026-02-26 00:00:00,2026-04-01
M03318,ip,I03850,2026-01-01 00:00:00,2026-04-01
M03318,device,D04525,2026-01-01 00:00:00,2026-04-01
M03319,ip,I02731,2026-03-07 00:00:00,2026-02-16
M03319,device,D08183,2026-03-07 00:00:00,2026-04-01
M03320,ip,I00169,2026-01-01 00:00:00,2026-04-01
M03320,device,D04029,2026-01-01 00:00:00,2026-04-01
M03321,ip,I07710,2026-01-01 00:00:00,2026-04-01
M03321,device,D09569,2026-01-01 00:00:00,2026-04-01
M03322,ip,I05125,2026-01-01 00:00:00,2026-04-01
M03322,device,D09931,2026-01-01 00:00:00,2026-04-01
M03323,ip,I01643,2026-01-21 00:00:00,2026-01-21
M03323,device,D02643,2026-01-21 00:00:00,2026-03-25
M03323,device,D01591,2026-03-25 00:00:00,2026-04-01
M03324,ip,I08529,2026-01-01 00:00:00,2026-04-01
M03324,device,D08062,2026-01-01 00:00:00,2026-04-01
M03325,ip,I02659,2026-01-01 00:00:00,2026-04-01
M03325,device,D06758,2026-01-01 00:00:00,2026-04-01
M03326,ip,I05685,2026-01-01 00:00:00,2026-04-01
M03326,device,D08260,2026-01-01 00:00:00,2026-04-01
M03327,ip,I02804,2026-02-08 00:00:00,2026-04-01
M03327,device,D00638,2026-02-08 00:00:00,2026-04-01
M03328,ip,I03350,2026-01-01 00:00:00,2026-04-01
M03328,device,D05201,2026-01-01 00:00:00,2026-04-01
M03329,ip,I06751,2026-01-01 00:00:00,2026-04-01
M03329,device,D07141,2026-01-01 00:00:00,2026-04-01
M03330,ip,I04338,2026-01-01 00:00:00,2026-02-08
M03330,device,D08084,2026-01-01 00:00:00,2026-04-01
M03331,ip,I07209,2026-03-19 00:00:00,2026-04-01
M03331,device,D00557,2026-03-19 00:00:00,2026-04-01
M03332,ip,I06865,2026-01-01 00:00:00,2026-04-01
M03332,device,D05266,2026-01-01 00:00:00,2026-04-01
M03333,ip,I09706,2026-01-01 00:00:00,2026-04-01
M03333,device,D03921,2026-01-01 00:00:00,2026-04-01
M03334,ip,I03975,2026-02-22 00:00:00,2026-04-01
M03334,device,D03311,2026-02-22 00:00:00,2026-04-01
M03335,ip,I06171,2026-01-01 00:00:00,2026-01-28
M03335,device,D01474,2026-01-01 00:00:00,2026-04-01
M03336,ip,I08451,2026-03-07 00:00:00,2026-04-01
M03336,device,D02803,2026-03-07 00:00:00,2026-04-01
M03337,ip,I07900,2026-02-25 00:00:00,2026-04-01
M03337,device,D03542,2026-02-25 00:00:00,2026-04-01
M03338,ip,I02672,2026-01-01 00:00:00,2026-01-28
M03338,device,D05762,2026-01-01 00:00:00,2026-04-01
M03339,ip,I07913,2026-01-01 00:00:00,2026-04-01
M03339,device,D06757,2026-01-01 00:00:00,2026-04-01
M03340,ip,I05087,2026-01-01 00:00:00,2026-04-01
M03340,device,D04819,2026-01-01 00:00:00,2026-03-15
M03340,device,D05216,2026-03-15 00:00:00,2026-04-01
M03341,ip,I05535,2026-02-22 00:00:00,2026-04-01
M03341,device,D08771,2026-02-22 00:00:00,2026-04-01
M03342,ip,I05652,2026-02-15 00:00:00,2026-04-01
M03342,device,D09381,2026-02-15 00:00:00,2026-02-23
M03342,device,D07370,2026-02-23 00:00:00,2026-04-01
M03343,ip,I00107,2026-01-01 00:00:00,2026-04-01
M03343,device,D07080,2026-01-01 00:00:00,2026-04-01
M03344,ip,I01706,2026-01-01 00:00:00,2026-03-06
M03344,device,D06629,2026-01-01 00:00:00,2026-01-21
M03344,device,D07422,2026-01-21 00:00:00,2026-04-01
M03345,ip,I05610,2026-01-01 00:00:00,2026-04-01
M03345,device,D04997,2026-01-01 00:00:00,2026-04-01
M03346,ip,I09683,2026-01-01 00:00:00,2026-04-01
M03346,device,D00509,2026-01-01 00:00:00,2026-02-08
M03346,device,D09111,2026-02-08 00:00:00,2026-04-01
M03347,ip,I04094,2026-01-01 00:00:00,2026-04-01
M03347,device,D03156,2026-01-01 00:00:00,2026-04-01
M03348,ip,I02289,2026-01-01 00:00:00,2026-04-01
M03348,device,D01893,2026-01-01 00:00:00,2026-04-01
M03349,ip,I07089,2026-01-01 00:00:00,2026-04-01
M03349,device,D07408,2026-01-01 00:00:00,2026-04-01
M03350,ip,I05071,2026-01-01 00:00:00,2026-04-01
M03350,device,D05621,2026-01-01 00:00:00,2026-02-15
M03350,device,D00710,2026-02-15 00:00:00,2026-04-01
M03351,ip,I04924,2026-01-01 00:00:00,2026-04-01
M03351,device,D02662,2026-01-01 00:00:00,2026-04-01
M03352,ip,I01301,2026-01-01 00:00:00,2026-02-12
M03352,device,D09742,2026-01-01 00:00:00,2026-02-10
M03352,device,D03884,2026-02-10 00:00:00,2026-02-12
M03353,ip,I06579,2026-01-01 00:00:00,2026-04-01
M03353,device,D06673,2026-01-01 00:00:00,2026-04-01
M03354,ip,I07772,2026-01-03 00:00:00,2026-04-01
M03354,device,D06517,2026-01-03 00:00:00,2026-04-01
M03355,ip,I06878,2026-01-01 00:00:00,2026-04-01
M03355,device,D02671,2026-01-01 00:00:00,2026-04-01
M03356,ip,I03213,2026-01-01 00:00:00,2026-04-01
M03356,device,D03816,2026-01-01 00:00:00,2026-04-01
M03357,ip,I02558,2026-01-01 00:00:00,2026-04-01
M03357,device,D01717,2026-01-01 00:00:00,2026-04-01
M03358,ip,I09272,2026-01-01 00:00:00,2026-04-01
M03358,device,D09591,2026-01-01 00:00:00,2026-04-01
M03359,ip,I05034,2026-02-17 00:00:00,2026-04-01
M03359,device,D02373,2026-02-17 00:00:00,2026-04-01
M03360,ip,I06162,2026-01-01 00:00:00,2026-03-06
M03360,device,D02442,2026-01-01 00:00:00,2026-04-01
M03361,ip,I09030,2026-01-19 00:00:00,2026-04-01
M03361,device,D01096,2026-01-19 00:00:00,2026-04-01
M03362,ip,I02533,2026-01-01 00:00:00,2026-04-01
M03362,device,D01806,2026-01-01 00:00:00,2026-04-01
M03363,ip,I04815,2026-01-01 00:00:00,2026-04-01
M03363,device,D09657,2026-01-01 00:00:00,2026-04-01
M03364,ip,I00753,2026-01-01 00:00:00,2026-04-01
M03364,device,D02640,2026-01-01 00:00:00,2026-02-05
M03364,device,D00068,2026-02-05 00:00:00,2026-04-01
M03365,ip,I05744,2026-03-10 00:00:00,2026-04-01
M03365,device,D02746,2026-03-10 00:00:00,2026-04-01
M03366,ip,I09508,2026-03-12 00:00:00,2026-04-01
M03366,device,D04849,2026-03-12 00:00:00,2026-04-01
M03367,ip,I03090,2026-01-01 00:00:00,2026-04-01
M03367,device,D07641,2026-01-01 00:00:00,2026-04-01
M03368,ip,I06402,2026-01-01 00:00:00,2026-04-01
M03368,device,D05118,2026-01-01 00:00:00,2026-04-01
M03369,ip,I07804,2026-01-01 00:00:00,2026-04-01
M03369,device,D05661,2026-01-01 00:00:00,2026-04-01
M03370,ip,I09142,2026-01-01 00:00:00,2026-01-27
M03370,device,D02109,2026-01-01 00:00:00,2026-04-01
M03371,ip,I02904,2026-01-01 00:00:00,2026-04-01
M03371,device,D06806,2026-01-01 00:00:00,2026-04-01
M03372,ip,I08958,2026-01-01 00:00:00,2026-02-11
M03372,device,D04463,2026-01-01 00:00:00,2026-01-27
M03372,device,D05629,2026-01-27 00:00:00,2026-04-01
M03373,ip,I02254,2026-01-01 00:00:00,2026-04-01
M03373,device,D03584,2026-01-01 00:00:00,2026-04-01
M03374,ip,I06790,2026-01-05 00:00:00,2026-04-01
M03374,device,D05284,2026-01-05 00:00:00,2026-04-01
M03375,ip,I02709,2026-03-19 00:00:00,2026-04-01
M03375,device,D07497,2026-03-19 00:00:00,2026-04-01
M03376,ip,I04286,2026-01-26 00:00:00,2026-04-01
M03376,device,D08175,2026-01-26 00:00:00,2026-04-01
M03377,ip,I04220,2026-01-01 00:00:00,2026-04-01
M03377,device,D03565,2026-01-01 00:00:00,2026-04-01
M03378,ip,I09420,2026-01-01 00:00:00,2026-04-01
M03378,device,D08169,2026-01-01 00:00:00,2026-04-01
M03379,ip,I04984,2026-01-01 00:00:00,2026-04-01
M03379,device,D04573,2026-01-01 00:00:00,2026-04-01
M03380,ip,I08869,2026-01-01 00:00:00,2026-04-01
M03380,device,D02932,2026-01-01 00:00:00,2026-03-24
M03380,device,D02531,2026-03-24 00:00:00,2026-04-01
M03381,ip,I04813,2026-01-01 00:00:00,2026-04-01
M03381,device,D00145,2026-01-01 00:00:00,2026-04-01
M03382,ip,I09708,2026-01-01 00:00:00,2026-04-01
M03382,device,D03732,2026-01-01 00:00:00,2026-04-01
M03383,ip,I01631,2026-01-01 00:00:00,2026-02-20
M03383,device,D06154,2026-01-01 00:00:00,2026-02-20
M03383,device,D06739,2026-02-26 00:00:00,2026-02-20
M03384,ip,I01524,2026-03-25 00:00:00,2026-04-01
M03384,device,D01875,2026-03-25 00:00:00,2026-03-30
M03384,device,D02301,2026-03-30 00:00:00,2026-04-01
M03385,ip,I09702,2026-01-01 00:00:00,2026-04-01
M03385,device,D05476,2026-01-01 00:00:00,2026-04-01
M03386,ip,I00270,2026-01-01 00:00:00,2026-04-01
M03386,device,D07153,2026-01-01 00:00:00,2026-04-01
M03387,ip,I06376,2026-01-01 00:00:00,2026-04-01
M03387,device,D05502,2026-01-01 00:00:00,2026-04-01
M03388,ip,I03813,2026-01-01 00:00:00,2026-02-16
M03388,device,D06743,2026-01-01 00:00:00,2026-04-01
M03389,ip,I06022,2026-01-01 00:00:00,2026-04-01
M03389,device,D09284,2026-01-01 00:00:00,2026-03-17
M03389,device,D01020,2026-03-17 00:00:00,2026-04-01
M03390,ip,I04698,2026-01-01 00:00:00,2026-04-01
M03390,device,D06926,2026-01-01 00:00:00,2026-01-25
M03390,device,D05548,2026-01-25 00:00:00,2026-04-01
M03391,ip,I09791,2026-01-01 00:00:00,2026-04-01
M03391,device,D04647,2026-01-01 00:00:00,2026-03-05
M03391,device,D06804,2026-03-05 00:00:00,2026-04-01
M03392,ip,I04025,2026-01-01 00:00:00,2026-04-01
M03392,device,D00265,2026-01-01 00:00:00,2026-04-01
M03393,ip,I02261,2026-01-01 00:00:00,2026-04-01
M03393,device,D08095,2026-01-01 00:00:00,2026-04-01
M03394,ip,I03505,2026-01-01 00:00:00,2026-04-01
M03394,device,D03676,2026-01-01 00:00:00,2026-04-01
M03395,ip,I02076,2026-01-01 00:00:00,2026-04-01
M03395,device,D04962,2026-01-01 00:00:00,2026-04-01
M03396,ip,I09319,2026-01-01 00:00:00,2026-04-01
M03396,device,D01608,2026-01-01 00:00:00,2026-04-01
M03397,ip,I02932,2026-01-01 00:00:00,2026-04-01
M03397,device,D02432,2026-01-01 00:00:00,2026-04-01
M03398,ip,I08838,2026-01-01 00:00:00,2026-04-01
M03398,device,D07318,2026-01-01 00:00:00,2026-04-01
M03399,ip,I06373,2026-01-01 00:00:00,2026-04-01
M03399,device,D07206,2026-01-01 00:00:00,2026-04-01
M03400,ip,I09210,2026-01-01 00:00:00,2026-04-01
M03400,device,D01844,2026-01-01 00:00:00,2026-04-01
M03401,ip,I01818,2026-01-01 00:00:00,2026-02-03
M03401,device,D07043,2026-01-01 00:00:00,2026-04-01
M03402,ip,I07289,2026-01-26 00:00:00,2026-04-01
M03402,device,D01804,2026-01-26 00:00:00,2026-04-01
M03403,ip,I03133,2026-01-01 00:00:00,2026-04-01
M03403,device,D01321,2026-01-01 00:00:00,2026-04-01
M03404,ip,I04503,2026-01-01 00:00:00,2026-04-01
M03404,device,D07881,2026-01-01 00:00:00,2026-04-01
M03405,ip,I03522,2026-03-11 00:00:00,2026-04-01
M03405,device,D06316,2026-03-11 00:00:00,2026-03-22
M03405,device,D06364,2026-03-22 00:00:00,2026-04-01
M03406,ip,I04698,2026-01-01 00:00:00,2026-01-28
M03406,device,D08296,2026-01-01 00:00:00,2026-04-01
M03407,ip,I00292,2026-01-01 00:00:00,2026-04-01
M03407,device,D09792,2026-01-01 00:00:00,2026-03-05
M03407,device,D08783,2026-03-05 00:00:00,2026-04-01
M03408,ip,I04997,2026-01-01 00:00:00,2026-04-01
M03408,device,D04969,2026-01-01 00:00:00,2026-03-23
M03408,device,D06862,2026-03-23 00:00:00,2026-04-01
M03409,ip,I09044,2026-01-01 00:00:00,2026-04-01
M03409,device,D03659,2026-01-01 00:00:00,2026-01-18
M03409,device,D03744,2026-01-18 00:00:00,2026-04-01
M03410,ip,I05306,2026-03-21 00:00:00,2026-04-01
M03410,device,D04894,2026-03-21 00:00:00,2026-04-01
M03411,ip,I02393,2026-01-01 00:00:00,2026-04-01
M03411,device,D02329,2026-01-01 00:00:00,2026-04-01
M03412,ip,I06740,2026-01-01 00:00:00,2026-04-01
M03412,device,D00147,2026-01-01 00:00:00,2026-04-01
M03413,ip,I06733,2026-02-04 00:00:00,2026-01-26
M03413,device,D08405,2026-02-04 00:00:00,2026-04-01
M03414,ip,I07472,2026-01-01 00:00:00,2026-04-01
M03414,device,D04463,2026-01-01 00:00:00,2026-04-01
M03415,ip,I08343,2026-01-01 00:00:00,2026-04-01
M03415,device,D05787,2026-01-01 00:00:00,2026-04-01
M03416,ip,I03507,2026-01-01 00:00:00,2026-04-01
M03416,device,D01312,2026-01-01 00:00:00,2026-04-01
M03417,ip,I04403,2026-01-01 00:00:00,2026-04-01
M03417,device,D06774,2026-01-01 00:00:00,2026-04-01
M03418,ip,I04155,2026-01-01 00:00:00,2026-04-01
M03418,device,D09592,2026-01-01 00:00:00,2026-04-01
M03419,ip,I01112,2026-03-08 00:00:00,2026-04-01
M03419,device,D01853,2026-03-08 00:00:00,2026-04-01
M03420,ip,I07565,2026-01-01 00:00:00,2026-04-01
M03420,device,D01767,2026-01-01 00:00:00,2026-04-01
M03421,ip,I09452,2026-01-01 00:00:00,2026-04-01
M03421,device,D06482,2026-01-01 00:00:00,2026-03-15
M03421,device,D06555,2026-03-15 00:00:00,2026-04-01
M03422,ip,I03713,2026-01-15 00:00:00,2026-04-01
M03422,device,D05503,2026-01-15 00:00:00,2026-04-01
M03423,ip,I04574,2026-01-01 00:00:00,2026-04-01
M03423,device,D05009,2026-01-01 00:00:00,2026-04-01
M03424,ip,I06349,2026-01-01 00:00:00,2026-04-01
M03424,device,D03304,2026-01-01 00:00:00,2026-04-01
M03425,ip,I07673,2026-01-20 00:00:00,2026-01-23
M03425,device,D08094,2026-01-20 00:00:00,2026-04-01
M03426,ip,I05516,2026-01-04 00:00:00,2026-04-01
M03426,device,D05545,2026-01-04 00:00:00,2026-04-01
M03427,ip,I08149,2026-01-01 00:00:00,2026-04-01
M03427,device,D02997,2026-01-01 00:00:00,2026-03-12
M03427,device,D06152,2026-03-12 00:00:00,2026-04-01
M03428,ip,I01588,2026-01-01 00:00:00,2026-04-01
M03428,device,D04467,2026-01-01 00:00:00,2026-04-01
M03429,ip,I09924,2026-01-01 00:00:00,2026-04-01
M03429,device,D00403,2026-01-01 00:00:00,2026-04-01
M03430,ip,I04607,2026-01-01 00:00:00,2026-04-01
M03430,device,D09635,2026-01-01 00:00:00,2026-02-03
M03430,device,D02114,2026-02-03 00:00:00,2026-04-01
M03431,ip,I00779,2026-01-01 00:00:00,2026-04-01
M03431,device,D07094,2026-01-01 00:00:00,2026-02-16
M03431,device,D06961,2026-02-16 00:00:00,2026-04-01
M03432,ip,I00649,2026-01-01 00:00:00,2026-01-23
M03432,device,D07215,2026-01-01 00:00:00,2026-04-01
M03433,ip,I08131,2026-01-01 00:00:00,2026-04-01
M03433,device,D04355,2026-01-01 00:00:00,2026-02-21
M03433,device,D03788,2026-02-21 00:00:00,2026-04-01
M03434,ip,I05056,2026-01-01 00:00:00,2026-04-01
M03434,device,D06138,2026-01-01 00:00:00,2026-04-01
M03435,ip,I06319,2026-03-25 00:00:00,2026-04-01
M03435,device,D05025,2026-03-25 00:00:00,2026-04-01
M03436,ip,I03375,2026-02-10 00:00:00,2026-01-27
M03436,device,D04385,2026-02-10 00:00:00,2026-02-19
M03436,device,D04087,2026-02-19 00:00:00,2026-04-01
M03437,ip,I04957,2026-01-31 00:00:00,2026-04-01
M03437,device,D01632,2026-01-31 00:00:00,2026-02-11
M03437,device,D08681,2026-02-11 00:00:00,2026-04-01
M03438,ip,I01649,2026-01-01 00:00:00,2026-04-01
M03438,device,D04818,2026-01-01 00:00:00,2026-04-01
M03439,ip,I08025,2026-01-01 00:00:00,2026-04-01
M03439,device,D04719,2026-01-01 00:00:00,2026-04-01
M03440,ip,I05526,2026-01-01 00:00:00,2026-04-01
M03440,device,D03772,2026-01-01 00:00:00,2026-02-06
M03440,device,D06848,2026-02-06 00:00:00,2026-04-01
M03441,ip,I03825,2026-01-01 00:00:00,2026-04-01
M03441,device,D00604,2026-01-01 00:00:00,2026-04-01
M03442,ip,I05349,2026-03-21 00:00:00,2026-04-01
M03442,device,D03238,2026-03-21 00:00:00,2026-04-01
M03443,ip,I01367,2026-01-01 00:00:00,2026-04-01
M03443,device,D03202,2026-01-01 00:00:00,2026-03-05
M03443,device,D08378,2026-03-05 00:00:00,2026-04-01
M03444,ip,I09057,2026-01-01 00:00:00,2026-04-01
M03444,device,D02357,2026-01-01 00:00:00,2026-01-19
M03444,device,D08890,2026-01-19 00:00:00,2026-04-01
M03445,ip,I01733,2026-01-01 00:00:00,2026-02-02
M03445,device,D08667,2026-01-01 00:00:00,2026-03-21
M03445,device,D01062,2026-03-21 00:00:00,2026-04-01
M03446,ip,I07870,2026-03-05 00:00:00,2026-04-01
M03446,device,D03495,2026-03-05 00:00:00,2026-04-01
M03447,ip,I06431,2026-01-01 00:00:00,2026-04-01
M03447,device,D02426,2026-01-01 00:00:00,2026-02-04
M03447,device,D04039,2026-02-04 00:00:00,2026-04-01
M03448,ip,I07107,2026-01-01 00:00:00,2026-04-01
M03448,device,D04218,2026-01-01 00:00:00,2026-04-01
M03449,ip,I03948,2026-01-01 00:00:00,2026-04-01
M03449,device,D07373,2026-01-01 00:00:00,2026-04-01
M03450,ip,I00518,2026-01-04 00:00:00,2026-04-01
M03450,device,D08269,2026-01-04 00:00:00,2026-04-01
M03451,ip,I06923,2026-01-21 00:00:00,2026-04-01
M03451,device,D06246,2026-01-21 00:00:00,2026-04-01
M03452,ip,I04964,2026-01-17 00:00:00,2026-04-01
M03452,device,D07695,2026-01-17 00:00:00,2026-02-12
M03452,device,D09004,2026-02-12 00:00:00,2026-04-01
M03453,ip,I06868,2026-01-01 00:00:00,2026-02-19
M03453,device,D02497,2026-01-01 00:00:00,2026-01-09
M03453,device,D04820,2026-01-09 00:00:00,2026-04-01
M03454,ip,I00310,2026-01-01 00:00:00,2026-04-01
M03454,device,D06935,2026-01-01 00:00:00,2026-04-01
M03455,ip,I02035,2026-01-01 00:00:00,2026-04-01
M03455,device,D03706,2026-01-01 00:00:00,2026-04-01
M03456,ip,I06812,2026-01-01 00:00:00,2026-04-01
M03456,device,D03223,2026-01-01 00:00:00,2026-04-01
M03457,ip,I04087,2026-01-11 00:00:00,2026-04-01
M03457,device,D07646,2026-01-11 00:00:00,2026-04-01
M03458,ip,I05969,2026-03-15 00:00:00,2026-04-01
M03458,device,D07861,2026-03-15 00:00:00,2026-04-01
M03459,ip,I08191,2026-01-01 00:00:00,2026-04-01
M03459,device,D04672,2026-01-01 00:00:00,2026-04-01
M03460,ip,I08442,2026-01-01 00:00:00,2026-04-01
M03460,device,D01220,2026-01-01 00:00:00,2026-04-01
M03461,ip,I05554,2026-01-01 00:00:00,2026-04-01
M03461,device,D08117,2026-01-01 00:00:00,2026-03-05
M03461,device,D06345,2026-03-05 00:00:00,2026-04-01
M03462,ip,I03605,2026-02-27 00:00:00,2026-04-01
M03462,device,D03568,2026-02-27 00:00:00,2026-04-01
M03463,ip,I09127,2026-01-01 00:00:00,2026-04-01
M03463,device,D03116,2026-01-01 00:00:00,2026-04-01
M03464,ip,I00518,2026-01-01 00:00:00,2026-04-01
M03464,device,D04548,2026-01-01 00:00:00,2026-04-01
M03465,ip,I01608,2026-01-01 00:00:00,2026-04-01
M03465,device,D05735,2026-01-01 00:00:00,2026-04-01
M03466,ip,I05450,2026-01-01 00:00:00,2026-02-04
M03466,device,D03012,2026-01-01 00:00:00,2026-02-04
M03466,device,D07239,2026-02-14 00:00:00,2026-02-04
M03467,ip,I04452,2026-01-01 00:00:00,2026-04-01
M03467,device,D02928,2026-01-01 00:00:00,2026-04-01
M03468,ip,I00290,2026-01-22 00:00:00,2026-01-24
M03468,device,D08367,2026-01-22 00:00:00,2026-03-06
M03468,device,D02748,2026-03-06 00:00:00,2026-04-01
M03469,ip,I09168,2026-01-26 00:00:00,2026-04-01
M03469,device,D01279,2026-01-26 00:00:00,2026-03-06
M03469,device,D08735,2026-03-06 00:00:00,2026-04-01
M03470,ip,I03941,2026-02-09 00:00:00,2026-04-01
M03470,device,D06612,2026-02-09 00:00:00,2026-02-17
M03470,device,D03104,2026-02-17 00:00:00,2026-04-01
M03471,ip,I09159,2026-03-25 00:00:00,2026-04-01
M03471,device,D06379,2026-03-25 00:00:00,2026-04-01
M03472,ip,I06752,2026-01-01 00:00:00,2026-04-01
M03472,device,D09316,2026-01-01 00:00:00,2026-04-01
M03473,ip,I06222,2026-03-05 00:00:00,2026-04-01
M03473,device,D00044,2026-03-05 00:00:00,2026-03-25
M03473,device,D00421,2026-03-25 00:00:00,2026-04-01
M03474,ip,I01895,2026-01-01 00:00:00,2026-04-01
M03474,device,D07274,2026-01-01 00:00:00,2026-04-01
M03475,ip,I03958,2026-01-12 00:00:00,2026-04-01
M03475,device,D09977,2026-01-12 00:00:00,2026-02-22
M03475,device,D05209,2026-02-22 00:00:00,2026-04-01
M03476,ip,I07975,2026-01-01 00:00:00,2026-04-01
M03476,device,D06745,2026-01-01 00:00:00,2026-04-01
M03477,ip,I00075,2026-01-01 00:00:00,2026-04-01
M03477,device,D01352,2026-01-01 00:00:00,2026-02-06
M03477,device,D07108,2026-02-06 00:00:00,2026-04-01
M03478,ip,I08471,2026-01-01 00:00:00,2026-04-01
M03478,device,D05263,2026-01-01 00:00:00,2026-04-01
M03479,ip,I04468,2026-01-29 00:00:00,2026-04-01
M03479,device,D09433,2026-01-29 00:00:00,2026-03-20
M03479,device,D02860,2026-03-20 00:00:00,2026-04-01
M03480,ip,I02622,2026-01-25 00:00:00,2026-04-01
M03480,device,D00075,2026-01-25 00:00:00,2026-02-05
M03480,device,D00387,2026-02-05 00:00:00,2026-04-01
M03481,ip,I09457,2026-01-30 00:00:00,2026-04-01
M03481,device,D06048,2026-01-30 00:00:00,2026-04-01
M03482,ip,I08056,2026-02-17 00:00:00,2026-04-01
M03482,device,D06105,2026-02-17 00:00:00,2026-04-01
M03483,ip,I06873,2026-02-06 00:00:00,2026-04-01
M03483,device,D07035,2026-02-06 00:00:00,2026-02-20
M03483,device,D08447,2026-02-20 00:00:00,2026-04-01
M03484,ip,I08242,2026-01-01 00:00:00,2026-04-01
M03484,device,D04789,2026-01-01 00:00:00,2026-03-04
M03484,device,D09808,2026-03-04 00:00:00,2026-04-01
M03485,ip,I04897,2026-01-05 00:00:00,2026-04-01
M03485,device,D04383,2026-01-05 00:00:00,2026-04-01
M03486,ip,I01605,2026-01-01 00:00:00,2026-04-01
M03486,device,D00300,2026-01-01 00:00:00,2026-02-26
M03486,device,D06117,2026-02-26 00:00:00,2026-04-01
M03487,ip,I07809,2026-03-24 00:00:00,2026-04-01
M03487,device,D01342,2026-03-24 00:00:00,2026-04-01
M03488,ip,I04736,2026-01-01 00:00:00,2026-04-01
M03488,device,D08282,2026-01-01 00:00:00,2026-04-01
M03489,ip,I06399,2026-01-01 00:00:00,2026-04-01
M03489,device,D05980,2026-01-01 00:00:00,2026-01-29
M03489,device,D09212,2026-01-29 00:00:00,2026-04-01
M03490,ip,I07460,2026-01-01 00:00:00,2026-04-01
M03490,device,D09869,2026-01-01 00:00:00,2026-02-26
M03490,device,D01797,2026-02-26 00:00:00,2026-04-01
M03491,ip,I09671,2026-01-01 00:00:00,2026-04-01
M03491,device,D01066,2026-01-01 00:00:00,2026-03-11
M03491,device,D09158,2026-03-11 00:00:00,2026-04-01
M03492,ip,I01626,2026-01-16 00:00:00,2026-04-01
M03492,device,D01609,2026-01-16 00:00:00,2026-02-25
M03492,device,D06243,2026-02-25 00:00:00,2026-04-01
M03493,ip,I09644,2026-01-01 00:00:00,2026-02-11
M03493,device,D00534,2026-01-01 00:00:00,2026-02-26
M03493,device,D01496,2026-02-26 00:00:00,2026-04-01
M03494,ip,I04435,2026-02-18 00:00:00,2026-04-01
M03494,device,D06934,2026-02-18 00:00:00,2026-04-01
M03495,ip,I02220,2026-01-01 00:00:00,2026-04-01
M03495,device,D07119,2026-01-01 00:00:00,2026-04-01
M03496,ip,I02471,2026-01-01 00:00:00,2026-04-01
M03496,device,D05827,2026-01-01 00:00:00,2026-04-01
M03497,ip,I07211,2026-01-01 00:00:00,2026-04-01
M03497,device,D03013,2026-01-01 00:00:00,2026-04-01
M03498,ip,I01980,2026-01-01 00:00:00,2026-02-08
M03498,device,D04613,2026-01-01 00:00:00,2026-04-01
M03499,ip,I08055,2026-02-16 00:00:00,2026-04-01
M03499,device,D08003,2026-02-16 00:00:00,2026-04-01
M03500,ip,I03791,2026-01-01 00:00:00,2026-04-01
M03500,device,D04693,2026-01-01 00:00:00,2026-04-01
M03501,ip,I07709,2026-01-01 00:00:00,2026-04-01
M03501,device,D04613,2026-01-01 00:00:00,2026-04-01
M03502,ip,I04070,2026-01-01 00:00:00,2026-04-01
M03502,device,D06158,2026-01-01 00:00:00,2026-04-01
M03503,ip,I04506,2026-01-01 00:00:00,2026-04-01
M03503,device,D05022,2026-01-01 00:00:00,2026-04-01
M03504,ip,I01277,2026-01-01 00:00:00,2026-04-01
M03504,device,D03219,2026-01-01 00:00:00,2026-04-01
M03505,ip,I03906,2026-01-01 00:00:00,2026-04-01
M03505,device,D04277,2026-01-01 00:00:00,2026-04-01
M03506,ip,I08571,2026-01-01 00:00:00,2026-04-01
M03506,device,D02101,2026-01-01 00:00:00,2026-04-01
M03507,ip,I01983,2026-03-26 00:00:00,2026-04-01
M03507,device,D00318,2026-03-26 00:00:00,2026-03-31
M03507,device,D04958,2026-03-31 00:00:00,2026-04-01
M03508,ip,I03590,2026-01-01 00:00:00,2026-02-02
M03508,device,D00409,2026-01-01 00:00:00,2026-04-01
M03509,ip,I09979,2026-03-16 00:00:00,2026-04-01
M03509,device,D07799,2026-03-16 00:00:00,2026-04-01
M03510,ip,I04401,2026-01-01 00:00:00,2026-04-01
M03510,device,D03550,2026-01-01 00:00:00,2026-04-01
M03511,ip,I07388,2026-03-04 00:00:00,2026-04-01
M03511,device,D01631,2026-03-04 00:00:00,2026-04-01
M03512,ip,I02440,2026-01-01 00:00:00,2026-04-01
M03512,device,D08496,2026-01-01 00:00:00,2026-04-01
M03513,ip,I04160,2026-01-01 00:00:00,2026-04-01
M03513,device,D04954,2026-01-01 00:00:00,2026-03-14
M03513,device,D05732,2026-03-14 00:00:00,2026-04-01
M03514,ip,I05052,2026-01-01 00:00:00,2026-04-01
M03514,device,D03721,2026-01-01 00:00:00,2026-04-01
M03515,ip,I02377,2026-01-01 00:00:00,2026-04-01
M03515,device,D00824,2026-01-01 00:00:00,2026-03-14
M03515,device,D03788,2026-03-14 00:00:00,2026-04-01
M03516,ip,I00026,2026-01-01 00:00:00,2026-04-01
M03516,device,D09262,2026-01-01 00:00:00,2026-04-01
M03517,ip,I05480,2026-01-01 00:00:00,2026-04-01
M03517,device,D07606,2026-01-01 00:00:00,2026-02-18
M03517,device,D07346,2026-02-18 00:00:00,2026-04-01
M03518,ip,I05885,2026-01-01 00:00:00,2026-04-01
M03518,device,D04064,2026-01-01 00:00:00,2026-02-15
M03518,device,D03949,2026-02-15 00:00:00,2026-04-01
M03519,ip,I04982,2026-01-01 00:00:00,2026-04-01
M03519,device,D01313,2026-01-01 00:00:00,2026-04-01
M03520,ip,I09427,2026-01-01 00:00:00,2026-04-01
M03520,device,D08403,2026-01-01 00:00:00,2026-01-15
M03520,device,D06120,2026-01-15 00:00:00,2026-04-01
M03521,ip,I09467,2026-01-01 00:00:00,2026-01-30
M03521,device,D03638,2026-01-01 00:00:00,2026-01-28
M03521,device,D06495,2026-01-28 00:00:00,2026-04-01
M03522,ip,I04928,2026-01-01 00:00:00,2026-04-01
M03522,device,D07602,2026-01-01 00:00:00,2026-04-01
M03523,ip,I03012,2026-01-01 00:00:00,2026-04-01
M03523,device,D01493,2026-01-01 00:00:00,2026-04-01
M03524,ip,I05671,2026-01-17 00:00:00,2026-04-01
M03524,device,D00239,2026-01-17 00:00:00,2026-03-14
M03524,device,D00811,2026-03-14 00:00:00,2026-04-01
M03525,ip,I09317,2026-01-01 00:00:00,2026-04-01
M03525,device,D00572,2026-01-01 00:00:00,2026-04-01
M03526,ip,I01108,2026-01-01 00:00:00,2026-04-01
M03526,device,D03577,2026-01-01 00:00:00,2026-04-01
M03527,ip,I08710,2026-01-01 00:00:00,2026-04-01
M03527,device,D03299,2026-01-01 00:00:00,2026-02-13
M03527,device,D09469,2026-02-13 00:00:00,2026-04-01
M03528,ip,I05383,2026-01-01 00:00:00,2026-04-01
M03528,device,D08755,2026-01-01 00:00:00,2026-01-10
M03528,device,D03628,2026-01-10 00:00:00,2026-04-01
M03529,ip,I09401,2026-01-01 00:00:00,2026-04-01
M03529,device,D01681,2026-01-01 00:00:00,2026-04-01
M03530,ip,I01980,2026-01-01 00:00:00,2026-04-01
M03530,device,D03560,2026-01-01 00:00:00,2026-01-19
M03530,device,D07269,2026-01-19 00:00:00,2026-04-01
M03531,ip,I00067,2026-01-01 00:00:00,2026-04-01
M03531,device,D07118,2026-01-01 00:00:00,2026-02-24
M03531,device,D03215,2026-02-24 00:00:00,2026-04-01
M03532,ip,I09490,2026-03-26 00:00:00,2026-02-02
M03532,device,D04151,2026-03-26 00:00:00,2026-03-31
M03532,device,D08334,2026-03-31 00:00:00,2026-04-01
M03533,ip,I02889,2026-01-01 00:00:00,2026-04-01
M03533,device,D05080,2026-01-01 00:00:00,2026-04-01
M03534,ip,I08016,2026-01-01 00:00:00,2026-04-01
M03534,device,D06675,2026-01-01 00:00:00,2026-04-01
M03535,ip,I06927,2026-01-01 00:00:00,2026-04-01
M03535,device,D05747,2026-01-01 00:00:00,2026-04-01
M03536,ip,I05219,2026-01-01 00:00:00,2026-04-01
M03536,device,D01236,2026-01-01 00:00:00,2026-03-04
M03536,device,D02930,2026-03-04 00:00:00,2026-04-01
M03537,ip,I01411,2026-01-31 00:00:00,2026-02-11
M03537,device,D07497,2026-01-31 00:00:00,2026-04-01
M03538,ip,I01263,2026-01-01 00:00:00,2026-04-01
M03538,device,D05891,2026-01-01 00:00:00,2026-04-01
M03539,ip,I05916,2026-01-01 00:00:00,2026-04-01
M03539,device,D07670,2026-01-01 00:00:00,2026-04-01
M03540,ip,I04763,2026-01-01 00:00:00,2026-04-01
M03540,device,D02450,2026-01-01 00:00:00,2026-04-01
M03541,ip,I01217,2026-01-01 00:00:00,2026-04-01
M03541,device,D01499,2026-01-01 00:00:00,2026-04-01
M03542,ip,I07602,2026-01-01 00:00:00,2026-04-01
M03542,device,D07092,2026-01-01 00:00:00,2026-02-09
M03542,device,D07314,2026-02-09 00:00:00,2026-04-01
M03543,ip,I09465,2026-01-01 00:00:00,2026-04-01
M03543,device,D08739,2026-01-01 00:00:00,2026-04-01
M03544,ip,I04080,2026-01-01 00:00:00,2026-04-01
M03544,device,D05750,2026-01-01 00:00:00,2026-04-01
M03545,ip,I07779,2026-01-07 00:00:00,2026-04-01
M03545,device,D08383,2026-01-07 00:00:00,2026-04-01
M03546,ip,I00170,2026-01-01 00:00:00,2026-04-01
M03546,device,D06579,2026-01-01 00:00:00,2026-01-26
M03546,device,D05254,2026-01-26 00:00:00,2026-04-01
M03547,ip,I02699,2026-01-01 00:00:00,2026-02-01
M03547,device,D04641,2026-01-01 00:00:00,2026-04-01
M03548,ip,I03894,2026-01-01 00:00:00,2026-04-01
M03548,device,D01445,2026-01-01 00:00:00,2026-04-01
M03549,ip,I06341,2026-01-01 00:00:00,2026-04-01
M03549,device,D07067,2026-01-01 00:00:00,2026-04-01
M03550,ip,I02728,2026-01-04 00:00:00,2026-04-01
M03550,device,D03880,2026-01-04 00:00:00,2026-03-02
M03550,device,D07569,2026-03-02 00:00:00,2026-04-01
M03551,ip,I07470,2026-03-20 00:00:00,2026-02-17
M03551,device,D01735,2026-03-20 00:00:00,2026-04-01
M03552,ip,I03390,2026-01-01 00:00:00,2026-02-11
M03552,device,D03396,2026-01-01 00:00:00,2026-04-01
M03553,ip,I07616,2026-01-01 00:00:00,2026-04-01
M03553,device,D00062,2026-01-01 00:00:00,2026-04-01
M03554,ip,I06472,2026-01-01 00:00:00,2026-02-03
M03554,device,D01890,2026-01-01 00:00:00,2026-04-01
M03555,ip,I00299,2026-01-01 00:00:00,2026-04-01
M03555,device,D03523,2026-01-01 00:00:00,2026-04-01
M03556,ip,I09269,2026-01-21 00:00:00,2026-02-11
M03556,device,D01628,2026-01-21 00:00:00,2026-03-04
M03556,device,D01481,2026-03-04 00:00:00,2026-04-01
M03557,ip,I03306,2026-01-01 00:00:00,2026-04-01
M03557,device,D04599,2026-01-01 00:00:00,2026-04-01
M03558,ip,I08580,2026-01-01 00:00:00,2026-04-01
M03558,device,D04889,2026-01-01 00:00:00,2026-01-28
M03558,device,D06647,2026-01-28 00:00:00,2026-04-01
M03559,ip,I07808,2026-01-01 00:00:00,2026-02-06
M03559,device,D05479,2026-01-01 00:00:00,2026-04-01
M03560,ip,I05763,2026-01-01 00:00:00,2026-04-01
M03560,device,D08876,2026-01-01 00:00:00,2026-04-01
M03561,ip,I04065,2026-01-01 00:00:00,2026-04-01
M03561,device,D01238,2026-01-01 00:00:00,2026-04-01
M03562,ip,I02908,2026-01-01 00:00:00,2026-04-01
M03562,device,D08654,2026-01-01 00:00:00,2026-01-31
M03562,device,D07810,2026-01-31 00:00:00,2026-04-01
M03563,ip,I03122,2026-01-01 00:00:00,2026-01-28
M03563,device,D00911,2026-01-01 00:00:00,2026-04-01
M03564,ip,I02189,2026-01-26 00:00:00,2026-04-01
M03564,device,D09549,2026-01-26 00:00:00,2026-04-01
M03565,ip,I02356,2026-01-01 00:00:00,2026-04-01
M03565,device,D07154,2026-01-01 00:00:00,2026-02-28
M03565,device,D05901,2026-02-28 00:00:00,2026-04-01
M03566,ip,I05313,2026-01-01 00:00:00,2026-04-01
M03566,device,D08858,2026-01-01 00:00:00,2026-04-01
M03567,ip,I08472,2026-02-10 00:00:00,2026-04-01
M03567,device,D04067,2026-02-10 00:00:00,2026-04-01
M03568,ip,I04824,2026-01-01 00:00:00,2026-04-01
M03568,device,D01653,2026-01-01 00:00:00,2026-04-01
M03569,ip,I09473,2026-01-01 00:00:00,2026-04-01
M03569,device,D01177,2026-01-01 00:00:00,2026-04-01
M03570,ip,I04085,2026-01-01 00:00:00,2026-04-01
M03570,device,D08643,2026-01-01 00:00:00,2026-04-01
M03571,ip,I05267,2026-01-01 00:00:00,2026-04-01
M03571,device,D01703,2026-01-01 00:00:00,2026-04-01
M03572,ip,I04354,2026-01-01 00:00:00,2026-04-01
M03572,device,D02212,2026-01-01 00:00:00,2026-04-01
M03573,ip,I03005,2026-01-01 00:00:00,2026-04-01
M03573,device,D02946,2026-01-01 00:00:00,2026-04-01
M03574,ip,I09915,2026-01-01 00:00:00,2026-04-01
M03574,device,D05941,2026-01-01 00:00:00,2026-04-01
M03575,ip,I01228,2026-03-14 00:00:00,2026-04-01
M03575,device,D02937,2026-03-14 00:00:00,2026-04-01
M03576,ip,I01711,2026-01-01 00:00:00,2026-04-01
M03576,device,D06269,2026-01-01 00:00:00,2026-01-09
M03576,device,D07545,2026-01-09 00:00:00,2026-04-01
M03577,ip,I02602,2026-01-01 00:00:00,2026-04-01
M03577,device,D08945,2026-01-01 00:00:00,2026-04-01
M03578,ip,I02973,2026-01-01 00:00:00,2026-04-01
M03578,device,D07279,2026-01-01 00:00:00,2026-01-20
M03578,device,D06329,2026-01-20 00:00:00,2026-04-01
M03579,ip,I06917,2026-01-01 00:00:00,2026-04-01
M03579,device,D09855,2026-01-01 00:00:00,2026-04-01
M03580,ip,I09524,2026-01-01 00:00:00,2026-04-01
M03580,device,D07723,2026-01-01 00:00:00,2026-03-08
M03580,device,D00966,2026-03-08 00:00:00,2026-04-01
M03581,ip,I08241,2026-02-11 00:00:00,2026-02-17
M03581,device,D03486,2026-02-11 00:00:00,2026-04-01
M03582,ip,I07234,2026-03-26 00:00:00,2026-04-01
M03582,device,D04922,2026-03-26 00:00:00,2026-04-01
M03583,ip,I06375,2026-01-01 00:00:00,2026-04-01
M03583,device,D08833,2026-01-01 00:00:00,2026-04-01
M03584,ip,I03899,2026-01-01 00:00:00,2026-01-23
M03584,device,D04142,2026-01-01 00:00:00,2026-03-05
M03584,device,D07804,2026-03-05 00:00:00,2026-04-01
M03585,ip,I09206,2026-01-01 00:00:00,2026-04-01
M03585,device,D00261,2026-01-01 00:00:00,2026-04-01
M03586,ip,I07792,2026-03-03 00:00:00,2026-04-01
M03586,device,D02534,2026-03-03 00:00:00,2026-04-01
M03587,ip,I03626,2026-01-01 00:00:00,2026-04-01
M03587,device,D04146,2026-01-01 00:00:00,2026-04-01
M03588,ip,I03150,2026-01-01 00:00:00,2026-04-01
M03588,device,D05241,2026-01-01 00:00:00,2026-04-01
M03589,ip,I00240,2026-01-01 00:00:00,2026-01-25
M03589,device,D05529,2026-01-01 00:00:00,2026-04-01
M03590,ip,I01123,2026-01-17 00:00:00,2026-04-01
M03590,device,D02178,2026-01-17 00:00:00,2026-04-01
M03591,ip,I03637,2026-01-01 00:00:00,2026-04-01
M03591,device,D04757,2026-01-01 00:00:00,2026-04-01
M03592,ip,I08728,2026-01-08 00:00:00,2026-04-01
M03592,device,D04058,2026-01-08 00:00:00,2026-04-01
M03593,ip,I08100,2026-01-01 00:00:00,2026-04-01
M03593,device,D01229,2026-01-01 00:00:00,2026-04-01
M03594,ip,I04266,2026-01-01 00:00:00,2026-04-01
M03594,device,D08479,2026-01-01 00:00:00,2026-01-22
M03594,device,D04273,2026-01-22 00:00:00,2026-04-01
M03595,ip,I05174,2026-01-01 00:00:00,2026-02-17
M03595,device,D02536,2026-01-01 00:00:00,2026-04-01
M03596,ip,I05401,2026-01-01 00:00:00,2026-04-01
M03596,device,D05391,2026-01-01 00:00:00,2026-03-23
M03596,device,D07261,2026-03-23 00:00:00,2026-04-01
M03597,ip,I08504,2026-01-01 00:00:00,2026-04-01
M03597,device,D09425,2026-01-01 00:00:00,2026-04-01
M03598,ip,I08009,2026-01-01 00:00:00,2026-04-01
M03598,device,D08445,2026-01-01 00:00:00,2026-02-16
M03598,device,D02751,2026-02-16 00:00:00,2026-04-01
M03599,ip,I08629,2026-01-01 00:00:00,2026-04-01
M03599,device,D01258,2026-01-01 00:00:00,2026-04-01
M03600,ip,I07446,2026-02-28 00:00:00,2026-04-01
M03600,device,D00114,2026-02-28 00:00:00,2026-04-01
M03601,ip,I02358,2026-01-01 00:00:00,2026-04-01
M03601,device,D07811,2026-01-01 00:00:00,2026-04-01
M03602,ip,I04160,2026-01-01 00:00:00,2026-01-25
M03602,device,D04550,2026-01-01 00:00:00,2026-03-07
M03602,device,D01874,2026-03-07 00:00:00,2026-04-01
M03603,ip,I01741,2026-01-11 00:00:00,2026-04-01
M03603,device,D00378,2026-01-11 00:00:00,2026-01-19
M03603,device,D06342,2026-01-19 00:00:00,2026-04-01
M03604,ip,I02402,2026-01-01 00:00:00,2026-04-01
M03604,device,D05846,2026-01-01 00:00:00,2026-04-01
M03605,ip,I00726,2026-01-01 00:00:00,2026-04-01
M03605,device,D04412,2026-01-01 00:00:00,2026-04-01
M03606,ip,I06752,2026-01-14 00:00:00,2026-04-01
M03606,device,D04014,2026-01-14 00:00:00,2026-02-11
M03606,device,D03379,2026-02-11 00:00:00,2026-04-01
M03607,ip,I07594,2026-01-01 00:00:00,2026-04-01
M03607,device,D02763,2026-01-01 00:00:00,2026-02-06
M03607,device,D00687,2026-02-06 00:00:00,2026-04-01
M03608,ip,I04707,2026-01-01 00:00:00,2026-04-01
M03608,device,D02970,2026-01-01 00:00:00,2026-04-01
M03609,ip,I09699,2026-01-01 00:00:00,2026-04-01
M03609,device,D05376,2026-01-01 00:00:00,2026-03-23
M03609,device,D05454,2026-03-23 00:00:00,2026-04-01
M03610,ip,I01056,2026-01-01 00:00:00,2026-04-01
M03610,device,D05198,2026-01-01 00:00:00,2026-04-01
M03611,ip,I01572,2026-01-01 00:00:00,2026-02-01
M03611,device,D00487,2026-01-01 00:00:00,2026-04-01
M03612,ip,I05377,2026-01-01 00:00:00,2026-04-01
M03612,device,D05448,2026-01-01 00:00:00,2026-04-01
M03613,ip,I09678,2026-01-04 00:00:00,2026-04-01
M03613,device,D09656,2026-01-04 00:00:00,2026-04-01
M03614,ip,I01171,2026-01-01 00:00:00,2026-04-01
M03614,device,D01082,2026-01-01 00:00:00,2026-04-01
M03615,ip,I02079,2026-01-01 00:00:00,2026-04-01
M03615,device,D00562,2026-01-01 00:00:00,2026-04-01
M03616,ip,I08544,2026-03-08 00:00:00,2026-04-01
M03616,device,D09925,2026-03-08 00:00:00,2026-04-01
M03617,ip,I03143,2026-01-01 00:00:00,2026-04-01
M03617,device,D02417,2026-01-01 00:00:00,2026-04-01
M03618,ip,I01270,2026-01-01 00:00:00,2026-04-01
M03618,device,D00797,2026-01-01 00:00:00,2026-02-15
M03618,device,D00408,2026-02-15 00:00:00,2026-04-01
M03619,ip,I00393,2026-01-01 00:00:00,2026-04-01
M03619,device,D01663,2026-01-01 00:00:00,2026-04-01
M03620,ip,I05852,2026-01-01 00:00:00,2026-04-01
M03620,device,D07547,2026-01-01 00:00:00,2026-04-01
M03621,ip,I03907,2026-01-01 00:00:00,2026-02-11
M03621,device,D01696,2026-01-01 00:00:00,2026-01-14
M03621,device,D08293,2026-01-14 00:00:00,2026-04-01
M03622,ip,I08763,2026-01-01 00:00:00,2026-04-01
M03622,device,D05599,2026-01-01 00:00:00,2026-04-01
M03623,ip,I01303,2026-01-01 00:00:00,2026-04-01
M03623,device,D04077,2026-01-01 00:00:00,2026-04-01
M03624,ip,I06720,2026-03-04 00:00:00,2026-04-01
M03624,device,D03532,2026-03-04 00:00:00,2026-04-01
M03625,ip,I02785,2026-01-01 00:00:00,2026-04-01
M03625,device,D07600,2026-01-01 00:00:00,2026-03-13
M03625,device,D04783,2026-03-13 00:00:00,2026-04-01
M03626,ip,I07686,2026-01-01 00:00:00,2026-04-01
M03626,device,D05610,2026-01-01 00:00:00,2026-04-01
M03627,ip,I08279,2026-01-07 00:00:00,2026-02-15
M03627,device,D05386,2026-01-07 00:00:00,2026-04-01
M03628,ip,I00546,2026-01-01 00:00:00,2026-04-01
M03628,device,D03089,2026-01-01 00:00:00,2026-03-04
M03628,device,D06764,2026-03-04 00:00:00,2026-04-01
M03629,ip,I08923,2026-01-01 00:00:00,2026-04-01
M03629,device,D04460,2026-01-01 00:00:00,2026-04-01
M03630,ip,I01322,2026-01-01 00:00:00,2026-04-01
M03630,device,D03185,2026-01-01 00:00:00,2026-01-11
M03630,device,D00373,2026-01-11 00:00:00,2026-04-01
M03631,ip,I06903,2026-01-01 00:00:00,2026-04-01
M03631,device,D03383,2026-01-01 00:00:00,2026-01-16
M03631,device,D01497,2026-01-16 00:00:00,2026-04-01
M03632,ip,I00112,2026-01-01 00:00:00,2026-04-01
M03632,device,D03708,2026-01-01 00:00:00,2026-03-13
M03632,device,D08817,2026-03-13 00:00:00,2026-04-01
M03633,ip,I06326,2026-01-01 00:00:00,2026-04-01
M03633,device,D09644,2026-01-01 00:00:00,2026-04-01
M03634,ip,I05824,2026-02-07 00:00:00,2026-04-01
M03634,device,D00065,2026-02-07 00:00:00,2026-02-28
M03634,device,D08372,2026-02-28 00:00:00,2026-04-01
M03635,ip,I09570,2026-01-01 00:00:00,2026-04-01
M03635,device,D04782,2026-01-01 00:00:00,2026-04-01
M03636,ip,I07854,2026-03-05 00:00:00,2026-04-01
M03636,device,D07033,2026-03-05 00:00:00,2026-04-01
M03637,ip,I07339,2026-01-01 00:00:00,2026-04-01
M03637,device,D05342,2026-01-01 00:00:00,2026-04-01
M03638,ip,I09642,2026-02-15 00:00:00,2026-04-01
M03638,device,D02084,2026-02-15 00:00:00,2026-03-23
M03638,device,D00310,2026-03-23 00:00:00,2026-04-01
M03639,ip,I01079,2026-01-01 00:00:00,2026-04-01
M03639,device,D02471,2026-01-01 00:00:00,2026-04-01
M03640,ip,I04904,2026-01-17 00:00:00,2026-04-01
M03640,device,D04479,2026-01-17 00:00:00,2026-04-01
M03641,ip,I04383,2026-01-01 00:00:00,2026-04-01
M03641,device,D02997,2026-01-01 00:00:00,2026-04-01
M03642,ip,I05384,2026-01-10 00:00:00,2026-04-01
M03642,device,D07223,2026-01-10 00:00:00,2026-04-01
M03643,ip,I03460,2026-01-01 00:00:00,2026-04-01
M03643,device,D09912,2026-01-01 00:00:00,2026-04-01
M03644,ip,I07019,2026-01-01 00:00:00,2026-04-01
M03644,device,D00645,2026-01-01 00:00:00,2026-04-01
M03645,ip,I08299,2026-01-01 00:00:00,2026-04-01
M03645,device,D06932,2026-01-01 00:00:00,2026-04-01
M03646,ip,I00064,2026-01-01 00:00:00,2026-04-01
M03646,device,D07597,2026-01-01 00:00:00,2026-04-01
M03647,ip,I00443,2026-02-01 00:00:00,2026-04-01
M03647,device,D05265,2026-02-01 00:00:00,2026-04-01
M03648,ip,I03219,2026-02-23 00:00:00,2026-04-01
M03648,device,D09489,2026-02-23 00:00:00,2026-04-01
M03649,ip,I08381,2026-01-01 00:00:00,2026-02-15
M03649,device,D06775,2026-01-01 00:00:00,2026-04-01
M03650,ip,I01444,2026-01-01 00:00:00,2026-04-01
M03650,device,D07755,2026-01-01 00:00:00,2026-01-07
M03650,device,D09151,2026-01-07 00:00:00,2026-04-01
M03651,ip,I05381,2026-03-20 00:00:00,2026-04-01
M03651,device,D06115,2026-03-20 00:00:00,2026-04-01
M03652,ip,I04378,2026-01-01 00:00:00,2026-04-01
M03652,device,D06109,2026-01-01 00:00:00,2026-04-01
M03653,ip,I03814,2026-01-01 00:00:00,2026-04-01
M03653,device,D06603,2026-01-01 00:00:00,2026-04-01
M03654,ip,I03487,2026-03-26 00:00:00,2026-04-01
M03654,device,D04844,2026-03-26 00:00:00,2026-04-01
M03655,ip,I00173,2026-02-03 00:00:00,2026-04-01
M03655,device,D07098,2026-02-03 00:00:00,2026-04-01
M03656,ip,I03583,2026-01-01 00:00:00,2026-04-01
M03656,device,D07743,2026-01-01 00:00:00,2026-04-01
M03657,ip,I07259,2026-01-01 00:00:00,2026-04-01
M03657,device,D01726,2026-01-01 00:00:00,2026-04-01
M03658,ip,I06167,2026-01-01 00:00:00,2026-04-01
M03658,device,D00631,2026-01-01 00:00:00,2026-04-01
M03659,ip,I08462,2026-02-23 00:00:00,2026-04-01
M03659,device,D09932,2026-02-23 00:00:00,2026-04-01
M03660,ip,I07167,2026-01-01 00:00:00,2026-04-01
M03660,device,D08405,2026-01-01 00:00:00,2026-03-09
M03660,device,D09241,2026-03-09 00:00:00,2026-04-01
M03661,ip,I00457,2026-01-01 00:00:00,2026-04-01
M03661,device,D09497,2026-01-01 00:00:00,2026-02-18
M03661,device,D03441,2026-02-18 00:00:00,2026-04-01
M03662,ip,I07288,2026-02-26 00:00:00,2026-04-01
M03662,device,D01623,2026-02-26 00:00:00,2026-03-05
M03662,device,D09390,2026-03-05 00:00:00,2026-04-01
M03663,ip,I06758,2026-01-01 00:00:00,2026-04-01
M03663,device,D07138,2026-01-01 00:00:00,2026-04-01
M03664,ip,I05008,2026-01-01 00:00:00,2026-04-01
M03664,device,D00049,2026-01-01 00:00:00,2026-01-25
M03664,device,D02453,2026-01-25 00:00:00,2026-04-01
M03665,ip,I00232,2026-01-01 00:00:00,2026-04-01
M03665,device,D00552,2026-01-01 00:00:00,2026-02-10
M03665,device,D09827,2026-02-10 00:00:00,2026-04-01
M03666,ip,I07757,2026-01-27 00:00:00,2026-04-01
M03666,device,D06628,2026-01-27 00:00:00,2026-04-01
M03667,ip,I00720,2026-01-01 00:00:00,2026-04-01
M03667,device,D02380,2026-01-01 00:00:00,2026-04-01
M03668,ip,I05409,2026-01-01 00:00:00,2026-04-01
M03668,device,D09185,2026-01-01 00:00:00,2026-01-16
M03668,device,D02672,2026-01-16 00:00:00,2026-04-01
M03669,ip,I03537,2026-02-09 00:00:00,2026-04-01
M03669,device,D08784,2026-02-09 00:00:00,2026-04-01
M03670,ip,I05205,2026-01-01 00:00:00,2026-04-01
M03670,device,D09526,2026-01-01 00:00:00,2026-02-01
M03670,device,D02334,2026-02-01 00:00:00,2026-04-01
M03671,ip,I09815,2026-01-01 00:00:00,2026-04-01
M03671,device,D00241,2026-01-01 00:00:00,2026-01-27
M03671,device,D07719,2026-01-27 00:00:00,2026-04-01
M03672,ip,I03595,2026-01-01 00:00:00,2026-04-01
M03672,device,D04590,2026-01-01 00:00:00,2026-04-01
M03673,ip,I03039,2026-01-01 00:00:00,2026-04-01
M03673,device,D07874,2026-01-01 00:00:00,2026-04-01
M03674,ip,I06238,2026-02-20 00:00:00,2026-02-15
M03674,device,D09859,2026-02-20 00:00:00,2026-03-17
M03674,device,D07897,2026-03-17 00:00:00,2026-04-01
M03675,ip,I00460,2026-01-01 00:00:00,2026-04-01
M03675,device,D01901,2026-01-01 00:00:00,2026-03-10
M03675,device,D01979,2026-03-10 00:00:00,2026-04-01
M03676,ip,I03157,2026-01-01 00:00:00,2026-04-01
M03676,device,D08379,2026-01-01 00:00:00,2026-04-01
M03677,ip,I04557,2026-01-18 00:00:00,2026-04-01
M03677,device,D02683,2026-01-18 00:00:00,2026-04-01
M03678,ip,I01636,2026-03-25 00:00:00,2026-01-23
M03678,device,D01228,2026-03-25 00:00:00,2026-04-01
M03679,ip,I03216,2026-02-07 00:00:00,2026-04-01
M03679,device,D09037,2026-02-07 00:00:00,2026-04-01
M03680,ip,I02855,2026-01-01 00:00:00,2026-04-01
M03680,device,D04627,2026-01-01 00:00:00,2026-04-01
M03681,ip,I03767,2026-01-01 00:00:00,2026-04-01
M03681,device,D09142,2026-01-01 00:00:00,2026-04-01
M03682,ip,I04625,2026-01-01 00:00:00,2026-01-23
M03682,device,D03029,2026-01-01 00:00:00,2026-04-01
M03683,ip,I07540,2026-01-01 00:00:00,2026-04-01
M03683,device,D02097,2026-01-01 00:00:00,2026-01-25
M03683,device,D06691,2026-01-25 00:00:00,2026-04-01
M03684,ip,I09915,2026-01-01 00:00:00,2026-04-01
M03684,device,D00825,2026-01-01 00:00:00,2026-03-21
M03684,device,D08342,2026-03-21 00:00:00,2026-04-01
M03685,ip,I02041,2026-01-01 00:00:00,2026-04-01
M03685,device,D06476,2026-01-01 00:00:00,2026-01-14
M03685,device,D05207,2026-01-14 00:00:00,2026-04-01
M03686,ip,I02903,2026-01-01 00:00:00,2026-04-01
M03686,device,D02234,2026-01-01 00:00:00,2026-03-14
M03686,device,D01103,2026-03-14 00:00:00,2026-04-01
M03687,ip,I08822,2026-01-01 00:00:00,2026-04-01
M03687,device,D04758,2026-01-01 00:00:00,2026-03-24
M03687,device,D07907,2026-03-24 00:00:00,2026-04-01
M03688,ip,I04563,2026-01-01 00:00:00,2026-04-01
M03688,device,D05601,2026-01-01 00:00:00,2026-02-17
M03688,device,D00595,2026-02-17 00:00:00,2026-04-01
M03689,ip,I07316,2026-01-01 00:00:00,2026-04-01
M03689,device,D09539,2026-01-01 00:00:00,2026-02-21
M03689,device,D05447,2026-02-21 00:00:00,2026-04-01
M03690,ip,I08960,2026-01-01 00:00:00,2026-04-01
M03690,device,D06139,2026-01-01 00:00:00,2026-01-30
M03690,device,D04792,2026-01-30 00:00:00,2026-04-01
M03691,ip,I09819,2026-01-01 00:00:00,2026-04-01
M03691,device,D06295,2026-01-01 00:00:00,2026-01-14
M03691,device,D04020,2026-01-14 00:00:00,2026-04-01
M03692,ip,I02376,2026-01-01 00:00:00,2026-04-01
M03692,device,D09797,2026-01-01 00:00:00,2026-04-01
M03693,ip,I03193,2026-01-01 00:00:00,2026-02-04
M03693,device,D07374,2026-01-01 00:00:00,2026-04-01
M03694,ip,I06852,2026-01-01 00:00:00,2026-03-02
M03694,device,D05229,2026-01-01 00:00:00,2026-02-19
M03694,device,D07960,2026-02-19 00:00:00,2026-04-01
M03695,ip,I03849,2026-01-01 00:00:00,2026-04-01
M03695,device,D06883,2026-01-01 00:00:00,2026-04-01
M03696,ip,I09450,2026-01-01 00:00:00,2026-04-01
M03696,device,D02138,2026-01-01 00:00:00,2026-04-01
M03697,ip,I07409,2026-01-01 00:00:00,2026-04-01
M03697,device,D04704,2026-01-01 00:00:00,2026-04-01
M03698,ip,I04882,2026-01-01 00:00:00,2026-04-01
M03698,device,D00061,2026-01-01 00:00:00,2026-04-01
M03699,ip,I08802,2026-01-01 00:00:00,2026-04-01
M03699,device,D07116,2026-01-01 00:00:00,2026-02-11
M03699,device,D09009,2026-02-11 00:00:00,2026-04-01
M03700,ip,I01194,2026-01-01 00:00:00,2026-04-01
M03700,device,D06583,2026-01-01 00:00:00,2026-04-01
M03701,ip,I00003,2026-01-01 00:00:00,2026-04-01
M03701,device,D04817,2026-01-01 00:00:00,2026-04-01
M03702,ip,I00234,2026-01-01 00:00:00,2026-04-01
M03702,device,D07177,2026-01-01 00:00:00,2026-04-01
M03703,ip,I05976,2026-01-20 00:00:00,2026-04-01
M03703,device,D02231,2026-01-20 00:00:00,2026-02-27
M03703,device,D02004,2026-02-27 00:00:00,2026-04-01
M03704,ip,I05192,2026-01-01 00:00:00,2026-04-01
M03704,device,D05870,2026-01-01 00:00:00,2026-04-01
M03705,ip,I09799,2026-01-01 00:00:00,2026-04-01
M03705,device,D04758,2026-01-01 00:00:00,2026-04-01
M03706,ip,I08745,2026-01-01 00:00:00,2026-04-01
M03706,device,D03689,2026-01-01 00:00:00,2026-04-01
M03707,ip,I06231,2026-01-23 00:00:00,2026-04-01
M03707,device,D02640,2026-01-23 00:00:00,2026-04-01
M03708,ip,I06887,2026-01-01 00:00:00,2026-02-15
M03708,device,D06242,2026-01-01 00:00:00,2026-04-01
M03709,ip,I04410,2026-01-23 00:00:00,2026-04-01
M03709,device,D06098,2026-01-23 00:00:00,2026-04-01
M03710,ip,I08826,2026-01-01 00:00:00,2026-04-01
M03710,device,D00922,2026-01-01 00:00:00,2026-01-07
M03710,device,D08910,2026-01-07 00:00:00,2026-04-01
M03711,ip,I08830,2026-02-22 00:00:00,2026-02-19
M03711,device,D05851,2026-02-22 00:00:00,2026-04-01
M03712,ip,I07294,2026-02-26 00:00:00,2026-04-01
M03712,device,D00360,2026-02-26 00:00:00,2026-04-01
M03713,ip,I02925,2026-02-18 00:00:00,2026-04-01
M03713,device,D02423,2026-02-18 00:00:00,2026-04-01
M03714,ip,I08016,2026-03-16 00:00:00,2026-02-16
M03714,device,D02671,2026-03-16 00:00:00,2026-03-25
M03714,device,D07054,2026-03-25 00:00:00,2026-04-01
M03715,ip,I06810,2026-02-28 00:00:00,2026-04-01
M03715,device,D02934,2026-02-28 00:00:00,2026-04-01
M03716,ip,I06045,2026-01-01 00:00:00,2026-04-01
M03716,device,D05018,2026-01-01 00:00:00,2026-04-01
M03717,ip,I02087,2026-01-01 00:00:00,2026-04-01
M03717,device,D06359,2026-01-01 00:00:00,2026-04-01
M03718,ip,I01420,2026-01-01 00:00:00,2026-04-01
M03718,device,D00182,2026-01-01 00:00:00,2026-04-01
M03719,ip,I06228,2026-01-01 00:00:00,2026-02-03
M03719,device,D09953,2026-01-01 00:00:00,2026-04-01
M03720,ip,I06710,2026-01-01 00:00:00,2026-04-01
M03720,device,D00709,2026-01-01 00:00:00,2026-04-01
M03721,ip,I00607,2026-01-01 00:00:00,2026-04-01
M03721,device,D09605,2026-01-01 00:00:00,2026-04-01
M03722,ip,I02928,2026-01-01 00:00:00,2026-04-01
M03722,device,D08357,2026-01-01 00:00:00,2026-02-05
M03722,device,D05210,2026-02-05 00:00:00,2026-04-01
M03723,ip,I08700,2026-01-01 00:00:00,2026-04-01
M03723,device,D03868,2026-01-01 00:00:00,2026-01-07
M03723,device,D04235,2026-01-07 00:00:00,2026-04-01
M03724,ip,I04748,2026-01-01 00:00:00,2026-04-01
M03724,device,D07310,2026-01-01 00:00:00,2026-01-11
M03724,device,D04665,2026-01-11 00:00:00,2026-04-01
M03725,ip,I09853,2026-01-01 00:00:00,2026-04-01
M03725,device,D07412,2026-01-01 00:00:00,2026-04-01
M03726,ip,I08444,2026-01-01 00:00:00,2026-04-01
M03726,device,D08660,2026-01-01 00:00:00,2026-02-28
M03726,device,D07388,2026-02-28 00:00:00,2026-04-01
M03727,ip,I08360,2026-01-01 00:00:00,2026-02-11
M03727,device,D02308,2026-01-01 00:00:00,2026-02-12
M03727,device,D01283,2026-02-12 00:00:00,2026-04-01
M03728,ip,I03008,2026-01-01 00:00:00,2026-04-01
M03728,device,D01093,2026-01-01 00:00:00,2026-02-15
M03728,device,D06293,2026-02-15 00:00:00,2026-04-01
M03729,ip,I02525,2026-01-01 00:00:00,2026-04-01
M03729,device,D03781,2026-01-01 00:00:00,2026-04-01
M03730,ip,I03360,2026-01-01 00:00:00,2026-01-28
M03730,device,D01333,2026-01-01 00:00:00,2026-04-01
M03731,ip,I00020,2026-01-01 00:00:00,2026-04-01
M03731,device,D07685,2026-01-01 00:00:00,2026-04-01
M03732,ip,I01977,2026-01-01 00:00:00,2026-04-01
M03732,device,D09024,2026-01-01 00:00:00,2026-04-01
M03733,ip,I02392,2026-01-01 00:00:00,2026-04-01
M03733,device,D05608,2026-01-01 00:00:00,2026-04-01
M03734,ip,I06237,2026-01-01 00:00:00,2026-04-01
M03734,device,D03433,2026-01-01 00:00:00,2026-04-01
M03735,ip,I00306,2026-01-25 00:00:00,2026-04-01
M03735,device,D03053,2026-01-25 00:00:00,2026-03-16
M03735,device,D09607,2026-03-16 00:00:00,2026-04-01
M03736,ip,I05320,2026-01-01 00:00:00,2026-04-01
M03736,device,D02624,2026-01-01 00:00:00,2026-04-01
M03737,ip,I04477,2026-01-01 00:00:00,2026-04-01
M03737,device,D02688,2026-01-01 00:00:00,2026-04-01
M03738,ip,I04388,2026-02-17 00:00:00,2026-04-01
M03738,device,D03030,2026-02-17 00:00:00,2026-04-01
M03739,ip,I06525,2026-01-01 00:00:00,2026-04-01
M03739,device,D05604,2026-01-01 00:00:00,2026-04-01
M03740,ip,I02920,2026-01-01 00:00:00,2026-04-01
M03740,device,D02174,2026-01-01 00:00:00,2026-04-01
M03741,ip,I01313,2026-02-08 00:00:00,2026-04-01
M03741,device,D02140,2026-02-08 00:00:00,2026-04-01
M03742,ip,I02845,2026-01-01 00:00:00,2026-04-01
M03742,device,D09436,2026-01-01 00:00:00,2026-04-01
M03743,ip,I07640,2026-01-01 00:00:00,2026-02-12
M03743,device,D09209,2026-01-01 00:00:00,2026-04-01
M03744,ip,I02222,2026-02-23 00:00:00,2026-04-01
M03744,device,D08904,2026-02-23 00:00:00,2026-04-01
M03745,ip,I08460,2026-01-01 00:00:00,2026-04-01
M03745,device,D07690,2026-01-01 00:00:00,2026-03-06
M03745,device,D07473,2026-03-06 00:00:00,2026-04-01
M03746,ip,I08779,2026-01-01 00:00:00,2026-04-01
M03746,device,D08844,2026-01-01 00:00:00,2026-04-01
M03747,ip,I05996,2026-02-23 00:00:00,2026-04-01
M03747,device,D02535,2026-02-23 00:00:00,2026-03-05
M03747,device,D04901,2026-03-05 00:00:00,2026-04-01
M03748,ip,I02769,2026-01-01 00:00:00,2026-01-30
M03748,device,D03818,2026-01-01 00:00:00,2026-04-01
M03749,ip,I05114,2026-01-01 00:00:00,2026-04-01
M03749,device,D04530,2026-01-01 00:00:00,2026-03-18
M03749,device,D08003,2026-03-18 00:00:00,2026-04-01
M03750,ip,I00801,2026-02-22 00:00:00,2026-04-01
M03750,device,D07745,2026-02-22 00:00:00,2026-03-08
M03750,device,D01645,2026-03-08 00:00:00,2026-04-01
M03751,ip,I04068,2026-01-01 00:00:00,2026-04-01
M03751,device,D04190,2026-01-01 00:00:00,2026-04-01
M03752,ip,I07176,2026-01-01 00:00:00,2026-03-02
M03752,device,D06773,2026-01-01 00:00:00,2026-01-22
M03752,device,D09836,2026-01-22 00:00:00,2026-04-01
M03753,ip,I07688,2026-02-24 00:00:00,2026-02-11
M03753,device,D07411,2026-02-24 00:00:00,2026-04-01
M03754,ip,I02721,2026-01-01 00:00:00,2026-04-01
M03754,device,D09470,2026-01-01 00:00:00,2026-04-01
M03755,ip,I05835,2026-03-24 00:00:00,2026-04-01
M03755,device,D09338,2026-03-24 00:00:00,2026-04-01
M03756,ip,I00334,2026-02-05 00:00:00,2026-04-01
M03756,device,D09536,2026-02-05 00:00:00,2026-03-25
M03756,device,D01511,2026-03-25 00:00:00,2026-04-01
M03757,ip,I04996,2026-02-05 00:00:00,2026-02-28
M03757,device,D06033,2026-02-05 00:00:00,2026-02-28
M03757,device,D06034,2026-02-28 00:00:00,2026-04-01
M03758,ip,I09779,2026-01-01 00:00:00,2026-04-01
M03758,device,D08263,2026-01-01 00:00:00,2026-01-19
M03758,device,D07332,2026-01-19 00:00:00,2026-04-01
M03759,ip,I00083,2026-01-01 00:00:00,2026-04-01
M03759,device,D07044,2026-01-01 00:00:00,2026-04-01
M03760,ip,I05803,2026-01-01 00:00:00,2026-03-02
M03760,device,D05911,2026-01-01 00:00:00,2026-04-01
M03761,ip,I06220,2026-01-01 00:00:00,2026-04-01
M03761,device,D03804,2026-01-01 00:00:00,2026-04-01
M03762,ip,I00664,2026-01-01 00:00:00,2026-04-01
M03762,device,D06375,2026-01-01 00:00:00,2026-04-01
M03763,ip,I04091,2026-01-01 00:00:00,2026-04-01
M03763,device,D02549,2026-01-01 00:00:00,2026-04-01
M03764,ip,I05851,2026-02-22 00:00:00,2026-04-01
M03764,device,D07213,2026-02-22 00:00:00,2026-04-01
M03765,ip,I07482,2026-01-01 00:00:00,2026-04-01
M03765,device,D07732,2026-01-01 00:00:00,2026-02-09
M03765,device,D06664,2026-02-09 00:00:00,2026-04-01
M03766,ip,I05387,2026-01-01 00:00:00,2026-04-01
M03766,device,D00084,2026-01-01 00:00:00,2026-04-01
M03767,ip,I06609,2026-03-25 00:00:00,2026-04-01
M03767,device,D05243,2026-03-25 00:00:00,2026-04-01
M03768,ip,I06079,2026-01-01 00:00:00,2026-04-01
M03768,device,D06225,2026-01-01 00:00:00,2026-01-23
M03768,device,D01418,2026-01-23 00:00:00,2026-04-01
M03769,ip,I07029,2026-01-01 00:00:00,2026-04-01
M03769,device,D00577,2026-01-01 00:00:00,2026-04-01
M03770,ip,I09708,2026-01-01 00:00:00,2026-04-01
M03770,device,D09842,2026-01-01 00:00:00,2026-04-01
M03771,ip,I06732,2026-03-02 00:00:00,2026-04-01
M03771,device,D07063,2026-03-02 00:00:00,2026-03-10
M03771,device,D02119,2026-03-10 00:00:00,2026-04-01
M03772,ip,I02082,2026-01-01 00:00:00,2026-04-01
M03772,device,D06379,2026-01-01 00:00:00,2026-03-21
M03772,device,D06923,2026-03-21 00:00:00,2026-04-01
M03773,ip,I05412,2026-03-08 00:00:00,2026-04-01
M03773,device,D07773,2026-03-08 00:00:00,2026-04-01
M03774,ip,I03772,2026-01-01 00:00:00,2026-04-01
M03774,device,D07077,2026-01-01 00:00:00,2026-04-01
M03775,ip,I02205,2026-01-25 00:00:00,2026-04-01
M03775,device,D00646,2026-01-25 00:00:00,2026-04-01
M03776,ip,I03313,2026-02-14 00:00:00,2026-04-01
M03776,device,D09682,2026-02-14 00:00:00,2026-04-01
M03777,ip,I05893,2026-03-26 00:00:00,2026-04-01
M03777,device,D04455,2026-03-26 00:00:00,2026-04-01
M03778,ip,I07339,2026-01-01 00:00:00,2026-04-01
M03778,device,D08439,2026-01-01 00:00:00,2026-04-01
M03779,ip,I01386,2026-01-01 00:00:00,2026-04-01
M03779,device,D05867,2026-01-01 00:00:00,2026-04-01
M03780,ip,I05795,2026-01-01 00:00:00,2026-04-01
M03780,device,D03507,2026-01-01 00:00:00,2026-04-01
M03781,ip,I07382,2026-01-01 00:00:00,2026-04-01
M03781,device,D05265,2026-01-01 00:00:00,2026-04-01
M03782,ip,I03663,2026-01-01 00:00:00,2026-03-06
M03782,device,D06596,2026-01-01 00:00:00,2026-04-01
M03783,ip,I02509,2026-01-01 00:00:00,2026-04-01
M03783,device,D09758,2026-01-01 00:00:00,2026-01-29
M03783,device,D04919,2026-01-29 00:00:00,2026-04-01
M03784,ip,I07827,2026-01-01 00:00:00,2026-02-18
M03784,device,D07123,2026-01-01 00:00:00,2026-01-22
M03784,device,D05593,2026-01-22 00:00:00,2026-04-01
M03785,ip,I08491,2026-03-25 00:00:00,2026-04-01
M03785,device,D08079,2026-03-25 00:00:00,2026-04-01
M03786,ip,I07022,2026-01-01 00:00:00,2026-04-01
M03786,device,D03867,2026-01-01 00:00:00,2026-04-01
M03787,ip,I03504,2026-01-01 00:00:00,2026-04-01
M03787,device,D02092,2026-01-01 00:00:00,2026-03-21
M03787,device,D02418,2026-03-21 00:00:00,2026-04-01
M03788,ip,I00690,2026-01-01 00:00:00,2026-04-01
M03788,device,D04062,2026-01-01 00:00:00,2026-04-01
M03789,ip,I01709,2026-03-05 00:00:00,2026-04-01
M03789,device,D08287,2026-03-05 00:00:00,2026-04-01
M03790,ip,I02816,2026-01-01 00:00:00,2026-04-01
M03790,device,D02734,2026-01-01 00:00:00,2026-04-01
M03791,ip,I05346,2026-03-06 00:00:00,2026-04-01
M03791,device,D01639,2026-03-06 00:00:00,2026-04-01
M03792,ip,I03015,2026-01-06 00:00:00,2026-04-01
M03792,device,D06721,2026-01-06 00:00:00,2026-03-23
M03792,device,D00217,2026-03-23 00:00:00,2026-04-01
M03793,ip,I05979,2026-01-01 00:00:00,2026-04-01
M03793,device,D09791,2026-01-01 00:00:00,2026-01-11
M03793,device,D09085,2026-01-11 00:00:00,2026-04-01
M03794,ip,I00693,2026-01-01 00:00:00,2026-04-01
M03794,device,D08918,2026-01-01 00:00:00,2026-02-01
M03794,device,D01337,2026-02-01 00:00:00,2026-04-01
M03795,ip,I07985,2026-01-21 00:00:00,2026-04-01
M03795,device,D00694,2026-01-21 00:00:00,2026-04-01
M03796,ip,I04634,2026-01-01 00:00:00,2026-04-01
M03796,device,D08271,2026-01-01 00:00:00,2026-04-01
M03797,ip,I06924,2026-01-01 00:00:00,2026-02-24
M03797,device,D00979,2026-01-01 00:00:00,2026-01-30
M03797,device,D01063,2026-01-30 00:00:00,2026-02-24
M03798,ip,I01098,2026-01-25 00:00:00,2026-04-01
M03798,device,D09497,2026-01-25 00:00:00,2026-04-01
M03799,ip,I08573,2026-01-01 00:00:00,2026-02-17
M03799,device,D03439,2026-01-01 00:00:00,2026-02-13
M03799,device,D01463,2026-02-13 00:00:00,2026-04-01
M03800,ip,I05265,2026-03-14 00:00:00,2026-02-18
M03800,device,D02528,2026-03-14 00:00:00,2026-04-01
M03801,ip,I06685,2026-01-01 00:00:00,2026-04-01
M03801,device,D01159,2026-01-01 00:00:00,2026-04-01
M03802,ip,I00826,2026-01-09 00:00:00,2026-04-01
M03802,device,D00340,2026-01-09 00:00:00,2026-04-01
M03803,ip,I06906,2026-01-01 00:00:00,2026-04-01
M03803,device,D01178,2026-01-01 00:00:00,2026-04-01
M03804,ip,I01901,2026-01-01 00:00:00,2026-04-01
M03804,device,D05746,2026-01-01 00:00:00,2026-04-01
M03805,ip,I04567,2026-01-01 00:00:00,2026-04-01
M03805,device,D09849,2026-01-01 00:00:00,2026-04-01
M03806,ip,I08637,2026-03-13 00:00:00,2026-04-01
M03806,device,D03746,2026-03-13 00:00:00,2026-03-18
M03806,device,D00110,2026-03-18 00:00:00,2026-04-01
M03807,ip,I08030,2026-01-01 00:00:00,2026-04-01
M03807,device,D04242,2026-01-01 00:00:00,2026-04-01
M03808,ip,I05529,2026-01-01 00:00:00,2026-04-01
M03808,device,D08168,2026-01-01 00:00:00,2026-02-21
M03808,device,D07889,2026-02-21 00:00:00,2026-04-01
M03809,ip,I02411,2026-01-01 00:00:00,2026-04-01
M03809,device,D06192,2026-01-01 00:00:00,2026-04-01
M03810,ip,I08284,2026-02-28 00:00:00,2026-01-22
M03810,device,D06776,2026-02-28 00:00:00,2026-04-01
M03811,ip,I02740,2026-02-13 00:00:00,2026-04-01
M03811,device,D04968,2026-02-13 00:00:00,2026-03-24
M03811,device,D02771,2026-03-24 00:00:00,2026-04-01
M03812,ip,I01853,2026-01-01 00:00:00,2026-04-01
M03812,device,D09108,2026-01-01 00:00:00,2026-02-03
M03812,device,D05589,2026-02-03 00:00:00,2026-04-01
M03813,ip,I00750,2026-03-24 00:00:00,2026-04-01
M03813,device,D05546,2026-03-24 00:00:00,2026-03-29
M03813,device,D00110,2026-03-29 00:00:00,2026-04-01
M03814,ip,I07091,2026-01-01 00:00:00,2026-04-01
M03814,device,D06404,2026-01-01 00:00:00,2026-01-27
M03814,device,D03778,2026-01-27 00:00:00,2026-04-01
M03815,ip,I09789,2026-01-27 00:00:00,2026-04-01
M03815,device,D07056,2026-01-27 00:00:00,2026-02-19
M03815,device,D02091,2026-02-19 00:00:00,2026-04-01
M03816,ip,I04071,2026-01-01 00:00:00,2026-04-01
M03816,device,D09959,2026-01-01 00:00:00,2026-04-01
M03817,ip,I04827,2026-01-01 00:00:00,2026-04-01
M03817,device,D06600,2026-01-01 00:00:00,2026-04-01
M03818,ip,I02761,2026-01-01 00:00:00,2026-01-28
M03818,device,D09659,2026-01-01 00:00:00,2026-01-13
M03818,device,D00674,2026-01-13 00:00:00,2026-04-01
M03819,ip,I03531,2026-01-01 00:00:00,2026-04-01
M03819,device,D08162,2026-01-01 00:00:00,2026-02-17
M03819,device,D05616,2026-02-17 00:00:00,2026-04-01
M03820,ip,I05634,2026-01-01 00:00:00,2026-04-01
M03820,device,D00015,2026-01-01 00:00:00,2026-04-01
M03821,ip,I07397,2026-01-01 00:00:00,2026-04-01
M03821,device,D06509,2026-01-01 00:00:00,2026-04-01
M03822,ip,I04035,2026-01-01 00:00:00,2026-04-01
M03822,device,D05599,2026-01-01 00:00:00,2026-02-21
M03822,device,D02948,2026-02-21 00:00:00,2026-04-01
M03823,ip,I02645,2026-01-01 00:00:00,2026-04-01
M03823,device,D07101,2026-01-01 00:00:00,2026-02-03
M03823,device,D05953,2026-02-03 00:00:00,2026-04-01
M03824,ip,I08399,2026-01-01 00:00:00,2026-01-25
M03824,device,D05171,2026-01-01 00:00:00,2026-04-01
M03825,ip,I03786,2026-01-01 00:00:00,2026-04-01
M03825,device,D03348,2026-01-01 00:00:00,2026-04-01
M03826,ip,I07089,2026-01-01 00:00:00,2026-04-01
M03826,device,D03820,2026-01-01 00:00:00,2026-03-10
M03826,device,D09621,2026-03-10 00:00:00,2026-04-01
M03827,ip,I00549,2026-01-01 00:00:00,2026-04-01
M03827,device,D01304,2026-01-01 00:00:00,2026-04-01
M03828,ip,I02164,2026-01-01 00:00:00,2026-04-01
M03828,device,D00140,2026-01-01 00:00:00,2026-04-01
M03829,ip,I03953,2026-01-01 00:00:00,2026-03-02
M03829,device,D05152,2026-01-01 00:00:00,2026-01-14
M03829,device,D07341,2026-01-14 00:00:00,2026-04-01
M03830,ip,I06598,2026-01-01 00:00:00,2026-04-01
M03830,device,D02606,2026-01-01 00:00:00,2026-04-01
M03831,ip,I07970,2026-01-01 00:00:00,2026-04-01
M03831,device,D07924,2026-01-01 00:00:00,2026-04-01
M03832,ip,I05931,2026-01-01 00:00:00,2026-04-01
M03832,device,D04557,2026-01-01 00:00:00,2026-04-01
M03833,ip,I00981,2026-01-01 00:00:00,2026-04-01
M03833,device,D00452,2026-01-01 00:00:00,2026-04-01
M03834,ip,I02144,2026-03-24 00:00:00,2026-04-01
M03834,device,D05920,2026-03-24 00:00:00,2026-04-01
M03835,ip,I01841,2026-01-01 00:00:00,2026-04-01
M03835,device,D04406,2026-01-01 00:00:00,2026-04-01
M03836,ip,I09342,2026-01-01 00:00:00,2026-04-01
M03836,device,D00467,2026-01-01 00:00:00,2026-01-25
M03836,device,D04256,2026-01-25 00:00:00,2026-04-01
M03837,ip,I09139,2026-01-28 00:00:00,2026-04-01
M03837,device,D02418,2026-01-28 00:00:00,2026-03-11
M03837,device,D05461,2026-03-11 00:00:00,2026-04-01
M03838,ip,I00451,2026-02-21 00:00:00,2026-04-01
M03838,device,D04642,2026-02-21 00:00:00,2026-04-01
M03839,ip,I02843,2026-01-01 00:00:00,2026-04-01
M03839,device,D07843,2026-01-01 00:00:00,2026-04-01
M03840,ip,I07932,2026-01-21 00:00:00,2026-04-01
M03840,device,D00015,2026-01-21 00:00:00,2026-04-01
M03841,ip,I02794,2026-01-21 00:00:00,2026-04-01
M03841,device,D04826,2026-01-21 00:00:00,2026-04-01
M03842,ip,I07566,2026-01-01 00:00:00,2026-04-01
M03842,device,D08896,2026-01-01 00:00:00,2026-02-09
M03842,device,D05995,2026-02-09 00:00:00,2026-04-01
M03843,ip,I07751,2026-01-01 00:00:00,2026-04-01
M03843,device,D02822,2026-01-01 00:00:00,2026-02-21
M03843,device,D04374,2026-02-21 00:00:00,2026-04-01
M03844,ip,I06949,2026-01-01 00:00:00,2026-04-01
M03844,device,D02837,2026-01-01 00:00:00,2026-03-12
M03844,device,D04930,2026-03-12 00:00:00,2026-04-01
M03845,ip,I05160,2026-01-01 00:00:00,2026-04-01
M03845,device,D03112,2026-01-01 00:00:00,2026-04-01
M03846,ip,I03111,2026-01-01 00:00:00,2026-04-01
M03846,device,D00118,2026-01-01 00:00:00,2026-04-01
M03847,ip,I07220,2026-01-01 00:00:00,2026-04-01
M03847,device,D04705,2026-01-01 00:00:00,2026-04-01
M03848,ip,I04241,2026-01-01 00:00:00,2026-04-01
M03848,device,D07170,2026-01-01 00:00:00,2026-04-01
M03849,ip,I04969,2026-03-25 00:00:00,2026-04-01
M03849,device,D00279,2026-03-25 00:00:00,2026-04-01
M03850,ip,I00958,2026-02-14 00:00:00,2026-04-01
M03850,device,D08568,2026-02-14 00:00:00,2026-04-01
M03851,ip,I06364,2026-02-28 00:00:00,2026-02-02
M03851,device,D09837,2026-02-28 00:00:00,2026-04-01
M03852,ip,I07511,2026-01-01 00:00:00,2026-04-01
M03852,device,D07243,2026-01-01 00:00:00,2026-02-07
M03852,device,D02753,2026-02-07 00:00:00,2026-04-01
M03853,ip,I08907,2026-01-01 00:00:00,2026-04-01
M03853,device,D05839,2026-01-01 00:00:00,2026-04-01
M03854,ip,I06823,2026-01-01 00:00:00,2026-04-01
M03854,device,D07626,2026-01-01 00:00:00,2026-04-01
M03855,ip,I07620,2026-01-01 00:00:00,2026-04-01
M03855,device,D02069,2026-01-01 00:00:00,2026-04-01
M03856,ip,I03767,2026-01-01 00:00:00,2026-02-08
M03856,device,D08669,2026-01-01 00:00:00,2026-04-01
M03857,ip,I06369,2026-01-08 00:00:00,2026-02-04
M03857,device,D08172,2026-01-08 00:00:00,2026-02-04
M03858,ip,I01905,2026-01-01 00:00:00,2026-04-01
M03858,device,D09932,2026-01-01 00:00:00,2026-04-01
M03859,ip,I02563,2026-01-01 00:00:00,2026-04-01
M03859,device,D01163,2026-01-01 00:00:00,2026-03-18
M03859,device,D04357,2026-03-18 00:00:00,2026-04-01
M03860,ip,I06261,2026-01-01 00:00:00,2026-04-01
M03860,device,D08050,2026-01-01 00:00:00,2026-04-01
M03861,ip,I00523,2026-01-01 00:00:00,2026-04-01
M03861,device,D06114,2026-01-01 00:00:00,2026-04-01
M03862,ip,I01024,2026-02-28 00:00:00,2026-04-01
M03862,device,D07149,2026-02-28 00:00:00,2026-03-05
M03862,device,D05202,2026-03-05 00:00:00,2026-04-01
M03863,ip,I01486,2026-03-18 00:00:00,2026-04-01
M03863,device,D01852,2026-03-18 00:00:00,2026-04-01
M03864,ip,I08181,2026-01-01 00:00:00,2026-04-01
M03864,device,D04305,2026-01-01 00:00:00,2026-04-01
M03865,ip,I03928,2026-01-01 00:00:00,2026-04-01
M03865,device,D05096,2026-01-01 00:00:00,2026-04-01
M03866,ip,I03020,2026-01-01 00:00:00,2026-02-04
M03866,device,D09004,2026-01-01 00:00:00,2026-02-04
M03866,device,D01212,2026-02-13 00:00:00,2026-02-04
M03867,ip,I06157,2026-01-01 00:00:00,2026-04-01
M03867,device,D00648,2026-01-01 00:00:00,2026-01-16
M03867,device,D02222,2026-01-16 00:00:00,2026-04-01
M03868,ip,I00894,2026-01-01 00:00:00,2026-04-01
M03868,device,D08887,2026-01-01 00:00:00,2026-04-01
M03869,ip,I07183,2026-01-01 00:00:00,2026-04-01
M03869,device,D02305,2026-01-01 00:00:00,2026-04-01
M03870,ip,I02366,2026-01-01 00:00:00,2026-04-01
M03870,device,D08358,2026-01-01 00:00:00,2026-04-01
M03871,ip,I05884,2026-01-01 00:00:00,2026-04-01
M03871,device,D08716,2026-01-01 00:00:00,2026-04-01
M03872,ip,I03033,2026-01-01 00:00:00,2026-04-01
M03872,device,D09678,2026-01-01 00:00:00,2026-04-01
M03873,ip,I05254,2026-01-29 00:00:00,2026-04-01
M03873,device,D03717,2026-01-29 00:00:00,2026-03-09
M03873,device,D09929,2026-03-09 00:00:00,2026-04-01
M03874,ip,I05858,2026-01-01 00:00:00,2026-04-01
M03874,device,D02762,2026-01-01 00:00:00,2026-04-01
M03875,ip,I09212,2026-02-24 00:00:00,2026-04-01
M03875,device,D02642,2026-02-24 00:00:00,2026-04-01
M03876,ip,I08858,2026-01-01 00:00:00,2026-01-26
M03876,device,D01104,2026-01-01 00:00:00,2026-04-01
M03877,ip,I03615,2026-01-01 00:00:00,2026-04-01
M03877,device,D05052,2026-01-01 00:00:00,2026-04-01
M03878,ip,I09501,2026-01-01 00:00:00,2026-04-01
M03878,device,D03632,2026-01-01 00:00:00,2026-04-01
M03879,ip,I04700,2026-01-29 00:00:00,2026-04-01
M03879,device,D07799,2026-01-29 00:00:00,2026-04-01
M03880,ip,I07019,2026-01-01 00:00:00,2026-04-01
M03880,device,D08416,2026-01-01 00:00:00,2026-04-01
M03881,ip,I03345,2026-01-01 00:00:00,2026-04-01
M03881,device,D08340,2026-01-01 00:00:00,2026-04-01
M03882,ip,I02599,2026-01-01 00:00:00,2026-04-01
M03882,device,D06382,2026-01-01 00:00:00,2026-04-01
M03883,ip,I00443,2026-02-08 00:00:00,2026-04-01
M03883,device,D03997,2026-02-08 00:00:00,2026-04-01
M03884,ip,I01740,2026-02-01 00:00:00,2026-04-01
M03884,device,D06926,2026-02-01 00:00:00,2026-04-01
M03885,ip,I08574,2026-01-01 00:00:00,2026-04-01
M03885,device,D07470,2026-01-01 00:00:00,2026-04-01
M03886,ip,I02723,2026-01-01 00:00:00,2026-04-01
M03886,device,D05855,2026-01-01 00:00:00,2026-04-01
M03887,ip,I07774,2026-01-01 00:00:00,2026-04-01
M03887,device,D00233,2026-01-01 00:00:00,2026-01-06
M03887,device,D05612,2026-01-06 00:00:00,2026-04-01
M03888,ip,I04554,2026-01-01 00:00:00,2026-04-01
M03888,device,D01062,2026-01-01 00:00:00,2026-02-10
M03888,device,D07491,2026-02-10 00:00:00,2026-04-01
M03889,ip,I06821,2026-01-01 00:00:00,2026-04-01
M03889,device,D00259,2026-01-01 00:00:00,2026-04-01
M03890,ip,I08029,2026-01-01 00:00:00,2026-04-01
M03890,device,D00342,2026-01-01 00:00:00,2026-02-13
M03890,device,D03904,2026-02-13 00:00:00,2026-04-01
M03891,ip,I01740,2026-03-19 00:00:00,2026-02-16
M03891,device,D09648,2026-03-19 00:00:00,2026-02-16
M03892,ip,I07655,2026-01-01 00:00:00,2026-04-01
M03892,device,D03123,2026-01-01 00:00:00,2026-04-01
M03893,ip,I03861,2026-01-01 00:00:00,2026-04-01
M03893,device,D05688,2026-01-01 00:00:00,2026-04-01
M03894,ip,I08325,2026-01-01 00:00:00,2026-04-01
M03894,device,D02680,2026-01-01 00:00:00,2026-01-25
M03894,device,D04954,2026-01-25 00:00:00,2026-04-01
M03895,ip,I05245,2026-01-01 00:00:00,2026-01-31
M03895,device,D06449,2026-01-01 00:00:00,2026-01-31
M03896,ip,I05572,2026-01-01 00:00:00,2026-04-01
M03896,device,D05928,2026-01-01 00:00:00,2026-04-01
M03897,ip,I04289,2026-01-01 00:00:00,2026-01-27
M03897,device,D04840,2026-01-01 00:00:00,2026-04-01
M03898,ip,I02030,2026-01-01 00:00:00,2026-04-01
M03898,device,D06355,2026-01-01 00:00:00,2026-02-13
M03898,device,D09341,2026-02-13 00:00:00,2026-04-01
M03899,ip,I05622,2026-03-02 00:00:00,2026-04-01
M03899,device,D03454,2026-03-02 00:00:00,2026-04-01
M03900,ip,I01536,2026-01-01 00:00:00,2026-01-27
M03900,device,D05610,2026-01-01 00:00:00,2026-04-01
M03901,ip,I06096,2026-01-01 00:00:00,2026-04-01
M03901,device,D01137,2026-01-01 00:00:00,2026-04-01
M03902,ip,I09649,2026-03-15 00:00:00,2026-04-01
M03902,device,D01371,2026-03-15 00:00:00,2026-03-22
M03902,device,D08623,2026-03-22 00:00:00,2026-04-01
M03903,ip,I07066,2026-01-01 00:00:00,2026-04-01
M03903,device,D02572,2026-01-01 00:00:00,2026-04-01
M03904,ip,I05970,2026-01-01 00:00:00,2026-04-01
M03904,device,D04637,2026-01-01 00:00:00,2026-04-01
M03905,ip,I05035,2026-01-01 00:00:00,2026-02-06
M03905,device,D07821,2026-01-01 00:00:00,2026-04-01
M03906,ip,I07789,2026-01-01 00:00:00,2026-04-01
M03906,device,D08135,2026-01-01 00:00:00,2026-01-18
M03906,device,D06156,2026-01-18 00:00:00,2026-04-01
M03907,ip,I07616,2026-01-01 00:00:00,2026-04-01
M03907,device,D07516,2026-01-01 00:00:00,2026-04-01
M03908,ip,I00299,2026-02-21 00:00:00,2026-01-26
M03908,device,D06567,2026-02-21 00:00:00,2026-04-01
M03909,ip,I09677,2026-01-01 00:00:00,2026-04-01
M03909,device,D05563,2026-01-01 00:00:00,2026-04-01
M03910,ip,I03434,2026-01-01 00:00:00,2026-04-01
M03910,device,D01449,2026-01-01 00:00:00,2026-04-01
M03911,ip,I06348,2026-01-01 00:00:00,2026-04-01
M03911,device,D07830,2026-01-01 00:00:00,2026-04-01
M03912,ip,I05649,2026-01-01 00:00:00,2026-04-01
M03912,device,D04430,2026-01-01 00:00:00,2026-04-01
M03913,ip,I03323,2026-01-19 00:00:00,2026-04-01
M03913,device,D05386,2026-01-19 00:00:00,2026-02-19
M03913,device,D01749,2026-02-19 00:00:00,2026-04-01
M03914,ip,I04369,2026-01-01 00:00:00,2026-04-01
M03914,device,D03013,2026-01-01 00:00:00,2026-04-01
M03915,ip,I06142,2026-01-01 00:00:00,2026-04-01
M03915,device,D01367,2026-01-01 00:00:00,2026-04-01
M03916,ip,I06721,2026-01-11 00:00:00,2026-04-01
M03916,device,D02827,2026-01-11 00:00:00,2026-04-01
M03917,ip,I04024,2026-01-10 00:00:00,2026-04-01
M03917,device,D09735,2026-01-10 00:00:00,2026-04-01
M03918,ip,I09306,2026-01-01 00:00:00,2026-04-01
M03918,device,D09703,2026-01-01 00:00:00,2026-01-23
M03918,device,D06475,2026-01-23 00:00:00,2026-04-01
M03919,ip,I00560,2026-01-02 00:00:00,2026-04-01
M03919,device,D09912,2026-01-02 00:00:00,2026-04-01
M03920,ip,I09682,2026-01-01 00:00:00,2026-04-01
M03920,device,D02298,2026-01-01 00:00:00,2026-01-15
M03920,device,D02625,2026-01-15 00:00:00,2026-04-01
M03921,ip,I07748,2026-01-01 00:00:00,2026-04-01
M03921,device,D09430,2026-01-01 00:00:00,2026-02-23
M03921,device,D05097,2026-02-23 00:00:00,2026-04-01
M03922,ip,I05180,2026-01-01 00:00:00,2026-02-02
M03922,device,D03499,2026-01-01 00:00:00,2026-04-01
M03923,ip,I08904,2026-01-01 00:00:00,2026-04-01
M03923,device,D04083,2026-01-01 00:00:00,2026-04-01
M03924,ip,I04610,2026-02-11 00:00:00,2026-02-19
M03924,device,D06000,2026-02-11 00:00:00,2026-04-01
M03925,ip,I01432,2026-01-01 00:00:00,2026-04-01
M03925,device,D04411,2026-01-01 00:00:00,2026-04-01
M03926,ip,I04452,2026-01-01 00:00:00,2026-04-01
M03926,device,D03562,2026-01-01 00:00:00,2026-04-01
M03927,ip,I02639,2026-01-10 00:00:00,2026-04-01
M03927,device,D05035,2026-01-10 00:00:00,2026-04-01
M03928,ip,I04033,2026-01-01 00:00:00,2026-04-01
M03928,device,D02099,2026-01-01 00:00:00,2026-01-10
M03928,device,D08093,2026-01-10 00:00:00,2026-04-01
M03929,ip,I00700,2026-01-01 00:00:00,2026-02-03
M03929,device,D08555,2026-01-01 00:00:00,2026-02-10
M03929,device,D03601,2026-02-10 00:00:00,2026-04-01
M03930,ip,I03939,2026-03-14 00:00:00,2026-04-01
M03930,device,D03581,2026-03-14 00:00:00,2026-04-01
M03931,ip,I04127,2026-01-01 00:00:00,2026-04-01
M03931,device,D01873,2026-01-01 00:00:00,2026-04-01
M03932,ip,I09879,2026-01-01 00:00:00,2026-04-01
M03932,device,D00619,2026-01-01 00:00:00,2026-04-01
M03933,ip,I01939,2026-01-01 00:00:00,2026-04-01
M03933,device,D00688,2026-01-01 00:00:00,2026-04-01
M03934,ip,I09347,2026-01-01 00:00:00,2026-02-08
M03934,device,D02507,2026-01-01 00:00:00,2026-02-06
M03934,device,D09947,2026-02-06 00:00:00,2026-04-01
M03935,ip,I00839,2026-03-01 00:00:00,2026-04-01
M03935,device,D04584,2026-03-01 00:00:00,2026-03-06
M03935,device,D09823,2026-03-06 00:00:00,2026-04-01
M03936,ip,I02692,2026-01-01 00:00:00,2026-04-01
M03936,device,D02427,2026-01-01 00:00:00,2026-01-17
M03936,device,D00242,2026-01-17 00:00:00,2026-04-01
M03937,ip,I05349,2026-01-01 00:00:00,2026-03-02
M03937,device,D04633,2026-01-01 00:00:00,2026-04-01
M03938,ip,I03053,2026-01-01 00:00:00,2026-04-01
M03938,device,D00170,2026-01-01 00:00:00,2026-04-01
M03939,ip,I05333,2026-01-01 00:00:00,2026-04-01
M03939,device,D02605,2026-01-01 00:00:00,2026-02-08
M03939,device,D07038,2026-02-08 00:00:00,2026-04-01
M03940,ip,I06382,2026-01-25 00:00:00,2026-02-11
M03940,device,D07479,2026-01-25 00:00:00,2026-04-01
M03941,ip,I07645,2026-01-01 00:00:00,2026-04-01
M03941,device,D02023,2026-01-01 00:00:00,2026-03-19
M03941,device,D07373,2026-03-19 00:00:00,2026-04-01
M03942,ip,I06231,2026-01-01 00:00:00,2026-04-01
M03942,device,D05997,2026-01-01 00:00:00,2026-04-01
M03943,ip,I09669,2026-01-01 00:00:00,2026-04-01
M03943,device,D02136,2026-01-01 00:00:00,2026-04-01
M03944,ip,I08376,2026-01-01 00:00:00,2026-04-01
M03944,device,D00709,2026-01-01 00:00:00,2026-04-01
M03945,ip,I06190,2026-01-01 00:00:00,2026-04-01
M03945,device,D06884,2026-01-01 00:00:00,2026-03-13
M03945,device,D04834,2026-03-13 00:00:00,2026-04-01
M03946,ip,I09707,2026-01-01 00:00:00,2026-04-01
M03946,device,D05202,2026-01-01 00:00:00,2026-04-01
M03947,ip,I08711,2026-01-01 00:00:00,2026-04-01
M03947,device,D09012,2026-01-01 00:00:00,2026-04-01
M03948,ip,I00545,2026-02-09 00:00:00,2026-04-01
M03948,device,D00674,2026-02-09 00:00:00,2026-04-01
M03949,ip,I04368,2026-01-01 00:00:00,2026-04-01
M03949,device,D06284,2026-01-01 00:00:00,2026-04-01
M03950,ip,I00430,2026-01-01 00:00:00,2026-04-01
M03950,device,D07680,2026-01-01 00:00:00,2026-02-22
M03950,device,D01431,2026-02-22 00:00:00,2026-04-01
M03951,ip,I07807,2026-02-12 00:00:00,2026-04-01
M03951,device,D02311,2026-02-12 00:00:00,2026-04-01
M03952,ip,I07431,2026-01-01 00:00:00,2026-04-01
M03952,device,D06810,2026-01-01 00:00:00,2026-04-01
M03953,ip,I01921,2026-01-01 00:00:00,2026-04-01
M03953,device,D03004,2026-01-01 00:00:00,2026-04-01
M03954,ip,I07264,2026-01-01 00:00:00,2026-04-01
M03954,device,D08888,2026-01-01 00:00:00,2026-04-01
M03955,ip,I07156,2026-03-14 00:00:00,2026-04-01
M03955,device,D07528,2026-03-14 00:00:00,2026-04-01
M03956,ip,I04931,2026-01-27 00:00:00,2026-04-01
M03956,device,D03134,2026-01-27 00:00:00,2026-04-01
M03957,ip,I03326,2026-01-01 00:00:00,2026-04-01
M03957,device,D05459,2026-01-01 00:00:00,2026-04-01
M03958,ip,I02147,2026-02-16 00:00:00,2026-04-01
M03958,device,D07615,2026-02-16 00:00:00,2026-04-01
M03959,ip,I02535,2026-01-01 00:00:00,2026-04-01
M03959,device,D02119,2026-01-01 00:00:00,2026-04-01
M03960,ip,I09556,2026-01-01 00:00:00,2026-04-01
M03960,device,D06713,2026-01-01 00:00:00,2026-01-06
M03960,device,D03422,2026-01-06 00:00:00,2026-04-01
M03961,ip,I08877,2026-01-01 00:00:00,2026-04-01
M03961,device,D00161,2026-01-01 00:00:00,2026-04-01
M03962,ip,I02779,2026-02-20 00:00:00,2026-01-31
M03962,device,D01172,2026-02-20 00:00:00,2026-01-31
M03962,device,D07866,2026-03-22 00:00:00,2026-01-31
M03963,ip,I06728,2026-01-01 00:00:00,2026-04-01
M03963,device,D00896,2026-01-01 00:00:00,2026-04-01
M03964,ip,I08280,2026-01-01 00:00:00,2026-04-01
M03964,device,D03799,2026-01-01 00:00:00,2026-04-01
M03965,ip,I00514,2026-02-15 00:00:00,2026-04-01
M03965,device,D01829,2026-02-15 00:00:00,2026-03-11
M03965,device,D02285,2026-03-11 00:00:00,2026-04-01
M03966,ip,I09662,2026-01-01 00:00:00,2026-04-01
M03966,device,D09322,2026-01-01 00:00:00,2026-04-01
M03967,ip,I00391,2026-01-01 00:00:00,2026-04-01
M03967,device,D02858,2026-01-01 00:00:00,2026-01-12
M03967,device,D01569,2026-01-12 00:00:00,2026-04-01
M03968,ip,I06587,2026-01-01 00:00:00,2026-04-01
M03968,device,D02213,2026-01-01 00:00:00,2026-03-17
M03968,device,D08882,2026-03-17 00:00:00,2026-04-01
M03969,ip,I08050,2026-01-01 00:00:00,2026-04-01
M03969,device,D00200,2026-01-01 00:00:00,2026-04-01
M03970,ip,I05540,2026-01-01 00:00:00,2026-04-01
M03970,device,D00415,2026-01-01 00:00:00,2026-04-01
M03971,ip,I08790,2026-01-01 00:00:00,2026-04-01
M03971,device,D04258,2026-01-01 00:00:00,2026-01-24
M03971,device,D07991,2026-01-24 00:00:00,2026-04-01
M03972,ip,I08266,2026-02-16 00:00:00,2026-02-03
M03972,device,D02565,2026-02-16 00:00:00,2026-04-01
M03973,ip,I09876,2026-01-01 00:00:00,2026-04-01
M03973,device,D07523,2026-01-01 00:00:00,2026-04-01
M03974,ip,I06888,2026-01-27 00:00:00,2026-04-01
M03974,device,D08319,2026-01-27 00:00:00,2026-03-03
M03974,device,D04093,2026-03-03 00:00:00,2026-04-01
M03975,ip,I03511,2026-03-25 00:00:00,2026-04-01
M03975,device,D06967,2026-03-25 00:00:00,2026-04-01
M03976,ip,I02416,2026-01-01 00:00:00,2026-04-01
M03976,device,D05466,2026-01-01 00:00:00,2026-01-23
M03976,device,D06630,2026-01-23 00:00:00,2026-04-01
M03977,ip,I04154,2026-01-01 00:00:00,2026-04-01
M03977,device,D03422,2026-01-01 00:00:00,2026-03-02
M03977,device,D09678,2026-03-02 00:00:00,2026-04-01
M03978,ip,I03248,2026-01-01 00:00:00,2026-04-01
M03978,device,D08440,2026-01-01 00:00:00,2026-04-01
M03979,ip,I05668,2026-01-01 00:00:00,2026-04-01
M03979,device,D01297,2026-01-01 00:00:00,2026-04-01
M03980,ip,I08512,2026-01-01 00:00:00,2026-01-23
M03980,device,D02207,2026-01-01 00:00:00,2026-04-01
M03981,ip,I02293,2026-01-01 00:00:00,2026-04-01
M03981,device,D07791,2026-01-01 00:00:00,2026-01-14
M03981,device,D02847,2026-01-14 00:00:00,2026-04-01
M03982,ip,I07566,2026-01-01 00:00:00,2026-04-01
M03982,device,D00617,2026-01-01 00:00:00,2026-04-01
M03983,ip,I00167,2026-01-01 00:00:00,2026-04-01
M03983,device,D05975,2026-01-01 00:00:00,2026-03-17
M03983,device,D09531,2026-03-17 00:00:00,2026-04-01
M03984,ip,I08707,2026-03-24 00:00:00,2026-04-01
M03984,device,D07225,2026-03-24 00:00:00,2026-03-29
M03984,device,D09130,2026-03-29 00:00:00,2026-04-01
M03985,ip,I05307,2026-01-01 00:00:00,2026-01-31
M03985,device,D04521,2026-01-01 00:00:00,2026-04-01
M03986,ip,I03915,2026-01-30 00:00:00,2026-04-01
M03986,device,D07983,2026-01-30 00:00:00,2026-03-04
M03986,device,D04150,2026-03-04 00:00:00,2026-04-01
M03987,ip,I02154,2026-01-01 00:00:00,2026-01-28
M03987,device,D03978,2026-01-01 00:00:00,2026-01-17
M03987,device,D01242,2026-01-17 00:00:00,2026-02-16
M03988,ip,I06553,2026-01-01 00:00:00,2026-04-01
M03988,device,D03438,2026-01-01 00:00:00,2026-04-01
M03989,ip,I09962,2026-01-01 00:00:00,2026-04-01
M03989,device,D08342,2026-01-01 00:00:00,2026-04-01
M03990,ip,I09848,2026-01-01 00:00:00,2026-04-01
M03990,device,D08145,2026-01-01 00:00:00,2026-04-01
M03991,ip,I02834,2026-01-01 00:00:00,2026-01-27
M03991,device,D03839,2026-01-01 00:00:00,2026-01-11
M03991,device,D00175,2026-01-11 00:00:00,2026-04-01
M03992,ip,I09477,2026-01-01 00:00:00,2026-04-01
M03992,device,D05677,2026-01-01 00:00:00,2026-04-01
M03993,ip,I06502,2026-01-01 00:00:00,2026-02-15
M03993,device,D09566,2026-01-01 00:00:00,2026-04-01
M03994,ip,I01329,2026-02-11 00:00:00,2026-04-01
M03994,device,D00288,2026-02-11 00:00:00,2026-04-01
M03995,ip,I02349,2026-01-01 00:00:00,2026-04-01
M03995,device,D01728,2026-01-01 00:00:00,2026-04-01
M03996,ip,I08990,2026-01-01 00:00:00,2026-04-01
M03996,device,D06575,2026-01-01 00:00:00,2026-04-01
M03997,ip,I06706,2026-01-01 00:00:00,2026-04-01
M03997,device,D02960,2026-01-01 00:00:00,2026-03-16
M03997,device,D07548,2026-03-16 00:00:00,2026-04-01
M03998,ip,I01583,2026-01-01 00:00:00,2026-04-01
M03998,device,D04856,2026-01-01 00:00:00,2026-04-01
M03999,ip,I09187,2026-01-01 00:00:00,2026-04-01
M03999,device,D07777,2026-01-01 00:00:00,2026-02-13
M03999,device,D05179,2026-02-13 00:00:00,2026-04-01
M04000,ip,I00251,2026-01-01 00:00:00,2026-04-01
M04000,device,D00155,2026-01-01 00:00:00,2026-04-01
M04001,ip,I09535,2026-01-01 00:00:00,2026-04-01
M04001,device,D01004,2026-01-01 00:00:00,2026-03-09
M04001,device,D07529,2026-03-09 00:00:00,2026-04-01
M04002,ip,I02371,2026-01-01 00:00:00,2026-04-01
M04002,device,D05032,2026-01-01 00:00:00,2026-04-01
M04003,ip,I05603,2026-02-13 00:00:00,2026-04-01
M04003,device,D07036,2026-02-13 00:00:00,2026-04-01
M04004,ip,I02886,2026-01-01 00:00:00,2026-04-01
M04004,device,D04654,2026-01-01 00:00:00,2026-02-19
M04004,device,D06762,2026-02-19 00:00:00,2026-04-01
M04005,ip,I03788,2026-01-01 00:00:00,2026-04-01
M04005,device,D03355,2026-01-01 00:00:00,2026-02-19
M04005,device,D09608,2026-02-19 00:00:00,2026-04-01
M04006,ip,I06381,2026-01-01 00:00:00,2026-04-01
M04006,device,D05468,2026-01-01 00:00:00,2026-04-01
M04007,ip,I00510,2026-01-01 00:00:00,2026-04-01
M04007,device,D05605,2026-01-01 00:00:00,2026-04-01
M04008,ip,I08017,2026-01-01 00:00:00,2026-04-01
M04008,device,D03268,2026-01-01 00:00:00,2026-04-01
M04009,ip,I06734,2026-01-15 00:00:00,2026-04-01
M04009,device,D01460,2026-01-15 00:00:00,2026-04-01
M04010,ip,I03076,2026-02-23 00:00:00,2026-04-01
M04010,device,D08635,2026-02-23 00:00:00,2026-04-01
M04011,ip,I00871,2026-03-26 00:00:00,2026-01-26
M04011,device,D04306,2026-03-26 00:00:00,2026-04-01
M04012,ip,I00247,2026-01-01 00:00:00,2026-04-01
M04012,device,D05725,2026-01-01 00:00:00,2026-04-01
M04013,ip,I05063,2026-01-01 00:00:00,2026-04-01
M04013,device,D06143,2026-01-01 00:00:00,2026-04-01
M04014,ip,I03432,2026-01-01 00:00:00,2026-04-01
M04014,device,D07433,2026-01-01 00:00:00,2026-04-01
M04015,ip,I05874,2026-01-01 00:00:00,2026-04-01
M04015,device,D02022,2026-01-01 00:00:00,2026-02-28
M04015,device,D05648,2026-02-28 00:00:00,2026-04-01
M04016,ip,I08473,2026-01-01 00:00:00,2026-04-01
M04016,device,D05628,2026-01-01 00:00:00,2026-01-10
M04016,device,D03647,2026-01-10 00:00:00,2026-04-01
M04017,ip,I01082,2026-01-01 00:00:00,2026-04-01
M04017,device,D06963,2026-01-01 00:00:00,2026-04-01
M04018,ip,I04471,2026-03-16 00:00:00,2026-04-01
M04018,device,D01960,2026-03-16 00:00:00,2026-04-01
M04019,ip,I05310,2026-02-18 00:00:00,2026-04-01
M04019,device,D06949,2026-02-18 00:00:00,2026-03-13
M04019,device,D05779,2026-03-13 00:00:00,2026-04-01
M04020,ip,I05365,2026-03-20 00:00:00,2026-04-01
M04020,device,D05337,2026-03-20 00:00:00,2026-04-01
M04021,ip,I07355,2026-01-01 00:00:00,2026-01-28
M04021,device,D01346,2026-01-01 00:00:00,2026-04-01
M04022,ip,I04420,2026-02-08 00:00:00,2026-04-01
M04022,device,D05898,2026-02-08 00:00:00,2026-04-01
M04023,ip,I05481,2026-03-19 00:00:00,2026-04-01
M04023,device,D01770,2026-03-19 00:00:00,2026-03-26
M04023,device,D09954,2026-03-26 00:00:00,2026-04-01
M04024,ip,I00329,2026-01-01 00:00:00,2026-04-01
M04024,device,D03464,2026-01-01 00:00:00,2026-04-01
M04025,ip,I07415,2026-01-01 00:00:00,2026-04-01
M04025,device,D03589,2026-01-01 00:00:00,2026-04-01
M04026,ip,I06428,2026-01-25 00:00:00,2026-04-01
M04026,device,D04980,2026-01-25 00:00:00,2026-04-01
M04027,ip,I09753,2026-01-01 00:00:00,2026-04-01
M04027,device,D04167,2026-01-01 00:00:00,2026-04-01
M04028,ip,I04059,2026-02-08 00:00:00,2026-04-01
M04028,device,D05345,2026-02-08 00:00:00,2026-04-01
M04029,ip,I04305,2026-01-01 00:00:00,2026-04-01
M04029,device,D08312,2026-01-01 00:00:00,2026-03-24
M04029,device,D06852,2026-03-24 00:00:00,2026-04-01
M04030,ip,I01486,2026-01-01 00:00:00,2026-04-01
M04030,device,D06105,2026-01-01 00:00:00,2026-04-01
M04031,ip,I04236,2026-01-01 00:00:00,2026-04-01
M04031,device,D05091,2026-01-01 00:00:00,2026-04-01
M04032,ip,I07132,2026-02-03 00:00:00,2026-04-01
M04032,device,D04391,2026-02-03 00:00:00,2026-04-01
M04033,ip,I06887,2026-01-01 00:00:00,2026-02-16
M04033,device,D06503,2026-01-01 00:00:00,2026-01-25
M04033,device,D01978,2026-01-25 00:00:00,2026-04-01
M04034,ip,I03066,2026-01-01 00:00:00,2026-04-01
M04034,device,D04984,2026-01-01 00:00:00,2026-03-09
M04034,device,D01266,2026-03-09 00:00:00,2026-04-01
M04035,ip,I01962,2026-01-01 00:00:00,2026-01-24
M04035,device,D04328,2026-01-01 00:00:00,2026-04-01
M04036,ip,I04118,2026-03-14 00:00:00,2026-04-01
M04036,device,D04533,2026-03-14 00:00:00,2026-04-01
M04037,ip,I06465,2026-01-31 00:00:00,2026-04-01
M04037,device,D03057,2026-01-31 00:00:00,2026-04-01
M04038,ip,I01387,2026-01-04 00:00:00,2026-04-01
M04038,device,D05208,2026-01-04 00:00:00,2026-01-15
M04038,device,D09112,2026-01-15 00:00:00,2026-04-01
M04039,ip,I03092,2026-01-01 00:00:00,2026-04-01
M04039,device,D09995,2026-01-01 00:00:00,2026-04-01
M04040,ip,I05792,2026-01-01 00:00:00,2026-04-01
M04040,device,D01260,2026-01-01 00:00:00,2026-04-01
M04041,ip,I06431,2026-01-01 00:00:00,2026-01-23
M04041,device,D03914,2026-01-01 00:00:00,2026-02-16
M04042,ip,I01873,2026-02-04 00:00:00,2026-04-01
M04042,device,D02329,2026-02-04 00:00:00,2026-03-11
M04042,device,D07105,2026-03-11 00:00:00,2026-04-01
M04043,ip,I03447,2026-01-01 00:00:00,2026-04-01
M04043,device,D05673,2026-01-01 00:00:00,2026-01-08
M04043,device,D02799,2026-01-08 00:00:00,2026-04-01
M04044,ip,I02838,2026-01-01 00:00:00,2026-04-01
M04044,device,D03746,2026-01-01 00:00:00,2026-04-01
M04045,ip,I02432,2026-01-01 00:00:00,2026-04-01
M04045,device,D00862,2026-01-01 00:00:00,2026-04-01
M04046,ip,I08938,2026-01-01 00:00:00,2026-04-01
M04046,device,D06719,2026-01-01 00:00:00,2026-04-01
M04047,ip,I07351,2026-01-29 00:00:00,2026-04-01
M04047,device,D00984,2026-01-29 00:00:00,2026-04-01
M04048,ip,I04102,2026-03-20 00:00:00,2026-04-01
M04048,device,D09914,2026-03-20 00:00:00,2026-04-01
M04049,ip,I06512,2026-01-03 00:00:00,2026-04-01
M04049,device,D07309,2026-01-03 00:00:00,2026-03-11
M04049,device,D09706,2026-03-11 00:00:00,2026-04-01
M04050,ip,I07130,2026-01-01 00:00:00,2026-01-23
M04050,device,D01493,2026-01-01 00:00:00,2026-01-26
M04050,device,D06210,2026-01-26 00:00:00,2026-04-01
M04051,ip,I05473,2026-01-01 00:00:00,2026-04-01
M04051,device,D02123,2026-01-01 00:00:00,2026-03-02
M04051,device,D09567,2026-03-02 00:00:00,2026-04-01
M04052,ip,I03146,2026-01-01 00:00:00,2026-04-01
M04052,device,D02327,2026-01-01 00:00:00,2026-03-04
M04052,device,D00559,2026-03-04 00:00:00,2026-04-01
M04053,ip,I08498,2026-01-10 00:00:00,2026-04-01
M04053,device,D05041,2026-01-10 00:00:00,2026-04-01
M04054,ip,I04561,2026-03-14 00:00:00,2026-04-01
M04054,device,D06736,2026-03-14 00:00:00,2026-04-01
M04055,ip,I00804,2026-01-10 00:00:00,2026-04-01
M04055,device,D01670,2026-01-10 00:00:00,2026-03-20
M04055,device,D05948,2026-03-20 00:00:00,2026-04-01
M04056,ip,I06632,2026-02-18 00:00:00,2026-04-01
M04056,device,D03499,2026-02-18 00:00:00,2026-03-20
M04056,device,D06216,2026-03-20 00:00:00,2026-04-01
M04057,ip,I05775,2026-02-28 00:00:00,2026-04-01
M04057,device,D06991,2026-02-28 00:00:00,2026-04-01
M04058,ip,I08505,2026-01-01 00:00:00,2026-04-01
M04058,device,D05014,2026-01-01 00:00:00,2026-03-20
M04058,device,D05058,2026-03-20 00:00:00,2026-04-01
M04059,ip,I09193,2026-03-14 00:00:00,2026-04-01
M04059,device,D00512,2026-03-14 00:00:00,2026-03-26
M04059,device,D06409,2026-03-26 00:00:00,2026-04-01
M04060,ip,I04310,2026-01-01 00:00:00,2026-04-01
M04060,device,D03344,2026-01-01 00:00:00,2026-04-01
M04061,ip,I06208,2026-01-05 00:00:00,2026-04-01
M04061,device,D04175,2026-01-05 00:00:00,2026-04-01
M04062,ip,I01596,2026-01-01 00:00:00,2026-04-01
M04062,device,D07594,2026-01-01 00:00:00,2026-04-01
M04063,ip,I07980,2026-01-01 00:00:00,2026-04-01
M04063,device,D00849,2026-01-01 00:00:00,2026-04-01
M04064,ip,I06050,2026-01-01 00:00:00,2026-04-01
M04064,device,D03239,2026-01-01 00:00:00,2026-03-24
M04064,device,D03662,2026-03-24 00:00:00,2026-04-01
M04065,ip,I09485,2026-01-05 00:00:00,2026-04-01
M04065,device,D08945,2026-01-05 00:00:00,2026-04-01
M04066,ip,I05642,2026-01-01 00:00:00,2026-03-01
M04066,device,D05870,2026-01-01 00:00:00,2026-04-01
M04067,ip,I01180,2026-02-15 00:00:00,2026-04-01
M04067,device,D01412,2026-02-15 00:00:00,2026-04-01
M04068,ip,I08402,2026-02-16 00:00:00,2026-04-01
M04068,device,D02617,2026-02-16 00:00:00,2026-04-01
M04069,ip,I00100,2026-01-01 00:00:00,2026-02-03
M04069,device,D08637,2026-01-01 00:00:00,2026-01-15
M04069,device,D09345,2026-01-15 00:00:00,2026-04-01
M04070,ip,I07063,2026-01-01 00:00:00,2026-01-28
M04070,device,D03600,2026-01-01 00:00:00,2026-04-01
M04071,ip,I09566,2026-01-01 00:00:00,2026-04-01
M04071,device,D00162,2026-01-01 00:00:00,2026-01-14
M04071,device,D02275,2026-01-14 00:00:00,2026-04-01
M04072,ip,I03789,2026-03-25 00:00:00,2026-04-01
M04072,device,D06087,2026-03-25 00:00:00,2026-04-01
M04073,ip,I01254,2026-01-01 00:00:00,2026-04-01
M04073,device,D08358,2026-01-01 00:00:00,2026-01-21
M04073,device,D01070,2026-01-21 00:00:00,2026-04-01
M04074,ip,I07257,2026-02-21 00:00:00,2026-04-01
M04074,device,D07605,2026-02-21 00:00:00,2026-04-01
M04075,ip,I01269,2026-01-01 00:00:00,2026-04-01
M04075,device,D07227,2026-01-01 00:00:00,2026-02-16
M04075,device,D09770,2026-02-16 00:00:00,2026-04-01
M04076,ip,I05558,2026-01-01 00:00:00,2026-04-01
M04076,device,D06687,2026-01-01 00:00:00,2026-04-01
M04077,ip,I04802,2026-01-01 00:00:00,2026-04-01
M04077,device,D02885,2026-01-01 00:00:00,2026-04-01
M04078,ip,I02192,2026-01-01 00:00:00,2026-04-01
M04078,device,D08944,2026-01-01 00:00:00,2026-02-27
M04078,device,D03411,2026-02-27 00:00:00,2026-04-01
M04079,ip,I01158,2026-02-15 00:00:00,2026-04-01
M04079,device,D02192,2026-02-15 00:00:00,2026-03-01
M04079,device,D01621,2026-03-01 00:00:00,2026-04-01
M04080,ip,I00396,2026-03-15 00:00:00,2026-04-01
M04080,device,D09171,2026-03-15 00:00:00,2026-04-01
M04081,ip,I09874,2026-02-12 00:00:00,2026-04-01
M04081,device,D03012,2026-02-12 00:00:00,2026-03-09
M04081,device,D06449,2026-03-09 00:00:00,2026-04-01
M04082,ip,I00077,2026-01-01 00:00:00,2026-04-01
M04082,device,D06444,2026-01-01 00:00:00,2026-04-01
M04083,ip,I07508,2026-01-01 00:00:00,2026-01-23
M04083,device,D07376,2026-01-01 00:00:00,2026-03-24
M04083,device,D00818,2026-03-24 00:00:00,2026-04-01
M04084,ip,I01371,2026-01-01 00:00:00,2026-02-02
M04084,device,D05818,2026-01-01 00:00:00,2026-04-01
M04085,ip,I07122,2026-03-24 00:00:00,2026-02-11
M04085,device,D02009,2026-03-24 00:00:00,2026-04-01
M04086,ip,I00638,2026-01-01 00:00:00,2026-04-01
M04086,device,D03037,2026-01-01 00:00:00,2026-04-01
M04087,ip,I00878,2026-01-09 00:00:00,2026-04-01
M04087,device,D02409,2026-01-09 00:00:00,2026-04-01
M04088,ip,I08770,2026-01-01 00:00:00,2026-04-01
M04088,device,D01079,2026-01-01 00:00:00,2026-04-01
M04089,ip,I03856,2026-01-01 00:00:00,2026-04-01
M04089,device,D05137,2026-01-01 00:00:00,2026-04-01
M04090,ip,I06316,2026-01-01 00:00:00,2026-04-01
M04090,device,D05930,2026-01-01 00:00:00,2026-04-01
M04091,ip,I05110,2026-01-24 00:00:00,2026-04-01
M04091,device,D05662,2026-01-24 00:00:00,2026-04-01
M04092,ip,I02901,2026-03-23 00:00:00,2026-04-01
M04092,device,D07825,2026-03-23 00:00:00,2026-04-01
M04093,ip,I08081,2026-01-14 00:00:00,2026-04-01
M04093,device,D06231,2026-01-14 00:00:00,2026-04-01
M04094,ip,I09468,2026-02-07 00:00:00,2026-04-01
M04094,device,D04839,2026-02-07 00:00:00,2026-03-14
M04094,device,D09033,2026-03-14 00:00:00,2026-04-01
M04095,ip,I06494,2026-03-08 00:00:00,2026-04-01
M04095,device,D06351,2026-03-08 00:00:00,2026-04-01
M04096,ip,I01843,2026-01-01 00:00:00,2026-04-01
M04096,device,D06206,2026-01-01 00:00:00,2026-04-01
M04097,ip,I09203,2026-01-01 00:00:00,2026-04-01
M04097,device,D06337,2026-01-01 00:00:00,2026-02-14
M04097,device,D06784,2026-02-14 00:00:00,2026-04-01
M04098,ip,I03986,2026-01-01 00:00:00,2026-04-01
M04098,device,D06821,2026-01-01 00:00:00,2026-01-17
M04098,device,D03489,2026-01-17 00:00:00,2026-04-01
M04099,ip,I09066,2026-01-01 00:00:00,2026-04-01
M04099,device,D06327,2026-01-01 00:00:00,2026-02-14
M04099,device,D01112,2026-02-14 00:00:00,2026-04-01
M04100,ip,I07167,2026-01-01 00:00:00,2026-04-01
M04100,device,D02742,2026-01-01 00:00:00,2026-04-01
M04101,ip,I00742,2026-01-01 00:00:00,2026-04-01
M04101,device,D09580,2026-01-01 00:00:00,2026-01-24
M04101,device,D01883,2026-01-24 00:00:00,2026-04-01
M04102,ip,I05336,2026-01-01 00:00:00,2026-04-01
M04102,device,D02230,2026-01-01 00:00:00,2026-04-01
M04103,ip,I07197,2026-01-01 00:00:00,2026-04-01
M04103,device,D02395,2026-01-01 00:00:00,2026-04-01
M04104,ip,I08209,2026-02-05 00:00:00,2026-04-01
M04104,device,D09201,2026-02-05 00:00:00,2026-04-01
M04105,ip,I08072,2026-01-01 00:00:00,2026-02-15
M04105,device,D03395,2026-01-01 00:00:00,2026-04-01
M04106,ip,I09291,2026-01-04 00:00:00,2026-04-01
M04106,device,D03341,2026-01-04 00:00:00,2026-01-31
M04106,device,D09939,2026-01-31 00:00:00,2026-04-01
M04107,ip,I07271,2026-01-01 00:00:00,2026-04-01
M04107,device,D00192,2026-01-01 00:00:00,2026-04-01
M04108,ip,I08456,2026-01-01 00:00:00,2026-04-01
M04108,device,D08129,2026-01-01 00:00:00,2026-04-01
M04109,ip,I06437,2026-01-01 00:00:00,2026-04-01
M04109,device,D08505,2026-01-01 00:00:00,2026-04-01
M04110,ip,I07072,2026-01-01 00:00:00,2026-04-01
M04110,device,D02015,2026-01-01 00:00:00,2026-04-01
M04111,ip,I00466,2026-01-01 00:00:00,2026-04-01
M04111,device,D09638,2026-01-01 00:00:00,2026-01-08
M04111,device,D01906,2026-01-08 00:00:00,2026-04-01
M04112,ip,I05411,2026-01-01 00:00:00,2026-04-01
M04112,device,D08214,2026-01-01 00:00:00,2026-04-01
M04113,ip,I00475,2026-01-01 00:00:00,2026-04-01
M04113,device,D00794,2026-01-01 00:00:00,2026-04-01
M04114,ip,I04504,2026-01-01 00:00:00,2026-04-01
M04114,device,D01852,2026-01-01 00:00:00,2026-04-01
M04115,ip,I01478,2026-01-01 00:00:00,2026-04-01
M04115,device,D09487,2026-01-01 00:00:00,2026-04-01
M04116,ip,I04781,2026-01-01 00:00:00,2026-04-01
M04116,device,D04902,2026-01-01 00:00:00,2026-04-01
M04117,ip,I06485,2026-01-01 00:00:00,2026-04-01
M04117,device,D06130,2026-01-01 00:00:00,2026-04-01
M04118,ip,I05632,2026-01-01 00:00:00,2026-04-01
M04118,device,D07343,2026-01-01 00:00:00,2026-04-01
M04119,ip,I08065,2026-01-01 00:00:00,2026-04-01
M04119,device,D05358,2026-01-01 00:00:00,2026-04-01
M04120,ip,I09221,2026-01-01 00:00:00,2026-04-01
M04120,device,D04832,2026-01-01 00:00:00,2026-04-01
M04121,ip,I02724,2026-03-24 00:00:00,2026-04-01
M04121,device,D01011,2026-03-24 00:00:00,2026-04-01
M04122,ip,I03586,2026-01-01 00:00:00,2026-04-01
M04122,device,D07145,2026-01-01 00:00:00,2026-04-01
M04123,ip,I08438,2026-01-01 00:00:00,2026-04-01
M04123,device,D05464,2026-01-01 00:00:00,2026-03-24
M04123,device,D09360,2026-03-24 00:00:00,2026-04-01
M04124,ip,I06140,2026-01-01 00:00:00,2026-04-01
M04124,device,D06667,2026-01-01 00:00:00,2026-04-01
M04125,ip,I00961,2026-01-01 00:00:00,2026-04-01
M04125,device,D08148,2026-01-01 00:00:00,2026-04-01
M04126,ip,I03828,2026-01-01 00:00:00,2026-01-13
M04126,device,D00156,2026-01-01 00:00:00,2026-03-06
M04126,device,D04975,2026-03-06 00:00:00,2026-04-01
M04127,ip,I01938,2026-01-01 00:00:00,2026-01-23
M04127,device,D00354,2026-01-01 00:00:00,2026-02-08
M04127,device,D02741,2026-02-08 00:00:00,2026-04-01
M04128,ip,I06767,2026-03-13 00:00:00,2026-04-01
M04128,device,D09477,2026-03-13 00:00:00,2026-04-01
M04129,ip,I05177,2026-02-15 00:00:00,2026-04-01
M04129,device,D00661,2026-02-15 00:00:00,2026-04-01
M04130,ip,I09813,2026-02-11 00:00:00,2026-04-01
M04130,device,D06180,2026-02-11 00:00:00,2026-04-01
M04131,ip,I09120,2026-01-01 00:00:00,2026-04-01
M04131,device,D04837,2026-01-01 00:00:00,2026-04-01
M04132,ip,I01492,2026-03-08 00:00:00,2026-04-01
M04132,device,D01252,2026-03-08 00:00:00,2026-04-01
M04133,ip,I04816,2026-01-01 00:00:00,2026-04-01
M04133,device,D03433,2026-01-01 00:00:00,2026-04-01
M04134,ip,I07027,2026-01-01 00:00:00,2026-04-01
M04134,device,D01869,2026-01-01 00:00:00,2026-04-01
M04135,ip,I07612,2026-01-01 00:00:00,2026-04-01
M04135,device,D04903,2026-01-01 00:00:00,2026-04-01
M04136,ip,I03210,2026-02-17 00:00:00,2026-04-01
M04136,device,D01950,2026-02-17 00:00:00,2026-04-01
M04137,ip,I06616,2026-03-13 00:00:00,2026-04-01
M04137,device,D04236,2026-03-13 00:00:00,2026-03-25
M04137,device,D09508,2026-03-25 00:00:00,2026-04-01
M04138,ip,I03365,2026-01-01 00:00:00,2026-04-01
M04138,device,D00849,2026-01-01 00:00:00,2026-04-01
M04139,ip,I08360,2026-01-01 00:00:00,2026-04-01
M04139,device,D04379,2026-01-01 00:00:00,2026-04-01
M04140,ip,I07561,2026-01-01 00:00:00,2026-04-01
M04140,device,D04860,2026-01-01 00:00:00,2026-04-01
M04141,ip,I02512,2026-02-11 00:00:00,2026-04-01
M04141,device,D00016,2026-02-11 00:00:00,2026-04-01
M04142,ip,I03974,2026-01-01 00:00:00,2026-04-01
M04142,device,D04269,2026-01-01 00:00:00,2026-04-01
M04143,ip,I05673,2026-01-01 00:00:00,2026-04-01
M04143,device,D02841,2026-01-01 00:00:00,2026-04-01
M04144,ip,I04985,2026-01-22 00:00:00,2026-04-01
M04144,device,D02870,2026-01-22 00:00:00,2026-03-04
M04144,device,D04383,2026-03-04 00:00:00,2026-04-01
M04145,ip,I05001,2026-01-01 00:00:00,2026-04-01
M04145,device,D00034,2026-01-01 00:00:00,2026-04-01
M04146,ip,I04657,2026-03-01 00:00:00,2026-04-01
M04146,device,D01155,2026-03-01 00:00:00,2026-03-21
M04146,device,D00404,2026-03-21 00:00:00,2026-04-01
M04147,ip,I04926,2026-01-01 00:00:00,2026-04-01
M04147,device,D01148,2026-01-01 00:00:00,2026-04-01
M04148,ip,I04411,2026-02-07 00:00:00,2026-04-01
M04148,device,D05221,2026-02-07 00:00:00,2026-04-01
M04149,ip,I05668,2026-01-01 00:00:00,2026-04-01
M04149,device,D06685,2026-01-01 00:00:00,2026-01-17
M04149,device,D03974,2026-01-17 00:00:00,2026-04-01
M04150,ip,I07729,2026-01-01 00:00:00,2026-04-01
M04150,device,D05966,2026-01-01 00:00:00,2026-03-19
M04150,device,D07113,2026-03-19 00:00:00,2026-04-01
M04151,ip,I00734,2026-03-14 00:00:00,2026-02-12
M04151,device,D03420,2026-03-14 00:00:00,2026-03-26
M04151,device,D09852,2026-03-26 00:00:00,2026-04-01
M04152,ip,I09793,2026-01-01 00:00:00,2026-04-01
M04152,device,D08784,2026-01-01 00:00:00,2026-03-13
M04152,device,D06138,2026-03-13 00:00:00,2026-04-01
M04153,ip,I01026,2026-01-01 00:00:00,2026-04-01
M04153,device,D02509,2026-01-01 00:00:00,2026-03-25
M04153,device,D05388,2026-03-25 00:00:00,2026-04-01
M04154,ip,I05387,2026-01-01 00:00:00,2026-04-01
M04154,device,D02628,2026-01-01 00:00:00,2026-04-01
M04155,ip,I02363,2026-01-01 00:00:00,2026-04-01
M04155,device,D08044,2026-01-01 00:00:00,2026-04-01
M04156,ip,I08401,2026-03-11 00:00:00,2026-04-01
M04156,device,D06161,2026-03-11 00:00:00,2026-04-01
M04157,ip,I00467,2026-01-01 00:00:00,2026-04-01
M04157,device,D07189,2026-01-01 00:00:00,2026-02-27
M04157,device,D03779,2026-02-27 00:00:00,2026-04-01
M04158,ip,I07622,2026-01-01 00:00:00,2026-04-01
M04158,device,D06368,2026-01-01 00:00:00,2026-02-25
M04158,device,D06679,2026-02-25 00:00:00,2026-04-01
M04159,ip,I09506,2026-01-01 00:00:00,2026-02-15
M04159,device,D03587,2026-01-01 00:00:00,2026-02-10
M04159,device,D05219,2026-02-10 00:00:00,2026-04-01
M04160,ip,I00862,2026-01-01 00:00:00,2026-04-01
M04160,device,D02637,2026-01-01 00:00:00,2026-04-01
M04161,ip,I03745,2026-01-01 00:00:00,2026-04-01
M04161,device,D04606,2026-01-01 00:00:00,2026-04-01
M04162,ip,I02980,2026-01-16 00:00:00,2026-04-01
M04162,device,D06730,2026-01-16 00:00:00,2026-03-03
M04162,device,D05153,2026-03-03 00:00:00,2026-04-01
M04163,ip,I07081,2026-01-01 00:00:00,2026-04-01
M04163,device,D04945,2026-01-01 00:00:00,2026-04-01
M04164,ip,I07235,2026-01-15 00:00:00,2026-04-01
M04164,device,D03808,2026-01-15 00:00:00,2026-03-26
M04164,device,D06811,2026-03-26 00:00:00,2026-04-01
M04165,ip,I00585,2026-01-01 00:00:00,2026-04-01
M04165,device,D05128,2026-01-01 00:00:00,2026-04-01
M04166,ip,I00289,2026-01-01 00:00:00,2026-04-01
M04166,device,D01900,2026-01-01 00:00:00,2026-02-14
M04166,device,D05327,2026-02-14 00:00:00,2026-04-01
M04167,ip,I05658,2026-01-01 00:00:00,2026-04-01
M04167,device,D06619,2026-01-01 00:00:00,2026-04-01
M04168,ip,I09009,2026-03-12 00:00:00,2026-04-01
M04168,device,D06481,2026-03-12 00:00:00,2026-04-01
M04169,ip,I06725,2026-01-01 00:00:00,2026-04-01
M04169,device,D05023,2026-01-01 00:00:00,2026-04-01
M04170,ip,I07304,2026-01-01 00:00:00,2026-04-01
M04170,device,D02261,2026-01-01 00:00:00,2026-04-01
M04171,ip,I04018,2026-01-01 00:00:00,2026-04-01
M04171,device,D08871,2026-01-01 00:00:00,2026-04-01
M04172,ip,I00997,2026-02-25 00:00:00,2026-04-01
M04172,device,D03185,2026-02-25 00:00:00,2026-03-13
M04172,device,D05658,2026-03-13 00:00:00,2026-04-01
M04173,ip,I02683,2026-01-01 00:00:00,2026-04-01
M04173,device,D05412,2026-01-01 00:00:00,2026-03-09
M04173,device,D06637,2026-03-09 00:00:00,2026-04-01
M04174,ip,I04258,2026-01-01 00:00:00,2026-04-01
M04174,device,D05028,2026-01-01 00:00:00,2026-01-18
M04174,device,D00399,2026-01-18 00:00:00,2026-04-01
M04175,ip,I07564,2026-02-25 00:00:00,2026-04-01
M04175,device,D04056,2026-02-25 00:00:00,2026-03-03
M04175,device,D09762,2026-03-03 00:00:00,2026-04-01
M04176,ip,I09809,2026-01-01 00:00:00,2026-04-01
M04176,device,D05504,2026-01-01 00:00:00,2026-04-01
M04177,ip,I04759,2026-01-01 00:00:00,2026-04-01
M04177,device,D09091,2026-01-01 00:00:00,2026-02-26
M04177,device,D06295,2026-02-26 00:00:00,2026-04-01
M04178,ip,I03694,2026-03-13 00:00:00,2026-01-26
M04178,device,D04794,2026-03-13 00:00:00,2026-03-21
M04178,device,D00738,2026-03-21 00:00:00,2026-04-01
M04179,ip,I02340,2026-01-01 00:00:00,2026-04-01
M04179,device,D06680,2026-01-01 00:00:00,2026-02-23
M04179,device,D01416,2026-02-23 00:00:00,2026-04-01
M04180,ip,I01292,2026-01-04 00:00:00,2026-04-01
M04180,device,D05628,2026-01-04 00:00:00,2026-04-01
M04181,ip,I05734,2026-01-01 00:00:00,2026-01-26
M04181,device,D00515,2026-01-01 00:00:00,2026-02-23
M04181,device,D00885,2026-02-23 00:00:00,2026-04-01
M04182,ip,I07050,2026-01-01 00:00:00,2026-04-01
M04182,device,D08992,2026-01-01 00:00:00,2026-04-01
M04183,ip,I08499,2026-01-06 00:00:00,2026-04-01
M04183,device,D08085,2026-01-06 00:00:00,2026-04-01
M04184,ip,I08409,2026-01-01 00:00:00,2026-04-01
M04184,device,D04761,2026-01-01 00:00:00,2026-04-01
M04185,ip,I00790,2026-02-25 00:00:00,2026-04-01
M04185,device,D08096,2026-02-25 00:00:00,2026-04-01
M04186,ip,I04464,2026-01-01 00:00:00,2026-04-01
M04186,device,D04757,2026-01-01 00:00:00,2026-04-01
M04187,ip,I03348,2026-02-03 00:00:00,2026-04-01
M04187,device,D03883,2026-02-03 00:00:00,2026-03-21
M04187,device,D08347,2026-03-21 00:00:00,2026-04-01
M04188,ip,I06425,2026-01-01 00:00:00,2026-04-01
M04188,device,D07678,2026-01-01 00:00:00,2026-04-01
M04189,ip,I03267,2026-01-01 00:00:00,2026-04-01
M04189,device,D01635,2026-01-01 00:00:00,2026-04-01
M04190,ip,I01897,2026-01-01 00:00:00,2026-04-01
M04190,device,D00005,2026-01-01 00:00:00,2026-04-01
M04191,ip,I05501,2026-01-01 00:00:00,2026-04-01
M04191,device,D07265,2026-01-01 00:00:00,2026-04-01
M04192,ip,I09941,2026-01-01 00:00:00,2026-04-01
M04192,device,D03821,2026-01-01 00:00:00,2026-04-01
M04193,ip,I01035,2026-01-01 00:00:00,2026-04-01
M04193,device,D05003,2026-01-01 00:00:00,2026-04-01
M04194,ip,I08546,2026-01-01 00:00:00,2026-04-01
M04194,device,D01993,2026-01-01 00:00:00,2026-04-01
M04195,ip,I08790,2026-01-01 00:00:00,2026-04-01
M04195,device,D02690,2026-01-01 00:00:00,2026-01-31
M04195,device,D05614,2026-01-31 00:00:00,2026-04-01
M04196,ip,I03226,2026-01-01 00:00:00,2026-02-15
M04196,device,D03902,2026-01-01 00:00:00,2026-04-01
M04197,ip,I06960,2026-01-10 00:00:00,2026-04-01
M04197,device,D06381,2026-01-10 00:00:00,2026-04-01
M04198,ip,I00439,2026-01-01 00:00:00,2026-01-27
M04198,device,D06660,2026-01-01 00:00:00,2026-04-01
M04199,ip,I00447,2026-01-01 00:00:00,2026-04-01
M04199,device,D03038,2026-01-01 00:00:00,2026-04-01
M04200,ip,I04623,2026-01-01 00:00:00,2026-04-01
M04200,device,D01642,2026-01-01 00:00:00,2026-04-01
M04201,ip,I01391,2026-03-21 00:00:00,2026-04-01
M04201,device,D03613,2026-03-21 00:00:00,2026-04-01
M04202,ip,I08494,2026-01-01 00:00:00,2026-04-01
M04202,device,D07214,2026-01-01 00:00:00,2026-03-23
M04202,device,D07268,2026-03-23 00:00:00,2026-04-01
M04203,ip,I01608,2026-01-29 00:00:00,2026-02-17
M04203,device,D05027,2026-01-29 00:00:00,2026-04-01
M04204,ip,I00673,2026-03-03 00:00:00,2026-04-01
M04204,device,D03717,2026-03-03 00:00:00,2026-04-01
M04205,ip,I01622,2026-01-01 00:00:00,2026-03-05
M04205,device,D02293,2026-01-01 00:00:00,2026-04-01
M04206,ip,I05984,2026-01-01 00:00:00,2026-04-01
M04206,device,D06880,2026-01-01 00:00:00,2026-04-01
M04207,ip,I04347,2026-01-01 00:00:00,2026-04-01
M04207,device,D01514,2026-01-01 00:00:00,2026-04-01
M04208,ip,I04437,2026-01-01 00:00:00,2026-04-01
M04208,device,D00999,2026-01-01 00:00:00,2026-03-08
M04208,device,D08156,2026-03-08 00:00:00,2026-04-01
M04209,ip,I08846,2026-01-01 00:00:00,2026-04-01
M04209,device,D05876,2026-01-01 00:00:00,2026-04-01
M04210,ip,I07163,2026-01-01 00:00:00,2026-04-01
M04210,device,D09043,2026-01-01 00:00:00,2026-01-25
M04210,device,D04459,2026-01-25 00:00:00,2026-04-01
M04211,ip,I00729,2026-01-01 00:00:00,2026-04-01
M04211,device,D04475,2026-01-01 00:00:00,2026-02-26
M04211,device,D08875,2026-02-26 00:00:00,2026-04-01
M04212,ip,I09992,2026-01-01 00:00:00,2026-04-01
M04212,device,D00666,2026-01-01 00:00:00,2026-03-23
M04212,device,D00633,2026-03-23 00:00:00,2026-04-01
M04213,ip,I07251,2026-01-01 00:00:00,2026-04-01
M04213,device,D04199,2026-01-01 00:00:00,2026-04-01
M04214,ip,I02608,2026-02-21 00:00:00,2026-04-01
M04214,device,D09752,2026-02-21 00:00:00,2026-04-01
M04215,ip,I02404,2026-01-01 00:00:00,2026-04-01
M04215,device,D08399,2026-01-01 00:00:00,2026-03-18
M04215,device,D07690,2026-03-18 00:00:00,2026-04-01
M04216,ip,I02701,2026-03-15 00:00:00,2026-04-01
M04216,device,D04217,2026-03-15 00:00:00,2026-04-01
M04217,ip,I04487,2026-01-01 00:00:00,2026-04-01
M04217,device,D02227,2026-01-01 00:00:00,2026-04-01
M04218,ip,I00877,2026-01-01 00:00:00,2026-04-01
M04218,device,D07104,2026-01-01 00:00:00,2026-04-01
M04219,ip,I09340,2026-01-01 00:00:00,2026-04-01
M04219,device,D06117,2026-01-01 00:00:00,2026-04-01
M04220,ip,I08573,2026-02-04 00:00:00,2026-04-01
M04220,device,D02080,2026-02-04 00:00:00,2026-04-01
M04221,ip,I05918,2026-01-01 00:00:00,2026-04-01
M04221,device,D04519,2026-01-01 00:00:00,2026-04-01
M04222,ip,I04731,2026-01-01 00:00:00,2026-04-01
M04222,device,D03502,2026-01-01 00:00:00,2026-04-01
M04223,ip,I02747,2026-01-01 00:00:00,2026-04-01
M04223,device,D05378,2026-01-01 00:00:00,2026-01-18
M04223,device,D00120,2026-01-18 00:00:00,2026-04-01
M04224,ip,I04800,2026-01-01 00:00:00,2026-04-01
M04224,device,D04149,2026-01-01 00:00:00,2026-02-05
M04224,device,D08089,2026-02-05 00:00:00,2026-04-01
M04225,ip,I01919,2026-01-01 00:00:00,2026-02-10
M04225,device,D06118,2026-01-01 00:00:00,2026-04-01
M04226,ip,I08609,2026-01-29 00:00:00,2026-04-01
M04226,device,D02073,2026-01-29 00:00:00,2026-04-01
M04227,ip,I03774,2026-01-01 00:00:00,2026-04-01
M04227,device,D03775,2026-01-01 00:00:00,2026-03-13
M04227,device,D09357,2026-03-13 00:00:00,2026-04-01
M04228,ip,I05673,2026-01-01 00:00:00,2026-04-01
M04228,device,D06009,2026-01-01 00:00:00,2026-04-01
M04229,ip,I03057,2026-01-01 00:00:00,2026-04-01
M04229,device,D01990,2026-01-01 00:00:00,2026-03-04
M04229,device,D02108,2026-03-04 00:00:00,2026-04-01
M04230,ip,I05136,2026-01-01 00:00:00,2026-04-01
M04230,device,D07422,2026-01-01 00:00:00,2026-04-01
M04231,ip,I02918,2026-01-01 00:00:00,2026-04-01
M04231,device,D05390,2026-01-01 00:00:00,2026-04-01
M04232,ip,I01099,2026-01-01 00:00:00,2026-04-01
M04232,device,D02114,2026-01-01 00:00:00,2026-02-18
M04232,device,D00710,2026-02-18 00:00:00,2026-04-01
M04233,ip,I07697,2026-01-01 00:00:00,2026-04-01
M04233,device,D09957,2026-01-01 00:00:00,2026-04-01
M04234,ip,I00378,2026-01-01 00:00:00,2026-04-01
M04234,device,D07021,2026-01-01 00:00:00,2026-02-15
M04234,device,D01492,2026-02-15 00:00:00,2026-04-01
M04235,ip,I02498,2026-01-01 00:00:00,2026-04-01
M04235,device,D07825,2026-01-01 00:00:00,2026-04-01
M04236,ip,I00772,2026-01-01 00:00:00,2026-04-01
M04236,device,D04185,2026-01-01 00:00:00,2026-03-03
M04236,device,D05972,2026-03-03 00:00:00,2026-04-01
M04237,ip,I01093,2026-01-01 00:00:00,2026-04-01
M04237,device,D04789,2026-01-01 00:00:00,2026-03-17
M04237,device,D09483,2026-03-17 00:00:00,2026-04-01
M04238,ip,I03037,2026-01-01 00:00:00,2026-04-01
M04238,device,D03726,2026-01-01 00:00:00,2026-03-01
M04238,device,D08433,2026-03-01 00:00:00,2026-04-01
M04239,ip,I09477,2026-01-01 00:00:00,2026-04-01
M04239,device,D09871,2026-01-01 00:00:00,2026-04-01
M04240,ip,I00231,2026-01-01 00:00:00,2026-04-01
M04240,device,D08448,2026-01-01 00:00:00,2026-02-03
M04240,device,D01392,2026-02-03 00:00:00,2026-04-01
M04241,ip,I03775,2026-01-01 00:00:00,2026-02-06
M04241,device,D02304,2026-01-01 00:00:00,2026-02-06
M04242,ip,I09729,2026-01-01 00:00:00,2026-04-01
M04242,device,D05566,2026-01-01 00:00:00,2026-04-01
M04243,ip,I00593,2026-03-22 00:00:00,2026-02-15
M04243,device,D01096,2026-03-22 00:00:00,2026-03-27
M04243,device,D01436,2026-03-27 00:00:00,2026-04-01
M04244,ip,I08850,2026-01-01 00:00:00,2026-04-01
M04244,device,D00455,2026-01-01 00:00:00,2026-04-01
M04245,ip,I09953,2026-01-01 00:00:00,2026-02-15
M04245,device,D01531,2026-01-01 00:00:00,2026-01-21
M04245,device,D09442,2026-01-21 00:00:00,2026-04-01
M04246,ip,I03376,2026-01-01 00:00:00,2026-04-01
M04246,device,D06117,2026-01-01 00:00:00,2026-02-03
M04246,device,D05865,2026-02-03 00:00:00,2026-04-01
M04247,ip,I09001,2026-01-01 00:00:00,2026-02-24
M04247,device,D02431,2026-01-01 00:00:00,2026-04-01
M04248,ip,I07951,2026-03-16 00:00:00,2026-04-01
M04248,device,D03347,2026-03-16 00:00:00,2026-04-01
M04249,ip,I04431,2026-01-01 00:00:00,2026-04-01
M04249,device,D07589,2026-01-01 00:00:00,2026-04-01
M04250,ip,I01745,2026-01-01 00:00:00,2026-04-01
M04250,device,D01440,2026-01-01 00:00:00,2026-04-01
M04251,ip,I02176,2026-01-31 00:00:00,2026-04-01
M04251,device,D07582,2026-01-31 00:00:00,2026-04-01
M04252,ip,I08854,2026-01-01 00:00:00,2026-04-01
M04252,device,D07856,2026-01-01 00:00:00,2026-04-01
M04253,ip,I03853,2026-01-01 00:00:00,2026-04-01
M04253,device,D08248,2026-01-01 00:00:00,2026-04-01
M04254,ip,I03033,2026-01-01 00:00:00,2026-04-01
M04254,device,D06268,2026-01-01 00:00:00,2026-02-01
M04254,device,D06082,2026-02-01 00:00:00,2026-04-01
M04255,ip,I01118,2026-01-01 00:00:00,2026-04-01
M04255,device,D01979,2026-01-01 00:00:00,2026-03-04
M04255,device,D03014,2026-03-04 00:00:00,2026-04-01
M04256,ip,I03194,2026-01-01 00:00:00,2026-04-01
M04256,device,D03628,2026-01-01 00:00:00,2026-04-01
M04257,ip,I08046,2026-01-16 00:00:00,2026-04-01
M04257,device,D03631,2026-01-16 00:00:00,2026-03-09
M04257,device,D09170,2026-03-09 00:00:00,2026-04-01
M04258,ip,I00343,2026-01-01 00:00:00,2026-01-26
M04258,device,D05895,2026-01-01 00:00:00,2026-03-13
M04258,device,D02523,2026-03-13 00:00:00,2026-04-01
M04259,ip,I03039,2026-03-20 00:00:00,2026-04-01
M04259,device,D01242,2026-03-20 00:00:00,2026-04-01
M04260,ip,I09133,2026-03-24 00:00:00,2026-04-01
M04260,device,D02303,2026-03-24 00:00:00,2026-04-01
M04261,ip,I06130,2026-02-16 00:00:00,2026-04-01
M04261,device,D02644,2026-02-16 00:00:00,2026-04-01
M04262,ip,I08023,2026-01-01 00:00:00,2026-04-01
M04262,device,D00105,2026-01-01 00:00:00,2026-04-01
M04263,ip,I04641,2026-02-02 00:00:00,2026-04-01
M04263,device,D03693,2026-02-02 00:00:00,2026-04-01
M04264,ip,I09204,2026-01-01 00:00:00,2026-04-01
M04264,device,D09922,2026-01-01 00:00:00,2026-04-01
M04265,ip,I05735,2026-01-01 00:00:00,2026-04-01
M04265,device,D02558,2026-01-01 00:00:00,2026-04-01
M04266,ip,I03647,2026-01-01 00:00:00,2026-04-01
M04266,device,D01296,2026-01-01 00:00:00,2026-04-01
M04267,ip,I04187,2026-01-01 00:00:00,2026-01-28
M04267,device,D04264,2026-01-01 00:00:00,2026-01-14
M04267,device,D02729,2026-01-14 00:00:00,2026-04-01
M04268,ip,I03869,2026-01-14 00:00:00,2026-04-01
M04268,device,D01552,2026-01-14 00:00:00,2026-04-01
M04269,ip,I08777,2026-01-07 00:00:00,2026-04-01
M04269,device,D03059,2026-01-07 00:00:00,2026-03-21
M04269,device,D08130,2026-03-21 00:00:00,2026-04-01
M04270,ip,I01760,2026-02-14 00:00:00,2026-02-06
M04270,device,D02133,2026-02-14 00:00:00,2026-03-03
M04270,device,D06684,2026-03-03 00:00:00,2026-04-01
M04271,ip,I07262,2026-01-01 00:00:00,2026-04-01
M04271,device,D00075,2026-01-01 00:00:00,2026-04-01
M04272,ip,I08707,2026-03-23 00:00:00,2026-04-01
M04272,device,D05628,2026-03-23 00:00:00,2026-03-28
M04272,device,D08684,2026-03-28 00:00:00,2026-04-01
M04273,ip,I04736,2026-01-01 00:00:00,2026-04-01
M04273,device,D06917,2026-01-01 00:00:00,2026-04-01
M04274,ip,I02625,2026-01-19 00:00:00,2026-04-01
M04274,device,D05225,2026-01-19 00:00:00,2026-04-01
M04275,ip,I05717,2026-01-01 00:00:00,2026-04-01
M04275,device,D03018,2026-01-01 00:00:00,2026-04-01
M04276,ip,I04661,2026-01-01 00:00:00,2026-04-01
M04276,device,D01354,2026-01-01 00:00:00,2026-04-01
M04277,ip,I00693,2026-01-01 00:00:00,2026-04-01
M04277,device,D03764,2026-01-01 00:00:00,2026-04-01
M04278,ip,I01856,2026-01-01 00:00:00,2026-02-02
M04278,device,D06605,2026-01-01 00:00:00,2026-02-14
M04278,device,D06164,2026-02-14 00:00:00,2026-04-01
M04279,ip,I03599,2026-01-11 00:00:00,2026-04-01
M04279,device,D02335,2026-01-11 00:00:00,2026-04-01
M04280,ip,I09184,2026-01-01 00:00:00,2026-04-01
M04280,device,D01485,2026-01-01 00:00:00,2026-04-01
M04281,ip,I07224,2026-01-01 00:00:00,2026-04-01
M04281,device,D01938,2026-01-01 00:00:00,2026-02-22
M04281,device,D05376,2026-02-22 00:00:00,2026-04-01
M04282,ip,I06479,2026-01-01 00:00:00,2026-04-01
M04282,device,D06306,2026-01-01 00:00:00,2026-04-01
M04283,ip,I02610,2026-01-01 00:00:00,2026-04-01
M04283,device,D05967,2026-01-01 00:00:00,2026-04-01
M04284,ip,I07045,2026-01-07 00:00:00,2026-04-01
M04284,device,D02518,2026-01-07 00:00:00,2026-04-01
M04285,ip,I06595,2026-01-20 00:00:00,2026-04-01
M04285,device,D00241,2026-01-20 00:00:00,2026-02-03
M04285,device,D08143,2026-02-03 00:00:00,2026-04-01
M04286,ip,I02717,2026-01-01 00:00:00,2026-04-01
M04286,device,D04939,2026-01-01 00:00:00,2026-04-01
M04287,ip,I02267,2026-03-20 00:00:00,2026-04-01
M04287,device,D07958,2026-03-20 00:00:00,2026-04-01
M04288,ip,I07397,2026-01-01 00:00:00,2026-04-01
M04288,device,D03256,2026-01-01 00:00:00,2026-04-01
M04289,ip,I09878,2026-02-20 00:00:00,2026-04-01
M04289,device,D07397,2026-02-20 00:00:00,2026-04-01
M04290,ip,I00871,2026-01-01 00:00:00,2026-04-01
M04290,device,D03148,2026-01-01 00:00:00,2026-03-19
M04290,device,D05980,2026-03-19 00:00:00,2026-04-01
M04291,ip,I03784,2026-01-01 00:00:00,2026-04-01
M04291,device,D01280,2026-01-01 00:00:00,2026-04-01
M04292,ip,I09470,2026-01-01 00:00:00,2026-04-01
M04292,device,D03142,2026-01-01 00:00:00,2026-04-01
M04293,ip,I08324,2026-01-01 00:00:00,2026-04-01
M04293,device,D08842,2026-01-01 00:00:00,2026-04-01
M04294,ip,I01712,2026-01-01 00:00:00,2026-02-06
M04294,device,D02342,2026-01-01 00:00:00,2026-03-11
M04294,device,D07758,2026-03-11 00:00:00,2026-04-01
M04295,ip,I00434,2026-01-01 00:00:00,2026-04-01
M04295,device,D03840,2026-01-01 00:00:00,2026-04-01
M04296,ip,I01784,2026-01-01 00:00:00,2026-02-02
M04296,device,D01528,2026-01-01 00:00:00,2026-04-01
M04297,ip,I06943,2026-01-02 00:00:00,2026-04-01
M04297,device,D09779,2026-01-02 00:00:00,2026-04-01
M04298,ip,I03170,2026-01-01 00:00:00,2026-04-01
M04298,device,D05898,2026-01-01 00:00:00,2026-04-01
M04299,ip,I00268,2026-01-01 00:00:00,2026-04-01
M04299,device,D04868,2026-01-01 00:00:00,2026-04-01
M04300,ip,I05545,2026-01-01 00:00:00,2026-04-01
M04300,device,D05146,2026-01-01 00:00:00,2026-01-28
M04300,device,D07889,2026-01-28 00:00:00,2026-04-01
M04301,ip,I00629,2026-01-01 00:00:00,2026-04-01
M04301,device,D05635,2026-01-01 00:00:00,2026-03-12
M04301,device,D07624,2026-03-12 00:00:00,2026-04-01
M04302,ip,I08241,2026-01-01 00:00:00,2026-04-01
M04302,device,D00812,2026-01-01 00:00:00,2026-04-01
M04303,ip,I02653,2026-01-01 00:00:00,2026-04-01
M04303,device,D05168,2026-01-01 00:00:00,2026-01-26
M04303,device,D08727,2026-01-26 00:00:00,2026-04-01
M04304,ip,I05423,2026-01-01 00:00:00,2026-04-01
M04304,device,D03727,2026-01-01 00:00:00,2026-04-01
M04305,ip,I03672,2026-01-01 00:00:00,2026-04-01
M04305,device,D01928,2026-01-01 00:00:00,2026-04-01
M04306,ip,I06016,2026-01-01 00:00:00,2026-04-01
M04306,device,D08709,2026-01-01 00:00:00,2026-04-01
M04307,ip,I05639,2026-01-01 00:00:00,2026-02-12
M04307,device,D07835,2026-01-01 00:00:00,2026-02-12
M04308,ip,I00896,2026-01-01 00:00:00,2026-04-01
M04308,device,D00172,2026-01-01 00:00:00,2026-01-13
M04308,device,D04374,2026-01-13 00:00:00,2026-04-01
M04309,ip,I00513,2026-01-01 00:00:00,2026-04-01
M04309,device,D08246,2026-01-01 00:00:00,2026-02-22
M04309,device,D00800,2026-02-22 00:00:00,2026-04-01
M04310,ip,I08686,2026-01-01 00:00:00,2026-04-01
M04310,device,D03921,2026-01-01 00:00:00,2026-03-07
M04310,device,D04979,2026-03-07 00:00:00,2026-04-01
M04311,ip,I05733,2026-01-01 00:00:00,2026-04-01
M04311,device,D01114,2026-01-01 00:00:00,2026-01-06
M04311,device,D09962,2026-01-06 00:00:00,2026-04-01
M04312,ip,I09883,2026-01-01 00:00:00,2026-04-01
M04312,device,D00159,2026-01-01 00:00:00,2026-02-11
M04312,device,D06667,2026-02-11 00:00:00,2026-04-01
M04313,ip,I08504,2026-01-01 00:00:00,2026-04-01
M04313,device,D06113,2026-01-01 00:00:00,2026-04-01
M04314,ip,I09174,2026-01-01 00:00:00,2026-04-01
M04314,device,D09479,2026-01-01 00:00:00,2026-04-01
M04315,ip,I07060,2026-01-01 00:00:00,2026-04-01
M04315,device,D00318,2026-01-01 00:00:00,2026-04-01
M04316,ip,I07347,2026-01-01 00:00:00,2026-04-01
M04316,device,D05644,2026-01-01 00:00:00,2026-04-01
M04317,ip,I08327,2026-01-01 00:00:00,2026-02-25
M04317,device,D07706,2026-01-01 00:00:00,2026-01-26
M04317,device,D03124,2026-01-26 00:00:00,2026-02-25
M04318,ip,I03586,2026-01-01 00:00:00,2026-04-01
M04318,device,D09525,2026-01-01 00:00:00,2026-01-12
M04318,device,D07995,2026-01-12 00:00:00,2026-04-01
M04319,ip,I04693,2026-01-01 00:00:00,2026-04-01
M04319,device,D04259,2026-01-01 00:00:00,2026-03-22
M04319,device,D02662,2026-03-22 00:00:00,2026-04-01
M04320,ip,I02738,2026-01-01 00:00:00,2026-04-01
M04320,device,D06098,2026-01-01 00:00:00,2026-04-01
M04321,ip,I08301,2026-01-01 00:00:00,2026-04-01
M04321,device,D07466,2026-01-01 00:00:00,2026-04-01
M04322,ip,I07589,2026-01-01 00:00:00,2026-04-01
M04322,device,D07108,2026-01-01 00:00:00,2026-02-23
M04322,device,D02909,2026-02-23 00:00:00,2026-04-01
M04323,ip,I03523,2026-01-01 00:00:00,2026-04-01
M04323,device,D09216,2026-01-01 00:00:00,2026-02-24
M04323,device,D07840,2026-02-24 00:00:00,2026-04-01
M04324,ip,I01884,2026-01-01 00:00:00,2026-04-01
M04324,device,D05658,2026-01-01 00:00:00,2026-04-01
M04325,ip,I03865,2026-01-01 00:00:00,2026-04-01
M04325,device,D04603,2026-01-01 00:00:00,2026-04-01
M04326,ip,I05096,2026-02-26 00:00:00,2026-04-01
M04326,device,D05733,2026-02-26 00:00:00,2026-03-20
M04326,device,D03670,2026-03-20 00:00:00,2026-04-01
M04327,ip,I09018,2026-01-01 00:00:00,2026-04-01
M04327,device,D03212,2026-01-01 00:00:00,2026-03-12
M04327,device,D03503,2026-03-12 00:00:00,2026-04-01
M04328,ip,I04846,2026-01-01 00:00:00,2026-04-01
M04328,device,D01249,2026-01-01 00:00:00,2026-04-01
M04329,ip,I03082,2026-01-01 00:00:00,2026-04-01
M04329,device,D09504,2026-01-01 00:00:00,2026-04-01
M04330,ip,I03829,2026-01-01 00:00:00,2026-04-01
M04330,device,D08068,2026-01-01 00:00:00,2026-04-01
M04331,ip,I09120,2026-02-25 00:00:00,2026-04-01
M04331,device,D08670,2026-02-25 00:00:00,2026-04-01
M04332,ip,I01379,2026-01-01 00:00:00,2026-04-01
M04332,device,D01791,2026-01-01 00:00:00,2026-04-01
M04333,ip,I07945,2026-01-01 00:00:00,2026-04-01
M04333,device,D08107,2026-01-01 00:00:00,2026-04-01
M04334,ip,I05271,2026-01-01 00:00:00,2026-04-01
M04334,device,D05143,2026-01-01 00:00:00,2026-04-01
M04335,ip,I05105,2026-01-01 00:00:00,2026-04-01
M04335,device,D00244,2026-01-01 00:00:00,2026-04-01
M04336,ip,I05068,2026-01-01 00:00:00,2026-04-01
M04336,device,D04840,2026-01-01 00:00:00,2026-03-10
M04336,device,D02723,2026-03-10 00:00:00,2026-04-01
M04337,ip,I00440,2026-01-01 00:00:00,2026-04-01
M04337,device,D07022,2026-01-01 00:00:00,2026-04-01
M04338,ip,I09730,2026-01-01 00:00:00,2026-04-01
M04338,device,D09825,2026-01-01 00:00:00,2026-02-06
M04338,device,D06777,2026-02-06 00:00:00,2026-04-01
M04339,ip,I01664,2026-02-27 00:00:00,2026-04-01
M04339,device,D07816,2026-02-27 00:00:00,2026-04-01
M04340,ip,I00098,2026-01-01 00:00:00,2026-04-01
M04340,device,D02370,2026-01-01 00:00:00,2026-02-19
M04340,device,D03101,2026-02-19 00:00:00,2026-04-01
M04341,ip,I06399,2026-01-01 00:00:00,2026-01-28
M04341,device,D00938,2026-01-01 00:00:00,2026-04-01
M04342,ip,I09543,2026-01-13 00:00:00,2026-04-01
M04342,device,D04152,2026-01-13 00:00:00,2026-04-01
M04343,ip,I08332,2026-01-01 00:00:00,2026-04-01
M04343,device,D03469,2026-01-01 00:00:00,2026-04-01
M04344,ip,I05475,2026-01-01 00:00:00,2026-04-01
M04344,device,D08400,2026-01-01 00:00:00,2026-04-01
M04345,ip,I01557,2026-01-01 00:00:00,2026-04-01
M04345,device,D00349,2026-01-01 00:00:00,2026-04-01
M04346,ip,I06758,2026-02-25 00:00:00,2026-04-01
M04346,device,D02947,2026-02-25 00:00:00,2026-03-07
M04346,device,D04055,2026-03-07 00:00:00,2026-04-01
M04347,ip,I08731,2026-01-01 00:00:00,2026-04-01
M04347,device,D07787,2026-01-01 00:00:00,2026-01-20
M04347,device,D00596,2026-01-20 00:00:00,2026-04-01
M04348,ip,I06257,2026-01-01 00:00:00,2026-04-01
M04348,device,D03026,2026-01-01 00:00:00,2026-03-03
M04348,device,D07151,2026-03-03 00:00:00,2026-04-01
M04349,ip,I02069,2026-03-18 00:00:00,2026-04-01
M04349,device,D00582,2026-03-18 00:00:00,2026-04-01
M04350,ip,I07888,2026-01-01 00:00:00,2026-04-01
M04350,device,D05991,2026-01-01 00:00:00,2026-04-01
M04351,ip,I04765,2026-01-01 00:00:00,2026-04-01
M04351,device,D06292,2026-01-01 00:00:00,2026-04-01
M04352,ip,I03195,2026-01-26 00:00:00,2026-04-01
M04352,device,D08774,2026-01-26 00:00:00,2026-04-01
M04353,ip,I05573,2026-01-01 00:00:00,2026-04-01
M04353,device,D06117,2026-01-01 00:00:00,2026-03-09
M04353,device,D01931,2026-03-09 00:00:00,2026-04-01
M04354,ip,I01495,2026-01-01 00:00:00,2026-04-01
M04354,device,D06000,2026-01-01 00:00:00,2026-03-11
M04354,device,D00017,2026-03-11 00:00:00,2026-04-01
M04355,ip,I06791,2026-01-01 00:00:00,2026-04-01
M04355,device,D02696,2026-01-01 00:00:00,2026-02-13
M04355,device,D05281,2026-02-13 00:00:00,2026-04-01
M04356,ip,I06886,2026-03-01 00:00:00,2026-04-01
M04356,device,D08863,2026-03-01 00:00:00,2026-04-01
M04357,ip,I04829,2026-01-01 00:00:00,2026-04-01
M04357,device,D04319,2026-01-01 00:00:00,2026-01-22
M04357,device,D02760,2026-01-22 00:00:00,2026-04-01
M04358,ip,I01305,2026-01-15 00:00:00,2026-04-01
M04358,device,D06435,2026-01-15 00:00:00,2026-04-01
M04359,ip,I02697,2026-01-01 00:00:00,2026-01-28
M04359,device,D02963,2026-01-01 00:00:00,2026-02-04
M04359,device,D09352,2026-02-04 00:00:00,2026-04-01
M04360,ip,I09816,2026-01-01 00:00:00,2026-04-01
M04360,device,D07131,2026-01-01 00:00:00,2026-04-01
M04361,ip,I01083,2026-01-01 00:00:00,2026-01-23
M04361,device,D01664,2026-01-01 00:00:00,2026-04-01
M04362,ip,I08767,2026-01-01 00:00:00,2026-02-19
M04362,device,D06912,2026-01-01 00:00:00,2026-04-01
M04363,ip,I03198,2026-01-01 00:00:00,2026-04-01
M04363,device,D08246,2026-01-01 00:00:00,2026-02-15
M04363,device,D02043,2026-02-15 00:00:00,2026-04-01
M04364,ip,I00062,2026-01-01 00:00:00,2026-04-01
M04364,device,D08060,2026-01-01 00:00:00,2026-03-22
M04364,device,D03523,2026-03-22 00:00:00,2026-04-01
M04365,ip,I08121,2026-01-05 00:00:00,2026-04-01
M04365,device,D04073,2026-01-05 00:00:00,2026-01-13
M04365,device,D06452,2026-01-13 00:00:00,2026-04-01
M04366,ip,I08568,2026-01-01 00:00:00,2026-04-01
M04366,device,D00677,2026-01-01 00:00:00,2026-03-26
M04366,device,D02201,2026-03-26 00:00:00,2026-04-01
M04367,ip,I01677,2026-01-01 00:00:00,2026-04-01
M04367,device,D08837,2026-01-01 00:00:00,2026-04-01
M04368,ip,I07230,2026-03-15 00:00:00,2026-04-01
M04368,device,D03484,2026-03-15 00:00:00,2026-03-22
M04368,device,D07597,2026-03-22 00:00:00,2026-04-01
M04369,ip,I09455,2026-01-01 00:00:00,2026-04-01
M04369,device,D09741,2026-01-01 00:00:00,2026-01-19
M04369,device,D06350,2026-01-19 00:00:00,2026-04-01
M04370,ip,I03243,2026-01-07 00:00:00,2026-04-01
M04370,device,D03947,2026-01-07 00:00:00,2026-04-01
M04371,ip,I01386,2026-01-01 00:00:00,2026-04-01
M04371,device,D05516,2026-01-01 00:00:00,2026-04-01
M04372,ip,I03414,2026-03-14 00:00:00,2026-04-01
M04372,device,D01766,2026-03-14 00:00:00,2026-03-21
M04372,device,D03523,2026-03-21 00:00:00,2026-04-01
M04373,ip,I08726,2026-01-01 00:00:00,2026-02-16
M04373,device,D04418,2026-01-01 00:00:00,2026-04-01
M04374,ip,I05097,2026-01-01 00:00:00,2026-04-01
M04374,device,D08265,2026-01-01 00:00:00,2026-04-01
M04375,ip,I00164,2026-01-01 00:00:00,2026-04-01
M04375,device,D02391,2026-01-01 00:00:00,2026-04-01
M04376,ip,I07826,2026-01-01 00:00:00,2026-04-01
M04376,device,D06334,2026-01-01 00:00:00,2026-03-10
M04376,device,D05805,2026-03-10 00:00:00,2026-04-01
M04377,ip,I09718,2026-01-01 00:00:00,2026-04-01
M04377,device,D07850,2026-01-01 00:00:00,2026-01-22
M04377,device,D07799,2026-01-22 00:00:00,2026-04-01
M04378,ip,I05124,2026-01-01 00:00:00,2026-04-01
M04378,device,D04375,2026-01-01 00:00:00,2026-04-01
M04379,ip,I00052,2026-01-01 00:00:00,2026-01-27
M04379,device,D00397,2026-01-01 00:00:00,2026-04-01
M04380,ip,I01958,2026-01-01 00:00:00,2026-04-01
M04380,device,D04938,2026-01-01 00:00:00,2026-04-01
M04381,ip,I07578,2026-01-01 00:00:00,2026-04-01
M04381,device,D02085,2026-01-01 00:00:00,2026-04-01
M04382,ip,I04217,2026-01-01 00:00:00,2026-04-01
M04382,device,D06601,2026-01-01 00:00:00,2026-04-01
M04383,ip,I08275,2026-01-01 00:00:00,2026-04-01
M04383,device,D01877,2026-01-01 00:00:00,2026-02-14
M04383,device,D05420,2026-02-14 00:00:00,2026-04-01
M04384,ip,I02184,2026-01-01 00:00:00,2026-02-08
M04384,device,D03475,2026-01-01 00:00:00,2026-04-01
M04385,ip,I03605,2026-01-01 00:00:00,2026-04-01
M04385,device,D04461,2026-01-01 00:00:00,2026-04-01
M04386,ip,I08453,2026-01-01 00:00:00,2026-04-01
M04386,device,D09995,2026-01-01 00:00:00,2026-04-01
M04387,ip,I04275,2026-01-01 00:00:00,2026-02-08
M04387,device,D08752,2026-01-01 00:00:00,2026-04-01
M04388,ip,I07661,2026-01-01 00:00:00,2026-04-01
M04388,device,D08808,2026-01-01 00:00:00,2026-04-01
M04389,ip,I05406,2026-01-01 00:00:00,2026-04-01
M04389,device,D01659,2026-01-01 00:00:00,2026-01-24
M04389,device,D08685,2026-01-24 00:00:00,2026-04-01
M04390,ip,I03562,2026-01-01 00:00:00,2026-04-01
M04390,device,D08467,2026-01-01 00:00:00,2026-02-21
M04390,device,D09527,2026-02-21 00:00:00,2026-04-01
M04391,ip,I02082,2026-01-01 00:00:00,2026-04-01
M04391,device,D02276,2026-01-01 00:00:00,2026-04-01
M04392,ip,I01496,2026-01-01 00:00:00,2026-04-01
M04392,device,D09363,2026-01-01 00:00:00,2026-04-01
M04393,ip,I08860,2026-01-01 00:00:00,2026-02-01
M04393,device,D05678,2026-01-01 00:00:00,2026-03-12
M04393,device,D00244,2026-03-12 00:00:00,2026-04-01
M04394,ip,I00978,2026-01-01 00:00:00,2026-04-01
M04394,device,D03458,2026-01-01 00:00:00,2026-04-01
M04395,ip,I04992,2026-01-01 00:00:00,2026-02-16
M04395,device,D03664,2026-01-01 00:00:00,2026-02-16
M04395,device,D02617,2026-03-05 00:00:00,2026-02-16
M04396,ip,I09310,2026-01-01 00:00:00,2026-04-01
M04396,device,D09706,2026-01-01 00:00:00,2026-04-01
M04397,ip,I03100,2026-01-01 00:00:00,2026-04-01
M04397,device,D06348,2026-01-01 00:00:00,2026-04-01
M04398,ip,I08643,2026-01-30 00:00:00,2026-04-01
M04398,device,D02166,2026-01-30 00:00:00,2026-04-01
M04399,ip,I07536,2026-01-01 00:00:00,2026-04-01
M04399,device,D09054,2026-01-01 00:00:00,2026-04-01
M04400,ip,I07901,2026-01-01 00:00:00,2026-04-01
M04400,device,D06255,2026-01-01 00:00:00,2026-04-01
M04401,ip,I03925,2026-03-13 00:00:00,2026-04-01
M04401,device,D06074,2026-03-13 00:00:00,2026-04-01
M04402,ip,I08035,2026-01-01 00:00:00,2026-04-01
M04402,device,D04139,2026-01-01 00:00:00,2026-04-01
M04403,ip,I06078,2026-03-12 00:00:00,2026-01-25
M04403,device,D03970,2026-03-12 00:00:00,2026-04-01
M04404,ip,I02017,2026-03-04 00:00:00,2026-04-01
M04404,device,D01602,2026-03-04 00:00:00,2026-03-26
M04404,device,D09444,2026-03-26 00:00:00,2026-04-01
M04405,ip,I02721,2026-01-01 00:00:00,2026-02-11
M04405,device,D04189,2026-01-01 00:00:00,2026-04-01
M04406,ip,I01308,2026-01-19 00:00:00,2026-04-01
M04406,device,D02674,2026-01-19 00:00:00,2026-04-01
M04407,ip,I02886,2026-02-12 00:00:00,2026-04-01
M04407,device,D01530,2026-02-12 00:00:00,2026-02-22
M04407,device,D07382,2026-02-22 00:00:00,2026-04-01
M04408,ip,I00619,2026-01-01 00:00:00,2026-04-01
M04408,device,D02493,2026-01-01 00:00:00,2026-04-01
M04409,ip,I00415,2026-01-01 00:00:00,2026-04-01
M04409,device,D05291,2026-01-01 00:00:00,2026-04-01
M04410,ip,I09059,2026-01-01 00:00:00,2026-04-01
M04410,device,D03137,2026-01-01 00:00:00,2026-03-16
M04410,device,D00827,2026-03-16 00:00:00,2026-04-01
M04411,ip,I08982,2026-01-26 00:00:00,2026-04-01
M04411,device,D02752,2026-01-26 00:00:00,2026-04-01
M04412,ip,I04661,2026-01-01 00:00:00,2026-04-01
M04412,device,D00271,2026-01-01 00:00:00,2026-04-01
M04413,ip,I06158,2026-01-02 00:00:00,2026-04-01
M04413,device,D05428,2026-01-02 00:00:00,2026-01-27
M04413,device,D05195,2026-01-27 00:00:00,2026-04-01
M04414,ip,I04127,2026-01-01 00:00:00,2026-04-01
M04414,device,D06412,2026-01-01 00:00:00,2026-04-01
M04415,ip,I04942,2026-01-01 00:00:00,2026-04-01
M04415,device,D02842,2026-01-01 00:00:00,2026-04-01
M04416,ip,I00373,2026-01-01 00:00:00,2026-04-01
M04416,device,D07517,2026-01-01 00:00:00,2026-02-16
M04416,device,D07627,2026-02-16 00:00:00,2026-04-01
M04417,ip,I03298,2026-01-18 00:00:00,2026-04-01
M04417,device,D03845,2026-01-18 00:00:00,2026-04-01
M04418,ip,I04230,2026-01-01 00:00:00,2026-04-01
M04418,device,D03812,2026-01-01 00:00:00,2026-01-24
M04418,device,D08877,2026-01-24 00:00:00,2026-04-01
M04419,ip,I02939,2026-01-01 00:00:00,2026-04-01
M04419,device,D08746,2026-01-01 00:00:00,2026-04-01
M04420,ip,I08364,2026-01-01 00:00:00,2026-02-02
M04420,device,D02114,2026-01-01 00:00:00,2026-04-01
M04421,ip,I01808,2026-01-01 00:00:00,2026-04-01
M04421,device,D06892,2026-01-01 00:00:00,2026-03-20
M04421,device,D09617,2026-03-20 00:00:00,2026-04-01
M04422,ip,I01287,2026-01-01 00:00:00,2026-04-01
M04422,device,D04486,2026-01-01 00:00:00,2026-01-07
M04422,device,D02558,2026-01-07 00:00:00,2026-04-01
M04423,ip,I08140,2026-01-01 00:00:00,2026-01-27
M04423,device,D02758,2026-01-01 00:00:00,2026-04-01
M04424,ip,I08140,2026-01-01 00:00:00,2026-04-01
M04424,device,D05386,2026-01-01 00:00:00,2026-04-01
M04425,ip,I03336,2026-03-20 00:00:00,2026-04-01
M04425,device,D08632,2026-03-20 00:00:00,2026-03-25
M04425,device,D04903,2026-03-25 00:00:00,2026-04-01
M04426,ip,I00893,2026-01-01 00:00:00,2026-04-01
M04426,device,D05501,2026-01-01 00:00:00,2026-04-01
M04427,ip,I08514,2026-01-01 00:00:00,2026-04-01
M04427,device,D05776,2026-01-01 00:00:00,2026-04-01
M04428,ip,I06246,2026-01-01 00:00:00,2026-04-01
M04428,device,D06816,2026-01-01 00:00:00,2026-04-01
M04429,ip,I01435,2026-03-05 00:00:00,2026-04-01
M04429,device,D05093,2026-03-05 00:00:00,2026-04-01
M04430,ip,I08142,2026-01-01 00:00:00,2026-04-01
M04430,device,D04169,2026-01-01 00:00:00,2026-02-16
M04430,device,D02818,2026-02-16 00:00:00,2026-04-01
M04431,ip,I09786,2026-01-02 00:00:00,2026-04-01
M04431,device,D02599,2026-01-02 00:00:00,2026-04-01
M04432,ip,I03951,2026-01-07 00:00:00,2026-04-01
M04432,device,D08130,2026-01-07 00:00:00,2026-01-20
M04432,device,D01249,2026-01-20 00:00:00,2026-04-01
M04433,ip,I06037,2026-01-01 00:00:00,2026-04-01
M04433,device,D00908,2026-01-01 00:00:00,2026-02-23
M04433,device,D00372,2026-02-23 00:00:00,2026-04-01
M04434,ip,I01620,2026-01-01 00:00:00,2026-04-01
M04434,device,D01432,2026-01-01 00:00:00,2026-04-01
M04435,ip,I05281,2026-01-01 00:00:00,2026-04-01
M04435,device,D06338,2026-01-01 00:00:00,2026-01-30
M04435,device,D04793,2026-01-30 00:00:00,2026-04-01
M04436,ip,I08594,2026-01-01 00:00:00,2026-04-01
M04436,device,D02486,2026-01-01 00:00:00,2026-04-01
M04437,ip,I09839,2026-01-01 00:00:00,2026-04-01
M04437,device,D06224,2026-01-01 00:00:00,2026-04-01
M04438,ip,I06982,2026-01-01 00:00:00,2026-04-01
M04438,device,D06620,2026-01-01 00:00:00,2026-04-01
M04439,ip,I00270,2026-01-01 00:00:00,2026-04-01
M04439,device,D02071,2026-01-01 00:00:00,2026-04-01
M04440,ip,I04992,2026-01-01 00:00:00,2026-04-01
M04440,device,D08690,2026-01-01 00:00:00,2026-02-18
M04440,device,D06311,2026-02-18 00:00:00,2026-04-01
M04441,ip,I07823,2026-01-01 00:00:00,2026-01-21
M04441,device,D06468,2026-01-01 00:00:00,2026-03-05
M04441,device,D09485,2026-03-05 00:00:00,2026-04-01
M04442,ip,I05628,2026-03-17 00:00:00,2026-04-01
M04442,device,D07385,2026-03-17 00:00:00,2026-04-01
M04443,ip,I09571,2026-01-01 00:00:00,2026-04-01
M04443,device,D03663,2026-01-01 00:00:00,2026-02-25
M04443,device,D08795,2026-02-25 00:00:00,2026-04-01
M04444,ip,I03473,2026-01-01 00:00:00,2026-04-01
M04444,device,D00248,2026-01-01 00:00:00,2026-04-01
M04445,ip,I01504,2026-01-01 00:00:00,2026-04-01
M04445,device,D06646,2026-01-01 00:00:00,2026-04-01
M04446,ip,I07787,2026-02-10 00:00:00,2026-04-01
M04446,device,D00997,2026-02-10 00:00:00,2026-04-01
M04447,ip,I00634,2026-01-01 00:00:00,2026-04-01
M04447,device,D05814,2026-01-01 00:00:00,2026-04-01
M04448,ip,I09665,2026-01-01 00:00:00,2026-01-25
M04448,device,D05091,2026-01-01 00:00:00,2026-04-01
M04449,ip,I08818,2026-01-01 00:00:00,2026-04-01
M04449,device,D02447,2026-01-01 00:00:00,2026-01-31
M04449,device,D05089,2026-01-31 00:00:00,2026-04-01
M04450,ip,I00316,2026-01-01 00:00:00,2026-02-08
M04450,device,D04714,2026-01-01 00:00:00,2026-04-01
M04451,ip,I00420,2026-01-29 00:00:00,2026-04-01
M04451,device,D00289,2026-01-29 00:00:00,2026-02-20
M04451,device,D02083,2026-02-20 00:00:00,2026-04-01
M04452,ip,I01123,2026-01-01 00:00:00,2026-04-01
M04452,device,D00806,2026-01-01 00:00:00,2026-04-01
M04453,ip,I06653,2026-01-09 00:00:00,2026-04-01
M04453,device,D04867,2026-01-09 00:00:00,2026-04-01
M04454,ip,I04080,2026-01-01 00:00:00,2026-04-01
M04454,device,D04205,2026-01-01 00:00:00,2026-04-01
M04455,ip,I09736,2026-01-01 00:00:00,2026-04-01
M04455,device,D09697,2026-01-01 00:00:00,2026-04-01
M04456,ip,I07231,2026-01-01 00:00:00,2026-04-01
M04456,device,D06541,2026-01-01 00:00:00,2026-03-25
M04456,device,D00220,2026-03-25 00:00:00,2026-04-01
M04457,ip,I07830,2026-01-28 00:00:00,2026-04-01
M04457,device,D04882,2026-01-28 00:00:00,2026-02-23
M04457,device,D00376,2026-02-23 00:00:00,2026-04-01
M04458,ip,I07394,2026-01-01 00:00:00,2026-04-01
M04458,device,D09242,2026-01-01 00:00:00,2026-04-01
M04459,ip,I08295,2026-01-01 00:00:00,2026-04-01
M04459,device,D06856,2026-01-01 00:00:00,2026-04-01
M04460,ip,I09219,2026-01-01 00:00:00,2026-04-01
M04460,device,D00921,2026-01-01 00:00:00,2026-04-01
M04461,ip,I05277,2026-01-01 00:00:00,2026-04-01
M04461,device,D04362,2026-01-01 00:00:00,2026-01-22
M04461,device,D01268,2026-01-22 00:00:00,2026-04-01
M04462,ip,I04317,2026-01-01 00:00:00,2026-04-01
M04462,device,D06309,2026-01-01 00:00:00,2026-04-01
M04463,ip,I05823,2026-01-01 00:00:00,2026-04-01
M04463,device,D00577,2026-01-01 00:00:00,2026-03-12
M04463,device,D05177,2026-03-12 00:00:00,2026-04-01
M04464,ip,I08021,2026-01-01 00:00:00,2026-04-01
M04464,device,D07651,2026-01-01 00:00:00,2026-04-01
M04465,ip,I06002,2026-01-01 00:00:00,2026-04-01
M04465,device,D00206,2026-01-01 00:00:00,2026-04-01
M04466,ip,I03479,2026-01-01 00:00:00,2026-04-01
M04466,device,D07905,2026-01-01 00:00:00,2026-04-01
M04467,ip,I07666,2026-01-01 00:00:00,2026-04-01
M04467,device,D08210,2026-01-01 00:00:00,2026-01-18
M04467,device,D02046,2026-01-18 00:00:00,2026-04-01
M04468,ip,I01115,2026-01-01 00:00:00,2026-04-01
M04468,device,D08243,2026-01-01 00:00:00,2026-04-01
M04469,ip,I04950,2026-01-01 00:00:00,2026-04-01
M04469,device,D03596,2026-01-01 00:00:00,2026-04-01
M04470,ip,I05706,2026-01-01 00:00:00,2026-04-01
M04470,device,D08716,2026-01-01 00:00:00,2026-01-09
M04470,device,D06081,2026-01-09 00:00:00,2026-04-01
M04471,ip,I07612,2026-01-01 00:00:00,2026-04-01
M04471,device,D08230,2026-01-01 00:00:00,2026-04-01
M04472,ip,I07812,2026-01-01 00:00:00,2026-04-01
M04472,device,D02800,2026-01-01 00:00:00,2026-04-01
M04473,ip,I07455,2026-01-01 00:00:00,2026-04-01
M04473,device,D00418,2026-01-01 00:00:00,2026-04-01
M04474,ip,I09443,2026-01-14 00:00:00,2026-04-01
M04474,device,D01599,2026-01-14 00:00:00,2026-02-09
M04474,device,D01917,2026-02-09 00:00:00,2026-04-01
M04475,ip,I06317,2026-01-01 00:00:00,2026-04-01
M04475,device,D08042,2026-01-01 00:00:00,2026-02-09
M04475,device,D08904,2026-02-09 00:00:00,2026-04-01
M04476,ip,I02153,2026-01-01 00:00:00,2026-04-01
M04476,device,D05787,2026-01-01 00:00:00,2026-03-21
M04476,device,D08131,2026-03-21 00:00:00,2026-04-01
M04477,ip,I07875,2026-01-01 00:00:00,2026-04-01
M04477,device,D06511,2026-01-01 00:00:00,2026-04-01
M04478,ip,I09021,2026-01-01 00:00:00,2026-04-01
M04478,device,D03335,2026-01-01 00:00:00,2026-04-01
M04479,ip,I00614,2026-01-01 00:00:00,2026-04-01
M04479,device,D06951,2026-01-01 00:00:00,2026-02-27
M04479,device,D01170,2026-02-27 00:00:00,2026-04-01
M04480,ip,I06297,2026-01-01 00:00:00,2026-01-25
M04480,device,D09431,2026-01-01 00:00:00,2026-04-01
M04481,ip,I01366,2026-01-01 00:00:00,2026-04-01
M04481,device,D04227,2026-01-01 00:00:00,2026-04-01
M04482,ip,I09030,2026-01-01 00:00:00,2026-04-01
M04482,device,D00619,2026-01-01 00:00:00,2026-04-01
M04483,ip,I09522,2026-01-28 00:00:00,2026-04-01
M04483,device,D06292,2026-01-28 00:00:00,2026-04-01
M04484,ip,I08576,2026-01-01 00:00:00,2026-04-01
M04484,device,D01056,2026-01-01 00:00:00,2026-04-01
M04485,ip,I00885,2026-01-22 00:00:00,2026-04-01
M04485,device,D06238,2026-01-22 00:00:00,2026-04-01
M04486,ip,I09105,2026-01-01 00:00:00,2026-04-01
M04486,device,D01701,2026-01-01 00:00:00,2026-03-10
M04486,device,D09993,2026-03-10 00:00:00,2026-04-01
M04487,ip,I00304,2026-01-01 00:00:00,2026-04-01
M04487,device,D07703,2026-01-01 00:00:00,2026-04-01
M04488,ip,I02080,2026-01-01 00:00:00,2026-04-01
M04488,device,D02341,2026-01-01 00:00:00,2026-01-10
M04488,device,D04498,2026-01-10 00:00:00,2026-04-01
M04489,ip,I09505,2026-01-01 00:00:00,2026-04-01
M04489,device,D08877,2026-01-01 00:00:00,2026-04-01
M04490,ip,I04939,2026-03-09 00:00:00,2026-01-28
M04490,device,D06066,2026-03-09 00:00:00,2026-03-16
M04490,device,D05225,2026-03-16 00:00:00,2026-04-01
M04491,ip,I07806,2026-01-01 00:00:00,2026-02-16
M04491,device,D05707,2026-01-01 00:00:00,2026-04-01
M04492,ip,I03489,2026-01-01 00:00:00,2026-04-01
M04492,device,D07441,2026-01-01 00:00:00,2026-04-01
M04493,ip,I09922,2026-01-01 00:00:00,2026-04-01
M04493,device,D01113,2026-01-01 00:00:00,2026-04-01
M04494,ip,I04732,2026-01-01 00:00:00,2026-04-01
M04494,device,D03219,2026-01-01 00:00:00,2026-04-01
M04495,ip,I00891,2026-01-01 00:00:00,2026-04-01
M04495,device,D06700,2026-01-01 00:00:00,2026-02-11
M04495,device,D09725,2026-02-11 00:00:00,2026-04-01
M04496,ip,I04306,2026-01-06 00:00:00,2026-03-05
M04496,device,D07673,2026-01-06 00:00:00,2026-04-01
M04497,ip,I04607,2026-01-31 00:00:00,2026-04-01
M04497,device,D03559,2026-01-31 00:00:00,2026-04-01
M04498,ip,I09372,2026-01-01 00:00:00,2026-04-01
M04498,device,D09164,2026-01-01 00:00:00,2026-04-01
M04499,ip,I03825,2026-01-01 00:00:00,2026-04-01
M04499,device,D07860,2026-01-01 00:00:00,2026-03-10
M04499,device,D09448,2026-03-10 00:00:00,2026-04-01
M04500,ip,I01166,2026-01-01 00:00:00,2026-04-01
M04500,device,D01454,2026-01-01 00:00:00,2026-01-23
M04500,device,D01252,2026-01-23 00:00:00,2026-04-01
M04501,ip,I04855,2026-02-07 00:00:00,2026-04-01
M04501,device,D03726,2026-02-07 00:00:00,2026-04-01
M04502,ip,I03408,2026-01-01 00:00:00,2026-04-01
M04502,device,D03325,2026-01-01 00:00:00,2026-02-12
M04502,device,D02344,2026-02-12 00:00:00,2026-04-01
M04503,ip,I09708,2026-01-01 00:00:00,2026-04-01
M04503,device,D01763,2026-01-01 00:00:00,2026-02-16
M04503,device,D03510,2026-02-16 00:00:00,2026-04-01
M04504,ip,I00809,2026-02-07 00:00:00,2026-04-01
M04504,device,D01750,2026-02-07 00:00:00,2026-04-01
M04505,ip,I06753,2026-01-01 00:00:00,2026-04-01
M04505,device,D02135,2026-01-01 00:00:00,2026-04-01
M04506,ip,I06243,2026-01-01 00:00:00,2026-04-01
M04506,device,D01732,2026-01-01 00:00:00,2026-04-01
M04507,ip,I06814,2026-03-24 00:00:00,2026-04-01
M04507,device,D04730,2026-03-24 00:00:00,2026-04-01
M04508,ip,I07427,2026-01-01 00:00:00,2026-04-01
M04508,device,D09349,2026-01-01 00:00:00,2026-04-01
M04509,ip,I01347,2026-01-01 00:00:00,2026-04-01
M04509,device,D01421,2026-01-01 00:00:00,2026-04-01
M04510,ip,I04331,2026-01-01 00:00:00,2026-04-01
M04510,device,D04724,2026-01-01 00:00:00,2026-04-01
M04511,ip,I03912,2026-01-01 00:00:00,2026-04-01
M04511,device,D08268,2026-01-01 00:00:00,2026-04-01
M04512,ip,I03925,2026-01-01 00:00:00,2026-04-01
M04512,device,D09448,2026-01-01 00:00:00,2026-04-01
M04513,ip,I03949,2026-01-01 00:00:00,2026-04-01
M04513,device,D04193,2026-01-01 00:00:00,2026-04-01
M04514,ip,I03735,2026-01-01 00:00:00,2026-04-01
M04514,device,D01458,2026-01-01 00:00:00,2026-04-01
M04515,ip,I06138,2026-01-01 00:00:00,2026-04-01
M04515,device,D02157,2026-01-01 00:00:00,2026-04-01
M04516,ip,I08077,2026-01-01 00:00:00,2026-04-01
M04516,device,D08280,2026-01-01 00:00:00,2026-04-01
M04517,ip,I07605,2026-01-01 00:00:00,2026-04-01
M04517,device,D05850,2026-01-01 00:00:00,2026-04-01
M04518,ip,I04364,2026-01-01 00:00:00,2026-04-01
M04518,device,D02543,2026-01-01 00:00:00,2026-04-01
M04519,ip,I08763,2026-01-01 00:00:00,2026-04-01
M04519,device,D02822,2026-01-01 00:00:00,2026-04-01
M04520,ip,I08353,2026-01-01 00:00:00,2026-04-01
M04520,device,D09921,2026-01-01 00:00:00,2026-04-01
M04521,ip,I05124,2026-01-01 00:00:00,2026-02-19
M04521,device,D00388,2026-01-01 00:00:00,2026-04-01
M04522,ip,I04177,2026-01-01 00:00:00,2026-04-01
M04522,device,D01525,2026-01-01 00:00:00,2026-04-01
M04523,ip,I03248,2026-02-19 00:00:00,2026-04-01
M04523,device,D03361,2026-02-19 00:00:00,2026-04-01
M04524,ip,I05052,2026-01-01 00:00:00,2026-04-01
M04524,device,D07499,2026-01-01 00:00:00,2026-01-17
M04524,device,D06791,2026-01-17 00:00:00,2026-04-01
M04525,ip,I06403,2026-01-01 00:00:00,2026-04-01
M04525,device,D08071,2026-01-01 00:00:00,2026-02-04
M04525,device,D08607,2026-02-04 00:00:00,2026-04-01
M04526,ip,I03298,2026-01-01 00:00:00,2026-04-01
M04526,device,D07546,2026-01-01 00:00:00,2026-02-04
M04526,device,D07814,2026-02-04 00:00:00,2026-04-01
M04527,ip,I02864,2026-01-01 00:00:00,2026-04-01
M04527,device,D02964,2026-01-01 00:00:00,2026-04-01
M04528,ip,I07050,2026-01-01 00:00:00,2026-04-01
M04528,device,D01036,2026-01-01 00:00:00,2026-03-23
M04528,device,D01094,2026-03-23 00:00:00,2026-04-01
M04529,ip,I03118,2026-01-01 00:00:00,2026-04-01
M04529,device,D04236,2026-01-01 00:00:00,2026-04-01
M04530,ip,I00771,2026-01-01 00:00:00,2026-04-01
M04530,device,D07772,2026-01-01 00:00:00,2026-01-07
M04530,device,D04382,2026-01-07 00:00:00,2026-04-01
M04531,ip,I05870,2026-01-01 00:00:00,2026-04-01
M04531,device,D02019,2026-01-01 00:00:00,2026-04-01
M04532,ip,I03588,2026-03-07 00:00:00,2026-04-01
M04532,device,D05265,2026-03-07 00:00:00,2026-04-01
M04533,ip,I06403,2026-01-01 00:00:00,2026-04-01
M04533,device,D09654,2026-01-01 00:00:00,2026-02-06
M04533,device,D03501,2026-02-06 00:00:00,2026-04-01
M04534,ip,I05389,2026-01-01 00:00:00,2026-04-01
M04534,device,D06042,2026-01-01 00:00:00,2026-01-11
M04534,device,D04010,2026-01-11 00:00:00,2026-04-01
M04535,ip,I04523,2026-01-01 00:00:00,2026-04-01
M04535,device,D03453,2026-01-01 00:00:00,2026-01-23
M04535,device,D07434,2026-01-23 00:00:00,2026-04-01
M04536,ip,I06794,2026-01-01 00:00:00,2026-04-01
M04536,device,D07710,2026-01-01 00:00:00,2026-03-12
M04536,device,D08351,2026-03-12 00:00:00,2026-04-01
M04537,ip,I05640,2026-01-01 00:00:00,2026-04-01
M04537,device,D01235,2026-01-01 00:00:00,2026-03-25
M04537,device,D08906,2026-03-25 00:00:00,2026-04-01
M04538,ip,I07309,2026-01-01 00:00:00,2026-04-01
M04538,device,D04471,2026-01-01 00:00:00,2026-04-01
M04539,ip,I01622,2026-01-01 00:00:00,2026-04-01
M04539,device,D01928,2026-01-01 00:00:00,2026-01-06
M04539,device,D03792,2026-01-06 00:00:00,2026-04-01
M04540,ip,I09765,2026-01-01 00:00:00,2026-04-01
M04540,device,D09635,2026-01-01 00:00:00,2026-02-28
M04540,device,D00817,2026-02-28 00:00:00,2026-04-01
M04541,ip,I07914,2026-02-23 00:00:00,2026-04-01
M04541,device,D02209,2026-02-23 00:00:00,2026-04-01
M04542,ip,I08981,2026-01-01 00:00:00,2026-04-01
M04542,device,D09293,2026-01-01 00:00:00,2026-01-18
M04542,device,D01812,2026-01-18 00:00:00,2026-04-01
M04543,ip,I09432,2026-03-03 00:00:00,2026-04-01
M04543,device,D06053,2026-03-03 00:00:00,2026-04-01
M04544,ip,I01612,2026-02-12 00:00:00,2026-04-01
M04544,device,D08337,2026-02-12 00:00:00,2026-02-22
M04544,device,D03368,2026-02-22 00:00:00,2026-04-01
M04545,ip,I05221,2026-01-01 00:00:00,2026-04-01
M04545,device,D01291,2026-01-01 00:00:00,2026-02-06
M04545,device,D00010,2026-02-06 00:00:00,2026-04-01
M04546,ip,I01452,2026-01-17 00:00:00,2026-04-01
M04546,device,D07485,2026-01-17 00:00:00,2026-01-24
M04546,device,D02157,2026-01-24 00:00:00,2026-04-01
M04547,ip,I01785,2026-01-01 00:00:00,2026-04-01
M04547,device,D03399,2026-01-01 00:00:00,2026-03-06
M04547,device,D01447,2026-03-06 00:00:00,2026-04-01
M04548,ip,I03045,2026-01-01 00:00:00,2026-04-01
M04548,device,D02785,2026-01-01 00:00:00,2026-04-01
M04549,ip,I05648,2026-01-01 00:00:00,2026-04-01
M04549,device,D02525,2026-01-01 00:00:00,2026-04-01
M04550,ip,I06779,2026-01-01 00:00:00,2026-04-01
M04550,device,D09867,2026-01-01 00:00:00,2026-01-28
M04550,device,D09760,2026-01-28 00:00:00,2026-04-01
M04551,ip,I00383,2026-01-01 00:00:00,2026-04-01
M04551,device,D00022,2026-01-01 00:00:00,2026-04-01
M04552,ip,I00976,2026-01-01 00:00:00,2026-04-01
M04552,device,D01666,2026-01-01 00:00:00,2026-04-01
M04553,ip,I05701,2026-01-01 00:00:00,2026-02-16
M04553,device,D06994,2026-01-01 00:00:00,2026-04-01
M04554,ip,I09851,2026-01-01 00:00:00,2026-04-01
M04554,device,D03199,2026-01-01 00:00:00,2026-04-01
M04555,ip,I04077,2026-01-01 00:00:00,2026-04-01
M04555,device,D00051,2026-01-01 00:00:00,2026-02-09
M04555,device,D03529,2026-02-09 00:00:00,2026-04-01
M04556,ip,I05482,2026-01-01 00:00:00,2026-04-01
M04556,device,D00829,2026-01-01 00:00:00,2026-04-01
M04557,ip,I09158,2026-01-01 00:00:00,2026-04-01
M04557,device,D04275,2026-01-01 00:00:00,2026-04-01
M04558,ip,I04020,2026-01-14 00:00:00,2026-04-01
M04558,device,D05159,2026-01-14 00:00:00,2026-04-01
M04559,ip,I04642,2026-01-01 00:00:00,2026-04-01
M04559,device,D09793,2026-01-01 00:00:00,2026-02-01
M04559,device,D05277,2026-02-01 00:00:00,2026-04-01
M04560,ip,I03135,2026-01-01 00:00:00,2026-04-01
M04560,device,D08094,2026-01-01 00:00:00,2026-04-01
M04561,ip,I08752,2026-01-01 00:00:00,2026-04-01
M04561,device,D06313,2026-01-01 00:00:00,2026-01-27
M04561,device,D04712,2026-01-27 00:00:00,2026-04-01
M04562,ip,I00711,2026-01-01 00:00:00,2026-04-01
M04562,device,D01312,2026-01-01 00:00:00,2026-04-01
M04563,ip,I07539,2026-01-01 00:00:00,2026-04-01
M04563,device,D03247,2026-01-01 00:00:00,2026-02-19
M04563,device,D05683,2026-02-19 00:00:00,2026-04-01
M04564,ip,I00811,2026-02-21 00:00:00,2026-04-01
M04564,device,D06889,2026-02-21 00:00:00,2026-04-01
M04565,ip,I09147,2026-01-07 00:00:00,2026-04-01
M04565,device,D09644,2026-01-07 00:00:00,2026-01-28
M04565,device,D00005,2026-01-28 00:00:00,2026-04-01
M04566,ip,I02410,2026-02-05 00:00:00,2026-04-01
M04566,device,D05025,2026-02-05 00:00:00,2026-02-12
M04566,device,D02434,2026-02-12 00:00:00,2026-04-01
M04567,ip,I07200,2026-01-01 00:00:00,2026-04-01
M04567,device,D01522,2026-01-01 00:00:00,2026-04-01
M04568,ip,I02638,2026-01-01 00:00:00,2026-04-01
M04568,device,D07611,2026-01-01 00:00:00,2026-04-01
M04569,ip,I05374,2026-01-01 00:00:00,2026-04-01
M04569,device,D06701,2026-01-01 00:00:00,2026-04-01
M04570,ip,I04788,2026-02-04 00:00:00,2026-04-01
M04570,device,D08192,2026-02-04 00:00:00,2026-04-01
M04571,ip,I02441,2026-01-01 00:00:00,2026-04-01
M04571,device,D09000,2026-01-01 00:00:00,2026-01-27
M04571,device,D04446,2026-01-27 00:00:00,2026-04-01
M04572,ip,I00727,2026-01-01 00:00:00,2026-04-01
M04572,device,D06039,2026-01-01 00:00:00,2026-04-01
M04573,ip,I06843,2026-01-19 00:00:00,2026-04-01
M04573,device,D02421,2026-01-19 00:00:00,2026-03-12
M04573,device,D02759,2026-03-12 00:00:00,2026-04-01
M04574,ip,I06034,2026-01-10 00:00:00,2026-04-01
M04574,device,D03658,2026-01-10 00:00:00,2026-01-15
M04574,device,D09677,2026-01-15 00:00:00,2026-04-01
M04575,ip,I06097,2026-01-01 00:00:00,2026-04-01
M04575,device,D02553,2026-01-01 00:00:00,2026-04-01
M04576,ip,I00561,2026-01-01 00:00:00,2026-04-01
M04576,device,D03937,2026-01-01 00:00:00,2026-04-01
M04577,ip,I05617,2026-01-01 00:00:00,2026-04-01
M04577,device,D03138,2026-01-01 00:00:00,2026-03-03
M04577,device,D06235,2026-03-03 00:00:00,2026-04-01
M04578,ip,I00752,2026-01-01 00:00:00,2026-02-17
M04578,device,D07151,2026-01-01 00:00:00,2026-02-05
M04578,device,D04072,2026-02-05 00:00:00,2026-04-01
M04579,ip,I03057,2026-02-10 00:00:00,2026-04-01
M04579,device,D02510,2026-02-10 00:00:00,2026-04-01
M04580,ip,I03425,2026-01-01 00:00:00,2026-04-01
M04580,device,D01232,2026-01-01 00:00:00,2026-02-16
M04580,device,D04391,2026-02-16 00:00:00,2026-04-01
M04581,ip,I02981,2026-01-01 00:00:00,2026-04-01
M04581,device,D08769,2026-01-01 00:00:00,2026-01-27
M04581,device,D08895,2026-01-27 00:00:00,2026-04-01
M04582,ip,I07887,2026-01-01 00:00:00,2026-04-01
M04582,device,D01720,2026-01-01 00:00:00,2026-01-26
M04582,device,D02408,2026-01-26 00:00:00,2026-04-01
M04583,ip,I08519,2026-01-01 00:00:00,2026-04-01
M04583,device,D04589,2026-01-01 00:00:00,2026-02-05
M04583,device,D05553,2026-02-05 00:00:00,2026-04-01
M04584,ip,I07513,2026-01-01 00:00:00,2026-04-01
M04584,device,D05580,2026-01-01 00:00:00,2026-04-01
M04585,ip,I06572,2026-03-18 00:00:00,2026-04-01
M04585,device,D08226,2026-03-18 00:00:00,2026-04-01
M04586,ip,I08778,2026-01-01 00:00:00,2026-04-01
M04586,device,D00709,2026-01-01 00:00:00,2026-04-01
M04587,ip,I01610,2026-03-24 00:00:00,2026-02-02
M04587,device,D05880,2026-03-24 00:00:00,2026-04-01
M04588,ip,I01188,2026-01-01 00:00:00,2026-04-01
M04588,device,D05955,2026-01-01 00:00:00,2026-03-20
M04588,device,D07688,2026-03-20 00:00:00,2026-04-01
M04589,ip,I08761,2026-01-01 00:00:00,2026-04-01
M04589,device,D00836,2026-01-01 00:00:00,2026-02-18
M04589,device,D02761,2026-02-18 00:00:00,2026-04-01
M04590,ip,I08559,2026-01-01 00:00:00,2026-04-01
M04590,device,D03917,2026-01-01 00:00:00,2026-04-01
M04591,ip,I05369,2026-01-01 00:00:00,2026-04-01
M04591,device,D08913,2026-01-01 00:00:00,2026-02-14
M04591,device,D08882,2026-02-14 00:00:00,2026-04-01
M04592,ip,I01128,2026-01-01 00:00:00,2026-04-01
M04592,device,D08132,2026-01-01 00:00:00,2026-04-01
M04593,ip,I06616,2026-01-01 00:00:00,2026-02-02
M04593,device,D06408,2026-01-01 00:00:00,2026-02-02
M04594,ip,I06945,2026-01-01 00:00:00,2026-04-01
M04594,device,D02322,2026-01-01 00:00:00,2026-03-14
M04594,device,D09185,2026-03-14 00:00:00,2026-04-01
M04595,ip,I07710,2026-01-01 00:00:00,2026-04-01
M04595,device,D08916,2026-01-01 00:00:00,2026-04-01
M04596,ip,I07721,2026-01-06 00:00:00,2026-04-01
M04596,device,D02765,2026-01-06 00:00:00,2026-04-01
M04597,ip,I04099,2026-01-09 00:00:00,2026-04-01
M04597,device,D07524,2026-01-09 00:00:00,2026-04-01
M04598,ip,I09866,2026-01-01 00:00:00,2026-03-01
M04598,device,D02099,2026-01-01 00:00:00,2026-04-01
M04599,ip,I04739,2026-03-15 00:00:00,2026-04-01
M04599,device,D07737,2026-03-15 00:00:00,2026-04-01
M04600,ip,I04661,2026-01-01 00:00:00,2026-04-01
M04600,device,D03815,2026-01-01 00:00:00,2026-04-01
M04601,ip,I06498,2026-01-01 00:00:00,2026-04-01
M04601,device,D02568,2026-01-01 00:00:00,2026-04-01
M04602,ip,I09973,2026-01-01 00:00:00,2026-04-01
M04602,device,D03696,2026-01-01 00:00:00,2026-04-01
M04603,ip,I09794,2026-01-01 00:00:00,2026-04-01
M04603,device,D06127,2026-01-01 00:00:00,2026-01-25
M04603,device,D04050,2026-01-25 00:00:00,2026-04-01
M04604,ip,I06839,2026-01-01 00:00:00,2026-02-15
M04604,device,D03016,2026-01-01 00:00:00,2026-01-23
M04604,device,D04350,2026-01-23 00:00:00,2026-04-01
M04605,ip,I05522,2026-01-01 00:00:00,2026-04-01
M04605,device,D02724,2026-01-01 00:00:00,2026-04-01
M04606,ip,I00310,2026-01-01 00:00:00,2026-04-01
M04606,device,D01774,2026-01-01 00:00:00,2026-03-10
M04606,device,D06194,2026-03-10 00:00:00,2026-04-01
M04607,ip,I06240,2026-01-01 00:00:00,2026-01-18
M04607,device,D06719,2026-01-01 00:00:00,2026-04-01
M04608,ip,I01584,2026-01-01 00:00:00,2026-04-01
M04608,device,D06048,2026-01-01 00:00:00,2026-04-01
M04609,ip,I03907,2026-01-01 00:00:00,2026-04-01
M04609,device,D01431,2026-01-01 00:00:00,2026-04-01
M04610,ip,I07239,2026-01-01 00:00:00,2026-02-12
M04610,device,D01399,2026-01-01 00:00:00,2026-04-01
M04611,ip,I05169,2026-01-01 00:00:00,2026-04-01
M04611,device,D03823,2026-01-01 00:00:00,2026-04-01
M04612,ip,I00375,2026-01-01 00:00:00,2026-04-01
M04612,device,D06004,2026-01-01 00:00:00,2026-04-01
M04613,ip,I05220,2026-01-01 00:00:00,2026-04-01
M04613,device,D04195,2026-01-01 00:00:00,2026-04-01
M04614,ip,I01311,2026-01-01 00:00:00,2026-04-01
M04614,device,D01861,2026-01-01 00:00:00,2026-04-01
M04615,ip,I04541,2026-01-01 00:00:00,2026-04-01
M04615,device,D01685,2026-01-01 00:00:00,2026-04-01
M04616,ip,I06606,2026-01-01 00:00:00,2026-04-01
M04616,device,D01185,2026-01-01 00:00:00,2026-04-01
M04617,ip,I05041,2026-01-01 00:00:00,2026-04-01
M04617,device,D05994,2026-01-01 00:00:00,2026-04-01
M04618,ip,I07655,2026-01-01 00:00:00,2026-04-01
M04618,device,D01461,2026-01-01 00:00:00,2026-01-29
M04618,device,D09945,2026-01-29 00:00:00,2026-04-01
M04619,ip,I06784,2026-01-01 00:00:00,2026-04-01
M04619,device,D04120,2026-01-01 00:00:00,2026-03-08
M04619,device,D05569,2026-03-08 00:00:00,2026-04-01
M04620,ip,I04275,2026-01-01 00:00:00,2026-04-01
M04620,device,D07551,2026-01-01 00:00:00,2026-04-01
M04621,ip,I03078,2026-02-05 00:00:00,2026-04-01
M04621,device,D08907,2026-02-05 00:00:00,2026-04-01
M04622,ip,I01436,2026-01-01 00:00:00,2026-04-01
M04622,device,D01646,2026-01-01 00:00:00,2026-04-01
M04623,ip,I06615,2026-01-01 00:00:00,2026-04-01
M04623,device,D01945,2026-01-01 00:00:00,2026-04-01
M04624,ip,I09903,2026-01-01 00:00:00,2026-04-01
M04624,device,D02916,2026-01-01 00:00:00,2026-04-01
M04625,ip,I06995,2026-01-01 00:00:00,2026-04-01
M04625,device,D00553,2026-01-01 00:00:00,2026-04-01
M04626,ip,I08446,2026-02-17 00:00:00,2026-04-01
M04626,device,D02281,2026-02-17 00:00:00,2026-04-01
M04627,ip,I01077,2026-01-01 00:00:00,2026-04-01
M04627,device,D01363,2026-01-01 00:00:00,2026-04-01
M04628,ip,I00569,2026-01-01 00:00:00,2026-04-01
M04628,device,D00830,2026-01-01 00:00:00,2026-04-01
M04629,ip,I02554,2026-01-01 00:00:00,2026-04-01
M04629,device,D01458,2026-01-01 00:00:00,2026-04-01
M04630,ip,I09507,2026-01-01 00:00:00,2026-04-01
M04630,device,D04580,2026-01-01 00:00:00,2026-04-01
M04631,ip,I05856,2026-01-01 00:00:00,2026-04-01
M04631,device,D08145,2026-01-01 00:00:00,2026-01-29
M04631,device,D03468,2026-01-29 00:00:00,2026-04-01
M04632,ip,I05864,2026-01-01 00:00:00,2026-04-01
M04632,device,D06399,2026-01-01 00:00:00,2026-02-09
M04632,device,D09042,2026-02-09 00:00:00,2026-04-01
M04633,ip,I03843,2026-01-01 00:00:00,2026-04-01
M04633,device,D03060,2026-01-01 00:00:00,2026-04-01
M04634,ip,I09410,2026-01-01 00:00:00,2026-04-01
M04634,device,D03888,2026-01-01 00:00:00,2026-04-01
M04635,ip,I04305,2026-01-01 00:00:00,2026-04-01
M04635,device,D07888,2026-01-01 00:00:00,2026-04-01
M04636,ip,I04622,2026-01-01 00:00:00,2026-04-01
M04636,device,D04563,2026-01-01 00:00:00,2026-04-01
M04637,ip,I03880,2026-01-01 00:00:00,2026-04-01
M04637,device,D01370,2026-01-01 00:00:00,2026-01-27
M04637,device,D04976,2026-01-27 00:00:00,2026-04-01
M04638,ip,I09606,2026-01-01 00:00:00,2026-04-01
M04638,device,D03285,2026-01-01 00:00:00,2026-04-01
M04639,ip,I07343,2026-01-01 00:00:00,2026-01-28
M04639,device,D06225,2026-01-01 00:00:00,2026-04-01
M04640,ip,I07403,2026-01-01 00:00:00,2026-04-01
M04640,device,D05585,2026-01-01 00:00:00,2026-04-01
M04641,ip,I00913,2026-01-01 00:00:00,2026-04-01
M04641,device,D03420,2026-01-01 00:00:00,2026-01-25
M04641,device,D07191,2026-01-25 00:00:00,2026-04-01
M04642,ip,I09831,2026-01-01 00:00:00,2026-04-01
M04642,device,D04843,2026-01-01 00:00:00,2026-01-08
M04642,device,D04593,2026-01-08 00:00:00,2026-04-01
M04643,ip,I03100,2026-01-01 00:00:00,2026-01-25
M04643,device,D07734,2026-01-01 00:00:00,2026-04-01
M04644,ip,I08443,2026-01-01 00:00:00,2026-04-01
M04644,device,D04496,2026-01-01 00:00:00,2026-04-01
M04645,ip,I01186,2026-01-01 00:00:00,2026-04-01
M04645,device,D08855,2026-01-01 00:00:00,2026-04-01
M04646,ip,I07344,2026-01-01 00:00:00,2026-04-01
M04646,device,D05928,2026-01-01 00:00:00,2026-04-01
M04647,ip,I02334,2026-01-01 00:00:00,2026-04-01
M04647,device,D03097,2026-01-01 00:00:00,2026-02-22
M04647,device,D06186,2026-02-22 00:00:00,2026-04-01
M04648,ip,I07583,2026-01-01 00:00:00,2026-04-01
M04648,device,D04433,2026-01-01 00:00:00,2026-04-01
M04649,ip,I02755,2026-03-13 00:00:00,2026-04-01
M04649,device,D09145,2026-03-13 00:00:00,2026-04-01
M04650,ip,I06837,2026-01-01 00:00:00,2026-04-01
M04650,device,D06770,2026-01-01 00:00:00,2026-03-08
M04650,device,D03457,2026-03-08 00:00:00,2026-04-01
M04651,ip,I02600,2026-03-01 00:00:00,2026-04-01
M04651,device,D06148,2026-03-01 00:00:00,2026-04-01
M04652,ip,I05218,2026-03-11 00:00:00,2026-04-01
M04652,device,D01477,2026-03-11 00:00:00,2026-04-01
M04653,ip,I08491,2026-01-01 00:00:00,2026-04-01
M04653,device,D00580,2026-01-01 00:00:00,2026-03-10
M04653,device,D04705,2026-03-10 00:00:00,2026-04-01
M04654,ip,I00825,2026-01-01 00:00:00,2026-04-01
M04654,device,D03994,2026-01-01 00:00:00,2026-04-01
M04655,ip,I02466,2026-01-01 00:00:00,2026-04-01
M04655,device,D02608,2026-01-01 00:00:00,2026-04-01
M04656,ip,I05441,2026-01-01 00:00:00,2026-04-01
M04656,device,D02929,2026-01-01 00:00:00,2026-03-06
M04656,device,D08192,2026-03-06 00:00:00,2026-04-01
M04657,ip,I01184,2026-01-01 00:00:00,2026-04-01
M04657,device,D07376,2026-01-01 00:00:00,2026-01-13
M04657,device,D07407,2026-01-13 00:00:00,2026-04-01
M04658,ip,I04535,2026-01-01 00:00:00,2026-04-01
M04658,device,D06016,2026-01-01 00:00:00,2026-04-01
M04659,ip,I02807,2026-01-07 00:00:00,2026-04-01
M04659,device,D08328,2026-01-07 00:00:00,2026-04-01
M04660,ip,I08391,2026-01-01 00:00:00,2026-04-01
M04660,device,D05419,2026-01-01 00:00:00,2026-04-01
M04661,ip,I01961,2026-01-07 00:00:00,2026-04-01
M04661,device,D06036,2026-01-07 00:00:00,2026-01-15
M04661,device,D09179,2026-01-15 00:00:00,2026-04-01
M04662,ip,I06151,2026-01-01 00:00:00,2026-04-01
M04662,device,D03719,2026-01-01 00:00:00,2026-04-01
M04663,ip,I04224,2026-01-01 00:00:00,2026-01-26
M04663,device,D03875,2026-01-01 00:00:00,2026-03-14
M04663,device,D06307,2026-03-14 00:00:00,2026-04-01
M04664,ip,I09387,2026-01-01 00:00:00,2026-04-01
M04664,device,D08633,2026-01-01 00:00:00,2026-04-01
M04665,ip,I00425,2026-01-01 00:00:00,2026-04-01
M04665,device,D01628,2026-01-01 00:00:00,2026-02-26
M04665,device,D08277,2026-02-26 00:00:00,2026-04-01
M04666,ip,I03937,2026-01-01 00:00:00,2026-04-01
M04666,device,D02994,2026-01-01 00:00:00,2026-04-01
M04667,ip,I02583,2026-01-01 00:00:00,2026-04-01
M04667,device,D08216,2026-01-01 00:00:00,2026-04-01
M04668,ip,I02255,2026-01-01 00:00:00,2026-04-01
M04668,device,D00614,2026-01-01 00:00:00,2026-04-01
M04669,ip,I03124,2026-01-01 00:00:00,2026-04-01
M04669,device,D04724,2026-01-01 00:00:00,2026-04-01
M04670,ip,I02705,2026-01-01 00:00:00,2026-04-01
M04670,device,D09403,2026-01-01 00:00:00,2026-03-11
M04670,device,D02041,2026-03-11 00:00:00,2026-04-01
M04671,ip,I00758,2026-01-01 00:00:00,2026-04-01
M04671,device,D03429,2026-01-01 00:00:00,2026-04-01
M04672,ip,I05513,2026-03-10 00:00:00,2026-02-11
M04672,device,D07333,2026-03-10 00:00:00,2026-03-24
M04672,device,D04393,2026-03-24 00:00:00,2026-04-01
M04673,ip,I08723,2026-02-18 00:00:00,2026-04-01
M04673,device,D08160,2026-02-18 00:00:00,2026-04-01
M04674,ip,I09158,2026-02-14 00:00:00,2026-04-01
M04674,device,D04132,2026-02-14 00:00:00,2026-02-19
M04674,device,D06353,2026-02-19 00:00:00,2026-04-01
M04675,ip,I09978,2026-01-01 00:00:00,2026-04-01
M04675,device,D00257,2026-01-01 00:00:00,2026-04-01
M04676,ip,I07340,2026-01-01 00:00:00,2026-04-01
M04676,device,D06900,2026-01-01 00:00:00,2026-03-19
M04676,device,D07742,2026-03-19 00:00:00,2026-04-01
M04677,ip,I07574,2026-03-11 00:00:00,2026-02-24
M04677,device,D02282,2026-03-11 00:00:00,2026-02-24
M04678,ip,I06547,2026-01-01 00:00:00,2026-04-01
M04678,device,D08710,2026-01-01 00:00:00,2026-04-01
M04679,ip,I07780,2026-02-14 00:00:00,2026-04-01
M04679,device,D02331,2026-02-14 00:00:00,2026-04-01
M04680,ip,I00710,2026-01-01 00:00:00,2026-04-01
M04680,device,D05981,2026-01-01 00:00:00,2026-04-01
M04681,ip,I07636,2026-01-01 00:00:00,2026-04-01
M04681,device,D04829,2026-01-01 00:00:00,2026-04-01
M04682,ip,I09840,2026-01-01 00:00:00,2026-04-01
M04682,device,D08472,2026-01-01 00:00:00,2026-04-01
M04683,ip,I03706,2026-01-01 00:00:00,2026-04-01
M04683,device,D00661,2026-01-01 00:00:00,2026-04-01
M04684,ip,I06682,2026-01-01 00:00:00,2026-04-01
M04684,device,D01153,2026-01-01 00:00:00,2026-04-01
M04685,ip,I08878,2026-01-01 00:00:00,2026-04-01
M04685,device,D02079,2026-01-01 00:00:00,2026-04-01
M04686,ip,I02670,2026-01-01 00:00:00,2026-04-01
M04686,device,D08977,2026-01-01 00:00:00,2026-04-01
M04687,ip,I05019,2026-01-01 00:00:00,2026-04-01
M04687,device,D08317,2026-01-01 00:00:00,2026-02-18
M04687,device,D05020,2026-02-18 00:00:00,2026-04-01
M04688,ip,I00459,2026-01-01 00:00:00,2026-04-01
M04688,device,D06118,2026-01-01 00:00:00,2026-04-01
M04689,ip,I06164,2026-02-08 00:00:00,2026-04-01
M04689,device,D09513,2026-02-08 00:00:00,2026-03-04
M04689,device,D00282,2026-03-04 00:00:00,2026-04-01
M04690,ip,I04067,2026-01-11 00:00:00,2026-04-01
M04690,device,D04415,2026-01-11 00:00:00,2026-03-10
M04690,device,D01526,2026-03-10 00:00:00,2026-04-01
M04691,ip,I05602,2026-01-01 00:00:00,2026-04-01
M04691,device,D03756,2026-01-01 00:00:00,2026-04-01
M04692,ip,I07023,2026-01-01 00:00:00,2026-04-01
M04692,device,D04442,2026-01-01 00:00:00,2026-04-01
M04693,ip,I06013,2026-01-01 00:00:00,2026-04-01
M04693,device,D03390,2026-01-01 00:00:00,2026-01-23
M04693,device,D05902,2026-01-23 00:00:00,2026-04-01
M04694,ip,I00609,2026-01-01 00:00:00,2026-04-01
M04694,device,D02638,2026-01-01 00:00:00,2026-04-01
M04695,ip,I07263,2026-02-04 00:00:00,2026-02-15
M04695,device,D03558,2026-02-04 00:00:00,2026-04-01
M04696,ip,I06904,2026-01-08 00:00:00,2026-04-01
M04696,device,D06159,2026-01-08 00:00:00,2026-03-05
M04696,device,D04367,2026-03-05 00:00:00,2026-04-01
M04697,ip,I02556,2026-01-01 00:00:00,2026-04-01
M04697,device,D00208,2026-01-01 00:00:00,2026-04-01
M04698,ip,I06667,2026-01-01 00:00:00,2026-03-05
M04698,device,D05539,2026-01-01 00:00:00,2026-04-01
M04699,ip,I05239,2026-01-01 00:00:00,2026-04-01
M04699,device,D07059,2026-01-01 00:00:00,2026-04-01
M04700,ip,I04167,2026-01-01 00:00:00,2026-04-01
M04700,device,D07214,2026-01-01 00:00:00,2026-04-01
M04701,ip,I06341,2026-01-01 00:00:00,2026-04-01
M04701,device,D02184,2026-01-01 00:00:00,2026-04-01
M04702,ip,I08135,2026-01-01 00:00:00,2026-04-01
M04702,device,D05038,2026-01-01 00:00:00,2026-04-01
M04703,ip,I08578,2026-01-01 00:00:00,2026-04-01
M04703,device,D01921,2026-01-01 00:00:00,2026-04-01
M04704,ip,I03049,2026-01-01 00:00:00,2026-04-01
M04704,device,D09912,2026-01-01 00:00:00,2026-04-01
M04705,ip,I09694,2026-01-01 00:00:00,2026-04-01
M04705,device,D00818,2026-01-01 00:00:00,2026-01-14
M04705,device,D09177,2026-01-14 00:00:00,2026-04-01
M04706,ip,I07599,2026-01-01 00:00:00,2026-01-23
M04706,device,D07534,2026-01-01 00:00:00,2026-04-01
M04707,ip,I08063,2026-01-01 00:00:00,2026-02-06
M04707,device,D00588,2026-01-01 00:00:00,2026-04-01
M04708,ip,I00162,2026-01-15 00:00:00,2026-04-01
M04708,device,D09531,2026-01-15 00:00:00,2026-01-22
M04708,device,D03644,2026-01-22 00:00:00,2026-04-01
M04709,ip,I06569,2026-01-01 00:00:00,2026-04-01
M04709,device,D04953,2026-01-01 00:00:00,2026-04-01
M04710,ip,I01347,2026-01-01 00:00:00,2026-04-01
M04710,device,D03607,2026-01-01 00:00:00,2026-04-01
M04711,ip,I06214,2026-01-01 00:00:00,2026-04-01
M04711,device,D04249,2026-01-01 00:00:00,2026-04-01
M04712,ip,I03722,2026-01-01 00:00:00,2026-04-01
M04712,device,D00070,2026-01-01 00:00:00,2026-04-01
M04713,ip,I05532,2026-01-01 00:00:00,2026-04-01
M04713,device,D08976,2026-01-01 00:00:00,2026-04-01
M04714,ip,I04125,2026-01-01 00:00:00,2026-04-01
M04714,device,D08377,2026-01-01 00:00:00,2026-03-23
M04714,device,D02650,2026-03-23 00:00:00,2026-04-01
M04715,ip,I02628,2026-02-22 00:00:00,2026-04-01
M04715,device,D03004,2026-02-22 00:00:00,2026-04-01
M04716,ip,I09167,2026-01-01 00:00:00,2026-04-01
M04716,device,D03577,2026-01-01 00:00:00,2026-04-01
M04717,ip,I02721,2026-01-01 00:00:00,2026-04-01
M04717,device,D06265,2026-01-01 00:00:00,2026-04-01
M04718,ip,I01023,2026-02-09 00:00:00,2026-04-01
M04718,device,D03592,2026-02-09 00:00:00,2026-04-01
M04719,ip,I07881,2026-01-01 00:00:00,2026-04-01
M04719,device,D06392,2026-01-01 00:00:00,2026-02-10
M04719,device,D09183,2026-02-10 00:00:00,2026-04-01
M04720,ip,I08411,2026-01-01 00:00:00,2026-04-01
M04720,device,D02013,2026-01-01 00:00:00,2026-03-11
M04720,device,D01503,2026-03-11 00:00:00,2026-04-01
M04721,ip,I03406,2026-01-01 00:00:00,2026-04-01
M04721,device,D03197,2026-01-01 00:00:00,2026-02-16
M04721,device,D01500,2026-02-16 00:00:00,2026-04-01
M04722,ip,I08206,2026-01-01 00:00:00,2026-04-01
M04722,device,D05482,2026-01-01 00:00:00,2026-04-01
M04723,ip,I09221,2026-03-21 00:00:00,2026-04-01
M04723,device,D01579,2026-03-21 00:00:00,2026-04-01
M04724,ip,I09241,2026-01-01 00:00:00,2026-04-01
M04724,device,D01924,2026-01-01 00:00:00,2026-04-01
M04725,ip,I07279,2026-01-01 00:00:00,2026-04-01
M04725,device,D00700,2026-01-01 00:00:00,2026-04-01
M04726,ip,I03247,2026-01-24 00:00:00,2026-02-03
M04726,device,D05391,2026-01-24 00:00:00,2026-04-01
M04727,ip,I00985,2026-01-01 00:00:00,2026-02-03
M04727,device,D07749,2026-01-01 00:00:00,2026-02-19
M04727,device,D06240,2026-02-19 00:00:00,2026-04-01
M04728,ip,I07374,2026-01-01 00:00:00,2026-04-01
M04728,device,D04060,2026-01-01 00:00:00,2026-04-01
M04729,ip,I04752,2026-01-01 00:00:00,2026-04-01
M04729,device,D03926,2026-01-01 00:00:00,2026-02-21
M04729,device,D08740,2026-02-21 00:00:00,2026-04-01
M04730,ip,I02001,2026-01-01 00:00:00,2026-04-01
M04730,device,D00978,2026-01-01 00:00:00,2026-04-01
M04731,ip,I01807,2026-01-01 00:00:00,2026-04-01
M04731,device,D02919,2026-01-01 00:00:00,2026-04-01
M04732,ip,I07732,2026-01-01 00:00:00,2026-04-01
M04732,device,D04260,2026-01-01 00:00:00,2026-04-01
M04733,ip,I06595,2026-03-08 00:00:00,2026-04-01
M04733,device,D07020,2026-03-08 00:00:00,2026-03-16
M04733,device,D03002,2026-03-16 00:00:00,2026-04-01
M04734,ip,I05550,2026-01-01 00:00:00,2026-04-01
M04734,device,D00605,2026-01-01 00:00:00,2026-04-01
M04735,ip,I02631,2026-01-01 00:00:00,2026-04-01
M04735,device,D09896,2026-01-01 00:00:00,2026-04-01
M04736,ip,I02361,2026-02-18 00:00:00,2026-04-01
M04736,device,D09382,2026-02-18 00:00:00,2026-04-01
M04737,ip,I04201,2026-01-01 00:00:00,2026-04-01
M04737,device,D08988,2026-01-01 00:00:00,2026-04-01
M04738,ip,I09508,2026-01-01 00:00:00,2026-01-26
M04738,device,D00500,2026-01-01 00:00:00,2026-04-01
M04739,ip,I00444,2026-01-01 00:00:00,2026-04-01
M04739,device,D08861,2026-01-01 00:00:00,2026-01-16
M04739,device,D09268,2026-01-16 00:00:00,2026-04-01
M04740,ip,I06616,2026-01-29 00:00:00,2026-04-01
M04740,device,D04814,2026-01-29 00:00:00,2026-02-08
M04740,device,D00301,2026-02-08 00:00:00,2026-04-01
M04741,ip,I04391,2026-01-01 00:00:00,2026-04-01
M04741,device,D05027,2026-01-01 00:00:00,2026-04-01
M04742,ip,I04524,2026-01-01 00:00:00,2026-04-01
M04742,device,D01217,2026-01-01 00:00:00,2026-04-01
M04743,ip,I02762,2026-01-01 00:00:00,2026-04-01
M04743,device,D04359,2026-01-01 00:00:00,2026-04-01
M04744,ip,I07076,2026-01-01 00:00:00,2026-04-01
M04744,device,D02648,2026-01-01 00:00:00,2026-04-01
M04745,ip,I03492,2026-01-01 00:00:00,2026-04-01
M04745,device,D06956,2026-01-01 00:00:00,2026-04-01
M04746,ip,I06242,2026-02-28 00:00:00,2026-04-01
M04746,device,D06878,2026-02-28 00:00:00,2026-04-01
M04747,ip,I01187,2026-01-01 00:00:00,2026-04-01
M04747,device,D06923,2026-01-01 00:00:00,2026-04-01
M04748,ip,I02681,2026-02-03 00:00:00,2026-04-01
M04748,device,D08868,2026-02-03 00:00:00,2026-03-06
M04748,device,D00692,2026-03-06 00:00:00,2026-04-01
M04749,ip,I02415,2026-01-01 00:00:00,2026-04-01
M04749,device,D02224,2026-01-01 00:00:00,2026-04-01
M04750,ip,I04461,2026-01-01 00:00:00,2026-04-01
M04750,device,D05586,2026-01-01 00:00:00,2026-04-01
M04751,ip,I07723,2026-01-01 00:00:00,2026-04-01
M04751,device,D06120,2026-01-01 00:00:00,2026-04-01
M04752,ip,I03021,2026-01-01 00:00:00,2026-04-01
M04752,device,D09107,2026-01-01 00:00:00,2026-04-01
M04753,ip,I06534,2026-01-01 00:00:00,2026-04-01
M04753,device,D07530,2026-01-01 00:00:00,2026-01-10
M04753,device,D05292,2026-01-10 00:00:00,2026-04-01
M04754,ip,I02945,2026-01-01 00:00:00,2026-04-01
M04754,device,D03302,2026-01-01 00:00:00,2026-04-01
M04755,ip,I08421,2026-01-01 00:00:00,2026-04-01
M04755,device,D04209,2026-01-01 00:00:00,2026-04-01
M04756,ip,I01911,2026-01-01 00:00:00,2026-02-02
M04756,device,D09027,2026-01-01 00:00:00,2026-04-01
M04757,ip,I08742,2026-01-01 00:00:00,2026-04-01
M04757,device,D02256,2026-01-01 00:00:00,2026-02-11
M04757,device,D03200,2026-02-11 00:00:00,2026-04-01
M04758,ip,I09563,2026-02-27 00:00:00,2026-04-01
M04758,device,D02784,2026-02-27 00:00:00,2026-03-10
M04758,device,D05400,2026-03-10 00:00:00,2026-04-01
M04759,ip,I02057,2026-01-23 00:00:00,2026-04-01
M04759,device,D02906,2026-01-23 00:00:00,2026-02-27
M04759,device,D03486,2026-02-27 00:00:00,2026-04-01
M04760,ip,I05707,2026-03-02 00:00:00,2026-04-01
M04760,device,D09168,2026-03-02 00:00:00,2026-04-01
M04761,ip,I09437,2026-01-01 00:00:00,2026-04-01
M04761,device,D00982,2026-01-01 00:00:00,2026-04-01
M04762,ip,I09654,2026-01-01 00:00:00,2026-04-01
M04762,device,D09207,2026-01-01 00:00:00,2026-04-01
M04763,ip,I07924,2026-03-09 00:00:00,2026-02-07
M04763,device,D06911,2026-03-09 00:00:00,2026-04-01
M04764,ip,I08807,2026-01-01 00:00:00,2026-01-27
M04764,device,D05959,2026-01-01 00:00:00,2026-04-01
M04765,ip,I02073,2026-01-01 00:00:00,2026-04-01
M04765,device,D00161,2026-01-01 00:00:00,2026-04-01
M04766,ip,I05022,2026-01-01 00:00:00,2026-04-01
M04766,device,D02835,2026-01-01 00:00:00,2026-04-01
M04767,ip,I03932,2026-01-01 00:00:00,2026-04-01
M04767,device,D09973,2026-01-01 00:00:00,2026-04-01
M04768,ip,I07660,2026-01-01 00:00:00,2026-04-01
M04768,device,D09646,2026-01-01 00:00:00,2026-04-01
M04769,ip,I04398,2026-01-01 00:00:00,2026-04-01
M04769,device,D08505,2026-01-01 00:00:00,2026-02-16
M04769,device,D01176,2026-02-16 00:00:00,2026-04-01
M04770,ip,I06933,2026-01-01 00:00:00,2026-04-01
M04770,device,D01756,2026-01-01 00:00:00,2026-04-01
M04771,ip,I00632,2026-01-01 00:00:00,2026-04-01
M04771,device,D05306,2026-01-01 00:00:00,2026-01-21
M04771,device,D06441,2026-01-21 00:00:00,2026-04-01
M04772,ip,I09799,2026-01-01 00:00:00,2026-04-01
M04772,device,D09158,2026-01-01 00:00:00,2026-04-01
M04773,ip,I01135,2026-01-11 00:00:00,2026-01-27
M04773,device,D00406,2026-01-11 00:00:00,2026-03-01
M04773,device,D07897,2026-03-01 00:00:00,2026-04-01
M04774,ip,I09354,2026-01-01 00:00:00,2026-04-01
M04774,device,D05983,2026-01-01 00:00:00,2026-04-01
M04775,ip,I02015,2026-01-01 00:00:00,2026-04-01
M04775,device,D09023,2026-01-01 00:00:00,2026-04-01
M04776,ip,I07906,2026-01-01 00:00:00,2026-04-01
M04776,device,D06941,2026-01-01 00:00:00,2026-04-01
M04777,ip,I03198,2026-01-01 00:00:00,2026-04-01
M04777,device,D05539,2026-01-01 00:00:00,2026-04-01
M04778,ip,I09621,2026-01-01 00:00:00,2026-04-01
M04778,device,D06468,2026-01-01 00:00:00,2026-04-01
M04779,ip,I06524,2026-02-11 00:00:00,2026-04-01
M04779,device,D03803,2026-02-11 00:00:00,2026-04-01
M04780,ip,I03541,2026-02-15 00:00:00,2026-04-01
M04780,device,D04454,2026-02-15 00:00:00,2026-04-01
M04781,ip,I01972,2026-01-01 00:00:00,2026-02-03
M04781,device,D02416,2026-01-01 00:00:00,2026-01-19
M04781,device,D01511,2026-01-19 00:00:00,2026-04-01
M04782,ip,I04395,2026-01-01 00:00:00,2026-04-01
M04782,device,D09906,2026-01-01 00:00:00,2026-04-01
M04783,ip,I00765,2026-01-01 00:00:00,2026-04-01
M04783,device,D02519,2026-01-01 00:00:00,2026-02-16
M04783,device,D09542,2026-02-16 00:00:00,2026-04-01
M04784,ip,I02460,2026-01-31 00:00:00,2026-04-01
M04784,device,D03688,2026-01-31 00:00:00,2026-04-01
M04785,ip,I00245,2026-03-16 00:00:00,2026-04-01
M04785,device,D01162,2026-03-16 00:00:00,2026-04-01
M04786,ip,I02929,2026-01-01 00:00:00,2026-02-19
M04786,device,D03073,2026-01-01 00:00:00,2026-04-01
M04787,ip,I06299,2026-01-01 00:00:00,2026-04-01
M04787,device,D01758,2026-01-01 00:00:00,2026-04-01
M04788,ip,I00218,2026-01-01 00:00:00,2026-04-01
M04788,device,D08062,2026-01-01 00:00:00,2026-04-01
M04789,ip,I03249,2026-01-01 00:00:00,2026-02-08
M04789,device,D06074,2026-01-01 00:00:00,2026-03-23
M04789,device,D05237,2026-03-23 00:00:00,2026-04-01
M04790,ip,I02701,2026-01-31 00:00:00,2026-04-01
M04790,device,D02194,2026-01-31 00:00:00,2026-04-01
M04791,ip,I08324,2026-01-01 00:00:00,2026-04-01
M04791,device,D08391,2026-01-01 00:00:00,2026-04-01
M04792,ip,I04683,2026-01-01 00:00:00,2026-04-01
M04792,device,D07363,2026-01-01 00:00:00,2026-04-01
M04793,ip,I00529,2026-02-17 00:00:00,2026-04-01
M04793,device,D09952,2026-02-17 00:00:00,2026-04-01
M04794,ip,I05946,2026-01-01 00:00:00,2026-04-01
M04794,device,D06202,2026-01-01 00:00:00,2026-04-01
M04795,ip,I03026,2026-01-01 00:00:00,2026-04-01
M04795,device,D02818,2026-01-01 00:00:00,2026-03-05
M04795,device,D05221,2026-03-05 00:00:00,2026-04-01
M04796,ip,I05069,2026-01-01 00:00:00,2026-04-01
M04796,device,D02915,2026-01-01 00:00:00,2026-04-01
M04797,ip,I00347,2026-01-01 00:00:00,2026-04-01
M04797,device,D08015,2026-01-01 00:00:00,2026-04-01
M04798,ip,I02111,2026-03-23 00:00:00,2026-04-01
M04798,device,D03446,2026-03-23 00:00:00,2026-04-01
M04799,ip,I04761,2026-01-01 00:00:00,2026-04-01
M04799,device,D08414,2026-01-01 00:00:00,2026-04-01
M04800,ip,I03604,2026-01-01 00:00:00,2026-04-01
M04800,device,D07444,2026-01-01 00:00:00,2026-04-01
M04801,ip,I03381,2026-01-01 00:00:00,2026-04-01
M04801,device,D02325,2026-01-01 00:00:00,2026-04-01
M04802,ip,I01957,2026-01-30 00:00:00,2026-04-01
M04802,device,D02701,2026-01-30 00:00:00,2026-03-17
M04802,device,D03049,2026-03-17 00:00:00,2026-04-01
M04803,ip,I08213,2026-01-01 00:00:00,2026-04-01
M04803,device,D02780,2026-01-01 00:00:00,2026-04-01
M04804,ip,I08614,2026-01-01 00:00:00,2026-04-01
M04804,device,D05340,2026-01-01 00:00:00,2026-04-01
M04805,ip,I00307,2026-01-01 00:00:00,2026-04-01
M04805,device,D01729,2026-01-01 00:00:00,2026-04-01
M04806,ip,I08332,2026-01-04 00:00:00,2026-04-01
M04806,device,D06392,2026-01-04 00:00:00,2026-04-01
M04807,ip,I02829,2026-01-01 00:00:00,2026-04-01
M04807,device,D06832,2026-01-01 00:00:00,2026-02-08
M04807,device,D02575,2026-02-08 00:00:00,2026-04-01
M04808,ip,I02377,2026-01-01 00:00:00,2026-04-01
M04808,device,D00641,2026-01-01 00:00:00,2026-04-01
M04809,ip,I06470,2026-01-01 00:00:00,2026-04-01
M04809,device,D09905,2026-01-01 00:00:00,2026-04-01
M04810,ip,I02474,2026-01-01 00:00:00,2026-01-11
M04810,device,D03575,2026-01-01 00:00:00,2026-01-29
M04810,device,D03783,2026-01-29 00:00:00,2026-04-01
M04811,ip,I01994,2026-03-19 00:00:00,2026-04-01
M04811,device,D08918,2026-03-19 00:00:00,2026-04-01
M04812,ip,I02966,2026-01-01 00:00:00,2026-04-01
M04812,device,D04928,2026-01-01 00:00:00,2026-04-01
M04813,ip,I00664,2026-01-01 00:00:00,2026-04-01
M04813,device,D05482,2026-01-01 00:00:00,2026-04-01
M04814,ip,I08775,2026-01-17 00:00:00,2026-01-18
M04814,device,D03454,2026-01-17 00:00:00,2026-04-01
M04815,ip,I07754,2026-01-14 00:00:00,2026-04-01
M04815,device,D09357,2026-01-14 00:00:00,2026-03-16
M04815,device,D06217,2026-03-16 00:00:00,2026-04-01
M04816,ip,I06103,2026-02-14 00:00:00,2026-04-01
M04816,device,D07225,2026-02-14 00:00:00,2026-02-21
M04816,device,D09910,2026-02-21 00:00:00,2026-04-01
M04817,ip,I08747,2026-01-01 00:00:00,2026-04-01
M04817,device,D07398,2026-01-01 00:00:00,2026-04-01
M04818,ip,I02946,2026-01-09 00:00:00,2026-04-01
M04818,device,D06490,2026-01-09 00:00:00,2026-04-01
M04819,ip,I02318,2026-01-01 00:00:00,2026-04-01
M04819,device,D01899,2026-01-01 00:00:00,2026-02-05
M04819,device,D03973,2026-02-05 00:00:00,2026-04-01
M04820,ip,I06080,2026-01-01 00:00:00,2026-04-01
M04820,device,D00548,2026-01-01 00:00:00,2026-01-22
M04820,device,D03358,2026-01-22 00:00:00,2026-04-01
M04821,ip,I06728,2026-01-01 00:00:00,2026-04-01
M04821,device,D07465,2026-01-01 00:00:00,2026-04-01
M04822,ip,I09593,2026-01-19 00:00:00,2026-04-01
M04822,device,D07238,2026-01-19 00:00:00,2026-04-01
M04823,ip,I01242,2026-01-01 00:00:00,2026-04-01
M04823,device,D04231,2026-01-01 00:00:00,2026-03-10
M04823,device,D03220,2026-03-10 00:00:00,2026-04-01
M04824,ip,I07401,2026-01-01 00:00:00,2026-04-01
M04824,device,D01833,2026-01-01 00:00:00,2026-04-01
M04825,ip,I04718,2026-01-01 00:00:00,2026-04-01
M04825,device,D08261,2026-01-01 00:00:00,2026-04-01
M04826,ip,I03592,2026-01-01 00:00:00,2026-04-01
M04826,device,D05975,2026-01-01 00:00:00,2026-04-01
M04827,ip,I04075,2026-01-01 00:00:00,2026-04-01
M04827,device,D04765,2026-01-01 00:00:00,2026-04-01
M04828,ip,I01952,2026-01-01 00:00:00,2026-04-01
M04828,device,D01145,2026-01-01 00:00:00,2026-01-30
M04828,device,D09895,2026-01-30 00:00:00,2026-04-01
M04829,ip,I04373,2026-01-01 00:00:00,2026-04-01
M04829,device,D08702,2026-01-01 00:00:00,2026-04-01
M04830,ip,I01725,2026-01-01 00:00:00,2026-04-01
M04830,device,D06324,2026-01-01 00:00:00,2026-04-01
M04831,ip,I08086,2026-01-01 00:00:00,2026-04-01
M04831,device,D03644,2026-01-01 00:00:00,2026-02-11
M04831,device,D00646,2026-02-11 00:00:00,2026-04-01
M04832,ip,I03244,2026-03-16 00:00:00,2026-02-25
M04832,device,D07259,2026-03-16 00:00:00,2026-02-25
M04833,ip,I02044,2026-01-01 00:00:00,2026-04-01
M04833,device,D01639,2026-01-01 00:00:00,2026-03-11
M04833,device,D00362,2026-03-11 00:00:00,2026-04-01
M04834,ip,I00046,2026-01-01 00:00:00,2026-04-01
M04834,device,D02930,2026-01-01 00:00:00,2026-04-01
M04835,ip,I01257,2026-01-01 00:00:00,2026-04-01
M04835,device,D05251,2026-01-01 00:00:00,2026-04-01
M04836,ip,I00186,2026-01-01 00:00:00,2026-04-01
M04836,device,D02004,2026-01-01 00:00:00,2026-01-14
M04836,device,D02005,2026-01-14 00:00:00,2026-04-01
M04837,ip,I07127,2026-01-01 00:00:00,2026-04-01
M04837,device,D06297,2026-01-01 00:00:00,2026-03-26
M04837,device,D06617,2026-03-26 00:00:00,2026-04-01
M04838,ip,I02296,2026-01-01 00:00:00,2026-04-01
M04838,device,D03810,2026-01-01 00:00:00,2026-04-01
M04839,ip,I02965,2026-01-01 00:00:00,2026-02-03
M04839,device,D08058,2026-01-01 00:00:00,2026-04-01
M04840,ip,I05059,2026-03-02 00:00:00,2026-04-01
M04840,device,D00674,2026-03-02 00:00:00,2026-04-01
M04841,ip,I05466,2026-01-01 00:00:00,2026-01-27
M04841,device,D01842,2026-01-01 00:00:00,2026-01-08
M04841,device,D05175,2026-01-08 00:00:00,2026-04-01
M04842,ip,I03822,2026-01-01 00:00:00,2026-04-01
M04842,device,D02694,2026-01-01 00:00:00,2026-02-14
M04842,device,D06616,2026-02-14 00:00:00,2026-04-01
M04843,ip,I08932,2026-03-06 00:00:00,2026-02-20
M04843,device,D02903,2026-03-06 00:00:00,2026-02-20
M04844,ip,I06779,2026-02-17 00:00:00,2026-04-01
M04844,device,D06480,2026-02-17 00:00:00,2026-04-01
M04845,ip,I09409,2026-01-01 00:00:00,2026-04-01
M04845,device,D01259,2026-01-01 00:00:00,2026-04-01
M04846,ip,I08531,2026-01-01 00:00:00,2026-04-01
M04846,device,D06449,2026-01-01 00:00:00,2026-04-01
M04847,ip,I03606,2026-01-01 00:00:00,2026-04-01
M04847,device,D07455,2026-01-01 00:00:00,2026-04-01
M04848,ip,I09528,2026-01-01 00:00:00,2026-04-01
M04848,device,D00398,2026-01-01 00:00:00,2026-03-03
M04848,device,D01956,2026-03-03 00:00:00,2026-04-01
M04849,ip,I08312,2026-03-18 00:00:00,2026-04-01
M04849,device,D03739,2026-03-18 00:00:00,2026-04-01
M04850,ip,I03897,2026-01-01 00:00:00,2026-04-01
M04850,device,D09160,2026-01-01 00:00:00,2026-04-01
M04851,ip,I06778,2026-01-01 00:00:00,2026-04-01
M04851,device,D01076,2026-01-01 00:00:00,2026-04-01
M04852,ip,I01656,2026-01-01 00:00:00,2026-04-01
M04852,device,D08756,2026-01-01 00:00:00,2026-01-25
M04852,device,D03072,2026-01-25 00:00:00,2026-04-01
M04853,ip,I01268,2026-01-01 00:00:00,2026-02-06
M04853,device,D00468,2026-01-01 00:00:00,2026-02-24
M04853,device,D05647,2026-02-24 00:00:00,2026-04-01
M04854,ip,I03453,2026-01-01 00:00:00,2026-04-01
M04854,device,D03929,2026-01-01 00:00:00,2026-04-01
M04855,ip,I08896,2026-03-03 00:00:00,2026-04-01
M04855,device,D06873,2026-03-03 00:00:00,2026-04-01
M04856,ip,I08946,2026-01-14 00:00:00,2026-04-01
M04856,device,D03057,2026-01-14 00:00:00,2026-04-01
M04857,ip,I01789,2026-01-01 00:00:00,2026-04-01
M04857,device,D07370,2026-01-01 00:00:00,2026-04-01
M04858,ip,I03535,2026-01-01 00:00:00,2026-02-03
M04858,device,D06208,2026-01-01 00:00:00,2026-04-01
M04859,ip,I02622,2026-01-29 00:00:00,2026-04-01
M04859,device,D05070,2026-01-29 00:00:00,2026-04-01
M04860,ip,I04939,2026-02-18 00:00:00,2026-04-01
M04860,device,D04107,2026-02-18 00:00:00,2026-04-01
M04861,ip,I01831,2026-01-01 00:00:00,2026-04-01
M04861,device,D09348,2026-01-01 00:00:00,2026-04-01
M04862,ip,I01132,2026-01-01 00:00:00,2026-04-01
M04862,device,D07105,2026-01-01 00:00:00,2026-04-01
M04863,ip,I02357,2026-02-15 00:00:00,2026-04-01
M04863,device,D01826,2026-02-15 00:00:00,2026-04-01
M04864,ip,I06560,2026-01-01 00:00:00,2026-04-01
M04864,device,D06918,2026-01-01 00:00:00,2026-04-01
M04865,ip,I07789,2026-01-01 00:00:00,2026-02-15
M04865,device,D02338,2026-01-01 00:00:00,2026-04-01
M04866,ip,I01305,2026-01-01 00:00:00,2026-04-01
M04866,device,D08494,2026-01-01 00:00:00,2026-04-01
M04867,ip,I04235,2026-01-01 00:00:00,2026-04-01
M04867,device,D06398,2026-01-01 00:00:00,2026-04-01
M04868,ip,I02166,2026-01-01 00:00:00,2026-04-01
M04868,device,D02597,2026-01-01 00:00:00,2026-04-01
M04869,ip,I08172,2026-01-01 00:00:00,2026-04-01
M04869,device,D00014,2026-01-01 00:00:00,2026-04-01
M04870,ip,I09387,2026-01-01 00:00:00,2026-04-01
M04870,device,D02879,2026-01-01 00:00:00,2026-04-01
M04871,ip,I00790,2026-01-01 00:00:00,2026-04-01
M04871,device,D03380,2026-01-01 00:00:00,2026-04-01
M04872,ip,I01931,2026-01-01 00:00:00,2026-04-01
M04872,device,D06670,2026-01-01 00:00:00,2026-04-01
M04873,ip,I01614,2026-01-15 00:00:00,2026-04-01
M04873,device,D09999,2026-01-15 00:00:00,2026-02-01
M04873,device,D00124,2026-02-01 00:00:00,2026-04-01
M04874,ip,I08436,2026-01-01 00:00:00,2026-04-01
M04874,device,D09681,2026-01-01 00:00:00,2026-01-22
M04874,device,D08158,2026-01-22 00:00:00,2026-04-01
M04875,ip,I05481,2026-01-01 00:00:00,2026-04-01
M04875,device,D02922,2026-01-01 00:00:00,2026-03-24
M04875,device,D07478,2026-03-24 00:00:00,2026-04-01
M04876,ip,I04088,2026-01-01 00:00:00,2026-04-01
M04876,device,D07006,2026-01-01 00:00:00,2026-04-01
M04877,ip,I02372,2026-01-01 00:00:00,2026-04-01
M04877,device,D00471,2026-01-01 00:00:00,2026-04-01
M04878,ip,I03228,2026-01-01 00:00:00,2026-04-01
M04878,device,D04383,2026-01-01 00:00:00,2026-04-01
M04879,ip,I04781,2026-01-01 00:00:00,2026-04-01
M04879,device,D07498,2026-01-01 00:00:00,2026-04-01
M04880,ip,I06701,2026-01-01 00:00:00,2026-04-01
M04880,device,D02350,2026-01-01 00:00:00,2026-04-01
M04881,ip,I04865,2026-03-03 00:00:00,2026-04-01
M04881,device,D06494,2026-03-03 00:00:00,2026-04-01
M04882,ip,I03140,2026-01-01 00:00:00,2026-04-01
M04882,device,D09811,2026-01-01 00:00:00,2026-01-21
M04882,device,D05497,2026-01-21 00:00:00,2026-04-01
M04883,ip,I03724,2026-01-01 00:00:00,2026-04-01
M04883,device,D07523,2026-01-01 00:00:00,2026-01-16
M04883,device,D09208,2026-01-16 00:00:00,2026-04-01
M04884,ip,I05351,2026-01-01 00:00:00,2026-04-01
M04884,device,D01643,2026-01-01 00:00:00,2026-03-10
M04884,device,D04944,2026-03-10 00:00:00,2026-04-01
M04885,ip,I07917,2026-01-01 00:00:00,2026-04-01
M04885,device,D08396,2026-01-01 00:00:00,2026-04-01
M04886,ip,I00156,2026-01-01 00:00:00,2026-04-01
M04886,device,D03209,2026-01-01 00:00:00,2026-04-01
M04887,ip,I05170,2026-01-01 00:00:00,2026-02-25
M04887,device,D06524,2026-01-01 00:00:00,2026-02-25
M04888,ip,I06506,2026-01-01 00:00:00,2026-04-01
M04888,device,D04886,2026-01-01 00:00:00,2026-04-01
M04889,ip,I04081,2026-01-01 00:00:00,2026-04-01
M04889,device,D07156,2026-01-01 00:00:00,2026-04-01
M04890,ip,I09779,2026-01-01 00:00:00,2026-02-08
M04890,device,D07832,2026-01-01 00:00:00,2026-04-01
M04891,ip,I05025,2026-01-01 00:00:00,2026-04-01
M04891,device,D02230,2026-01-01 00:00:00,2026-04-01
M04892,ip,I01491,2026-01-01 00:00:00,2026-04-01
M04892,device,D07863,2026-01-01 00:00:00,2026-04-01
M04893,ip,I04502,2026-02-26 00:00:00,2026-04-01
M04893,device,D04620,2026-02-26 00:00:00,2026-04-01
M04894,ip,I09185,2026-01-01 00:00:00,2026-04-01
M04894,device,D01511,2026-01-01 00:00:00,2026-04-01
M04895,ip,I09071,2026-01-01 00:00:00,2026-04-01
M04895,device,D07118,2026-01-01 00:00:00,2026-04-01
M04896,ip,I03763,2026-03-16 00:00:00,2026-04-01
M04896,device,D08759,2026-03-16 00:00:00,2026-04-01
M04897,ip,I01086,2026-01-01 00:00:00,2026-04-01
M04897,device,D05559,2026-01-01 00:00:00,2026-04-01
M04898,ip,I00288,2026-01-01 00:00:00,2026-04-01
M04898,device,D04234,2026-01-01 00:00:00,2026-03-03
M04898,device,D04552,2026-03-03 00:00:00,2026-04-01
M04899,ip,I01470,2026-01-01 00:00:00,2026-04-01
M04899,device,D08423,2026-01-01 00:00:00,2026-02-11
M04899,device,D01454,2026-02-11 00:00:00,2026-04-01
M04900,ip,I08673,2026-01-23 00:00:00,2026-04-01
M04900,device,D06132,2026-01-23 00:00:00,2026-04-01
M04901,ip,I01929,2026-02-23 00:00:00,2026-04-01
M04901,device,D00467,2026-02-23 00:00:00,2026-03-07
M04901,device,D03377,2026-03-07 00:00:00,2026-04-01
M04902,ip,I02598,2026-01-01 00:00:00,2026-02-24
M04902,device,D07330,2026-01-01 00:00:00,2026-02-24
M04903,ip,I08600,2026-01-01 00:00:00,2026-04-01
M04903,device,D00896,2026-01-01 00:00:00,2026-04-01
M04904,ip,I09143,2026-01-01 00:00:00,2026-04-01
M04904,device,D08278,2026-01-01 00:00:00,2026-01-25
M04904,device,D03583,2026-01-25 00:00:00,2026-04-01
M04905,ip,I04952,2026-01-01 00:00:00,2026-02-15
M04905,device,D04674,2026-01-01 00:00:00,2026-01-09
M04905,device,D02250,2026-01-09 00:00:00,2026-04-01
M04906,ip,I06048,2026-01-01 00:00:00,2026-04-01
M04906,device,D00088,2026-01-01 00:00:00,2026-04-01
M04907,ip,I01649,2026-01-01 00:00:00,2026-04-01
M04907,device,D08963,2026-01-01 00:00:00,2026-04-01
M04908,ip,I05736,2026-01-01 00:00:00,2026-04-01
M04908,device,D05505,2026-01-01 00:00:00,2026-04-01
M04909,ip,I03832,2026-01-01 00:00:00,2026-04-01
M04909,device,D09381,2026-01-01 00:00:00,2026-02-04
M04909,device,D05977,2026-02-04 00:00:00,2026-04-01
M04910,ip,I03100,2026-03-11 00:00:00,2026-04-01
M04910,device,D00102,2026-03-11 00:00:00,2026-04-01
M04911,ip,I00076,2026-03-23 00:00:00,2026-04-01
M04911,device,D04572,2026-03-23 00:00:00,2026-04-01
M04912,ip,I07404,2026-01-01 00:00:00,2026-04-01
M04912,device,D02971,2026-01-01 00:00:00,2026-01-24
M04912,device,D07646,2026-01-24 00:00:00,2026-04-01
M04913,ip,I01855,2026-01-01 00:00:00,2026-04-01
M04913,device,D09151,2026-01-01 00:00:00,2026-04-01
M04914,ip,I09838,2026-01-01 00:00:00,2026-02-16
M04914,device,D03387,2026-01-01 00:00:00,2026-02-09
M04914,device,D01976,2026-02-09 00:00:00,2026-02-16
M04915,ip,I07894,2026-01-01 00:00:00,2026-04-01
M04915,device,D00528,2026-01-01 00:00:00,2026-02-10
M04915,device,D09256,2026-02-10 00:00:00,2026-04-01
M04916,ip,I04730,2026-01-01 00:00:00,2026-04-01
M04916,device,D04234,2026-01-01 00:00:00,2026-04-01
M04917,ip,I07133,2026-01-01 00:00:00,2026-04-01
M04917,device,D00832,2026-01-01 00:00:00,2026-04-01
M04918,ip,I09687,2026-01-13 00:00:00,2026-04-01
M04918,device,D04341,2026-01-13 00:00:00,2026-04-01
M04919,ip,I05149,2026-01-01 00:00:00,2026-04-01
M04919,device,D01505,2026-01-01 00:00:00,2026-04-01
M04920,ip,I08114,2026-01-01 00:00:00,2026-04-01
M04920,device,D04258,2026-01-01 00:00:00,2026-04-01
M04921,ip,I07715,2026-01-01 00:00:00,2026-04-01
M04921,device,D07222,2026-01-01 00:00:00,2026-04-01
M04922,ip,I05392,2026-01-01 00:00:00,2026-04-01
M04922,device,D05116,2026-01-01 00:00:00,2026-04-01
M04923,ip,I08037,2026-02-14 00:00:00,2026-04-01
M04923,device,D00722,2026-02-14 00:00:00,2026-04-01
M04924,ip,I03196,2026-01-01 00:00:00,2026-04-01
M04924,device,D03769,2026-01-01 00:00:00,2026-04-01
M04925,ip,I06285,2026-01-01 00:00:00,2026-04-01
M04925,device,D05582,2026-01-01 00:00:00,2026-02-10
M04925,device,D07708,2026-02-10 00:00:00,2026-04-01
M04926,ip,I02031,2026-01-11 00:00:00,2026-04-01
M04926,device,D00238,2026-01-11 00:00:00,2026-01-19
M04926,device,D00507,2026-01-19 00:00:00,2026-04-01
M04927,ip,I03013,2026-03-19 00:00:00,2026-04-01
M04927,device,D09608,2026-03-19 00:00:00,2026-04-01
M04928,ip,I01026,2026-01-23 00:00:00,2026-04-01
M04928,device,D08093,2026-01-23 00:00:00,2026-04-01
M04929,ip,I03621,2026-01-20 00:00:00,2026-04-01
M04929,device,D06016,2026-01-20 00:00:00,2026-04-01
M04930,ip,I07576,2026-01-01 00:00:00,2026-04-01
M04930,device,D06015,2026-01-01 00:00:00,2026-04-01
M04931,ip,I07152,2026-01-01 00:00:00,2026-04-01
M04931,device,D08019,2026-01-01 00:00:00,2026-04-01
M04932,ip,I03602,2026-01-01 00:00:00,2026-04-01
M04932,device,D06689,2026-01-01 00:00:00,2026-04-01
M04933,ip,I03223,2026-01-01 00:00:00,2026-04-01
M04933,device,D02159,2026-01-01 00:00:00,2026-04-01
M04934,ip,I05808,2026-01-01 00:00:00,2026-04-01
M04934,device,D08610,2026-01-01 00:00:00,2026-04-01
M04935,ip,I04642,2026-01-01 00:00:00,2026-04-01
M04935,device,D04995,2026-01-01 00:00:00,2026-01-07
M04935,device,D07945,2026-01-07 00:00:00,2026-04-01
M04936,ip,I05414,2026-01-01 00:00:00,2026-01-25
M04936,device,D03042,2026-01-01 00:00:00,2026-04-01
M04937,ip,I00027,2026-01-01 00:00:00,2026-01-24
M04937,device,D04241,2026-01-01 00:00:00,2026-04-01
M04938,ip,I09055,2026-01-01 00:00:00,2026-04-01
M04938,device,D04957,2026-01-01 00:00:00,2026-04-01
M04939,ip,I03142,2026-01-01 00:00:00,2026-04-01
M04939,device,D00806,2026-01-01 00:00:00,2026-04-01
M04940,ip,I06508,2026-02-20 00:00:00,2026-04-01
M04940,device,D05153,2026-02-20 00:00:00,2026-04-01
M04941,ip,I09775,2026-01-01 00:00:00,2026-04-01
M04941,device,D05363,2026-01-01 00:00:00,2026-04-01
M04942,ip,I02496,2026-03-04 00:00:00,2026-04-01
M04942,device,D07636,2026-03-04 00:00:00,2026-04-01
M04943,ip,I09225,2026-01-01 00:00:00,2026-04-01
M04943,device,D07180,2026-01-01 00:00:00,2026-04-01
M04944,ip,I08643,2026-01-01 00:00:00,2026-04-01
M04944,device,D09130,2026-01-01 00:00:00,2026-04-01
M04945,ip,I09655,2026-01-10 00:00:00,2026-04-01
M04945,device,D03575,2026-01-10 00:00:00,2026-04-01
M04946,ip,I09500,2026-01-01 00:00:00,2026-02-11
M04946,device,D03496,2026-01-01 00:00:00,2026-04-01
M04947,ip,I08431,2026-01-13 00:00:00,2026-04-01
M04947,device,D02300,2026-01-13 00:00:00,2026-04-01
M04948,ip,I05256,2026-01-09 00:00:00,2026-04-01
M04948,device,D02123,2026-01-09 00:00:00,2026-04-01
M04949,ip,I05554,2026-01-01 00:00:00,2026-04-01
M04949,device,D03209,2026-01-01 00:00:00,2026-04-01
M04950,ip,I07638,2026-01-01 00:00:00,2026-04-01
M04950,device,D08753,2026-01-01 00:00:00,2026-04-01
M04951,ip,I04285,2026-02-28 00:00:00,2026-04-01
M04951,device,D07819,2026-02-28 00:00:00,2026-04-01
M04952,ip,I08765,2026-03-26 00:00:00,2026-04-01
M04952,device,D00592,2026-03-26 00:00:00,2026-04-01
M04953,ip,I04547,2026-01-01 00:00:00,2026-04-01
M04953,device,D01225,2026-01-01 00:00:00,2026-04-01
M04954,ip,I07785,2026-01-01 00:00:00,2026-04-01
M04954,device,D06682,2026-01-01 00:00:00,2026-04-01
M04955,ip,I05799,2026-01-01 00:00:00,2026-02-15
M04955,device,D02531,2026-01-01 00:00:00,2026-04-01
M04956,ip,I06884,2026-03-02 00:00:00,2026-04-01
M04956,device,D03066,2026-03-02 00:00:00,2026-04-01
M04957,ip,I02927,2026-02-06 00:00:00,2026-04-01
M04957,device,D03478,2026-02-06 00:00:00,2026-04-01
M04958,ip,I09371,2026-02-06 00:00:00,2026-04-01
M04958,device,D08252,2026-02-06 00:00:00,2026-04-01
M04959,ip,I09134,2026-01-01 00:00:00,2026-04-01
M04959,device,D02167,2026-01-01 00:00:00,2026-04-01
M04960,ip,I01673,2026-01-01 00:00:00,2026-04-01
M04960,device,D07089,2026-01-01 00:00:00,2026-01-09
M04960,device,D05806,2026-01-09 00:00:00,2026-04-01
M04961,ip,I09411,2026-01-01 00:00:00,2026-04-01
M04961,device,D02421,2026-01-01 00:00:00,2026-02-16
M04961,device,D01018,2026-02-16 00:00:00,2026-04-01
M04962,ip,I04805,2026-01-01 00:00:00,2026-04-01
M04962,device,D07951,2026-01-01 00:00:00,2026-04-01
M04963,ip,I05782,2026-03-02 00:00:00,2026-04-01
M04963,device,D00518,2026-03-02 00:00:00,2026-04-01
M04964,ip,I03483,2026-01-01 00:00:00,2026-04-01
M04964,device,D09652,2026-01-01 00:00:00,2026-04-01
M04965,ip,I05498,2026-01-01 00:00:00,2026-04-01
M04965,device,D04189,2026-01-01 00:00:00,2026-04-01
M04966,ip,I09214,2026-01-01 00:00:00,2026-04-01
M04966,device,D07225,2026-01-01 00:00:00,2026-04-01
M04967,ip,I08747,2026-01-01 00:00:00,2026-02-11
M04967,device,D04307,2026-01-01 00:00:00,2026-02-02
M04967,device,D05574,2026-02-02 00:00:00,2026-04-01
M04968,ip,I06044,2026-01-01 00:00:00,2026-04-01
M04968,device,D00939,2026-01-01 00:00:00,2026-03-19
M04968,device,D08414,2026-03-19 00:00:00,2026-04-01
M04969,ip,I01972,2026-01-01 00:00:00,2026-04-01
M04969,device,D06729,2026-01-01 00:00:00,2026-04-01
M04970,ip,I06762,2026-01-01 00:00:00,2026-04-01
M04970,device,D09857,2026-01-01 00:00:00,2026-04-01
M04971,ip,I00867,2026-01-01 00:00:00,2026-04-01
M04971,device,D03763,2026-01-01 00:00:00,2026-04-01
M04972,ip,I02388,2026-01-01 00:00:00,2026-04-01
M04972,device,D08989,2026-01-01 00:00:00,2026-04-01
M04973,ip,I06825,2026-01-31 00:00:00,2026-02-11
M04973,device,D06821,2026-01-31 00:00:00,2026-04-01
M04974,ip,I08624,2026-01-01 00:00:00,2026-04-01
M04974,device,D09122,2026-01-01 00:00:00,2026-03-19
M04974,device,D02043,2026-03-19 00:00:00,2026-04-01
M04975,ip,I00274,2026-01-01 00:00:00,2026-04-01
M04975,device,D06945,2026-01-01 00:00:00,2026-02-09
M04975,device,D05322,2026-02-09 00:00:00,2026-04-01
M04976,ip,I08358,2026-01-01 00:00:00,2026-04-01
M04976,device,D06630,2026-01-01 00:00:00,2026-02-17
M04976,device,D07820,2026-02-17 00:00:00,2026-04-01
M04977,ip,I07736,2026-01-01 00:00:00,2026-04-01
M04977,device,D08682,2026-01-01 00:00:00,2026-04-01
M04978,ip,I05269,2026-01-01 00:00:00,2026-02-19
M04978,device,D08963,2026-01-01 00:00:00,2026-04-01
M04979,ip,I01808,2026-03-21 00:00:00,2026-04-01
M04979,device,D08199,2026-03-21 00:00:00,2026-04-01
M04980,ip,I06591,2026-01-01 00:00:00,2026-04-01
M04980,device,D01609,2026-01-01 00:00:00,2026-04-01
M04981,ip,I07598,2026-03-26 00:00:00,2026-04-01
M04981,device,D04632,2026-03-26 00:00:00,2026-04-01
M04982,ip,I00098,2026-01-01 00:00:00,2026-04-01
M04982,device,D06001,2026-01-01 00:00:00,2026-04-01
M04983,ip,I01008,2026-01-01 00:00:00,2026-04-01
M04983,device,D08147,2026-01-01 00:00:00,2026-04-01
M04984,ip,I02493,2026-01-01 00:00:00,2026-02-06
M04984,device,D00227,2026-01-01 00:00:00,2026-02-06
M04985,ip,I05516,2026-01-01 00:00:00,2026-04-01
M04985,device,D09900,2026-01-01 00:00:00,2026-04-01
M04986,ip,I06552,2026-01-01 00:00:00,2026-04-01
M04986,device,D03698,2026-01-01 00:00:00,2026-04-01
M04987,ip,I07577,2026-01-01 00:00:00,2026-04-01
M04987,device,D05189,2026-01-01 00:00:00,2026-04-01
M04988,ip,I04700,2026-01-01 00:00:00,2026-04-01
M04988,device,D09363,2026-01-01 00:00:00,2026-03-16
M04988,device,D03766,2026-03-16 00:00:00,2026-04-01
M04989,ip,I02460,2026-01-01 00:00:00,2026-04-01
M04989,device,D01866,2026-01-01 00:00:00,2026-04-01
M04990,ip,I00092,2026-01-01 00:00:00,2026-03-02
M04990,device,D01791,2026-01-01 00:00:00,2026-03-02
M04990,device,D02586,2026-03-02 00:00:00,2026-04-01
M04991,ip,I01300,2026-01-01 00:00:00,2026-04-01
M04991,device,D07291,2026-01-01 00:00:00,2026-04-01
M04992,ip,I00426,2026-01-23 00:00:00,2026-04-01
M04992,device,D05772,2026-01-23 00:00:00,2026-04-01
M04993,ip,I01935,2026-01-11 00:00:00,2026-02-08
M04993,device,D03744,2026-01-11 00:00:00,2026-04-01
M04994,ip,I09501,2026-01-01 00:00:00,2026-04-01
M04994,device,D01142,2026-01-01 00:00:00,2026-04-01
M04995,ip,I08516,2026-01-01 00:00:00,2026-04-01
M04995,device,D07007,2026-01-01 00:00:00,2026-04-01
M04996,ip,I07409,2026-03-06 00:00:00,2026-04-01
M04996,device,D07381,2026-03-06 00:00:00,2026-04-01
M04997,ip,I08101,2026-01-01 00:00:00,2026-04-01
M04997,device,D01734,2026-01-01 00:00:00,2026-02-09
M04997,device,D09167,2026-02-09 00:00:00,2026-04-01
M04998,ip,I06430,2026-01-01 00:00:00,2026-02-16
M04998,device,D01831,2026-01-01 00:00:00,2026-04-01
M04999,ip,I08976,2026-01-01 00:00:00,2026-02-08
M04999,device,D09330,2026-01-01 00:00:00,2026-04-01
M05000,ip,I04042,2026-02-26 00:00:00,2026-04-01
M05000,device,D08886,2026-02-26 00:00:00,2026-04-01
M04362,ip,I05204,2026-02-19 00:00:00,2026-04-01
M04978,ip,I05204,2026-02-19 00:00:00,2026-04-01
M03453,ip,I05204,2026-02-19 00:00:00,2026-04-01
M03003,ip,I05204,2026-02-19 00:00:00,2026-04-01
M03299,ip,I05204,2026-02-19 00:00:00,2026-04-01
M01708,ip,I05204,2026-02-19 00:00:00,2026-02-08
M03924,ip,I05204,2026-02-19 00:00:00,2026-04-01
M03037,ip,I05204,2026-02-19 00:00:00,2026-04-01
M02159,ip,I05204,2026-02-19 00:00:00,2026-04-01
M00059,ip,I05204,2026-02-19 00:00:00,2026-04-01
M00535,ip,I05204,2026-02-19 00:00:00,2026-04-01
M01185,ip,I05204,2026-02-19 00:00:00,2026-04-01
M02508,ip,I05204,2026-02-19 00:00:00,2026-02-16
M02928,ip,I05204,2026-02-19 00:00:00,2026-04-01
M01895,ip,I05204,2026-02-19 00:00:00,2026-04-01
M03799,ip,I05204,2026-02-19 00:00:00,2026-02-17
M04786,ip,I05204,2026-02-19 00:00:00,2026-04-01
M04521,ip,I05204,2026-02-19 00:00:00,2026-04-01
M01987,ip,I05204,2026-02-19 00:00:00,2026-04-01
M02641,ip,I05204,2026-02-19 00:00:00,2026-02-08
M01019,ip,I05204,2026-02-19 00:00:00,2026-04-01
M01551,ip,I05204,2026-02-19 00:00:00,2026-04-01
M01571,ip,I05204,2026-02-19 00:00:00,2026-04-01
M00483,ip,I05204,2026-02-19 00:00:00,2026-04-01
M03711,ip,I05204,2026-02-19 00:00:00,2026-04-01
M01196,ip,I08548,2026-02-06 00:00:00,2026-04-01
M00884,ip,I08548,2026-02-06 00:00:00,2026-04-01
M03098,ip,I08548,2026-02-06 00:00:00,2026-04-01
M04270,ip,I08548,2026-02-06 00:00:00,2026-04-01
M03559,ip,I08548,2026-02-06 00:00:00,2026-04-01
M01660,ip,I08548,2026-02-06 00:00:00,2026-04-01
M01858,ip,I08548,2026-02-06 00:00:00,2026-02-03
M02477,ip,I08548,2026-02-06 00:00:00,2026-04-01
M01346,ip,I08548,2026-02-06 00:00:00,2026-04-01
M03905,ip,I08548,2026-02-06 00:00:00,2026-04-01
M04707,ip,I08548,2026-02-06 00:00:00,2026-02-17
M04853,ip,I08548,2026-02-06 00:00:00,2026-04-01
M04448,ip,I08548,2026-02-06 00:00:00,2026-01-25
M04294,ip,I08548,2026-02-06 00:00:00,2026-04-01
M02177,ip,I09070,2026-01-23 00:00:00,2026-04-01
M03584,ip,I09070,2026-01-23 00:00:00,2026-04-01
M01687,ip,I09070,2026-01-23 00:00:00,2026-04-01
M00179,ip,I09070,2026-01-23 00:00:00,2026-04-01
M01524,ip,I09070,2026-01-23 00:00:00,2026-04-01
M02366,ip,I09070,2026-01-23 00:00:00,2026-04-01
M00722,ip,I09070,2026-01-23 00:00:00,2026-04-01
M02809,ip,I09070,2026-01-23 00:00:00,2026-04-01
M02682,ip,I09070,2026-01-23 00:00:00,2026-04-01
M02360,ip,I09070,2026-01-23 00:00:00,2026-04-01
M00790,ip,I09070,2026-01-23 00:00:00,2026-04-01
M03678,ip,I09070,2026-01-23 00:00:00,2026-02-09
M03245,ip,I09070,2026-01-23 00:00:00,2026-04-01
M01474,ip,I09070,2026-01-23 00:00:00,2026-04-01
M03980,ip,I09070,2026-01-23 00:00:00,2026-01-28
M04050,ip,I09070,2026-01-23 00:00:00,2026-04-01
M03682,ip,I09070,2026-01-23 00:00:00,2026-04-01
M04403,ip,I04547,2026-01-25 00:00:00,2026-04-01
M04936,ip,I04547,2026-01-25 00:00:00,2026-04-01
M02389,ip,I04547,2026-01-25 00:00:00,2026-04-01
M00660,ip,I04547,2026-01-25 00:00:00,2026-04-01
M00981,ip,I04547,2026-01-25 00:00:00,2026-02-03
M02596,ip,I04547,2026-01-25 00:00:00,2026-04-01
M04448,ip,I04547,2026-01-25 00:00:00,2026-04-01
M03128,ip,I04547,2026-01-25 00:00:00,2026-04-01
M00662,ip,I04547,2026-01-25 00:00:00,2026-04-01
M03602,ip,I04547,2026-01-25 00:00:00,2026-04-01
M04643,ip,I04547,2026-01-25 00:00:00,2026-04-01
M04480,ip,I04547,2026-01-25 00:00:00,2026-04-01
M03589,ip,I04547,2026-01-25 00:00:00,2026-04-01
M00859,ip,I04547,2026-01-25 00:00:00,2026-04-01
M00854,ip,I04400,2026-01-26 00:00:00,2026-04-01
M02509,ip,I04400,2026-01-26 00:00:00,2026-04-01
M01845,ip,I04400,2026-01-26 00:00:00,2026-04-01
M01198,ip,I04400,2026-01-26 00:00:00,2026-04-01
M03908,ip,I04400,2026-01-26 00:00:00,2026-01-28
M01043,ip,I04400,2026-01-26 00:00:00,2026-04-01
M02128,ip,I04400,2026-01-26 00:00:00,2026-04-01
M02351,ip,I04400,2026-01-26 00:00:00,2026-04-01
M04738,ip,I04400,2026-01-26 00:00:00,2026-04-01
M04663,ip,I04400,2026-01-26 00:00:00,2026-04-01
M02564,ip,I04400,2026-01-26 00:00:00,2026-04-01
M00034,ip,I04400,2026-01-26 00:00:00,2026-04-01
M04181,ip,I04400,2026-01-26 00:00:00,2026-04-01
M03207,ip,I04400,2026-01-26 00:00:00,2026-04-01
M00114,ip,I04400,2026-01-26 00:00:00,2026-02-12
M00597,ip,I04400,2026-01-26 00:00:00,2026-04-01
M01589,ip,I04400,2026-01-26 00:00:00,2026-04-01
M02859,ip,I04400,2026-01-26 00:00:00,2026-04-01
M04178,ip,I04400,2026-01-26 00:00:00,2026-04-01
M02208,ip,I04400,2026-01-26 00:00:00,2026-04-01
M00120,ip,I04400,2026-01-26 00:00:00,2026-04-01
M00793,ip,I04400,2026-01-26 00:00:00,2026-04-01
M03413,ip,I04400,2026-01-26 00:00:00,2026-04-01
M03876,ip,I04400,2026-01-26 00:00:00,2026-04-01
M01154,ip,I04400,2026-01-26 00:00:00,2026-04-01
M00054,ip,I04400,2026-01-26 00:00:00,2026-04-01
M02757,ip,I04400,2026-01-26 00:00:00,2026-04-01
M04258,ip,I04400,2026-01-26 00:00:00,2026-02-08
M04011,ip,I04400,2026-01-26 00:00:00,2026-02-03
M00219,ip,I03612,2026-01-27 00:00:00,2026-04-01
M04423,ip,I03612,2026-01-27 00:00:00,2026-04-01
M01985,ip,I03612,2026-01-27 00:00:00,2026-02-16
M02210,ip,I03612,2026-01-27 00:00:00,2026-02-03
M01467,ip,I03612,2026-01-27 00:00:00,2026-04-01
M00111,ip,I03612,2026-01-27 00:00:00,2026-04-01
M00318,ip,I03612,2026-01-27 00:00:00,2026-04-01
M04198,ip,I03612,2026-01-27 00:00:00,2026-04-01
M04764,ip,I03612,2026-01-27 00:00:00,2026-04-01
M02372,ip,I03612,2026-01-27 00:00:00,2026-04-01
M01106,ip,I03612,2026-01-27 00:00:00,2026-04-01
M03991,ip,I03612,2026-01-27 00:00:00,2026-04-01
M04379,ip,I03612,2026-01-27 00:00:00,2026-02-02
M04841,ip,I03612,2026-01-27 00:00:00,2026-04-01
M03436,ip,I03612,2026-01-27 00:00:00,2026-04-01
M03370,ip,I03612,2026-01-27 00:00:00,2026-04-01
M03900,ip,I03612,2026-01-27 00:00:00,2026-04-01
M03243,ip,I03612,2026-01-27 00:00:00,2026-04-01
M04773,ip,I03612,2026-01-27 00:00:00,2026-04-01
M00564,ip,I03612,2026-01-27 00:00:00,2026-04-01
M02833,ip,I03612,2026-01-27 00:00:00,2026-04-01
M02884,ip,I03612,2026-01-27 00:00:00,2026-04-01
M03934,ip,I04483,2026-02-08 00:00:00,2026-04-01
M00399,ip,I04483,2026-02-08 00:00:00,2026-04-01
M01966,ip,I04483,2026-02-08 00:00:00,2026-04-01
M02483,ip,I04483,2026-02-08 00:00:00,2026-04-01
M01354,ip,I04483,2026-02-08 00:00:00,2026-04-01
M04450,ip,I04483,2026-02-08 00:00:00,2026-04-01
M04890,ip,I04483,2026-02-08 00:00:00,2026-04-01
M04999,ip,I04483,2026-02-08 00:00:00,2026-04-01
M03261,ip,I04483,2026-02-08 00:00:00,2026-04-01
M02641,ip,I04483,2026-02-08 00:00:00,2026-04-01
M02173,ip,I04483,2026-02-08 00:00:00,2026-04-01
M01708,ip,I04483,2026-02-08 00:00:00,2026-04-01
M04993,ip,I04483,2026-02-08 00:00:00,2026-04-01
M02984,ip,I04483,2026-02-08 00:00:00,2026-04-01
M04258,ip,I04483,2026-02-08 00:00:00,2026-04-01
M03810,ip,I04483,2026-02-08 00:00:00,2026-01-22
M01595,ip,I04483,2026-02-08 00:00:00,2026-04-01
M02063,ip,I04483,2026-02-08 00:00:00,2026-04-01
M00408,ip,I04483,2026-02-08 00:00:00,2026-04-01
M02941,ip,I04483,2026-02-08 00:00:00,2026-04-01
M04387,ip,I04483,2026-02-08 00:00:00,2026-04-01
M04384,ip,I04483,2026-02-08 00:00:00,2026-04-01
M04789,ip,I04483,2026-02-08 00:00:00,2026-04-01
M00382,ip,I04483,2026-02-08 00:00:00,2026-04-01
M03856,ip,I04483,2026-02-08 00:00:00,2026-04-01
M03330,ip,I04483,2026-02-08 00:00:00,2026-04-01
M02185,ip,I00350,2026-02-18 00:00:00,2026-04-01
M01413,ip,I00350,2026-02-18 00:00:00,2026-04-01
M02731,ip,I00350,2026-02-18 00:00:00,2026-04-01
M03800,ip,I00350,2026-02-18 00:00:00,2026-04-01
M02156,ip,I00350,2026-02-18 00:00:00,2026-04-01
M00163,ip,I00350,2026-02-18 00:00:00,2026-04-01
M02133,ip,I00350,2026-02-18 00:00:00,2026-04-01
M03784,ip,I00350,2026-02-18 00:00:00,2026-04-01
M03980,ip,I00350,2026-02-18 00:00:00,2026-01-28
M01495,ip,I00350,2026-02-18 00:00:00,2026-04-01
M04578,ip,I08359,2026-02-17 00:00:00,2026-04-01
M04707,ip,I08359,2026-02-17 00:00:00,2026-04-01
M04203,ip,I08359,2026-02-17 00:00:00,2026-04-01
M02702,ip,I08359,2026-02-17 00:00:00,2026-04-01
M01454,ip,I08359,2026-02-17 00:00:00,2026-04-01
M03581,ip,I08359,2026-02-17 00:00:00,2026-04-01
M00537,ip,I08359,2026-02-17 00:00:00,2026-04-01
M01520,ip,I08359,2026-02-17 00:00:00,2026-04-01
M01179,ip,I08359,2026-02-17 00:00:00,2026-04-01
M00406,ip,I08359,2026-02-17 00:00:00,2026-04-01
M03151,ip,I08359,2026-02-17 00:00:00,2026-04-01
M00443,ip,I08359,2026-02-17 00:00:00,2026-04-01
M00394,ip,I08359,2026-02-17 00:00:00,2026-04-01
M03799,ip,I08359,2026-02-17 00:00:00,2026-04-01
M03551,ip,I08359,2026-02-17 00:00:00,2026-04-01
M02044,ip,I04904,2026-02-03 00:00:00,2026-01-28
M02574,ip,I04904,2026-02-03 00:00:00,2026-04-01
M01810,ip,I04904,2026-02-03 00:00:00,2026-04-01
M02599,ip,I04904,2026-02-03 00:00:00,2026-04-01
M00816,ip,I04904,2026-02-03 00:00:00,2026-04-01
M04441,ip,I04904,2026-02-03 00:00:00,2026-01-21
M01750,ip,I04904,2026-02-03 00:00:00,2026-04-01
M00605,ip,I04904,2026-02-03 00:00:00,2026-02-24
M01316,ip,I04904,2026-02-03 00:00:00,2026-04-01
M02956,ip,I04904,2026-02-03 00:00:00,2026-04-01
M00981,ip,I04904,2026-02-03 00:00:00,2026-04-01
M03929,ip,I04904,2026-02-03 00:00:00,2026-04-01
M02988,ip,I04904,2026-02-03 00:00:00,2026-04-01
M01533,ip,I04904,2026-02-03 00:00:00,2026-04-01
M00011,ip,I04904,2026-02-03 00:00:00,2026-04-01
M00611,ip,I04904,2026-02-03 00:00:00,2026-04-01
M04011,ip,I04904,2026-02-03 00:00:00,2026-04-01
M02654,ip,I04904,2026-02-03 00:00:00,2026-04-01
M04858,ip,I04904,2026-02-03 00:00:00,2026-04-01
M00475,ip,I04904,2026-02-03 00:00:00,2026-02-04
M03719,ip,I04904,2026-02-03 00:00:00,2026-04-01
M04069,ip,I04904,2026-02-03 00:00:00,2026-04-01
M01136,ip,I04904,2026-02-03 00:00:00,2026-04-01
M03222,ip,I03552,2026-02-11 00:00:00,2026-04-01
M00277,ip,I03552,2026-02-11 00:00:00,2026-04-01
M03305,ip,I03552,2026-02-11 00:00:00,2026-04-01
M02840,ip,I03552,2026-02-11 00:00:00,2026-04-01
M00463,ip,I03552,2026-02-11 00:00:00,2026-04-01
M04973,ip,I03552,2026-02-11 00:00:00,2026-04-01
M03537,ip,I03552,2026-02-11 00:00:00,2026-04-01
M03493,ip,I03552,2026-02-11 00:00:00,2026-04-01
M03753,ip,I03552,2026-02-11 00:00:00,2026-04-01
M04085,ip,I03552,2026-02-11 00:00:00,2026-04-01
M03372,ip,I03552,2026-02-11 00:00:00,2026-04-01
M03611,ip,I03552,2026-02-11 00:00:00,2026-02-01
M00819,ip,I03552,2026-02-11 00:00:00,2026-04-01
M03556,ip,I03552,2026-02-11 00:00:00,2026-04-01
M03727,ip,I03552,2026-02-11 00:00:00,2026-04-01
M04946,ip,I03552,2026-02-11 00:00:00,2026-04-01
M01157,ip,I03552,2026-02-11 00:00:00,2026-04-01
M01379,ip,I03552,2026-02-11 00:00:00,2026-04-01
M03425,ip,I08115,2026-01-23 00:00:00,2026-04-01
M02815,ip,I08115,2026-01-23 00:00:00,2026-04-01
M02080,ip,I08115,2026-01-23 00:00:00,2026-04-01
M00529,ip,I08115,2026-01-23 00:00:00,2026-04-01
M02950,ip,I08115,2026-01-23 00:00:00,2026-04-01
M04041,ip,I08115,2026-01-23 00:00:00,2026-02-16
M04706,ip,I08115,2026-01-23 00:00:00,2026-04-01
M01546,ip,I08115,2026-01-23 00:00:00,2026-04-01
M04127,ip,I08115,2026-01-23 00:00:00,2026-04-01
M04083,ip,I08115,2026-01-23 00:00:00,2026-04-01
M00673,ip,I08115,2026-01-23 00:00:00,2026-04-01
M04361,ip,I08115,2026-01-23 00:00:00,2026-04-01
M03388,ip,I01698,2026-02-16 00:00:00,2026-04-01
M03053,ip,I01698,2026-02-16 00:00:00,2026-04-01
M01155,ip,I01698,2026-02-16 00:00:00,2026-04-01
M00264,ip,I01698,2026-02-16 00:00:00,2026-04-01
M04033,ip,I01698,2026-02-16 00:00:00,2026-04-01
M04373,ip,I01698,2026-02-16 00:00:00,2026-04-01
M02922,ip,I01698,2026-02-16 00:00:00,2026-04-01
M03714,ip,I01698,2026-02-16 00:00:00,2026-04-01
M01769,ip,I01698,2026-02-16 00:00:00,2026-04-01
M03296,ip,I01698,2026-02-16 00:00:00,2026-04-01
M02935,ip,I01698,2026-02-16 00:00:00,2026-04-01
M04998,ip,I01698,2026-02-16 00:00:00,2026-04-01
M03319,ip,I01698,2026-02-16 00:00:00,2026-04-01
M04491,ip,I01698,2026-02-16 00:00:00,2026-04-01
M01404,ip,I01698,2026-02-16 00:00:00,2026-04-01
M02508,ip,I01698,2026-02-16 00:00:00,2026-04-01
M04553,ip,I01698,2026-02-16 00:00:00,2026-04-01
M01985,ip,I01698,2026-02-16 00:00:00,2026-04-01
M01289,ip,I01698,2026-02-16 00:00:00,2026-04-01
M02305,ip,I01698,2026-02-16 00:00:00,2026-04-01
M00694,ip,I01698,2026-02-16 00:00:00,2026-04-01
M02069,ip,I01698,2026-02-16 00:00:00,2026-04-01
M02683,ip,I01698,2026-02-16 00:00:00,2026-04-01
M01484,ip,I01698,2026-02-16 00:00:00,2026-04-01
M02875,ip,I01698,2026-02-16 00:00:00,2026-04-01
M00857,ip,I01698,2026-02-16 00:00:00,2026-02-11
M01325,ip,I01698,2026-02-16 00:00:00,2026-04-01
M01275,ip,I01698,2026-02-16 00:00:00,2026-04-01
M03257,ip,I06979,2026-02-03 00:00:00,2026-04-01
M04727,ip,I06979,2026-02-03 00:00:00,2026-04-01
M02051,ip,I06979,2026-02-03 00:00:00,2026-04-01
M00630,ip,I06979,2026-02-03 00:00:00,2026-04-01
M04726,ip,I06979,2026-02-03 00:00:00,2026-04-01
M01894,ip,I06979,2026-02-03 00:00:00,2026-04-01
M00991,ip,I06979,2026-02-03 00:00:00,2026-04-01
M03972,ip,I06979,2026-02-03 00:00:00,2026-04-01
M01502,ip,I06979,2026-02-03 00:00:00,2026-02-15
M04781,ip,I06979,2026-02-03 00:00:00,2026-04-01
M01565,ip,I06979,2026-02-03 00:00:00,2026-04-01
M03066,ip,I06979,2026-02-03 00:00:00,2026-02-04
M02796,ip,I06979,2026-02-03 00:00:00,2026-04-01
M02744,ip,I06979,2026-02-03 00:00:00,2026-04-01
M01320,ip,I06979,2026-02-03 00:00:00,2026-04-01
M00212,ip,I06979,2026-02-03 00:00:00,2026-04-01
M00348,ip,I06979,2026-02-03 00:00:00,2026-04-01
M00167,ip,I06979,2026-02-03 00:00:00,2026-04-01
M00070,ip,I05170,2026-02-11 00:00:00,2026-04-01
M01200,ip,I05170,2026-02-11 00:00:00,2026-04-01
M04967,ip,I05170,2026-02-11 00:00:00,2026-04-01
M01990,ip,I05170,2026-02-11 00:00:00,2026-02-01
M00112,ip,I05170,2026-02-11 00:00:00,2026-04-01
M03940,ip,I05170,2026-02-11 00:00:00,2026-04-01
M00857,ip,I05170,2026-02-11 00:00:00,2026-04-01
M00220,ip,I05170,2026-02-11 00:00:00,2026-04-01
M02790,ip,I05170,2026-02-11 00:00:00,2026-04-01
M02230,ip,I05170,2026-02-11 00:00:00,2026-04-01
M04672,ip,I05170,2026-02-11 00:00:00,2026-04-01
M04405,ip,I05170,2026-02-11 00:00:00,2026-04-01
M03280,ip,I05170,2026-02-11 00:00:00,2026-04-01
M00639,ip,I05170,2026-02-11 00:00:00,2026-04-01
M03621,ip,I05170,2026-02-11 00:00:00,2026-04-01
M00932,ip,I05170,2026-02-11 00:00:00,2026-04-01
M03258,ip,I05170,2026-02-11 00:00:00,2026-04-01
M00141,ip,I08624,2026-01-28 00:00:00,2026-04-01
M00598,ip,I08624,2026-01-28 00:00:00,2026-04-01
M03143,ip,I08624,2026-01-28 00:00:00,2026-04-01
M04021,ip,I08624,2026-01-28 00:00:00,2026-02-15
M00204,ip,I08624,2026-01-28 00:00:00,2026-04-01
M02072,ip,I08624,2026-01-28 00:00:00,2026-04-01
M03730,ip,I08624,2026-01-28 00:00:00,2026-04-01
M04267,ip,I08624,2026-01-28 00:00:00,2026-04-01
M01829,ip,I08624,2026-01-28 00:00:00,2026-04-01
M01626,ip,I08624,2026-01-28 00:00:00,2026-04-01
M01719,ip,I08624,2026-01-28 00:00:00,2026-04-01
M01920,ip,I08624,2026-01-28 00:00:00,2026-04-01
M04359,ip,I08624,2026-01-28 00:00:00,2026-04-01
M01772,ip,I08624,2026-01-28 00:00:00,2026-04-01
M00156,ip,I08624,2026-01-28 00:00:00,2026-04-01
M01965,ip,I08624,2026-01-28 00:00:00,2026-04-01
M02414,ip,I08624,2026-01-28 00:00:00,2026-04-01
M03226,ip,I08624,2026-01-28 00:00:00,2026-04-01
M01165,ip,I08624,2026-01-28 00:00:00,2026-04-01
M01472,ip,I08624,2026-01-28 00:00:00,2026-04-01
M00401,ip,I08624,2026-01-28 00:00:00,2026-04-01
M03908,ip,I08624,2026-01-28 00:00:00,2026-04-01
M04490,ip,I08624,2026-01-28 00:00:00,2026-04-01
M03338,ip,I08624,2026-01-28 00:00:00,2026-04-01
M04639,ip,I08624,2026-01-28 00:00:00,2026-04-01
M03335,ip,I08624,2026-01-28 00:00:00,2026-04-01
M02044,ip,I08624,2026-01-28 00:00:00,2026-02-15
M02543,ip,I09806,2026-02-02 00:00:00,2026-04-01
M02755,ip,I09806,2026-02-02 00:00:00,2026-04-01
M01080,ip,I09806,2026-02-02 00:00:00,2026-04-01
M02363,ip,I09806,2026-02-02 00:00:00,2026-04-01
M04587,ip,I09806,2026-02-02 00:00:00,2026-04-01
M00636,ip,I09806,2026-02-02 00:00:00,2026-04-01
M02795,ip,I09806,2026-02-02 00:00:00,2026-04-01
M03202,ip,I09806,2026-02-02 00:00:00,2026-02-14
M02281,ip,I09806,2026-02-02 00:00:00,2026-04-01
M03508,ip,I09806,2026-02-02 00:00:00,2026-04-01
M02998,ip,I09806,2026-02-02 00:00:00,2026-04-01
M04420,ip,I09806,2026-02-02 00:00:00,2026-04-01
M04296,ip,I09806,2026-02-02 00:00:00,2026-04-01
M02399,ip,I09806,2026-02-02 00:00:00,2026-04-01
M01171,ip,I09806,2026-02-02 00:00:00,2026-04-01
M03445,ip,I09806,2026-02-02 00:00:00,2026-04-01
M04084,ip,I09806,2026-02-02 00:00:00,2026-04-01
M00371,ip,I09806,2026-02-02 00:00:00,2026-04-01
M04756,ip,I09806,2026-02-02 00:00:00,2026-04-01
M03179,ip,I09806,2026-02-02 00:00:00,2026-04-01
M03532,ip,I09806,2026-02-02 00:00:00,2026-04-01
M03118,ip,I09806,2026-02-02 00:00:00,2026-04-01
M01197,ip,I09806,2026-02-02 00:00:00,2026-02-15
M02318,ip,I09806,2026-02-02 00:00:00,2026-04-01
M01702,ip,I09806,2026-02-02 00:00:00,2026-04-01
M01084,ip,I09806,2026-02-02 00:00:00,2026-04-01
M03851,ip,I09806,2026-02-02 00:00:00,2026-04-01
M04278,ip,I09806,2026-02-02 00:00:00,2026-04-01
M03980,ip,I04059,2026-01-28 00:00:00,2026-04-01
M02655,ip,I04059,2026-01-28 00:00:00,2026-04-01
M01238,ip,I04059,2026-01-28 00:00:00,2026-04-01
M03987,ip,I04059,2026-01-28 00:00:00,2026-02-16
M03406,ip,I04059,2026-01-28 00:00:00,2026-04-01
M00736,ip,I04059,2026-01-28 00:00:00,2026-04-01
M01212,ip,I04059,2026-01-28 00:00:00,2026-04-01
M02333,ip,I04059,2026-01-28 00:00:00,2026-04-01
M01522,ip,I04059,2026-01-28 00:00:00,2026-04-01
M04341,ip,I04059,2026-01-28 00:00:00,2026-04-01
M03563,ip,I04059,2026-01-28 00:00:00,2026-04-01
M04070,ip,I04059,2026-01-28 00:00:00,2026-04-01
M01876,ip,I04059,2026-01-28 00:00:00,2026-04-01
M03818,ip,I04059,2026-01-28 00:00:00,2026-04-01
M01210,ip,I04059,2026-01-28 00:00:00,2026-04-01
M03072,ip,I04059,2026-01-28 00:00:00,2026-04-01
M04021,ip,I03964,2026-02-15 00:00:00,2026-04-01
M04159,ip,I03964,2026-02-15 00:00:00,2026-04-01
M02461,ip,I03964,2026-02-15 00:00:00,2026-04-01
M03993,ip,I03964,2026-02-15 00:00:00,2026-04-01
M04604,ip,I03964,2026-02-15 00:00:00,2026-04-01
M04955,ip,I03964,2026-02-15 00:00:00,2026-04-01
M00618,ip,I03964,2026-02-15 00:00:00,2026-04-01
M00871,ip,I03964,2026-02-15 00:00:00,2026-04-01
M00543,ip,I03964,2026-02-15 00:00:00,2026-04-01
M03649,ip,I03964,2026-02-15 00:00:00,2026-04-01
M02881,ip,I03964,2026-02-15 00:00:00,2026-04-01
M02958,ip,I03964,2026-02-15 00:00:00,2026-04-01
M03674,ip,I03964,2026-02-15 00:00:00,2026-04-01
M02055,ip,I03964,2026-02-15 00:00:00,2026-04-01
M02044,ip,I03964,2026-02-15 00:00:00,2026-04-01
M01645,ip,I03964,2026-02-15 00:00:00,2026-04-01
M00261,ip,I03964,2026-02-15 00:00:00,2026-04-01
M00282,ip,I03964,2026-02-15 00:00:00,2026-04-01
M04905,ip,I03964,2026-02-15 00:00:00,2026-04-01
M01363,ip,I03964,2026-02-15 00:00:00,2026-04-01
M04196,ip,I03964,2026-02-15 00:00:00,2026-04-01
M01494,ip,I03964,2026-02-15 00:00:00,2026-04-01
M03498,ip,I03964,2026-02-15 00:00:00,2026-02-08
M00726,ip,I03964,2026-02-15 00:00:00,2026-04-01
M02379,ip,I03964,2026-02-15 00:00:00,2026-04-01
M00350,ip,I01952,2026-02-15 00:00:00,2026-04-01
M02176,ip,I01952,2026-02-15 00:00:00,2026-04-01
M00649,ip,I01952,2026-02-15 00:00:00,2026-04-01
M04695,ip,I01952,2026-02-15 00:00:00,2026-04-01
M01197,ip,I01952,2026-02-15 00:00:00,2026-04-01
M04243,ip,I01952,2026-02-15 00:00:00,2026-04-01
M04105,ip,I01952,2026-02-15 00:00:00,2026-04-01
M03627,ip,I01952,2026-02-15 00:00:00,2026-04-01
M04865,ip,I01952,2026-02-15 00:00:00,2026-04-01
M01406,ip,I01952,2026-02-15 00:00:00,2026-04-01
M00574,ip,I01952,2026-02-15 00:00:00,2026-04-01
M02336,ip,I01952,2026-02-15 00:00:00,2026-04-01
M00006,ip,I01952,2026-02-15 00:00:00,2026-04-01
M01502,ip,I01952,2026-02-15 00:00:00,2026-04-01
M02924,ip,I01952,2026-02-15 00:00:00,2026-04-01
M04245,ip,I01952,2026-02-15 00:00:00,2026-04-01
M01798,ip,I01952,2026-02-15 00:00:00,2026-04-01
M02903,ip,I01952,2026-02-15 00:00:00,2026-04-01
M02421,ip,I_MULE_0616,2026-03-02 05:00:00,2026-04-01
M03757,ip,I_MULE_0616,2026-02-28 09:00:00,2026-04-01
M00628,ip,I_MULE_0616,2026-03-02 11:00:00,2026-04-01
M02200,ip,I_MULE_0616,2026-03-01 14:00:00,2026-04-01
M00439,ip,I_MULE_0616,2026-02-28 23:00:00,2026-04-01
M02972,ip,I_MULE_0616,2026-03-01 13:00:00,2026-04-01
M02675,ip,I_MULE_0949,2026-01-29 00:00:00,2026-04-01
M02740,ip,I_MULE_0949,2026-02-06 00:00:00,2026-04-01
M00418,ip,I_MULE_0949,2026-02-14 00:00:00,2026-04-01
M00303,ip,I_MULE_0949,2026-02-22 00:00:00,2026-04-01
M03694,ip,I_MULE_0949,2026-03-02 00:00:00,2026-04-01
M01334,ip,I_MULE_0780,2026-02-14 00:00:00,2026-04-01
M01334,device,D_MULE_0613,2026-02-14 00:00:00,2026-04-01
M02273,ip,I_MULE_0780,2026-02-14 00:00:00,2026-04-01
M02273,device,D_MULE_0613,2026-02-14 00:00:00,2026-04-01
M00869,ip,I_MULE_0780,2026-02-14 00:00:00,2026-04-01
M00869,device,D_MULE_0613,2026-02-14 00:00:00,2026-04-01
M02120,ip,I_MULE_0780,2026-02-14 00:00:00,2026-04-01
M02120,device,D_MULE_0613,2026-02-14 00:00:00,2026-04-01
M03708,ip,I_MULE_0302,2026-02-17 18:00:00,2026-04-01
M00925,ip,I_MULE_0302,2026-02-17 05:00:00,2026-04-01
M02367,ip,I_MULE_0302,2026-02-17 08:00:00,2026-04-01
M02432,ip,I_MULE_0157,2026-01-12 00:00:00,2026-04-01
M03824,ip,I_MULE_0157,2026-01-25 00:00:00,2026-04-01
M00323,ip,I_MULE_0157,2026-02-07 00:00:00,2026-04-01
M04902,ip,I_MULE_0606,2026-02-24 00:00:00,2026-04-01
M04902,device,D_MULE_0980,2026-02-24 00:00:00,2026-04-01
M01470,ip,I_MULE_0606,2026-02-24 00:00:00,2026-04-01
M01470,device,D_MULE_0980,2026-02-24 00:00:00,2026-04-01
M03797,ip,I_MULE_0606,2026-02-24 00:00:00,2026-04-01
M03797,device,D_MULE_0980,2026-02-24 00:00:00,2026-04-01
M04677,ip,I_MULE_0606,2026-02-24 00:00:00,2026-04-01
M04677,device,D_MULE_0980,2026-02-24 00:00:00,2026-04-01
M02775,ip,I_MULE_0606,2026-02-24 00:00:00,2026-04-01
M02775,device,D_MULE_0980,2026-02-24 00:00:00,2026-04-01
M02422,ip,I_MULE_0606,2026-02-24 00:00:00,2026-04-01
M02422,device,D_MULE_0980,2026-02-24 00:00:00,2026-04-01
M00605,ip,I_MULE_0606,2026-02-24 00:00:00,2026-04-01
M00605,device,D_MULE_0980,2026-02-24 00:00:00,2026-04-01
M04393,ip,I_MULE_0255,2026-02-02 05:00:00,2026-04-01
M01340,ip,I_MULE_0255,2026-02-03 13:00:00,2026-04-01
M03611,ip,I_MULE_0255,2026-02-02 13:00:00,2026-04-01
M03547,ip,I_MULE_0255,2026-02-02 01:00:00,2026-04-01
M01294,ip,I_MULE_0255,2026-02-03 08:00:00,2026-04-01
M01283,ip,I_MULE_0255,2026-02-03 13:00:00,2026-04-01
M00206,ip,I_MULE_0281,2026-01-28 00:00:00,2026-04-01
M02325,ip,I_MULE_0281,2026-02-10 00:00:00,2026-04-01
M00872,ip,I_MULE_0281,2026-02-23 00:00:00,2026-04-01
M03099,ip,I_MULE_0619,2026-02-04 00:00:00,2026-04-01
M03099,device,D_MULE_0458,2026-02-04 00:00:00,2026-04-01
M01656,ip,I_MULE_0619,2026-02-04 00:00:00,2026-04-01
M01656,device,D_MULE_0458,2026-02-04 00:00:00,2026-04-01
M00784,ip,I_MULE_0619,2026-02-04 00:00:00,2026-04-01
M00784,device,D_MULE_0458,2026-02-04 00:00:00,2026-04-01
M01040,ip,I_MULE_0619,2026-02-04 00:00:00,2026-04-01
M01040,device,D_MULE_0458,2026-02-04 00:00:00,2026-04-01
M03066,ip,I_MULE_0619,2026-02-04 00:00:00,2026-04-01
M03066,device,D_MULE_0458,2026-02-04 00:00:00,2026-04-01
M03323,ip,I_MULE_0409,2026-01-22 19:00:00,2026-04-01
M04441,ip,I_MULE_0409,2026-01-22 17:00:00,2026-04-01
M00933,ip,I_MULE_0409,2026-01-23 19:00:00,2026-04-01
M03284,ip,I_MULE_0409,2026-01-22 12:00:00,2026-04-01
M00674,ip,I_MULE_0461,2026-01-17 00:00:00,2026-04-01
M03432,ip,I_MULE_0461,2026-01-23 00:00:00,2026-04-01
M03748,ip,I_MULE_0461,2026-01-30 00:00:00,2026-04-01
M00813,ip,I_MULE_0461,2026-02-06 00:00:00,2026-04-01
M00997,ip,I_MULE_0461,2026-02-12 00:00:00,2026-04-01
M02698,ip,I_MULE_0461,2026-02-19 00:00:00,2026-04-01
M00889,ip,I_MULE_0658,2026-02-02 00:00:00,2026-04-01
M00889,device,D_MULE_0600,2026-02-02 00:00:00,2026-04-01
M00466,ip,I_MULE_0658,2026-02-02 00:00:00,2026-04-01
M00466,device,D_MULE_0600,2026-02-02 00:00:00,2026-04-01
M04593,ip,I_MULE_0658,2026-02-02 00:00:00,2026-04-01
M04593,device,D_MULE_0600,2026-02-02 00:00:00,2026-04-01
M00754,ip,I_MULE_0658,2026-02-02 00:00:00,2026-04-01
M00754,device,D_MULE_0600,2026-02-02 00:00:00,2026-04-01
M00365,ip,I_MULE_0658,2026-02-02 00:00:00,2026-04-01
M00365,device,D_MULE_0600,2026-02-02 00:00:00,2026-04-01
M01333,ip,I_MULE_0658,2026-02-02 00:00:00,2026-04-01
M01333,device,D_MULE_0600,2026-02-02 00:00:00,2026-04-01
M01426,ip,I_MULE_0626,2026-02-14 02:00:00,2026-04-01
M03743,ip,I_MULE_0626,2026-02-12 17:00:00,2026-04-01
M00717,ip,I_MULE_0626,2026-02-13 19:00:00,2026-04-01
M01423,ip,I_MULE_0626,2026-02-13 22:00:00,2026-04-01
M00949,ip,I_MULE_0626,2026-02-13 21:00:00,2026-04-01
M00769,ip,I_MULE_0315,2026-01-20 00:00:00,2026-04-01
M00905,ip,I_MULE_0315,2026-02-02 00:00:00,2026-04-01
M02400,ip,I_MULE_0315,2026-02-15 00:00:00,2026-04-01
M04317,ip,I_MULE_0639,2026-02-25 00:00:00,2026-04-01
M04317,device,D_MULE_0676,2026-02-25 00:00:00,2026-04-01
M00412,ip,I_MULE_0639,2026-02-25 00:00:00,2026-04-01
M00412,device,D_MULE_0676,2026-02-25 00:00:00,2026-04-01
M01979,ip,I_MULE_0639,2026-02-25 00:00:00,2026-04-01
M01979,device,D_MULE_0676,2026-02-25 00:00:00,2026-04-01
M04887,ip,I_MULE_0639,2026-02-25 00:00:00,2026-04-01
M04887,device,D_MULE_0676,2026-02-25 00:00:00,2026-04-01
M04832,ip,I_MULE_0639,2026-02-25 00:00:00,2026-04-01
M04832,device,D_MULE_0676,2026-02-25 00:00:00,2026-04-01
M04990,ip,I_MULE_0729,2026-03-04 07:00:00,2026-04-01
M03760,ip,I_MULE_0729,2026-03-02 06:00:00,2026-04-01
M03752,ip,I_MULE_0729,2026-03-02 10:00:00,2026-04-01
M03937,ip,I_MULE_0729,2026-03-03 04:00:00,2026-04-01
M03829,ip,I_MULE_0729,2026-03-03 00:00:00,2026-04-01
M02268,ip,I_MULE_0155,2026-01-13 00:00:00,2026-04-01
M04814,ip,I_MULE_0155,2026-01-18 00:00:00,2026-04-01
M03468,ip,I_MULE_0155,2026-01-24 00:00:00,2026-04-01
M03521,ip,I_MULE_0155,2026-01-30 00:00:00,2026-04-01
M00324,ip,I_MULE_0155,2026-02-04 00:00:00,2026-04-01
M00513,ip,I_MULE_0155,2026-02-10 00:00:00,2026-04-01
M02091,ip,I_MULE_0155,2026-02-16 00:00:00,2026-04-01
M04307,ip,I_MULE_0966,2026-02-12 00:00:00,2026-04-01
M04307,device,D_MULE_0168,2026-02-12 00:00:00,2026-04-01
M01661,ip,I_MULE_0966,2026-02-12 00:00:00,2026-04-01
M01661,device,D_MULE_0168,2026-02-12 00:00:00,2026-04-01
M01767,ip,I_MULE_0966,2026-02-12 00:00:00,2026-04-01
M01767,device,D_MULE_0168,2026-02-12 00:00:00,2026-04-01
M03352,ip,I_MULE_0966,2026-02-12 00:00:00,2026-04-01
M03352,device,D_MULE_0168,2026-02-12 00:00:00,2026-04-01
M00383,ip,I_MULE_0966,2026-02-12 00:00:00,2026-04-01
M00383,device,D_MULE_0168,2026-02-12 00:00:00,2026-04-01
M00114,ip,I_MULE_0966,2026-02-12 00:00:00,2026-04-01
M00114,device,D_MULE_0168,2026-02-12 00:00:00,2026-04-01
M02425,ip,I_MULE_0966,2026-02-12 00:00:00,2026-04-01
M02425,device,D_MULE_0168,2026-02-12 00:00:00,2026-04-01
M00283,ip,I_MULE_0259,2026-03-07 12:00:00,2026-04-01
M03344,ip,I_MULE_0259,2026-03-08 04:00:00,2026-04-01
M03782,ip,I_MULE_0259,2026-03-08 13:00:00,2026-04-01
M03056,ip,I_MULE_0259,2026-03-06 11:00:00,2026-04-01
M03360,ip,I_MULE_0259,2026-03-07 08:00:00,2026-04-01
M03252,ip,I_MULE_0259,2026-03-06 09:00:00,2026-04-01
M00209,ip,I_MULE_0259,2026-03-06 20:00:00,2026-04-01
M02199,ip,I_MULE_0859,2026-01-16 00:00:00,2026-04-01
M01383,ip,I_MULE_0859,2026-01-21 00:00:00,2026-04-01
M03897,ip,I_MULE_0859,2026-01-27 00:00:00,2026-04-01
M04379,ip,I_MULE_0859,2026-02-02 00:00:00,2026-04-01
M04763,ip,I_MULE_0859,2026-02-07 00:00:00,2026-04-01
M02429,ip,I_MULE_0859,2026-02-13 00:00:00,2026-04-01
M02732,ip,I_MULE_0859,2026-02-19 00:00:00,2026-04-01
M00420,ip,I_MULE_0705,2026-02-02 00:00:00,2026-04-01
M00420,device,D_MULE_0612,2026-02-02 00:00:00,2026-04-01
M00735,ip,I_MULE_0705,2026-02-02 00:00:00,2026-04-01
M00735,device,D_MULE_0612,2026-02-02 00:00:00,2026-04-01
M00036,ip,I_MULE_0705,2026-02-02 00:00:00,2026-04-01
M00036,device,D_MULE_0612,2026-02-02 00:00:00,2026-04-01
M02126,ip,I_MULE_0705,2026-02-02 00:00:00,2026-04-01
M02126,device,D_MULE_0612,2026-02-02 00:00:00,2026-04-01
M00960,ip,I_MULE_0705,2026-02-02 00:00:00,2026-04-01
M00960,device,D_MULE_0612,2026-02-02 00:00:00,2026-04-01
M01496,ip,I_MULE_0486,2026-03-06 07:00:00,2026-04-01
M02180,ip,I_MULE_0486,2026-03-05 06:00:00,2026-04-01
M02253,ip,I_MULE_0486,2026-03-05 23:00:00,2026-04-01
M00150,ip,I_MULE_0486,2026-03-07 08:00:00,2026-04-01
M04810,ip,I_MULE_0365,2026-01-11 00:00:00,2026-04-01
M01168,ip,I_MULE_0365,2026-01-16 00:00:00,2026-04-01
M03810,ip,I_MULE_0365,2026-01-22 00:00:00,2026-04-01
M00169,ip,I_MULE_0365,2026-01-28 00:00:00,2026-04-01
M03220,ip,I_MULE_0365,2026-02-02 00:00:00,2026-04-01
M03498,ip,I_MULE_0365,2026-02-08 00:00:00,2026-04-01
M03202,ip,I_MULE_0365,2026-02-14 00:00:00,2026-04-01
M04984,ip,I_MULE_0806,2026-02-06 00:00:00,2026-04-01
M04984,device,D_MULE_0872,2026-02-06 00:00:00,2026-04-01
M02034,ip,I_MULE_0806,2026-02-06 00:00:00,2026-04-01
M02034,device,D_MULE_0872,2026-02-06 00:00:00,2026-04-01
M04241,ip,I_MULE_0806,2026-02-06 00:00:00,2026-04-01
M04241,device,D_MULE_0872,2026-02-06 00:00:00,2026-04-01
M02210,ip,I_MULE_0631,2026-02-05 06:00:00,2026-04-01
M03554,ip,I_MULE_0631,2026-02-03 04:00:00,2026-04-01
M04839,ip,I_MULE_0631,2026-02-05 11:00:00,2026-04-01
M03401,ip,I_MULE_0631,2026-02-05 16:00:00,2026-04-01
M02209,ip,I_MULE_0631,2026-02-05 03:00:00,2026-04-01
M02886,ip,I_MULE_0631,2026-02-05 15:00:00,2026-04-01
M02038,ip,I_MULE_0631,2026-02-04 18:00:00,2026-04-01
M02114,ip,I_MULE_0602,2026-01-19 00:00:00,2026-04-01
M01466,ip,I_MULE_0602,2026-02-01 00:00:00,2026-04-01
M02852,ip,I_MULE_0602,2026-02-14 00:00:00,2026-04-01
M00097,ip,I_MULE_0335,2026-02-04 00:00:00,2026-04-01
M00097,device,D_MULE_0205,2026-02-04 00:00:00,2026-04-01
M03866,ip,I_MULE_0335,2026-02-04 00:00:00,2026-04-01
M03866,device,D_MULE_0205,2026-02-04 00:00:00,2026-04-01
M02916,ip,I_MULE_0335,2026-02-04 00:00:00,2026-04-01
M02916,device,D_MULE_0205,2026-02-04 00:00:00,2026-04-01
M00475,ip,I_MULE_0335,2026-02-04 00:00:00,2026-04-01
M00475,device,D_MULE_0205,2026-02-04 00:00:00,2026-04-01
M03466,ip,I_MULE_0335,2026-02-04 00:00:00,2026-04-01
M03466,device,D_MULE_0205,2026-02-04 00:00:00,2026-04-01
M03857,ip,I_MULE_0335,2026-02-04 00:00:00,2026-04-01
M03857,device,D_MULE_0205,2026-02-04 00:00:00,2026-04-01
M02134,ip,I_MULE_0335,2026-02-04 00:00:00,2026-04-01
M02134,device,D_MULE_0205,2026-02-04 00:00:00,2026-04-01
M03693,ip,I_MULE_0447,2026-02-05 04:00:00,2026-04-01
M00469,ip,I_MULE_0447,2026-02-05 11:00:00,2026-04-01
M01682,ip,I_MULE_0447,2026-02-05 09:00:00,2026-04-01
M02626,ip,I_MULE_0447,2026-02-04 22:00:00,2026-04-01
M02194,ip,I_MULE_0447,2026-02-05 17:00:00,2026-04-01
M02244,ip,I_MULE_0591,2026-01-29 00:00:00,2026-04-01
M03552,ip,I_MULE_0591,2026-02-11 00:00:00,2026-04-01
M04247,ip,I_MULE_0591,2026-02-24 00:00:00,2026-04-01
M00430,ip,I_MULE_0445,2026-02-20 00:00:00,2026-04-01
M00430,device,D_MULE_0089,2026-02-20 00:00:00,2026-04-01
M03275,ip,I_MULE_0445,2026-02-20 00:00:00,2026-04-01
M03275,device,D_MULE_0089,2026-02-20 00:00:00,2026-04-01
M03084,ip,I_MULE_0445,2026-02-20 00:00:00,2026-04-01
M03084,device,D_MULE_0089,2026-02-20 00:00:00,2026-04-01
M02081,ip,I_MULE_0445,2026-02-20 00:00:00,2026-04-01
M02081,device,D_MULE_0089,2026-02-20 00:00:00,2026-04-01
M02109,ip,I_MULE_0445,2026-02-20 00:00:00,2026-04-01
M02109,device,D_MULE_0089,2026-02-20 00:00:00,2026-04-01
M02995,ip,I_MULE_0314,2026-02-02 06:00:00,2026-04-01
M00444,ip,I_MULE_0314,2026-02-02 01:00:00,2026-04-01
M02446,ip,I_MULE_0314,2026-01-31 17:00:00,2026-04-01
M03985,ip,I_MULE_0314,2026-02-02 01:00:00,2026-04-01
M04126,ip,I_MULE_0435,2026-01-13 00:00:00,2026-04-01
M01578,ip,I_MULE_0435,2026-01-23 00:00:00,2026-04-01
M03922,ip,I_MULE_0435,2026-02-02 00:00:00,2026-04-01
M00614,ip,I_MULE_0435,2026-02-12 00:00:00,2026-04-01
M00437,ip,I_MULE_0753,2026-02-20 00:00:00,2026-04-01
M00437,device,D_MULE_0288,2026-02-20 00:00:00,2026-04-01
M01475,ip,I_MULE_0753,2026-02-20 00:00:00,2026-04-01
M01475,device,D_MULE_0288,2026-02-20 00:00:00,2026-04-01
M00787,ip,I_MULE_0753,2026-02-20 00:00:00,2026-04-01
M00787,device,D_MULE_0288,2026-02-20 00:00:00,2026-04-01
M03383,ip,I_MULE_0753,2026-02-20 00:00:00,2026-04-01
M03383,device,D_MULE_0288,2026-02-20 00:00:00,2026-04-01
M01903,ip,I_MULE_0753,2026-02-20 00:00:00,2026-04-01
M01903,device,D_MULE_0288,2026-02-20 00:00:00,2026-04-01
M00405,ip,I_MULE_0753,2026-02-20 00:00:00,2026-04-01
M00405,device,D_MULE_0288,2026-02-20 00:00:00,2026-04-01
M01730,ip,I_MULE_0753,2026-02-20 00:00:00,2026-04-01
M01730,device,D_MULE_0288,2026-02-20 00:00:00,2026-04-01
M02915,ip,I_MULE_0160,2026-03-02 00:00:00,2026-04-01
M01751,ip,I_MULE_0160,2026-03-02 10:00:00,2026-04-01
M01796,ip,I_MULE_0160,2026-02-28 19:00:00,2026-04-01
M03014,ip,I_MULE_0986,2026-01-24 00:00:00,2026-04-01
M01858,ip,I_MULE_0986,2026-02-03 00:00:00,2026-04-01
M01366,ip,I_MULE_0986,2026-02-13 00:00:00,2026-04-01
M01085,ip,I_MULE_0986,2026-02-23 00:00:00,2026-04-01
M04395,ip,I_MULE_0174,2026-02-16 00:00:00,2026-04-01
M04395,device,D_MULE_0711,2026-02-16 00:00:00,2026-04-01
M04041,ip,I_MULE_0174,2026-02-16 00:00:00,2026-04-01
M04041,device,D_MULE_0711,2026-02-16 00:00:00,2026-04-01
M00621,ip,I_MULE_0174,2026-02-16 00:00:00,2026-04-01
M00621,device,D_MULE_0711,2026-02-16 00:00:00,2026-04-01
M00109,ip,I_MULE_0174,2026-02-16 00:00:00,2026-04-01
M00109,device,D_MULE_0711,2026-02-16 00:00:00,2026-04-01
M03224,ip,I_MULE_0174,2026-02-16 00:00:00,2026-04-01
M03224,device,D_MULE_0711,2026-02-16 00:00:00,2026-04-01
M03891,ip,I_MULE_0174,2026-02-16 00:00:00,2026-04-01
M03891,device,D_MULE_0711,2026-02-16 00:00:00,2026-04-01
M04066,ip,I_MULE_0434,2026-03-03 02:00:00,2026-04-01
M03213,ip,I_MULE_0434,2026-03-01 10:00:00,2026-04-01
M01525,ip,I_MULE_0434,2026-03-03 09:00:00,2026-04-01
M03197,ip,I_MULE_0434,2026-03-02 15:00:00,2026-04-01
M03278,ip,I_MULE_0434,2026-03-02 19:00:00,2026-04-01
M04598,ip,I_MULE_0434,2026-03-01 14:00:00,2026-04-01
M02704,ip,I_MULE_0434,2026-03-03 12:00:00,2026-04-01
M02723,ip,I_MULE_0364,2026-01-13 00:00:00,2026-04-01
M04607,ip,I_MULE_0364,2026-01-18 00:00:00,2026-04-01
M04937,ip,I_MULE_0364,2026-01-24 00:00:00,2026-04-01
M02447,ip,I_MULE_0364,2026-01-30 00:00:00,2026-04-01
M01553,ip,I_MULE_0364,2026-02-04 00:00:00,2026-04-01
M04225,ip,I_MULE_0364,2026-02-10 00:00:00,2026-04-01
M00438,ip,I_MULE_0364,2026-02-16 00:00:00,2026-04-01
M02602,ip,I_MULE_0149,2026-01-31 00:00:00,2026-04-01
M02602,device,D_MULE_0337,2026-01-31 00:00:00,2026-04-01
M02272,ip,I_MULE_0149,2026-01-31 00:00:00,2026-04-01
M02272,device,D_MULE_0337,2026-01-31 00:00:00,2026-04-01
M03962,ip,I_MULE_0149,2026-01-31 00:00:00,2026-04-01
M03962,device,D_MULE_0337,2026-01-31 00:00:00,2026-04-01
M03895,ip,I_MULE_0149,2026-01-31 00:00:00,2026-04-01
M03895,device,D_MULE_0337,2026-01-31 00:00:00,2026-04-01
M02219,ip,I_MULE_0149,2026-01-31 00:00:00,2026-04-01
M02219,device,D_MULE_0337,2026-01-31 00:00:00,2026-04-01
M01724,ip,I_MULE_0149,2026-01-31 00:00:00,2026-04-01
M01724,device,D_MULE_0337,2026-01-31 00:00:00,2026-04-01
M03274,ip,I_MULE_0149,2026-01-31 00:00:00,2026-04-01
M03274,device,D_MULE_0337,2026-01-31 00:00:00,2026-04-01
M04151,ip,I_MULE_0886,2026-02-12 16:00:00,2026-04-01
M01312,ip,I_MULE_0886,2026-02-12 09:00:00,2026-04-01
M02481,ip,I_MULE_0886,2026-02-12 23:00:00,2026-04-01
M01958,ip,I_MULE_0886,2026-02-13 23:00:00,2026-04-01
M04610,ip,I_MULE_0886,2026-02-13 09:00:00,2026-04-01
M02937,ip,I_MULE_0244,2026-01-19 00:00:00,2026-04-01
M01635,ip,I_MULE_0244,2026-02-01 00:00:00,2026-04-01
M00518,ip,I_MULE_0244,2026-02-14 00:00:00,2026-04-01
M02132,ip,I_MULE_0987,2026-02-16 00:00:00,2026-04-01
M02132,device,D_MULE_0684,2026-02-16 00:00:00,2026-04-01
M03987,ip,I_MULE_0987,2026-02-16 00:00:00,2026-04-01
M03987,device,D_MULE_0684,2026-02-16 00:00:00,2026-04-01
M01339,ip,I_MULE_0987,2026-02-16 00:00:00,2026-04-01
M01339,device,D_MULE_0684,2026-02-16 00:00:00,2026-04-01
M04914,ip,I_MULE_0987,2026-02-16 00:00:00,2026-04-01
M04914,device,D_MULE_0684,2026-02-16 00:00:00,2026-04-01
M01305,ip,I_MULE_0987,2026-02-16 00:00:00,2026-04-01
M01305,device,D_MULE_0684,2026-02-16 00:00:00,2026-04-01
M04496,ip,I_MULE_0682,2026-03-06 22:00:00,2026-04-01
M04205,ip,I_MULE_0682,2026-03-06 13:00:00,2026-04-01
M04698,ip,I_MULE_0682,2026-03-06 22:00:00,2026-04-01
M01771,ip,I_MULE_0682,2026-03-05 05:00:00,2026-04-01
M01076,ip,I_MULE_0426,2026-01-16 00:00:00,2026-04-01
M04035,ip,I_MULE_0426,2026-01-24 00:00:00,2026-04-01
M01990,ip,I_MULE_0426,2026-02-01 00:00:00,2026-04-01
M03678,ip,I_MULE_0426,2026-02-09 00:00:00,2026-04-01
M03595,ip,I_MULE_0426,2026-02-17 00:00:00,2026-04-01
M04843,ip,I_MULE_0032,2026-02-20 00:00:00,2026-04-01
M04843,device,D_MULE_0099,2026-02-20 00:00:00,2026-04-01
M02221,ip,I_MULE_0032,2026-02-20 00:00:00,2026-04-01
M02221,device,D_MULE_0099,2026-02-20 00:00:00,2026-04-01
M03079,ip,I_MULE_0032,2026-02-20 00:00:00,2026-04-01
M03079,device,D_MULE_0099,2026-02-20 00:00:00,2026-04-01
