merchant_id,volume_delta_t1_t2,refund_delta_t1_t2,network_growth_t1_t2,device_churn_t1_t2,ip_churn_t1_t2,volume_delta_t2_t3,refund_delta_t2_t3,network_growth_t2_t3,device_churn_t2_t3,ip_churn_t2_t3,volume_static_t3,refund_rate_static_t3,network_size_static_t3
M00001,-68.94999999999999,0.0,-1,0.5,0.0,146.92,0.0,0,0.0,0.0,146.92,0.0,2
M00002,-711.5699999999999,0.6666666666666666,0,0.0,0.0,-534.54,-0.6666666666666666,0,0.0,0.0,65.93,0.0,1
M00003,1564.93,0.0,1,0.0,0.0,-1099.8600000000001,0.0,-1,0.0,0.0,503.40999999999997,0.0,2
M00004,-603.98,0.15384615384615385,1,0.0,0.0,-641.5900000000001,-0.1083916083916084,0,0.0,0.0,1973.62,0.045454545454545456,1
M00005,-164.05999999999995,0.0,-1,0.5,0.0,758.47,0.0,0,0.0,0.0,1053.93,0.0,0
M00006,0.0,0.0,18,0.0,1.0,4519.860000000001,0.02631578947368421,1,1.0,0.0,4519.860000000001,0.02631578947368421,19
M00007,-134.42999999999995,0.028846153846153855,0,0.0,0.0,62.760000000000105,0.14615384615384613,-1,0.0,0.0,1047.3400000000001,0.3,1
M00008,-455.62,0.0,2,0.0,0.0,540.83,0.0,0,0.0,0.0,1450.0,0.0,2
M00009,-266.98,0.0,0,0.0,0.0,105.92,0.5,0,0.0,0.0,111.11,0.5,0
M00010,155.33999999999992,0.0,0,0.0,0.0,-334.80999999999995,0.0,0,0.0,0.0,520.96,0.0,1
M00011,-37.99000000000001,0.0,21,0.0,0.5,579.82,0.5,-2,0.0,0.5,928.46,0.5,19
M00012,1833.94,0.08333333333333333,2,1.0,1.0,705.3699999999999,-0.006410256410256401,1,0.0,0.0,2539.31,0.07692307692307693,3
M00013,635.75,0.0,0,0.0,0.0,-680.21,0.0,0,0.0,0.0,417.30999999999995,0.0,2
M00014,-158.39,0.0,0,0.0,0.0,-309.32000000000005,0.0,0,0.0,0.0,71.28,0.0,2
M00015,-216.79000000000002,-0.5,2,0.0,0.0,-8.429999999999993,0.0,0,0.0,0.0,66.28,0.0,3
M00016,-857.2600000000002,0.012383900928792574,0,0.0,0.0,800.5500000000002,-0.11764705882352941,0,0.5,0.0,3730.21,0.0,0
M00017,-813.6199999999999,0.0,0,0.0,0.0,-60.250000000000014,0.0,0,0.0,0.0,116.55,0.0,1
M00018,-213.73000000000002,0.09090909090909091,0,0.0,0.0,635.98,-0.09090909090909091,0,0.0,0.0,1432.77,0.0,1
M00019,2898.72,0.0,1,1.0,1.0,367.1300000000001,0.05555555555555555,0,0.0,0.0,3265.85,0.05555555555555555,1
M00020,-927.4599999999999,-0.05194805194805194,0,0.5,0.0,621.14,-0.09090909090909091,0,0.0,0.0,1388.28,0.0,1
M00021,-146.66000000000076,-0.05454545454545454,0,0.0,0.0,-100.3799999999992,0.0014260249554367208,0,0.0,0.0,5873.64,0.0196078431372549,2
M00022,886.6000000000001,0.07857142857142857,0,0.0,0.0,-385.0400000000002,-0.15,0,0.0,0.0,1670.28,0.0,0
M00023,231.16000000000003,0.1111111111111111,0,0.0,0.0,-128.04000000000008,-0.1111111111111111,0,0.0,0.0,571.55,0.0,0
M00024,362.22,0.3333333333333333,0,1.0,1.0,-25.54000000000002,-0.08333333333333331,0,0.0,0.0,336.68,0.25,0
M00025,0.0,0.0,0,1.0,1.0,2936.0,0.0,0,0.0,0.0,2936.0,0.0,0
M00026,2494.75,0.0,1,1.0,1.0,-121.61000000000013,0.05263157894736842,0,0.0,0.0,2373.14,0.05263157894736842,1
M00027,254.56,0.0,0,0.0,0.0,-411.04,0.0,0,0.0,0.0,98.50999999999999,0.0,0
M00028,251.87,0.0,0,0.5,0.0,-197.61,0.0,0,0.5,0.0,121.89,0.0,0
M00029,26.88,0.0,0,0.0,0.0,73.53,0.0,1,0.0,0.0,100.41,0.0,1
M00030,-509.86999999999995,-0.14285714285714285,0,0.0,0.0,106.19999999999999,0.0,0,0.0,0.0,337.13,0.0,1
M00031,167.22,0.0,0,0.0,0.0,-207.98000000000002,0.0,0,0.0,0.0,97.95,0.0,0
M00032,249.43999999999994,0.0,0,0.0,0.0,63.870000000000005,0.0,0,0.5,0.0,555.18,0.0,2
M00033,0.0,0.0,0,0.0,0.0,81.55,0.0,0,0.0,0.0,81.55,0.0,1
M00034,939.4900000000002,0.08097165991902833,-2,0.0,0.5,-104.00000000000023,-0.07456140350877193,-3,0.0,0.0,1960.76,0.08333333333333333,24
M00035,0.0,0.0,0,0.0,0.0,9198.83,0.0,2,1.0,1.0,9198.83,0.0,2
M00036,54.549999999999955,0.0,5,0.5,0.5,-361.22,0.0,-2,0.5,0.5,221.04,0.0,4
M00037,583.1100000000001,0.07894736842105263,0,0.0,0.0,1529.3400000000001,-0.039731682146542824,2,0.5,0.0,6070.77,0.0392156862745098,2
M00038,-356.1700000000001,0.0,-1,0.0,0.0,1014.9500000000003,0.037037037037037035,0,0.0,0.0,2613.11,0.037037037037037035,1
M00039,246.74,0.042857142857142844,0,0.0,0.0,-23.75,-0.05952380952380952,0,0.0,0.0,1075.73,0.08333333333333333,1
M00040,499.87999999999994,0.2,0,0.5,0.0,-34.879999999999995,-0.2,0,0.5,0.0,539.55,0.0,0
M00041,685.92,0.0,1,0.0,0.0,197.86,0.0,0,0.0,0.0,883.78,0.0,3
M00042,1490.27,0.0,0,0.0,0.0,-1354.1,0.0,0,0.0,0.0,487.43,0.0,0
M00043,-125.30000000000007,0.125,0,0.0,0.0,-469.19999999999993,-0.125,0,0.0,0.0,378.86,0.0,0
M00044,815.87,0.0,0,0.0,0.0,-701.79,0.0,0,0.0,0.0,923.97,0.0,1
M00045,-139.05999999999995,0.0,0,0.0,0.0,447.71000000000004,0.0,-1,0.0,0.0,1427.99,0.0,2
M00046,719.4000000000001,0.2,1,0.5,0.0,37.68999999999994,-0.0888888888888889,-1,0.5,0.0,757.09,0.1111111111111111,0
M00047,1065.77,0.04150197628458498,0,0.0,0.0,-602.6100000000001,0.03804347826086957,0,0.0,0.0,2382.16,0.125,1
M00048,67.49000000000001,0.0,0,0.0,0.0,141.64999999999998,0.0,0,0.0,0.0,235.41,0.0,0
M00049,430.15999999999997,0.0,0,0.0,0.0,-645.93,0.0,0,0.0,0.0,59.13,0.0,1
M00050,86.34,0.0,0,0.0,0.0,83.82,0.3333333333333333,0,0.0,0.0,170.16,0.3333333333333333,1
M00051,-105.45999999999998,0.0,0,0.0,0.0,-55.829999999999984,0.0,0,0.5,0.0,261.54,0.0,0
M00052,-5854.0,-0.06827564306128929,0,0.0,0.0,4145.719999999999,0.038424896792632585,0,0.0,0.0,8385.15,0.05970149253731343,0
M00053,72.49,0.0,0,0.0,0.0,-59.85999999999999,0.0,0,0.0,0.0,12.63,0.0,1
M00054,269.87,0.0,-2,0.0,0.5,-577.87,0.0,-3,0.0,0.0,332.75,0.0,24
M00055,-56.379999999999995,0.0,-1,0.0,0.0,396.06,0.0,0,0.0,0.0,412.39,0.0,0
M00056,0.0,0.0,0,0.0,0.0,28.0,1.0,0,1.0,1.0,28.0,1.0,0
M00057,1369.07,0.0,0,0.0,0.0,-566.22,0.0,-1,0.0,0.0,1196.34,0.0,1
M00058,-91.13999999999999,0.0,0,0.0,0.0,191.48000000000002,0.0,0,0.0,0.0,574.35,0.0,1
M00059,475.57000000000016,-0.16666666666666666,26,0.0,0.5,-272.22000000000014,0.0,-6,0.5,0.5,999.17,0.0,20
M00060,985.2400000000001,0.06666666666666667,0,0.0,0.0,507.72,-0.02318840579710145,0,0.0,0.0,2094.36,0.043478260869565216,2
M00061,1162.06,0.1,0,1.0,1.0,-505.75,-0.1,0,0.0,0.0,656.31,0.0,0
M00062,265.76,-0.3333333333333333,0,0.0,0.0,900.9099999999999,0.1,1,0.0,0.0,1359.35,0.1,4
M00063,-141.17000000000002,0.0,0,0.0,0.0,91.89999999999999,0.0,-1,1.0,0.0,128.79,0.0,1
M00064,-756.62,0.0,1,0.0,0.0,1059.44,0.07692307692307693,0,0.0,0.0,1814.85,0.07692307692307693,1
M00065,104.57,0.0,0,0.0,0.0,-121.84999999999997,0.0,0,0.0,0.0,245.13,0.0,0
M00066,0.0,0.0,0,0.0,0.0,0.0,0.0,0,0.0,0.0,0.0,0.0,2
M00067,2359.92,0.0,0,0.5,0.0,-2618.17,0.14285714285714285,1,0.0,0.0,687.0799999999999,0.14285714285714285,1
M00068,-1194.6000000000001,-0.037037037037037035,0,0.0,0.0,-499.45000000000005,0.05555555555555555,0,0.0,0.0,1312.33,0.05555555555555555,1
M00069,1356.0300000000002,-0.17892156862745098,0,0.5,0.0,-99.61000000000013,0.031194295900178255,0,0.0,0.0,3995.33,0.06060606060606061,1
M00070,-392.52000000000044,-0.03308823529411765,17,0.5,0.5,2651.0999999999995,0.046537602382725245,-3,0.5,0.5,9512.21,0.0759493670886076,15
M00071,284.59000000000015,0.06666666666666667,0,0.0,0.0,-123.6400000000001,-0.06666666666666667,0,0.0,0.0,1219.3,0.0,2
M00072,-38.09999999999991,0.08333333333333333,0,0.0,0.0,31.980000000000018,-0.08333333333333333,0,0.0,0.0,913.45,0.0,1
M00073,1980.3500000000001,0.0,0,1.0,1.0,1499.22,0.125,0,0.5,0.0,3479.57,0.125,0
M00074,107.10000000000002,-0.3333333333333333,0,0.0,0.0,-61.25,0.0,0,0.0,0.0,312.97,0.0,1
M00075,0.0,0.0,0,0.0,0.0,140.88,0.0,1,1.0,1.0,140.88,0.0,1
M00076,489.06000000000006,-0.5,1,0.5,0.0,-550.1600000000001,0.0,0,0.5,0.0,10.67,0.0,2
M00077,2194.1,0.045454545454545456,0,1.0,1.0,2376.4100000000003,0.052106430155210645,0,0.0,0.0,4570.51,0.0975609756097561,0
M00078,-279.95,1.0,0,0.0,0.0,301.24999999999994,-1.0,1,0.0,0.0,330.79999999999995,0.0,3
M00079,-401.70000000000005,0.0,1,0.0,0.0,-440.3400000000001,0.0,0,0.0,0.0,364.58,0.0,2
M00080,891.8600000000001,-0.03208556149732621,0,0.5,0.0,-1609.39,-0.058823529411764705,0,0.0,0.0,853.1800000000001,0.0,1
M00081,-338.66999999999996,0.0,0,0.0,0.0,-99.49000000000001,0.3333333333333333,0,0.0,0.0,217.75,0.3333333333333333,0
M00082,45.76,0.0,0,1.0,1.0,536.48,0.0,0,0.0,0.0,582.24,0.0,0
M00083,32.450000000000045,0.0,0,0.0,0.0,918.2,0.0,0,0.0,0.0,1745.96,0.0,1
M00084,111.25999999999999,0.0,0,0.0,0.0,-185.14999999999998,0.0,0,0.5,0.0,132.38,0.0,3
M00085,370.03999999999996,0.06451612903225806,-1,0.5,0.0,745.4399999999996,-0.06451612903225806,0,0.0,0.0,4413.65,0.0,1
M00086,653.3000000000002,0.02857142857142858,0,0.0,0.0,247.53999999999996,-0.05238095238095239,0,0.0,0.0,2007.43,0.047619047619047616,0
M00087,-297.27,0.0,0,0.0,0.0,198.06,0.5,0,0.0,0.0,198.06,0.5,1
M00088,-765.9400000000005,0.09090909090909091,0,0.0,0.0,83.30000000000018,-0.09090909090909091,0,0.0,0.0,5032.62,0.0,1
M00089,17.109999999999957,0.0,0,0.5,0.0,180.31,0.0,0,0.5,0.0,640.63,0.0,0
M00090,-17.41,0.0,0,0.0,0.0,574.5600000000001,0.0,0,0.0,0.0,574.5600000000001,0.0,2
M00091,-177.65000000000003,0.25,0,0.0,0.0,309.71,-0.25,0,0.0,0.0,530.54,0.0,2
M00092,-121.05999999999995,0.006912442396313362,0,0.0,0.0,1940.29,-0.07142857142857142,0,0.0,0.0,4676.29,0.0,0
M00093,198.68,0.0,0,0.0,0.0,-143.05,0.0,0,0.0,0.0,55.63,0.0,0
M00094,-484.21,0.0,0,0.0,0.0,462.2,0.125,0,0.0,0.0,627.62,0.125,1
M00095,-276.24,0.0,0,0.0,0.0,0.0,0.0,0,0.5,0.0,0.0,0.0,1
M00096,-93.4,0.0,1,0.5,0.0,-160.73,0.0,0,0.5,0.0,0.0,0.0,1
M00097,82.86,0.0,6,0.5,0.5,-14.019999999999996,0.0,-1,0.5,0.5,68.84,0.0,6
M00098,290.83,0.0,-1,0.0,0.0,-227.76999999999998,0.0,0,0.0,0.0,63.06,0.0,1
M00099,131.90999999999997,-0.2,0,0.0,0.0,-115.33000000000004,0.0,0,0.0,0.0,449.53999999999996,0.0,2
M00100,4771.96,0.044444444444444446,0,1.0,1.0,965.71,-0.026262626262626265,1,0.0,0.0,5737.67,0.01818181818181818,1
M00101,-413.3299999999999,0.0,0,0.0,0.0,492.64,0.0,0,0.0,0.0,630.5,0.0,0
M00102,0.0,0.0,0,0.0,0.0,4811.88,0.046511627906976744,1,1.0,1.0,4811.88,0.046511627906976744,1
M00103,1734.3699999999997,0.0,0,0.0,0.0,-1516.6699999999996,0.0,0,0.0,0.0,1281.15,0.0,1
M00104,0.0,0.0,0,0.0,0.0,65.23,0.0,0,0.0,0.0,65.23,0.0,2
M00105,-93.69000000000003,0.5,0,0.0,0.0,-192.79,-0.5,-1,0.0,0.0,0.0,0.0,2
M00106,-617.28,0.03968253968253968,0,0.0,0.0,-10.649999999999977,-0.1111111111111111,0,0.0,0.0,890.11,0.0,0
M00107,65.82999999999998,0.0,0,0.0,0.0,-8.849999999999966,0.0,0,0.0,0.0,238.04000000000002,0.0,0
M00108,948.42,0.0,2,0.5,0.0,-293.03,0.0,-2,0.5,0.0,1292.18,0.0,2
M00109,5410.08,-0.01336898395721925,5,0.6666666666666666,0.5,-2607.63,0.0010570824524312877,-1,0.6666666666666666,0.5,4597.89,0.046511627906976744,5
M00110,183.51,0.5,0,0.0,0.0,-183.51,-0.5,0,0.0,0.0,0.0,0.0,1
M00111,-130.10000000000002,0.0,-2,0.5,0.5,1116.8899999999999,0.5,-3,0.0,0.0,1192.4399999999998,0.5,18
M00112,453.90999999999997,0.0,17,0.0,0.5,153.14999999999998,0.0,-2,0.0,0.5,682.77,0.0,16
M00113,249.19000000000005,0.0,0,0.0,0.0,-550.84,0.0,0,0.0,0.0,0.0,0.0,0
M00114,116.95,0.0,7,0.6666666666666666,0.6666666666666666,365.93,0.0,-29,0.5,0.5,482.88,0.0,6
M00115,-191.32,1.0,-1,0.5,0.0,243.3,-1.0,0,0.0,0.0,336.12,0.0,1
M00116,136.54999999999998,0.0,0,0.0,0.0,-205.26999999999998,0.25,0,0.0,0.0,123.89,0.25,0
M00117,538.48,0.25,1,1.0,1.0,221.97000000000003,-0.25,0,0.0,0.0,760.45,0.0,1
M00118,27.960000000000036,-0.10526315789473684,0,0.5,0.0,-363.51,0.08333333333333333,0,0.5,0.0,1393.77,0.08333333333333333,0
M00119,318.17,0.2,-1,0.0,0.0,246.06999999999994,0.3,1,0.5,0.0,939.3199999999999,0.5,2
M00120,-444.68000000000006,-0.09523809523809523,-1,0.0,0.5,-450.8800000000001,0.0,-3,0.0,0.0,1271.97,0.0,24
M00121,669.5,-1.0,-1,0.5,0.0,-632.35,0.0,0,0.0,0.0,64.73,0.0,2
M00122,-186.48,0.0,0,0.0,0.0,447.71999999999997,0.0,0,0.0,0.0,495.59,0.0,1
M00123,68.07999999999993,0.0,0,0.0,0.0,-188.38,0.0,0,0.0,0.0,436.03999999999996,0.0,1
M00124,-1154.44,0.04166666666666667,0,0.0,0.0,-51.569999999999936,-0.125,0,0.0,0.0,658.59,0.0,1
M00125,36.42000000000007,-0.07692307692307693,0,0.0,0.0,-314.26,0.0,0,0.5,0.0,919.96,0.0,0
M00126,1476.83,-0.019393939393939394,0,0.0,0.0,-568.5099999999998,0.04653679653679653,1,0.5,0.0,3010.32,0.10714285714285714,1
M00127,-310.48,-0.2,2,0.0,0.0,490.28,0.2,0,0.5,0.0,675.3199999999999,0.2,3
M00128,0.0,0.0,0,0.0,0.0,3153.33,0.0,2,1.0,1.0,3153.33,0.0,2
M00129,-840.2,0.043478260869565216,0,0.0,0.0,1039.57,0.11652173913043479,0,0.0,0.0,2773.77,0.16,1
M00130,0.0,0.0,0,0.0,0.0,316.47,0.0,0,1.0,1.0,316.47,0.0,0
M00131,584.97,0.0,1,1.0,1.0,9.67999999999995,0.0,0,0.5,0.0,594.65,0.0,1
M00132,3333.6900000000005,-0.05550254452926209,0,0.0,0.0,-4666.17,0.0543546365914787,0,0.0,0.0,12409.28,0.07518796992481203,0
M00133,1397.11,0.07142857142857142,0,0.0,0.0,42.8900000000001,0.011904761904761904,0,0.5,0.0,1485.95,0.08333333333333333,2
M00134,1136.5,-0.25,1,0.5,0.0,-19.75,0.0,-1,0.5,0.0,1445.33,0.0,1
M00135,553.8100000000002,-0.01904761904761905,0,0.0,0.0,-355.5,-0.047619047619047616,0,0.0,0.0,1819.67,0.0,0
M00136,119.0,0.0,0,1.0,1.0,46.33000000000001,0.3333333333333333,1,0.5,0.0,165.33,0.3333333333333333,1
M00137,1052.88,0.0,0,0.0,0.0,-841.8300000000002,0.5,0,0.0,0.0,211.05,0.5,0
M00138,262.01,0.0,0,0.0,0.0,-262.7,0.0,0,0.0,0.0,48.51,0.0,0
M00139,-914.9100000000001,-0.09090909090909091,0,0.0,0.0,-231.45999999999998,0.16666666666666666,0,0.0,0.0,447.8,0.16666666666666666,0
M00140,-23.899999999999977,-0.3333333333333333,0,0.0,0.0,-689.96,0.0,0,0.0,0.0,174.18,0.0,1
M00141,384.4900000000001,0.14285714285714285,0,0.0,0.5,-304.7800000000001,-0.14285714285714285,-2,0.0,0.0,395.87,0.0,26
M00142,959.1600000000001,0.0,1,1.0,1.0,538.96,0.0,0,0.0,0.0,1498.1200000000001,0.0,1
M00143,-140.98,0.0,0,0.0,0.0,0.0,0.0,0,0.0,0.0,0.0,0.0,0
M00144,370.07000000000016,0.05263157894736842,1,0.0,0.0,-910.5200000000002,0.04736842105263159,1,0.5,0.0,1372.22,0.1,4
M00145,0.0,0.0,1,1.0,1.0,32.85,0.0,0,1.0,0.0,32.85,0.0,1
M00146,-398.16999999999996,0.0,0,0.5,0.0,250.88,0.0,0,0.0,0.0,250.88,0.0,0
M00147,157.84,0.0,0,0.5,0.0,28.829999999999984,0.0,2,0.0,0.0,186.67,0.0,3
M00148,0.0,0.0,0,0.0,0.0,152.18,0.0,0,0.0,0.0,152.18,0.0,1
M00149,44.86000000000013,0.2857142857142857,0,0.5,0.0,-169.58000000000004,-0.2857142857142857,0,0.0,0.0,578.86,0.0,1
M00150,-159.66000000000003,0.2,0,0.0,0.0,5315.179999999999,-0.12307692307692308,4,0.5,0.5,5591.19,0.07692307692307693,4
M00151,453.90999999999997,0.0,0,0.0,0.0,-399.16999999999996,0.0,1,0.0,0.0,54.74,0.0,1
M00152,106.69,0.0,0,0.0,0.0,577.05,0.0,0,0.0,0.0,736.51,0.0,1
M00153,399.64,0.0,0,0.0,0.0,-288.34,0.0,1,0.5,0.0,111.3,0.0,1
M00154,638.0500000000001,0.0,0,0.0,0.0,-410.85,0.0,0,0.0,0.0,416.6,0.0,0
M00155,74.61999999999998,0.0,0,0.0,0.0,734.28,0.0,0,0.0,0.0,985.5,0.0,0
M00156,52.63000000000011,0.0,0,0.0,0.5,687.5899999999999,-0.04090909090909091,-2,0.0,0.0,2071.31,0.05,26
M00157,0.0,0.0,0,0.0,0.0,291.44,0.0,0,0.5,0.0,291.44,0.0,0
M00158,47.879999999999995,0.0,0,0.0,0.0,582.1300000000001,0.15384615384615385,0,0.0,0.0,1231.18,0.15384615384615385,0
M00159,-64.84,0.0,0,0.0,0.0,36.23,0.0,0,0.0,0.0,36.23,0.0,1
M00160,0.0,0.0,0,0.0,0.0,111.15,0.0,0,0.0,0.0,111.15,0.0,0
M00161,-8.769999999999982,0.2,0,0.5,0.0,344.36,-0.0888888888888889,0,0.5,0.0,987.1,0.1111111111111111,0
M00162,0.0,0.0,0,0.0,0.0,3813.92,0.0975609756097561,0,1.0,1.0,3813.92,0.0975609756097561,0
M00163,196.65000000000003,0.0,8,0.0,0.5,21.829999999999984,0.0,0,0.0,0.5,356.94,0.0,8
M00164,0.0,0.0,0,0.0,0.0,0.0,0.0,0,0.0,0.0,0.0,0.0,1
M00165,-57.66,0.0,0,0.0,0.0,248.43,0.0,0,0.0,0.0,296.74,0.0,0
M00166,91.69999999999999,-0.25,0,0.5,0.0,-183.95,0.0,0,0.0,0.0,280.16,0.0,1
M00167,-528.6,0.3,17,0.0,0.5,114.60000000000002,-0.175,-2,0.0,0.5,750.76,0.125,16
M00168,-503.41999999999996,0.1111111111111111,0,0.0,0.0,4675.349999999999,-0.04589371980676328,0,0.0,0.0,5563.69,0.06521739130434782,1
M00169,-508.8800000000001,0.07142857142857142,4,0.5,0.5,-1196.1100000000001,-0.07142857142857142,-1,0.5,0.0,550.62,0.0,7
M00170,456.86,0.25,0,0.0,0.0,-381.96000000000004,-0.25,0,0.0,0.0,276.24,0.0,0
M00171,533.8399999999999,0.07692307692307693,0,0.0,0.0,-1335.71,-0.005494505494505503,0,0.0,0.0,1093.73,0.07142857142857142,0
M00172,0.0,0.0,0,0.0,0.0,401.86,0.3333333333333333,1,1.0,1.0,401.86,0.3333333333333333,1
M00173,5694.35,0.023255813953488372,0,1.0,1.0,150.57999999999993,-0.023255813953488372,0,0.5,0.0,5844.93,0.0,0
M00174,294.39,0.0,0,1.0,1.0,16.400000000000034,0.25,1,1.0,0.0,310.79,0.25,1
M00175,-139.59,0.0,0,0.0,0.0,-33.62,0.0,0,0.0,0.0,0.0,0.0,0
M00176,3431.5499999999997,0.023809523809523808,1,0.0,0.0,-1149.4699999999998,0.03869047619047619,0,0.0,0.0,3285.39,0.0625,3
M00177,-422.39000000000004,-0.25,-1,0.5,0.0,-66.07,0.0,-1,0.0,0.0,0.0,0.0,2
M00178,-116.13999999999999,0.1515151515151515,0,0.0,0.0,-281.2,-0.3333333333333333,1,0.0,0.0,268.57,0.0,1
M00179,0.0,0.0,-1,1.0,0.0,296.21999999999997,0.0,1,0.0,0.0,296.21999999999997,0.0,16
M00180,4133.92,0.30438184663536777,0,0.5,0.0,-973.5100000000002,0.19934640522875818,-1,0.5,0.0,9358.66,0.5882352941176471,0
M00181,4510.15,0.017857142857142856,0,0.0,0.0,-2214.919999999999,0.14123376623376624,0,0.0,0.0,4210.18,0.1590909090909091,0
M00182,2316.1400000000003,0.0522875816993464,0,0.0,0.0,-301.3800000000001,-0.0847953216374269,1,0.5,0.0,3688.62,0.02631578947368421,2
M00183,-262.79999999999995,0.0,0,0.0,0.0,117.00999999999999,0.0,1,0.0,0.0,607.88,0.0,1
M00184,2014.74,0.08695652173913043,0,0.0,0.0,-2189.4300000000003,0.03804347826086957,0,0.0,0.0,611.53,0.125,0
M00185,-93.59999999999997,-0.14285714285714285,0,0.0,0.0,397.49999999999994,0.14285714285714285,0,0.0,0.0,730.28,0.14285714285714285,2
M00186,-62.940000000000055,0.004545454545454547,0,0.5,0.0,116.0,0.04090909090909091,0,0.0,0.0,2188.9,0.09090909090909091,0
M00187,-442.24,0.0,0,0.0,0.0,-184.26,0.2,0,0.0,0.0,331.63,0.2,0
M00188,901.4100000000003,-0.038461538461538464,-1,0.0,0.0,-496.2900000000004,0.0,-1,0.0,0.0,3950.98,0.0,1
M00189,131.52,0.0,0,0.0,0.0,-63.900000000000006,0.5,1,0.0,0.0,67.62,0.5,1
M00190,-40.18000000000001,0.0,1,0.0,0.0,196.39,0.0,0,0.0,0.0,455.2,0.0,2
M00191,-319.1,-0.3333333333333333,0,0.0,0.0,313.78000000000003,0.5,0,0.0,0.0,313.78000000000003,0.5,0
M00192,623.1200000000001,-0.3333333333333333,0,0.0,0.0,88.13999999999999,0.0,0,0.0,0.0,967.1600000000001,0.0,1
M00193,196.30999999999995,0.2,0,0.5,0.0,-120.21999999999997,-0.2,0,0.5,0.0,363.69,0.0,1
M00194,-412.74,0.0,0,0.0,0.0,362.12,0.0,0,0.0,0.0,688.28,0.0,0
M00195,746.84,0.0,2,1.0,1.0,-49.24000000000001,0.0,0,0.0,0.0,697.6,0.0,2
M00196,0.0,0.0,0,0.0,0.0,4757.77,0.046511627906976744,1,1.0,1.0,4757.77,0.046511627906976744,1
M00197,-1360.7599999999998,0.005860805860805861,0,0.0,0.0,293.8299999999999,-0.02773109243697479,0,0.0,0.0,3789.27,0.029411764705882353,0
M00198,229.03,0.0,0,0.0,0.0,394.30000000000007,0.0,0,0.5,0.0,623.33,0.0,1
M00199,-1993.7299999999996,0.005216484089723528,0,0.0,0.0,5978.799999999999,0.0611947547353084,1,0.0,0.0,13407.9,0.10344827586206896,2
M00200,-1282.9299999999998,0.007936507936507936,0,0.0,0.0,1229.9099999999999,-0.013888888888888888,1,0.0,0.0,2882.29,0.041666666666666664,3
M00201,-1387.21,0.014423076923076927,0,0.0,0.0,4232.929999999999,-0.06263736263736264,0,0.0,0.0,9064.05,0.014285714285714285,2
M00202,-330.56,0.0,0,0.5,0.0,301.29,0.0,0,0.0,0.0,580.07,0.0,2
M00203,20.85,0.0,0,0.0,0.0,128.78,0.0,0,0.0,0.0,149.63,0.0,0
M00204,1622.7800000000002,-0.5,-1,0.5,0.5,-1649.3300000000002,0.0,-2,0.0,0.0,71.01,0.0,27
M00205,-909.3199999999999,0.0,0,0.0,0.0,185.56,0.0,-1,0.0,0.0,185.56,0.0,0
M00206,0.0,0.0,2,0.0,0.5,363.26,0.25,1,0.0,0.0,363.26,0.25,3
M00207,0.0,0.0,1,1.0,1.0,26.44,0.0,-1,0.0,0.0,26.44,0.0,0
M00208,-458.40999999999985,-0.05555555555555555,0,0.0,0.0,-204.01,0.06666666666666667,0,0.0,0.0,1307.63,0.06666666666666667,0
M00209,34.48,0.0,0,0.0,0.0,61.07,0.0,6,0.0,0.5,95.55,0.0,6
M00210,-330.44000000000005,0.0,0,0.5,0.0,30.080000000000155,0.0,0,0.0,0.0,1205.67,0.0,0
M00211,2997.29,-0.006720430107526883,2,0.5,0.0,-3896.2999999999993,-0.024717514124293783,-2,0.5,0.0,5641.85,0.01694915254237288,1
M00212,143.19,0.2,17,0.0,0.5,-321.83000000000004,-0.2,-3,0.0,0.5,197.29,0.0,15
M00213,-393.93999999999994,0.0,0,0.0,0.0,-68.83999999999992,0.0,0,0.0,0.0,648.08,0.0,0
M00214,-494.84000000000003,0.0,1,0.5,0.0,224.48000000000002,0.0,0,0.0,0.0,392.73,0.0,2
M00215,1055.6100000000001,0.05555555555555555,0,0.0,0.0,252.0999999999999,-0.05555555555555555,0,0.5,0.0,2194.0,0.0,2
M00216,35.74000000000001,0.5,0,0.0,0.0,-127.9,-0.5,0,0.0,0.0,0.0,0.0,3
M00217,-80.44,-0.3333333333333333,1,0.0,0.0,211.97000000000003,0.0,0,0.5,0.0,618.62,0.0,1
M00218,573.1899999999998,0.0,1,0.0,0.0,1390.65,0.08,0,0.0,0.0,3155.96,0.08,2
M00219,95.92000000000002,0.0,0,0.0,0.5,-381.28,0.0,-3,0.5,0.0,63.72,0.0,18
M00220,0.0,0.0,17,0.0,0.5,0.0,0.0,-2,0.0,0.5,0.0,0.0,17
M00221,563.7799999999997,0.041666666666666664,0,0.0,0.0,-987.02,-0.041666666666666664,1,0.0,0.0,1760.29,0.0,1
M00222,79.23,0.0,0,0.0,0.0,-174.0,0.0,0,0.0,0.0,0.0,0.0,0
M00223,-520.55,-0.16666666666666666,0,0.0,0.0,-226.49999999999994,0.0,0,0.0,0.0,257.97,0.0,5
M00224,118.32000000000005,0.0,0,0.5,0.0,-581.8299999999999,0.125,0,0.0,0.0,464.68,0.125,0
M00225,34.52,0.0,1,1.0,1.0,1060.77,0.0,0,0.5,0.0,1095.29,0.0,1
M00226,0.0,0.0,0,0.0,0.0,33366.48,0.04482758620689655,0,1.0,1.0,33366.48,0.04482758620689655,0
M00227,645.79,0.0,0,0.5,0.0,1701.5700000000002,0.13043478260869565,0,0.5,0.0,3040.51,0.13043478260869565,1
M00228,222.69999999999993,0.0,0,0.0,0.0,-215.1699999999999,0.0,1,0.0,0.0,328.66,0.0,1
M00229,35.81000000000017,-0.07692307692307693,0,0.0,0.0,-289.0400000000001,0.0,0,0.0,0.0,962.36,0.0,0
M00230,185.28999999999996,0.0,-1,0.0,0.0,150.2199999999999,0.2222222222222222,0,0.0,0.0,866.4399999999999,0.2222222222222222,0
M00231,210.01000000000005,0.25,0,0.0,0.0,-114.71000000000004,-0.25,0,0.5,0.0,335.39,0.0,0
M00232,360.42,0.0,-1,0.5,0.0,849.76,0.08333333333333333,0,0.5,0.0,1375.23,0.08333333333333333,0
M00233,698.46,0.0,1,0.0,0.0,-596.6500000000001,0.0,0,0.0,0.0,101.81,0.0,1
M00234,53.440000000000055,0.0,0,0.0,0.0,-362.8600000000001,0.0,0,0.0,0.0,572.3199999999999,0.0,1
M00235,653.99,0.0,0,0.5,0.0,-512.5,0.0,-1,0.5,0.0,172.24,0.0,0
M00236,366.55,0.0,0,0.5,0.0,-413.07,0.0,1,0.5,0.0,0.0,0.0,1
M00237,1474.9799999999998,0.048913043478260865,0,0.0,0.0,-189.60999999999967,-0.1284584980237154,0,0.0,0.0,2509.11,0.045454545454545456,2
M00238,-199.67,0.0,0,0.0,0.0,164.56,0.0,-1,0.0,0.0,190.3,0.0,0
M00239,-386.43999999999994,0.0,1,0.0,0.0,259.55999999999995,0.0,0,0.0,0.0,530.9,0.0,1
M00240,164.52,0.0,0,0.0,0.0,-221.02,0.0,0,0.0,0.0,0.0,0.0,2
M00241,-62.160000000000025,0.0,0,0.0,0.0,12.350000000000023,0.0,0,0.0,0.0,200.8,0.0,0
M00242,196.73,0.0,0,0.0,0.0,-196.73,0.0,0,0.5,0.0,0.0,0.0,0
M00243,1277.97,0.0625,2,1.0,1.0,1836.8300000000002,0.0625,0,0.0,0.0,3114.8,0.125,2
M00244,1331.05,-0.08333333333333333,0,0.0,0.0,-27.309999999999945,0.0,0,0.0,0.0,2499.71,0.0,0
M00245,514.38,0.0,0,0.0,0.0,-112.38999999999999,0.3333333333333333,0,0.0,0.0,611.1,0.3333333333333333,0
M00246,-29.720000000000027,0.0,1,0.0,0.0,-117.63,0.0,0,0.0,0.0,59.63,0.0,1
M00247,168.89,0.0,1,0.5,0.0,-168.89,0.0,0,0.5,0.0,0.0,0.0,1
M00248,-597.05,0.0,0,0.5,0.0,-30.12000000000012,0.0,0,0.5,0.0,1563.81,0.0,0
M00249,85.64,0.0,0,0.0,0.0,343.6,0.0,0,0.0,0.0,542.38,0.0,0
M00250,132.12,0.0,0,0.5,0.0,-67.10000000000001,0.0,0,0.5,0.0,65.02,0.0,1
M00251,12.129999999999995,-0.2,-1,0.5,0.0,85.18000000000006,0.0,0,0.0,0.0,994.22,0.0,1
M00252,421.17,0.0,-1,0.5,0.0,-303.67,0.0,0,0.0,0.0,117.5,0.0,0
M00253,-191.34,0.0,0,0.5,0.0,0.0,0.0,1,0.5,0.0,0.0,0.0,1
M00254,13.319999999999993,-0.5,0,0.0,0.0,4.179999999999978,0.0,0,0.0,0.0,256.58,0.0,0
M00255,-212.33999999999992,-0.14285714285714285,1,0.0,0.0,-150.02999999999997,0.0,0,0.5,0.0,688.97,0.0,1
M00256,377.3,0.0,0,0.0,0.0,-255.68,0.0,0,0.0,0.0,121.62,0.0,1
M00257,-865.52,0.125,1,0.5,0.0,-203.01,0.01785714285714285,-2,0.5,0.0,611.51,0.14285714285714285,2
M00258,212.10000000000002,0.0,0,0.0,0.0,391.2299999999999,0.23076923076923078,0,0.0,0.0,1171.81,0.23076923076923078,2
M00259,-707.2699999999998,0.1111111111111111,0,0.0,0.0,770.6699999999998,0.07936507936507936,-1,0.5,0.0,2218.85,0.19047619047619047,1
M00260,-576.77,-0.5,0,0.0,0.0,183.64,0.0,0,0.0,0.0,183.64,0.0,0
M00261,220.0999999999999,-0.375,24,0.0,0.5,-568.0700000000002,0.18181818181818182,-2,0.5,0.5,1084.3899999999999,0.18181818181818182,24
M00262,129.25,0.07692307692307693,0,0.0,0.0,-686.3000000000001,0.17307692307692307,0,0.0,0.0,702.4399999999999,0.25,0
M00263,-85.23,-1.0,0,0.0,0.0,319.84000000000003,0.0,0,0.0,0.0,332.86,0.0,1
M00264,-42.440000000000055,-0.041666666666666664,27,0.0,0.5,-244.29999999999973,0.0,-1,0.5,0.5,2138.36,0.0,26
M00265,0.0,0.0,0,0.0,0.0,36.34,0.0,0,0.0,0.0,36.34,0.0,0
M00266,0.0,0.0,0,0.0,0.0,72.02,0.0,3,0.5,0.0,72.02,0.0,5
M00267,122.05,1.0,0,0.0,0.0,-173.97,-1.0,0,0.0,0.0,0.0,0.0,1
M00268,29.220000000000002,0.0,0,0.0,0.0,559.05,0.0,0,0.0,0.0,605.15,0.0,1
M00269,65.37000000000002,0.0,0,0.0,0.0,104.76999999999998,0.0,0,0.0,0.0,241.63,0.0,2
M00270,-111.52999999999997,-0.14285714285714285,0,0.0,0.0,-71.00999999999999,0.08333333333333333,0,0.0,0.0,966.31,0.08333333333333333,2
M00271,-254.7500000000001,-0.125,0,0.0,0.0,-501.3299999999999,0.0,0,0.0,0.0,45.98,0.0,1
M00272,155.06,0.0,0,0.0,0.0,-232.84000000000003,0.0,-1,0.0,0.0,35.83,0.0,2
M00273,77.71,0.0,1,1.0,1.0,-77.71,0.0,0,0.0,0.0,0.0,0.0,1
M00274,147.66,0.0,0,0.0,0.0,-147.66,0.0,-1,0.0,0.0,0.0,0.0,2
M00275,178.86999999999995,0.0,-1,0.5,0.0,-169.05,0.3333333333333333,1,0.0,0.0,342.03999999999996,0.3333333333333333,4
M00276,-1097.01,0.02429149797570851,0,0.5,0.0,186.6400000000001,-0.018099547511312222,0,0.5,0.0,1741.23,0.058823529411764705,1
M00277,125.62999999999997,0.0,18,0.5,0.5,-6.729999999999961,0.0,-3,0.5,0.5,300.62,0.0,17
M00278,1447.3599999999997,0.15384615384615385,0,0.0,0.0,587.7600000000002,-0.08488063660477455,0,0.0,0.0,3039.9,0.06896551724137931,0
M00279,0.0,0.0,0,0.0,0.0,239.51,0.0,0,0.0,0.0,239.51,0.0,1
M00280,50.26000000000002,0.0,0,0.0,0.0,201.27,0.0,0,0.0,0.0,412.42,0.0,0
M00281,-142.20999999999998,0.0,1,0.0,0.0,-121.09,0.0,0,0.0,0.0,68.6,0.0,1
M00282,2554.5,-0.028875379939209724,24,0.5,0.5,-1067.5500000000002,0.00872885979268958,-2,0.5,0.5,4550.21,0.05128205128205128,23
M00283,0.0,0.0,0,0.0,0.0,1685.77,0.06666666666666667,6,1.0,1.0,1685.77,0.06666666666666667,6
M00284,0.0,0.0,1,0.0,0.0,36.18,0.0,0,0.0,0.0,36.18,0.0,2
M00285,2662.52,0.0,0,0.0,0.0,-604.98,0.05,0,0.0,0.0,2144.25,0.05,1
M00286,0.0,0.0,0,0.0,0.0,14190.789999999999,0.09774436090225563,1,1.0,1.0,14190.789999999999,0.09774436090225563,1
M00287,-25.029999999999973,0.0,0,0.0,0.0,263.21000000000004,0.0,0,0.0,0.0,464.83000000000004,0.0,1
M00288,-641.4099999999999,0.0,0,0.0,0.0,-218.43,0.0,0,0.0,0.0,0.0,0.0,0
M00289,106.97000000000003,-0.16666666666666666,0,0.0,0.0,-495.03999999999996,0.0,0,0.0,0.0,1069.52,0.0,1
M00290,0.0,0.0,0,0.0,0.0,19098.79,0.03867403314917127,2,1.0,1.0,19098.79,0.03867403314917127,2
M00291,-941.7699999999999,0.06293706293706294,-1,0.5,0.0,541.61,-0.15384615384615385,1,0.0,0.0,1475.44,0.0,2
M00292,0.0,0.0,0,0.5,0.0,0.0,0.0,-1,0.5,0.0,0.0,0.0,0
M00293,-170.31999999999994,-0.1,0,0.0,0.0,-1128.6799999999998,0.0,-1,0.0,0.0,365.11,0.0,1
M00294,1427.98,0.09090909090909091,0,0.5,0.0,-321.3399999999999,-0.09090909090909091,0,0.0,0.0,1196.95,0.0,0
M00295,0.0,0.0,0,0.0,0.0,463.24,0.0,3,1.0,1.0,463.24,0.0,3
M00296,0.0,0.0,0,0.0,0.0,7601.81,0.056338028169014086,0,1.0,1.0,7601.81,0.056338028169014086,0
M00297,-156.38,0.0,0,0.5,0.0,228.98000000000002,0.2,0,0.5,0.0,1054.98,0.2,1
M00298,492.83000000000015,0.03968253968253968,0,0.0,0.0,713.7999999999997,-0.09523809523809523,0,0.0,0.0,2927.29,0.0,0
M00299,218.45000000000002,0.5,0,0.0,0.0,95.13999999999999,-0.5,0,0.0,0.0,354.07,0.0,0
M00300,927.3899999999999,0.0,0,0.0,0.0,-668.4299999999998,0.0,0,0.0,0.0,673.3800000000001,0.0,1
M00301,27.11,0.0,0,0.0,0.0,172.39999999999998,0.0,1,0.0,0.0,199.51,0.0,1
M00302,-52.76000000000005,0.2,0,0.0,0.0,-110.61999999999995,-0.2,0,0.0,0.0,194.72000000000003,0.0,1
M00303,4964.02,0.044444444444444446,3,1.0,1.0,-1174.8100000000004,0.02373737373737373,1,0.0,0.5,3789.21,0.06818181818181818,4
M00304,0.0,0.0,-1,0.0,0.0,235.74,0.0,0,0.0,0.0,235.74,0.0,0
M00305,251.69,0.0,0,0.0,0.0,-251.69,0.0,-1,0.0,0.0,0.0,0.0,0
M00306,977.8200000000002,0.02840909090909091,0,0.0,0.0,-1384.66,0.0,0,0.0,0.0,1018.55,0.09090909090909091,1
M00307,-666.94,0.0,1,0.0,0.0,446.20000000000005,0.0,0,0.0,0.0,446.20000000000005,0.0,1
M00308,1846.33,0.0,0,1.0,1.0,2210.38,0.06382978723404255,0,0.0,0.0,4056.71,0.06382978723404255,0
M00309,-456.64,0.0,0,0.5,0.0,-20.18,0.0,0,0.0,0.0,35.05,0.0,2
M00310,419.21999999999997,0.0,0,0.0,0.0,-466.90999999999997,0.14285714285714285,1,0.0,0.0,367.22,0.14285714285714285,1
M00311,512.6099999999999,0.2222222222222222,0,0.5,0.0,-177.07999999999993,-0.2222222222222222,0,0.0,0.0,1160.21,0.0,1
M00312,-505.4200000000001,0.0,0,0.0,0.0,186.96000000000004,0.0,1,0.0,0.0,919.23,0.0,2
M00313,0.0,0.0,0,1.0,1.0,205.03,0.0,0,0.0,0.0,205.03,0.0,0
M00314,-1063.7799999999988,0.011416986769099441,0,0.0,0.0,-1372.7000000000007,-0.004182992693000105,0,0.0,0.0,13842.39,0.045112781954887216,2
M00315,271.16,-0.07500000000000001,2,0.0,0.0,-347.59000000000003,-0.125,0,0.0,0.0,392.61,0.0,2
M00316,132.75,0.0,0,0.5,0.0,235.47000000000003,0.0,0,0.5,0.0,368.22,0.0,1
M00317,243.64999999999998,0.0,0,0.0,0.0,86.11000000000001,0.0,0,0.0,0.0,785.76,0.0,0
M00318,-571.8799999999999,0.16666666666666666,0,0.0,0.5,154.77000000000004,-0.16666666666666666,-3,0.0,0.0,546.4300000000001,0.0,18
M00319,-785.8000000000002,0.07142857142857142,0,0.0,0.0,297.52,-0.07142857142857142,0,0.0,0.0,1695.77,0.0,1
M00320,-1353.93,0.0,0,0.0,0.0,67.23000000000025,0.07692307692307693,1,0.0,0.0,1100.8200000000002,0.07692307692307693,2
M00321,666.28,0.0,0,0.0,0.0,-810.6199999999999,0.0,0,0.0,0.0,65.18,0.0,0
M00322,-199.47,0.0,0,0.5,0.0,0.0,0.0,0,0.5,0.0,0.0,0.0,0
M00323,-545.54,0.1388888888888889,2,0.0,0.5,99.6400000000001,-0.25,1,0.0,0.5,805.97,0.0,3
M00324,0.0,0.0,6,0.5,0.5,45.83,0.0,0,0.0,0.5,45.83,0.0,6
M00325,-175.5999999999999,0.0,0,0.0,0.0,0.6400000000001,0.13333333333333333,0,0.0,0.0,1583.0900000000001,0.13333333333333333,1
M00326,565.51,0.5,0,0.5,0.0,-665.85,-0.5,0,0.5,0.0,0.0,0.0,1
M00327,-790.0300000000002,0.09090909090909091,0,0.0,0.0,-109.17999999999984,-0.09090909090909091,0,0.0,0.0,1050.65,0.0,1
M00328,27.030000000000015,0.0,0,0.5,0.0,89.42000000000002,0.0,0,0.0,0.0,218.97000000000003,0.0,0
M00329,221.6500000000001,0.0,0,0.0,0.0,-288.80000000000007,0.0,0,0.0,0.0,298.13,0.0,2
M00330,-543.31,0.0,1,0.5,0.0,624.04,0.0,0,0.5,0.0,624.04,0.0,1
M00331,1278.5700000000002,0.11764705882352941,0,0.0,0.0,-1501.99,-0.11764705882352941,1,0.0,0.0,768.97,0.0,2
M00332,-100.55000000000001,0.0,0,0.0,0.0,40.64000000000004,0.5,0,0.0,0.0,245.29000000000002,0.5,2
M00333,-575.04,-0.125,0,0.0,0.0,1325.16,0.1111111111111111,0,0.0,0.0,1641.14,0.1111111111111111,2
M00334,83.49,0.0,0,0.0,0.0,-90.58999999999999,0.0,0,0.0,0.0,110.54,0.0,0
M00335,202.32999999999998,0.25,0,0.5,0.0,140.92000000000002,-0.25,0,0.0,0.0,406.87,0.0,2
M00336,14.450000000000045,-0.023809523809523808,-1,0.0,0.0,312.12,-0.14285714285714285,0,0.0,0.0,889.89,0.0,1
M00337,96.14999999999998,0.0,0,0.0,0.0,-37.00999999999999,0.0,1,0.0,0.0,150.32,0.0,3
M00338,0.0,0.0,0,0.5,0.0,89.61,0.0,0,0.0,0.0,89.61,0.0,1
M00339,246.62999999999988,0.031746031746031744,0,0.0,0.0,477.1600000000001,-0.07142857142857142,0,0.0,0.0,1480.75,0.07142857142857142,1
M00340,316.35999999999996,0.0,1,1.0,1.0,796.9300000000001,0.0,0,0.0,0.0,1113.29,0.0,1
M00341,0.0,0.0,0,0.0,0.0,2379.14,0.0,0,1.0,1.0,2379.14,0.0,0
M00342,0.0,0.0,0,0.0,0.0,2024.9,0.058823529411764705,1,1.0,1.0,2024.9,0.058823529411764705,1
M00343,352.48,0.18181818181818182,-1,0.0,0.0,-401.02,-0.18181818181818182,0,0.0,0.0,769.71,0.0,0
M00344,680.46,0.0,1,0.5,0.0,-340.87000000000006,0.25,-1,0.5,0.0,339.59,0.25,1
M00345,156.56,0.0,-1,0.0,0.0,-397.11,0.0,0,0.0,0.0,0.0,0.0,0
M00346,0.0,0.0,0,0.0,0.0,1793.99,0.10526315789473684,1,1.0,1.0,1793.99,0.10526315789473684,1
M00347,238.79999999999998,0.3333333333333333,1,0.0,0.0,75.08000000000001,-0.3333333333333333,0,0.0,0.0,313.88,0.0,1
M00348,-621.96,0.125,17,0.0,0.5,1152.7000000000003,-0.125,-2,0.0,0.5,4107.34,0.0,15
M00349,360.71999999999997,0.0,0,0.5,0.0,567.0500000000001,0.0,-1,0.5,0.0,1327.95,0.0,0
M00350,0.0,0.0,18,1.0,1.0,423.96999999999997,0.0,0,0.0,0.5,423.96999999999997,0.0,18
M00351,-474.15,0.0,2,0.0,0.0,-325.42,0.0,0,0.0,0.0,86.42,0.0,3
M00352,215.81,0.0,0,0.5,0.0,-85.22,0.0,-1,0.5,0.0,130.59,0.0,0
M00353,896.1199999999999,-0.07142857142857142,0,0.0,0.0,-1300.1299999999999,0.07692307692307693,0,0.0,0.0,952.76,0.07692307692307693,1
M00354,47.16999999999996,0.0,0,0.0,0.0,115.58000000000004,0.0,0,0.0,0.0,960.25,0.0,0
M00355,-1055.8200000000002,0.0,0,0.0,0.0,-218.94999999999993,0.0,0,0.0,0.0,350.5,0.0,2
M00356,-98.93000000000006,0.0,0,0.0,0.0,-653.23,0.16666666666666666,0,0.0,0.0,312.07,0.16666666666666666,0
M00357,0.0,0.0,0,1.0,1.0,964.94,0.0,0,0.0,0.0,964.94,0.0,0
M00358,964.6299999999999,0.0,0,0.0,0.0,609.1200000000001,0.0,0,0.0,0.0,1797.45,0.0,1
M00359,0.0,0.0,0,0.0,0.0,2932.62,0.037037037037037035,2,1.0,1.0,2932.62,0.037037037037037035,2
M00360,208.23999999999978,0.0,0,0.0,0.0,-419.6399999999999,0.1,0,0.0,0.0,918.25,0.1,2
M00361,-100.17000000000002,0.6666666666666666,1,0.0,0.0,114.65000000000003,-0.6666666666666666,1,0.5,0.0,434.83000000000004,0.0,2
M00362,-98.55,0.0,0,0.0,0.0,233.1,0.3333333333333333,1,0.0,0.0,233.1,0.3333333333333333,2
M00363,282.2699999999999,0.0,0,0.0,0.0,165.7700000000001,0.0,0,0.0,0.0,856.61,0.0,0
M00364,-511.77,-0.06976744186046512,0,0.0,0.0,-916.8899999999999,0.07407407407407407,0,0.0,0.0,2872.84,0.07407407407407407,0
M00365,1138.96,-0.05175983436853002,6,0.6666666666666666,0.5,-75.2800000000002,-0.043478260869565216,-1,0.6666666666666666,0.5,2821.72,0.0,5
M00366,-1514.7999999999997,-0.03166023166023166,1,0.0,0.0,-184.5399999999995,0.09409409409409408,0,0.0,0.0,3087.3900000000003,0.14814814814814814,1
M00367,96.53999999999996,0.0,0,0.0,0.0,-455.39,0.0,0,0.0,0.0,310.86,0.0,2
M00368,0.0,0.0,1,1.0,1.0,126.16,0.0,0,0.0,0.0,126.16,0.0,1
M00369,208.18,0.0,0,0.0,0.0,-195.75,0.0,0,0.0,0.0,12.43,0.0,1
M00370,0.0,0.0,0,0.0,0.0,7990.72,0.09090909090909091,1,1.0,1.0,7990.72,0.09090909090909091,1
M00371,0.0,0.0,28,0.0,0.5,0.0,0.0,-3,0.0,0.5,0.0,0.0,27
M00372,-552.4499999999998,0.03636363636363636,0,0.0,0.0,-1686.1400000000003,-0.06666666666666667,0,0.0,0.0,2520.62,0.0,0
M00373,18.30000000000001,0.0,0,0.0,0.0,-187.34,0.0,0,0.0,0.0,85.65,0.0,0
M00374,6288.38,0.02040816326530612,0,1.0,1.0,3998.7300000000005,0.02453565695941298,0,0.0,0.0,10287.11,0.0449438202247191,0
M00375,0.0,0.0,0,0.0,0.0,2620.41,0.05555555555555555,0,1.0,1.0,2620.41,0.05555555555555555,0
M00376,-1566.8800000000003,0.0,0,0.0,0.0,570.31,0.1,1,0.0,0.0,1478.32,0.1,1
M00377,-247.14000000000124,0.0010818120351588911,0,0.0,0.0,-958.2099999999991,0.004889228418640187,0,0.0,0.0,8022.51,0.05194805194805195,0
M00378,1124.08,0.14285714285714285,0,0.5,0.0,-908.1299999999999,-0.14285714285714285,0,0.5,0.0,375.53,0.0,1
M00379,0.0,0.0,0,0.0,0.0,605.78,0.0,1,1.0,1.0,605.78,0.0,1
M00380,148.38,0.0,0,0.0,0.0,-528.3299999999999,0.0,-1,0.0,0.0,121.44999999999999,0.0,1
M00381,-814.11,0.0,1,0.0,0.0,166.67999999999998,0.0,0,0.0,0.0,307.15999999999997,0.0,1
M00382,284.37000000000006,0.0,26,0.0,0.5,-349.77000000000004,0.0,-1,0.0,0.5,225.82,0.0,25
M00383,574.19,0.0,6,0.5,0.5,-361.76,0.0,-1,0.5,0.5,288.23,0.0,6
M00384,174.29,0.0,0,0.0,0.0,-124.22,0.0,0,0.0,0.0,50.07,0.0,1
M00385,-40.980000000000004,0.0,0,0.0,0.0,268.72999999999996,0.0,0,0.0,0.0,389.28,0.0,2
M00386,-143.5,0.0,0,0.0,0.0,-26.860000000000014,0.0,0,0.5,0.0,825.74,0.0,1
M00387,197.42000000000007,0.0,0,0.0,0.0,-157.85000000000005,0.0,0,0.0,0.0,187.22,0.0,2
M00388,-519.1499999999999,0.0,0,0.0,0.0,311.9799999999999,0.2,0,0.0,0.0,589.55,0.2,0
M00389,1293.4100000000003,-0.06526315789473683,-1,0.0,0.0,-603.5700000000002,0.07999999999999999,0,0.0,0.0,2887.69,0.12,2
M00390,-140.86,0.0,0,0.5,0.0,-66.39,0.0,-1,0.5,0.0,0.0,0.0,0
M00391,361.3099999999995,0.01121794871794872,0,0.0,0.0,479.7600000000002,-0.042499999999999996,0,0.0,0.0,5544.91,0.02,1
M00392,-3.8599999999999994,0.0,-1,0.0,0.0,367.21999999999997,0.0,0,0.0,0.0,457.95,0.0,0
M00393,566.23,0.14285714285714285,1,0.0,0.0,345.95000000000005,-0.14285714285714285,0,0.0,0.0,1000.98,0.0,5
M00394,-744.0900000000001,0.060000000000000005,14,0.0,0.5,1325.8600000000001,0.07391304347826086,-1,0.5,0.5,2930.78,0.17391304347826086,15
M00395,66.69000000000005,0.06666666666666667,0,0.0,0.0,1286.9699999999998,-0.06666666666666667,0,0.0,0.0,3987.9,0.0,0
M00396,-78.33000000000001,0.0,0,0.0,0.0,486.34999999999997,0.1111111111111111,0,0.0,0.0,605.79,0.1111111111111111,0
M00397,271.05,0.0,0,1.0,1.0,178.26,0.0,1,0.5,0.0,449.31,0.0,1
M00398,-444.08000000000004,0.3,-1,1.0,0.0,123.88000000000001,-0.5,0,0.0,0.0,190.77,0.0,1
M00399,-787.2800000000001,0.5,26,0.5,0.5,123.89999999999999,-0.5,0,0.0,0.5,196.57,0.0,27
M00400,265.6199999999999,-0.0031746031746031703,0,0.0,0.0,-624.1899999999996,0.0020671834625322974,0,0.0,0.0,4939.14,0.046511627906976744,0
M00401,-94.40000000000003,0.0,0,0.0,0.5,-341.94,0.0,-2,0.0,0.0,0.0,0.0,26
M00402,427.2800000000001,0.0,1,0.0,0.0,370.66999999999996,0.14285714285714285,0,0.0,0.0,1038.44,0.14285714285714285,1
M00403,-206.15000000000003,0.0,0,0.0,0.0,-93.45,0.0,0,0.0,0.0,0.0,0.0,1
M00404,0.0,0.0,0,0.5,0.0,0.0,0.0,0,0.0,0.0,0.0,0.0,0
M00405,432.74000000000007,0.09090909090909091,6,0.5,0.5,-176.95000000000005,-0.09090909090909091,-1,0.5,0.5,360.87,0.0,6
M00406,-320.43,0.0,13,0.5,0.5,-121.82,0.0,-1,0.0,0.5,0.0,0.0,15
M00407,-336.93000000000006,0.0,0,0.0,0.0,766.98,0.0,0,0.0,0.0,874.96,0.0,1
M00408,8.490000000000009,0.0,25,0.0,0.5,-214.49,0.0,-1,0.0,0.5,0.0,0.0,25
M00409,101.69,0.0,0,0.0,0.0,362.14,0.0,2,0.5,0.0,600.16,0.0,2
M00410,-3448.5899999999997,0.08835758835758836,0,0.0,0.0,1193.3600000000001,-0.07692307692307693,1,1.0,0.0,2936.09,0.038461538461538464,1
M00411,-99.08,0.0,0,0.5,0.0,77.91,0.0,-1,0.5,0.0,95.58,0.0,0
M00412,-254.39999999999986,0.0,4,0.6666666666666666,0.5,383.78999999999996,-0.013986013986013984,0,0.6666666666666666,0.5,1277.49,0.07692307692307693,4
M00413,0.0,0.0,0,0.0,0.0,0.0,0.0,0,0.0,0.0,0.0,0.0,1
M00414,211.9,-0.5,0,0.0,0.0,-45.73000000000002,0.0,0,0.0,0.0,309.94,0.0,1
M00415,0.0,0.0,1,0.5,0.0,0.0,0.0,0,0.5,0.0,0.0,0.0,1
M00416,-64.69999999999982,0.14285714285714285,-1,0.0,0.0,159.42999999999984,-0.14285714285714285,0,0.0,0.0,2258.37,0.0,0
M00417,-2035.44,0.0,0,0.0,0.0,-237.21000000000004,0.0,0,0.0,0.0,407.5,0.0,0
M00418,-70.65000000000003,0.0,3,0.0,0.5,-66.96000000000001,0.0,1,0.0,0.5,200.66,0.0,6
M00419,136.3499999999999,0.0,0,0.5,0.0,408.21000000000004,0.18181818181818182,0,0.5,0.0,1103.02,0.18181818181818182,0
M00420,297.96000000000004,-0.055263157894736833,3,0.6666666666666666,0.5,-361.3899999999999,0.055263157894736833,-1,0.5,0.5,2051.27,0.10526315789473684,4
M00421,600.2800000000002,0.06896551724137931,0,0.0,0.0,-1498.28,-0.06896551724137931,0,0.0,0.0,1523.3700000000001,0.0,1
M00422,0.0,0.0,0,0.0,0.0,1757.6,0.0,0,1.0,1.0,1757.6,0.0,0
M00423,-149.42,0.0,0,0.0,0.0,44.68,0.0,0,0.0,0.0,44.68,0.0,0
M00424,214.03,0.0,0,0.0,0.0,-69.35,0.0,0,0.0,0.0,144.68,0.0,0
M00425,240.73000000000002,0.0,0,0.5,0.0,-731.3,0.0,0,0.0,0.0,788.23,0.0,1
M00426,1015.9099999999999,-0.015090543259557339,0,0.0,0.0,-1434.8100000000004,-0.040465012295998214,1,0.5,0.0,6617.73,0.015873015873015872,1
M00427,797.0,0.08333333333333333,0,0.0,0.0,-858.46,-0.08333333333333333,0,0.0,0.0,194.31,0.0,1
M00428,-130.06999999999994,0.0,0,0.0,0.0,-128.81000000000006,0.0,1,0.0,0.0,185.76999999999998,0.0,3
M00429,0.0,0.0,0,0.0,0.0,28034.92,0.038461538461538464,1,1.0,1.0,28034.92,0.038461538461538464,1
M00430,-10.659999999999968,0.1,4,0.5,0.5,-682.25,-0.1,-1,0.5,0.5,328.89,0.0,4
M00431,-65.12,0.0,1,0.0,0.0,422.55,0.3333333333333333,-1,0.0,0.0,422.55,0.3333333333333333,2
M00432,-67.31000000000003,0.0,0,0.0,0.0,643.1500000000001,0.0,0,0.0,0.0,791.48,0.0,1
M00433,-612.1000000000001,0.0,0,0.0,0.0,428.8600000000001,0.15384615384615385,0,0.0,0.0,1618.72,0.15384615384615385,0
M00434,-3.079999999999984,0.0,0,0.0,0.0,90.09000000000003,0.0,0,0.0,0.0,539.6800000000001,0.0,2
M00435,-11.449999999999818,0.13333333333333333,0,0.0,0.0,-266.3299999999999,-0.13333333333333333,1,0.5,0.0,1132.64,0.0,2
M00436,0.0,0.0,1,1.0,1.0,260.36,0.3333333333333333,0,0.0,0.0,260.36,0.3333333333333333,1
M00437,-12.31,0.0,6,0.5,0.5,119.15,0.0,-2,0.5,0.5,119.15,0.0,6
M00438,-2.1499999999999773,0.0,6,0.0,0.5,-275.66,0.0,-1,0.0,0.5,0.0,0.0,6
M00439,93.69999999999999,0.0,4,0.0,0.5,562.3499999999999,0.16666666666666666,2,0.0,0.5,788.5699999999999,0.16666666666666666,6
M00440,311.6099999999999,0.05555555555555555,0,0.0,0.0,629.0699999999999,0.06349206349206349,0,0.0,0.0,1625.1299999999999,0.2857142857142857,1
M00441,-2573.31,0.0,0,0.0,0.0,88.72,0.16666666666666666,0,0.5,0.0,286.44,0.16666666666666666,2
M00442,0.0,0.0,0,0.0,0.0,25693.36,0.05813953488372093,0,1.0,1.0,25693.36,0.05813953488372093,0
M00443,154.24,0.0,15,1.0,1.0,1147.0,0.0,0,0.0,0.5,1301.24,0.0,15
M00444,341.15999999999997,0.0,3,0.0,1.0,-377.52,0.0,0,0.0,0.0,33.45,0.0,3
M00445,-431.85999999999996,0.0,0,0.0,0.0,-12.9,0.0,0,0.0,0.0,11.08,0.0,0
M00446,-1879.03,0.2457142857142857,0,0.0,0.0,2499.8199999999997,-0.15527950310559005,0,0.0,0.0,3048.04,0.13043478260869565,1
M00447,-712.1099999999999,-0.027777777777777776,0,0.0,0.0,-340.8700000000001,0.011111111111111113,-1,0.0,0.0,1679.75,0.06666666666666667,1
M00448,-743.11,0.0,0,0.0,0.0,121.55,0.0,0,0.0,0.0,121.55,0.0,1
M00449,-293.71000000000004,-0.07023411371237456,0,0.0,0.0,-294.4399999999996,0.031314699792960664,0,0.0,0.0,5987.7300000000005,0.08928571428571429,0
M00450,-421.09000000000003,0.0,0,0.0,0.0,0.0,0.0,0,0.0,0.0,0.0,0.0,1
M00451,-792.1399999999999,0.16746411483253587,0,0.0,0.0,1211.9,-0.2327272727272727,0,0.0,0.0,2484.92,0.04,2
M00452,476.7000000000003,0.07971014492753623,0,0.5,0.0,-760.9200000000001,-0.16666666666666666,0,0.0,0.0,2166.34,0.0,1
M00453,-58.08,0.0,0,0.5,0.0,24.91,0.0,1,0.0,0.0,24.91,0.0,2
M00454,1009.15,0.1,1,1.0,1.0,47.84000000000003,-0.1,0,0.0,0.0,1056.99,0.0,1
M00455,0.0,0.0,1,1.0,1.0,0.0,0.0,0,0.0,0.0,0.0,0.0,1
M00456,-676.03,0.0,0,0.0,0.0,2403.6400000000003,-0.08333333333333333,0,0.0,0.0,3354.15,0.0,0
M00457,-231.71,-0.3333333333333333,0,0.0,0.0,132.45,0.5,2,0.0,0.0,166.72,0.5,3
M00458,-207.62999999999988,0.0,0,0.0,0.0,1585.6599999999999,0.14285714285714285,1,0.0,0.0,2099.08,0.14285714285714285,1
M00459,758.11,0.0,0,0.0,0.0,-798.76,0.0,0,0.0,0.0,538.72,0.0,1
M00460,1455.27,0.07692307692307693,0,0.0,0.0,-37.649999999999864,-0.014423076923076927,0,0.0,0.0,2035.53,0.0625,1
M00461,162.26000000000022,0.16666666666666666,0,0.0,0.0,-543.2400000000001,-0.16666666666666666,0,0.0,0.0,810.14,0.0,1
M00462,0.0,0.0,0,0.0,0.0,1444.79,0.0,2,1.0,1.0,1444.79,0.0,2
M00463,-201.20999999999998,0.0,17,0.0,0.5,-34.98000000000002,0.0,-1,0.0,0.5,382.82,0.0,16
M00464,1297.42,0.1111111111111111,-2,0.5,0.0,381.39999999999986,-0.020202020202020193,0,0.0,0.0,1770.53,0.09090909090909091,0
M00465,30.9,0.0,0,0.5,0.0,-30.9,0.0,-2,0.5,0.0,0.0,0.0,0
M00466,-119.05000000000001,0.0,5,0.5,0.5,-168.35,1.0,-2,0.5,0.5,34.4,1.0,5
M00467,-405.28000000000003,0.0,1,0.0,0.0,981.6400000000001,0.0,0,0.0,0.0,1057.1000000000001,0.0,2
M00468,-958.5,-0.25,0,0.0,0.0,-0.7800000000000011,0.5,0,0.5,0.0,152.49,0.5,1
M00469,0.0,0.0,4,0.0,0.5,55.2,0.0,1,0.5,0.5,55.2,0.0,6
M00470,-54.769999999999996,0.0,0,0.0,0.0,-44.19,0.0,0,0.0,0.0,0.0,0.0,1
M00471,101.68,0.0,0,0.0,0.0,-101.68,0.0,0,0.0,0.0,0.0,0.0,0
M00472,80.38,0.0,-1,0.0,0.0,-386.81999999999994,0.0,0,0.0,0.0,321.26,0.0,2
M00473,89.30000000000007,0.0,1,0.0,0.0,-136.58000000000004,0.0,0,0.0,0.0,597.73,0.0,1
M00474,0.0,0.0,0,0.0,0.0,0.0,0.0,0,0.5,0.0,0.0,0.0,0
M00475,-453.4200000000001,0.0,27,0.6666666666666666,0.6666666666666666,148.62,0.0,-21,0.6666666666666666,0.6666666666666666,736.5600000000001,0.0,6
M00476,19.899999999999977,0.2,0,0.0,0.0,-252.05999999999997,-0.2,0,0.0,0.0,132.46,0.0,0
M00477,-63.57,0.0,0,0.0,0.0,54.44,0.0,0,0.0,0.0,54.44,0.0,0
M00478,-109.88,0.0,1,0.0,0.0,296.00999999999993,0.0,0,0.0,0.0,563.81,0.0,2
M00479,3125.03,0.0,0,1.0,1.0,847.6300000000001,0.03225806451612903,0,0.0,0.0,3972.6600000000003,0.03225806451612903,0
M00480,119.38,0.0,0,0.0,0.0,-119.38,0.0,0,0.0,0.0,0.0,0.0,1
M00481,-173.9,0.0,0,0.5,0.0,666.34,0.3333333333333333,0,0.0,0.0,870.09,0.3333333333333333,1
M00482,1641.6000000000001,0.0,0,1.0,1.0,-40.430000000000064,0.09090909090909091,0,0.0,0.0,1601.17,0.09090909090909091,0
M00483,-31.190000000000026,0.0,24,0.0,0.5,190.26000000000005,0.0,-4,0.0,0.5,335.59000000000003,0.0,21
M00484,-278.18000000000006,0.04444444444444444,1,0.0,0.0,1578.9199999999998,-0.1111111111111111,0,0.0,0.0,2900.2,0.0,3
M00485,660.06,0.16666666666666666,0,1.0,1.0,1219.2,-0.16666666666666666,0,0.0,0.0,1879.26,0.0,0
M00486,-161.03999999999996,0.0,0,0.0,0.0,189.55,0.0,0,0.0,0.0,276.94,0.0,1
M00487,2195.2699999999986,-0.01725352112676056,0,0.0,0.0,-1883.159999999999,0.0053030303030303025,0,0.0,0.0,7567.05,0.030303030303030304,0
M00488,1962.9900000000002,0.07692307692307693,0,0.0,0.0,-468.49000000000024,-0.07692307692307693,0,0.0,0.0,1775.8899999999999,0.0,2
M00489,0.0,0.0,0,1.0,1.0,136.67000000000002,0.0,1,0.5,0.0,136.67000000000002,0.0,1
M00490,550.11,0.0,0,1.0,1.0,-267.91,0.0,0,0.0,0.0,282.2,0.0,0
M00491,-1080.4399999999987,-0.016874628639334525,0,0.0,0.0,-2034.3200000000006,0.024089635854341734,0,0.0,0.0,7624.95,0.047619047619047616,0
M00492,0.0,0.0,0,0.5,0.0,678.36,0.0,0,0.5,0.0,678.36,0.0,0
M00493,-37.0,0.0,0,0.5,0.0,335.06,0.0,-1,0.5,0.0,616.64,0.0,0
M00494,3689.32,0.02857142857142857,0,1.0,1.0,-781.4900000000002,-0.0022556390977443615,0,0.0,0.0,2907.83,0.02631578947368421,0
M00495,1396.84,0.0,1,1.0,1.0,162.1500000000001,0.0,-1,0.5,0.0,1558.99,0.0,0
M00496,0.0,0.0,0,0.0,0.0,3068.96,0.029411764705882353,0,1.0,1.0,3068.96,0.029411764705882353,0
M00497,694.35,0.08333333333333333,0,0.0,0.0,-365.16999999999985,0.0984848484848485,0,0.0,0.0,1268.5800000000002,0.18181818181818182,2
M00498,-382.63,0.2,0,0.0,0.0,140.16999999999996,-0.2,0,0.5,0.0,421.40999999999997,0.0,1
M00499,131.55,0.0,0,0.5,0.0,-155.06,0.0,-1,0.5,0.0,81.44,0.0,0
M00500,500.8699999999999,0.0,0,0.0,0.0,697.02,0.08333333333333333,1,0.5,0.0,1616.62,0.08333333333333333,1
M00501,151.57,0.0,0,0.0,0.0,-60.849999999999994,0.0,0,0.0,0.0,129.37,0.0,1
M00502,1266.34,0.0,3,0.5,0.0,-936.4699999999999,0.0,-1,0.5,0.0,329.87,0.0,3
M00503,-1016.5100000000002,0.012820512820512824,0,0.0,0.0,757.54,-0.038461538461538464,1,0.0,0.0,4009.46,0.0,2
M00504,116.47,0.0,3,1.0,1.0,498.8599999999999,0.0,0,0.5,0.0,615.3299999999999,0.0,3
M00505,1168.44,-0.01800450112528132,0,0.5,0.0,99.96000000000004,0.0,1,0.5,0.0,4901.72,0.046511627906976744,1
M00506,0.0,0.0,0,0.0,0.0,2016.89,0.0,0,1.0,1.0,2016.89,0.0,0
M00507,-339.26000000000005,-0.4,0,0.0,0.0,438.37,0.0,0,0.0,0.0,604.64,0.0,0
M00508,0.0,0.0,0,0.0,0.0,86.35,0.0,2,1.0,1.0,86.35,0.0,2
M00509,6450.76,0.05714285714285714,0,0.0,0.0,2673.2000000000007,-0.03214285714285714,0,0.0,0.0,9536.12,0.025,1
M00510,-482.94000000000005,0.0,0,0.0,0.0,53.81000000000006,0.0,0,0.0,0.0,449.20000000000005,0.0,1
M00511,0.0,0.0,0,0.0,0.0,307.69,0.0,0,1.0,1.0,307.69,0.0,0
M00512,2258.7799999999997,0.038461538461538464,0,0.0,0.0,-1151.23,-0.038461538461538464,0,0.0,0.0,1664.54,0.0,2
M00513,0.0,0.0,6,0.0,1.0,1567.9199999999998,0.0,1,1.0,0.0,1567.9199999999998,0.0,7
M00514,0.0,0.0,3,1.0,1.0,1001.36,0.125,0,0.0,0.0,1001.36,0.125,3
M00515,203.02999999999975,0.07407407407407407,0,0.0,0.0,-1516.01,0.05925925925925926,0,0.0,0.0,1791.43,0.13333333333333333,0
M00516,-88.1,0.0,0,0.5,0.0,245.83,0.0,0,0.0,0.0,245.83,0.0,0
M00517,392.18,0.0,0,0.0,0.0,-90.08999999999997,0.25,0,0.0,0.0,302.09000000000003,0.25,1
M00518,-540.51,0.0,2,0.0,0.5,135.93000000000004,0.0,0,0.0,0.5,264.84000000000003,0.0,2
M00519,0.0,0.0,0,0.0,0.0,4781.13,0.046511627906976744,1,1.0,1.0,4781.13,0.046511627906976744,1
M00520,-28.029999999998836,0.002634351949420438,-1,0.5,0.0,722.289999999999,0.027085927770859275,0,0.0,0.0,9482.07,0.06818181818181818,2
M00521,461.56000000000006,-0.3333333333333333,1,0.0,0.0,-175.95000000000005,0.0,0,0.0,0.0,437.12,0.0,2
M00522,-188.40999999999997,0.14285714285714285,0,0.0,0.0,745.0600000000001,-0.14285714285714285,0,0.0,0.0,1476.19,0.0,0
M00523,4889.65,-0.0026069110876920515,0,0.0,0.0,-1341.8899999999994,-0.0326941514860978,0,0.0,0.0,15538.5,0.014285714285714285,1
M00524,-188.31999999999994,-0.3333333333333333,-1,0.5,0.0,775.6099999999999,0.125,-2,0.5,0.0,1181.08,0.125,0
M00525,-369.09000000000015,-0.09090909090909091,0,0.5,0.0,-809.5,0.0,1,0.5,0.0,477.31,0.0,2
M00526,159.73000000000002,0.0,0,0.0,0.0,-73.39000000000001,0.0,0,0.0,0.0,86.34,0.0,1
M00527,29.029999999999745,0.01955403087478559,0,0.0,0.0,1505.3000000000002,0.07337526205450734,0,0.0,0.0,6873.6,0.1111111111111111,0
M00528,-201.05,0.0,0,0.0,0.0,-15.730000000000018,0.0,0,0.0,0.0,155.88,0.0,1
M00529,-101.85000000000002,0.0,2,0.0,0.5,370.32,0.0,-1,0.0,0.0,650.4,0.0,12
M00530,532.4000000000001,0.0,0,0.0,0.0,396.1999999999998,0.1,0,0.0,0.0,1257.62,0.1,0
M00531,-500.8699999999999,0.0,0,0.0,0.0,-360.04999999999995,-0.125,0,0.0,0.0,665.99,0.0,1
M00532,-114.00999999999999,0.25,0,0.0,0.0,267.02,-0.25,0,0.0,0.0,488.15999999999997,0.0,0
M00533,320.98,0.125,0,0.0,0.0,-96.40000000000003,-0.125,0,0.0,0.0,478.44,0.0,0
M00534,-875.5600000000004,-0.0619047619047619,0,0.0,0.0,814.4300000000003,-0.02589285714285714,0,0.0,0.0,4971.77,0.03125,0
M00535,-427.0499999999993,0.0516066212268744,24,0.0,0.5,-1327.7800000000007,-0.011349306431273645,-4,0.0,0.5,6715.4,0.06557377049180328,21
M00536,-421.3699999999999,0.2,0,0.0,0.0,150.76,-0.2,0,0.5,0.0,668.6800000000001,0.0,1
M00537,0.0,0.0,14,0.0,1.0,1309.77,0.0,2,1.0,0.0,1309.77,0.0,16
M00538,-716.1,0.0,-1,0.0,0.0,0.0,0.0,0,0.0,0.0,0.0,0.0,1
M00539,0.0,0.0,0,0.0,0.0,38088.66,0.05449591280653951,2,1.0,1.0,38088.66,0.05449591280653951,2
M00540,598.52,0.0,0,0.0,0.0,-364.59,0.0,1,0.0,0.0,411.92,0.0,1
M00541,0.0,0.0,0,0.0,0.0,5647.85,0.018518518518518517,2,1.0,1.0,5647.85,0.018518518518518517,2
M00542,-657.8799999999999,0.16666666666666666,0,0.0,0.0,344.6500000000001,-0.16666666666666666,0,0.5,0.0,1252.68,0.0,0
M00543,-1741.6600000000008,0.04914529914529915,25,0.5,0.5,451.9300000000003,0.06800445930880714,-1,0.5,0.5,6580.0,0.14492753623188406,24
M00544,-680.23,-0.14285714285714285,0,0.0,0.0,-186.23,0.0,0,0.0,0.0,152.78,0.0,0
M00545,17.340000000000003,0.5,1,0.0,0.0,306.83,-0.5,1,0.0,0.0,421.21999999999997,0.0,2
M00546,-2157.5,-0.03140096618357488,0,0.0,0.0,2750.3599999999997,0.037037037037037035,0,0.5,0.0,6227.69,0.09259259259259259,1
M00547,485.06999999999994,0.07692307692307693,0,0.0,0.0,-932.5899999999999,0.0,2,0.5,0.0,1031.47,0.07692307692307693,3
M00548,-61.940000000000055,0.0,0,0.0,0.0,569.1200000000001,0.07692307692307693,0,0.0,0.0,1423.38,0.07692307692307693,0
M00549,-439.9199999999996,-0.029166666666666667,0,0.0,0.0,-383.59000000000015,0.03809523809523809,1,0.0,0.0,3153.23,0.07142857142857142,1
M00550,-32.11000000000013,0.0,0,0.0,0.0,-772.5,0.0,0,0.0,0.0,682.52,0.0,1
M00551,2871.27,-0.14102564102564102,0,0.0,0.0,-744.9099999999999,-0.023504273504273504,1,0.5,0.0,4898.68,0.027777777777777776,2
M00552,413.17,0.0,2,1.0,1.0,1818.02,0.0,1,0.5,0.0,2231.19,0.0,3
M00553,-496.3299999999998,0.45454545454545453,0,0.0,0.0,282.4,0.2121212121212121,0,0.0,0.0,1087.72,0.6666666666666666,0
M00554,95.87999999999988,0.1111111111111111,0,0.0,0.0,1141.49,0.0888888888888889,2,0.0,0.0,2160.58,0.2,2
M00555,-58.720000000000084,0.0,0,0.0,0.0,-339.3299999999999,0.0,0,0.0,0.0,148.78,0.0,0
M00556,-198.06,-0.5,0,0.0,0.0,-117.48,0.0,0,0.0,0.0,54.89,0.0,2
M00557,106.09,0.0,0,0.0,0.0,199.07,0.0,0,0.0,0.0,366.69,0.0,1
M00558,-342.75,0.0,0,0.5,0.0,673.95,0.125,0,0.5,0.0,797.0500000000001,0.125,0
M00559,369.78999999999996,0.0,0,0.5,0.0,-292.15999999999997,0.2,0,0.5,0.0,284.76,0.2,1
M00560,419.96000000000004,-0.14285714285714285,-2,0.0,0.0,-445.54,0.16666666666666666,0,0.0,0.0,304.95,0.16666666666666666,1
M00561,-578.3399999999999,-0.07500000000000001,0,0.5,0.0,340.56999999999994,-0.125,0,0.5,0.0,1046.07,0.0,0
M00562,343.34000000000003,-0.3333333333333333,0,0.0,0.0,-237.71000000000004,0.0,-1,0.0,0.0,587.42,0.0,0
M00563,134.06,0.0,0,0.0,0.0,886.78,0.0,0,0.0,0.0,1020.84,0.0,0
M00564,-470.5300000000001,0.0,-1,0.0,0.5,397.95000000000005,0.0,-3,0.0,0.0,603.22,0.0,18
M00565,393.49,0.0,0,0.0,0.0,-381.96999999999997,0.25,0,0.0,0.0,331.92,0.25,1
M00566,162.97,0.0,0,1.0,1.0,6.719999999999999,0.0,0,0.0,0.0,169.69,0.0,0
M00567,-822.4499999999999,-0.3333333333333333,1,0.0,0.0,192.36,0.0,0,0.0,0.0,227.34,0.0,1
M00568,-293.89,0.0,0,0.0,0.0,274.03999999999996,0.3333333333333333,0,0.0,0.0,315.40999999999997,0.3333333333333333,0
M00569,-157.58999999999997,0.0,0,0.0,0.0,255.36999999999995,0.0,0,0.0,0.0,669.16,0.0,0
M00570,0.0,0.0,0,0.0,0.0,520.83,0.0,3,1.0,1.0,520.83,0.0,3
M00571,-59.83,0.0,0,0.0,0.0,0.0,0.0,0,0.0,0.0,0.0,0.0,1
M00572,-1267.0599999999995,0.024102564102564096,0,0.0,0.0,-2106.6000000000004,-0.027738927738927735,0,0.0,0.0,6124.33,0.03636363636363636,1
M00573,-175.1,0.0,0,0.0,0.0,-1.2899999999999991,0.0,0,0.0,0.0,61.18,0.0,1
M00574,-259.0500000000002,-0.026272577996715923,17,0.0,0.5,191.1800000000003,0.007957559681697618,0,0.0,0.5,2723.9700000000003,0.07692307692307693,18
M00575,-76.52999999999997,0.0,0,0.0,0.0,-137.41999999999996,0.5,-1,0.0,0.0,192.48000000000002,0.5,0
M00576,1313.0300000000007,-0.002168021680216802,-1,0.0,0.0,-1704.2700000000004,0.0071895424836601295,0,0.0,0.0,3916.71,0.029411764705882353,1
M00577,0.0,0.0,0,0.0,0.0,171.34,0.0,3,1.0,1.0,171.34,0.0,3
M00578,160.51999999999998,-0.04999999999999999,0,0.0,0.0,427.54999999999995,0.39999999999999997,0,0.0,0.0,910.9,0.6,0
M00579,-158.17000000000002,0.0,0,0.0,0.0,-248.37,0.0,0,0.0,0.0,0.0,0.0,1
M00580,3356.699999999999,-0.0329239613274105,0,0.5,0.0,-30.94999999999891,0.05804499905464171,2,0.5,0.0,13892.76,0.08130081300813008,2
M00581,350.87,0.0,0,0.5,0.0,-283.38000000000005,0.0,0,0.5,0.0,168.01999999999998,0.0,0
M00582,-2369.38,-0.041666666666666664,0,0.0,0.0,279.06000000000006,0.0,1,0.0,0.0,943.61,0.0,2
M00583,-293.33000000000004,0.0,0,0.0,0.0,362.59000000000003,0.0,-1,0.0,0.0,922.5500000000001,0.0,0
M00584,485.82000000000005,0.0,0,0.0,0.0,-115.80000000000007,0.0,0,0.0,0.0,453.40999999999997,0.0,0
M00585,427.3600000000001,0.09090909090909091,1,0.0,0.0,-572.3900000000001,-0.09090909090909091,0,0.0,0.0,929.77,0.0,1
M00586,-690.7499999999998,-0.05548387096774193,0,0.5,0.0,769.55,-0.019061583577712607,-3,0.5,0.0,2606.52,0.045454545454545456,1
M00587,377.09000000000015,0.06666666666666667,1,0.0,0.0,486.17999999999984,0.16410256410256413,-1,0.0,0.0,1630.82,0.23076923076923078,1
M00588,549.6300000000001,0.1111111111111111,0,0.0,0.0,-489.74,-0.1111111111111111,0,0.0,0.0,728.69,0.0,0
M00589,84.28000000000009,0.16666666666666666,0,0.0,0.0,888.65,-0.08974358974358973,0,0.0,0.0,1625.73,0.07692307692307693,1
M00590,7239.95,0.06557377049180328,1,1.0,1.0,4241.010000000001,-0.023468507333908546,0,0.0,0.0,11480.960000000001,0.042105263157894736,1
M00591,-457.15,0.0,0,0.0,0.0,163.19,0.0,1,0.0,0.0,377.3,0.0,1
M00592,84.62,0.0,0,1.0,1.0,-65.51,0.0,0,0.0,0.0,19.11,0.0,0
M00593,178.23000000000002,0.0,0,0.5,0.0,-125.67000000000002,0.0,0,0.5,0.0,130.26,0.0,0
M00594,-172.77999999999997,0.0,0,0.0,0.0,25.70999999999998,0.0,-1,0.0,0.0,199.57,0.0,0
M00595,99.41,0.0,0,0.0,0.0,-189.25,0.0,0,0.0,0.0,0.0,0.0,1
M00596,725.97,0.3333333333333333,0,0.0,0.0,-343.86,-0.3333333333333333,0,0.0,0.0,401.15999999999997,0.0,1
M00597,419.12,0.0,-3,0.0,0.5,-494.71,0.0,-3,0.0,0.0,500.57,0.0,25
M00598,32.5,0.14285714285714285,0,0.0,0.5,478.0,-0.14285714285714285,0,0.5,0.0,988.64,0.0,28
M00599,0.0,0.0,0,0.0,0.0,1913.1,0.0,1,1.0,1.0,1913.1,0.0,1
M00600,-554.38,0.0,0,0.0,0.0,123.25999999999999,0.0,0,0.0,0.0,123.25999999999999,0.0,1
M00601,1189.36,0.05555555555555555,0,0.0,0.0,-1110.2099999999998,0.021367521367521375,1,0.5,0.0,1319.03,0.07692307692307693,1
M00602,478.74999999999994,0.0,0,0.5,0.0,214.0200000000001,0.0,0,0.5,0.0,962.09,0.0,0
M00603,-41.74000000000024,-0.010964912280701754,0,0.0,0.0,767.1100000000001,-0.041666666666666664,0,0.0,0.0,4320.84,0.0,1
M00604,449.3699999999999,0.05555555555555555,0,0.0,0.0,88.12000000000012,0.04444444444444445,0,0.0,0.0,1319.96,0.1,0
M00605,-189.14,0.0,27,0.5,0.6666666666666666,732.75,0.0,-22,0.5,0.6666666666666666,831.12,0.0,6
M00606,235.51,0.0,0,0.5,0.0,160.57999999999993,0.0,0,0.0,0.0,1934.75,0.0,0
M00607,313.96999999999997,0.0,0,0.0,0.0,-9.879999999999995,0.16666666666666666,0,0.0,0.0,598.26,0.16666666666666666,1
M00608,164.51,-0.15178571428571427,0,0.0,0.0,-288.55999999999995,0.09134615384615385,0,0.0,0.0,1202.74,0.15384615384615385,0
M00609,122.53999999999996,-0.09523809523809523,0,0.0,0.0,407.09000000000015,-0.07142857142857142,0,0.0,0.0,1444.8400000000001,0.0,2
M00610,-642.49,0.0,0,0.0,0.0,477.62,0.0,0,0.0,0.0,562.12,0.0,0
M00611,-209.71000000000004,0.0,21,0.0,0.5,552.18,0.3333333333333333,-2,0.0,0.5,632.01,0.3333333333333333,20
M00612,114.02000000000004,0.3333333333333333,0,0.0,0.0,-80.83999999999997,-0.3333333333333333,0,0.0,0.0,327.84000000000003,0.0,2
M00613,-530.67,0.0,1,0.5,0.0,198.71,0.0,0,0.5,0.0,198.71,0.0,2
M00614,0.0,0.0,5,1.0,1.0,69.55,0.0,-1,0.0,0.5,69.55,0.0,4
M00615,155.81,0.0,0,0.0,0.0,41.58000000000001,0.0,0,0.0,0.0,221.83,0.0,1
M00616,-684.39,0.0,0,0.0,0.0,284.66999999999996,0.14285714285714285,1,0.0,0.0,531.29,0.14285714285714285,2
M00617,-1313.47,-0.02083333333333333,1,0.5,0.0,207.3800000000001,-0.0625,-1,0.5,0.0,1482.45,0.0,0
M00618,-127.33000000000015,0.0,24,0.0,0.5,342.0100000000002,0.06666666666666667,-1,0.0,0.5,1776.1100000000001,0.06666666666666667,24
M00619,14.910000000000025,0.0,0,0.0,0.0,324.15,0.0,0,0.0,0.0,651.88,0.0,1
M00620,296.97,-1.0,0,0.0,0.0,-157.88,0.3333333333333333,1,0.0,0.0,254.37,0.3333333333333333,5
M00621,-160.76,-0.25,5,0.6666666666666666,0.5,-199.79999999999998,0.0,-1,0.5,0.5,214.46,0.0,5
M00622,217.91000000000003,0.3333333333333333,1,0.0,0.0,-300.54,-0.3333333333333333,0,0.5,0.0,37.83,0.0,2
M00623,-109.91,0.0,0,0.0,0.0,8.529999999999994,0.0,1,0.5,0.0,57.879999999999995,0.0,4
M00624,0.0,0.0,0,0.0,0.0,175.52,0.0,2,1.0,1.0,175.52,0.0,2
M00625,477.72000000000025,0.0,0,0.0,0.0,100.75,0.043478260869565216,0,0.0,0.0,2683.61,0.043478260869565216,3
M00626,-1047.2499999999995,0.12141779788838614,0,0.0,0.0,2133.97,-0.03077975376196991,0,0.0,0.0,5947.75,0.11627906976744186,0
M00627,2327.48,0.045454545454545456,3,1.0,1.0,-330.27,-0.045454545454545456,0,0.0,0.0,1997.21,0.0,3
M00628,124.61999999999998,0.0,-1,0.0,0.0,335.38000000000005,0.0,2,0.0,1.0,698.96,0.0,5
M00629,0.0,0.0,1,1.0,1.0,474.51,0.16666666666666666,1,0.5,0.0,474.51,0.16666666666666666,2
M00630,-261.27,0.0,17,0.0,0.5,498.94,0.14285714285714285,-2,0.0,0.5,498.94,0.14285714285714285,15
M00631,0.0,0.0,0,0.0,0.0,4887.69,0.05555555555555555,4,1.0,1.0,4887.69,0.05555555555555555,4
M00632,518.8200000000002,0.09090909090909091,0,0.0,0.0,-1056.0200000000002,0.17575757575757575,0,0.0,0.0,1343.95,0.26666666666666666,1
M00633,558.1700000000001,0.07936507936507936,0,0.0,0.0,-12.819999999999936,-0.2222222222222222,0,0.0,0.0,1395.92,0.0,0
M00634,-525.6699999999996,0.10526315789473684,0,0.0,0.0,73.35999999999967,-0.10526315789473684,1,0.0,0.0,2568.33,0.0,1
M00635,5693.7699999999995,0.029850746268656716,-1,0.0,0.0,-716.6700000000001,0.0009184845005740551,1,0.0,0.0,5711.73,0.03076923076923077,2
M00636,225.68,0.2,29,0.5,0.5,368.29,-0.2,-3,0.5,0.5,724.35,0.0,27
M00637,-1650.130000000001,0.042417266187050356,0,0.0,0.0,387.9200000000001,-0.04884848484848485,0,0.0,0.0,14613.64,0.015151515151515152,3
M00638,0.0,0.0,0,0.0,0.0,0.0,0.0,1,0.0,0.0,0.0,0.0,4
M00639,661.3399999999999,0.25,17,0.0,0.5,-158.63999999999987,0.08333333333333331,-2,0.0,0.5,621.22,0.3333333333333333,15
M00640,-415.30999999999995,0.0,0,0.0,0.0,156.23,0.0,0,0.5,0.0,389.82,0.0,0
M00641,994.1700000000001,-0.07692307692307693,0,0.0,0.0,-1622.8500000000001,0.0,0,0.0,0.0,1163.8799999999999,0.0,1
M00642,497.47,0.0,1,1.0,1.0,270.61,0.0,0,0.0,0.0,768.08,0.0,1
M00643,569.35,0.0,0,0.0,0.0,-459.84000000000003,0.0,0,0.0,0.0,109.51,0.0,0
M00644,-2080.45,0.02719200887902331,0,0.0,0.0,1705.7600000000002,-0.0010482180293501092,-1,0.0,0.0,7763.21,0.05555555555555555,0
M00645,-67.93,0.0,0,0.5,0.0,111.64,0.0,-1,0.5,0.0,111.64,0.0,0
M00646,-148.62,-0.3333333333333333,0,0.0,0.0,-98.6,0.0,0,0.0,0.0,0.0,0.0,1
M00647,651.44,0.057109557109557105,0,0.0,0.0,2528.6899999999996,-0.027564102564102563,0,0.0,0.0,5624.65,0.075,2
M00648,872.5900000000001,0.0,0,0.0,0.0,931.6299999999997,0.0,1,0.0,0.0,3504.66,0.0,4
M00649,-374.6700000000001,0.058823529411764705,18,0.0,0.5,1073.31,-0.015345268542199489,0,0.0,0.5,2427.6,0.043478260869565216,18
M00650,-18.840000000000003,0.3333333333333333,1,0.5,0.0,439.8399999999999,-0.3333333333333333,0,0.5,0.0,623.3,0.0,3
M00651,78.95999999999998,0.0,0,0.0,0.0,-138.64,0.0,0,0.0,0.0,0.0,0.0,2
M00652,207.97,0.0,0,0.0,0.0,181.82000000000005,0.0,0,0.5,0.0,565.96,0.0,0
M00653,149.61000000000004,0.0,0,0.5,0.0,-294.46000000000004,0.0,0,0.0,0.0,0.0,0.0,0
M00654,322.78000000000003,0.125,0,0.0,0.0,308.5099999999999,-0.125,1,0.0,0.0,982.4599999999999,0.0,2
M00655,1208.13,0.0,-1,0.5,0.0,-1080.28,0.0,0,0.0,0.0,818.71,0.0,1
M00656,336.9900000000001,0.14285714285714285,0,0.5,0.0,2278.4700000000003,-0.11721611721611722,0,0.0,0.0,3504.17,0.02564102564102564,0
M00657,0.0,0.0,0,0.0,0.0,596.09,0.09090909090909091,1,1.0,1.0,596.09,0.09090909090909091,1
M00658,1139.3899999999999,0.06666666666666667,0,0.0,0.0,-734.8799999999999,0.024242424242424246,0,0.0,0.0,994.3900000000001,0.09090909090909091,3
M00659,0.0,0.0,0,0.0,0.0,19.42,0.0,0,1.0,1.0,19.42,0.0,0
M00660,1382.88,-0.021367521367521375,0,0.0,0.5,-1583.4,-0.05555555555555555,-1,0.0,0.0,1238.79,0.0,13
M00661,-44.77999999999997,-0.13333333333333333,0,0.0,0.0,980.31,0.1111111111111111,0,0.5,0.0,2037.1299999999999,0.1111111111111111,1
M00662,308.6,0.5,-1,0.0,0.5,-54.650000000000034,-0.5,-1,0.0,0.0,253.95,0.0,13
M00663,-282.38,0.16666666666666666,0,0.5,0.0,17.430000000000007,-0.023809523809523808,0,0.5,0.0,493.07,0.14285714285714285,0
M00664,899.6500000000001,0.03968253968253968,-1,0.5,0.0,-208.51999999999998,-0.0611111111111111,0,0.0,0.0,2097.19,0.05,0
M00665,20.299999999999955,0.0,0,0.0,0.0,225.93999999999994,0.0,-1,0.0,0.0,1075.12,0.0,3
M00666,130.84,0.0,0,0.0,0.0,-161.59,0.0,0,0.5,0.0,0.0,0.0,0
M00667,-208.12000000000012,0.2222222222222222,0,0.0,0.0,-661.04,-0.2222222222222222,0,0.0,0.0,115.02,0.0,1
M00668,-724.81,-0.18181818181818182,0,0.5,0.0,122.43999999999994,0.0,-1,0.5,0.0,866.41,0.0,2
M00669,152.86,0.0,0,1.0,1.0,732.03,0.0,0,0.0,0.0,884.89,0.0,0
M00670,-199.14999999999998,0.0,0,0.0,0.0,120.90999999999998,0.0,0,0.0,0.0,193.45,0.0,1
M00671,-233.57999999999993,0.46153846153846156,0,0.0,0.0,-1065.46,-0.06153846153846154,0,0.0,0.0,539.78,0.4,0
M00672,-2106.84,0.06666666666666667,0,0.5,0.0,267.23,-0.06666666666666667,0,0.5,0.0,1307.29,0.0,1
M00673,-192.30000000000018,0.003201024327784893,0,0.0,0.5,-2085.2599999999993,0.045454545454545456,-1,0.0,0.0,5559.72,0.09090909090909091,10
M00674,-738.89,-0.08333333333333333,3,0.0,0.5,921.7399999999999,0.0,0,0.0,0.0,1616.59,0.0,6
M00675,-39.56,0.0,0,0.0,0.0,26.39,0.0,0,0.5,0.0,84.95,0.0,4
M00676,1465.37,0.028723404255319152,2,0.5,0.0,-2084.3099999999995,-0.0303921568627451,0,0.5,0.0,5532.72,0.0196078431372549,2
M00677,-1426.66,-0.058823529411764705,0,0.0,0.0,1258.8799999999999,0.0625,0,0.0,0.0,2406.45,0.0625,2
M00678,0.0,0.0,0,0.0,0.0,0.0,0.0,-1,0.0,0.0,0.0,0.0,0
M00679,53.419999999999995,0.0,0,0.0,0.0,106.00000000000001,0.0,0,0.0,0.0,207.05,0.0,0
M00680,-347.48,0.0,0,0.0,0.0,110.2,0.0,0,0.0,0.0,214.0,0.0,2
M00681,-951.48,-0.10526315789473684,0,0.0,0.0,-882.3100000000001,0.0,1,0.5,0.0,551.63,0.0,2
M00682,0.0,0.0,0,0.0,0.0,0.0,0.0,0,0.0,0.0,0.0,0.0,0
M00683,-525.0500000000001,0.0,0,0.0,0.0,415.49,0.2,0,0.0,0.0,693.62,0.2,2
M00684,884.1299999999999,-0.12299465240641712,0,1.0,0.0,-946.4599999999999,-0.058823529411764705,0,0.0,0.0,954.66,0.0,0
M00685,0.0,0.0,1,0.5,0.0,0.0,0.0,0,0.5,0.0,0.0,0.0,1
M00686,-338.68000000000006,0.16666666666666666,0,0.0,0.0,1251.66,-0.16666666666666666,0,0.5,0.0,2080.4,0.0,0
M00687,490.04999999999995,0.125,1,0.0,0.0,-564.4100000000001,-0.024999999999999994,0,0.5,0.0,1128.06,0.1,2
M00688,-296.64,-0.25,1,0.0,0.0,-67.08000000000001,0.0,0,0.0,0.0,28.32,0.0,3
M00689,227.32,0.0,1,0.0,0.0,-194.12,0.0,0,0.0,0.0,105.76,0.0,4
M00690,0.0,0.0,0,0.0,0.0,0.0,0.0,1,0.5,0.0,0.0,0.0,1
M00691,110.86,0.0,0,0.0,0.0,-110.86,0.0,0,0.0,0.0,0.0,0.0,1
M00692,92.20000000000005,0.0,3,0.5,0.0,165.73000000000002,0.0,-1,0.5,0.0,708.84,0.0,3
M00693,-585.41,0.0,0,0.0,0.0,188.30000000000004,0.6666666666666666,0,0.0,0.0,442.29,0.6666666666666666,1
M00694,113.56000000000002,0.0,28,0.5,0.5,-39.620000000000005,0.0,-1,0.5,0.5,139.43,0.0,27
M00695,-18.050000000000182,-0.011204481792717089,1,0.5,0.0,-397.16999999999985,0.03571428571428571,0,0.5,0.0,1342.6200000000001,0.08333333333333333,2
M00696,619.3399999999999,0.14285714285714285,-1,0.5,0.0,-414.4699999999999,0.10714285714285715,0,0.0,0.0,435.98,0.25,1
M00697,0.0,0.0,0,0.0,0.0,2006.82,0.05555555555555555,2,1.0,1.0,2006.82,0.05555555555555555,2
M00698,259.21,0.0,0,0.0,0.0,268.92,0.2,0,0.0,0.0,587.86,0.2,1
M00699,410.6100000000001,0.0,0,0.0,0.0,-676.5000000000002,0.0,0,0.0,0.0,1282.6299999999999,0.0,4
M00700,0.0,0.0,0,0.0,0.0,4983.150000000001,0.06666666666666667,2,1.0,1.0,4983.150000000001,0.06666666666666667,2
M00701,46.23999999999998,0.0,0,0.0,0.0,111.28999999999999,0.3333333333333333,-1,0.0,0.0,295.14,0.3333333333333333,1
M00702,580.7800000000002,0.0,0,0.0,0.0,-768.2100000000002,0.0,0,0.0,0.0,873.65,0.0,1
M00703,1464.65,0.0,0,0.0,0.0,-27.289999999999964,0.0,0,0.0,0.0,1858.67,0.0,1
M00704,-255.14,0.0,-1,0.0,0.0,-459.72,0.0,-2,0.0,0.0,268.90999999999997,0.0,0
M00705,-1298.88,-0.075,0,0.0,0.0,2829.92,0.075,0,0.0,0.0,5709.96,0.075,0
M00706,-421.16999999999996,0.0,1,0.5,0.0,-89.43000000000002,0.0,0,0.0,0.0,111.64,0.0,4
M00707,-153.38000000000002,0.0,0,0.5,0.0,246.12000000000003,0.0,0,0.0,0.0,362.97,0.0,0
M00708,234.42,0.0,0,0.0,0.0,42.77000000000001,0.0,0,0.0,0.0,277.19,0.0,0
M00709,210.16000000000008,0.0,0,0.0,0.0,25.1099999999999,0.0,1,0.0,0.0,1204.78,0.0,2
M00710,-70.49000000000001,0.0,0,0.0,0.0,399.21000000000004,0.0,1,0.0,0.0,477.55,0.0,4
M00711,-1226.99,0.0,-1,0.0,0.0,283.22,0.0,0,0.0,0.0,283.22,0.0,0
M00712,-885.2800000000002,0.02272727272727272,0,0.0,0.0,792.4300000000003,-0.08333333333333333,0,0.0,0.0,3288.15,0.0,3
M00713,9856.92,0.047619047619047616,1,1.0,1.0,-5371.6,-0.021978021978021976,0,0.0,0.0,4485.32,0.02564102564102564,1
M00714,354.1199999999999,-0.4,1,0.0,0.0,87.09000000000015,0.0,1,0.5,0.0,1175.42,0.0,4
M00715,614.23,0.0,0,0.0,0.0,-752.67,0.0,0,0.5,0.0,0.0,0.0,2
M00716,-6910.56,0.018783542039355998,0,0.0,0.0,-332.4000000000001,0.06593406593406592,0,0.0,0.0,2478.81,0.14285714285714285,1
M00717,2551.08,-0.2708333333333333,4,0.0,0.5,-2592.7,-0.0625,-2,0.0,0.5,144.63,0.0,4
M00718,2645.6099999999997,0.0,0,0.5,0.0,-3769.35,0.0,0,0.5,0.0,715.93,0.0,1
M00719,-90.79000000000002,-0.25,2,0.5,0.0,938.6199999999999,0.2,-1,0.5,0.0,1202.33,0.2,1
M00720,-86.58,0.0,0,0.0,0.0,220.85,0.0,1,0.0,0.0,220.85,0.0,1
M00721,238.28000000000003,0.0,1,1.0,1.0,770.1099999999999,0.125,0,0.5,0.0,1008.39,0.125,1
M00722,-424.71999999999997,-0.14285714285714285,-1,0.0,0.5,-95.74999999999994,0.5,0,0.0,0.0,379.35,0.5,15
M00723,-548.5699999999999,0.0,0,0.0,0.0,355.63,0.0,0,0.0,0.0,355.63,0.0,0
M00724,361.6600000000001,-0.14285714285714285,1,0.0,0.0,-63.17000000000007,0.0,1,0.5,0.0,855.62,0.0,3
M00725,-206.45999999999998,0.0,0,0.0,0.0,-226.63,0.0,1,0.0,0.0,183.45,0.0,2
M00726,-166.63,-1.0,24,0.0,0.5,306.02,0.0,-2,0.0,0.5,306.02,0.0,23
M00727,-1642.62,0.0,0,0.0,0.0,1078.3000000000002,0.02564102564102564,-1,0.0,0.0,4707.92,0.02564102564102564,1
M00728,744.5899999999999,0.1,0,0.0,0.0,-395.53,0.0,0,0.0,0.0,897.49,0.1,0
M00729,474.27000000000004,0.0,0,0.0,0.0,-225.25000000000006,0.0,0,0.0,0.0,474.71,0.0,1
M00730,-237.31000000000003,0.0,0,0.0,0.0,758.2099999999999,0.1,0,0.0,0.0,1003.31,0.1,0
M00731,21.46999999999999,1.0,0,0.0,0.0,-71.35,-1.0,2,0.5,0.0,0.0,0.0,5
M00732,-349.87,0.0,0,0.0,0.0,774.3800000000001,0.0,1,0.5,0.0,871.6600000000001,0.0,4
M00733,-21.929999999999993,0.0,0,0.5,0.0,-124.2,0.0,-1,0.5,0.0,0.0,0.0,0
M00734,1055.51,0.08333333333333333,0,0.5,0.0,-965.9899999999999,-0.08333333333333333,-1,0.5,0.0,169.60999999999999,0.0,0
M00735,375.8399999999999,0.0,4,0.5,0.5,-161.58999999999992,0.0,-1,0.5,0.5,565.85,0.0,4
M00736,17.03000000000003,0.0,1,0.5,0.5,-311.12,0.0,-1,0.5,0.0,198.24,0.0,16
M00737,142.61,0.0,0,1.0,1.0,6868.68,0.07936507936507936,0,0.0,0.0,7011.29,0.07936507936507936,0
M00738,0.0,0.0,0,0.0,0.0,0.0,0.0,1,1.0,1.0,0.0,0.0,1
M00739,289.01,1.0,1,0.0,0.0,-289.01,-1.0,0,0.0,0.0,0.0,0.0,1
M00740,0.0,0.0,0,0.0,0.0,3026.7999999999997,0.0,2,1.0,1.0,3026.7999999999997,0.0,2
M00741,-168.3800000000001,-0.125,0,0.0,0.0,-31.30999999999983,0.14285714285714285,0,0.0,0.0,707.3900000000001,0.14285714285714285,3
M00742,-160.79,0.0,0,0.5,0.0,99.0,0.0,0,0.5,0.0,99.0,0.0,1
M00743,-30.980000000000018,-0.1090909090909091,1,0.5,0.0,-389.9699999999998,-0.013986013986013984,0,0.0,0.0,1430.67,0.07692307692307693,2
M00744,0.0,0.0,0,0.0,0.0,11743.91,0.5977011494252874,2,1.0,1.0,11743.91,0.5977011494252874,2
M00745,0.0,0.0,2,1.0,1.0,1867.79,0.0,0,0.5,0.0,1867.79,0.0,2
M00746,-84.63000000000001,0.0,0,0.0,0.0,37.64,0.0,0,0.0,0.0,92.75,0.0,1
M00747,-659.94,0.0,0,0.0,0.0,66.85999999999996,0.0,0,0.0,0.0,417.03,0.0,2
M00748,44.12,0.0,2,1.0,1.0,2904.9,0.045454545454545456,0,0.5,0.0,2949.02,0.045454545454545456,2
M00749,-564.4499999999999,0.0,0,0.0,0.0,-55.24000000000001,0.0,0,0.0,0.0,660.4,0.0,0
M00750,961.7699999999998,-0.055263157894736833,0,0.0,0.0,976.7800000000002,-0.02058823529411765,0,0.0,0.0,3582.94,0.029411764705882353,1
M00751,-400.5399999999999,-0.2,0,0.0,0.0,-190.07000000000005,0.0,0,0.0,0.0,261.84,0.0,1
M00752,2054.99,0.004901960784313722,0,0.0,0.0,-2501.51,-0.01950354609929078,0,0.0,0.0,5504.58,0.06382978723404255,1
M00753,-655.9100000000001,-0.08333333333333333,0,0.0,0.0,152.48000000000002,0.09090909090909091,0,0.0,0.0,1272.68,0.09090909090909091,1
M00754,-111.64000000000004,0.0,6,0.5,0.5,34.78000000000003,0.0,-1,0.5,0.5,388.81,0.0,5
M00755,215.79999999999995,0.0,0,0.0,0.0,-123.05999999999995,0.0,0,0.0,0.0,1332.99,0.0,1
M00756,1612.09,0.0,1,0.0,0.0,518.79,0.03125,0,0.0,0.0,4141.08,0.03125,4
M00757,308.05999999999995,-0.17647058823529413,0,0.0,0.0,-761.77,0.0,0,0.0,0.0,1131.49,0.0,0
M00758,244.81,0.0,0,0.0,0.0,-267.25,0.0,0,0.0,0.0,152.51999999999998,0.0,0
M00759,129.64000000000001,0.0,0,0.0,0.0,-177.42000000000002,0.0,0,0.0,0.0,39.82,0.0,1
M00760,-447.8,0.0,0,0.0,0.0,48.33,0.0,-1,0.0,0.0,48.33,0.0,0
M00761,133.91,0.0,0,0.0,0.0,98.25999999999999,0.0,0,0.0,0.0,232.17,0.0,1
M00762,155.74000000000012,0.0,0,0.0,0.0,-512.0100000000001,0.0,0,0.0,0.0,524.87,0.0,0
M00763,124.50000000000003,-0.3333333333333333,0,0.0,0.0,-229.60000000000002,0.0,1,0.0,0.0,0.0,0.0,2
M00764,111.07,0.3333333333333333,-1,1.0,0.0,-28.819999999999993,-0.3333333333333333,0,0.0,0.0,414.23,0.0,1
M00765,-1842.12,-0.05263157894736842,0,0.0,0.0,1731.9500000000003,0.0,0,0.5,0.0,2203.2000000000003,0.0,1
M00766,101.85000000000002,0.125,0,0.5,0.0,-177.95000000000005,-0.125,0,0.5,0.0,258.03,0.0,0
M00767,22.090000000000146,0.015250544662309365,0,0.0,0.0,477.5500000000002,-0.04074074074074074,0,0.0,0.0,5946.04,0.03333333333333333,0
M00768,-927.8,0.0,0,0.0,0.0,-130.55,0.0,0,0.0,0.0,0.0,0.0,0
M00769,89.43,0.0,2,0.0,0.5,22.049999999999997,0.0,0,0.0,0.0,111.48,0.0,3
M00770,68.77,0.0,0,0.0,0.0,-169.07,0.0,-1,0.0,0.0,0.0,0.0,0
M00771,2596.55,0.0,1,1.0,1.0,-1512.4500000000003,0.0,0,0.0,0.0,1084.1,0.0,1
M00772,905.8199999999999,-0.08333333333333333,0,0.0,0.0,837.0700000000002,0.07692307692307693,0,0.5,0.0,2673.55,0.07692307692307693,0
M00773,-609.3199999999999,1.0,0,0.0,0.0,-57.73,-1.0,0,0.0,0.0,0.0,0.0,0
M00774,0.0,0.0,0,0.0,0.0,435.21000000000004,0.0,0,1.0,1.0,435.21000000000004,0.0,0
M00775,-40.43000000000029,-0.07738095238095238,0,0.0,0.0,1323.15,0.03346203346203347,0,0.0,0.0,4025.79,0.08108108108108109,1
M00776,0.0,0.0,0,0.0,0.0,528.0999999999999,0.0,1,1.0,1.0,528.0999999999999,0.0,1
M00777,956.3499999999999,0.10526315789473684,0,0.0,0.0,-986.3899999999999,-0.10526315789473684,1,0.0,0.0,1318.17,0.0,2
M00778,-178.22000000000003,0.0,0,0.0,0.0,138.29999999999998,0.0,0,0.0,0.0,241.23999999999998,0.0,0
M00779,485.12,0.0,0,0.0,0.0,-472.59000000000003,0.0,0,0.0,0.0,584.86,0.0,0
M00780,0.0,0.0,0,0.0,0.0,6239.68,0.0196078431372549,0,1.0,1.0,6239.68,0.0196078431372549,0
M00781,465.69999999999993,0.1111111111111111,0,0.5,0.0,-281.67999999999995,0.013888888888888895,0,0.5,0.0,710.59,0.125,0
M00782,113.07999999999998,0.0,-1,0.0,0.0,130.01000000000005,0.0,0,0.0,0.0,293.47,0.0,1
M00783,-265.77999999999975,-0.07407407407407407,0,0.5,0.0,-407.55999999999995,0.0,-1,0.5,0.0,2411.2200000000003,0.0,1
M00784,381.48999999999995,0.0,4,0.5,0.5,-27.519999999999982,0.0,0,0.5,0.5,781.41,0.0,4
M00785,-12585.080000000002,0.01265969802555169,0,0.0,0.0,5276.809999999998,-0.018043261372561514,0,0.0,0.0,42573.17,0.04699738903394256,2
M00786,0.0,0.0,0,1.0,1.0,0.0,0.0,0,0.0,0.0,0.0,0.0,0
M00787,0.0,0.0,6,1.0,1.0,103.99,0.0,0,0.5,0.5,103.99,0.0,6
M00788,0.0,0.0,0,0.0,0.0,7076.72,0.03773584905660377,0,1.0,1.0,7076.72,0.03773584905660377,0
M00789,255.94,0.0,-1,0.0,0.0,518.1300000000001,0.0,0,0.0,0.0,828.95,0.0,0
M00790,1080.61,-0.18181818181818182,-4,0.0,0.5,-667.8599999999999,0.0,0,0.0,0.0,1220.21,0.0,15
M00791,-22.48999999999998,0.0,0,0.0,0.0,435.04999999999995,0.25,1,0.5,0.0,619.51,0.25,1
M00792,-260.09000000000003,-0.1111111111111111,0,0.0,0.0,108.30999999999995,0.0,1,0.5,0.0,759.06,0.0,2
M00793,0.0,0.0,-1,0.0,0.0,1797.48,0.15,-1,1.0,0.0,1797.48,0.15,26
M00794,-37.06,-0.5,0,0.5,0.0,-166.41,0.0,0,0.5,0.0,0.0,0.0,0
M00795,142.45,0.0,0,0.0,0.0,171.78999999999996,0.125,-1,0.0,0.0,503.22999999999996,0.125,0
M00796,98.56,0.0,0,0.0,0.0,-98.56,0.0,0,0.0,0.0,0.0,0.0,2
M00797,487.51,0.16666666666666666,0,0.0,0.0,-250.31999999999994,-0.16666666666666666,1,0.0,0.0,577.72,0.0,2
M00798,1824.4399999999998,-0.1111111111111111,0,0.0,0.0,-1594.78,0.04,2,0.0,0.0,1940.3999999999999,0.04,3
M00799,295.19999999999993,-1.0,0,0.0,0.0,-671.0899999999999,0.0,0,0.0,0.0,0.0,0.0,0
M00800,192.13,0.0,2,0.5,0.0,394.67,0.0,-1,0.5,0.0,619.12,0.0,2
M00801,-73.65000000000009,0.05238095238095239,0,0.5,0.0,-534.0199999999998,0.024999999999999994,0,0.5,0.0,1872.39,0.125,2
M00802,71.19,0.0,0,0.0,0.0,-122.25,0.0,0,0.0,0.0,0.0,0.0,1
M00803,385.3799999999999,0.0625,0,0.0,0.0,-171.3699999999999,-0.0625,0,0.0,0.0,1242.95,0.0,1
M00804,-81.36999999999995,0.5,0,0.0,0.0,465.0399999999999,0.0,0,0.0,0.0,751.3199999999999,0.5,0
M00805,383.88000000000005,0.0,0,0.0,0.0,-152.11000000000007,0.0,0,0.0,0.0,339.33,0.0,2
M00806,-930.4000000000001,-0.07142857142857142,0,0.0,0.0,-479.8800000000001,0.05263157894736842,0,0.0,0.0,1837.1,0.05263157894736842,0
M00807,-110.46000000000004,-0.09090909090909091,0,0.0,0.0,137.67000000000007,0.1111111111111111,0,0.0,0.0,1201.38,0.1111111111111111,0
M00808,-753.32,-0.20833333333333331,-1,0.5,0.0,225.62,-0.125,0,0.0,0.0,947.97,0.0,1
M00809,-78.61,0.0,0,0.0,0.0,98.73,0.5,0,0.0,0.0,98.73,0.5,1
M00810,373.73000000000013,0.0,2,0.5,0.0,673.21,0.0,-1,0.5,0.0,1789.8000000000002,0.0,1
M00811,6.289999999999992,0.0,0,0.0,0.0,31.400000000000006,0.0,0,0.0,0.0,143.78,0.0,0
M00812,330.86,0.0,0,0.0,0.0,-377.24,0.0,0,0.0,0.0,68.45,0.0,0
M00813,-94.50999999999999,-0.14285714285714285,5,0.0,0.5,957.73,0.3333333333333333,0,0.5,0.5,1130.24,0.3333333333333333,8
M00814,7647.780000000001,-0.05616605616605616,0,0.0,0.0,-7006.0700000000015,-0.023695054945054944,0,0.0,0.0,3297.5499999999997,0.03125,0
M00815,67.27,0.0,0,1.0,1.0,596.1,0.0,0,0.5,0.0,663.37,0.0,0
M00816,-40.94,0.0,23,0.5,0.5,167.74,0.0,-4,0.5,0.5,167.74,0.0,20
M00817,0.0,0.0,0,0.0,0.0,8998.18,0.03125,1,1.0,1.0,8998.18,0.03125,1
M00818,-666.5300000000002,0.0,-1,0.5,0.0,37.780000000000086,0.0,0,0.0,0.0,905.86,0.0,1
M00819,126.05000000000007,0.125,17,0.0,0.5,-123.34000000000003,-0.125,-1,0.0,0.5,687.0,0.0,16
M00820,0.0,0.0,0,0.0,0.0,9819.83,0.03225806451612903,2,1.0,1.0,9819.83,0.03225806451612903,2
M00821,4742.66,0.025,2,1.0,1.0,3805.5,0.024180327868852457,0,0.0,0.0,8548.16,0.04918032786885246,2
M00822,84.46,0.0,1,1.0,1.0,271.07,0.0,0,0.0,0.0,355.53,0.0,1
M00823,694.5699999999999,0.0,1,0.5,0.0,-668.65,0.0,0,0.5,0.0,92.41,0.0,1
M00824,803.05,0.15384615384615385,0,0.0,0.0,-389.54999999999995,-0.10121457489878544,0,0.0,0.0,1723.45,0.05263157894736842,1
M00825,-91.61,0.0,1,0.5,0.0,666.3199999999999,0.0,1,0.5,0.0,666.3199999999999,0.0,2
M00826,664.04,0.0,2,1.0,1.0,514.19,0.0,0,0.0,0.0,1178.23,0.0,2
M00827,0.0,0.0,0,1.0,1.0,140.43,0.0,0,0.0,0.0,140.43,0.0,0
M00828,-292.33000000000004,0.0,0,0.0,0.0,266.88,0.16666666666666666,0,0.0,0.0,1028.48,0.16666666666666666,1
M00829,224.49,0.0,0,0.0,0.0,153.64,0.0,0,0.0,0.0,918.1,0.0,0
M00830,20.600000000000023,0.0,1,0.5,0.0,298.34,0.0,0,0.5,0.0,594.64,0.0,1
M00831,45.14,0.0,-1,0.5,0.0,-45.14,0.0,0,0.0,0.0,0.0,0.0,0
M00832,1352.65,0.06666666666666667,0,1.0,1.0,4728.5599999999995,0.004761904761904759,0,0.0,0.0,6081.21,0.07142857142857142,0
M00833,442.92,-0.16666666666666666,0,0.0,0.0,228.85000000000002,0.1111111111111111,0,0.0,0.0,975.32,0.1111111111111111,0
M00834,0.0,0.0,0,0.0,0.0,5824.82,0.020833333333333332,3,1.0,1.0,5824.82,0.020833333333333332,3
M00835,0.0,0.0,0,0.5,0.0,61.88,0.0,0,0.0,0.0,61.88,0.0,0
M00836,115.31,0.0,0,0.0,0.0,-132.08000000000004,0.0,1,0.5,0.0,260.46,0.0,2
M00837,-162.21,0.0,0,0.0,0.0,153.81000000000003,0.0,0,0.0,0.0,269.97,0.0,0
M00838,-546.85,0.0,0,0.0,0.0,276.65,0.0,0,0.0,0.0,569.13,0.0,0
M00839,-221.56999999999994,0.0267379679144385,0,0.0,0.0,348.3599999999999,-0.03431372549019608,0,0.0,0.0,1447.82,0.08333333333333333,2
M00840,281.88,0.0,0,0.0,0.0,531.0100000000001,0.0,1,0.0,0.0,1048.8600000000001,0.0,3
M00841,1027.93,0.0,1,0.5,0.0,-732.37,0.3333333333333333,0,0.5,0.0,432.63,0.3333333333333333,1
M00842,233.92999999999995,0.0,0,0.0,0.0,126.25,0.0,0,0.0,0.0,630.67,0.0,1
M00843,296.3,0.0,0,0.0,0.0,-209.88,0.0,0,0.0,0.0,86.42,0.0,0
M00844,-225.31000000000003,0.0,0,0.5,0.0,115.51000000000002,0.0,0,0.0,0.0,275.55,0.0,0
M00845,0.0,0.0,0,0.0,0.0,6001.21,0.09803921568627451,0,1.0,1.0,6001.21,0.09803921568627451,0
M00846,531.81,0.25,0,0.0,0.0,-735.5,-0.25,-1,0.0,0.0,10.06,0.0,0
M00847,488.4200000000001,0.4117647058823529,0,0.5,0.0,-235.30000000000018,0.2198142414860681,1,0.0,0.0,1558.3999999999999,0.631578947368421,2
M00848,694.6899999999998,0.045454545454545456,0,0.0,0.0,-743.0699999999997,-0.045454545454545456,0,0.5,0.0,1597.71,0.0,0
M00849,1011.2299999999998,-0.07692307692307693,0,0.0,0.0,-892.3799999999999,0.0,0,0.0,0.0,1233.03,0.0,0
M00850,451.63,0.0,1,1.0,1.0,1939.58,0.0625,1,0.0,0.0,2391.21,0.0625,2
M00851,-121.64999999999998,0.3333333333333333,-1,0.0,0.0,317.31999999999994,-0.3333333333333333,1,0.0,0.0,541.5699999999999,0.0,3
M00852,187.55999999999997,0.14285714285714285,0,0.5,0.0,201.12000000000006,-0.14285714285714285,1,0.5,0.0,573.34,0.0,3
M00853,-202.43000000000006,0.0,0,0.0,0.0,414.73,0.16666666666666666,0,0.0,0.0,1224.49,0.16666666666666666,0
M00854,0.0,0.0,-1,0.0,0.5,0.0,0.0,-3,0.5,0.0,0.0,0.0,24
M00855,375.67999999999984,0.14285714285714285,28,0.5,0.0,551.9500000000003,0.017142857142857154,-1,0.0,0.0,2240.3,0.16,27
M00856,101.40000000000003,0.0,0,0.0,0.0,-413.85,0.0,0,0.0,0.0,0.0,0.0,1
M00857,19.750000000000057,0.25,44,0.0,0.6666666666666666,778.2399999999999,-0.08333333333333334,-31,0.5,0.6666666666666666,1102.07,0.16666666666666666,15
M00858,-158.33999999999997,0.0,0,0.0,0.0,-179.74,0.5,0,0.0,0.0,174.31,0.5,0
M00859,-148.96,-0.3333333333333333,-1,0.5,0.5,153.85000000000002,0.0,-3,0.5,0.0,216.36,0.0,13
M00860,-492.44999999999993,0.0,0,0.0,0.0,477.20000000000005,0.0,0,0.0,0.0,589.7,0.0,2
M00861,-221.84999999999997,0.0,0,0.0,0.0,288.42,0.0,-1,0.0,0.0,695.86,0.0,1
M00862,-1002.39,-0.1111111111111111,0,0.0,0.0,761.5600000000001,0.0,0,0.0,0.0,1477.19,0.0,0
M00863,31.3,1.0,0,0.5,0.0,225.45,-1.0,0,0.0,0.0,256.75,0.0,0
M00864,35.34,0.0,0,0.0,0.0,-35.34,0.0,1,0.5,0.0,0.0,0.0,2
M00865,431.17,0.125,0,0.0,0.0,1473.98,-0.125,1,0.5,0.0,2343.71,0.0,1
M00866,298.6500000000001,0.15384615384615385,0,0.0,0.0,-658.47,-0.028846153846153855,0,0.0,0.0,587.21,0.125,0
M00867,340.4399999999998,0.0,0,0.0,0.0,-1081.4899999999998,0.0,0,0.0,0.0,581.62,0.0,0
M00868,-554.1600000000001,0.0,0,0.0,0.0,82.22,0.0,0,0.0,0.0,82.22,0.0,1
M00869,-42.86000000000013,0.05263157894736842,3,0.6666666666666666,0.5,-1013.8799999999999,-0.05263157894736842,-1,0.5,0.5,279.41,0.0,3
M00870,71.36,0.0,0,0.0,0.0,-55.39999999999999,0.0,0,0.0,0.0,24.73,0.0,1
M00871,-0.18999999999994088,0.0,24,0.0,0.5,-49.210000000000036,0.0,0,0.5,0.5,561.87,0.0,25
M00872,187.65,0.5,2,0.0,0.5,-187.65,-0.5,-2,0.0,0.5,0.0,0.0,2
M00873,0.0,0.0,1,1.0,1.0,1113.03,0.14285714285714285,0,0.0,0.0,1113.03,0.14285714285714285,1
M00874,0.0,0.0,0,0.5,0.0,247.01,0.0,0,0.0,0.0,247.01,0.0,1
M00875,-860.53,-0.125,2,0.5,0.0,2150.8599999999997,0.037037037037037035,0,0.0,0.0,2706.14,0.037037037037037035,4
M00876,248.79000000000002,0.0,1,1.0,1.0,2132.55,0.0,0,0.0,0.0,2381.34,0.0,1
M00877,0.0,0.0,0,0.0,0.0,508.99,0.0,1,1.0,1.0,508.99,0.0,1
M00878,684.1499999999999,-0.07142857142857142,0,0.0,0.0,-236.6199999999999,0.05263157894736842,0,0.0,0.0,2218.6,0.05263157894736842,0
M00879,-83.75,0.0,0,0.0,0.0,159.6,0.0,0,0.0,0.0,159.6,0.0,1
M00880,357.86,0.0,0,0.0,0.0,164.64999999999998,0.0,0,0.0,0.0,606.61,0.0,0
M00881,81.13,0.0,0,0.5,0.0,471.78,0.0,-1,0.0,0.0,552.91,0.0,1
M00882,1323.35,0.08333333333333333,0,1.0,1.0,703.2900000000002,0.0,0,0.0,0.0,2026.64,0.08333333333333333,0
M00883,-1065.37,-0.15384615384615385,0,0.5,0.0,379.64,0.0,-1,0.0,0.0,1176.26,0.0,2
M00884,1023.6400000000001,0.0,12,0.0,0.5,-229.55999999999995,0.0,-1,0.5,0.5,2657.9,0.0,13
M00885,492.14,0.1111111111111111,0,0.5,0.0,-547.1800000000001,-0.1111111111111111,-1,0.5,0.0,355.94,0.0,0
M00886,0.0,0.0,0,0.0,0.0,0.0,0.0,1,0.0,0.0,0.0,0.0,2
M00887,57.17,0.0,1,1.0,1.0,220.96999999999997,0.0,1,0.0,0.0,278.14,0.0,2
M00888,-1294.0500000000002,-0.058823529411764705,0,0.0,0.0,-461.2000000000003,0.08,0,0.0,0.0,2921.47,0.08,0
M00889,-206.05999999999997,0.0,5,0.5,0.5,121.00999999999999,0.0,-1,0.5,0.5,137.35,0.0,5
M00890,54.980000000000004,0.0,0,0.0,0.0,-171.53,0.0,0,0.0,0.0,0.0,0.0,2
M00891,4.040000000000077,-0.09090909090909091,-1,0.0,0.0,-637.11,0.0,0,0.0,0.0,275.23,0.0,0
M00892,-355.4000000000001,-0.2,0,0.0,0.0,945.9600000000002,0.0,0,0.0,0.0,1200.3600000000001,0.0,1
M00893,162.76,0.0,1,0.5,0.0,78.73000000000002,0.0,0,0.0,0.0,241.49,0.0,5
M00894,348.83,0.0,2,1.0,1.0,755.48,0.0,0,0.5,0.0,1104.31,0.0,2
M00895,-35.00999999999999,0.0,-1,0.5,0.0,33.78,0.0,-1,0.0,0.0,254.37,0.0,2
M00896,327.1700000000001,0.16666666666666666,0,0.0,0.0,-673.0699999999999,-0.04166666666666666,0,0.0,0.0,773.2,0.125,1
M00897,320.03,0.0,1,0.0,0.0,32.75999999999999,0.0,0,0.0,0.0,401.27,0.0,1
M00898,-54.45,0.0,0,0.0,0.0,111.71,0.0,-1,0.5,0.0,111.71,0.0,1
M00899,207.20000000000005,0.0,0,0.0,0.0,-138.48000000000002,0.0,0,0.0,0.0,420.87,0.0,2
M00900,111.39,0.0,3,1.0,1.0,2.450000000000003,0.0,0,0.0,0.0,113.84,0.0,3
M00901,629.9699999999998,-0.049999999999999996,0,0.0,0.0,643.0100000000002,0.020720720720720724,0,0.0,0.0,3401.88,0.05405405405405406,0
M00902,352.8800000000001,0.1111111111111111,0,0.0,0.0,-790.9400000000003,0.0,0,0.0,0.0,1379.59,0.1111111111111111,0
M00903,310.62,0.0,0,0.5,0.0,-86.88999999999999,0.0,-1,0.5,0.0,315.11,0.0,0
M00904,0.0,0.0,0,0.0,0.0,1679.48,0.21428571428571427,0,1.0,1.0,1679.48,0.21428571428571427,0
M00905,486.41999999999985,-0.07219251336898395,2,0.0,0.5,-571.51,-0.045454545454545456,-1,0.0,0.5,1913.51,0.0,3
M00906,-201.52000000000004,-0.25,0,0.0,0.0,-137.84999999999997,0.0,1,0.0,0.0,370.09000000000003,0.0,2
M00907,969.62,0.09090909090909091,1,1.0,1.0,2166.6800000000003,-0.06149732620320856,1,0.5,0.0,3136.3,0.029411764705882353,2
M00908,-235.57000000000016,-0.03125,0,0.0,0.0,-1198.6799999999998,0.0,0,0.0,0.0,2100.9,0.0,1
M00909,24.50999999999999,0.0,0,0.0,0.0,151.92000000000002,0.3333333333333333,0,0.0,0.0,336.42,0.3333333333333333,0
M00910,-861.6300000000001,-0.02702702702702703,0,0.0,0.0,2018.9300000000003,0.03125,0,0.5,0.0,4831.6,0.03125,2
M00911,-404.6600000000003,-0.05799373040752351,0,0.0,0.0,505.6100000000001,0.08357771260997067,0,0.0,0.0,3154.39,0.12903225806451613,1
M00912,-536.39,0.0,0,0.0,0.0,591.23,0.2,1,0.5,0.0,792.21,0.2,1
M00913,509.76,0.0,0,1.0,1.0,121.40999999999997,0.2857142857142857,0,0.0,0.0,631.17,0.2857142857142857,0
M00914,1178.84,0.0,0,0.5,0.0,333.19000000000005,0.0,0,0.5,0.0,1512.03,0.0,1
M00915,-386.59999999999997,0.0,0,0.0,0.0,437.86000000000007,0.3333333333333333,0,0.0,0.0,610.44,0.3333333333333333,1
M00916,462.84999999999997,0.0,0,0.0,0.0,-251.73999999999995,0.0,-2,0.0,0.0,451.43,0.0,0
M00917,-1135.71,-0.07692307692307693,1,0.0,0.0,203.44,0.0,1,0.5,0.0,704.87,0.0,2
M00918,-335.87,0.0,0,0.0,0.0,27.689999999999998,0.0,0,0.0,0.0,80.05,0.0,1
M00919,117.15,0.0,0,0.5,0.0,-55.360000000000014,0.0,0,0.5,0.0,122.85,0.0,1
M00920,56.33,0.0,0,0.0,0.0,130.37,0.25,0,0.0,0.0,186.7,0.25,0
M00921,-93.14999999999999,0.0,-1,0.5,0.0,-65.49,0.0,0,0.0,0.0,0.0,0.0,0
M00922,998.1700000000001,0.09090909090909091,2,0.5,0.0,-130.67000000000007,-0.09090909090909091,0,0.5,0.0,2036.02,0.0,4
M00923,509.89,0.2,0,0.0,0.0,-370.75,-0.2,0,0.0,0.0,215.51,0.0,1
M00924,0.0,0.0,0,0.0,0.0,7930.84,0.06578947368421052,1,1.0,1.0,7930.84,0.06578947368421052,1
M00925,606.4200000000001,0.0,2,0.0,0.5,-504.85,0.5,0,0.0,0.5,139.01,0.5,2
M00926,549.75,0.0,-1,0.0,0.0,-551.72,1.0,0,0.0,0.0,50.25,1.0,0
M00927,304.01,0.0,0,0.5,0.0,-292.75,0.0,1,0.5,0.0,38.99,0.0,2
M00928,167.01,0.0,0,0.0,0.0,-412.22,0.0,2,0.5,0.0,541.49,0.0,3
M00929,365.73,0.0,0,0.0,0.0,-166.92999999999995,0.0,0,0.0,0.0,414.22,0.0,2
M00930,-982.51,-0.07142857142857142,0,0.0,0.0,1176.9099999999999,0.2,0,0.0,0.0,2095.85,0.2,0
M00931,0.0,0.0,0,0.0,0.0,1685.46,0.06666666666666667,1,1.0,1.0,1685.46,0.06666666666666667,1
M00932,835.9299999999994,-0.013571428571428568,17,0.0,0.5,1877.250000000001,0.013333333333333336,-3,0.0,0.5,8774.19,0.05333333333333334,15
M00933,-1469.8700000000001,-0.10526315789473684,0,0.0,0.5,-31.160000000000025,0.0,-1,0.0,0.0,113.38999999999999,0.0,4
M00934,270.88,0.25,0,0.0,0.0,-12.42999999999995,-0.25,-1,0.0,0.0,258.45000000000005,0.0,1
M00935,15.689999999999998,-0.5,0,0.0,0.0,-275.34000000000003,0.0,0,0.5,0.0,93.02,0.0,2
M00936,168.35000000000014,0.0,0,0.0,0.0,62.82999999999993,0.0,0,0.5,0.0,1145.78,0.0,1
M00937,395.53,0.0,1,1.0,1.0,-188.51,0.0,0,0.0,0.0,207.01999999999998,0.0,1
M00938,670.8199999999998,0.02857142857142858,0,0.0,0.0,760.2,-0.1,0,0.0,0.0,2185.83,0.0,0
M00939,325.86,0.0,1,1.0,1.0,4063.3699999999994,0.046511627906976744,0,0.0,0.0,4389.23,0.046511627906976744,1
M00940,-555.6700000000001,0.14285714285714285,0,0.0,0.0,1002.5800000000002,-0.14285714285714285,0,0.0,0.0,1605.42,0.0,1
M00941,-237.43000000000004,-0.25,0,0.0,0.0,75.14000000000001,0.0,1,0.0,0.0,178.49,0.0,1
M00942,-827.6200000000003,0.05764411027568922,0,0.0,0.0,-816.1999999999998,-0.10526315789473684,0,0.0,0.0,1433.67,0.0,1
M00943,-1001.8000000000001,0.0,0,0.0,0.0,-147.29000000000002,0.0,0,0.0,0.0,320.8,0.0,2
M00944,521.6600000000001,-0.5,0,0.0,0.0,332.5,0.0,0,0.0,0.0,980.35,0.0,1
M00945,115.94,0.3333333333333333,0,0.0,0.0,1181.29,-0.3333333333333333,0,0.5,0.0,1380.67,0.0,1
M00946,-270.72,-0.14285714285714285,1,0.0,0.0,445.0200000000001,0.0,0,0.0,0.0,1155.67,0.0,1
M00947,-649.8199999999999,0.0,0,0.0,0.0,-189.61,0.0,0,0.0,0.0,219.82999999999998,0.0,0
M00948,144.01999999999998,0.1,1,0.0,0.0,-586.5999999999999,0.0,0,0.0,0.0,944.5,0.1,2
M00949,7325.86,0.09090909090909091,5,0.5,0.5,-7292.99,-0.09090909090909091,-3,0.5,0.5,879.79,0.0,4
M00950,-1193.4600000000003,0.07692307692307693,0,0.0,0.0,916.4199999999998,0.1048951048951049,0,0.0,0.0,1938.1799999999998,0.18181818181818182,0
M00951,190.56000000000006,0.0,0,0.0,0.0,-227.01000000000005,0.0,0,0.0,0.0,502.68,0.0,0
M00952,-205.35000000000002,0.0,-1,0.5,0.0,555.0,0.0,0,0.0,0.0,806.5,0.0,1
M00953,-75.55,0.0,0,0.0,0.0,428.37,0.0,2,0.5,0.0,428.37,0.0,5
M00954,-697.77,0.0,0,0.0,0.0,158.17,0.0,0,0.0,0.0,158.17,0.0,1
M00955,-203.4,-0.5,0,0.0,0.0,82.69999999999999,0.0,-1,0.0,0.0,82.69999999999999,0.0,1
M00956,-1016.47,-0.3333333333333333,0,0.0,0.0,-309.33,0.0,1,0.5,0.0,186.93,0.0,1
M00957,1170.18,0.08333333333333333,0,0.0,0.0,370.3599999999999,-0.011904761904761904,0,0.0,0.0,1540.54,0.07142857142857142,0
M00958,0.0,0.0,0,0.0,0.0,320.42,0.0,0,1.0,1.0,320.42,0.0,0
M00959,44.64,1.0,1,0.0,0.0,72.80999999999999,-1.0,0,0.0,0.0,166.89,0.0,1
M00960,-1036.44,-0.2,4,0.6666666666666666,0.5,-55.23999999999995,0.25,-1,0.5,0.5,384.04,0.25,4
M00961,2557.36,0.0,1,1.0,1.0,3292.0499999999997,0.07017543859649122,0,0.0,0.0,5849.41,0.07017543859649122,1
M00962,721.21,-0.07142857142857142,0,0.0,0.0,-381.9000000000001,0.0,0,0.0,0.0,1770.58,0.0,0
M00963,2.4899999999998954,0.2,0,0.0,0.0,-304.94999999999993,0.1333333333333333,0,0.5,0.0,348.85,0.3333333333333333,0
M00964,782.3599999999997,0.05621890547263681,0,0.0,0.0,-4015.5199999999995,-0.06827564306128929,0,0.0,0.0,3845.92,0.02127659574468085,0
M00965,-1531.1900000000005,0.019956458635703923,1,0.5,0.0,2701.83,-0.016369993642720918,0,0.5,0.0,13177.82,0.04132231404958678,1
M00966,267.69999999999993,0.0,0,0.0,0.0,-606.6700000000001,0.0,0,0.0,0.0,268.07,0.0,1
M00967,111.03,0.0,0,1.0,1.0,550.28,0.0,0,0.5,0.0,661.31,0.0,0
M00968,-439.41999999999996,0.0,0,0.0,0.0,1411.66,0.0,0,0.0,0.0,1746.15,0.0,0
M00969,-378.39,0.0,0,0.0,0.0,0.0,0.0,0,0.0,0.0,0.0,0.0,0
M00970,604.1400000000001,0.0,0,0.5,0.0,-270.80999999999995,0.0,0,0.0,0.0,1211.3700000000001,0.0,0
M00971,573.74,0.0,0,1.0,1.0,500.64999999999986,0.0,0,0.0,0.0,1074.3899999999999,0.0,0
M00972,-902.41,0.0,0,0.0,0.0,742.2299999999999,0.0,-1,0.0,0.0,885.0799999999999,0.0,1
M00973,80.33,0.0,1,0.0,0.0,98.74999999999999,0.0,1,0.0,0.0,179.07999999999998,0.0,2
M00974,-33.52,0.0,0,0.0,0.0,139.45,0.0,0,0.0,0.0,139.45,0.0,3
M00975,0.0,0.0,0,0.0,0.0,0.0,0.0,0,0.0,0.0,0.0,0.0,0
M00976,1511.18,-0.09523809523809523,0,0.0,0.0,-1365.38,0.0,0,0.0,0.0,1978.21,0.0,0
M00977,321.9000000000001,0.0,-1,1.0,0.0,86.84999999999991,0.0,0,0.0,0.0,1909.58,0.0,1
M00978,135.0,-0.17982456140350878,0,0.0,0.0,-753.0799999999999,-0.006410256410256401,-1,0.0,0.0,1283.21,0.07692307692307693,1
M00979,0.0,0.0,0,0.0,0.0,2009.22,0.0,2,1.0,1.0,2009.22,0.0,2
M00980,0.0,0.0,0,0.0,0.0,36.63,0.0,1,1.0,1.0,36.63,0.0,1
M00981,-260.96999999999997,0.0,21,0.0,0.6666666666666666,275.08,0.0,-17,0.0,0.5,317.71999999999997,0.0,20
M00982,457.1500000000001,0.0,0,0.0,0.0,-660.96,0.0,0,0.0,0.0,93.86,0.0,1
M00983,-63.55,0.0,0,0.0,0.0,33.72,0.0,0,0.0,0.0,33.72,0.0,0
M00984,-83.21000000000001,0.0,0,0.5,0.0,24.04,0.0,-2,0.5,0.0,74.42,0.0,2
M00985,53.629999999999995,0.0,0,0.0,0.0,-157.72,0.0,0,0.0,0.0,0.0,0.0,2
M00986,302.6,0.0,0,0.0,0.0,-22.449999999999932,0.2857142857142857,-1,0.0,0.0,896.2800000000001,0.2857142857142857,0
M00987,-370.26,0.0,0,0.0,0.0,-306.86,0.0,0,0.0,0.0,391.65,0.0,0
M00988,2367.68,0.1111111111111111,2,1.0,1.0,-759.7899999999997,0.006535947712418305,0,0.0,0.0,1607.89,0.11764705882352941,2
M00989,-1532.5200000000004,0.024462564862861375,0,0.0,0.0,316.53999999999996,-0.016267942583732056,0,0.0,0.0,6293.03,0.03636363636363636,1
M00990,540.6200000000001,0.08333333333333333,0,0.0,0.0,630.5699999999999,-0.1111111111111111,0,0.0,0.0,2311.81,0.05555555555555555,0
M00991,473.80999999999995,0.0,18,1.0,1.0,1240.94,0.0,-1,0.5,0.5,1714.75,0.0,17
M00992,-896.5700000000002,0.00555555555555555,0,0.0,0.0,6919.719999999999,-0.019410977242302542,0,0.0,0.0,8845.99,0.03614457831325301,2
M00993,0.0,0.0,0,0.5,0.0,184.37,0.0,0,0.0,0.0,184.37,0.0,2
M00994,0.0,0.0,1,1.0,1.0,56.19,0.0,1,0.0,0.0,56.19,0.0,2
M00995,-136.4,0.0,0,0.0,0.0,374.09000000000003,0.0,0,0.0,0.0,374.09000000000003,0.0,1
M00996,-1176.27,0.0,0,0.0,0.0,-237.99,0.14285714285714285,0,0.0,0.0,640.32,0.14285714285714285,1
M00997,428.69000000000005,0.0,4,0.0,0.5,567.7300000000001,0.0,0,0.0,0.5,1226.8200000000002,0.0,7
M00998,0.0,0.0,0,0.0,0.0,193.05,0.0,0,0.0,0.0,193.05,0.0,1
M00999,-316.52,0.0,0,0.5,0.0,-84.17,0.0,1,0.0,0.0,0.0,0.0,1
M01000,-272.61,0.0,0,0.0,0.0,35.21,0.0,0,0.0,0.0,35.21,0.0,1
M01001,452.14,0.0,0,0.0,0.0,-606.46,0.0,0,0.5,0.0,55.04,0.0,2
M01002,-1841.7799999999997,0.00630252100840336,0,0.0,0.0,310.92999999999984,0.0042857142857142885,1,0.5,0.0,3595.89,0.04,1
M01003,-286.99,0.5,0,0.0,0.0,588.84,-0.5,0,0.5,0.0,728.13,0.0,1
M01004,-541.75,-0.014211886304909563,0,0.0,0.0,-578.6199999999999,-0.05555555555555555,-1,0.0,0.0,4217.38,0.0,1
M01005,-70.86000000000001,0.0,1,0.5,0.0,305.88,1.0,-1,0.5,0.0,351.03,1.0,1
M01006,816.77,0.2857142857142857,1,1.0,1.0,713.8,-0.2857142857142857,0,0.0,0.0,1530.57,0.0,1
M01007,134.7800000000001,-0.2,0,0.0,0.0,486.78,0.25,-1,0.0,0.0,1257.48,0.25,2
M01008,1658.15,0.07142857142857142,0,0.0,0.0,-1079.8200000000002,0.019480519480519487,0,0.0,0.0,1044.98,0.09090909090909091,0
M01009,-656.42,-0.2,0,0.0,0.0,582.4599999999999,0.16666666666666666,0,0.0,0.0,601.56,0.16666666666666666,1
M01010,740.44,-0.09090909090909091,1,0.5,0.0,-1216.65,0.0,1,0.5,0.0,703.25,0.0,3
M01011,781.45,0.0,0,0.5,0.0,-255.21000000000004,0.0,-2,0.5,0.0,1167.29,0.0,1
M01012,-48.16,0.0,-1,0.5,0.0,47.11,0.0,0,0.0,0.0,47.11,0.0,1
M01013,1728.17,0.0,1,0.5,0.0,-161.71000000000004,0.0,0,0.5,0.0,1708.92,0.0,1
M01014,-169.51999999999998,0.0,1,0.0,0.0,-141.22,0.5,0,0.0,0.0,221.28,0.5,4
M01015,-348.49,0.0,2,0.5,0.0,75.16,0.0,-1,0.5,0.0,244.41,0.0,4
M01016,-323.8600000000001,0.0,0,0.0,0.0,223.30999999999995,0.0,0,0.0,0.0,1374.62,0.0,2
M01017,-71.16000000000008,0.0,0,0.0,0.0,-42.83999999999992,0.2,0,0.0,0.0,1831.41,0.2,1
M01018,31.309999999999995,0.0,0,0.0,0.0,476.7299999999999,0.0,0,0.0,0.0,570.5799999999999,0.0,1
M01019,-198.12,0.0,23,0.5,0.5,98.98,0.0,-5,0.0,0.5,170.21,0.0,21
M01020,130.89,0.0,1,0.0,0.0,96.14000000000001,0.0,0,0.5,0.0,284.31,0.0,1
M01021,0.0,0.0,0,0.0,0.0,51.48,0.0,0,0.0,0.0,51.48,0.0,0
M01022,139.34999999999997,0.0,1,0.0,0.0,-277.27,0.0,0,0.0,0.0,227.64000000000001,0.0,1
M01023,-446.8000000000002,0.25,0,0.0,0.0,123.89999999999998,-0.25,0,0.0,0.0,934.6899999999999,0.0,1
M01024,32.130000000000024,0.3333333333333333,0,0.0,0.0,179.27999999999997,-0.3333333333333333,0,0.0,0.0,353.52,0.0,0
M01025,266.44000000000005,0.018939393939393943,1,0.0,0.0,-1060.4700000000003,-0.015151515151515152,0,0.0,0.0,2209.6,0.045454545454545456,1
M01026,347.8699999999999,0.0,0,0.0,0.0,-669.4999999999999,0.0,0,0.0,0.0,118.1,0.0,0
M01027,111.69999999999999,0.0,0,0.0,0.0,554.13,0.0,0,0.0,0.0,687.23,0.0,2
M01028,0.0,0.0,0,0.0,0.0,885.65,0.0,1,1.0,1.0,885.65,0.0,1
M01029,-750.49,-0.053571428571428575,0,0.0,0.0,492.3699999999999,-0.07142857142857142,0,0.5,0.0,1799.76,0.0,1
M01030,-123.45,0.0,0,0.0,0.0,486.23999999999995,0.0,0,0.0,0.0,486.23999999999995,0.0,1
M01031,-227.39999999999998,0.0,0,0.0,0.0,-86.68,0.0,1,0.0,0.0,149.74,0.0,2
M01032,449.7,0.0,0,0.0,0.0,-269.25,0.0,0,0.0,0.0,180.45,0.0,0
M01033,-38.610000000000014,0.0,1,0.5,0.0,-116.97999999999999,0.0,-2,0.5,0.0,0.0,0.0,2
M01034,314.70000000000005,0.0,0,0.0,0.0,644.6800000000001,0.1111111111111111,0,0.5,0.0,1115.96,0.1111111111111111,0
M01035,-89.05000000000001,0.0,0,0.0,0.0,96.23000000000002,0.5,0,0.5,0.0,495.73,0.5,0
M01036,-387.45000000000005,0.0,0,0.0,0.0,1576.2600000000002,0.07692307692307693,0,0.0,0.0,3220.84,0.07692307692307693,1
M01037,1135.54,0.08333333333333333,4,1.0,1.0,550.3100000000002,-0.08333333333333333,-1,0.5,0.0,1685.8500000000001,0.0,3
M01038,863.56,-0.1111111111111111,0,0.0,0.0,-1169.11,0.0,0,0.0,0.0,429.46000000000004,0.0,1
M01039,340.74,0.0,0,0.0,0.0,279.72999999999996,0.14285714285714285,0,0.0,0.0,638.15,0.14285714285714285,1
M01040,-547.73,-0.08373205741626794,4,0.5,0.5,192.96000000000004,0.02429149797570851,0,0.5,0.5,2494.53,0.07692307692307693,4
M01041,-554.74,0.0,1,0.5,0.0,163.24,-0.25,0,0.0,0.0,443.08000000000004,0.0,2
M01042,684.18,0.0,4,0.5,0.0,-631.9499999999999,0.0,-1,0.5,0.0,77.46000000000001,0.0,3
M01043,261.8399999999999,-0.1111111111111111,0,0.0,0.5,-492.92999999999995,0.0,-4,0.0,0.0,892.4,0.0,24
M01044,1278.04,-0.8571428571428572,0,0.0,0.0,-1029.74,0.023809523809523808,0,0.0,0.0,284.02000000000004,0.16666666666666666,0
M01045,0.0,0.0,0,0.0,0.0,2067.1800000000003,0.09523809523809523,3,1.0,1.0,2067.1800000000003,0.09523809523809523,3
M01046,-72.10999999999967,0.002597402597402595,-1,0.0,0.0,-561.9099999999999,0.005326876513317192,0,0.0,0.0,6808.52,0.03389830508474576,0
M01047,40.23,0.0,1,0.0,0.0,151.77,0.0,0,0.0,0.0,244.27,0.0,1
M01048,400.52,-0.08571428571428572,0,1.0,0.0,-360.32000000000016,0.08108108108108109,0,0.0,0.0,3669.48,0.08108108108108109,0
M01049,0.0,0.0,0,0.0,0.0,6.37,0.0,0,0.0,0.0,6.37,0.0,0
M01050,0.0,0.0,0,0.0,0.0,8150.2,0.0641025641025641,0,1.0,1.0,8150.2,0.0641025641025641,0
M01051,1074.1499999999999,0.07142857142857142,0,0.0,0.0,352.8100000000002,-0.07142857142857142,0,0.0,0.0,1558.16,0.0,1
M01052,-826.98,-0.022222222222222227,0,0.0,0.0,-531.74,-0.1111111111111111,0,0.0,0.0,382.78999999999996,0.0,0
M01053,-1019.2600000000001,1.0,-1,0.5,0.0,374.16,-1.0,0,0.0,0.0,399.49,0.0,2
M01054,3.269999999999982,-0.5,0,0.0,0.0,130.89,0.0,0,0.0,0.0,429.58,0.0,0
M01055,-616.83,0.0,0,0.0,0.0,-5.859999999999999,0.0,0,0.0,0.0,38.57,0.0,1
M01056,-64.14,0.0,0,0.0,0.0,241.28000000000003,0.0,-1,0.0,0.0,367.70000000000005,0.0,1
M01057,-1170.69,0.0,1,0.0,0.0,66.75,0.5,0,0.0,0.0,113.85,0.5,3
M01058,-323.79999999999995,0.0,0,0.0,0.0,143.36,0.1111111111111111,1,0.0,0.0,956.39,0.1111111111111111,3
M01059,-73.39,0.0,-2,0.5,0.0,0.0,0.0,0,0.0,0.0,0.0,0.0,3
M01060,1020.93,0.6666666666666666,0,0.0,0.0,-508.19999999999993,-0.5,0,0.0,0.0,594.12,0.16666666666666666,0
M01061,0.0,0.0,0,0.0,0.0,6411.36,0.1,2,1.0,1.0,6411.36,0.1,2
M01062,-105.48000000000002,0.0,0,0.0,0.0,675.75,0.06666666666666667,0,0.0,0.0,1624.18,0.06666666666666667,1
M01063,105.15000000000003,0.0,0,0.0,0.0,24.369999999999948,0.0,0,0.0,0.0,402.46,0.0,0
M01064,-4643.799999999999,0.002883720930232557,0,0.5,0.0,4237.57,0.013116279069767443,-1,0.5,0.0,13422.01,0.048,1
M01065,0.0,0.0,0,0.0,0.0,770.55,0.0,0,1.0,1.0,770.55,0.0,0
M01066,-34.75,0.25,0,0.0,0.0,-180.12,-0.5,0,0.0,0.0,267.65999999999997,0.0,1
M01067,150.29,0.0,0,0.0,0.0,-150.29,0.0,0,0.0,0.0,0.0,0.0,2
M01068,0.0,0.0,0,0.0,0.0,1067.24,0.2727272727272727,0,1.0,1.0,1067.24,0.2727272727272727,0
M01069,1391.87,0.022198731501057084,2,0.0,0.0,-40.590000000000146,-0.022198731501057084,0,0.0,0.0,5431.23,0.023255813953488372,2
M01070,0.0,0.0,0,0.0,0.0,1227.75,0.07692307692307693,2,1.0,1.0,1227.75,0.07692307692307693,2
M01071,66.69,0.0,0,0.5,0.0,-49.19,0.0,0,0.0,0.0,71.22,0.0,0
M01072,102.80999999999995,-0.050980392156862744,0,0.0,0.0,-1297.56,0.09999999999999999,1,0.5,0.0,881.14,0.16666666666666666,2
M01073,-63.52999999999997,0.14285714285714285,0,0.0,0.0,-601.57,-0.14285714285714285,1,0.0,0.0,223.12,0.0,2
M01074,488.71000000000004,0.08333333333333333,0,0.0,0.0,1068.48,-0.08333333333333333,1,0.0,0.0,1975.33,0.0,2
M01075,205.70000000000005,0.25,0,0.0,0.0,-65.29999999999995,-0.25,0,0.0,0.0,751.9000000000001,0.0,1
M01076,87.43,0.0,2,0.0,0.5,294.83,0.0,0,0.0,0.0,382.26,0.0,5
M01077,-12.649999999999864,0.0,0,0.0,0.0,-139.40000000000003,0.0,-1,0.0,0.0,493.55,0.0,1
M01078,370.32000000000005,0.0,0,0.0,0.0,-147.14,0.1,1,0.5,0.0,860.85,0.1,2
M01079,-110.86000000000001,-0.2,0,0.0,0.0,226.77000000000004,0.0,0,0.0,0.0,486.59000000000003,0.0,1
M01080,0.0,0.0,28,0.0,1.0,1892.93,0.05263157894736842,-2,1.0,0.0,1892.93,0.05263157894736842,26
M01081,0.0,0.0,0,0.0,0.0,700.21,0.0,1,1.0,1.0,700.21,0.0,1
M01082,-562.07,0.0,0,0.5,0.0,86.66999999999996,0.2,0,0.5,0.0,545.67,0.2,0
M01083,255.42000000000007,0.0,0,0.0,0.0,-603.3300000000002,0.16666666666666666,0,0.0,0.0,497.07,0.16666666666666666,0
M01084,353.89,0.0,28,0.0,0.5,-64.06,0.0,-3,0.0,0.5,289.83,0.0,27
M01085,-122.50999999999999,-0.14285714285714285,3,0.0,0.5,251.15999999999997,0.0,0,0.0,0.5,586.52,0.0,3
M01086,47.34,0.0,0,0.0,0.0,1719.73,0.2,1,0.0,0.0,1767.07,0.2,1
M01087,593.8000000000002,-0.08035714285714285,0,0.0,0.0,-750.9300000000001,-0.0625,0,0.0,0.0,984.21,0.0,1
M01088,880.9600000000002,0.125,0,0.0,0.0,-552.1200000000001,-0.04166666666666667,0,0.0,0.0,1066.51,0.08333333333333333,0
M01089,312.3899999999999,0.0,0,0.0,0.0,-484.26999999999987,0.125,0,0.0,0.0,566.09,0.125,0
M01090,117.77,0.0,1,0.0,0.0,-117.77,0.0,0,0.0,0.0,0.0,0.0,1
M01091,-138.89,0.0,0,0.0,0.0,159.82999999999998,0.0,0,0.0,0.0,185.42,0.0,2
M01092,160.46,0.0,0,0.0,0.0,-41.03,0.0,0,0.0,0.0,119.43,0.0,0
M01093,0.0,0.0,0,0.0,0.0,1033.26,0.08333333333333333,2,1.0,1.0,1033.26,0.08333333333333333,2
M01094,98.25,-0.3333333333333333,0,0.0,0.0,16.110000000000014,0.3333333333333333,0,0.5,0.0,312.23,0.3333333333333333,1
M01095,1524.6200000000001,0.0,2,1.0,1.0,2201.79,0.030303030303030304,-1,0.0,0.0,3726.41,0.030303030303030304,1
M01096,1589.04,0.08333333333333333,1,1.0,1.0,988.56,-0.03787878787878787,0,0.5,0.0,2577.6,0.045454545454545456,1
M01097,255.28,0.0,3,1.0,1.0,14.130000000000024,0.0,0,0.0,0.0,269.41,0.0,3
M01098,-404.1300000000001,0.09090909090909091,0,0.0,0.0,151.37000000000012,-0.007575757575757583,0,0.0,0.0,1227.38,0.08333333333333333,0
M01099,-501.83000000000004,-0.023809523809523808,0,0.0,0.0,-331.13,-0.14285714285714285,0,0.0,0.0,91.26,0.0,0
M01100,-58.68000000000001,0.0,-1,0.5,0.0,343.78,0.25,0,0.0,0.0,614.16,0.25,0
M01101,488.1300000000001,0.07142857142857142,0,0.5,0.0,-778.78,-0.14285714285714285,0,0.5,0.0,852.69,0.0,0
M01102,380.26,0.0,0,0.0,0.0,-295.79999999999995,0.0,0,0.0,0.0,466.62,0.0,2
M01103,98.99000000000001,0.0,0,0.5,0.0,108.57999999999998,0.0,0,0.5,0.0,398.82,0.0,1
M01104,37.52,0.0,0,0.0,0.0,7.269999999999996,0.0,0,0.0,0.0,44.79,0.0,3
M01105,0.0,0.0,0,1.0,1.0,430.28000000000003,0.3333333333333333,0,0.0,0.0,430.28000000000003,0.3333333333333333,0
M01106,-343.26,0.0,-1,0.0,0.5,318.42,0.0,-3,0.0,0.0,318.42,0.0,19
M01107,-91.48,0.0,0,0.0,0.0,0.0,0.0,0,0.0,0.0,0.0,0.0,1
M01108,-268.63,0.0,0,0.0,0.0,417.71000000000004,0.25,0,0.0,0.0,890.98,0.25,1
M01109,-889.5899999999999,0.0,0,0.0,0.0,513.6899999999999,0.0,1,0.0,0.0,547.92,0.0,1
M01110,-238.89000000000001,0.5,0,0.0,0.0,-68.6,-0.5,0,0.0,0.0,31.5,0.0,1
M01111,158.91000000000003,0.0,1,0.5,0.0,330.2199999999999,0.0,-1,0.5,0.0,734.31,0.0,0
M01112,0.0,0.0,0,0.0,0.0,12523.9,0.05128205128205128,1,1.0,1.0,12523.9,0.05128205128205128,1
M01113,0.0,0.0,0,0.0,0.0,704.17,0.0,0,1.0,1.0,704.17,0.0,0
M01114,-39.58,0.0,0,0.0,0.0,484.13,0.0,0,0.0,0.0,484.13,0.0,0
M01115,421.96,0.0,0,0.5,0.0,-503.63,0.0,0,0.5,0.0,0.0,0.0,1
M01116,0.0,0.0,0,0.0,0.0,1260.08,0.0,0,1.0,1.0,1260.08,0.0,0
M01117,-267.74,0.0,0,0.0,0.0,1339.63,0.0,0,0.0,0.0,1564.9,0.0,1
M01118,-70.65999999999985,0.18181818181818182,0,0.0,0.0,-161.26999999999998,-0.18181818181818182,-1,0.5,0.0,947.9000000000001,0.0,1
M01119,708.2700000000002,0.0,1,0.0,0.0,-581.3700000000001,0.05263157894736842,0,0.0,0.0,1838.2,0.05263157894736842,3
M01120,-0.2799999999999727,-0.2,0,0.5,0.0,325.22,0.2,-2,0.5,0.0,593.46,0.2,0
M01121,667.44,0.0,0,0.0,0.0,-732.71,0.0,0,0.0,0.0,0.0,0.0,1
M01122,2698.7400000000002,-0.09090909090909091,0,0.0,0.0,-1799.0200000000004,0.03571428571428571,0,0.0,0.0,3223.96,0.03571428571428571,0
M01123,0.0,0.0,0,0.0,0.0,0.0,0.0,1,0.0,0.0,0.0,0.0,1
M01124,767.98,0.0,0,0.5,0.0,-849.97,0.0,0,0.5,0.0,216.23000000000002,0.0,0
M01125,209.66999999999996,0.0,0,0.5,0.0,826.64,0.0,0,0.0,0.0,1705.26,0.0,1
M01126,-1957.6599999999999,-0.01690251572327044,0,0.0,0.0,-174.05000000000018,0.04039115646258504,0,0.5,0.0,4710.37,0.061224489795918366,0
M01127,0.0,0.0,0,0.5,0.0,0.0,0.0,0,0.5,0.0,0.0,0.0,0
M01128,377.57,0.0,0,0.0,0.0,-210.41,0.0,-1,0.0,0.0,167.16,0.0,1
M01129,0.0,0.0,0,0.0,0.0,204.07,0.0,1,1.0,1.0,204.07,0.0,1
M01130,0.0,0.0,-1,0.0,0.0,21.86,0.0,1,0.5,0.0,21.86,0.0,1
M01131,-364.61,-0.5,1,0.5,0.0,-233.39999999999992,0.0,0,0.0,0.0,305.89000000000004,0.0,2
M01132,-69.99999999999977,0.0,0,0.0,0.0,2161.3999999999996,0.10526315789473684,0,0.0,0.0,3362.2799999999997,0.10526315789473684,0
M01133,-2012.91,-0.06366459627329192,0,0.0,0.0,358.03,-0.043478260869565216,0,0.0,0.0,1933.79,0.0,1
M01134,-115.24000000000001,0.0,0,0.0,0.0,-164.81,0.0,0,0.0,0.0,0.0,0.0,1
M01135,355.46000000000004,0.4166666666666667,0,0.0,0.0,124.23000000000002,0.20833333333333331,0,0.0,0.0,1580.4,0.625,2
M01136,422.20000000000005,0.0,21,0.0,0.5,151.43999999999994,0.16666666666666666,-2,0.0,0.5,736.86,0.16666666666666666,19
M01137,1304.8600000000001,0.0,0,0.0,0.0,-1058.63,0.0,0,0.0,0.0,1031.98,0.0,0
M01138,0.0,0.0,0,0.0,0.0,4640.72,0.05454545454545454,1,1.0,1.0,4640.72,0.05454545454545454,1
M01139,271.1,-0.08333333333333334,-1,0.5,0.0,359.72999999999996,0.0,0,0.0,0.0,802.04,0.16666666666666666,1
M01140,1158.6999999999998,0.05555555555555555,0,0.0,0.0,-1019.8299999999999,-0.00555555555555555,0,0.0,0.0,1546.3899999999999,0.05,1
M01141,-153.48,0.0,0,0.0,0.0,50.72,0.0,-1,0.0,0.0,50.72,0.0,1
M01142,-35.60000000000002,0.1,0,0.0,0.0,688.8799999999999,0.06666666666666665,2,0.5,0.0,1535.35,0.16666666666666666,2
M01143,3286.86,-0.17058823529411765,0,0.0,0.0,-2576.1400000000003,0.11344537815126049,1,0.0,0.0,1114.57,0.14285714285714285,1
M01144,-714.25,0.0,0,0.0,0.0,-45.169999999999845,0.16666666666666666,-1,0.0,0.0,1153.95,0.16666666666666666,2
M01145,-77.24000000000001,0.0,0,0.0,0.0,193.40999999999997,0.0,0,0.0,0.0,311.03,0.0,0
M01146,132.66000000000003,0.0,0,0.0,0.0,3.839999999999975,0.0,0,0.0,0.0,284.01,0.0,0
M01147,686.0100000000001,0.1,1,0.0,0.0,-767.71,-0.1,0,0.0,0.0,601.49,0.0,2
M01148,122.34999999999997,0.0,0,0.0,0.0,744.3600000000001,0.0,1,0.0,0.0,1246.66,0.0,1
M01149,-867.03,0.0,-1,0.5,0.0,-243.51000000000005,0.0,0,0.0,0.0,442.2,0.0,1
M01150,-56.09999999999991,0.3782051282051282,-3,0.5,0.0,1057.0100000000002,0.22849462365591394,0,0.0,0.0,3494.34,0.6451612903225806,0
M01151,0.0,0.0,1,1.0,1.0,198.36,0.0,-1,0.5,0.0,198.36,0.0,0
M01152,69.03999999999999,0.0,0,0.0,0.0,200.26000000000002,0.0,0,0.0,0.0,362.68,0.0,0
M01153,0.0,0.0,0,0.0,0.0,0.0,0.0,2,1.0,1.0,0.0,0.0,2
M01154,-739.2400000000001,0.04040404040404039,-1,0.0,0.5,434.4899999999999,-0.2222222222222222,-3,0.0,0.0,1213.6599999999999,0.0,24
M01155,1053.17,0.0,29,1.0,1.0,303.29999999999995,0.0,-2,0.0,0.5,1356.47,0.0,27
M01156,-4979.560000000001,0.02208013640238704,-1,0.0,0.0,8122.16,-0.010980103168754606,0,0.0,0.0,32678.329999999998,0.05423728813559322,0
M01157,-1215.7399999999998,-0.07692307692307693,17,0.0,0.5,1001.35,0.0,-1,0.0,0.5,1897.77,0.0,16
M01158,-159.44000000000005,0.0,0,0.0,0.0,469.94000000000005,0.0,0,0.0,0.0,845.99,0.0,0
M01159,986.12,0.0,0,1.0,1.0,-84.33000000000004,0.0,0,0.0,0.0,901.79,0.0,0
M01160,261.09999999999997,0.0,0,0.0,0.0,-384.53999999999996,0.0,0,0.0,0.0,0.0,0.0,0
M01161,0.0,0.0,0,0.0,0.0,1302.61,0.0,0,1.0,1.0,1302.61,0.0,0
M01162,514.2199999999999,-0.05555555555555555,0,0.0,0.0,-182.33999999999992,-0.1111111111111111,1,0.5,0.0,746.5,0.0,2
M01163,-152.4,0.0,1,0.0,0.0,0.0,0.0,-1,0.0,0.0,0.0,0.0,2
M01164,146.51999999999998,-0.25,0,0.0,0.0,-256.02000000000004,0.0,1,0.0,0.0,471.44,0.0,2
M01165,181.61,0.125,-1,0.0,0.5,-440.08000000000004,0.04166666666666666,-2,0.0,0.0,466.87,0.16666666666666666,26
M01166,-2374.03,-0.017857142857142856,0,0.0,0.0,2013.19,0.023255813953488372,1,0.0,0.0,5410.47,0.023255813953488372,2
M01167,-77.05000000000001,0.0,0,0.0,0.0,-273.76,0.0,0,0.0,0.0,110.07,0.0,1
M01168,0.0,0.0,3,1.0,0.0,525.23,0.16666666666666666,1,0.5,0.0,525.23,0.16666666666666666,7
M01169,-315.73,-0.2,0,0.0,0.0,70.13999999999999,0.25,-1,0.0,0.0,447.77,0.25,0
M01170,132.75999999999993,0.0,0,0.5,0.0,-511.38,0.0,-1,0.5,0.0,126.66,0.0,0
M01171,-843.63,0.0,28,0.0,0.5,961.63,0.1,-2,0.0,0.5,1138.01,0.1,27
M01172,-185.16,0.0,0,0.0,0.0,-42.620000000000005,0.0,1,0.0,0.0,119.22,0.0,2
M01173,-914.1400000000001,0.0,0,0.0,0.0,391.62000000000006,0.0,0,0.0,0.0,584.6600000000001,0.0,3
M01174,152.46999999999997,0.0,0,0.0,0.0,-205.74,0.0,0,0.0,0.0,46.989999999999995,0.0,0
M01175,672.0699999999999,0.0,0,0.0,0.0,103.25,0.0,1,1.0,0.0,775.3199999999999,0.0,2
M01176,1044.5100000000002,0.1,-1,0.0,0.0,-1028.71,-0.02857142857142858,0,0.5,0.0,936.96,0.07142857142857142,0
M01177,570.28,0.0,0,1.0,1.0,-204.30999999999995,0.0,0,0.5,0.0,365.97,0.0,0
M01178,-106.49000000000001,0.2,0,0.0,0.0,-328.46,-0.2,0,0.0,0.0,52.83,0.0,0
M01179,342.3800000000001,0.0,14,0.0,0.5,326.22,0.0,0,0.0,0.5,1486.68,0.0,15
M01180,113.30000000000007,-0.3333333333333333,1,0.5,0.0,-167.2600000000001,0.0,0,0.5,0.0,467.27,0.0,2
M01181,-2626.42,-0.0690277094605673,0,0.0,0.0,1076.6800000000003,-0.0014502094747019002,0,0.0,0.0,11625.04,0.017241379310344827,2
M01182,-468.53,-0.08333333333333333,0,0.0,0.0,31.629999999999995,0.0,0,0.5,0.0,352.88,0.0,0
M01183,405.47,-0.5714285714285714,0,0.0,0.0,-203.55,-0.09523809523809523,0,0.0,0.0,316.32,0.3333333333333333,0
M01184,-27.79,0.0,0,0.0,0.0,53.410000000000004,0.0,0,0.0,0.0,97.65,0.0,0
M01185,98.10000000000001,0.0,24,0.0,0.5,162.49999999999997,0.0,-3,0.0,0.5,326.96,0.0,21
M01186,102.78999999999999,0.0,0,0.0,0.0,49.69999999999999,0.0,0,0.0,0.0,212.95,0.0,1
M01187,7.689999999999941,-0.1,0,0.0,0.0,92.97000000000003,0.1,0,0.0,0.0,997.21,0.1,0
M01188,102.31,0.0,0,0.0,0.0,109.51000000000002,0.0,0,0.0,0.0,211.82000000000002,0.0,2
M01189,-31.13,0.0,0,0.0,0.0,91.28,0.0,-1,0.0,0.0,91.28,0.0,2
M01190,327.41999999999985,0.058823529411764705,0,0.0,0.0,1164.75,-0.02036199095022624,0,0.5,0.0,3145.16,0.038461538461538464,2
M01191,-280.63999999999993,0.0,0,0.0,0.0,-159.69,0.0,0,0.0,0.0,90.61,0.0,1
M01192,-1203.59,0.0,0,0.0,0.0,1000.56,0.0,0,0.5,0.0,1810.1,0.0,3
M01193,273.90000000000003,0.0,0,0.0,0.0,-213.12,0.0,1,0.0,0.0,91.29,0.0,1
M01194,359.92999999999995,0.0,1,0.0,0.0,-614.1899999999999,0.25,-1,0.0,0.0,302.61,0.25,1
M01195,-43.44,-0.5,0,0.0,0.0,377.06,0.0,0,0.0,0.0,448.2,0.0,2
M01196,-115.63999999999999,0.16666666666666666,13,0.0,0.5,-187.33000000000004,-0.16666666666666666,-2,0.0,0.5,430.16999999999996,0.0,12
M01197,377.78000000000003,0.0,46,0.0,0.6666666666666666,-350.93,0.0,-28,0.0,0.6666666666666666,26.85,0.0,19
M01198,104.41000000000076,0.008950948800572858,-1,0.0,0.5,1672.8999999999996,-0.021788341822297677,-3,0.0,0.0,7114.13,0.04838709677419355,25
M01199,-100.61,0.0,0,0.5,0.0,86.69000000000001,1.0,0,0.5,0.0,131.86,1.0,0
M01200,23.939999999999827,-0.07142857142857142,18,0.0,0.5,441.1600000000001,0.08333333333333333,-2,0.0,0.5,1655.98,0.08333333333333333,16
M01201,99.20000000000005,0.0,-1,0.5,0.0,336.51,0.0,1,0.0,0.0,2342.75,0.0,2
M01202,691.97,0.4,3,1.0,1.0,-96.76999999999998,-0.4,0,0.0,0.0,595.2,0.0,3
M01203,-803.89,-0.125,0,0.0,0.0,442.71000000000004,0.0,0,0.0,0.0,599.19,0.0,1
M01204,2973.8899999999994,0.0625,0,0.5,0.0,149.38000000000102,-0.041223404255319146,-1,0.5,0.0,6072.2300000000005,0.02127659574468085,1
M01205,0.0,0.0,0,0.0,0.0,28661.87,0.034220532319391636,0,1.0,1.0,28661.87,0.034220532319391636,0
M01206,-164.65,0.0,0,0.0,0.0,-190.45,0.0,0,0.0,0.0,50.77,0.0,1
M01207,0.0,0.0,0,0.0,0.0,1737.8899999999999,0.0625,2,1.0,1.0,1737.8899999999999,0.0625,2
M01208,43.47,-1.0,-1,0.0,0.0,-98.99,0.5,1,0.0,0.0,80.42,0.5,3
M01209,54.08,0.0,0,0.0,0.0,-54.08,0.0,0,0.0,0.0,0.0,0.0,0
M01210,696.25,-0.037500000000000006,0,0.5,0.5,-713.3299999999999,-0.0625,-1,0.0,0.0,779.1800000000001,0.0,15
M01211,-1733.4399999999998,0.0,0,0.0,0.0,686.06,0.16666666666666666,0,0.0,0.0,920.75,0.16666666666666666,1
M01212,0.0,0.0,1,0.0,0.5,126.56,0.0,-1,0.0,0.0,126.56,0.0,15
M01213,203.43999999999994,-0.2,0,0.0,0.0,-318.71999999999997,0.3333333333333333,0,0.0,0.0,248.05,0.3333333333333333,0
M01214,1824.5900000000001,0.0,0,0.0,0.0,-1674.9,0.0,0,0.0,0.0,242.44,0.0,0
M01215,10.25,0.5,1,0.0,0.0,187.83999999999997,-1.0,0,0.0,0.0,271.46999999999997,0.0,3
M01216,-106.64999999999998,0.0,0,0.0,0.0,-57.31,0.0,0,0.0,0.0,0.0,0.0,1
M01217,133.5,-0.1,0,0.0,0.0,186.13,0.0,0,0.0,0.0,1201.24,0.0,2
M01218,-1699.0800000000004,-0.04051724137931034,1,0.0,0.0,1302.4100000000003,-0.0067049808429118785,0,0.0,0.0,3498.84,0.027777777777777776,1
M01219,652.8799999999999,0.0,1,0.0,0.0,-304.54999999999995,0.0,0,0.5,0.0,1088.06,0.0,2
M01220,-367.06999999999994,0.02857142857142858,0,0.0,0.0,2427.36,-0.1,0,0.0,0.0,3519.55,0.0,1
M01221,342.83,0.0,0,0.0,0.0,-158.61999999999998,0.0,0,0.0,0.0,184.21,0.0,0
M01222,-111.79999999999995,0.0,0,0.0,0.0,-188.38,0.0,0,0.0,0.0,182.86,0.0,2
M01223,1231.14,0.3,1,1.0,1.0,467.9999999999998,-0.175,0,0.5,0.0,1699.1399999999999,0.125,1
M01224,94.44,1.0,0,0.0,0.0,43.97,-1.0,0,0.0,0.0,138.41,0.0,1
M01225,260.68,0.3333333333333333,0,1.0,1.0,1717.76,-0.3333333333333333,1,0.5,0.0,1978.44,0.0,1
M01226,-538.8699999999999,-0.15384615384615385,0,0.0,0.0,269.03999999999996,0.0,0,0.0,0.0,868.24,0.0,0
M01227,-705.62,-0.14285714285714285,0,0.5,0.0,383.81000000000006,0.25,0,0.5,0.0,716.94,0.25,2
M01228,493.76,0.1111111111111111,0,0.0,0.0,-434.1600000000001,-0.1111111111111111,0,0.0,0.0,704.5799999999999,0.0,1
M01229,13.009999999999991,0.2,1,0.0,0.0,214.78000000000003,-0.033333333333333354,0,0.0,0.0,600.69,0.16666666666666666,1
M01230,0.0,0.0,0,0.0,0.0,949.64,0.1,0,1.0,1.0,949.64,0.1,0
M01231,-305.41,0.0,-1,0.0,0.0,-238.61,0.0,-1,0.0,0.0,107.2,0.0,1
M01232,-313.3800000000001,0.0,2,0.5,0.0,-200.51999999999992,0.0,-2,0.5,0.0,498.8,0.0,0
M01233,319.6300000000001,-0.004329004329004321,0,0.0,0.0,187.9000000000001,-0.09090909090909091,0,0.0,0.0,2798.94,0.0,1
M01234,0.0,0.0,0,0.0,0.0,4506.53,0.043478260869565216,2,1.0,1.0,4506.53,0.043478260869565216,2
M01235,-156.17000000000002,0.25,0,0.5,0.0,-301.62,0.75,0,0.0,0.0,115.83,1.0,0
M01236,-309.69000000000005,0.6666666666666667,0,0.0,0.0,709.5,-1.0,-1,0.5,0.0,721.52,0.0,1
M01237,269.27,0.0,0,0.0,0.0,-179.68,0.0,1,0.0,0.0,114.44,0.0,1
M01238,0.0,0.0,1,0.0,0.0,1033.94,0.0,-1,1.0,0.0,1033.94,0.0,15
M01239,703.75,0.125,0,0.0,0.0,-333.35,-0.125,0,0.0,0.0,381.99,0.0,1
M01240,-140.83000000000015,0.0625,0,0.5,0.0,344.44000000000005,0.042763157894736836,0,0.0,0.0,1950.56,0.10526315789473684,0
M01241,1810.67,-0.00694801852804941,0,0.0,0.0,1858.409999999999,-0.0031094527363184077,0,0.0,0.0,8878.039999999999,0.041666666666666664,0
M01242,69.23999999999995,0.3333333333333333,0,0.0,0.0,-285.28,-0.3333333333333333,0,0.0,0.0,0.0,0.0,1
M01243,-1604.7100000000003,0.04166666666666666,1,0.5,0.0,-28.96999999999997,-0.16666666666666666,-2,0.5,0.0,368.87,0.0,0
M01244,10.180000000000064,0.0,0,0.0,0.0,16.799999999999955,0.14285714285714285,0,0.0,0.0,677.25,0.14285714285714285,0
M01245,240.78999999999996,0.0,0,0.0,0.0,-447.92999999999995,0.0,0,0.0,0.0,0.0,0.0,3
M01246,-7.409999999999997,0.0,0,0.0,0.0,152.29999999999998,0.0,0,0.0,0.0,218.17,0.0,0
M01247,476.72999999999996,-0.19047619047619047,-1,0.5,0.0,78.55000000000007,-0.14285714285714285,0,0.5,0.0,700.84,0.0,0
M01248,397.8800000000001,0.002300834052343971,0,0.0,0.0,2343.8199999999997,0.03953914637339617,1,0.0,0.0,8392.97,0.07462686567164178,1
M01249,382.34999999999997,0.1111111111111111,0,0.0,0.0,234.08000000000015,0.013888888888888895,-1,0.0,0.0,1074.6100000000001,0.125,0
M01250,148.95000000000005,0.0,1,0.5,0.0,-174.13000000000002,0.0,-1,0.5,0.0,116.59,0.0,2
M01251,86.53,0.0,0,0.0,0.0,-121.74000000000001,0.0,-1,0.5,0.0,147.94,0.0,0
M01252,0.0,0.0,0,0.0,0.0,230.6,0.0,0,0.0,0.0,230.6,0.0,2
M01253,-610.9200000000001,0.0,-1,0.0,0.0,490.62,0.0,0,0.0,0.0,581.39,0.0,3
M01254,2584.71,0.05,0,0.0,0.0,-2408.3199999999997,-0.05,2,0.0,0.0,715.13,0.0,2
M01255,-466.9699999999999,0.0,0,0.0,0.0,-206.52,0.0,0,0.0,0.0,38.31,0.0,1
M01256,0.0,0.0,0,0.0,0.0,0.0,0.0,0,0.0,0.0,0.0,0.0,2
M01257,-139.77999999999997,-0.1111111111111111,0,0.0,0.0,420.78999999999996,0.0,0,0.0,0.0,1014.26,0.0,1
M01258,386.12,0.0,0,0.0,0.0,-83.70000000000005,0.0,0,0.0,0.0,302.41999999999996,0.0,0
M01259,310.84,0.0,2,1.0,1.0,774.6200000000001,0.16666666666666666,0,0.0,0.0,1085.46,0.16666666666666666,2
M01260,102.82000000000001,0.0,0,0.5,0.0,-102.82000000000001,0.0,1,0.0,0.0,0.0,0.0,2
M01261,341.5799999999999,0.0,0,0.0,0.0,94.15000000000009,0.0,0,0.0,0.0,1093.97,0.0,0
M01262,-403.05,-0.2,0,0.0,0.0,-25.099999999999994,0.0,0,0.0,0.0,101.09,0.0,0
M01263,0.0,0.0,0,0.0,0.0,5261.32,0.10416666666666667,0,1.0,1.0,5261.32,0.10416666666666667,0
M01264,1599.99,0.0,0,0.0,0.0,-654.6999999999998,0.0,1,0.0,0.0,1247.3600000000001,0.0,3
M01265,55.160000000000025,0.10714285714285715,0,0.0,0.0,-218.15000000000003,-0.25,1,0.0,0.0,327.57,0.0,2
M01266,189.24,0.0,-1,0.0,0.0,-83.13000000000001,0.0,0,0.0,0.0,106.11,0.0,1
M01267,0.0,0.0,0,0.0,0.0,2219.08,0.0,1,1.0,1.0,2219.08,0.0,1
M01268,409.17999999999995,0.0,1,1.0,1.0,14.960000000000036,0.16666666666666666,0,0.0,0.0,424.14,0.16666666666666666,1
M01269,52.33000000000001,0.0,0,0.0,0.0,-54.19,0.0,0,0.0,0.0,187.29000000000002,0.0,0
M01270,1846.6000000000004,0.02795031055900621,0,0.0,0.0,-2371.3400000000006,-0.003246753246753248,0,0.0,0.0,3628.47,0.06818181818181818,1
M01271,658.4799999999999,0.125,0,0.0,0.0,-634.9799999999998,-0.125,1,0.0,0.0,916.4000000000001,0.0,2
M01272,179.07,0.0,1,1.0,1.0,224.35000000000002,0.0,0,0.0,0.0,403.42,0.0,1
M01273,-346.92999999999995,-0.5,0,0.0,0.0,177.55,0.0,0,0.0,0.0,177.55,0.0,0
M01274,0.0,0.0,0,0.0,0.0,1454.68,0.0,4,1.0,1.0,1454.68,0.0,4
M01275,0.0,0.0,29,1.0,1.0,1163.76,0.0,-1,0.0,0.5,1163.76,0.0,28
M01276,259.90999999999997,0.25,1,0.0,0.0,315.73,-0.1388888888888889,-1,0.0,0.0,693.75,0.1111111111111111,2
M01277,0.0,0.0,0,0.0,0.0,86.56,0.0,1,1.0,1.0,86.56,0.0,1
M01278,142.94,0.0,0,0.0,0.0,-129.22,0.0,0,0.0,0.0,209.72,0.0,1
M01279,233.34,0.0,0,0.0,0.0,-52.120000000000005,0.2,0,0.0,0.0,436.38,0.2,1
M01280,-196.91000000000003,0.0,-1,0.5,0.0,-125.57999999999998,0.0,0,0.0,0.0,223.76999999999998,0.0,1
M01281,185.26000000000002,0.25,0,0.0,0.0,113.44999999999999,-0.25,0,0.0,0.0,463.42,0.0,0
M01282,-15.150000000000034,-0.2,0,0.0,0.0,-223.47999999999996,0.0,0,0.0,0.0,116.54,0.0,0
M01283,3671.3999999999996,0.033575317604355726,7,0.0,0.5,-5661.889999999999,-0.08620689655172414,-2,0.0,0.5,255.14,0.0,5
M01284,51.879999999999995,0.0,0,0.0,0.0,119.88999999999999,0.0,0,0.0,0.0,171.76999999999998,0.0,1
M01285,198.86,0.0,0,0.0,0.0,-198.86,0.0,0,0.0,0.0,0.0,0.0,0
M01286,0.0,0.0,0,0.0,0.0,155.13,0.5,2,1.0,1.0,155.13,0.5,2
M01287,61.029999999999994,0.0,0,0.0,0.0,67.69000000000001,0.0,0,0.0,0.0,176.71,0.0,1
M01288,0.0,0.0,0,0.5,0.0,164.05,0.0,0,0.5,0.0,164.05,0.0,0
M01289,-61.450000000000045,-0.04736842105263159,27,0.0,0.5,255.01,-0.05263157894736842,-2,0.0,0.5,1447.08,0.0,26
M01290,-133.6199999999999,0.0,0,0.0,0.0,-50.39999999999998,0.0,0,0.0,0.0,670.8100000000001,0.0,3
M01291,0.0,0.0,0,0.0,0.0,6338.77,0.034482758620689655,2,1.0,1.0,6338.77,0.034482758620689655,2
M01292,152.89000000000033,-0.034482758620689655,0,0.0,0.0,-612.5700000000002,0.07142857142857142,0,0.0,0.0,3192.15,0.07142857142857142,0
M01293,213.12,0.0,0,0.0,0.0,446.63,0.0,0,0.0,0.0,659.75,0.0,1
M01294,738.8399999999999,0.3333333333333333,5,0.0,0.5,-795.04,0.6666666666666667,0,0.5,0.5,49.62,1.0,6
M01295,-1176.3400000000001,0.0711111111111111,0,0.0,0.0,882.6100000000001,-0.1111111111111111,0,0.0,0.0,2967.64,0.0,2
M01296,817.4599999999999,0.0,1,1.0,1.0,976.8500000000003,0.0,1,0.5,0.0,1794.3100000000002,0.0,2
M01297,428.71000000000004,0.0,-1,0.5,0.0,579.3,0.1,0,0.0,0.0,1585.99,0.1,0
M01298,0.0,0.0,0,0.0,0.0,6448.14,0.03225806451612903,2,1.0,1.0,6448.14,0.03225806451612903,2
M01299,437.9200000000001,-0.2,0,0.0,0.0,-540.2800000000001,0.08333333333333333,0,0.0,0.0,856.58,0.08333333333333333,0
M01300,312.4599999999999,0.0,0,0.0,0.0,-103.35000000000002,0.0,0,0.0,0.0,794.04,0.0,1
M01301,3168.8999999999996,-0.0032679738562091526,0,0.0,0.0,-2908.9999999999995,0.09444444444444444,0,0.0,0.0,2296.32,0.15,1
M01302,86.97000000000003,0.1333333333333333,-1,0.0,0.0,782.8900000000001,-0.3333333333333333,0,0.0,0.0,1253.8200000000002,0.0,1
M01303,405.36,0.0,1,0.0,0.0,622.53,0.0,0,0.0,0.0,1324.27,0.0,2
M01304,-513.9599999999999,0.0,0,0.5,0.0,379.29,0.0,0,0.0,0.0,440.11,0.0,0
M01305,296.73000000000013,0.0,5,0.5,0.5,-35.63000000000011,-0.013888888888888895,-2,0.5,0.5,1079.76,0.1111111111111111,4
M01306,-277.89,0.0,0,0.0,0.0,-182.79,0.0,0,0.5,0.0,62.44,0.0,3
M01307,-67.84000000000002,0.0,0,0.0,0.0,-93.14999999999999,0.0,0,0.0,0.0,0.0,0.0,0
M01308,-541.8900000000001,-0.18181818181818182,0,0.0,0.0,649.3000000000002,0.0,0,0.0,0.0,1870.44,0.0,0
M01309,50.74999999999997,0.0,1,0.0,0.0,-267.77,0.0,0,0.0,0.0,0.0,0.0,1
M01310,0.0,0.0,0,0.0,0.0,483.65999999999997,0.0,0,0.0,0.0,483.65999999999997,0.0,2
M01311,370.88,0.0,2,1.0,1.0,6490.47,0.03571428571428571,0,0.0,0.0,6861.35,0.03571428571428571,2
M01312,3457.5200000000004,0.0,4,0.0,0.5,-3842.9800000000005,0.0,-1,0.5,0.5,477.46,0.0,4
M01313,-82.13999999999999,0.16666666666666666,0,0.0,0.0,-547.41,-0.16666666666666666,-1,1.0,0.0,0.0,0.0,1
M01314,0.0,0.0,0,0.0,0.0,0.0,0.0,0,0.0,0.0,0.0,0.0,0
M01315,253.63,0.0,-1,0.5,0.0,466.6399999999999,0.0,0,0.0,0.0,1281.37,0.0,0
M01316,667.14,-0.06837606837606836,21,0.0,0.5,-115.13000000000011,-0.15384615384615385,-3,0.0,0.5,1382.6299999999999,0.0,19
M01317,858.2,0.0,1,1.0,1.0,690.77,0.0625,0,0.5,0.0,1548.97,0.0625,1
M01318,-418.0399999999999,0.0,2,0.5,0.0,1175.67,0.0,0,0.5,0.0,1407.71,0.0,2
M01319,-173.61999999999995,0.0,-1,0.0,0.0,-23.99000000000001,0.0,0,0.5,0.0,201.93,0.0,1
M01320,0.0,0.0,17,0.0,1.0,1356.3400000000001,0.14285714285714285,-2,1.0,0.0,1356.3400000000001,0.14285714285714285,15
M01321,105.24,1.0,0,0.5,0.0,9.61,-1.0,0,0.0,0.0,114.85,0.0,1
M01322,-420.15999999999997,0.0,1,0.5,0.0,-65.60000000000002,0.0,0,0.0,0.0,135.26,0.0,1
M01323,506.78000000000003,0.0,0,1.0,1.0,2262.2299999999996,0.1,0,0.0,0.0,2769.0099999999998,0.1,0
M01324,-65.42000000000007,-0.1590909090909091,-1,0.0,0.0,-468.59000000000003,-0.09090909090909091,0,0.0,0.0,608.66,0.0,1
M01325,1101.1699999999998,0.14285714285714285,27,0.0,0.5,-217.26999999999998,-0.14285714285714285,-1,0.5,0.5,1384.35,0.0,28
M01326,-66.33,0.0,0,0.0,0.0,0.0,0.0,0,0.0,0.0,0.0,0.0,0
M01327,115.14,0.0,2,1.0,1.0,27.790000000000006,0.5,1,0.5,0.0,142.93,0.5,3
M01328,-58.94,0.0,0,0.0,0.0,509.54,0.0,2,0.5,0.0,599.73,0.0,4
M01329,89.43,0.0,0,0.0,0.0,-516.25,0.0,0,0.0,0.0,0.0,0.0,0
M01330,-1115.2399999999998,0.5,0,0.0,0.0,694.0699999999999,-0.25,0,0.0,0.0,931.49,0.25,1
M01331,66.10999999999999,0.0,0,0.0,0.0,169.31,0.0,1,0.0,0.0,299.13,0.0,2
M01332,564.23,0.03641456582633053,0,0.0,0.0,-638.9399999999998,-0.09523809523809523,0,0.5,0.0,1886.41,0.0,0
M01333,11.589999999999996,0.0,5,0.5,0.5,6.5,0.0,0,0.5,0.5,74.36,0.0,5
M01334,795.5,-0.015151515151515152,3,0.5,0.5,245.52999999999975,-0.030303030303030304,-2,0.5,0.5,3380.62,0.0,3
M01335,-303.81999999999994,0.0,-1,0.5,0.0,301.05999999999995,0.0,0,0.0,0.0,1116.33,0.0,1
M01336,-65.45,0.0,1,0.0,0.0,128.95,0.0,0,0.0,0.0,256.81,0.0,2
M01337,9198.19,0.06666666666666667,0,1.0,1.0,-2006.0700000000006,-0.018473895582329314,0,0.0,0.0,7192.12,0.04819277108433735,0
M01338,-1418.4299999999998,0.0,0,0.0,0.0,-200.44,0.0,0,0.0,0.0,294.95,0.0,0
M01339,1169.51,0.0,4,0.5,0.5,-301.1299999999999,0.1,-1,0.5,0.5,1374.21,0.1,4
M01340,1161.1000000000001,0.0,6,0.5,0.5,-1279.3500000000001,0.0,-1,0.0,0.5,44.02,0.0,7
M01341,751.9300000000001,0.14285714285714285,2,1.0,1.0,1502.3300000000002,-0.10439560439560439,0,0.0,0.0,2254.26,0.038461538461538464,2
M01342,455.18,0.0,0,0.0,0.0,1177.8999999999999,0.0,0,0.0,0.0,1633.08,0.0,3
M01343,-142.55,0.0,0,0.0,0.0,217.50000000000003,0.0,0,0.0,0.0,296.35,0.0,1
M01344,40.160000000000025,-0.5,0,0.0,0.0,720.12,0.0,-1,0.0,0.0,1198.23,0.0,1
M01345,-195.30000000000007,0.25,0,0.0,0.0,275.4,-0.1388888888888889,0,0.0,0.0,758.52,0.1111111111111111,0
M01346,-411.35,0.024999999999999994,12,0.0,0.5,161.49000000000012,-0.125,-2,0.0,0.5,1058.8700000000001,0.0,10
M01347,50.77999999999997,0.0,0,0.0,0.0,647.48,0.1,0,0.0,0.0,1270.22,0.1,1
M01348,258.63,0.0,5,1.0,1.0,1926.5700000000002,0.0,0,0.0,0.0,2185.2000000000003,0.0,5
M01349,208.36,0.5,1,1.0,1.0,-154.38,-0.5,0,0.5,0.0,53.980000000000004,0.0,1
M01350,-174.28,-0.3333333333333333,0,0.0,0.0,32.83,0.0,0,0.0,0.0,32.83,0.0,0
M01351,196.54000000000002,0.0,0,0.0,0.0,-149.04000000000002,0.0,0,0.0,0.0,125.7,0.0,0
M01352,293.1,-0.16666666666666666,0,0.0,0.0,-94.43000000000006,0.0,1,0.0,0.0,825.8,0.0,1
M01353,-314.75,0.0,0,0.0,0.0,-35.52000000000001,0.0,0,0.0,0.0,137.32,0.0,2
M01354,134.61,0.3333333333333333,25,1.0,1.0,646.0500000000001,-0.3333333333333333,0,0.0,0.5,780.6600000000001,0.0,25
M01355,-589.95,-0.16666666666666666,0,0.0,0.0,1812.41,0.1111111111111111,0,0.0,0.0,1927.2,0.1111111111111111,0
M01356,-16.24000000000001,-0.14285714285714285,0,0.0,0.0,147.41999999999996,0.0,0,0.0,0.0,705.8,0.0,0
M01357,170.16999999999996,0.0,-1,0.5,0.0,-437.03000000000003,0.0,0,0.0,0.0,256.33,0.0,0
M01358,-465.07,0.0,0,0.5,0.0,795.1999999999999,0.0,-1,0.5,0.0,894.3699999999999,0.0,0
M01359,0.0,0.0,0,0.0,0.0,1455.23,0.05,2,1.0,1.0,1455.23,0.05,2
M01360,-212.96000000000004,0.0,0,0.0,0.0,-164.78999999999996,0.0,0,0.0,0.0,230.24,0.0,2
M01361,48.889999999999986,0.0,-1,0.0,0.0,92.32999999999998,0.5,0,0.0,0.0,544.91,0.5,0
M01362,627.6599999999999,0.047619047619047616,0,0.0,0.0,-1532.71,0.07738095238095238,0,0.0,0.0,1280.48,0.125,3
M01363,-613.38,-0.09090909090909091,24,0.0,0.5,966.42,0.125,-1,0.0,0.5,1636.05,0.125,23
M01364,0.0,0.0,0,0.0,0.0,754.0799999999999,0.0,0,1.0,1.0,754.0799999999999,0.0,0
M01365,147.79,0.0,0,0.0,0.0,-249.22999999999996,0.0,-1,0.0,0.0,106.29,0.0,2
M01366,2814.65,0.1,3,1.0,1.0,1202.54,-0.07727272727272727,0,0.5,0.5,4017.19,0.022727272727272728,3
M01367,-721.0200000000001,0.0,1,0.0,0.0,-214.99,0.0,0,0.0,0.0,136.12,0.0,1
M01368,0.0,0.0,0,0.0,0.0,2214.98,0.0,0,1.0,1.0,2214.98,0.0,0
M01369,-50.83999999999992,-0.1,0,0.0,0.0,-1644.65,0.0,0,0.0,0.0,20.1,0.0,0
M01370,909.3699999999999,0.0,1,0.0,0.0,-114.86999999999989,0.0,0,0.0,0.0,1365.44,0.0,1
M01371,-271.93,-0.14285714285714285,1,0.0,0.0,-119.26000000000005,0.0,0,0.0,0.0,257.78,0.0,1
M01372,142.27,0.0,1,0.5,0.0,-20.689999999999998,0.0,0,0.5,0.0,166.06,0.0,1
M01373,159.0,0.5,0,0.0,0.0,181.83999999999997,-0.5,0,0.0,0.0,340.84,0.0,0
M01374,-27.330000000000155,0.38461538461538464,-1,0.0,0.0,120.87000000000012,0.24038461538461536,0,0.0,0.0,1207.21,0.625,1
M01375,-1565.35,-0.038461538461538464,0,0.0,0.0,437.03999999999996,0.0,0,0.0,0.0,2572.35,0.0,0
M01376,66.34,0.0,3,1.0,1.0,147.01,0.0,0,0.0,0.0,213.35,0.0,3
M01377,-585.1600000000003,-0.014297729184188396,0,0.0,0.0,793.69,-0.008841732979664015,2,0.5,0.0,4043.91,0.02564102564102564,2
M01378,242.21999999999997,-0.5,0,0.0,0.0,-414.63,0.0,1,0.0,0.0,0.0,0.0,1
M01379,755.6500000000001,-0.0625,17,0.0,0.5,-495.68000000000006,0.0,-2,0.0,0.5,1613.18,0.0,16
M01380,36.670000000000016,0.0,0,0.0,0.0,-109.77000000000004,0.0,0,0.0,0.0,289.53999999999996,0.0,1
M01381,16.81000000000003,0.0,1,0.5,0.0,-178.32000000000002,0.0,-2,0.5,0.0,0.0,0.0,3
M01382,194.62,0.0,0,0.0,0.0,445.08000000000004,0.0,0,0.0,0.0,639.7,0.0,0
M01383,-57.51999999999998,0.0,3,0.0,0.5,3.7200000000000273,0.0,0,0.0,0.0,345.08000000000004,0.0,6
M01384,795.42,0.1111111111111111,-1,0.5,0.0,-314.77,-0.1111111111111111,0,0.0,0.0,637.29,0.0,1
M01385,223.12000000000012,-0.2,0,0.0,0.0,3.199999999999932,0.0,0,0.0,0.0,782.88,0.0,1
M01386,-315.15999999999997,0.0,1,0.0,0.0,149.59,0.0,0,0.5,0.0,373.36,0.0,1
M01387,3160.27,0.0,1,1.0,1.0,-1592.79,0.0,-1,0.0,0.0,1567.48,0.0,0
M01388,541.3199999999999,0.14285714285714285,1,1.0,1.0,1042.0000000000002,-0.14285714285714285,1,0.0,0.0,1583.3200000000002,0.0,2
M01389,-106.09000000000003,-0.2857142857142857,0,0.0,0.0,573.9700000000001,0.08333333333333333,0,0.5,0.0,1246.41,0.08333333333333333,1
M01390,3856.16,0.00939009661835749,0,0.0,0.0,1303.7400000000016,-0.01899375515494285,0,0.0,0.0,24315.77,0.03414634146341464,0
M01391,-1386.3999999999999,0.0,1,0.5,0.0,791.5,0.0,0,0.0,0.0,1359.47,0.0,1
M01392,-282.41,0.0,0,0.5,0.0,65.1,0.0,1,0.5,0.0,108.24,0.0,2
M01393,514.5800000000002,0.1,0,0.0,0.0,-328.68000000000006,0.042857142857142844,0,0.0,0.0,962.22,0.14285714285714285,1
M01394,-470.1500000000001,0.0,0,0.5,0.0,172.36,0.0,-1,0.5,0.0,830.89,0.0,0
M01395,-56.95000000000002,0.0,0,0.0,0.0,1334.91,0.0,0,0.0,0.0,1539.38,0.0,2
M01396,243.20000000000002,0.3333333333333333,0,1.0,1.0,308.8299999999999,-0.1333333333333333,0,0.5,0.0,552.03,0.2,0
M01397,774.2799999999997,-0.07142857142857142,0,0.0,0.0,-1201.2199999999998,0.043478260869565216,0,0.0,0.0,2186.98,0.043478260869565216,1
M01398,2684.6200000000003,0.06896551724137931,0,0.0,0.0,-407.0800000000004,-0.0022988505747126436,0,0.0,0.0,2334.72,0.06666666666666667,0
M01399,287.2,0.0,0,0.0,0.0,-323.51,0.0,0,0.0,0.0,290.16999999999996,0.0,1
M01400,-335.33000000000004,0.0,0,0.0,0.0,325.2,0.0,1,0.0,0.0,360.83,0.0,4
M01401,75.55999999999995,-0.125,0,0.0,0.0,-225.22000000000003,0.0,0,0.0,0.0,1280.79,0.0,0
M01402,323.94,0.0,0,0.0,0.0,-575.7,0.0,0,0.0,0.0,131.42000000000002,0.0,0
M01403,-416.9599999999998,0.004166666666666666,1,0.0,0.0,-803.7800000000001,-0.06666666666666667,0,0.0,0.0,1015.38,0.0,3
M01404,563.1200000000001,0.0,27,0.5,0.5,-610.8400000000001,0.0,0,0.5,0.5,654.8299999999999,0.0,27
M01405,-1154.4099999999999,-0.012957854897684265,1,0.0,0.0,-1602.83,0.0157735225237636,0,0.0,0.0,12329.44,0.040983606557377046,3
M01406,-2759.5600000000004,0.020222446916076844,18,0.0,0.5,151.61000000000013,0.06366459627329192,2,0.5,0.5,2652.69,0.10714285714285714,21
M01407,-40.75,0.0,0,0.0,0.0,100.69,0.0,0,0.0,0.0,133.25,0.0,2
M01408,40.64999999999998,0.0,1,0.0,0.0,292.8800000000001,0.0,-1,1.0,0.0,894.8000000000001,0.0,0
M01409,134.97,0.0,1,1.0,1.0,-134.97,0.0,0,0.0,0.0,0.0,0.0,1
M01410,186.05,0.0,0,1.0,1.0,-186.05,0.0,0,0.0,0.0,0.0,0.0,0
M01411,-747.02,-0.125,0,0.0,0.0,-347.46000000000004,0.0,0,0.0,0.0,0.0,0.0,1
M01412,295.87,0.0,0,0.0,0.0,42.14999999999998,0.5,0,0.0,0.0,376.99,0.5,0
M01413,0.0,0.0,8,0.0,1.0,9559.09,0.06315789473684211,1,1.0,0.0,9559.09,0.06315789473684211,9
M01414,675.8999999999999,0.0,0,0.0,0.0,-385.27,0.0,0,0.0,0.0,1558.02,0.0,3
M01415,807.14,0.0,1,0.0,0.0,-221.58000000000004,0.0,0,0.0,0.0,585.56,0.0,3
M01416,154.95000000000005,0.2,0,0.0,0.0,-149.64999999999998,-0.2,0,0.0,0.0,338.59000000000003,0.0,0
M01417,-40.679999999999836,0.030252100840336135,0,0.5,0.0,-429.9500000000003,0.02941176470588236,0,0.0,0.0,2976.5299999999997,0.08823529411764706,0
M01418,-433.53999999999996,0.0,0,0.0,0.0,1159.17,0.02488479262672811,0,0.0,0.0,4041.23,0.05714285714285714,0
M01419,197.21999999999997,0.0,0,0.0,0.0,-210.06,0.0,0,0.0,0.0,42.36,0.0,0
M01420,240.12,0.0,-3,1.0,0.0,-265.94,0.0,1,0.0,0.0,24.48,0.0,2
M01421,418.76,0.0,0,0.5,0.0,0.18999999999999773,0.0,0,0.5,0.0,418.95,0.0,1
M01422,697.4699999999999,0.0,-1,0.0,0.0,-29.659999999999854,0.0,0,0.0,0.0,1336.19,0.0,2
M01423,855.39,0.125,5,0.0,0.5,-898.17,-0.125,0,0.0,0.5,73.12,0.0,5
M01424,-42.90000000000009,0.0,0,0.0,0.0,171.55000000000007,0.0,0,0.0,0.0,729.75,0.0,1
M01425,931.1999999999998,-0.04444444444444444,0,0.0,0.0,-1089.1399999999994,0.03547008547008547,0,0.0,0.0,4894.77,0.057692307692307696,1
M01426,710.3299999999999,0.0,4,0.0,0.5,-710.3299999999999,0.0,0,0.0,0.5,0.0,0.0,4
M01427,612.9199999999998,0.0,0,0.0,0.0,-820.9699999999999,0.0,0,0.0,0.0,0.0,0.0,0
M01428,65.17,1.0,0,0.0,0.0,-46.68000000000001,-1.0,0,0.0,0.0,108.07,0.0,0
M01429,-101.89,0.0,0,0.0,0.0,47.959999999999994,0.0,0,0.0,0.0,66.63,0.0,0
M01430,12.180000000000007,0.0,-1,0.0,0.0,-61.92999999999995,0.0,0,0.0,0.0,271.54,0.0,0
M01431,205.26,0.0,0,0.0,0.0,89.66000000000003,0.0,1,0.5,0.0,294.92,0.0,4
M01432,-514.1,-0.3333333333333333,-1,0.5,0.0,902.45,0.0,0,0.5,0.0,1147.46,0.0,1
M01433,-55.49000000000001,0.0,0,0.0,0.0,326.49,0.0,0,0.0,0.0,843.75,0.0,2
M01434,381.33000000000004,0.0,0,0.0,0.0,-327.40000000000003,0.0,0,0.5,0.0,392.95,0.0,1
M01435,53.9,0.0,1,1.0,1.0,1060.48,0.0,0,0.5,0.0,1114.38,0.0,1
M01436,347.34000000000003,0.0,1,0.0,0.0,-190.70000000000005,0.0,1,0.5,0.0,156.64,0.0,2
M01437,201.11,0.0,0,0.5,0.0,-646.75,0.0,0,0.0,0.0,0.0,0.0,0
M01438,0.0,0.0,0,0.0,0.0,410.83,0.0,1,1.0,1.0,410.83,0.0,1
M01439,1299.1499999999999,0.0,0,0.0,0.0,-1145.46,0.2,0,0.0,0.0,617.13,0.2,1
M01440,0.0,0.0,0,1.0,1.0,139.92000000000002,0.0,0,0.0,0.0,139.92000000000002,0.0,0
M01441,-639.73,-0.14285714285714285,1,0.0,0.0,71.03,0.0,0,0.0,0.0,234.78,0.0,1
M01442,239.76999999999998,0.0,-1,0.5,0.0,-314.0,0.0,0,0.0,0.0,0.0,0.0,0
M01443,22.440000000000055,0.0,0,0.0,0.0,-78.71000000000004,0.0,0,0.0,0.0,387.38,0.0,0
M01444,134.74,-1.0,0,0.0,0.0,-171.64000000000001,0.0,0,0.0,0.0,0.0,0.0,1
M01445,113.41999999999996,0.0,0,0.0,0.0,-408.3599999999999,0.0,1,0.0,0.0,149.59,0.0,1
M01446,-463.49,0.0,0,0.0,0.0,708.39,0.2,-1,0.0,0.0,773.74,0.2,0
M01447,70.02999999999997,0.0,-1,0.0,0.0,-305.91999999999996,0.0,0,0.0,0.0,536.76,0.0,2
M01448,269.36,0.0,0,0.0,0.0,-269.36,0.0,1,0.0,0.0,0.0,0.0,2
M01449,-441.5,0.0,0,0.0,0.0,1162.75,0.06666666666666667,0,0.0,0.0,1247.96,0.06666666666666667,0
M01450,423.9699999999998,-0.0625,0,0.0,0.0,-1123.1999999999996,0.08333333333333333,1,0.5,0.0,1131.0800000000002,0.08333333333333333,2
M01451,88.53,0.0,0,0.5,0.0,85.77999999999997,0.0,0,0.0,0.0,416.7,0.0,0
M01452,272.40999999999997,0.0,1,0.0,0.0,1992.1100000000004,0.06666666666666667,-1,0.0,0.0,2338.6800000000003,0.06666666666666667,3
M01453,-185.67,0.0,0,0.0,0.0,0.0,0.0,0,0.0,0.0,0.0,0.0,0
M01454,-220.42,-0.5,14,0.5,0.5,-15.299999999999997,0.0,0,0.5,0.5,101.86,0.0,14
M01455,-322.11,0.024999999999999994,0,0.5,0.0,-9.790000000000077,-0.024999999999999994,0,0.0,0.0,777.54,0.1,3
M01456,0.0,0.0,0,0.0,0.0,5198.33,0.02,1,1.0,1.0,5198.33,0.02,1
M01457,-599.22,0.0,0,0.0,0.0,-31.67,0.0,0,0.0,0.0,0.0,0.0,1
M01458,-6867.15,-0.036153615361536155,0,0.0,0.0,83.40999999999985,-0.020373191165270373,0,0.0,0.0,11044.6,0.019230769230769232,1
M01459,-81.90000000000009,0.09722222222222221,0,0.0,0.0,65.81000000000006,-0.1111111111111111,0,0.0,0.0,964.48,0.1111111111111111,2
M01460,501.85999999999996,0.0,0,0.0,0.0,-460.44999999999993,0.0,-1,0.0,0.0,118.36,0.0,0
M01461,3706.66,0.0,0,1.0,1.0,-1556.2599999999998,0.041666666666666664,0,0.5,0.0,2150.4,0.041666666666666664,0
M01462,113.94,0.0,2,0.5,0.0,-357.57,0.0,-1,0.5,0.0,0.0,0.0,1
M01463,1479.27,0.08333333333333333,1,0.0,0.0,-771.29,-0.08333333333333333,1,0.0,0.0,736.99,0.0,2
M01464,-111.56,0.0,0,0.0,0.0,291.22,0.0,0,0.0,0.0,291.22,0.0,2
M01465,0.0,0.0,2,1.0,1.0,251.62,0.0,-1,0.5,0.0,251.62,0.0,1
M01466,308.0799999999999,-0.08333333333333333,3,0.0,0.5,-248.2299999999998,0.07142857142857142,-1,0.0,0.5,1132.6100000000001,0.07142857142857142,3
M01467,-759.7,0.0,-1,0.0,0.5,0.6999999999999886,0.0,-3,0.0,0.0,95.0,0.0,19
M01468,2669.33,-0.008522727272727272,0,0.0,0.0,-609.0799999999999,0.03977272727272727,0,0.0,0.0,4816.96,0.0625,0
M01469,177.69,0.0,0,0.5,0.0,-177.69,0.0,-1,0.5,0.0,0.0,0.0,0
M01470,23.189999999999998,-1.0,6,0.5,0.5,-54.11,0.0,0,0.5,0.5,0.0,0.0,6
M01471,496.05,0.0,-1,0.0,0.0,-457.34000000000003,0.0,0,0.0,0.0,180.66,0.0,0
M01472,-1064.08,-0.013918376975701821,0,0.0,0.5,-2168.24,0.0037792894935752067,-2,0.0,0.0,14024.36,0.04081632653061224,26
M01473,0.0,0.0,0,0.0,0.0,3818.88,0.0,0,1.0,1.0,3818.88,0.0,0
M01474,-302.40999999999985,0.0,-1,0.0,0.5,-509.58000000000004,0.14285714285714285,0,0.0,0.0,635.88,0.14285714285714285,15
M01475,31.309999999999945,-0.1,6,0.5,0.5,-182.79999999999995,0.0,0,0.5,0.5,754.88,0.0,6
M01476,239.99,0.0,0,0.0,0.0,15.78000000000003,0.0,0,0.0,0.0,293.34000000000003,0.0,1
M01477,-135.08000000000175,0.0779114270092947,1,0.5,0.0,375.52000000000044,-0.014169491525423725,0,0.0,0.0,13437.57,0.096,2
M01478,443.9900000000001,0.0,0,0.0,0.0,-135.66000000000008,0.08333333333333333,1,0.0,0.0,881.41,0.08333333333333333,1
M01479,-59.629999999999995,0.0,0,0.5,0.0,152.46000000000004,0.18181818181818182,0,0.5,0.0,1046.2,0.18181818181818182,1
M01480,171.90999999999985,-0.01336898395721925,1,0.5,0.0,-671.6599999999999,-0.045454545454545456,0,0.5,0.0,1421.71,0.0,2
M01481,-1235.5,0.0,-2,0.5,0.0,183.86,0.0,0,0.0,0.0,334.48,0.0,1
M01482,161.09,0.0,0,0.0,0.0,-132.25,0.0,-1,0.0,0.0,28.84,0.0,1
M01483,0.0,0.0,0,1.0,1.0,1347.82,0.0,0,0.0,0.0,1347.82,0.0,0
M01484,-103.66000000000008,0.0,27,0.0,0.5,587.6000000000001,0.17647058823529413,-2,0.0,0.5,1790.6200000000001,0.17647058823529413,27
M01485,-136.86,0.0,1,0.0,0.0,98.16999999999996,0.0,0,0.0,0.0,276.03999999999996,0.0,3
M01486,257.00000000000006,0.0,-2,0.0,0.0,484.31000000000006,0.16666666666666666,0,0.0,0.0,1078.9,0.16666666666666666,2
M01487,-327.29999999999995,0.5,0,0.0,0.0,-222.23000000000002,-0.5,0,0.0,0.0,99.89,0.0,1
M01488,-0.46999999999999886,0.0,0,0.0,0.0,100.96,0.0,0,0.0,0.0,219.48,0.0,0
M01489,0.0,0.0,0,0.0,0.0,790.21,0.6,2,1.0,1.0,790.21,0.6,2
M01490,401.9499999999998,0.011904761904761904,-1,0.5,0.0,188.86000000000013,-0.08333333333333333,0,0.0,0.0,1483.99,0.0,1
M01491,0.0,0.0,0,0.0,0.0,0.0,0.0,1,0.5,0.0,0.0,0.0,3
M01492,729.8699999999999,0.08296296296296296,-1,0.5,0.0,-402.5499999999997,-0.12,-1,0.0,0.0,3315.25,0.0,1
M01493,453.23000000000013,0.0,0,0.0,0.0,-643.1800000000001,0.16666666666666666,0,0.0,0.0,406.2,0.16666666666666666,0
M01494,-158.73000000000002,0.25,24,0.5,0.5,363.66999999999996,-0.25,-2,0.5,0.5,720.79,0.0,23
M01495,860.49,0.0,10,1.0,1.0,384.4100000000001,0.07142857142857142,-1,0.0,0.5,1244.9,0.07142857142857142,9
M01496,-82.87,0.0,0,0.0,0.0,57.99,0.0,3,0.0,0.5,57.99,0.0,4
M01497,337.11,0.0,-1,0.0,0.0,-409.65,0.0,0,0.0,0.0,0.0,0.0,0
M01498,-241.22000000000003,0.0,0,0.0,0.0,1106.65,0.16666666666666666,0,0.0,0.0,1637.0,0.16666666666666666,0
M01499,-201.60000000000002,0.0,0,0.0,0.0,195.35000000000002,0.0,0,0.0,0.0,217.8,0.0,1
M01500,139.60999999999996,0.0,0,0.0,0.0,647.2700000000001,0.0,0,0.0,0.0,1124.72,0.0,2
M01501,-84.25,0.0,1,0.0,0.0,24.250000000000007,0.0,0,0.0,0.0,83.76,0.0,1
M01502,-110.55999999999995,0.0,35,0.5,0.6666666666666666,588.4699999999999,0.0,-17,0.5,0.6666666666666666,1210.54,0.0,18
M01503,-414.53,-0.25,0,0.0,0.0,1315.07,0.08333333333333333,0,0.0,0.0,1620.81,0.08333333333333333,5
M01504,-295.24,0.0,0,0.0,0.0,-70.75,0.0,0,0.0,0.0,0.0,0.0,1
M01505,21.04000000000002,0.0,0,0.0,0.0,903.2700000000001,0.0,0,0.0,0.0,1132.88,0.0,2
M01506,0.0,0.0,0,0.0,0.0,405.97999999999996,0.0,1,1.0,1.0,405.97999999999996,0.0,1
M01507,0.0,0.0,0,0.0,0.0,75.12,0.0,0,0.0,0.0,75.12,0.0,0
M01508,13.530000000000001,0.5,0,0.0,0.0,252.35999999999999,-0.16666666666666669,-1,0.0,0.0,401.9,0.3333333333333333,0
M01509,927.6100000000006,-0.04060538944259874,0,0.0,0.0,-1383.3900000000012,-0.006759689922480619,0,0.0,0.0,14705.14,0.032,1
M01510,-6.180000000000064,0.0,0,0.0,0.0,-55.879999999999995,0.0,0,0.0,0.0,848.31,0.0,0
M01511,598.66,0.0,2,1.0,1.0,6306.82,0.05,0,0.0,0.0,6905.48,0.05,2
M01512,-114.39999999999998,-0.09090909090909091,0,0.0,0.0,-300.24,0.2857142857142857,0,0.0,0.0,511.53999999999996,0.2857142857142857,0
M01513,458.47,0.0,2,0.5,0.0,-563.6800000000001,0.0,-1,0.5,0.0,562.3299999999999,0.0,1
M01514,522.6800000000001,0.23529411764705882,0,0.0,0.0,304.73,-0.23529411764705882,1,0.0,0.0,2012.22,0.0,1
M01515,-53.01999999999998,0.0,0,0.0,0.0,359.98999999999995,0.2,0,0.0,0.0,642.78,0.2,1
M01516,245.93999999999994,0.0,0,0.0,0.0,402.3800000000001,0.1111111111111111,0,0.0,0.0,1440.42,0.1111111111111111,1
M01517,104.5300000000002,0.030595813204508854,0,0.0,0.0,537.48,0.06878306878306878,0,0.0,0.0,3105.92,0.14285714285714285,0
M01518,-148.26000000000022,0.0,0,0.0,0.0,526.0700000000002,0.0,0,0.0,0.0,2329.67,0.0,1
M01519,1245.2499999999998,-0.026785714285714288,0,0.0,0.0,-42.85999999999967,0.09331797235023041,0,0.5,0.0,2904.82,0.12903225806451613,0
M01520,-2695.7500000000005,-0.10526315789473684,14,0.0,0.5,-41.07000000000002,0.0,0,0.0,0.5,176.63,0.0,15
M01521,2519.95,-0.018427518427518427,0,0.0,0.0,-3367.5099999999993,0.016451233842538188,0,0.0,0.0,1890.18,0.043478260869565216,0
M01522,262.70000000000005,0.0,1,0.0,0.5,-356.64,0.0,-1,0.0,0.0,131.33,0.0,15
M01523,1699.04,-0.007417582417582412,0,0.0,0.0,-1823.2700000000004,0.0811188811188811,0,0.0,0.0,5767.73,0.12727272727272726,0
M01524,812.8400000000001,0.0,-1,0.0,0.5,-344.6100000000001,0.0,0,0.0,0.0,1011.81,0.0,15
M01525,73.42999999999998,0.0,0,0.0,0.0,540.59,0.0,6,0.0,1.0,666.51,0.0,6
M01526,0.0,0.0,0,0.0,0.0,80.85,0.0,1,1.0,1.0,80.85,0.0,1
M01527,82.70999999999998,0.0,0,0.0,0.0,-174.89999999999998,0.0,0,0.0,0.0,0.0,0.0,1
M01528,189.91,0.3333333333333333,0,0.0,0.0,73.41,-0.3333333333333333,0,0.0,0.0,263.32,0.0,2
M01529,470.46000000000004,0.0,0,0.0,0.0,-456.79,0.0,0,0.0,0.0,299.3,0.0,1
M01530,0.0,0.0,-1,0.5,0.0,178.51,0.0,1,0.0,0.0,178.51,0.0,2
M01531,-56.16999999999962,0.039999999999999994,0,0.5,0.0,335.39999999999964,0.0,-1,0.0,0.0,3444.68,0.12,1
M01532,0.0,0.0,0,0.0,0.0,702.79,0.1111111111111111,2,1.0,1.0,702.79,0.1111111111111111,2
M01533,0.0,0.0,21,0.0,1.0,1613.8999999999999,0.1111111111111111,-1,1.0,0.0,1613.8999999999999,0.1111111111111111,20
M01534,66.47,0.0,0,0.0,0.0,-66.47,0.0,0,0.0,0.0,0.0,0.0,0
M01535,295.02,-0.3333333333333333,0,0.0,0.0,-82.29999999999995,0.25,0,0.0,0.0,711.1,0.25,1
M01536,0.0,0.0,0,0.0,0.0,163.93,0.0,1,0.0,0.0,163.93,0.0,1
M01537,237.29999999999973,0.05119825708061003,0,0.0,0.0,-1542.92,-0.04061624649859945,0,0.0,0.0,2444.43,0.047619047619047616,0
M01538,22.240000000000002,0.0,0,0.5,0.0,-31.730000000000004,0.0,-1,0.5,0.0,31.08,0.0,0
M01539,226.41000000000003,0.0,0,0.0,0.0,-99.49000000000002,1.0,0,0.0,0.0,126.92,1.0,3
M01540,760.9500000000003,0.014423076923076927,0,0.0,0.0,42.210000000000036,0.05351170568561872,0,0.0,0.0,2932.7200000000003,0.13043478260869565,0
M01541,219.83000000000004,0.0,-1,0.0,0.0,507.94000000000005,0.0,0,0.0,0.0,1285.69,0.0,2
M01542,315.87000000000006,0.16666666666666666,0,0.0,0.0,19.5,-0.04166666666666666,0,0.0,0.0,717.44,0.125,0
M01543,0.0,0.0,0,0.0,0.0,2218.95,0.0,2,1.0,1.0,2218.95,0.0,2
M01544,203.9999999999999,0.0,0,0.0,0.0,794.5300000000001,0.07142857142857142,0,0.0,0.0,1759.96,0.07142857142857142,0
M01545,-1.7900000000000205,0.0,0,0.0,0.0,-11.539999999999964,0.0,0,0.0,0.0,486.11,0.0,1
M01546,0.0,0.0,1,0.0,0.5,0.0,0.0,-1,0.0,0.0,0.0,0.0,11
M01547,-1147.82,0.26666666666666666,0,0.0,0.0,902.22,-0.3333333333333333,0,0.0,0.0,1406.9,0.0,3
M01548,49.59999999999991,0.1111111111111111,0,0.0,0.0,-307.52,-0.1111111111111111,0,0.0,0.0,844.96,0.0,0
M01549,-26.65000000000009,0.014880952380952384,0,0.0,0.0,274.55999999999995,0.11397058823529413,0,0.0,0.0,1730.84,0.17647058823529413,2
M01550,-784.8000000000001,0.0,0,0.0,0.0,0.0,0.0,0,0.0,0.0,0.0,0.0,1
M01551,-843.4999999999999,-0.25,24,0.0,0.5,194.9,0.5,-5,0.0,0.5,317.23,0.5,21
M01552,661.1500000000001,0.0,0,0.0,0.0,1065.1899999999998,0.06666666666666667,-1,0.0,0.0,1837.6,0.06666666666666667,0
M01553,182.42000000000002,0.3333333333333333,6,0.0,0.5,294.40999999999997,-0.3333333333333333,1,0.0,0.5,669.25,0.0,7
M01554,-180.91,0.0,0,0.5,0.0,27.01,0.0,0,0.5,0.0,27.01,0.0,0
M01555,50.379999999999995,-0.2857142857142857,0,0.0,0.0,118.87,0.0,0,0.0,0.0,810.52,0.0,1
M01556,0.0,0.0,0,0.0,0.0,5210.17,0.045454545454545456,2,1.0,1.0,5210.17,0.045454545454545456,2
M01557,42.02999999999997,0.0,-1,0.5,0.0,557.4100000000001,0.0,0,0.0,0.0,1008.62,0.0,1
M01558,1223.2299999999998,-0.16666666666666666,0,0.0,0.0,-222.68999999999983,0.125,-1,0.0,0.0,1794.99,0.125,0
M01559,-584.44,0.0,2,0.5,0.0,821.96,0.09090909090909091,0,0.5,0.0,989.35,0.09090909090909091,2
M01560,556.57,0.0,2,1.0,1.0,731.14,0.0,-1,0.5,0.0,1287.71,0.0,1
M01561,0.0,0.0,0,1.0,1.0,1811.2199999999998,0.0625,0,0.0,0.0,1811.2199999999998,0.0625,0
M01562,-848.52,0.004629629629629629,0,0.0,0.0,-326.3099999999995,0.005952380952380952,0,0.5,0.0,2396.4300000000003,0.047619047619047616,1
M01563,90.66,0.0,0,0.0,0.0,-15.709999999999994,0.0,0,0.0,0.0,74.95,0.0,0
M01564,0.0,0.0,0,0.0,0.0,3797.92,0.6216216216216216,0,1.0,1.0,3797.92,0.6216216216216216,0
M01565,-116.43,0.0,16,0.0,0.5,42.19,0.0,-2,0.0,0.5,42.19,0.0,16
M01566,0.0,0.0,0,0.0,0.0,702.3,0.0,2,1.0,1.0,702.3,0.0,2
M01567,0.0,0.0,0,0.0,0.0,7678.84,0.03278688524590164,2,1.0,1.0,7678.84,0.03278688524590164,2
M01568,162.03000000000003,0.0,-1,0.0,0.0,-205.07000000000002,0.0,0,0.0,0.0,29.51,0.0,0
M01569,453.21999999999997,0.0,0,1.0,1.0,474.28000000000003,0.16666666666666666,0,0.5,0.0,927.5,0.16666666666666666,0
M01570,-3352.7199999999993,-0.0013368983957219235,0,0.0,0.0,1476.08,0.0018593644354293407,0,0.0,0.0,8818.51,0.04597701149425287,1
M01571,-621.02,0.0,24,0.0,0.5,-442.99,0.0,-4,0.0,0.5,1001.0899999999999,0.0,20
M01572,124.84,0.0,1,0.0,0.0,377.06,0.0,0,0.0,0.0,565.74,0.0,2
M01573,235.33,0.0,0,0.0,0.0,68.77999999999997,0.0,0,0.0,0.0,345.57,0.0,1
M01574,61.5,0.0,0,0.5,0.0,-386.63,0.0,-1,0.5,0.0,102.87,0.0,0
M01575,3191.31,0.02631578947368421,0,0.0,0.0,-1510.1099999999997,-0.02631578947368421,2,0.5,0.0,2162.86,0.0,4
M01576,36.92,0.0,0,0.0,0.0,72.31,0.0,1,0.5,0.0,109.23,0.0,2
M01577,-155.48000000000002,0.0,0,0.0,0.0,31.0,1.0,-1,0.0,0.0,70.44,1.0,0
M01578,-83.88000000000011,-0.16666666666666666,1,0.0,0.5,1106.8400000000001,0.0,0,0.0,0.0,1685.63,0.0,3
M01579,0.0,0.0,0,0.0,0.0,0.0,0.0,1,0.5,0.0,0.0,0.0,2
M01580,158.35000000000002,0.25,0,0.0,0.0,34.49000000000001,-0.25,0,0.5,0.0,318.09000000000003,0.0,1
M01581,-473.27,0.0,1,0.0,0.0,-42.75999999999999,0.0,0,0.0,0.0,142.11,0.0,4
M01582,287.99,0.0,0,0.0,0.0,-428.76000000000005,0.25,-1,0.5,0.0,377.09,0.25,0
M01583,0.0,0.0,0,0.0,0.0,193.01,0.0,0,0.0,0.0,193.01,0.0,0
M01584,1339.29,0.0,2,1.0,1.0,-108.25999999999999,0.0,1,0.5,0.0,1231.03,0.0,3
M01585,307.96000000000004,0.0,0,0.0,0.0,-635.21,0.0,0,0.0,0.0,195.02999999999997,0.0,1
M01586,40.86,0.0,1,1.0,1.0,227.91999999999996,0.0,0,0.0,0.0,268.78,0.0,1
M01587,-1024.67,0.011434511434511435,-1,0.0,0.0,2405.27,0.002354788069073778,0,0.0,0.0,4994.75,0.04081632653061224,1
M01588,0.0,0.0,0,0.0,0.0,2302.31,0.08695652173913043,4,1.0,1.0,2302.31,0.08695652173913043,4
M01589,97.9,0.0,-1,1.0,0.0,306.77,0.3333333333333333,-3,0.0,0.0,404.66999999999996,0.3333333333333333,24
M01590,-929.54,0.015345268542199489,0,0.5,0.0,-1034.9699999999998,-0.029411764705882353,-2,0.5,0.0,4030.9,0.029411764705882353,1
M01591,-70.61000000000001,0.0,1,0.0,0.0,78.69000000000005,0.0,0,0.0,0.0,477.48,0.0,3
M01592,0.0,0.0,0,0.0,0.0,1675.27,0.0,1,1.0,1.0,1675.27,0.0,1
M01593,-62.44999999999999,0.0,1,0.0,0.0,66.49000000000001,0.0,0,0.0,0.0,365.6,0.0,2
M01594,433.2299999999999,0.0,0,0.0,0.0,-834.4699999999999,0.16666666666666666,1,0.5,0.0,416.11,0.16666666666666666,3
M01595,-115.12,0.0,25,0.0,0.5,87.32999999999998,0.0,0,0.0,0.5,320.25,0.0,25
M01596,518.52,0.0,1,1.0,1.0,-424.01,0.0,0,0.0,0.0,94.51,0.0,1
M01597,-238.74999999999997,-0.16666666666666666,1,0.5,0.0,-33.04999999999998,0.5,0,0.5,0.0,170.24,0.5,1
M01598,138.23,0.0,0,0.0,0.0,70.37,0.0,0,0.5,0.0,386.38,0.0,0
M01599,2169.75,0.08333333333333333,0,1.0,1.0,-114.13000000000011,-0.08333333333333333,1,0.0,0.0,2055.62,0.0,1
M01600,-25.38,0.0,0,0.5,0.0,206.48,0.0,0,0.0,0.0,206.48,0.0,1
M01601,354.1100000000001,0.0,0,0.0,0.0,-1189.14,0.0,0,0.0,0.0,0.0,0.0,0
M01602,-268.8700000000001,0.07500000000000001,1,0.0,0.0,-184.48999999999995,-0.2,0,0.0,0.0,342.8,0.0,2
M01603,-429.7099999999999,0.0,0,0.0,0.0,787.63,0.0,0,0.0,0.0,914.5,0.0,0
M01604,0.0,0.0,0,0.0,0.0,4255.83,0.061224489795918366,1,1.0,1.0,4255.83,0.061224489795918366,1
M01605,341.32000000000005,0.0,0,0.0,0.0,-341.32000000000005,0.0,0,0.0,0.0,0.0,0.0,1
M01606,-410.71000000000004,0.0,0,0.0,0.0,1320.46,0.1,0,0.5,0.0,1642.35,0.1,0
M01607,-605.94,0.0,0,0.0,0.0,170.66,0.0,0,0.0,0.0,170.66,0.0,0
M01608,474.46,0.0,1,0.0,0.0,-391.99,0.0,1,0.0,0.0,210.01999999999998,0.0,2
M01609,307.18,0.0,0,0.0,0.0,-319.57,0.0,0,0.0,0.0,0.0,0.0,0
M01610,161.39,0.0,1,0.5,0.0,-284.60999999999996,0.0,-1,0.5,0.0,231.07,0.0,3
M01611,501.62,0.2857142857142857,4,1.0,1.0,214.35000000000002,-0.2857142857142857,0,0.0,0.0,715.97,0.0,4
M01612,2277.16,0.046511627906976744,1,0.5,0.0,-2945.3199999999997,0.06459948320413436,-2,0.5,0.0,2716.46,0.1111111111111111,1
M01613,0.0,0.0,0,0.0,0.0,2141.15,0.043478260869565216,0,1.0,1.0,2141.15,0.043478260869565216,0
M01614,0.0,0.0,0,0.0,0.0,4010.4500000000003,0.038461538461538464,2,1.0,1.0,4010.4500000000003,0.038461538461538464,2
M01615,0.0,0.0,0,0.0,0.0,305.1,0.0,1,1.0,1.0,305.1,0.0,1
M01616,0.0,0.0,0,0.0,0.0,3345.36,0.0,3,1.0,1.0,3345.36,0.0,3
M01617,-1022.8699999999999,0.03571428571428571,-1,0.0,0.0,-325.40000000000055,-0.03571428571428571,0,0.0,0.0,2916.0699999999997,0.0,2
M01618,0.0,0.0,0,0.0,0.0,4876.05,0.02127659574468085,0,1.0,1.0,4876.05,0.02127659574468085,0
M01619,-31.569999999999993,0.0,0,0.0,0.0,-188.23,0.0,0,0.0,0.0,113.53,0.0,0
M01620,-198.92000000000002,0.3333333333333333,0,0.5,0.0,191.44,-0.3333333333333333,0,0.0,0.0,490.13,0.0,1
M01621,1249.95,0.0,1,1.0,0.0,-1144.13,0.0,0,0.0,0.0,806.83,0.0,1
M01622,119.72000000000003,0.0,0,0.0,0.0,-140.32000000000005,0.0,0,0.0,0.0,399.52,0.0,1
M01623,372.4299999999985,0.03737745098039216,-1,0.0,0.0,297.34000000000015,-0.02233115468409587,0,0.0,0.0,11240.97,0.046296296296296294,1
M01624,-1085.96,1.0,0,0.0,0.0,266.02000000000004,-1.0,0,0.0,0.0,324.53000000000003,0.0,2
M01625,-281.64000000000004,0.0,1,0.5,0.0,413.49000000000007,0.0,0,0.5,0.0,649.45,0.0,1
M01626,154.5,0.0,0,0.0,0.5,74.49000000000001,0.0,-1,0.0,0.0,228.99,0.0,27
M01627,245.59000000000003,0.0,0,0.0,0.0,-571.11,0.0,3,0.5,0.0,546.6899999999999,0.0,4
M01628,0.0,0.0,0,0.0,0.0,8365.9,0.6075949367088608,1,1.0,1.0,8365.9,0.6075949367088608,1
M01629,306.27,0.0,0,1.0,1.0,811.8299999999999,0.14285714285714285,1,0.5,0.0,1118.1,0.14285714285714285,1
M01630,-977.8799999999999,-0.42857142857142855,1,0.5,0.0,213.35000000000002,0.0,-1,0.5,0.0,264.54,0.0,1
M01631,14.989999999999995,0.0,1,0.0,0.0,-87.03999999999999,0.0,0,0.0,0.0,0.0,0.0,1
M01632,-147.04999999999995,0.058823529411764705,0,0.5,0.0,64.87000000000012,0.01260504201680672,0,0.5,0.0,1816.19,0.07142857142857142,1
M01633,67.47000000000003,0.2,0,0.0,0.0,-320.55,-0.2,0,0.0,0.0,412.07,0.0,2
M01634,-253.46999999999997,0.0,0,0.0,0.0,519.0899999999999,0.0,0,0.0,0.0,1011.87,0.0,2
M01635,0.0,0.0,2,0.0,0.5,0.0,0.0,-1,0.0,0.5,0.0,0.0,2
M01636,-174.72999999999996,0.25,0,0.0,0.0,15.939999999999998,-0.25,1,0.0,0.0,402.75,0.0,2
M01637,574.75,0.0,0,0.5,0.0,-304.15,0.0,-1,0.0,0.0,270.6,0.0,0
M01638,379.63,0.3333333333333333,0,0.0,0.0,-379.63,-0.3333333333333333,1,0.0,0.0,0.0,0.0,1
M01639,-669.5,0.0,0,0.0,0.0,1629.9899999999998,0.10526315789473684,1,0.5,0.0,2466.49,0.10526315789473684,2
M01640,35.099999999999966,0.0,1,0.5,0.0,-263.17,0.0,0,0.0,0.0,32.27,0.0,1
M01641,705.1799999999994,-0.013829787234042545,0,0.0,0.0,-969.2199999999993,-0.024358974358974363,0,0.0,0.0,4563.93,0.02564102564102564,0
M01642,460.48,0.0,2,1.0,1.0,6821.74,0.06557377049180328,0,0.0,0.0,7282.22,0.06557377049180328,2
M01643,-370.25,0.3333333333333333,0,0.0,0.0,-100.34,-0.3333333333333333,0,0.0,0.0,21.37,0.0,0
M01644,893.0099999999998,0.09090909090909091,0,0.0,0.0,-1505.57,-0.09090909090909091,1,0.5,0.0,1546.09,0.0,3
M01645,-178.3699999999999,0.12253193960511033,24,0.0,0.5,-678.3500000000004,-0.08751793400286943,-1,0.0,0.5,3489.83,0.058823529411764705,23
M01646,462.18999999999994,0.0,1,0.0,0.0,192.2600000000001,0.0,0,0.0,0.0,696.6800000000001,0.0,1
M01647,-147.76999999999998,-0.5,0,0.5,0.0,0.0,0.0,0,0.0,0.0,0.0,0.0,2
M01648,0.0,0.0,0,0.0,0.0,0.0,0.0,0,0.0,0.0,0.0,0.0,0
M01649,851.9700000000001,0.0,0,0.0,0.0,254.13999999999987,0.0,0,0.0,0.0,1300.27,0.0,0
M01650,-178.29000000000002,0.0,0,0.0,0.0,-105.44,0.0,0,0.0,0.0,0.0,0.0,0
M01651,0.0,0.0,0,0.0,0.0,1572.6299999999999,0.0,2,1.0,1.0,1572.6299999999999,0.0,2
M01652,1489.17,0.0,0,0.0,0.0,-801.95,0.0,-1,0.0,0.0,760.56,0.0,1
M01653,225.89999999999998,0.0,2,0.0,0.0,-418.5,0.0,0,0.0,0.0,72.46,0.0,3
M01654,-679.9200000000001,0.0,0,0.0,0.0,9.759999999999991,0.5,-1,0.0,0.0,141.76999999999998,0.5,0
M01655,0.0,0.0,0,0.0,0.0,219.72,0.0,2,1.0,1.0,219.72,0.0,2
M01656,33.420000000000016,0.0,4,0.5,0.5,373.25,0.0,-1,0.5,0.5,752.85,0.0,4
M01657,-94.25000000000003,0.0,0,0.0,0.0,-140.76,0.0,0,0.0,0.0,0.0,0.0,0
M01658,-34.22000000000003,0.0,0,0.0,0.0,-214.04999999999998,0.0,0,0.0,0.0,96.96000000000001,0.0,0
M01659,684.14,0.0,1,0.0,0.0,-465.9,0.2,1,0.0,0.0,464.11,0.2,2
M01660,0.0,0.0,12,0.0,0.5,111.69,0.0,-2,0.0,0.5,111.69,0.0,10
M01661,496.6900000000003,-0.040247678018575844,6,0.5,0.5,262.49999999999955,0.032352941176470584,-1,0.5,0.5,2370.2599999999998,0.15,6
M01662,82.13,0.0,0,1.0,1.0,1231.4899999999998,0.0,0,0.0,0.0,1313.62,0.0,0
M01663,-1522.2999999999997,-0.08823529411764706,0,0.0,0.0,1256.3599999999997,0.030303030303030304,0,0.0,0.0,3391.93,0.030303030303030304,0
M01664,-316.93999999999994,0.0,0,0.0,0.0,-477.88000000000005,0.0,0,0.0,0.0,216.55,0.0,0
M01665,-449.58,0.0,0,0.0,0.0,532.07,0.2,0,0.0,0.0,532.07,0.2,2
M01666,-1387.98,0.0,0,0.0,0.0,163.28,0.0,0,0.0,0.0,163.28,0.0,2
M01667,537.55,0.07692307692307693,1,0.5,0.0,-279.03999999999996,-0.07692307692307693,-3,0.5,0.0,1095.03,0.0,0
M01668,-107.69,0.25,0,0.0,0.0,120.01999999999998,-0.25,-1,0.0,0.0,480.76,0.0,0
M01669,632.11,0.18181818181818182,0,0.0,0.0,501.68000000000006,-0.18181818181818182,1,0.0,0.0,1823.44,0.0,1
M01670,-533.6799999999998,-0.06060606060606061,-1,0.5,0.0,1110.4699999999998,0.05128205128205128,1,0.0,0.0,3463.6,0.05128205128205128,1
M01671,323.17,0.0,1,1.0,1.0,10.999999999999943,0.2,0,0.0,0.0,334.16999999999996,0.2,1
M01672,910.0200000000001,0.0,0,0.0,0.0,-755.1500000000001,0.0,-2,0.0,0.0,1109.58,0.0,0
M01673,-126.16000000000008,0.0,0,0.0,0.0,-136.94000000000005,0.0,1,0.0,0.0,1066.82,0.0,2
M01674,-147.5999999999999,0.0,0,0.0,0.0,-234.97000000000003,0.0,0,0.0,0.0,895.0,0.0,0
M01675,-254.58000000000004,0.0,0,0.0,0.0,546.84,0.0,1,0.5,0.0,724.23,0.0,4
M01676,97.57000000000005,0.0,0,0.0,0.0,-457.93,0.0,1,0.0,0.0,27.8,0.0,1
M01677,513.34,0.0,0,0.5,0.0,895.1699999999997,0.0,1,0.5,0.0,1408.5099999999998,0.0,1
M01678,0.0,0.0,0,0.0,0.0,1044.32,0.5833333333333334,1,1.0,1.0,1044.32,0.5833333333333334,1
M01679,0.0,0.0,0,0.0,0.0,220.35000000000002,0.0,0,1.0,1.0,220.35000000000002,0.0,0
M01680,1032.9299999999998,0.0,0,1.0,1.0,933.8600000000004,0.0,1,0.5,0.0,1966.7900000000002,0.0,1
M01681,204.87,0.0,0,1.0,1.0,41.339999999999975,0.0,0,0.5,0.0,246.20999999999998,0.0,0
M01682,1659.88,0.0,5,0.0,0.5,-1148.0,0.0,-1,0.0,0.5,511.88,0.0,4
M01683,-302.17999999999995,-0.125,0,0.0,0.0,-590.25,0.0,0,0.0,0.0,78.06,0.0,0
M01684,0.0,0.0,0,0.0,0.0,2517.92,0.043478260869565216,0,1.0,1.0,2517.92,0.043478260869565216,0
M01685,284.16999999999996,0.0,0,0.0,0.0,1026.6399999999999,0.1111111111111111,0,0.0,0.0,1378.35,0.1111111111111111,1
M01686,163.03000000000003,0.0,1,0.0,0.0,334.28,0.0,0,0.0,0.0,864.77,0.0,1
M01687,-64.78,0.0,-2,0.0,0.5,704.23,0.0,0,0.5,0.0,789.66,0.0,15
M01688,2208.98,0.05555555555555555,0,0.0,0.0,-1796.6,-0.05555555555555555,0,0.5,0.0,902.9200000000001,0.0,3
M01689,218.71000000000004,0.0,0,0.0,0.0,-206.94000000000005,0.0,0,0.0,0.0,414.26,0.0,0
M01690,272.3100000000002,0.07692307692307693,0,0.0,0.0,-488.87,0.04807692307692307,0,0.0,0.0,959.5300000000001,0.125,0
M01691,51.63,0.0,1,0.0,0.0,-113.17,0.0,1,0.0,0.0,0.0,0.0,2
M01692,-497.68000000000006,-0.09090909090909091,-2,0.5,0.0,-254.45000000000005,0.0,0,0.0,0.0,697.27,0.0,0
M01693,0.0,0.0,0,0.0,0.0,713.31,0.16666666666666666,2,1.0,1.0,713.31,0.16666666666666666,2
M01694,28.579999999999984,0.0,0,0.5,0.0,-294.86,0.0,0,0.0,0.0,0.0,0.0,1
M01695,150.48000000000002,0.0,1,0.5,0.0,39.339999999999975,0.0,0,0.5,0.0,189.82,0.0,1
M01696,121.64000000000001,0.5,0,0.0,0.0,-96.23000000000002,-0.5,-1,0.0,0.0,25.41,0.0,0
M01697,318.5,0.0,0,0.0,0.0,-400.27,0.0,0,0.5,0.0,41.16,0.0,0
M01698,908.25,-0.006249999999999999,1,0.5,0.0,-1760.21,0.0013157894736842077,0,0.5,0.0,3906.16,0.02631578947368421,1
M01699,390.0,0.0,1,1.0,1.0,274.03999999999996,0.0,0,0.5,0.0,664.04,0.0,1
M01700,125.65,0.0,0,0.5,0.0,-125.65,0.0,0,0.0,0.0,0.0,0.0,2
M01701,90.54999999999995,-0.125,1,0.0,0.0,-629.2399999999999,0.0,1,0.0,0.0,477.59000000000003,0.0,2
M01702,-136.54000000000002,-0.5,28,0.0,0.5,128.73,0.0,-2,0.0,0.5,156.67,0.0,26
M01703,7.759999999999991,0.0,-1,0.0,0.0,-297.1400000000001,0.0,0,0.0,0.0,1249.53,0.0,0
M01704,74.82,0.3333333333333333,0,0.0,0.0,343.06000000000006,-0.3333333333333333,0,0.0,0.0,676.21,0.0,3
M01705,416.87,0.0,0,0.0,0.0,363.72999999999996,0.2222222222222222,0,0.0,0.0,832.0699999999999,0.2222222222222222,0
M01706,556.0100000000002,0.041666666666666664,0,0.0,0.0,595.8799999999997,-0.012254901960784312,-1,0.0,0.0,2971.91,0.029411764705882353,0
M01707,0.0,0.0,0,0.0,0.0,4718.68,0.07142857142857142,2,1.0,1.0,4718.68,0.07142857142857142,2
M01708,106.85,0.0,49,0.5,0.6666666666666666,-106.85,0.0,-25,0.5,0.6666666666666666,0.0,0.0,25
M01709,-111.06,0.0,1,0.0,0.0,16.99000000000001,0.0,1,0.0,0.0,107.72,0.0,2
M01710,-125.8,0.0,0,0.0,0.0,0.0,0.0,0,0.0,0.0,0.0,0.0,2
M01711,-344.22999999999956,0.023366261398176293,0,0.0,0.0,2338.5599999999995,0.04710026212319791,0,0.0,0.0,12505.02,0.09174311926605505,0
M01712,-118.03,0.0,0,0.0,0.0,0.0,0.0,0,0.0,0.0,0.0,0.0,0
M01713,-800.71,-0.043478260869565216,1,0.0,0.0,215.42999999999984,0.0,0,0.0,0.0,1753.81,0.0,1
M01714,0.0,0.0,0,0.0,0.0,738.98,0.2,1,1.0,1.0,738.98,0.2,1
M01715,0.0,0.0,0,0.0,0.0,379.75,0.0,0,0.0,0.0,379.75,0.0,1
M01716,314.15,0.2,2,0.0,0.0,421.0200000000001,-0.2,0,0.0,0.0,889.4200000000001,0.0,3
M01717,27.419999999999987,-0.5,1,0.5,0.0,1037.3200000000002,0.0,-2,0.5,0.0,1183.6100000000001,0.0,1
M01718,-132.8599999999999,-0.15384615384615385,0,0.0,0.0,2416.83,0.0,0,0.5,0.0,3525.22,0.0,2
M01719,-478.76,0.0,0,0.0,0.5,244.1099999999999,0.0,-2,0.0,0.0,1346.8899999999999,0.0,27
M01720,63.079999999999984,0.0,0,0.0,0.0,55.910000000000025,0.0,0,0.0,0.0,189.3,0.0,1
M01721,71.02,0.0,0,0.0,0.0,28.060000000000016,0.0,0,0.0,0.0,99.08000000000001,0.0,0
M01722,0.0,0.0,0,0.0,0.0,594.6,0.25,1,1.0,1.0,594.6,0.25,1
M01723,0.0,0.0,0,0.0,0.0,0.0,0.0,0,0.5,0.0,0.0,0.0,1
M01724,551.55,0.25,6,1.0,1.0,-648.72,-0.25,0,0.0,0.0,130.20999999999998,0.0,6
M01725,-236.95,0.0,0,0.0,0.0,-359.0,0.0,0,0.0,0.0,94.31,0.0,0
M01726,-500.03000000000003,0.0,-1,0.5,0.0,0.0,0.0,-1,0.0,0.0,0.0,0.0,0
M01727,304.57,0.0,0,0.5,0.0,412.36,0.0,-1,0.5,0.0,759.61,0.0,0
M01728,-146.39999999999998,-0.5,1,0.5,0.0,-251.24,0.0,0,0.5,0.0,319.24,0.0,1
M01729,-42.09,0.0,0,0.0,0.0,-86.85,0.0,0,0.0,0.0,0.0,0.0,0
M01730,-170.32999999999998,-0.25,6,0.5,0.5,-37.02000000000001,0.0,-3,0.5,0.5,87.22,0.0,6
M01731,-421.24,0.0,0,0.0,0.0,166.85999999999999,0.0,0,0.0,0.0,209.85,0.0,1
M01732,-53.389999999999986,0.0,0,0.0,0.0,470.56999999999994,0.0,0,0.0,0.0,1015.91,0.0,1
M01733,144.21,0.0,0,0.5,0.0,-181.87,0.0,-1,0.5,0.0,0.0,0.0,1
M01734,-16.00999999999999,0.0,0,0.0,0.0,87.75999999999999,0.0,1,0.5,0.0,219.0,0.0,2
M01735,-97.24,0.0,0,0.0,0.0,48.38,0.0,0,0.0,0.0,48.38,0.0,0
M01736,70.10000000000002,0.0,0,0.5,0.0,-62.88000000000005,0.25,-2,0.5,0.0,313.03,0.25,0
M01737,419.42999999999995,0.0,0,0.0,0.0,-23.019999999999982,0.0,0,0.0,0.0,606.54,0.0,3
M01738,-296.38999999999993,0.0,0,0.0,0.0,107.13,0.0,1,0.0,0.0,480.32,0.0,1
M01739,0.0,0.0,0,0.0,0.0,15852.06,0.04285714285714286,1,1.0,1.0,15852.06,0.04285714285714286,1
M01740,446.16999999999996,0.125,0,0.0,0.0,-309.0799999999999,-0.25,0,0.0,0.0,704.72,0.0,1
M01741,26.99000000000001,0.0,0,0.5,0.0,-224.72000000000003,0.0,1,0.0,0.0,485.59000000000003,0.0,1
M01742,-501.47,0.0,-1,0.0,0.0,258.20000000000005,0.0,0,0.0,0.0,935.48,0.0,0
M01743,938.4800000000005,0.021607378129117262,1,0.0,0.0,-2486.0,0.009825595676737901,-1,0.0,0.0,4887.81,0.06779661016949153,1
M01744,-243.8400000000001,-0.125,0,0.5,0.0,463.26000000000005,0.0,0,0.5,0.0,952.35,0.0,1
M01745,0.0,0.0,2,1.0,1.0,0.0,0.0,-1,0.0,0.0,0.0,0.0,1
M01746,486.40999999999985,-0.09523809523809523,0,0.0,0.0,-146.79999999999995,-0.07142857142857142,0,0.0,0.0,1009.8199999999999,0.0,2
M01747,239.76,0.0,0,0.0,0.0,-239.76,0.0,0,0.0,0.0,0.0,0.0,1
M01748,43.99,0.0,0,0.0,0.0,-43.99,0.0,0,0.0,0.0,0.0,0.0,1
M01749,5262.3,0.03333333333333333,1,1.0,1.0,3421.05,-0.005555555555555557,0,0.5,0.0,8683.35,0.027777777777777776,1
M01750,94.74000000000024,0.04244031830238727,21,0.0,0.5,-778.0100000000002,-0.04244031830238727,-2,0.0,0.5,2314.33,0.034482758620689655,20
M01751,271.98,0.0,0,0.0,0.0,155.39999999999998,0.0,2,0.0,1.0,427.38,0.0,2
M01752,-13.700000000000003,0.0,4,0.5,0.0,23.550000000000004,0.0,0,0.5,0.0,70.73,0.0,4
M01753,657.38,0.0,0,0.5,0.0,-587.3000000000001,0.0,0,0.5,0.0,634.92,0.0,1
M01754,137.7,0.0,0,0.0,0.0,247.05,0.0,0,0.0,0.0,384.75,0.0,0
M01755,10.290000000000006,0.0,0,0.0,0.0,398.34000000000003,0.0,-2,0.0,0.0,454.6,0.0,2
M01756,74.10000000000002,0.0,0,0.0,0.0,-91.86000000000001,0.0,-1,1.0,0.0,43.22,0.0,0
M01757,232.65000000000003,-0.25,2,0.0,0.0,-311.92,0.0,2,0.0,0.0,148.74,0.0,5
M01758,-31.77000000000001,0.0,0,0.0,0.0,68.0,0.0,0,0.0,0.0,156.45,0.0,1
M01759,954.78,0.0,1,0.0,0.0,-792.85,0.0,0,0.0,0.0,767.66,0.0,1
M01760,0.0,0.0,0,0.0,0.0,7346.65,0.058823529411764705,0,1.0,1.0,7346.65,0.058823529411764705,0
M01761,376.33000000000004,0.16666666666666666,0,0.0,0.0,-566.37,-0.16666666666666666,1,0.0,0.0,58.75,0.0,3
M01762,-222.83,-0.25,0,0.0,0.0,670.3,0.0,0,0.0,0.0,873.28,0.0,0
M01763,-657.3000000000001,0.0,0,0.0,0.0,644.33,0.0,0,0.0,0.0,1104.72,0.0,1
M01764,725.13,0.0,0,0.0,0.0,-12.490000000000009,0.42857142857142855,0,0.0,0.0,809.86,0.42857142857142855,0
M01765,-473.6199999999999,-0.041184041184041176,-1,0.0,0.0,-962.0199999999995,0.017374517374517368,0,0.0,0.0,2924.4700000000003,0.07142857142857142,0
M01766,0.0,0.0,1,0.5,0.0,169.85,0.0,0,0.0,0.0,169.85,0.0,1
M01767,-120.36999999999989,0.11764705882352942,6,0.5,0.5,-488.4,-0.17647058823529413,-1,0.5,0.5,934.39,0.0,6
M01768,836.05,-0.2,0,0.5,0.0,-532.6,0.0,-1,0.5,0.0,774.33,0.0,1
M01769,-35.31000000000002,0.0,27,0.0,0.5,-13.469999999999999,1.0,0,0.0,0.5,83.02,1.0,27
M01770,-322.7300000000005,-0.03308480894687792,0,0.0,0.0,2205.9799999999996,0.008374384236453203,0,0.0,0.0,8559.56,0.04285714285714286,2
M01771,-709.8500000000004,-0.041666666666666664,1,0.5,0.0,19293.11,0.05291005291005291,0,0.5,0.5,21852.14,0.05291005291005291,4
M01772,-417.36,-0.2,-2,0.0,0.5,100.87,0.0,-2,0.0,0.0,400.85,0.0,27
M01773,0.0,0.0,0,0.0,0.0,2668.39,0.0,2,1.0,1.0,2668.39,0.0,2
M01774,202.41000000000003,0.0,0,0.0,0.0,-179.70000000000002,0.0,0,0.0,0.0,62.04,0.0,2
M01775,319.96,0.0,0,0.0,0.0,-421.78,0.0,0,0.0,0.0,0.0,0.0,0
M01776,390.45,0.0,1,1.0,1.0,-302.90999999999997,0.0,0,0.5,0.0,87.54,0.0,1
M01777,-198.56,0.0,0,0.0,0.0,0.0,0.0,0,0.0,0.0,0.0,0.0,1
M01778,304.66999999999916,0.05405405405405406,1,0.5,0.0,83.1200000000008,-0.013237727523441815,-2,0.5,0.0,4859.35,0.04081632653061224,0
M01779,0.0,0.0,0,0.0,0.0,1374.81,0.0,1,1.0,1.0,1374.81,0.0,1
M01780,-262.21,0.0,-1,0.0,0.0,993.0,0.1111111111111111,0,0.5,0.0,1183.95,0.1111111111111111,4
M01781,17.94999999999999,0.0,0,0.0,0.0,-110.87,0.5,0,0.0,0.0,257.76,0.5,0
M01782,-140.44000000000005,0.0,1,0.5,0.0,745.48,0.0,0,0.5,0.0,1219.46,0.0,2
M01783,-599.2600000000001,0.0,1,0.5,0.0,48.61000000000001,1.0,-1,0.5,0.0,110.79,1.0,1
M01784,-143.07000000000002,0.0,0,0.0,0.0,-76.32,0.0,0,0.0,0.0,0.0,0.0,1
M01785,-111.06,0.0,0,0.0,0.0,765.96,0.0,0,0.0,0.0,815.6800000000001,0.0,1
M01786,-1032.02,0.06896551724137931,0,0.5,0.0,69.75999999999976,-0.027298850574712645,0,0.0,0.0,2545.2599999999998,0.041666666666666664,0
M01787,0.0,0.0,0,0.5,0.0,70.71,0.0,0,0.0,0.0,70.71,0.0,1
M01788,-313.73,0.0,1,0.0,0.0,167.87,0.0,0,0.0,0.0,242.55,0.0,1
M01789,61.94,0.0,0,0.0,0.0,-8.71,0.0,0,0.0,0.0,53.23,0.0,0
M01790,-519.34,-0.3333333333333333,2,0.5,0.0,512.37,0.0,-2,0.5,0.0,606.01,0.0,1
M01791,-289.25,0.0,0,0.0,0.0,96.53999999999999,0.3333333333333333,0,0.0,0.0,161.6,0.3333333333333333,1
M01792,946.53,0.07692307692307693,1,0.0,0.0,-173.57999999999993,-0.07692307692307693,0,0.0,0.0,1800.65,0.0,2
M01793,146.37000000000006,0.16666666666666666,1,0.0,0.0,-561.1800000000001,-0.16666666666666666,0,0.0,0.0,44.13,0.0,5
M01794,-308.41,0.0,0,0.0,0.0,331.89,0.0,0,0.0,0.0,482.4,0.0,0
M01795,124.81999999999994,-0.25,0,0.0,0.0,-199.43,0.0,1,0.0,0.0,508.58,0.0,2
M01796,384.46999999999997,0.14285714285714285,0,0.0,0.5,-251.56,-0.14285714285714285,3,0.0,0.5,179.26999999999998,0.0,3
M01797,-1631.7300000000005,0.018534482758620685,0,0.5,0.0,-509.7399999999998,-0.05471311475409835,-1,0.5,0.0,7599.04,0.03278688524590164,0
M01798,-140.10999999999996,0.0,17,0.0,0.5,-431.87,0.0,-1,0.5,0.5,17.57,0.0,20
M01799,0.0,0.0,0,0.0,0.0,3315.21,0.07142857142857142,0,1.0,1.0,3315.21,0.07142857142857142,0
M01800,-200.58000000000004,0.1111111111111111,-1,0.0,0.0,1724.02,-0.04444444444444444,0,0.0,0.0,2727.82,0.06666666666666667,3
M01801,109.96999999999997,0.0,-1,0.0,0.0,-127.90999999999997,0.0,0,0.0,0.0,150.67000000000002,0.0,0
M01802,21.120000000000005,0.0,0,0.0,0.0,-96.57999999999998,0.04166666666666666,1,0.0,0.0,396.07,0.16666666666666666,1
M01803,-93.61999999999999,0.0,0,0.5,0.0,451.5,0.0,0,0.0,0.0,451.5,0.0,1
M01804,-239.3900000000001,0.0,0,0.0,0.0,-178.58000000000004,0.0,2,0.0,0.0,818.62,0.0,5
M01805,507.17,0.0,0,0.0,0.0,528.09,0.0,0,0.0,0.0,1350.67,0.0,1
M01806,77.37,0.4,0,0.0,0.0,409.34999999999997,-0.15000000000000002,0,0.0,0.0,573.53,0.25,4
M01807,-24.67,-1.0,0,0.0,0.0,0.0,0.0,0,0.5,0.0,0.0,0.0,2
M01808,0.0,0.0,0,0.0,0.0,16033.130000000001,0.04878048780487805,1,1.0,1.0,16033.130000000001,0.04878048780487805,1
M01809,0.0,0.0,0,0.0,0.0,2888.86,0.034482758620689655,2,1.0,1.0,2888.86,0.034482758620689655,2
M01810,0.0,0.0,21,0.0,0.5,0.0,0.0,-2,0.0,0.5,0.0,0.0,19
M01811,159.39,0.0,0,0.5,0.0,361.25,0.0,0,0.5,0.0,520.64,0.0,0
M01812,55.730000000000004,0.0,0,0.0,0.0,-143.22,0.0,0,0.0,0.0,0.0,0.0,1
M01813,2117.42,0.05263157894736842,4,1.0,1.0,-611.29,0.0029239766081871343,0,0.0,0.0,1506.13,0.05555555555555555,4
M01814,-62.089999999999975,0.0,0,0.0,0.0,-103.24000000000001,0.0,0,0.0,0.0,217.51999999999998,0.0,1
M01815,-159.7299999999999,0.0,1,0.0,0.0,632.7799999999999,0.0,0,0.0,0.0,1228.6599999999999,0.0,4
M01816,154.09,0.0,1,0.0,0.0,70.35999999999999,0.0,0,0.0,0.0,224.45,0.0,3
M01817,182.11,-0.25,0,0.0,0.0,-148.81,0.25,0,0.0,0.0,358.44,0.25,1
M01818,471.80999999999995,0.11764705882352941,1,0.0,0.0,-687.8,-0.11764705882352941,0,0.0,0.0,970.23,0.0,1
M01819,709.1800000000001,0.058823529411764705,0,0.0,0.0,-501.7500000000002,-0.058823529411764705,0,0.0,0.0,1478.34,0.0,0
M01820,244.50999999999988,-0.09090909090909091,0,0.0,0.0,213.22000000000003,0.07692307692307693,0,0.0,0.0,1380.06,0.07692307692307693,4
M01821,0.0,0.0,0,0.0,0.0,201.24,0.0,3,1.0,1.0,201.24,0.0,3
M01822,456.55999999999995,0.0,1,0.0,0.0,-524.18,0.0,0,0.0,0.0,379.59000000000003,0.0,3
M01823,-989.97,0.0,0,0.0,0.0,-86.86000000000001,0.0,0,0.0,0.0,699.37,0.0,1
M01824,445.83,0.0,1,0.0,0.0,-446.66999999999996,0.0,1,0.0,0.0,168.6,0.0,3
M01825,58.73,0.0,0,0.5,0.0,-58.73,0.0,1,0.0,0.0,0.0,0.0,1
M01826,90.37,0.0,0,0.0,0.0,-90.37,0.0,1,0.0,0.0,0.0,0.0,1
M01827,-82.10000000000036,0.06060606060606061,0,0.0,0.0,959.4899999999998,-0.06060606060606061,0,0.0,0.0,4530.32,0.0,1
M01828,0.0,0.0,0,0.0,0.0,114.39,0.0,0,0.0,0.0,114.39,0.0,0
M01829,21.78,0.0,0,0.0,0.5,374.54,0.0,-1,0.5,0.0,528.1,0.0,27
M01830,-236.19,0.0,0,0.0,0.0,779.65,0.0,0,0.0,0.0,779.65,0.0,1
M01831,370.42999999999995,0.0,0,0.0,0.0,-572.3499999999999,0.0,2,0.0,0.0,0.0,0.0,2
M01832,608.6700000000001,0.0,0,0.0,0.0,-426.96000000000004,0.25,0,0.0,0.0,352.0,0.25,0
M01833,-196.81999999999994,0.08403361344537814,0,0.0,0.0,-402.4499999999998,-0.14285714285714285,0,0.5,0.0,1159.13,0.0,2
M01834,1078.23,0.1111111111111111,0,0.0,0.0,-1263.6,-0.1111111111111111,0,0.0,0.0,561.9,0.0,0
M01835,-14.5,0.0,-1,0.0,0.0,-302.53999999999996,0.0,0,0.0,0.0,0.0,0.0,1
M01836,0.0,0.0,0,0.0,0.0,1144.21,0.0,0,1.0,1.0,1144.21,0.0,0
M01837,16.3,-1.0,0,0.0,0.0,-37.04,0.0,0,0.0,0.0,0.0,0.0,0
M01838,-719.8699999999999,0.020202020202020193,0,0.0,0.0,-434.4000000000001,-0.1111111111111111,0,0.0,0.0,649.26,0.0,0
M01839,67.57,0.0,0,0.0,0.0,-12.039999999999992,0.0,0,0.0,0.0,55.53,0.0,1
M01840,-55.129999999999995,0.0,0,0.0,0.0,100.76000000000002,0.0,0,0.0,0.0,179.61,0.0,2
M01841,378.89,0.0,0,0.5,0.0,259.6500000000001,0.3333333333333333,1,0.0,0.0,1315.41,0.3333333333333333,2
M01842,0.0,0.0,0,0.0,0.0,543.3,0.3333333333333333,2,1.0,1.0,543.3,0.3333333333333333,2
M01843,-346.64,0.0,0,0.0,0.0,133.03000000000003,0.0,0,0.0,0.0,426.68,0.0,0
M01844,-210.2899999999995,0.09523809523809523,0,0.0,0.0,-14.480000000000473,-0.047619047619047616,1,0.5,0.0,2314.74,0.047619047619047616,1
M01845,98.81,-0.5,-1,0.0,0.5,-441.96000000000004,0.0,-3,0.0,0.0,16.51,0.0,24
M01846,-816.24,0.0,-2,0.5,0.0,-205.32000000000005,0.0,-1,0.5,0.0,517.62,0.0,1
M01847,-1190.16,0.0,0,0.0,0.0,106.2800000000002,0.0,0,0.0,0.0,1449.8500000000001,0.0,0
M01848,-495.64999999999986,0.0,0,0.5,0.0,8.690000000000055,0.043478260869565216,0,0.5,0.0,2013.16,0.043478260869565216,0
M01849,2357.46,0.03512212515599929,0,0.0,0.0,-3022.9399999999996,-0.014904042466312786,0,0.0,0.0,6529.55,0.04838709677419355,1
M01850,-38.14000000000004,0.0,0,0.5,0.0,-407.23999999999995,0.0,-1,0.5,0.0,55.94,0.0,0
M01851,179.68,0.0,0,0.0,0.0,224.45999999999998,0.25,0,0.0,0.0,404.14,0.25,0
M01852,582.99,0.07692307692307693,1,0.5,0.0,-745.6700000000001,-0.07692307692307693,0,0.5,0.0,984.25,0.0,1
M01853,-130.77999999999997,0.0,0,0.0,0.0,1201.01,0.1111111111111111,0,0.0,0.0,2462.15,0.1111111111111111,0
M01854,334.45,0.0,0,0.0,0.0,1432.49,0.0,0,0.0,0.0,1812.42,0.0,0
M01855,922.3199999999999,0.0,0,0.0,0.0,-359.02,0.125,0,0.0,0.0,1036.82,0.125,1
M01856,-4911.630000000001,-0.010846560846560847,-1,0.5,0.0,-461.02000000000044,0.03128991060025543,-1,0.0,0.0,11582.75,0.07758620689655173,3
M01857,0.0,0.0,0,0.0,0.0,879.7,0.07692307692307693,4,1.0,1.0,879.7,0.07692307692307693,4
M01858,-269.8100000000002,0.0,16,1.0,0.6666666666666666,547.2499999999998,0.05,-13,0.0,0.6666666666666666,2410.45,0.05,4
M01859,267.6900000000005,-0.010631229235880398,1,0.0,0.0,-1595.0500000000002,0.04439746300211417,-1,0.0,0.0,2718.63,0.09090909090909091,2
M01860,-127.09000000000015,-0.02207732784259895,0,0.5,0.0,821.3600000000006,-0.03191489361702128,0,0.5,0.0,11660.74,0.02127659574468085,0
M01861,-121.07999999999998,0.3333333333333333,0,0.5,0.0,698.1700000000001,-0.3333333333333333,0,0.0,0.0,936.84,0.0,2
M01862,-226.42000000000007,0.08333333333333333,0,0.0,0.0,-969.8,-0.011904761904761904,0,0.0,0.0,1400.55,0.07142857142857142,1
M01863,-41.35999999999996,0.0,-1,0.0,0.0,82.27000000000004,0.6666666666666666,0,0.0,0.0,397.07000000000005,0.6666666666666666,0
M01864,105.58999999999997,-0.2,0,0.0,0.0,-488.10999999999996,0.0,0,0.0,0.0,122.17,0.0,0
M01865,-47.05999999999999,0.0,0,0.0,0.0,-23.33,0.0,0,0.0,0.0,98.84,0.0,0
M01866,-109.04,0.0,-1,0.5,0.0,464.6,0.0,-1,0.0,0.0,464.6,0.0,0
M01867,-685.6400000000001,0.0,1,0.5,0.0,138.17,0.0,-1,0.5,0.0,138.17,0.0,1
M01868,185.37,0.2,0,0.0,0.0,524.7,-0.018181818181818188,1,0.0,0.0,1033.76,0.18181818181818182,2
M01869,1291.33,0.0,2,1.0,1.0,-9.079999999999927,0.058823529411764705,2,0.5,0.0,1282.25,0.058823529411764705,4
M01870,471.65000000000003,0.0,1,1.0,1.0,-442.8,0.0,0,0.0,0.0,28.85,0.0,1
M01871,1158.82,0.07142857142857142,0,1.0,1.0,7536.640000000001,-0.021428571428571422,1,0.5,0.0,8695.460000000001,0.05,1
M01872,541.08,0.0,0,0.0,0.0,-122.54000000000008,0.0,0,0.0,0.0,418.53999999999996,0.0,0
M01873,0.0,0.0,0,0.0,0.0,2296.54,0.047619047619047616,0,1.0,1.0,2296.54,0.047619047619047616,0
M01874,0.0,0.0,-1,0.5,0.0,325.82,0.2,0,0.0,0.0,325.82,0.2,0
M01875,-697.9999999999999,0.0,0,0.0,0.0,282.34999999999997,0.0,0,0.0,0.0,406.16999999999996,0.0,0
M01876,24.0,0.0,1,1.0,0.0,4794.49,0.024390243902439025,0,0.0,0.0,4818.49,0.024390243902439025,16
M01877,1748.72,0.0625,1,1.0,1.0,282.99,0.042763157894736836,1,0.5,0.0,2031.71,0.10526315789473684,2
M01878,-939.4599999999998,-0.047619047619047616,0,0.0,0.0,367.30999999999995,0.0625,0,0.0,0.0,1568.22,0.0625,1
M01879,414.56000000000006,-0.16666666666666666,1,0.0,0.0,-607.5500000000001,0.0,0,0.0,0.0,151.53,0.0,2
M01880,33.25,0.0,0,0.0,0.0,28.83,0.0,0,0.0,0.0,119.28,0.0,1
M01881,420.02,-0.14285714285714285,1,0.0,0.0,429.34000000000015,0.08333333333333333,0,0.0,0.0,3008.19,0.08333333333333333,4
M01882,29.45,0.0,2,1.0,1.0,236.58999999999997,0.0,1,0.0,0.0,266.03999999999996,0.0,3
M01883,286.4200000000002,0.0,0,0.0,0.0,-837.0900000000001,0.0,-1,0.0,0.0,187.71,0.0,0
M01884,-636.1899999999999,0.0,1,0.5,0.0,165.39,0.0,0,0.5,0.0,220.76999999999998,0.0,1
M01885,-3.5600000000000023,0.0,0,0.5,0.0,861.7800000000001,0.1,0,0.0,0.0,1222.41,0.1,1
M01886,86.83000000000001,0.0,-1,0.5,0.0,111.07,0.2,1,0.5,0.0,328.3,0.2,2
M01887,447.38,0.25,-1,0.0,0.0,476.41999999999996,-0.1388888888888889,0,0.0,0.0,923.8,0.1111111111111111,0
M01888,-584.3699999999999,0.10121457489878544,0,0.0,0.0,-915.29,-0.15384615384615385,0,0.0,0.0,1922.8400000000001,0.0,0
M01889,0.0,0.0,0,0.5,0.0,0.0,0.0,0,0.0,0.0,0.0,0.0,0
M01890,562.0400000000001,0.0,1,0.5,0.0,-869.32,0.0,-1,0.5,0.0,197.11,0.0,2
M01891,0.0,0.0,0,0.0,0.0,0.0,0.0,1,0.0,0.0,0.0,0.0,2
M01892,101.31999999999994,-0.03968253968253968,0,0.0,0.0,91.03999999999996,-0.008928571428571425,0,0.0,0.0,1446.5,0.0625,0
M01893,288.88,0.3333333333333333,0,0.0,0.0,-333.96,-0.3333333333333333,0,0.0,0.0,77.67,0.0,0
M01894,42.650000000000034,0.0,17,0.0,0.5,-6.230000000000018,0.2,-3,0.0,0.5,311.44,0.2,15
M01895,67.23,0.0,24,0.0,0.5,-67.23,0.0,-4,0.0,0.5,0.0,0.0,22
M01896,1611.98,0.05263157894736842,2,1.0,1.0,2373.97,-0.028241335044929393,0,0.0,0.0,3985.95,0.024390243902439025,2
M01897,842.6999999999999,0.0,4,1.0,1.0,221.48000000000013,0.0,0,0.0,0.0,1064.18,0.0,4
M01898,445.38,0.2,1,1.0,1.0,618.9800000000001,-0.2,-1,0.0,0.0,1064.3600000000001,0.0,0
M01899,304.07000000000005,-0.1,0,0.0,0.0,535.78,0.0,1,0.0,0.0,1839.47,0.0,1
M01900,-20.14999999999999,0.0,0,0.0,0.0,24.480000000000004,0.0,0,0.0,0.0,72.54,0.0,1
M01901,104.88000000000001,0.0,0,0.0,0.0,-55.71000000000001,0.0,0,0.0,0.0,132.91,0.0,0
M01902,-122.76999999999998,-0.16666666666666666,0,0.5,0.0,709.52,0.14285714285714285,0,0.5,0.0,1103.05,0.14285714285714285,2
M01903,73.56,0.0,6,0.5,0.5,-73.56,0.0,0,0.5,0.5,0.0,0.0,6
M01904,327.03,0.0,0,0.0,0.0,-327.03,0.0,0,0.0,0.0,0.0,0.0,0
M01905,7.43,0.0,0,0.0,0.0,-18.24,0.0,0,0.0,0.0,26.24,0.0,0
M01906,-136.76000000000002,0.0,-1,0.0,0.0,-201.47,0.0,0,0.0,0.0,0.0,0.0,0
M01907,218.55999999999997,0.0,0,0.0,0.0,-191.45999999999998,0.0,0,0.0,0.0,201.93,0.0,0
M01908,1931.2599999999998,0.0,0,0.0,0.0,-1781.5699999999997,0.0,2,0.0,0.0,818.9200000000001,0.0,3
M01909,-0.13999999999987267,0.0,0,0.0,0.0,-701.0600000000002,0.14285714285714285,0,0.0,0.0,767.31,0.14285714285714285,1
M01910,1644.5699999999997,-0.0042229729729729715,0,0.0,0.0,-608.8899999999994,0.0563063063063063,0,0.0,0.0,4186.09,0.08333333333333333,0
M01911,0.0,0.0,0,0.0,0.0,1365.54,0.0,2,1.0,1.0,1365.54,0.0,2
M01912,-404.1700000000001,0.16666666666666666,0,0.0,0.0,920.2199999999998,-0.16666666666666666,0,0.0,0.0,1606.1599999999999,0.0,0
M01913,-126.43000000000006,0.0,-1,0.5,0.0,-132.57999999999993,0.0,0,0.5,0.0,308.71000000000004,0.0,1
M01914,-470.33,0.0,0,0.0,0.0,927.4199999999998,0.16666666666666666,0,0.5,0.0,1339.85,0.16666666666666666,1
M01915,-127.41000000000003,0.125,0,0.0,0.0,-48.410000000000025,-0.125,0,0.0,0.0,451.03999999999996,0.0,1
M01916,1139.9000000000003,-0.1111111111111111,0,0.0,0.0,-1228.4600000000003,0.0,0,0.0,0.0,843.99,0.0,1
M01917,0.0,0.0,0,0.0,0.0,5097.0,0.08333333333333333,1,1.0,1.0,5097.0,0.08333333333333333,1
M01918,310.26,0.01785714285714285,0,0.0,0.0,-180.37,-0.14285714285714285,0,0.0,0.0,971.93,0.0,0
M01919,467.89999999999986,0.08333333333333333,0,0.0,0.0,1526.88,-0.053030303030303025,0,0.0,0.0,3901.61,0.030303030303030304,0
M01920,314.15,0.0,0,1.0,0.0,1679.5700000000002,0.07692307692307693,-2,0.0,0.0,1993.72,0.07692307692307693,26
M01921,-9.519999999999996,0.0,0,0.0,0.0,372.63,0.5,0,0.0,0.0,441.28000000000003,0.5,1
M01922,379.78999999999996,0.0,0,0.0,0.0,-52.809999999999945,0.0,0,0.0,0.0,571.19,0.0,0
M01923,264.03000000000003,0.125,0,0.0,0.0,61.82999999999993,-0.125,1,0.0,0.0,704.55,0.0,1
M01924,705.7,0.0,0,1.0,1.0,-537.0300000000001,0.0,0,0.5,0.0,168.67,0.0,0
M01925,59.08,0.0,0,1.0,1.0,382.13000000000005,0.5,0,0.5,0.0,441.21000000000004,0.5,0
M01926,0.0,0.0,0,0.0,0.0,465.44000000000005,0.0,2,1.0,1.0,465.44000000000005,0.0,2
M01927,-159.01999999999998,0.0,1,0.5,0.0,-212.30999999999995,0.1111111111111111,0,0.5,0.0,828.97,0.1111111111111111,2
M01928,1551.57,0.08333333333333333,0,0.0,0.0,-1186.33,0.11666666666666668,2,0.0,0.0,515.41,0.2,2
M01929,0.0,0.0,0,0.0,0.0,0.0,0.0,0,0.0,0.0,0.0,0.0,3
M01930,224.43999999999997,0.0,0,0.0,0.0,-143.33999999999997,0.0,0,0.0,0.0,123.37,0.0,0
M01931,6400.05,0.07142857142857142,1,1.0,1.0,-758.1599999999999,-0.053246753246753244,0,0.0,0.0,5641.89,0.01818181818181818,1
M01932,0.0,0.0,0,0.0,0.0,3740.7799999999997,0.10714285714285714,2,1.0,1.0,3740.7799999999997,0.10714285714285714,2
M01933,375.15999999999997,-0.2222222222222222,0,0.5,0.0,-719.91,0.0,-1,0.0,0.0,291.99,0.0,0
M01934,-15.539999999999992,0.5,2,0.5,0.0,70.53,-0.5,-1,0.5,0.0,195.04,0.0,1
M01935,-247.72000000000003,0.0,0,0.0,0.0,95.11000000000001,0.0,1,0.5,0.0,513.7,0.0,1
M01936,-116.27999999999997,0.0,0,0.0,0.0,168.33999999999997,0.0,0,0.0,0.0,350.32,0.0,0
M01937,-16.09,0.0,0,0.0,0.0,824.65,0.25,1,0.0,0.0,853.34,0.25,2
M01938,305.06000000000006,0.0,0,0.5,0.0,267.5,0.0,0,0.5,0.0,617.22,0.0,0
M01939,678.16,0.0,0,1.0,1.0,-474.27,0.3333333333333333,0,0.0,0.0,203.89,0.3333333333333333,0
M01940,63.74,0.0,1,0.5,0.0,405.13,0.0,-1,0.5,0.0,468.87,0.0,1
M01941,0.0,0.0,1,0.0,0.0,75.52,0.0,0,0.5,0.0,75.52,0.0,1
M01942,-494.2700000000001,0.0,1,0.0,0.0,34.76999999999998,0.0,0,0.0,0.0,140.92,0.0,1
M01943,10.39,0.0,0,0.0,0.0,115.13999999999999,0.0,0,0.0,0.0,151.1,0.0,0
M01944,79.22,0.0,5,1.0,1.0,561.5699999999999,0.0,0,0.5,0.0,640.79,0.0,5
M01945,0.0,0.0,0,0.0,0.0,116.28,0.0,-1,0.0,0.0,116.28,0.0,1
M01946,0.0,0.0,0,0.0,0.0,8331.38,0.05660377358490566,2,1.0,1.0,8331.38,0.05660377358490566,2
M01947,34.93000000000029,-0.04924242424242425,0,0.0,0.0,-1577.2299999999996,0.0195578231292517,0,0.0,0.0,4874.39,0.061224489795918366,3
M01948,0.0,0.0,0,0.0,0.0,6380.62,0.03571428571428571,1,1.0,1.0,6380.62,0.03571428571428571,1
M01949,856.6599999999999,-0.07142857142857142,0,0.0,0.0,-219.45000000000005,-0.03296703296703296,0,0.0,0.0,1738.36,0.038461538461538464,2
M01950,210.90999999999997,0.0,0,1.0,1.0,2801.5200000000004,0.0625,0,0.5,0.0,3012.4300000000003,0.0625,0
M01951,-266.1300000000001,0.0,0,0.0,0.0,-517.54,0.0,0,0.0,0.0,256.19,0.0,1
M01952,-638.39,-0.14285714285714285,0,0.0,0.0,1007.78,0.0,-1,0.0,0.0,1131.75,0.0,1
M01953,181.01999999999998,0.0,2,0.5,0.0,-161.07,0.0,-1,0.5,0.0,71.01,0.0,2
M01954,-1062.3799999999999,0.0,0,0.0,0.0,-398.70000000000005,0.0,0,0.0,0.0,590.48,0.0,1
M01955,0.0,0.0,0,0.0,0.0,3354.2,0.07407407407407407,1,1.0,1.0,3354.2,0.07407407407407407,1
M01956,391.98,0.08333333333333331,-2,0.5,0.0,-791.8,-0.3333333333333333,1,0.0,0.0,0.0,0.0,1
M01957,494.57000000000005,-0.0888888888888889,0,0.0,0.0,-1191.83,-0.1111111111111111,1,0.0,0.0,147.12,0.0,1
M01958,647.63,0.0,4,0.5,0.5,-658.28,0.0,0,0.5,0.5,171.07,0.0,4
M01959,0.0,0.0,0,0.0,0.0,433.56,0.0,1,1.0,1.0,433.56,0.0,1
M01960,359.23000000000013,0.0,0,0.0,0.0,1803.0499999999997,0.05,1,0.0,0.0,3150.43,0.05,1
M01961,424.65,0.14285714285714285,1,0.0,0.0,-185.32999999999993,-0.14285714285714285,0,0.0,0.0,743.8100000000001,0.0,2
M01962,-21.760000000000048,0.0,0,0.0,0.0,82.53000000000003,0.5,0,0.0,0.0,535.48,0.5,1
M01963,58.89,0.0,0,1.0,1.0,808.55,0.0,1,0.0,0.0,867.4399999999999,0.0,1
M01964,155.87,0.0,0,0.0,0.0,-117.63,0.2,0,0.0,0.0,707.09,0.2,1
M01965,0.0,0.0,0,0.0,0.5,126.97,0.0,-2,0.0,0.0,126.97,0.0,27
M01966,-144.35999999999999,0.0,26,0.0,0.5,108.17999999999999,0.0,1,0.5,0.5,130.92,0.0,28
M01967,190.62,-1.0,0,0.5,0.0,-236.38,0.0,0,0.5,0.0,0.0,0.0,1
M01968,34.44999999999999,-0.25,0,0.0,0.0,-312.33,0.0,0,0.0,0.0,152.55,0.0,0
M01969,1305.63,0.0,0,1.0,1.0,1186.67,0.03571428571428571,0,0.0,0.0,2492.3,0.03571428571428571,0
M01970,-322.65,-0.2727272727272727,0,0.0,0.0,987.69,0.0,0,0.0,0.0,1524.44,0.0,0
M01971,252.89999999999998,0.0,-1,0.5,0.0,-352.92999999999995,0.0,0,0.5,0.0,137.35,0.0,0
M01972,93.67999999999999,0.0,1,0.0,0.0,122.7,0.5,0,0.0,0.0,216.38,0.5,1
M01973,0.0,0.0,1,1.0,1.0,464.03,0.25,0,0.5,0.0,464.03,0.25,1
M01974,61.340000000000146,-0.0025531914893617003,0,0.0,0.0,-473.0799999999999,0.04,0,0.0,0.0,4630.82,0.08,0
M01975,-274.09000000000003,-0.4,0,0.0,0.0,-9.740000000000009,0.5,0,0.5,0.0,181.57999999999998,0.5,2
M01976,326.26,0.16666666666666666,0,0.0,0.0,-101.12,-0.16666666666666666,0,0.5,0.0,520.89,0.0,1
M01977,269.23,0.0,0,0.0,0.0,-269.23,0.0,1,0.0,0.0,0.0,0.0,1
M01978,49.83,0.0,0,0.0,0.0,40.83,0.0,0,0.5,0.0,90.66,0.0,1
M01979,-364.01,-0.125,4,0.5,0.5,534.01,0.2,-2,0.5,0.5,752.17,0.2,4
M01980,33.87,0.0,1,1.0,1.0,1129.5200000000002,0.0,0,0.0,0.0,1163.39,0.0,1
M01981,-128.86,0.0,0,0.0,0.0,70.88999999999999,0.14285714285714285,0,0.0,0.0,558.97,0.14285714285714285,1
M01982,108.57000000000001,0.3333333333333333,1,1.0,1.0,1831.14,-0.3333333333333333,0,0.0,0.0,1939.71,0.0,1
M01983,166.60000000000002,0.09090909090909091,2,0.5,0.0,80.33000000000004,0.020202020202020193,-1,0.5,0.0,920.95,0.1111111111111111,2
M01984,-57.62,0.0,0,0.0,0.0,8.079999999999998,0.0,0,0.0,0.0,22.79,0.0,1
M01985,249.82999999999998,0.0,27,0.5,0.6666666666666666,-291.21999999999997,1.0,-22,0.0,0.5,54.18,1.0,26
M01986,741.95,0.0,0,0.5,0.0,-576.11,0.0,-1,0.5,0.0,189.14999999999998,0.0,0
M01987,43.129999999999995,0.0,24,0.0,0.5,233.65,0.0,-4,0.0,0.5,348.81,0.0,20
M01988,437.39,0.0,1,0.0,0.0,-42.450000000000045,0.0,0,0.0,0.0,680.53,0.0,2
M01989,0.0,0.0,0,0.0,0.0,1276.85,0.0,1,1.0,1.0,1276.85,0.0,1
M01990,324.43,0.0,24,1.0,1.0,273.18,0.0,-19,0.0,0.6666666666666666,597.61,0.0,5
M01991,605.37,0.0,1,1.0,1.0,80.74000000000001,0.0,1,0.0,0.0,686.11,0.0,2
M01992,-33.93999999999983,-0.031746031746031744,0,0.0,0.0,115.83999999999992,-0.03418803418803418,0,0.0,0.0,1231.5,0.07692307692307693,0
M01993,670.95,0.0,0,0.0,0.0,79.40999999999997,0.0,-1,0.0,0.0,789.63,0.0,1
M01994,-171.6500000000001,0.0,0,0.5,0.0,-1000.8399999999999,0.0,1,0.5,0.0,355.25,0.0,4
M01995,-55.63,0.0,0,0.0,0.0,0.0,0.0,0,0.0,0.0,0.0,0.0,0
M01996,-183.58,0.0,-2,0.5,0.0,207.64,0.0,0,0.0,0.0,207.64,0.0,1
M01997,263.8900000000001,0.058823529411764705,0,0.0,0.0,-686.06,0.0661764705882353,0,0.0,0.0,1128.23,0.125,2
M01998,101.01,0.0,0,0.0,0.0,44.66000000000001,0.0,0,0.0,0.0,145.67000000000002,0.0,1
M01999,0.0,0.0,0,0.0,0.0,552.49,0.0,5,1.0,1.0,552.49,0.0,5
M02000,0.0,0.0,0,0.0,0.0,1170.33,0.125,2,1.0,1.0,1170.33,0.125,2
M02001,397.90000000000003,0.0,0,0.0,0.0,-74.58000000000004,0.0,3,0.0,0.0,502.88,0.0,6
M02002,392.63,0.0,1,1.0,1.0,138.01,0.25,-1,0.0,0.0,530.64,0.25,0
M02003,22.539999999999964,0.009324009324009327,-2,0.5,0.0,-214.1300000000001,-0.037350246652572236,0,0.0,0.0,4134.88,0.023255813953488372,1
M02004,752.62,-0.5,0,0.0,0.0,218.29999999999995,0.0,0,0.0,0.0,1033.05,0.0,0
M02005,-14.019999999999996,0.0,0,0.0,0.0,350.59,0.0,0,0.0,0.0,457.26,0.0,1
M02006,94.95000000000002,0.0,0,0.0,0.0,-140.02,0.0,0,0.0,0.0,0.0,0.0,0
M02007,1438.8500000000001,0.05263157894736842,1,0.5,0.0,-1412.73,-0.05263157894736842,0,0.5,0.0,442.94,0.0,1
M02008,58.120000000000005,0.5,0,0.0,0.0,-193.86,-0.5,0,0.0,0.0,63.81,0.0,0
M02009,2065.1099999999997,-0.03717948717948717,0,0.0,0.0,-374.0699999999997,0.02051282051282051,1,0.0,0.0,7963.08,0.06666666666666667,2
M02010,-541.4499999999999,0.0,0,0.5,0.0,658.6899999999999,0.1111111111111111,-2,0.5,0.0,1173.8,0.1111111111111111,1
M02011,1564.48,0.05555555555555555,2,0.5,0.0,-1443.98,-0.2222222222222222,0,0.5,0.0,397.78000000000003,0.0,2
M02012,0.0,0.0,0,0.0,0.0,1162.54,0.0,0,1.0,1.0,1162.54,0.0,0
M02013,202.08999999999992,-0.03431372549019608,-1,0.0,0.0,-918.79,0.007575757575757583,0,0.0,0.0,1050.99,0.09090909090909091,0
M02014,0.0,0.0,0,0.0,0.0,172.24,0.0,0,0.0,0.0,172.24,0.0,0
M02015,101.41999999999999,0.0,0,0.0,0.0,-173.07,0.0,0,0.0,0.0,0.0,0.0,0
M02016,-659.5899999999998,-0.07142857142857142,0,0.0,0.0,1132.3899999999999,0.0,1,0.0,0.0,2013.48,0.0,1
M02017,711.2000000000003,0.04446460980036297,0,0.0,0.0,-1476.1600000000003,-0.04191033138401559,0,0.0,0.0,2998.06,0.037037037037037035,0
M02018,138.66,0.0,0,0.0,0.0,-89.38,0.0,0,0.0,0.0,49.28,0.0,3
M02019,0.0,0.0,0,0.0,0.0,109.99,0.0,0,0.0,0.0,109.99,0.0,0
M02020,25.50999999999999,0.0,0,0.0,0.0,665.4100000000001,0.0,1,0.0,0.0,1055.42,0.0,1
M02021,75.83999999999992,-0.1,0,0.5,0.0,-228.60000000000002,0.0,0,0.5,0.0,561.18,0.0,1
M02022,808.0100000000001,0.0,0,0.0,0.0,-511.3000000000002,0.16666666666666666,0,0.0,0.0,646.8499999999999,0.16666666666666666,1
M02023,-423.84000000000003,0.0,3,0.5,0.0,1055.47,0.09090909090909091,-1,0.5,0.0,1109.83,0.09090909090909091,3
M02024,15.52000000000001,0.0,1,0.0,0.0,64.13999999999999,0.5,-1,0.0,0.0,152.26,0.5,1
M02025,-137.95000000000005,0.0,0,0.0,0.0,201.98000000000002,0.0,0,0.0,0.0,426.48,0.0,1
M02026,-125.85000000000002,0.0,0,0.0,0.0,-444.96000000000004,0.0,0,0.0,0.0,248.28,0.0,0
M02027,-97.21,0.0,0,0.0,0.0,67.71,0.5,0,0.0,0.0,137.47,0.5,0
M02028,-666.72,0.0,0,0.0,0.0,227.64000000000001,0.0,0,0.5,0.0,227.64000000000001,0.0,1
M02029,25.010000000000105,-0.16666666666666666,1,0.0,0.0,1276.4699999999998,0.0,0,0.5,0.0,1931.87,0.0,2
M02030,2030.0499999999997,0.11538461538461539,0,0.0,0.0,-2179.27,-0.11538461538461539,0,0.0,0.0,212.62,0.0,1
M02031,-204.20000000000002,-0.25,0,0.0,0.0,98.98000000000002,0.0,1,0.5,0.0,198.20000000000002,0.0,2
M02032,-207.71999999999997,0.0,0,0.0,0.0,-152.50000000000003,0.0,0,0.0,0.0,127.97999999999999,0.0,0
M02033,-224.90000000000003,0.0,0,0.0,0.0,267.33,0.0,0,0.0,0.0,332.89,0.0,0
M02034,516.75,0.0,2,0.6666666666666666,0.5,-251.57,0.0,-2,0.6666666666666666,0.5,328.42,0.0,2
M02035,0.0,0.0,0,0.0,0.0,2305.53,0.0,2,1.0,1.0,2305.53,0.0,2
M02036,-156.60000000000002,0.2,0,0.0,0.0,137.47000000000014,0.0222222222222222,0,0.0,0.0,696.5600000000001,0.2222222222222222,0
M02037,-402.6999999999998,0.0625,0,0.0,0.0,-404.5100000000002,0.037500000000000006,-1,0.5,0.0,1175.1299999999999,0.1,1
M02038,1920.6599999999999,0.043478260869565216,6,0.0,0.5,-1994.37,0.20652173913043478,0,0.0,0.5,298.6,0.25,6
M02039,0.0,0.0,0,0.0,0.0,1111.8799999999999,0.0,2,1.0,1.0,1111.8799999999999,0.0,2
M02040,-4625.4400000000005,0.03576811594202898,0,0.0,0.0,4050.08,-0.04383098591549295,0,0.0,0.0,15521.82,0.028169014084507043,0
M02041,4685.64,-0.1814814814814815,0,0.0,0.0,-4672.42,0.04814814814814815,0,0.0,0.0,956.8,0.06666666666666667,1
M02042,117.27,0.0,1,1.0,1.0,351.16,0.0,0,0.5,0.0,468.43,0.0,1
M02043,293.5300000000001,-0.25,0,0.0,0.0,939.2099999999999,0.0,0,0.0,0.0,1475.28,0.0,1
M02044,0.0,0.0,22,0.0,0.6666666666666666,0.0,0.0,-27,0.0,0.5,0.0,0.0,24
M02045,212.55999999999995,0.0,0,0.0,0.0,-577.17,0.3333333333333333,0,0.0,0.0,97.59,0.3333333333333333,0
M02046,1332.9399999999996,0.02702702702702703,24,0.0,0.0,-2966.3799999999997,-0.05405405405405406,0,0.0,0.0,2692.48,0.0,25
M02047,91.61000000000058,-0.02632940872040368,1,0.0,0.0,1376.92,0.034550195567144726,0,0.0,0.0,14769.83,0.07692307692307693,1
M02048,299.9000000000001,0.0,0,0.0,0.0,-818.44,0.0,0,0.0,0.0,107.65,0.0,0
M02049,-228.7700000000001,0.0,0,0.0,0.0,134.8900000000001,0.0,1,0.0,0.0,668.5600000000001,0.0,1
M02050,-370.8499999999999,0.0,1,0.5,0.0,-12.519999999999982,0.0,-1,0.5,0.0,657.27,0.0,0
M02051,-2360.1499999999996,-0.024038461538461536,17,0.0,0.5,1015.6099999999997,0.05244755244755245,-2,0.0,0.5,5939.65,0.09090909090909091,15
M02052,-46.47,0.0,0,0.0,0.0,-9.810000000000002,0.0,-1,0.0,0.0,129.2,0.0,1
M02053,1690.3799999999992,0.029164757978317295,0,0.0,0.0,-1365.699999999999,-0.005920205920205916,0,0.0,0.0,11630.03,0.05714285714285714,0
M02054,731.5,0.0,0,0.0,0.0,24.799999999999955,0.0,0,0.0,0.0,838.01,0.0,0
M02055,20.98,0.0,24,0.0,0.5,70.51,0.0,-1,0.5,0.5,91.49000000000001,0.0,24
M02056,166.53,-0.3333333333333333,0,0.0,0.0,-101.35000000000002,0.0,0,0.0,0.0,202.32999999999998,0.0,1
M02057,-106.1,0.0,0,0.0,0.0,9.439999999999998,0.0,0,0.0,0.0,60.46,0.0,0
M02058,686.08,0.0,0,0.0,0.0,-215.7500000000001,0.1111111111111111,0,0.0,0.0,574.43,0.1111111111111111,2
M02059,261.24,0.0,0,0.0,0.0,-261.24,0.0,2,0.0,0.0,0.0,0.0,5
M02060,92.39000000000004,0.0,0,0.0,0.0,1053.03,0.0,0,0.0,0.0,1416.34,0.0,1
M02061,-1281.95,0.0,0,0.0,0.0,1282.48,0.0,0,0.0,0.0,1635.43,0.0,0
M02062,-2871.3,-0.02702702702702703,-1,0.5,0.0,-51.88000000000011,0.08,0,0.0,0.0,2371.92,0.08,1
M02063,589.8199999999999,0.1111111111111111,25,0.0,0.5,-609.6499999999999,0.0888888888888889,0,0.0,0.5,1152.67,0.2,28
M02064,3530.88,0.08571428571428572,2,1.0,1.0,2429.42,-0.04935064935064935,-1,0.0,0.0,5960.3,0.03636363636363636,1
M02065,475.71000000000004,0.5,1,0.0,0.0,-340.62,-0.16666666666666669,0,0.0,0.0,135.09,0.3333333333333333,1
M02066,-457.4000000000001,0.125,0,0.0,0.0,389.37,-0.125,0,0.0,0.0,940.38,0.0,2
M02067,0.0,0.0,0,0.0,0.0,0.0,0.0,1,1.0,1.0,0.0,0.0,1
M02068,0.0,0.0,0,0.0,0.0,1395.21,0.0,1,1.0,1.0,1395.21,0.0,1
M02069,255.68999999999994,-0.25,27,0.0,0.5,750.5800000000002,0.09090909090909091,-2,0.0,0.5,1357.14,0.09090909090909091,26
M02070,-671.38,0.0,0,0.5,0.0,371.73000000000013,0.0,0,0.0,0.0,788.1500000000001,0.0,0
M02071,-53.28999999999999,0.0,0,0.5,0.0,261.53,0.0,0,0.0,0.0,342.63,0.0,1
M02072,475.80999999999995,0.0,0,0.0,0.5,-394.5799999999999,0.0,-2,0.0,0.0,81.23,0.0,27
M02073,68.8,0.0,1,1.0,0.0,244.72000000000003,0.0,0,0.0,0.0,377.73,0.0,2
M02074,402.38,0.0,1,0.0,0.0,-115.11000000000001,0.0,0,0.0,0.0,287.27,0.0,1
M02075,227.86,0.0,-1,0.0,0.0,-336.42999999999995,0.0,0,0.0,0.0,855.08,0.0,0
M02076,354.69,0.0,2,0.5,0.0,-203.7,0.0,0,0.5,0.0,150.99,0.0,2
M02077,-430.85999999999996,0.0,0,0.0,0.0,401.94,0.0,0,0.5,0.0,450.55,0.0,1
M02078,164.29,0.0,1,1.0,1.0,229.77,0.0,0,0.0,0.0,394.06,0.0,1
M02079,-490.96000000000004,0.10526315789473684,0,0.0,0.0,210.92000000000007,-0.055263157894736833,1,0.0,0.0,2331.35,0.05,1
M02080,323.6400000000001,0.05555555555555555,0,0.0,0.5,-441.1300000000001,-0.05555555555555555,0,0.0,0.0,1226.24,0.0,11
M02081,0.0,0.0,4,1.0,1.0,1449.6599999999999,0.07692307692307693,0,0.0,0.0,1449.6599999999999,0.07692307692307693,4
M02082,1932.6000000000004,0.005057188770205119,1,0.5,0.0,-535.6400000000012,-0.026084059212718357,0,0.5,0.0,15356.56,0.014184397163120567,2
M02083,416.46000000000004,0.0,0,0.0,0.0,51.89999999999998,0.0,0,0.0,0.0,468.36,0.0,0
M02084,2303.44,0.058823529411764705,0,0.0,0.0,60.929999999999836,0.028132992327365727,-1,0.0,0.0,2651.46,0.08695652173913043,1
M02085,80.3,0.0,0,0.0,0.0,52.55,0.0,0,0.0,0.0,132.85,0.0,0
M02086,950.56,0.2857142857142857,0,0.5,0.0,-915.4499999999999,0.5,-1,0.5,0.0,829.5400000000001,0.7857142857142857,0
M02087,938.48,-0.019480519480519487,-1,0.5,0.0,-1140.56,-0.07142857142857142,0,0.0,0.0,564.44,0.0,2
M02088,-240.52,0.0,0,0.0,0.0,0.0,0.0,0,0.0,0.0,0.0,0.0,1
M02089,0.0,0.0,0,1.0,1.0,1034.59,0.0,1,0.5,0.0,1034.59,0.0,1
M02090,-1846.6399999999999,0.10613207547169812,0,0.0,0.0,1382.4499999999998,-0.0030487804878048808,1,0.5,0.0,4047.14,0.12195121951219512,1
M02091,178.45,0.0,6,0.0,0.5,-279.59000000000003,0.0,-1,0.5,0.5,195.28,0.0,6
M02092,0.0,0.0,0,0.0,0.0,2616.03,0.0,1,1.0,1.0,2616.03,0.0,1
M02093,-457.25,0.0,0,0.0,0.0,939.2399999999998,0.0,0,0.0,0.0,1712.6799999999998,0.0,2
M02094,-207.2,0.0,0,0.0,0.0,50.63000000000005,0.0,1,0.0,0.0,512.19,0.0,2
M02095,0.0,0.0,2,1.0,1.0,0.0,0.0,0,0.0,0.0,0.0,0.0,2
M02096,0.0,0.0,0,0.0,0.0,4147.26,0.02702702702702703,1,1.0,1.0,4147.26,0.02702702702702703,1
M02097,151.78999999999996,0.16666666666666666,0,1.0,0.0,57.06000000000006,0.08333333333333334,0,0.0,0.0,773.62,0.25,0
M02098,389.0799999999999,0.4583333333333333,0,0.0,0.0,-478.5499999999997,-0.07894736842105265,0,0.0,0.0,2076.82,0.42105263157894735,1
M02099,-172.64999999999998,0.0,0,0.0,0.0,214.53999999999996,0.0,0,0.0,0.0,620.16,0.0,1
M02100,0.0,0.0,0,0.0,0.0,1402.15,0.0,0,1.0,1.0,1402.15,0.0,0
M02101,200.02000000000004,0.0,0,0.0,0.0,604.04,0.0,0,0.0,0.0,1054.56,0.0,2
M02102,-243.92,0.0,0,0.0,0.0,-120.37,0.0,-1,0.0,0.0,125.41,0.0,1
M02103,4510.15,0.05128205128205128,2,1.0,1.0,1609.5700000000006,0.03346371142981312,-1,0.0,0.0,6119.72,0.0847457627118644,1
M02104,211.93,0.0,0,0.5,0.0,-117.25999999999999,0.0,0,0.0,0.0,425.36,0.0,0
M02105,0.0,0.0,0,0.0,0.0,900.9,0.1,1,1.0,1.0,900.9,0.1,1
M02106,81.17000000000007,-0.05555555555555555,0,0.5,0.0,218.30999999999995,0.0,0,0.0,0.0,1966.28,0.0,1
M02107,553.1999999999999,0.0,1,0.0,0.0,-497.94,0.0,0,0.0,0.0,491.21999999999997,0.0,2
M02108,-357.33000000000004,0.0,0,0.0,0.0,-474.71,0.0,0,0.0,0.0,50.29,0.0,0
M02109,403.87,0.0,4,0.5,0.5,-193.04999999999995,0.16666666666666666,-1,0.5,0.5,600.2,0.16666666666666666,4
M02110,1820.69,0.16666666666666666,1,0.0,0.0,-773.0799999999999,-0.05555555555555555,2,0.0,0.0,1530.19,0.1111111111111111,3
M02111,-894.0500000000001,-0.42857142857142855,1,0.0,0.0,87.64999999999999,0.0,0,0.0,0.0,192.69,0.0,1
M02112,-105.21000000000004,0.0,0,1.0,0.0,390.6700000000001,0.07692307692307693,0,0.0,0.0,1647.21,0.07692307692307693,1
M02113,0.0,0.0,0,0.0,0.0,637.69,0.0,5,1.0,1.0,637.69,0.0,5
M02114,99.35000000000002,-0.3333333333333333,0,0.0,0.5,489.8599999999999,0.0,0,0.0,0.0,1073.3,0.0,4
M02115,391.3499999999999,-0.2727272727272727,0,0.0,0.0,-388.79999999999995,0.0,0,0.0,0.0,1307.94,0.0,2
M02116,184.57999999999993,0.024999999999999994,1,0.0,0.0,-7.919999999999959,0.675,0,0.0,0.0,951.33,0.8,1
M02117,65.75999999999999,0.0,-1,1.0,0.0,-123.10999999999999,0.0,-1,0.0,0.0,117.34,0.0,0
M02118,-144.71000000000004,0.0,0,0.5,0.0,-192.8,0.0,0,0.5,0.0,194.31,0.0,0
M02119,-97.8,0.0,0,0.0,0.0,0.0,0.0,0,0.0,0.0,0.0,0.0,1
M02120,1218.16,0.0,3,0.5,0.5,-385.48,0.09523809523809523,-1,0.5,0.5,2529.13,0.09523809523809523,3
M02121,11.549999999999955,0.0,0,0.0,0.0,213.33000000000004,0.0,0,0.0,0.0,625.72,0.0,0
M02122,-1902.77,-0.05555555555555555,-1,0.0,0.0,665.82,0.1111111111111111,0,0.0,0.0,1609.63,0.1111111111111111,0
M02123,-147.49,0.0,-1,0.5,0.0,12.0,0.0,0,0.0,0.0,25.0,0.0,1
M02124,658.6999999999999,0.0,0,0.0,0.0,-289.67999999999995,0.0,0,0.0,0.0,729.74,0.0,0
M02125,328.06000000000006,0.2857142857142857,0,0.0,0.0,-618.2800000000001,-0.2857142857142857,0,0.0,0.0,554.1999999999999,0.0,1
M02126,0.0,0.0,4,1.0,1.0,37567.24,0.045454545454545456,0,0.0,0.0,37567.24,0.045454545454545456,4
M02127,1387.3000000000002,0.0,0,0.0,0.0,-469.53999999999996,0.045454545454545456,0,0.0,0.0,2358.61,0.045454545454545456,1
M02128,974.4200000000001,-0.016666666666666677,0,0.5,0.5,-409.95000000000005,-0.08333333333333333,-3,0.5,0.0,1623.55,0.0,25
M02129,355.59999999999945,0.05376084860173577,0,0.0,0.0,-3130.3900000000003,-0.06447963800904977,-1,0.0,0.0,4502.2699999999995,0.038461538461538464,1
M02130,-96.08000000000015,-0.04166666666666666,0,0.0,0.0,-459.9899999999999,0.07500000000000001,0,0.0,0.0,851.86,0.2,1
M02131,159.97000000000003,0.0,0,0.0,0.0,126.53999999999996,0.0,0,0.0,0.0,836.55,0.0,0
M02132,308.17,0.0,4,1.0,1.0,5.919999999999959,0.6,0,0.5,0.5,314.09,0.6,4
M02133,1083.57,0.0,8,1.0,1.0,443.23,0.13333333333333333,0,0.0,0.5,1526.8,0.13333333333333333,8
M02134,0.0,0.0,6,0.5,0.5,0.0,0.0,0,0.5,0.5,0.0,0.0,6
M02135,145.45999999999998,0.0,0,0.0,0.0,360.38,0.0,0,0.0,0.0,869.02,0.0,0
M02136,414.03000000000003,0.14285714285714285,0,0.0,0.0,-553.0,-0.14285714285714285,0,0.0,0.0,257.95000000000005,0.0,1
M02137,-82.88,0.0,0,0.0,0.0,-207.12,0.0,0,0.0,0.0,192.01999999999998,0.0,0
M02138,0.0,0.0,2,1.0,1.0,92.03,0.0,0,0.0,0.0,92.03,0.0,2
M02139,490.02,0.0,-1,0.5,0.0,-62.049999999999955,0.0,0,0.0,0.0,589.9300000000001,0.0,0
M02140,0.0,0.0,0,0.0,0.0,0.0,0.0,0,0.0,0.0,0.0,0.0,1
M02141,1882.1099999999997,-0.027777777777777776,0,0.0,0.0,-1417.1599999999999,0.06976744186046512,0,0.0,0.0,3387.21,0.06976744186046512,0
M02142,224.98999999999995,0.0,0,0.0,0.0,-0.37999999999999545,0.25,0,0.0,0.0,364.03999999999996,0.25,1
M02143,0.0,0.0,1,0.5,0.0,0.0,0.0,-1,0.5,0.0,0.0,0.0,1
M02144,90.87000000000006,0.0,0,0.0,0.0,423.06,0.0,-1,0.0,0.0,837.08,0.0,0
M02145,620.2800000000002,0.0,0,0.5,0.0,555.77,0.0,0,0.5,0.0,2282.36,0.0,0
M02146,54.120000000000005,0.14285714285714285,0,0.0,0.0,807.7099999999998,-0.01785714285714285,0,0.0,0.0,1269.1399999999999,0.125,1
M02147,562.17,0.0,0,0.0,0.0,-316.34,0.3333333333333333,0,0.0,0.0,291.55,0.3333333333333333,0
M02148,309.16,0.0,0,0.0,0.0,-194.03000000000003,0.0,0,0.0,0.0,178.82999999999998,0.0,0
M02149,47.81,0.0,0,0.0,0.0,-77.94,0.0,0,0.5,0.0,178.74,0.0,0
M02150,0.0,0.0,0,1.0,1.0,1134.22,0.0,1,0.0,0.0,1134.22,0.0,1
M02151,-195.01,0.0,0,0.0,0.0,234.60000000000002,0.0,-1,1.0,0.0,293.6,0.0,0
M02152,0.0,0.0,0,1.0,1.0,902.57,0.0,0,0.5,0.0,902.57,0.0,0
M02153,42.12,0.0,1,0.5,0.0,-16.050000000000004,0.0,0,0.5,0.0,60.339999999999996,0.0,2
M02154,-496.6200000000001,0.07142857142857142,1,0.0,0.0,464.0,-0.07142857142857142,0,0.0,0.0,1423.05,0.0,3
M02155,-223.51999999999998,-0.15384615384615385,0,0.0,0.0,1509.57,0.05263157894736842,0,0.0,0.0,2640.16,0.05263157894736842,1
M02156,0.0,0.0,8,1.0,1.0,306.8,0.0,1,0.5,0.5,306.8,0.0,9
M02157,514.7099999999999,0.16666666666666666,0,0.0,0.0,-889.4999999999999,-0.16666666666666666,0,0.0,0.0,36.57,0.0,2
M02158,-82.81,-0.3333333333333333,0,0.0,0.0,-58.56999999999999,0.0,0,0.0,0.0,294.07,0.0,0
M02159,28.57000000000005,0.0,24,0.0,0.5,-275.14,0.25,-4,0.0,0.5,372.23,0.25,20
M02160,596.58,0.0,0,0.0,0.0,-657.96,0.0,0,0.0,0.0,493.31,0.0,0
M02161,1216.88,0.0,0,0.0,0.0,-1169.8,0.0,1,0.0,0.0,1127.95,0.0,1
M02162,507.57000000000005,0.0,1,0.0,0.0,297.03999999999996,0.2222222222222222,1,0.0,0.0,1235.77,0.2222222222222222,3
M02163,-365.25,0.1401098901098901,0,0.0,0.0,1200.98,-0.08766233766233766,0,0.0,0.0,3740.39,0.09090909090909091,0
M02164,-67.71000000000001,0.0,0,0.5,0.0,235.11000000000004,0.0,0,0.5,0.0,413.22,0.0,1
M02165,23.94,0.0,0,0.0,0.0,584.03,0.0,0,0.0,0.0,607.97,0.0,1
M02166,-173.66,0.0,0,0.0,0.0,0.0,0.0,0,0.0,0.0,0.0,0.0,1
M02167,960.6400000000003,-0.02272727272727272,1,0.0,0.0,-1429.88,-0.027272727272727275,-1,0.0,0.0,3262.55,0.03333333333333333,2
M02168,-6.599999999999909,0.0,1,0.0,0.0,825.1399999999999,0.07142857142857142,0,0.0,0.0,1426.8899999999999,0.07142857142857142,2
M02169,-189.18000000000018,-0.2,0,0.0,0.0,-723.3199999999999,0.0,1,0.5,0.0,140.35000000000002,0.0,1
M02170,1099.26,0.125,0,1.0,1.0,275.5799999999999,-0.125,0,0.0,0.0,1374.84,0.0,0
M02171,67.04999999999995,0.16666666666666666,0,0.0,0.0,437.38000000000005,-0.16666666666666666,-1,0.0,0.0,915.22,0.0,1
M02172,101.33999999999992,0.0,1,0.0,0.0,-565.1299999999999,0.16666666666666666,1,0.5,0.0,319.67,0.16666666666666666,3
M02173,-193.09999999999997,0.0,25,0.0,0.5,-173.29000000000002,0.0,0,0.0,0.5,155.63,0.0,26
M02174,-959.2900000000002,-0.15789473684210525,0,0.5,0.0,-221.54999999999995,0.0,1,0.5,0.0,1139.52,0.0,1
M02175,263.9,0.0,0,0.0,0.0,-58.23000000000002,0.0,0,0.0,0.0,413.4,0.0,1
M02176,303.69,0.0,18,0.0,0.5,-303.69,0.0,0,0.0,0.5,0.0,0.0,18
M02177,0.0,0.0,-1,0.0,0.5,116.34,0.0,0,0.0,0.0,116.34,0.0,15
M02178,589.7099999999999,0.14285714285714285,0,0.5,0.0,-110.7999999999999,-0.14285714285714285,1,0.5,0.0,478.91,0.0,1
M02179,-196.25,0.0,0,0.0,0.0,-757.2599999999998,0.0,1,0.0,0.0,1480.69,0.0,1
M02180,0.0,0.0,0,0.0,0.0,936.9300000000001,0.0,3,1.0,1.0,936.9300000000001,0.0,3
M02181,-78.94,0.0,-1,0.5,0.0,0.0,0.0,0,0.0,0.0,0.0,0.0,1
M02182,386.8,-0.2,1,0.0,0.0,372.06000000000006,0.0,0,0.5,0.0,962.8100000000001,0.0,2
M02183,-8.310000000000002,0.0,1,0.0,0.0,374.26000000000005,0.0,-2,0.0,0.0,492.83000000000004,0.0,0
M02184,1043.1400000000003,-0.0034782608695652154,2,0.5,0.0,2733.88,-0.04,-1,0.5,0.0,5745.89,0.0,1
M02185,369.2900000000002,0.0,8,0.0,0.5,-727.0,0.0,1,0.5,0.5,1356.9,0.0,9
M02186,380.85,-1.0,0,0.0,0.0,-383.37,0.0,0,0.0,0.0,115.87,0.0,0
M02187,150.07,0.0,2,1.0,1.0,599.04,0.0,0,0.0,0.0,749.11,0.0,2
M02188,0.0,0.0,1,1.0,1.0,816.1600000000001,0.2,0,0.5,0.0,816.1600000000001,0.2,1
M02189,0.0,0.0,0,0.0,0.0,338.13,0.0,0,0.0,0.0,338.13,0.0,0
M02190,168.48,0.0,0,0.0,0.0,567.4100000000001,0.0,0,0.5,0.0,790.1,0.0,3
M02191,-4.759999999999991,0.0,0,0.0,0.0,136.23000000000002,0.0,0,0.0,0.0,1075.47,0.0,0
M02192,456.04999999999995,0.0,0,0.0,0.0,-107.37999999999994,0.3333333333333333,0,0.0,0.0,487.44,0.3333333333333333,0
M02193,313.02,0.0,1,0.0,0.0,220.54999999999995,0.0,0,0.0,0.0,627.8,0.0,1
M02194,-158.54999999999998,0.0,4,0.5,0.5,-145.29,0.0,1,0.0,0.5,0.0,0.0,5
M02195,149.19000000000003,-0.5,0,0.0,0.0,-293.36,0.0,0,0.0,0.0,11.94,0.0,2
M02196,152.34000000000015,-0.15,0,0.0,0.0,-129.80000000000018,-0.1,0,0.0,0.0,1097.1,0.0,0
M02197,23.319999999999993,0.0,1,0.5,0.0,-191.95,0.0,-2,0.5,0.0,0.0,0.0,5
M02198,-472.45000000000005,0.05555555555555555,0,0.0,0.0,958.8500000000001,0.049707602339181284,-1,0.0,0.0,2410.63,0.10526315789473684,3
M02199,6.920000000000016,0.0,5,1.0,0.5,873.3299999999999,0.0,0,0.0,0.0,1135.78,0.0,7
M02200,1728.02,0.1111111111111111,3,1.0,1.0,-1215.48,-0.1111111111111111,2,0.0,0.5,512.54,0.0,5
M02201,13.64,0.5,-1,0.5,0.0,221.51999999999998,-0.5,1,0.0,0.0,283.13,0.0,2
M02202,194.07,0.0,1,0.0,0.0,-194.07,0.0,0,0.0,0.0,0.0,0.0,3
M02203,532.15,0.0,0,0.0,0.0,-458.56,0.0,-1,0.0,0.0,435.05,0.0,0
M02204,0.0,0.0,0,0.0,0.0,644.03,0.0,0,1.0,1.0,644.03,0.0,0
M02205,461.38000000000005,0.0,0,0.0,0.0,-458.93000000000006,0.0,0,0.0,0.0,54.0,0.0,0
M02206,-53.57,0.0,0,0.0,0.0,0.0,0.0,0,0.0,0.0,0.0,0.0,0
M02207,2171.14,0.0967741935483871,1,0.0,0.0,-279.60000000000036,-0.0967741935483871,0,0.0,0.0,3420.4399999999996,0.0,1
M02208,-42.79000000000002,0.25,-2,0.5,0.5,329.44,-0.25,-3,0.0,0.0,608.51,0.0,24
M02209,4808.35,0.08888888888888889,6,0.0,0.5,-4986.89,-0.08888888888888889,0,0.5,0.5,607.5799999999999,0.0,7
M02210,1223.7400000000002,0.07142857142857142,6,0.5,0.6666666666666666,-2460.48,-0.07142857142857142,-21,0.5,0.5,253.3,0.0,6
M02211,692.3499999999999,-0.11904761904761904,0,0.0,0.0,455.6500000000001,-0.047619047619047616,0,0.0,0.0,2477.71,0.0,2
M02212,0.0,0.0,0,0.0,0.0,360.06,0.0,1,1.0,1.0,360.06,0.0,1
M02213,0.0,0.0,0,0.0,0.0,352.65999999999997,0.2,0,1.0,1.0,352.65999999999997,0.2,0
M02214,1215.25,0.0,0,0.0,0.0,393.99,0.0625,-1,0.5,0.0,1746.58,0.0625,0
M02215,-341.25,0.0,0,0.0,0.0,141.09000000000003,0.0,0,0.0,0.0,323.34000000000003,0.0,0
M02216,189.14,0.25,0,0.0,0.0,-545.56,-0.25,0,0.0,0.0,221.34,0.0,1
M02217,-2.1599999999998545,0.05555555555555555,0,0.0,0.0,231.30999999999995,-0.05555555555555555,-2,0.0,0.0,1512.21,0.0,0
M02218,-321.14,0.0,0,0.0,0.0,519.94,0.0,0,0.0,0.0,781.96,0.0,0
M02219,-324.1300000000001,0.0,4,1.0,1.0,-418.39999999999986,0.07692307692307693,0,0.0,0.0,1175.28,0.07692307692307693,6
M02220,0.0,0.0,4,1.0,1.0,251.56,0.0,-1,0.0,0.0,251.56,0.0,3
M02221,92.74000000000001,-0.07692307692307693,2,0.5,0.5,205.56999999999994,0.13333333333333333,0,0.5,0.5,1558.55,0.13333333333333333,2
M02222,537.17,0.0,0,0.0,0.0,-103.81999999999994,0.0,1,0.5,0.0,433.35,0.0,2
M02223,2310.12,0.05,3,1.0,1.0,373.9200000000001,-0.012962962962962968,1,0.5,0.0,2684.04,0.037037037037037035,4
M02224,376.4699999999998,0.07142857142857142,1,0.0,0.0,-321.9699999999998,-0.07142857142857142,0,0.0,0.0,1230.46,0.0,1
M02225,783.32,-0.09090909090909091,0,0.0,0.0,-403.28,0.1,0,0.0,0.0,1289.17,0.1,2
M02226,-1085.27,-0.25,0,0.5,0.0,593.06,0.0,0,0.0,0.0,710.16,0.0,0
M02227,-232.87000000000012,0.019480519480519487,1,0.0,0.0,45.340000000000146,0.13986013986013987,1,0.0,0.0,1466.93,0.23076923076923078,3
M02228,-615.1099999999999,0.058823529411764705,-1,0.5,0.0,3.619999999999891,-0.058823529411764705,0,0.0,0.0,1457.6299999999999,0.0,1
M02229,219.81000000000006,-0.14285714285714285,0,0.0,0.0,560.25,0.0,2,0.5,0.0,1326.97,0.0,2
M02230,-42.69999999999999,-0.2,17,0.0,0.5,387.48,0.0,-2,0.0,0.5,730.82,0.0,15
M02231,-172.64999999999986,0.0,0,0.0,0.0,-481.60000000000014,0.0,0,0.0,0.0,612.3199999999999,0.0,0
M02232,181.15999999999997,0.0,0,0.0,0.0,-539.4399999999999,0.0,0,0.0,0.0,127.84,0.0,1
M02233,-331.17999999999984,-0.027479091995221028,1,0.0,0.0,-457.9300000000003,-0.037037037037037035,0,0.0,0.0,2590.35,0.0,1
M02234,218.70000000000002,0.0,0,1.0,1.0,-63.76000000000002,0.0,1,0.0,0.0,154.94,0.0,1
M02235,0.0,0.0,0,0.0,0.0,1123.21,0.125,2,1.0,1.0,1123.21,0.125,2
M02236,436.14,0.0,0,0.0,0.0,-470.96000000000004,0.0,0,0.0,0.0,246.04999999999998,0.0,1
M02237,24.200000000000017,0.0,1,0.5,0.0,384.98,0.0,-1,0.5,0.0,525.37,0.0,1
M02238,434.57,0.125,0,0.0,0.0,89.00999999999999,-0.125,0,0.0,0.0,753.51,0.0,1
M02239,15.8,1.0,1,0.0,0.0,69.75,-1.0,1,0.5,0.0,105.56,0.0,3
M02240,1766.1900000000005,0.2864192233426303,0,0.0,0.0,-3262.830000000001,0.16390222610213884,0,0.0,0.0,6521.12,0.5689655172413793,0
M02241,58.73,0.0,0,0.0,0.0,16.49000000000001,0.0,0,0.0,0.0,114.65,0.0,0
M02242,-52.170000000000016,0.0,0,0.0,0.0,19.189999999999998,1.0,0,0.0,0.0,151.51,1.0,2
M02243,-98.19999999999999,0.0,1,0.0,0.0,-144.21,0.0,0,0.0,0.0,0.0,0.0,2
M02244,681.0,0.0,1,0.0,0.5,246.51,0.0,0,0.0,0.0,927.51,0.0,2
M02245,104.62000000000012,-0.23076923076923078,1,0.0,0.0,-208.3900000000001,0.0,0,0.0,0.0,1022.99,0.0,1
M02246,489.61,0.0,0,1.0,1.0,1803.27,0.05,0,0.0,0.0,2292.88,0.05,0
M02247,-30.320000000000164,0.009259259259259259,0,0.0,0.0,-489.21000000000004,-0.08333333333333333,0,0.0,0.0,2808.64,0.0,2
M02248,0.0,0.0,0,0.0,0.0,1167.87,0.0,1,1.0,1.0,1167.87,0.0,1
M02249,-209.89999999999998,-0.1111111111111111,0,0.0,0.0,801.8399999999999,0.11764705882352941,0,0.0,0.0,1464.82,0.11764705882352941,2
M02250,345.48,0.0,-1,0.0,0.0,-289.57,0.0,0,0.0,0.0,133.06,0.0,0
M02251,-741.69,0.0,0,0.0,0.0,184.38000000000005,0.0,0,0.0,0.0,529.1,0.0,1
M02252,-985.54,0.009153318077803202,0,0.0,0.0,-326.29999999999995,-0.05263157894736842,0,0.0,0.0,1836.6200000000001,0.0,0
M02253,61.9,0.0,0,0.0,0.0,-61.9,0.0,4,0.0,0.5,0.0,0.0,4
M02254,-55.36999999999989,0.014309764309764307,0,0.5,0.0,-925.0699999999997,0.02418745275888133,0,0.5,0.0,4532.81,0.061224489795918366,0
M02255,285.15999999999997,-0.3333333333333333,0,0.0,0.0,-495.60999999999996,0.0,0,0.5,0.0,113.31,0.0,0
M02256,109.87,0.0,0,0.0,0.0,-109.87,0.0,0,0.0,0.0,0.0,0.0,1
M02257,132.71,0.0,2,1.0,1.0,361.97,0.0,0,0.0,0.0,494.68,0.0,2
M02258,640.3600000000001,0.3333333333333333,0,0.0,0.0,-461.98,-0.3333333333333333,0,0.0,0.0,424.46000000000004,0.0,0
M02259,-96.41,0.0,0,0.0,0.0,269.99,0.0,0,0.0,0.0,319.62,0.0,0
M02260,-67.73,0.0,0,0.0,0.0,0.0,0.0,0,0.0,0.0,0.0,0.0,0
M02261,490.03,0.0,0,1.0,1.0,193.01,0.16666666666666666,0,0.0,0.0,683.04,0.16666666666666666,0
M02262,-193.7,-0.25,0,0.0,0.0,30.74000000000001,0.5,1,0.0,0.0,211.3,0.5,1
M02263,193.57,0.0,0,0.0,0.0,1695.23,0.058823529411764705,1,0.0,0.0,2195.04,0.058823529411764705,1
M02264,92.06,0.0,0,0.0,0.0,-92.06,0.0,0,0.0,0.0,0.0,0.0,0
M02265,0.0,0.0,0,0.0,0.0,24335.17,0.06018518518518518,1,1.0,1.0,24335.17,0.06018518518518518,1
M02266,149.18,0.0,0,0.0,0.0,1189.19,0.0,1,0.0,0.0,1692.8,0.0,1
M02267,-89.35000000000002,0.0,0,0.0,0.0,-53.68000000000001,0.0,0,0.0,0.0,255.32999999999998,0.0,0
M02268,104.15999999999997,0.0,3,0.0,0.5,-230.76999999999998,0.0,0,0.0,0.0,801.24,0.0,7
M02269,-24.08,0.0,0,0.0,0.0,15.18,0.0,0,0.0,0.0,15.18,0.0,0
M02270,36.49999999999999,0.0,0,0.0,0.0,278.59000000000003,0.0,0,0.0,0.0,347.44,0.0,1
M02271,-7869.88,0.022853957636566335,0,0.0,0.0,40.79999999999973,0.0082815734989648,0,0.0,0.0,2142.77,0.09523809523809523,0
M02272,-224.74000000000004,0.0,3,1.0,1.0,82.14000000000001,0.25,0,0.0,0.0,308.48,0.25,6
M02273,-157.26000000000002,0.0,3,0.5,0.5,46.870000000000005,0.0,0,0.5,0.5,182.09,0.0,3
M02274,-74.31,0.0,0,0.0,0.0,249.94,0.0,0,0.0,0.0,249.94,0.0,0
M02275,2266.29,0.043478260869565216,0,1.0,1.0,2501.2699999999995,-0.01908801696712619,0,0.5,0.0,4767.5599999999995,0.024390243902439025,0
M02276,129.26999999999998,0.0,0,1.0,1.0,352.6,0.0,0,0.0,0.0,481.87,0.0,0
M02277,99.54,0.0,0,0.5,0.0,-99.54,0.0,0,0.0,0.0,0.0,0.0,1
M02278,-1597.9500000000007,0.0008658008658008684,0,0.0,0.0,-1424.8400000000001,0.07006129184347006,0,0.0,0.0,9990.73,0.0891089108910891,0
M02279,-174.25,0.0,1,0.0,0.0,0.0,0.0,0,0.0,0.0,0.0,0.0,3
M02280,318.15,0.0,0,1.0,0.0,-34.17999999999995,0.4,1,0.0,0.0,749.38,0.4,2
M02281,169.67000000000002,0.0,28,0.0,0.5,-104.49000000000001,0.0,-1,0.0,0.5,65.18,0.0,27
M02282,-486.49,0.0,1,0.5,0.0,-115.86999999999999,0.0,0,0.5,0.0,116.42,0.0,2
M02283,199.19,0.0,0,0.0,0.0,-225.47,0.0,0,0.5,0.0,43.21,0.0,1
M02284,383.15,0.0,0,0.0,0.0,-126.36000000000001,0.3333333333333333,0,0.0,0.0,256.78999999999996,0.3333333333333333,0
M02285,0.0,0.0,0,0.0,0.0,5415.01,0.6041666666666666,2,1.0,1.0,5415.01,0.6041666666666666,2
M02286,39.76999999999998,0.0,1,0.0,0.0,-137.95999999999998,0.0,0,0.0,0.0,0.0,0.0,1
M02287,1417.5000000000002,0.0,0,0.0,0.0,52.909999999999854,0.06666666666666667,0,0.0,0.0,2485.02,0.06666666666666667,2
M02288,199.12999999999988,0.00735294117647059,0,0.5,0.0,672.1199999999999,0.06547619047619047,0,0.0,0.0,2679.93,0.19047619047619047,0
M02289,362.6399999999999,0.23076923076923078,0,0.0,0.0,-672.9999999999999,-0.23076923076923078,1,0.0,0.0,693.3100000000001,0.0,1
M02290,89.25,0.0,0,0.5,0.0,669.7,0.15384615384615385,1,0.5,0.0,912.52,0.15384615384615385,1
M02291,950.23,0.0,0,0.0,0.0,-828.06,0.0,-1,0.0,0.0,506.95000000000005,0.0,0
M02292,-1397.6100000000001,0.047993705743509044,0,0.0,0.0,-839.8699999999999,-0.0967741935483871,2,1.0,0.0,2847.93,0.0,3
M02293,273.93,0.0,1,1.0,1.0,-273.93,0.0,0,0.0,0.0,0.0,0.0,1
M02294,2079.34,0.0,0,0.0,0.0,-2190.86,0.0,0,0.0,0.0,148.2,0.0,0
M02295,9.529999999999987,0.0,0,0.0,0.0,157.70000000000002,0.5,0,0.0,0.0,246.02,0.5,1
M02296,421.97,-0.07142857142857142,0,0.0,0.0,-977.8800000000001,0.0,0,0.0,0.0,795.52,0.0,3
M02297,-40.0,0.0,0,0.5,0.0,-228.95,0.0,1,0.0,0.0,280.18,0.0,1
M02298,1180.96,0.15384615384615385,0,0.0,0.0,-741.7899999999998,-0.15384615384615385,0,0.0,0.0,850.33,0.0,0
M02299,145.37,0.0,0,0.0,0.0,-145.37,0.0,0,0.5,0.0,0.0,0.0,2
M02300,98.45000000000002,0.0,0,0.0,0.0,-167.62,0.0,0,0.0,0.0,59.6,0.0,0
M02301,137.89999999999998,0.0,0,0.0,0.0,-465.65,0.0,0,0.0,0.0,26.73,0.0,1
M02302,1346.47,0.07692307692307693,3,1.0,1.0,4206.349999999999,-0.037707390648567124,-1,0.5,0.0,5552.82,0.0392156862745098,2
M02303,617.6400000000001,0.1111111111111111,0,0.0,0.0,176.1199999999999,0.04273504273504275,0,0.5,0.0,1484.58,0.15384615384615385,2
M02304,752.67,0.1,0,0.0,0.0,-874.14,0.06666666666666665,0,0.0,0.0,410.13,0.16666666666666666,0
M02305,-1766.67,0.05847953216374269,27,0.0,0.5,738.2200000000001,-0.1111111111111111,-1,0.0,0.5,1593.8600000000001,0.0,26
M02306,0.0,0.0,0,0.0,0.0,902.75,0.16666666666666666,2,1.0,1.0,902.75,0.16666666666666666,2
M02307,891.5600000000001,0.07692307692307693,0,0.0,0.0,-790.6700000000001,0.023076923076923078,0,0.0,0.0,906.8,0.1,1
M02308,0.0,0.0,1,0.5,0.0,146.23,0.0,0,0.0,0.0,146.23,0.0,2
M02309,118.42,0.3333333333333333,0,1.0,1.0,613.73,-0.3333333333333333,0,0.0,0.0,732.15,0.0,0
M02310,-126.71000000000004,0.0,0,0.0,0.0,-281.74,0.3333333333333333,2,0.0,0.0,149.99,0.3333333333333333,3
M02311,-54.670000000000016,0.25,0,0.0,0.0,-26.70999999999998,-0.25,1,0.0,0.0,369.29,0.0,3
M02312,4.709999999999994,0.0,1,0.0,0.0,413.5,0.2,0,0.0,0.0,481.71,0.2,1
M02313,807.8199999999999,0.0,0,0.5,0.0,-422.03,0.2,0,0.0,0.0,463.97,0.2,2
M02314,31.56000000000006,0.0,0,0.5,0.0,-404.1,0.0,0,0.0,0.0,0.0,0.0,0
M02315,184.61,-0.2,0,0.5,0.0,-764.77,0.0,0,0.5,0.0,0.0,0.0,1
M02316,360.71,0.0,0,0.0,0.0,-324.79999999999995,0.0,0,0.0,0.0,395.85,0.0,2
M02317,47.53,0.0,0,0.0,0.0,228.9,0.0,0,0.0,0.0,428.87,0.0,1
M02318,561.27,0.0,27,0.0,0.5,-858.3199999999999,0.0,-2,0.0,0.5,830.54,0.0,26
M02319,93.96000000000001,0.0,0,0.0,0.0,-93.96000000000001,0.0,-1,0.0,0.0,0.0,0.0,3
M02320,-657.0699999999999,-0.16666666666666666,0,0.0,0.0,791.53,0.0,1,0.5,0.0,898.23,0.0,4
M02321,239.97,0.0,0,0.0,0.0,58.48999999999998,0.0,0,0.0,0.0,298.46,0.0,2
M02322,-1280.2399999999998,0.0,1,0.5,0.0,-474.94000000000005,0.0,-1,0.5,0.0,985.73,0.0,0
M02323,1401.8400000000001,-0.06666666666666665,-1,0.5,0.0,-259.68000000000006,-0.1,0,0.0,0.0,1513.07,0.0,1
M02324,306.29,0.0,0,0.0,0.0,-226.66000000000003,0.0,0,0.0,0.0,79.63,0.0,1
M02325,214.03999999999996,-0.14285714285714285,2,0.0,0.5,-306.44999999999993,0.2,0,0.0,0.5,706.35,0.2,2
M02326,0.0,0.0,0,0.0,0.0,8564.39,0.08108108108108109,2,1.0,1.0,8564.39,0.08108108108108109,2
M02327,25.159999999999997,0.0,0,0.0,0.0,108.33,0.0,0,0.5,0.0,169.91,0.0,0
M02328,234.34000000000003,0.0,0,1.0,1.0,-234.34000000000003,0.0,0,0.0,0.0,0.0,0.0,0
M02329,69.51999999999998,0.125,0,0.5,0.0,648.3500000000001,-0.053571428571428575,-1,0.5,0.0,1526.1200000000001,0.07142857142857142,0
M02330,459.92,0.0,1,1.0,1.0,-429.98,1.0,0,0.0,0.0,29.94,1.0,1
M02331,-224.89999999999998,-0.3333333333333333,0,0.0,0.0,432.80999999999995,0.0,0,0.0,0.0,504.03999999999996,0.0,1
M02332,230.94000000000003,0.0,0,0.0,0.0,-161.99,0.0,0,0.0,0.0,68.95,0.0,0
M02333,-205.79999999999995,0.125,0,0.0,0.5,-111.94000000000005,-0.125,-1,0.0,0.0,1225.36,0.0,15
M02334,-41.91,0.0,0,0.0,0.0,404.20000000000005,0.0,1,0.5,0.0,404.20000000000005,0.0,2
M02335,-312.27000000000004,0.0,0,0.0,0.0,138.88,0.0,0,0.0,0.0,457.08,0.0,0
M02336,310.19,0.0,18,0.0,0.5,-293.14,0.0,0,0.5,0.5,17.05,0.0,18
M02337,107.77999999999997,-0.15789473684210525,0,0.0,0.0,1491.3200000000002,0.038461538461538464,0,0.0,0.0,3177.4,0.038461538461538464,1
M02338,0.0,0.0,0,0.0,0.0,598.58,0.0,1,0.5,0.0,598.58,0.0,3
M02339,0.0,0.0,0,0.0,0.0,18.94,0.0,0,0.0,0.0,18.94,0.0,2
M02340,-19.439999999999998,0.5,0,0.0,0.0,-292.92,-0.5,0,0.0,0.0,0.0,0.0,1
M02341,-16.350000000000023,-0.2,0,0.0,0.0,128.99,0.0,1,0.0,0.0,931.67,0.0,2
M02342,1367.16,0.0,0,0.0,0.0,-238.22000000000003,0.21428571428571427,0,0.0,0.0,1508.97,0.21428571428571427,1
M02343,-211.19000000000005,0.0,0,0.5,0.0,4665.55,0.0851063829787234,0,0.0,0.0,5918.79,0.0851063829787234,1
M02344,0.0,0.0,0,0.0,0.0,0.0,0.0,-1,0.0,0.0,0.0,0.0,0
M02345,-481.03,0.5,1,0.0,0.0,750.23,-0.33333333333333337,0,0.0,0.0,1120.96,0.16666666666666666,1
M02346,-1537.6000000000004,0.006355090692440085,2,0.5,0.0,1975.2999999999993,-0.017344101681451077,-1,0.5,0.0,10547.9,0.054945054945054944,2
M02347,358.94000000000005,0.0,0,0.0,0.0,-199.78000000000003,0.0,0,0.0,0.0,346.04,0.0,0
M02348,-272.55,-0.3333333333333333,0,0.0,0.0,23.94999999999999,0.3333333333333333,0,0.0,0.0,218.38,0.3333333333333333,0
M02349,470.27000000000004,0.0,0,1.0,1.0,12.069999999999993,0.2,1,0.0,0.0,482.34000000000003,0.2,1
M02350,123.75000000000023,-0.1111111111111111,1,0.0,0.0,-945.5800000000002,0.0,-1,0.0,0.0,257.99,0.0,1
M02351,-106.86000000000013,0.0,-1,0.0,0.5,-647.6500000000001,0.0,-2,0.0,0.0,693.81,0.0,26
M02352,118.21999999999997,0.0,1,0.0,0.0,-338.4,0.0,0,0.5,0.0,0.0,0.0,2
M02353,-89.06,-1.0,0,0.0,0.0,193.75,0.0,0,0.0,0.0,280.63,0.0,0
M02354,274.21000000000004,0.3333333333333333,1,1.0,1.0,121.30999999999995,-0.3333333333333333,0,0.0,0.0,395.52,0.0,1
M02355,-301.59,1.0,0,0.5,0.0,-39.81,-1.0,0,0.0,0.0,0.0,0.0,0
M02356,292.39,0.0,1,1.0,1.0,-292.39,0.0,1,0.0,0.0,0.0,0.0,2
M02357,2265.4199999999996,0.05701754385964912,1,0.0,0.0,-1040.1799999999994,-0.026729559748427667,0,0.0,0.0,5219.39,0.05660377358490566,2
M02358,0.0,0.0,0,0.0,0.0,887.91,0.1111111111111111,1,1.0,1.0,887.91,0.1111111111111111,1
M02359,190.87,0.0,1,0.5,0.0,-48.21000000000001,0.0,0,0.5,0.0,142.66,0.0,1
M02360,-23.339999999999975,0.0,-1,0.0,0.5,371.73,0.0,0,0.0,0.0,555.59,0.0,16
M02361,22.110000000000014,0.0,0,0.5,0.0,48.339999999999975,0.25,-1,0.5,0.0,297.65,0.25,0
M02362,-949.96,0.0,-1,0.5,0.0,931.55,0.1111111111111111,0,0.0,0.0,1212.35,0.1111111111111111,1
M02363,-52.21000000000001,0.3333333333333333,28,0.0,0.5,475.6300000000001,0.16666666666666669,-4,0.0,0.5,651.8800000000001,0.5,27
M02364,-995.3200000000004,-0.05555555555555555,0,0.5,0.0,294.47,0.058823529411764705,0,0.5,0.0,2069.29,0.058823529411764705,0
M02365,216.56999999999994,0.0,0,0.0,0.0,-685.75,0.0,0,0.0,0.0,575.55,0.0,1
M02366,0.0,0.0,-1,0.0,0.0,1056.35,0.16666666666666666,0,1.0,0.0,1056.35,0.16666666666666666,15
M02367,768.2099999999999,0.0,2,0.0,0.5,-809.5899999999999,0.0,-1,0.0,0.5,0.0,0.0,3
M02368,131.04999999999995,0.0,0,0.0,0.0,1720.03,0.04,1,0.0,0.0,2889.89,0.04,4
M02369,-125.21000000000004,0.0,0,0.0,0.0,-492.55999999999995,-0.2,-1,0.0,0.0,64.23,0.0,2
M02370,-133.82,0.0,0,0.0,0.0,-11.480000000000004,0.0,0,0.0,0.0,95.57,0.0,0
M02371,249.1800000000003,-0.16666666666666666,0,0.0,0.0,-1034.5300000000002,0.16666666666666666,0,0.5,0.0,1458.75,0.16666666666666666,1
M02372,-595.04,0.0,0,0.0,0.5,-252.64,0.0,-3,0.0,0.0,0.0,0.0,18
M02373,1042.54,0.0,2,0.0,0.0,-925.3199999999999,0.0,0,0.0,0.0,1421.16,0.0,3
M02374,-126.82,0.0,0,0.0,0.0,0.0,0.0,0,0.0,0.0,0.0,0.0,1
M02375,98.58999999999997,0.0,1,0.0,0.0,231.38,0.0,0,0.0,0.0,561.26,0.0,1
M02376,0.0,0.0,0,0.0,0.0,5688.2300000000005,0.05172413793103448,2,1.0,1.0,5688.2300000000005,0.05172413793103448,2
M02377,-190.95999999999998,0.0,0,0.0,0.0,960.39,0.0,-1,0.0,0.0,1233.0,0.0,0
M02378,571.3100000000002,-0.16666666666666666,1,1.0,0.0,521.1799999999998,0.0625,-1,0.0,0.0,1795.5,0.0625,0
M02379,62.44999999999999,0.0,24,0.0,0.5,-181.2,0.0,-1,0.0,0.5,109.39,0.0,23
M02380,258.42,0.0,1,0.0,0.0,1677.4399999999996,0.07692307692307693,0,0.5,0.0,2114.2999999999997,0.07692307692307693,1
M02381,-155.25,0.0,0,0.5,0.0,1122.1200000000001,0.0,-1,0.5,0.0,1392.64,0.0,0
M02382,-949.01,0.0,0,0.0,0.0,469.59999999999997,0.0,0,0.0,0.0,848.42,0.0,2
M02383,-147.85000000000036,0.015760441292356184,0,0.0,0.0,3621.63,0.0024366471734892786,0,0.0,0.0,8689.66,0.039473684210526314,2
M02384,-510.68000000000006,0.1,0,0.0,0.0,2770.21,-0.0411764705882353,0,0.0,0.0,4805.97,0.058823529411764705,2
M02385,573.61,-0.1,-1,0.5,0.0,52.42000000000007,0.07142857142857142,0,0.0,0.0,1446.44,0.07142857142857142,0
M02386,791.8799999999999,-0.09090909090909091,0,0.5,0.0,-1691.5099999999998,0.0,-1,0.0,0.0,729.9,0.0,1
M02387,81.19,-0.3333333333333333,0,0.0,0.0,-239.99,0.0,0,0.0,0.0,0.0,0.0,2
M02388,-34.379999999999995,0.0,0,0.0,0.0,-88.59,-0.3333333333333333,1,0.0,0.0,185.15,0.0,1
M02389,-61.95,0.0,0,0.0,0.5,108.01,1.0,-1,0.0,0.0,108.01,1.0,13
M02390,-36.980000000000004,0.0,-1,0.5,0.0,-47.75,0.0,0,0.0,0.0,77.7,0.0,1
M02391,-231.57,0.0,-1,0.0,0.0,-120.04,0.0,0,0.0,0.0,0.0,0.0,1
M02392,-336.63,0.0,0,0.5,0.0,136.16000000000003,0.0,0,0.0,0.0,231.49,0.0,2
M02393,-72.24,-1.0,0,0.0,0.0,23.77,0.0,1,0.0,0.0,23.77,0.0,2
M02394,997.18,-0.1090909090909091,0,0.0,0.0,-852.54,0.07575757575757575,0,0.5,0.0,664.28,0.16666666666666666,2
M02395,-381.00999999999993,0.0,0,0.0,0.0,27.819999999999993,0.0,0,0.0,0.0,246.74,0.0,2
M02396,0.0,0.0,0,0.0,0.0,522.58,0.0,0,1.0,1.0,522.58,0.0,0
M02397,2759.74,0.02857142857142857,1,1.0,1.0,2569.2,-0.00857142857142857,1,0.0,0.0,5328.94,0.02,2
M02398,-117.9,0.0,0,0.0,0.0,20.439999999999998,0.0,1,0.0,0.0,105.28,0.0,2
M02399,947.4100000000001,-0.03571428571428571,28,0.0,0.5,-1511.5900000000001,-0.047619047619047616,-3,0.0,0.5,1224.35,0.0,26
M02400,-91.37,0.0,2,0.0,0.5,0.0,0.0,0,0.0,0.5,0.0,0.0,2
M02401,-2.6299999999999955,-0.05555555555555555,0,0.0,0.0,-135.23000000000002,-0.1111111111111111,-1,0.0,0.0,555.0,0.0,0
M02402,34.86,0.0,1,0.0,0.0,77.07000000000001,0.0,0,0.0,0.0,111.93,0.0,1
M02403,835.49,0.0,1,1.0,1.0,-563.1,0.0,0,0.5,0.0,272.39,0.0,1
M02404,0.0,0.0,0,0.0,0.0,12244.59,0.0625,0,1.0,1.0,12244.59,0.0625,0
M02405,-245.31,0.0,0,0.0,0.0,52.95,0.0,0,0.0,0.0,118.65,0.0,1
M02406,202.92999999999998,0.0,0,0.0,0.0,-256.08,0.0,0,0.0,0.0,0.0,0.0,0
M02407,709.57,0.14285714285714285,0,1.0,1.0,368.5699999999998,0.0,0,0.0,0.0,1078.1399999999999,0.14285714285714285,0
M02408,-69.44000000000003,0.0,0,0.0,0.0,-40.230000000000004,0.5,0,0.0,0.0,109.42999999999999,0.5,1
M02409,-501.28,0.0,0,0.0,0.0,188.7800000000001,0.2,0,0.0,0.0,761.58,0.2,0
M02410,50.370000000000005,0.0,0,0.0,0.0,-83.17,0.0,-1,0.0,0.0,0.0,0.0,2
M02411,33.629999999999995,0.0,0,0.0,0.0,-92.46999999999998,-0.5,0,0.0,0.0,71.73,0.0,2
M02412,89.64,0.0,4,1.0,1.0,273.99,0.0,0,0.0,0.0,363.63,0.0,4
M02413,-376.55999999999995,-0.13333333333333333,1,0.0,0.0,799.3000000000002,0.06666666666666667,0,0.0,0.0,2065.61,0.06666666666666667,1
M02414,-1129.3799999999999,0.0,0,0.0,0.5,702.6,0.0,-2,0.0,0.0,845.84,0.0,26
M02415,0.0,0.0,0,0.0,0.0,38.79,0.0,2,0.5,0.0,38.79,0.0,3
M02416,716.35,0.0,0,0.0,0.0,757.1699999999998,0.0,1,0.0,0.0,1537.1599999999999,0.0,2
M02417,3.57000000000005,0.2,1,0.0,0.0,-29.460000000000036,-0.2,0,0.0,0.0,372.53,0.0,1
M02418,186.93999999999994,0.0,0,0.0,0.0,-264.53,0.0,0,0.0,0.0,577.77,0.0,0
M02419,769.8799999999999,0.0,0,0.0,0.0,-659.95,0.0,0,0.0,0.0,420.59,0.0,0
M02420,208.53,0.0,0,1.0,1.0,145.33,0.0,0,0.0,0.0,353.86,0.0,0
M02421,1901.4099999999999,0.07142857142857142,0,0.0,0.0,-787.2999999999997,-0.07142857142857142,6,1.0,1.0,1114.1100000000001,0.0,6
M02422,77.66,0.0,6,0.5,0.5,-77.66,0.0,-3,0.5,0.5,0.0,0.0,6
M02423,1749.77,0.0,0,0.5,0.0,-1020.9299999999998,0.07142857142857142,0,0.0,0.0,2079.69,0.07142857142857142,0
M02424,611.0799999999999,0.0,0,1.0,1.0,-42.11999999999989,0.0,0,0.5,0.0,568.96,0.0,0
M02425,416.8,0.0,5,0.6666666666666666,0.5,-416.8,0.0,0,0.5,0.5,0.0,0.0,6
M02426,240.39000000000004,0.0,0,0.0,0.0,-204.02000000000004,0.0,1,0.0,0.0,110.2,0.0,1
M02427,-21.01000000000002,0.0,0,0.0,0.0,219.84000000000003,0.0,0,0.0,0.0,388.85,0.0,1
M02428,-328.57000000000005,1.0,0,0.0,0.0,50.440000000000005,-0.5,0,0.0,0.0,103.45,0.5,0
M02429,-2362.46,-0.041666666666666664,6,0.0,0.5,767.6800000000001,0.0,0,0.0,0.5,1337.13,0.0,6
M02430,278.41999999999996,0.0,0,0.0,0.0,67.17000000000002,0.0,0,0.0,0.0,448.08,0.0,0
M02431,350.76,0.16666666666666666,0,0.0,0.0,43.49000000000001,-0.16666666666666666,-1,0.5,0.0,735.61,0.0,1
M02432,-411.52,0.0,1,0.0,0.5,362.55,0.0,0,0.0,0.0,362.55,0.0,2
M02433,449.1,0.16666666666666666,2,1.0,1.0,710.2399999999999,-0.16666666666666666,-1,1.0,0.0,1159.34,0.0,1
M02434,-654.6000000000004,-0.03333333333333333,1,0.0,0.0,328.9100000000003,0.15384615384615385,0,0.0,0.0,2911.3,0.15384615384615385,2
M02435,0.0,0.0,0,0.0,0.0,971.66,0.6153846153846154,3,1.0,1.0,971.66,0.6153846153846154,3
M02436,524.66,0.125,1,0.5,0.0,-306.11999999999995,-0.125,0,0.5,0.0,218.54000000000002,0.0,1
M02437,276.46000000000004,0.0,0,0.0,0.0,-536.59,0.0,0,0.0,0.0,37.83,0.0,1
M02438,46.76000000000002,0.3333333333333333,0,0.0,0.0,-120.16000000000003,0.16666666666666669,0,0.0,0.0,126.82,0.5,4
M02439,-184.9100000000003,0.006441223832528181,0,0.0,0.0,-522.3,0.03985507246376811,-1,0.0,0.0,1950.59,0.08333333333333333,0
M02440,0.0,0.0,0,0.0,0.0,316.02000000000004,0.0,0,1.0,1.0,316.02000000000004,0.0,0
M02441,0.0,0.0,0,0.0,0.0,703.0600000000001,0.09090909090909091,1,1.0,1.0,703.0600000000001,0.09090909090909091,1
M02442,0.0,0.0,0,0.0,0.0,0.0,0.0,0,0.0,0.0,0.0,0.0,2
M02443,262.36,0.0,0,0.0,0.0,31.71999999999997,0.2,1,0.0,0.0,463.47999999999996,0.2,4
M02444,167.76999999999998,0.0,0,0.0,0.0,-895.8,0.0,0,0.0,0.0,183.18,0.0,0
M02445,253.89,0.0,0,0.0,0.0,79.32,0.5,-1,0.0,0.0,333.21,0.5,0
M02446,325.81000000000006,0.0,0,0.5,1.0,-301.13000000000005,0.0,0,0.0,0.0,59.2,0.0,4
M02447,-125.00999999999999,0.0,2,0.0,0.5,208.78999999999996,0.0,0,0.0,0.0,977.78,0.0,6
M02448,679.6299999999999,-0.2,0,0.0,0.0,-721.77,0.0,1,0.0,0.0,416.02,0.0,2
M02449,599.7700000000001,0.15384615384615385,0,0.0,0.0,-789.32,-0.15384615384615385,0,0.0,0.0,812.58,0.0,1
M02450,-114.32,0.0,0,0.0,0.0,79.22,1.0,-1,0.0,0.0,79.22,1.0,1
M02451,61.27999999999997,0.0,0,0.0,0.0,-172.24999999999994,0.0,1,0.0,0.0,482.29,0.0,2
M02452,-212.22,-0.3333333333333333,-1,0.5,0.0,11.080000000000005,0.0,1,0.0,0.0,72.98,0.0,2
M02453,352.1600000000001,0.2222222222222222,0,0.0,0.0,-27.63000000000011,-0.1222222222222222,1,0.0,0.0,1180.46,0.1,1
M02454,0.0,0.0,0,0.0,0.0,0.0,0.0,0,0.0,0.0,0.0,0.0,0
M02455,0.0,0.0,0,0.0,0.0,1232.36,0.25,3,1.0,1.0,1232.36,0.25,3
M02456,-79.25,0.0,0,0.0,0.0,-387.15000000000003,0.0,0,0.0,0.0,381.93,0.0,2
M02457,0.0,0.0,0,0.0,0.0,7015.6,0.07142857142857142,0,1.0,1.0,7015.6,0.07142857142857142,0
M02458,-576.6999999999999,0.0,2,0.5,0.0,222.96999999999997,0.0,0,0.5,0.0,346.53999999999996,0.0,2
M02459,-357.08000000000004,0.0,0,0.0,0.0,210.83000000000004,-0.14285714285714285,0,0.0,0.0,977.47,0.0,1
M02460,-365.78,0.125,0,0.0,0.0,979.8499999999999,-0.125,0,0.0,0.0,1789.55,0.0,0
M02461,1149.71,-0.06666666666666667,25,0.0,0.5,157.09000000000015,0.037037037037037035,-1,0.0,0.5,2678.07,0.037037037037037035,24
M02462,329.42,0.0,1,1.0,1.0,112.20999999999998,0.0,1,0.0,0.0,441.63,0.0,2
M02463,-122.49,0.0,0,0.0,0.0,0.0,0.0,0,0.0,0.0,0.0,0.0,1
M02464,-419.96,0.0,0,0.0,0.0,0.0,0.0,0,0.0,0.0,0.0,0.0,1
M02465,232.49,0.3333333333333333,0,0.0,0.0,-911.4,-0.3333333333333333,0,0.0,0.0,422.85,0.0,0
M02466,-237.95000000000005,0.16666666666666666,0,0.0,0.0,118.96000000000004,-0.16666666666666666,-1,0.0,0.0,688.73,0.0,0
M02467,-716.1499999999999,0.0,0,0.0,0.0,237.82,0.0,0,0.0,0.0,348.5,0.0,2
M02468,0.0,0.0,0,0.0,0.0,748.98,0.1,0,1.0,1.0,748.98,0.1,0
M02469,618.88,0.0,1,0.0,0.0,-373.45,0.0,0,0.0,0.0,413.2,0.0,1
M02470,22.43,0.0,0,1.0,1.0,1371.0,0.0,0,0.0,0.0,1393.43,0.0,0
M02471,972.12,0.0,0,1.0,1.0,2171.01,0.034482758620689655,0,0.5,0.0,3143.13,0.034482758620689655,0
M02472,177.25,0.0,1,0.0,0.0,-216.71,0.0,0,0.0,0.0,48.35,0.0,2
M02473,106.47,0.0,0,0.0,0.0,249.23,0.0,-2,0.0,0.0,355.7,0.0,27
M02474,70.99,0.0,1,0.0,0.0,-80.41,0.0,-1,0.0,0.0,26.72,0.0,0
M02475,133.72,0.0,0,0.0,0.0,50.25000000000003,0.0,0,0.0,0.0,183.97000000000003,0.0,0
M02476,157.02,0.0,0,0.0,0.0,-157.02,0.0,0,0.0,0.0,0.0,0.0,0
M02477,1167.8599999999997,-0.010714285714285711,12,0.0,0.5,-1046.8799999999997,-0.025,-2,0.0,0.5,3055.7400000000002,0.0,11
M02478,0.0,0.0,0,0.0,0.0,0.0,0.0,0,0.0,0.0,0.0,0.0,1
M02479,513.12,0.1,0,0.0,0.0,-584.47,0.15,0,0.0,0.0,294.49,0.25,0
M02480,575.3299999999999,0.125,0,0.0,0.0,2122.58,0.0,0,0.0,0.0,3481.13,0.125,0
M02481,2862.96,0.0,4,0.0,0.5,-2205.1,0.0,0,0.0,0.5,794.23,0.0,4
M02482,-44.64999999999998,-0.25,0,0.0,0.0,342.21999999999997,0.0,0,0.0,0.0,675.27,0.0,0
M02483,-1021.6599999999999,0.010000000000000002,25,0.0,0.5,1086.1,0.04090909090909091,0,0.0,0.5,2802.81,0.09090909090909091,26
M02484,1511.2199999999993,0.001387604070305276,-1,0.0,0.0,-853.7599999999993,0.03682342502218279,0,0.0,0.0,5379.51,0.10204081632653061,0
M02485,-173.87,0.0,0,0.5,0.0,-134.37,0.0,-1,0.0,0.0,185.63,0.0,0
M02486,33.860000000000014,-0.16666666666666666,-1,0.5,0.0,182.87,0.0,0,0.0,0.0,844.87,0.0,2
M02487,866.6699999999996,-0.006191950464396287,0,0.0,0.0,-0.27999999999974534,-0.05263157894736842,1,0.0,0.0,2589.5,0.0,2
M02488,-120.4,0.0,0,0.0,0.0,0.0,0.0,1,0.0,0.0,0.0,0.0,1
M02489,268.04999999999995,0.5,0,0.0,0.0,9.460000000000036,-0.16666666666666669,0,0.0,0.0,315.49,0.3333333333333333,1
M02490,629.44,0.0,0,1.0,1.0,-175.87000000000006,0.16666666666666666,0,0.0,0.0,453.57,0.16666666666666666,0
M02491,886.7,0.0,0,0.0,0.0,-371.62,0.0,0,0.5,0.0,977.86,0.0,0
M02492,0.0,0.0,0,0.0,0.0,44.1,0.0,0,0.0,0.0,44.1,0.0,0
M02493,991.0500000000002,-0.02058823529411765,0,0.0,0.0,-734.2000000000003,0.014066496163682864,0,0.0,0.0,2217.18,0.043478260869565216,2
M02494,2554.76,0.07692307692307693,1,1.0,1.0,-604.1300000000001,0.04072398190045248,0,0.0,0.0,1950.63,0.11764705882352941,1
M02495,-108.31000000000017,0.0,0,0.5,0.0,40.180000000000064,0.0,0,0.0,0.0,1146.5,0.0,1
M02496,0.0,0.0,0,0.0,0.0,0.0,0.0,0,0.5,0.0,0.0,0.0,1
M02497,310.74,0.0,-1,0.0,0.0,-232.0,0.0,1,0.0,0.0,78.74,0.0,2
M02498,-1646.5499999999997,0.07692307692307693,0,0.0,0.0,403.3199999999997,-0.07692307692307693,0,0.0,0.0,3280.18,0.0,0
M02499,596.0799999999999,0.0,0,0.0,0.0,-496.5799999999999,0.0,0,0.0,0.0,380.74,0.0,2
M02500,191.39999999999998,0.0,0,0.0,0.0,-191.39999999999998,0.0,0,0.0,0.0,0.0,0.0,0
M02501,0.0,0.0,0,0.0,0.0,3880.13,0.0,0,1.0,1.0,3880.13,0.0,0
M02502,-182.3800000000001,0.023076923076923078,-1,0.5,0.0,-105.08000000000004,-0.1,0,0.0,0.0,901.42,0.0,0
M02503,317.62,-0.1090909090909091,0,0.0,0.0,-625.22,-0.09090909090909091,2,0.5,0.0,508.27000000000004,0.0,2
M02504,-66.25,0.0,0,0.0,0.0,-147.43,0.0,0,0.0,0.0,346.56,0.0,1
M02505,677.53,0.05555555555555555,0,0.0,0.0,-271.0799999999999,-0.05555555555555555,0,0.5,0.0,2329.42,0.0,0
M02506,136.33,0.0,0,0.0,0.0,-104.59,0.0,1,0.5,0.0,89.47,0.0,1
M02507,1089.8000000000002,-0.16666666666666666,0,0.0,0.0,-182.41000000000008,0.0,0,0.0,0.0,1315.28,0.0,4
M02508,4.019999999999982,0.0,51,0.0,0.6666666666666666,-134.63,0.16666666666666666,-25,0.0,0.6666666666666666,543.12,0.16666666666666666,28
M02509,333.8699999999999,0.0,-1,0.0,0.5,428.6500000000001,0.0,-3,0.0,0.0,994.5,0.0,24
M02510,175.79000000000002,0.0,0,0.0,0.0,-140.88,0.0,0,0.0,0.0,121.17,0.0,1
M02511,-344.0,0.0,1,0.0,0.0,391.64,0.0,1,0.0,0.0,391.64,0.0,2
M02512,512.2400000000001,0.0,0,0.0,0.0,-460.4900000000001,0.0,0,0.0,0.0,604.37,0.0,1
M02513,-315.59,0.0,0,0.0,0.0,121.72,0.25,0,0.0,0.0,250.34,0.25,2
M02514,182.66000000000008,-0.125,0,0.0,0.0,588.37,0.2222222222222222,0,0.0,0.0,1497.45,0.2222222222222222,0
M02515,-484.67999999999995,0.0,0,0.0,0.0,423.59000000000003,0.0,0,0.0,0.0,473.49,0.0,0
M02516,2666.3499999999995,0.014170040485829954,-1,0.0,0.0,-2685.72,-0.05263157894736842,0,0.0,0.0,2435.64,0.0,1
M02517,421.92,0.0,0,0.0,0.0,-328.41,0.0,1,0.0,0.0,157.02999999999997,0.0,3
M02518,-244.89999999999986,-0.047619047619047616,0,0.0,0.0,545.8699999999999,0.0,0,0.0,0.0,2198.73,0.0,1
M02519,0.0,0.0,0,0.0,0.0,4116.57,0.10256410256410256,0,1.0,1.0,4116.57,0.10256410256410256,0
M02520,227.56,0.125,0,1.0,0.0,19.749999999999943,-0.125,-1,0.0,0.0,481.92999999999995,0.0,1
M02521,351.3,0.3333333333333333,1,1.0,1.0,1738.5200000000002,-0.2333333333333333,0,0.0,0.0,2089.82,0.1,1
M02522,183.64000000000004,0.0,0,0.0,0.0,-310.08000000000004,0.0,0,0.0,0.0,70.2,0.0,0
M02523,293.75,0.0,0,1.0,1.0,-68.9,0.0,0,0.0,0.0,224.85,0.0,0
M02524,-612.0099999999999,-0.07500000000000001,-1,0.5,0.0,-59.56000000000006,-0.125,-1,0.0,0.0,601.8,0.0,2
M02525,-130.84000000000003,0.125,0,0.0,0.0,-402.04999999999995,-0.125,1,0.5,0.0,316.77,0.0,2
M02526,-656.24,0.16666666666666666,0,0.0,0.0,218.4000000000001,-0.16666666666666666,0,0.0,0.0,2027.43,0.0,0
M02527,467.57,0.0,0,0.0,0.0,-415.95,0.0,0,0.0,0.0,51.62,0.0,1
M02528,-197.24,0.0,0,0.0,0.0,159.98999999999998,0.0,0,0.0,0.0,212.67999999999998,0.0,0
M02529,0.0,0.0,0,0.0,0.0,85.44,1.0,4,1.0,1.0,85.44,1.0,4
M02530,-263.57000000000005,0.0,0,0.0,0.0,470.33000000000004,0.08333333333333333,0,0.0,0.0,1143.71,0.08333333333333333,0
M02531,31.600000000000023,0.0,0,0.0,0.0,759.6099999999999,0.1,0,0.0,0.0,1428.85,0.1,0
M02532,1057.46,0.09090909090909091,0,0.0,0.0,-795.7300000000002,-0.09090909090909091,0,0.0,0.0,1506.6499999999999,0.0,0
M02533,-575.38,-0.07142857142857142,0,0.0,0.0,2441.0699999999997,0.0,0,0.0,0.0,3319.66,0.0,1
M02534,1294.58,0.0,-1,0.5,0.0,1889.0,0.13636363636363635,1,0.5,0.0,3392.58,0.13636363636363635,1
M02535,1519.0299999999997,0.09090909090909091,0,0.0,0.0,-1225.5799999999997,0.06293706293706294,0,0.0,0.0,1188.1200000000001,0.15384615384615385,0
M02536,1077.07,0.0,0,0.0,0.0,353.46000000000004,0.1111111111111111,0,0.0,0.0,1802.73,0.1111111111111111,0
M02537,-553.63,0.08333333333333333,0,0.0,0.0,423.64,-0.08333333333333333,1,0.0,0.0,1375.52,0.0,1
M02538,-111.84,0.0,2,0.5,0.0,48.03,0.0,-1,0.5,0.0,48.03,0.0,2
M02539,119.90999999999998,0.0,-1,0.0,0.0,-25.099999999999994,0.5,1,0.0,0.0,167.29,0.5,2
M02540,-123.49000000000001,0.0,0,0.0,0.0,92.76,0.0,0,0.0,0.0,92.76,0.0,0
M02541,411.3800000000001,-0.004761904761904759,0,0.5,0.0,2855.0499999999997,-0.020155038759689922,0,0.5,0.0,4532.49,0.046511627906976744,0
M02542,182.43,0.0,0,0.0,0.0,274.09,0.0,0,0.0,0.0,456.52,0.0,1
M02543,0.0,0.0,28,0.0,1.0,1147.77,0.0,-2,1.0,0.0,1147.77,0.0,26
M02544,-15.349999999999909,0.0,0,0.0,0.0,-638.83,0.3333333333333333,0,0.0,0.0,366.14,0.3333333333333333,1
M02545,133.05,0.0,0,0.5,0.0,40.19999999999999,0.0,2,0.0,0.0,173.25,0.0,2
M02546,776.29,0.3,0,0.0,0.0,-1068.42,-0.3,0,0.0,0.0,380.36,0.0,0
M02547,0.0,0.0,0,0.0,0.0,0.0,0.0,1,0.5,0.0,0.0,0.0,3
M02548,148.45,0.5,-1,0.5,0.0,-84.94999999999999,-0.5,0,0.0,0.0,63.5,0.0,1
M02549,129.32,0.14285714285714285,0,0.5,0.0,-37.379999999999995,-0.14285714285714285,0,0.0,0.0,395.18,0.0,1
M02550,39.03,0.0,0,0.5,0.0,-39.03,0.0,0,0.5,0.0,0.0,0.0,0
M02551,-1740.84,0.13333333333333333,0,0.0,0.0,275.6399999999999,-0.05555555555555555,0,0.0,0.0,1647.82,0.1111111111111111,0
M02552,472.1,0.0,0,0.0,0.0,-679.74,0.0,0,0.0,0.0,320.19,0.0,0
M02553,-132.5300000000002,0.0,0,0.0,0.0,731.71,0.0,0,0.0,0.0,3096.52,0.0,0
M02554,563.98,-0.125,0,0.0,0.0,-256.70000000000005,0.0,0,0.0,0.0,782.53,0.0,2
M02555,-607.0,0.0,1,0.0,0.0,439.19000000000005,0.0,0,0.0,0.0,607.0500000000001,0.0,2
M02556,369.49,0.0,0,0.0,0.0,-369.49,0.0,0,0.0,0.0,0.0,0.0,0
M02557,-607.6499999999999,-0.08333333333333333,0,0.0,0.0,-840.2700000000002,0.0,0,0.0,0.0,1040.12,0.0,3
M02558,-1024.6200000000001,-0.2222222222222222,0,0.0,0.0,637.8799999999999,0.0,0,0.0,0.0,1136.6799999999998,0.0,1
M02559,0.0,0.0,0,0.0,0.0,18978.15,0.0374331550802139,0,1.0,1.0,18978.15,0.0374331550802139,0
M02560,46.569999999999936,0.1,0,0.5,0.0,605.8499999999999,-0.1,0,0.0,0.0,1764.1399999999999,0.0,0
M02561,-6.660000000000004,-0.5,0,0.0,0.0,174.13,0.0,0,0.0,0.0,224.13,0.0,0
M02562,57.48000000000002,0.0,0,0.0,0.0,484.80999999999995,0.0,0,0.0,0.0,1578.56,0.0,1
M02563,-325.61,-0.1111111111111111,1,0.5,0.0,-111.89999999999998,0.14285714285714285,0,0.5,0.0,771.5,0.14285714285714285,1
M02564,-1182.2600000000002,0.0,-1,0.5,0.5,910.9200000000001,0.047619047619047616,-3,0.5,0.0,3104.33,0.047619047619047616,25
M02565,105.44000000000005,0.004480286738351255,0,0.5,0.0,-1444.3400000000001,0.15821812596006143,0,0.0,0.0,2303.96,0.19047619047619047,0
M02566,0.0,0.0,2,1.0,1.0,1146.22,0.0,0,0.5,0.0,1146.22,0.0,2
M02567,-169.32,0.0,0,0.0,0.0,147.34,0.0,0,0.0,0.0,147.34,0.0,0
M02568,102.5,0.0,0,0.0,0.0,-93.09,0.0,0,0.0,0.0,68.66,0.0,1
M02569,-71.28000000000003,0.0,0,0.0,0.0,-271.53,0.0,-1,0.0,0.0,0.0,0.0,2
M02570,96.88000000000001,0.0,0,0.0,0.0,-162.61,0.0,0,0.5,0.0,0.0,0.0,1
M02571,5218.6900000000005,0.0196078431372549,1,1.0,1.0,-1045.6900000000005,0.008169934640522875,0,0.0,0.0,4173.0,0.027777777777777776,1
M02572,-694.2799999999997,0.08417508417508418,0,0.0,0.0,1245.0299999999997,-0.07121212121212121,0,0.0,0.0,4940.04,0.05,2
M02573,-541.9899999999999,0.1111111111111111,0,0.0,0.0,-185.95999999999998,-0.1111111111111111,0,0.0,0.0,419.18,0.0,1
M02574,-230.89000000000033,0.08695652173913043,21,0.0,0.5,-1400.0499999999997,-0.08695652173913043,-3,0.0,0.5,1705.4,0.0,20
M02575,0.0,0.0,0,0.0,0.0,959.9200000000001,0.0,18,1.0,1.0,959.9200000000001,0.0,18
M02576,0.0,0.0,-1,0.0,0.0,163.36,0.0,0,0.0,0.0,163.36,0.0,0
M02577,-41.0,0.0,0,0.0,0.0,59.61,0.0,1,0.0,0.0,59.61,0.0,3
M02578,-32.56999999999999,0.0,1,0.0,0.0,-136.24,0.0,0,0.0,0.0,0.0,0.0,1
M02579,-70.00999999999999,0.0,2,0.5,0.0,254.20000000000002,0.0,0,0.5,0.0,398.66,0.0,3
M02580,538.98,0.3333333333333333,1,0.5,0.0,-133.59000000000003,0.3333333333333333,0,0.5,0.0,405.39,0.6666666666666666,1
M02581,-532.16,0.0,0,0.0,0.0,454.53999999999996,0.0,0,0.0,0.0,1007.15,0.0,0
M02582,727.01,0.0,0,0.0,0.0,464.7400000000001,0.0,0,0.0,0.0,1394.41,0.0,3
M02583,188.63,0.0,1,1.0,1.0,58.96000000000001,0.0,0,0.0,0.0,247.59,0.0,1
M02584,183.6199999999999,0.0,0,0.0,0.0,-323.18,0.2,0,0.5,0.0,461.59999999999997,0.2,2
M02585,136.86,0.3333333333333333,0,0.0,0.0,-193.85999999999999,-0.3333333333333333,1,0.0,0.0,25.21,0.0,3
M02586,0.0,0.0,0,0.0,0.0,1218.53,0.18181818181818182,0,1.0,1.0,1218.53,0.18181818181818182,0
M02587,75.66,0.0,0,0.0,0.0,-164.09,0.0,-1,0.0,0.0,0.0,0.0,1
M02588,-30.139999999999873,0.053571428571428575,1,0.0,0.0,-149.01000000000022,-0.125,0,0.0,0.0,1482.1399999999999,0.0,2
M02589,717.7900000000001,0.0,0,0.0,0.0,-322.5200000000001,0.16666666666666666,0,0.0,0.0,553.16,0.16666666666666666,0
M02590,363.75,0.0,0,0.5,0.0,304.77999999999986,0.0,0,0.0,0.0,1325.62,0.0,0
M02591,0.0,0.0,0,1.0,1.0,98.69,0.0,0,0.0,0.0,98.69,0.0,0
M02592,-690.43,0.0,0,0.0,0.0,479.78000000000003,0.0,0,0.0,0.0,530.48,0.0,0
M02593,1218.68,0.0,-1,0.5,0.0,-943.48,0.16666666666666666,0,0.0,0.0,681.0,0.16666666666666666,0
M02594,96.13,0.0,0,0.0,0.0,227.04000000000002,0.0,0,0.0,0.0,323.17,0.0,0
M02595,-363.19000000000005,0.09523809523809523,0,0.0,0.0,724.5,-0.09523809523809523,0,0.0,0.0,2942.85,0.0,0
M02596,-57.05,0.0,0,0.0,0.5,81.63,1.0,-1,0.0,0.0,81.63,1.0,13
M02597,524.18,0.09090909090909091,0,0.0,0.0,-45.85000000000002,-0.09090909090909091,0,0.0,0.0,818.92,0.0,0
M02598,178.64000000000033,-0.06666666666666667,0,0.0,0.0,-1113.1600000000003,-0.020592020592020588,0,0.0,0.0,3532.15,0.02702702702702703,0
M02599,-50.13000000000011,-0.07142857142857142,21,0.0,0.5,-797.56,0.0625,-2,0.0,0.5,805.0,0.0625,19
M02600,0.0,0.0,0,0.0,0.0,0.0,0.0,0,0.0,0.0,0.0,0.0,0
M02601,0.0,0.0,0,0.0,0.0,1785.8400000000001,0.5714285714285714,1,1.0,1.0,1785.8400000000001,0.5714285714285714,1
M02602,1421.23,-0.08695652173913043,6,1.0,1.0,-1287.1599999999999,0.041666666666666664,0,0.0,0.0,2108.51,0.041666666666666664,6
M02603,-160.53999999999996,0.0,0,0.0,0.0,490.13,0.0,0,0.5,0.0,900.6,0.0,2
M02604,-326.0400000000001,0.0,-1,0.0,0.0,538.85,0.2,0,0.0,0.0,677.46,0.2,1
M02605,-46.45000000000002,0.0,1,0.0,0.0,406.37,0.0,-1,0.0,0.0,558.72,0.0,1
M02606,-1297.47,0.2,0,0.0,0.0,222.08999999999992,-0.2,0,0.0,0.0,713.3,0.0,0
M02607,0.0,0.0,1,0.5,0.0,119.14,0.0,-2,0.5,0.0,119.14,0.0,0
M02608,-1464.42,0.0,0,0.0,0.0,924.57,0.0,0,0.0,0.0,1260.73,0.0,2
M02609,252.76999999999998,0.3333333333333333,0,0.0,0.0,-252.76999999999998,-0.3333333333333333,0,0.0,0.0,0.0,0.0,1
M02610,357.0,-0.5,0,0.0,0.0,4.8899999999999295,0.0,0,0.5,0.0,445.16999999999996,0.0,0
M02611,29.319999999999936,0.0,1,0.0,0.0,-393.97999999999996,0.0,0,0.0,0.0,230.54000000000002,0.0,3
M02612,-754.6400000000001,0.0,0,0.0,0.0,-201.12,0.14285714285714285,-1,0.0,0.0,409.91999999999996,0.14285714285714285,1
M02613,-145.65000000000003,0.0,0,0.5,0.0,-206.85,0.0,0,0.5,0.0,226.84,0.0,0
M02614,4607.37,0.0,0,1.0,1.0,-140.34999999999945,0.04878048780487805,0,0.0,0.0,4467.02,0.04878048780487805,0
M02615,-203.08000000000015,-0.1,0,0.0,0.0,-303.89999999999986,0.0625,0,0.0,0.0,1209.45,0.0625,1
M02616,-483.41,0.0,0,0.0,0.0,331.0,0.2,0,0.0,0.0,382.79,0.2,0
M02617,3336.0299999999997,0.06666666666666667,0,0.5,0.0,-908.5399999999995,0.007407407407407404,0,0.5,0.0,2530.9900000000002,0.07407407407407407,1
M02618,204.23999999999998,0.14285714285714285,0,0.0,0.0,382.16999999999996,-0.14285714285714285,0,0.0,0.0,703.56,0.0,0
M02619,-727.9200000000001,-0.2857142857142857,-1,0.0,0.0,-132.75,0.0,-1,0.0,0.0,325.3,0.0,1
M02620,50.38999999999987,0.0,0,0.0,0.0,207.56000000000017,0.05,0,0.0,0.0,1753.65,0.05,1
M02621,-219.99,0.0,0,0.0,0.0,297.51,0.0,1,0.0,0.0,297.51,0.0,2
M02622,0.0,0.0,0,0.0,0.0,0.0,0.0,0,0.0,0.0,0.0,0.0,1
M02623,272.27,0.0,2,1.0,1.0,861.96,0.09090909090909091,1,0.5,0.0,1134.23,0.09090909090909091,3
M02624,-216.14000000000001,0.0,-1,0.0,0.0,0.0,0.0,2,1.0,0.0,0.0,0.0,2
M02625,3079.29,-0.03063861203396087,0,0.0,0.0,299.0799999999999,0.01802528921172989,0,0.0,0.0,7124.16,0.03389830508474576,0
M02626,831.8000000000001,0.125,4,0.5,0.5,-884.6800000000001,-0.125,0,0.0,0.5,0.0,0.0,5
M02627,1710.4,0.0,0,1.0,1.0,-1351.96,0.0,0,0.0,0.0,358.44,0.0,0
M02628,58.629999999999995,0.2,0,0.0,0.0,346.24,-0.0888888888888889,0,0.5,0.0,815.0,0.1111111111111111,0
M02629,1896.05,0.0,0,0.5,0.0,1252.15,0.037037037037037035,0,0.5,0.0,3473.94,0.037037037037037035,0
M02630,0.0,0.0,1,1.0,1.0,37.07,0.0,0,0.5,0.0,37.07,0.0,1
M02631,316.18,0.0,1,0.5,0.0,-316.18,0.0,0,0.5,0.0,0.0,0.0,1
M02632,1317.08,-0.02930402930402931,0,0.0,0.0,660.6799999999998,-0.015360983102918585,0,0.0,0.0,3307.5499999999997,0.03225806451612903,1
M02633,-36.700000000000045,0.0,0,0.0,0.0,-346.05,0.2,0,0.0,0.0,204.2,0.2,0
M02634,-406.7199999999999,0.07692307692307693,0,0.0,0.0,1069.7200000000003,-0.014423076923076927,1,0.0,0.0,2034.3700000000001,0.0625,1
M02635,-626.1499999999999,0.0,0,0.0,0.0,-461.3800000000001,0.0,1,0.5,0.0,626.28,0.0,2
M02636,267.73,0.0,0,0.0,0.0,-549.24,0.09090909090909091,0,0.0,0.0,1297.78,0.09090909090909091,1
M02637,163.26999999999992,0.0,0,0.5,0.0,-131.49999999999994,0.0,0,0.0,0.0,457.67,0.0,0
M02638,55.02000000000001,0.25,0,0.0,0.0,-55.670000000000016,-0.25,1,0.5,0.0,243.14,0.0,2
M02639,243.31,0.0,0,0.5,0.0,-243.31,0.0,0,0.0,0.0,0.0,0.0,0
M02640,-150.3,0.0,-1,0.0,0.0,112.22999999999999,0.0,0,0.0,0.0,112.22999999999999,0.0,1
M02641,21.859999999999957,0.0,50,0.5,0.6666666666666666,-331.85,0.0,-26,0.5,0.6666666666666666,88.22,0.0,26
M02642,-407.70000000000005,0.0,0,0.0,0.0,570.9000000000001,0.0,1,0.0,0.0,616.1800000000001,0.0,1
M02643,340.41999999999996,0.0,0,0.0,0.0,-340.41999999999996,0.0,0,0.5,0.0,0.0,0.0,0
M02644,1466.32,0.0,1,0.0,0.0,-677.7499999999999,0.0,1,0.0,0.0,788.57,0.0,3
M02645,401.6999999999998,-0.0032051282051282007,0,0.0,0.0,-1505.97,0.02036199095022624,0,0.0,0.0,1339.3,0.058823529411764705,0
M02646,-34.729999999999905,0.0,0,0.0,0.0,-26.950000000000045,0.0,0,0.0,0.0,262.37,0.0,0
M02647,21.46,0.0,0,1.0,1.0,291.76,0.0,0,0.0,0.0,313.21999999999997,0.0,0
M02648,0.0,0.0,0,0.0,0.0,4892.1900000000005,0.024390243902439025,2,1.0,1.0,4892.1900000000005,0.024390243902439025,2
M02649,13.269999999999996,0.0,0,0.0,0.0,102.63,0.0,1,0.5,0.0,148.14,0.0,1
M02650,317.65999999999985,0.08695652173913043,-1,0.0,0.0,2317.2400000000002,-0.011956521739130435,2,0.5,0.0,4037.78,0.075,2
M02651,0.0,0.0,0,0.0,0.0,1455.45,0.0,3,1.0,1.0,1455.45,0.0,3
M02652,161.46000000000004,0.5,0,0.0,0.0,196.99,-0.5,0,0.0,0.0,623.96,0.0,0
M02653,1018.2000000000003,-0.027777777777777776,1,0.5,0.0,-1454.4100000000003,0.0,-1,0.5,0.0,3118.2999999999997,0.0,0
M02654,138.97,0.0,21,1.0,1.0,-13.039999999999992,0.0,-2,0.0,0.5,125.93,0.0,19
M02655,224.63,-0.3333333333333333,1,0.0,0.5,-391.18,1.0,0,0.5,0.0,95.12,1.0,16
M02656,60.85,0.0,0,1.0,1.0,879.55,0.0,0,0.5,0.0,940.4,0.0,0
M02657,-472.39,0.0,0,0.0,0.0,501.49,0.0,1,0.5,0.0,711.64,0.0,2
M02658,1054.7399999999998,-0.006970375902414741,0,0.0,0.0,-987.4200000000001,0.002289377289377288,0,0.0,0.0,13061.44,0.05357142857142857,2
M02659,423.7700000000001,0.0,0,0.0,0.0,-450.5300000000001,0.0,0,0.0,0.0,112.16,0.0,1
M02660,0.0,0.0,0,0.0,0.0,263.48,0.0,0,0.0,0.0,263.48,0.0,0
M02661,21.599999999999994,0.0,0,0.0,0.0,615.9300000000001,0.0,0,0.0,0.0,693.98,0.0,1
M02662,861.1600000000001,0.0,0,1.0,1.0,332.5799999999999,0.0,0,0.0,0.0,1193.74,0.0,0
M02663,991.6199999999999,0.0,0,0.0,0.0,-689.6899999999999,0.0,0,0.0,0.0,650.65,0.0,0
M02664,-57.28000000000001,0.0,0,0.5,0.0,183.38,0.0,0,0.5,0.0,196.53,0.0,0
M02665,0.0,0.0,0,0.0,0.0,757.02,0.08333333333333333,0,1.0,1.0,757.02,0.08333333333333333,0
M02666,466.6800000000003,0.024038461538461536,0,0.0,0.0,-1498.1900000000005,0.014423076923076927,0,0.0,0.0,5024.94,0.07692307692307693,0
M02667,343.29,0.0,0,1.0,1.0,727.3700000000001,0.0,0,0.0,0.0,1070.66,0.0,0
M02668,-26.499999999999886,0.0,1,0.0,0.0,367.41999999999985,0.0,0,0.5,0.0,1291.35,0.0,1
M02669,-17.00000000000091,0.04817275747508305,-1,0.0,0.0,365.15000000000055,-0.008928571428571425,2,0.0,0.0,4522.8,0.0625,5
M02670,-228.48,0.0,-1,0.0,0.0,0.0,0.0,0,0.0,0.0,0.0,0.0,0
M02671,-36.62,0.0,0,0.0,0.0,615.7,0.0,0,0.0,0.0,615.7,0.0,0
M02672,245.19,0.0,1,1.0,1.0,-86.44,0.5,0,0.0,0.0,158.75,0.5,1
M02673,83.36,0.0,1,0.5,0.0,-83.36,0.0,0,0.5,0.0,0.0,0.0,1
M02674,-174.34,0.0,-1,0.5,0.0,0.0,0.0,0,0.0,0.0,0.0,0.0,0
M02675,59.79000000000002,0.16666666666666666,0,0.0,0.5,-329.89000000000004,-0.16666666666666666,1,0.0,0.0,69.33,0.0,4
M02676,0.0,0.0,0,0.0,0.0,1492.29,0.0,1,1.0,1.0,1492.29,0.0,1
M02677,-285.34,0.0,1,0.0,0.0,483.18,0.16666666666666666,0,0.0,0.0,820.72,0.16666666666666666,2
M02678,-1010.02,0.0,0,0.0,0.0,945.77,0.0,0,0.0,0.0,1211.71,0.0,0
M02679,-140.10000000000002,0.0,-1,0.0,0.0,-402.19999999999993,0.0,0,0.0,0.0,175.85,0.0,1
M02680,0.0,0.0,0,0.0,0.0,0.0,0.0,0,0.0,0.0,0.0,0.0,0
M02681,0.0,0.0,0,0.0,0.0,3361.9,0.04,0,1.0,1.0,3361.9,0.04,0
M02682,-463.7399999999999,0.0,-1,0.0,0.5,418.19999999999993,0.0,0,0.0,0.0,1049.58,0.0,15
M02683,-240.22,0.0,27,0.0,0.5,0.0,0.0,-1,0.0,0.5,0.0,0.0,26
M02684,-1600.9899999999998,0.047619047619047616,0,0.5,0.0,2038.62,-0.016369047619047616,0,0.5,0.0,4672.13,0.03125,0
M02685,-285.39,0.0,0,0.0,0.0,64.88,0.0,0,0.0,0.0,64.88,0.0,0
M02686,157.14,0.0,1,0.0,0.0,-120.26999999999998,0.0,0,0.0,0.0,93.37,0.0,2
M02687,-72.49999999999989,0.125,1,0.0,0.0,-699.1300000000001,-0.125,0,0.0,0.0,219.28,0.0,1
M02688,586.71,-0.14285714285714285,0,0.0,0.0,-114.65000000000009,0.0,0,0.0,0.0,967.48,0.0,3
M02689,-589.7900000000001,0.09090909090909091,0,0.0,0.0,1526.77,0.09090909090909091,0,0.0,0.0,2338.64,0.18181818181818182,1
M02690,878.22,0.0,0,1.0,1.0,607.72,0.0625,0,0.5,0.0,1485.94,0.0625,0
M02691,65.45,0.0,0,0.0,0.0,437.91,0.0,0,0.0,0.0,503.36,0.0,1
M02692,-22.029999999999973,0.1,0,0.0,0.0,-523.87,-0.1,0,0.0,0.0,651.16,0.0,0
M02693,174.11999999999998,0.0,0,0.5,0.0,209.65999999999997,0.0,0,0.0,0.0,530.43,0.0,2
M02694,-373.28,-0.2222222222222222,0,0.0,0.0,-159.39,0.0,0,0.0,0.0,265.73,0.0,1
M02695,-613.37,0.0,0,0.5,0.0,173.91,0.0,-1,0.5,0.0,173.91,0.0,0
M02696,466.23999999999995,0.5,0,0.0,0.0,-298.86999999999995,0.0,1,0.5,0.0,232.43,0.5,2
M02697,-262.32000000000005,-0.3333333333333333,0,0.5,0.0,625.52,0.1111111111111111,0,0.0,0.0,650.99,0.1111111111111111,0
M02698,-132.25,0.0,5,0.0,0.5,121.08,0.0,0,0.0,0.5,121.08,0.0,6
M02699,-117.30999999999995,0.0,0,0.0,0.0,364.77,0.0,0,0.0,0.0,782.28,0.0,0
M02700,-401.07000000000005,0.2,0,0.0,0.0,114.57,-0.2,0,0.0,0.0,466.71999999999997,0.0,1
M02701,0.0,0.0,-1,0.5,0.0,0.0,0.0,0,0.0,0.0,0.0,0.0,1
M02702,-456.28999999999996,0.25,14,0.0,0.5,253.62999999999988,-0.17857142857142858,0,0.0,0.5,1228.58,0.07142857142857142,14
M02703,865.15,0.0,0,0.0,0.0,-759.35,0.0,0,0.0,0.0,154.88,0.0,1
M02704,361.59000000000003,0.0,0,0.5,0.0,-19.620000000000005,0.3333333333333333,6,0.0,1.0,341.97,0.3333333333333333,6
M02705,97.98000000000002,0.0,0,0.5,0.0,-139.21,0.0,0,0.0,0.0,0.0,0.0,0
M02706,-191.02999999999997,0.0,0,0.0,0.0,169.64,0.0,0,0.0,0.0,286.01,0.0,0
M02707,0.0,0.0,0,0.0,0.0,95.49,0.0,0,0.0,0.0,95.49,0.0,1
M02708,133.89,0.0,0,0.0,0.0,-133.89,0.0,0,0.0,0.0,0.0,0.0,1
M02709,4835.04,0.023255813953488372,1,1.0,1.0,1780.9300000000003,0.010077519379844961,0,0.5,0.0,6615.97,0.03333333333333333,1
M02710,623.25,0.0,0,1.0,1.0,1082.73,0.11764705882352941,0,0.0,0.0,1705.98,0.11764705882352941,0
M02711,1209.13,0.012380952380952381,0,0.0,0.0,1732.42,0.024745762711864405,0,0.0,0.0,6884.22,0.0847457627118644,0
M02712,-785.85,0.0,0,0.0,0.0,221.62999999999997,0.16666666666666666,0,0.0,0.0,460.78,0.16666666666666666,0
M02713,120.18000000000006,0.0,0,0.0,0.0,-349.98,0.125,0,0.0,0.0,931.4200000000001,0.125,1
M02714,5.519999999999996,0.0,0,0.0,0.0,125.66000000000001,0.0,0,0.0,0.0,209.18,0.0,0
M02715,-96.67000000000007,0.16666666666666666,0,0.0,0.0,-166.29999999999995,-0.16666666666666666,0,0.0,0.0,509.71000000000004,0.0,1
M02716,459.65,0.0,1,1.0,1.0,456.58000000000004,0.1,0,0.5,0.0,916.23,0.1,1
M02717,0.0,0.0,0,0.0,0.0,4023.5,0.02702702702702703,1,1.0,1.0,4023.5,0.02702702702702703,1
M02718,119.09000000000003,-0.3333333333333333,0,0.0,0.0,471.79999999999995,0.0,0,0.0,0.0,916.65,0.0,1
M02719,708.4099999999999,0.09090909090909091,0,0.5,0.0,-612.3799999999999,-0.09090909090909091,0,0.0,0.0,648.71,0.0,2
M02720,-289.57000000000005,0.0,0,0.0,0.0,1068.87,0.0,0,0.0,0.0,1370.78,0.0,0
M02721,-1005.0899999999999,0.0,-1,0.0,0.0,739.6399999999999,0.0,0,0.0,0.0,878.1899999999999,0.0,1
M02722,-8.969999999999999,0.0,-1,0.0,0.0,-92.66000000000001,0.0,0,0.0,0.0,53.55,0.0,1
M02723,74.8,0.0,2,0.0,0.5,90.00000000000001,0.0,0,0.0,0.0,164.8,0.0,7
M02724,-465.5799999999999,-0.047619047619047616,0,0.0,0.0,202.61000000000013,0.07142857142857142,0,0.0,0.0,1944.63,0.07142857142857142,1
M02725,1163.47,0.125,1,0.0,0.0,-1219.57,-0.125,-1,0.5,0.0,128.23,0.0,1
M02726,217.57,0.0,0,1.0,1.0,2099.31,0.0,0,0.0,0.0,2316.88,0.0,0
M02727,172.74,0.5,2,1.0,1.0,361.95000000000005,-0.5,0,0.0,0.0,534.69,0.0,2
M02728,-402.90999999999985,0.1565217391304348,0,0.0,0.0,-462.5999999999999,0.5142857142857142,2,0.5,0.0,1328.9,0.7142857142857143,3
M02729,100.44,0.0,0,0.0,0.0,-100.44,0.0,0,0.0,0.0,0.0,0.0,0
M02730,590.5899999999999,-0.16666666666666666,0,0.5,0.0,-384.52,0.0,-1,0.5,0.0,544.53,0.0,0
M02731,349.84000000000003,0.0,8,0.0,0.5,-274.56000000000006,0.0,0,0.0,0.5,75.28,0.0,8
M02732,289.56999999999994,-0.05555555555555555,6,0.5,0.5,-186.3499999999999,-0.1111111111111111,0,0.0,0.5,779.09,0.0,6
M02733,-222.02000000000004,0.0,0,0.0,0.0,554.55,0.0,0,0.0,0.0,602.6899999999999,0.0,0
M02734,0.0,0.0,0,0.0,0.0,28.19,0.0,0,0.0,0.0,28.19,0.0,1
M02735,547.48,0.0888888888888889,0,0.5,0.0,-269.28,-0.2,0,0.0,0.0,995.7,0.0,0
M02736,142.3900000000001,0.0,0,0.0,0.0,-397.37000000000006,0.0,1,0.0,0.0,493.81,0.0,4
M02737,-634.77,0.5,1,0.5,0.0,31.869999999999976,-0.5,1,0.5,0.0,253.28,0.0,3
M02738,-632.61,0.0,0,0.0,0.0,184.69000000000005,0.0,-1,0.0,0.0,479.21000000000004,0.0,3
M02739,21.830000000000098,0.0,1,0.0,0.0,-294.1300000000001,0.0,0,0.0,0.0,189.22,0.0,2
M02740,-1609.5300000000002,-0.07619047619047618,3,0.0,0.5,1989.1600000000003,-0.014035087719298248,1,0.0,0.5,2976.53,0.05263157894736842,5
M02741,-873.3900000000001,0.0,0,0.0,0.0,261.64,0.0,0,0.0,0.0,412.38,0.0,4
M02742,211.98000000000002,0.0,0,0.0,0.0,-877.56,0.0,0,0.0,0.0,1296.94,0.0,0
M02743,201.79999999999995,0.0,0,0.0,0.0,657.7600000000002,0.0,0,0.0,0.0,1093.6100000000001,0.0,0
M02744,-257.1500000000001,0.0023809523809523864,17,0.0,0.5,34.50000000000023,0.16052631578947368,-3,0.0,0.5,1897.14,0.21052631578947367,17
M02745,-0.11000000000001364,0.16666666666666666,0,0.0,0.0,-438.50999999999993,0.16666666666666666,0,0.0,0.0,138.92000000000002,0.3333333333333333,0
M02746,291.57,0.0,1,0.0,0.0,-468.35,0.0,0,0.0,0.0,112.0,0.0,2
M02747,-31.11,0.0,0,0.0,0.0,-90.28,0.0,0,0.0,0.0,0.0,0.0,0
M02748,-426.33,-0.125,1,0.0,0.0,621.02,0.125,0,0.0,0.0,737.58,0.125,1
M02749,387.49,0.0,0,0.0,0.0,-22.659999999999968,0.0,0,0.0,0.0,410.86,0.0,1
M02750,923.6399999999999,0.05799373040752351,0,0.0,0.0,-132.1199999999999,0.007662835249042141,0,0.0,0.0,3021.02,0.1111111111111111,0
M02751,102.73000000000002,0.0,0,0.0,0.0,-143.59000000000003,0.0,0,0.0,0.0,113.32,0.0,0
M02752,293.14,0.0,1,0.0,0.0,-388.28,0.0,0,0.0,0.0,0.0,0.0,1
M02753,-855.9300000000001,-0.07692307692307693,1,0.0,0.0,904.23,0.0,0,0.0,0.0,1583.82,0.0,1
M02754,-52.90000000000009,0.038461538461538464,0,0.0,0.0,181.33000000000038,-0.038461538461538464,-1,0.0,0.0,2336.8,0.0,2
M02755,769.13,-0.2,28,0.0,0.5,483.24,0.08333333333333333,-2,0.0,0.5,1609.5,0.08333333333333333,26
M02756,492.43000000000006,0.0,0,0.0,0.0,121.49000000000001,0.09090909090909091,0,0.0,0.0,1786.0,0.09090909090909091,0
M02757,560.51,0.0,-2,0.0,0.5,-378.64,0.0,-2,0.0,0.0,607.97,0.0,25
M02758,-1023.55,0.0,0,0.0,0.0,170.71000000000004,0.0,0,0.0,0.0,493.14000000000004,0.0,0
M02759,1180.7200000000003,-0.0037037037037037056,0,0.5,0.0,158.9399999999996,0.047055251973284765,0,0.0,0.0,6738.98,0.06557377049180328,0
M02760,-232.55999999999995,0.03418124006359301,1,0.0,0.0,1147.2500000000005,-0.08823529411764706,0,0.0,0.0,4589.18,0.0,1
M02761,822.0999999999999,-0.14285714285714285,0,0.5,0.0,-650.47,0.0,-1,0.0,0.0,1288.54,0.0,0
M02762,2058.65,0.0,2,1.0,1.0,1620.35,0.02702702702702703,0,0.5,0.0,3679.0,0.02702702702702703,2
M02763,841.4300000000001,0.08333333333333333,0,0.0,0.0,-658.45,-0.08333333333333333,0,0.0,0.0,813.75,0.0,0
M02764,219.69,0.5,0,0.0,0.0,-107.67,-0.5,0,0.0,0.0,112.02,0.0,0
M02765,-96.99000000000007,-0.2,0,0.0,0.0,193.03000000000003,0.0,0,0.0,0.0,699.24,0.0,1
M02766,3546.7900000000004,0.06060606060606061,0,0.0,0.0,-1807.0000000000005,-0.06060606060606061,1,0.0,0.0,3187.39,0.0,2
M02767,16.86999999999989,0.0,0,0.0,0.0,1952.48,0.15384615384615385,-1,0.0,0.0,2887.77,0.15384615384615385,0
M02768,710.6700000000001,0.0,0,0.0,0.0,-848.98,0.0,0,0.0,0.0,405.44,0.0,0
M02769,-1778.2599999999998,-0.013986013986013984,1,0.0,0.0,723.4699999999998,-0.03988603988603989,1,0.5,0.0,3159.62,0.037037037037037035,2
M02770,-255.5000000000001,-0.1111111111111111,0,0.0,0.0,561.1700000000002,0.125,0,0.0,0.0,1368.3400000000001,0.125,1
M02771,1203.35,0.09090909090909091,0,1.0,1.0,-319.69999999999993,-0.09090909090909091,0,0.0,0.0,883.65,0.0,0
M02772,0.0,0.0,0,0.0,0.0,4249.35,0.030303030303030304,1,1.0,1.0,4249.35,0.030303030303030304,1
M02773,-60.6099999999999,-0.1111111111111111,0,0.5,0.0,35.07999999999993,0.125,0,0.5,0.0,586.76,0.125,0
M02774,269.5000000000001,-0.07142857142857142,1,0.5,0.0,-254.3800000000001,0.0,0,0.5,0.0,918.28,0.0,2
M02775,-515.79,0.041666666666666664,6,0.5,0.5,310.23,-0.041666666666666664,0,0.5,0.5,2867.28,0.0,6
M02776,-1752.0599999999995,-0.0967741935483871,0,0.0,0.0,239.3499999999999,0.09523809523809523,0,0.0,0.0,2745.81,0.09523809523809523,0
M02777,-155.09000000000003,0.0,0,0.0,0.0,32.109999999999985,0.0,0,0.5,0.0,240.97,0.0,1
M02778,761.8000000000001,0.0,0,0.5,0.0,340.9799999999999,0.0,0,0.5,0.0,1246.81,0.0,0
M02779,1131.77,0.05263157894736842,1,0.0,0.0,-790.3800000000001,-0.02834008097165991,0,0.0,0.0,2237.91,0.07692307692307693,3
M02780,-707.98,-0.2,0,0.0,0.0,249.64999999999998,0.0,1,0.0,0.0,701.14,0.0,1
M02781,167.91,0.3333333333333333,0,0.0,0.0,-115.75999999999999,-0.3333333333333333,0,0.0,0.0,52.15,0.0,0
M02782,-131.34,0.0,0,0.5,0.0,98.73,0.0,-1,0.5,0.0,98.73,0.0,1
M02783,-218.54,-0.5,0,0.0,0.0,31.260000000000005,0.0,0,0.0,0.0,66.17,0.0,1
M02784,-617.8100000000001,0.0,1,0.0,0.0,201.97,0.0,0,0.0,0.0,201.97,0.0,1
M02785,55.1,0.0,1,0.0,0.0,-55.1,0.0,0,0.0,0.0,0.0,0.0,4
M02786,-484.1100000000001,0.029605263157894746,0,0.0,0.0,176.01999999999998,-0.1875,0,0.0,0.0,1541.06,0.0,0
M02787,922.48,0.0,0,0.0,0.0,-963.45,0.0,0,0.0,0.0,92.5,0.0,0
M02788,0.0,0.0,0,0.0,0.0,7871.51,0.05084745762711865,2,1.0,1.0,7871.51,0.05084745762711865,2
M02789,280.92,0.0,0,0.0,0.0,-331.5,0.0,0,0.0,0.0,0.0,0.0,0
M02790,903.1500000000001,0.0,17,0.0,0.5,-949.1300000000001,0.2,-4,0.0,0.5,374.76,0.2,15
M02791,726.6300000000001,-0.4,0,0.0,0.0,-121.67000000000007,0.0,0,0.0,0.0,933.24,0.0,0
M02792,-1169.8999999999999,-0.09090909090909091,0,0.0,0.0,579.78,0.0,0,0.0,0.0,1042.08,0.0,1
M02793,0.0,0.0,0,0.0,0.0,5279.53,0.03389830508474576,0,1.0,1.0,5279.53,0.03389830508474576,0
M02794,327.01,0.5,0,1.0,1.0,533.23,-0.3,1,0.5,0.0,860.24,0.2,1
M02795,-90.78999999999996,0.048611111111111105,28,0.0,0.5,-609.4100000000001,-0.05555555555555555,-3,0.5,0.5,1411.61,0.05555555555555555,26
M02796,-50.17,0.0,17,0.0,0.5,95.08,0.0,-3,0.0,0.5,95.08,0.0,16
M02797,1725.1299999999999,0.0,0,0.5,0.0,-2113.67,0.25,0,0.5,0.0,650.37,0.25,0
M02798,95.46000000000001,0.5,1,1.0,1.0,221.09,-0.5,0,0.5,0.0,316.55,0.0,1
M02799,501.78,0.1,0,0.0,0.0,-548.06,-0.1,0,0.0,0.0,716.72,0.0,0
M02800,1581.58,0.043478260869565216,0,0.0,0.0,-135.72000000000025,0.009153318077803202,-1,0.0,0.0,2664.47,0.05263157894736842,1
M02801,99.41000000000008,-0.08403361344537814,0,0.0,0.0,551.79,-0.01336898395721925,0,0.0,0.0,1857.52,0.045454545454545456,3
M02802,0.0,0.0,0,0.0,0.0,109.55,0.0,0,1.0,1.0,109.55,0.0,0
M02803,-263.67999999999995,0.5,-1,0.5,0.0,-405.62,-0.5,0,0.0,0.0,221.36,0.0,0
M02804,-979.7099999999998,0.04166666666666666,0,0.0,0.0,192.51999999999998,-0.16666666666666666,1,0.0,0.0,1499.24,0.0,2
M02805,460.25,0.0,3,1.0,1.0,3996.4300000000003,0.1111111111111111,-1,0.0,0.0,4456.68,0.1111111111111111,2
M02806,-246.0,-0.1111111111111111,0,0.0,0.0,154.93999999999994,0.0,0,0.0,0.0,606.17,0.0,0
M02807,0.0,0.0,0,0.0,0.0,0.0,0.0,3,1.0,1.0,0.0,0.0,3
M02808,1220.9999999999998,0.08695652173913043,0,0.0,0.0,1964.2300000000005,-0.05754475703324808,1,0.0,0.0,4349.89,0.029411764705882353,2
M02809,-857.7899999999995,-0.14285714285714285,-2,0.5,0.5,1545.79,0.037037037037037035,0,0.0,0.0,3797.55,0.037037037037037035,17
M02810,-122.12,0.4,0,0.0,0.0,-589.38,-0.4,-1,0.0,0.0,207.53,0.0,1
M02811,-99.19000000000005,0.0,0,0.0,0.0,196.47000000000003,0.0,0,0.0,0.0,723.35,0.0,1
M02812,0.0,0.0,1,1.0,1.0,2118.41,0.0,0,0.0,0.0,2118.41,0.0,1
M02813,-854.0,0.13222222222222224,0,0.0,0.0,304.69000000000005,-0.09548387096774194,0,0.0,0.0,2795.6,0.06451612903225806,1
M02814,0.0,0.0,1,1.0,1.0,1956.88,0.05,-1,0.0,0.0,1956.88,0.05,0
M02815,0.0,0.0,0,0.0,0.0,1690.39,0.07692307692307693,-1,1.0,0.0,1690.39,0.07692307692307693,10
M02816,1195.8899999999999,0.0,0,0.0,0.0,1289.88,0.0,0,0.0,0.0,2485.77,0.0,0
M02817,420.18,0.0,1,1.0,1.0,192.25999999999993,0.125,0,0.5,0.0,612.4399999999999,0.125,1
M02818,-233.72,0.0,0,0.0,0.0,556.26,0.0,0,0.0,0.0,614.29,0.0,0
M02819,0.0,0.0,0,0.0,0.0,50.5,0.0,0,1.0,1.0,50.5,0.0,0
M02820,638.9399999999998,-0.14285714285714285,0,0.0,0.0,-1115.07,0.0,-1,0.0,0.0,741.24,0.0,1
M02821,144.3199999999997,-0.047619047619047616,0,0.0,0.0,177.53999999999996,0.08,0,0.0,0.0,2697.45,0.08,2
M02822,2556.59,0.014354066985645925,0,0.0,0.0,-2455.21,-0.10526315789473684,0,0.0,0.0,1396.72,0.0,1
M02823,-692.3900000000001,0.037500000000000006,-1,0.5,0.0,171.12999999999988,-0.1,0,0.0,0.0,1055.1599999999999,0.0,0
M02824,-978.26,0.0,-2,0.0,0.0,386.68,0.0,2,0.0,0.0,455.38,0.0,2
M02825,98.69999999999993,0.0,2,0.5,0.0,-628.96,0.0,-1,0.5,0.0,170.06,0.0,2
M02826,-607.3400000000001,0.0,0,0.0,0.0,939.8899999999999,0.0,0,0.0,0.0,2633.7,0.0,0
M02827,-3.6400000000001,-0.05555555555555555,1,0.5,0.0,-264.06999999999994,0.0,0,0.5,0.0,1372.55,0.0,1
M02828,697.4699999999998,-0.03125,0,0.0,0.0,-850.0,0.0,0,0.0,0.0,3021.39,0.0,0
M02829,-40.55,0.0,0,0.0,0.0,675.22,0.0,1,0.0,0.0,675.22,0.0,1
M02830,99.88000000000001,0.0,0,0.0,0.0,-73.28,0.0,-1,0.0,0.0,145.02,0.0,0
M02831,364.24000000000007,0.0,0,0.0,0.0,-235.22000000000003,0.0,0,0.0,0.0,292.85,0.0,0
M02832,0.0,0.0,0,0.0,0.0,428.41,0.25,1,1.0,1.0,428.41,0.25,1
M02833,23.1,0.0,0,1.0,0.0,-23.1,0.0,-3,0.5,0.0,0.0,0.0,18
M02834,-553.3199999999999,0.0,0,0.0,0.0,314.97999999999996,0.0,0,0.0,0.0,726.53,0.0,1
M02835,1021.8799999999999,0.0,0,0.0,0.0,-661.6799999999998,0.0,0,0.0,0.0,670.23,0.0,0
M02836,203.85999999999996,0.0,0,0.0,0.0,-210.15999999999997,0.0,0,0.0,0.0,309.5,0.0,2
M02837,79.52999999999997,0.0,1,0.0,0.0,-450.65000000000003,0.0,0,0.0,0.0,422.84999999999997,0.0,2
M02838,-280.01,0.0,0,0.0,0.0,119.32,0.0,0,0.0,0.0,119.32,0.0,2
M02839,64.82,0.0,0,0.0,0.0,310.15000000000003,0.16666666666666666,1,0.5,0.0,374.97,0.16666666666666666,3
M02840,-92.26000000000002,0.0,17,0.0,0.5,479.04999999999995,0.14285714285714285,-2,0.0,0.5,595.03,0.14285714285714285,17
M02841,-24.18999999999994,0.0,0,0.0,0.0,270.6,0.0,0,0.0,0.0,599.07,0.0,1
M02842,99.79,0.0,0,0.5,0.0,-122.53,0.0,-1,0.5,0.0,0.0,0.0,0
M02843,-7.410000000000004,0.0,1,0.0,0.0,-52.83,0.0,0,0.0,0.0,0.0,0.0,2
M02844,-177.87,0.0,-1,0.5,0.0,768.45,0.0,0,0.0,0.0,877.33,0.0,3
M02845,82.87000000000012,0.0,0,0.0,0.0,-556.1600000000001,0.09090909090909091,0,0.0,0.0,1015.27,0.09090909090909091,1
M02846,-763.6199999999999,0.20833333333333331,0,0.0,0.0,569.3399999999999,-0.3333333333333333,0,0.0,0.0,745.03,0.0,0
M02847,-71.53999999999996,0.04242424242424242,1,0.5,0.0,739.9200000000001,-0.13333333333333333,-1,0.5,0.0,2151.38,0.0,1
M02848,-38.00000000000006,0.2,-1,0.0,0.0,-408.5,-0.2,0,0.5,0.0,81.08,0.0,2
M02849,452.57,0.0,0,0.5,0.0,-73.82,0.125,0,0.5,0.0,440.45,0.125,1
M02850,0.0,0.0,0,0.0,0.0,3926.12,0.07142857142857142,0,1.0,1.0,3926.12,0.07142857142857142,0
M02851,54.42,0.0,2,1.0,1.0,234.47999999999996,0.16666666666666666,1,0.0,0.0,288.9,0.16666666666666666,3
M02852,-113.81,0.0,2,0.0,0.5,-160.36,0.0,1,0.0,0.5,0.0,0.0,6
M02853,190.98,-0.5,0,0.0,0.0,-345.77,-0.5,-1,0.0,0.0,0.0,0.0,1
M02854,0.0,0.0,1,1.0,1.0,872.9499999999999,0.25,0,0.0,0.0,872.9499999999999,0.25,1
M02855,-349.4599999999999,0.2,0,0.0,0.0,969.4599999999999,0.39999999999999997,0,0.0,0.0,1962.52,0.6,0
M02856,1407.19,0.09090909090909091,1,1.0,1.0,3389.3799999999997,-0.045454545454545456,1,0.0,0.0,4796.57,0.045454545454545456,2
M02857,-33.9,0.0,0,0.0,0.0,0.0,0.0,0,0.5,0.0,0.0,0.0,0
M02858,-25.519999999999982,0.3333333333333333,1,0.0,0.0,-220.38,-0.3333333333333333,0,0.0,0.0,0.0,0.0,1
M02859,2263.14,0.06666666666666667,-1,1.0,0.0,1636.9700000000003,0.08333333333333333,-3,0.0,0.0,3900.11,0.15,24
M02860,-96.83000000000001,0.0,0,0.0,0.0,502.78,0.16666666666666666,0,0.0,0.0,680.31,0.16666666666666666,0
M02861,59.58,0.0,0,0.0,0.0,13.280000000000001,0.0,0,0.0,0.0,72.86,0.0,1
M02862,101.18,0.0,0,0.5,0.0,-101.18,0.0,0,0.5,0.0,0.0,0.0,0
M02863,0.0,0.0,0,0.5,0.0,531.95,0.0,0,0.5,0.0,531.95,0.0,0
M02864,310.38,0.0,-2,0.0,0.0,-153.89,0.0,0,0.0,0.0,163.82,0.0,3
M02865,121.33,0.0,0,0.5,0.0,-94.25999999999999,0.0,0,0.5,0.0,27.07,0.0,0
M02866,452.13,-0.1111111111111111,0,0.0,0.0,-21.339999999999918,0.2,0,0.0,0.0,1377.39,0.2,1
M02867,341.11,0.0,0,0.0,0.0,-73.99000000000001,0.0,0,0.0,0.0,267.12,0.0,0
M02868,-663.3600000000001,0.0,0,0.0,0.0,448.96000000000004,0.0,1,0.0,0.0,996.48,0.0,2
M02869,-1594.6399999999994,-0.019230769230769232,0,0.0,0.0,-503.6900000000005,0.007763975155279504,0,0.0,0.0,9244.9,0.043478260869565216,1
M02870,735.9399999999999,0.1,0,0.0,0.0,427.6,-0.1,0,0.0,0.0,1163.54,0.0,1
M02871,707.3,0.0,2,1.0,1.0,-431.7099999999999,0.16666666666666666,0,0.0,0.0,275.59000000000003,0.16666666666666666,2
M02872,-198.44000000000003,0.0,0,0.0,0.0,-37.8,0.0,0,0.0,0.0,44.67,0.0,0
M02873,-210.71000000000004,0.1313131313131313,0,0.0,0.0,-60.81000000000006,-0.2222222222222222,0,0.0,0.0,844.92,0.0,3
M02874,225.80000000000018,0.0,0,0.5,0.0,-111.31000000000017,0.0,2,0.0,0.0,1349.36,0.0,4
M02875,-31.100000000000023,0.0,27,0.0,0.5,49.58000000000001,0.0,-2,0.0,0.5,158.77,0.0,27
M02876,-167.37,0.0,1,0.5,0.0,-183.5,0.0,0,0.0,0.0,184.12,0.0,1
M02877,190.62,0.0,3,1.0,1.0,210.31,0.0,0,0.0,0.0,400.93,0.0,3
M02878,-824.04,-0.16666666666666666,0,0.0,0.0,-250.03,0.0,1,0.5,0.0,0.0,0.0,3
M02879,1042.4499999999998,-0.026785714285714284,0,0.0,0.0,465.28999999999996,0.05324074074074074,-2,0.0,0.0,6469.57,0.07407407407407407,1
M02880,84.62,0.0,0,0.0,0.0,348.07000000000005,0.0,0,0.0,0.0,1096.39,0.0,2
M02881,-118.28999999999996,-0.2,24,0.0,0.5,-166.74,0.0,-3,0.0,0.5,417.11,0.0,23
M02882,1336.29,0.043478260869565216,-1,0.5,0.0,-2227.7700000000004,0.02795031055900621,0,0.0,0.0,1116.09,0.07142857142857142,0
M02883,0.0,0.0,0,0.0,0.0,2012.36,0.0625,0,1.0,1.0,2012.36,0.0625,0
M02884,68.29,0.0,0,0.5,0.5,-68.29,0.0,-3,0.0,0.0,0.0,0.0,20
M02885,227.9699999999998,-0.08333333333333333,0,0.0,0.0,-184.1199999999999,0.08333333333333333,0,0.0,0.0,3691.75,0.08333333333333333,1
M02886,128.23000000000002,0.0,6,0.0,0.5,-62.81,0.0,-1,0.0,0.5,154.87,0.0,6
M02887,0.0,0.0,-1,0.0,0.0,0.0,0.0,0,0.0,0.0,0.0,0.0,0
M02888,63.52,0.0,0,0.5,0.0,-63.52,0.0,-1,0.5,0.0,0.0,0.0,1
M02889,0.0,0.0,0,0.0,0.0,6364.87,0.06896551724137931,1,1.0,1.0,6364.87,0.06896551724137931,1
M02890,19.92,0.0,0,0.0,0.0,-42.16000000000001,0.0,0,0.0,0.0,78.28999999999999,0.0,1
M02891,1278.17,0.047619047619047616,1,0.5,0.0,4363.900000000001,-0.020592020592020588,-1,0.5,0.0,6188.97,0.02702702702702703,2
M02892,24.620000000000005,-0.16666666666666666,-1,0.5,0.0,-346.14,0.0,0,0.0,0.0,317.37,0.0,0
M02893,211.03999999999996,-0.04166666666666667,0,0.0,0.0,173.91000000000008,-0.006410256410256401,0,0.0,0.0,1611.97,0.07692307692307693,0
M02894,0.0,0.0,0,0.0,0.0,597.84,0.0,2,1.0,1.0,597.84,0.0,2
M02895,339.47,0.0,1,1.0,1.0,3674.12,0.1,-1,0.0,0.0,4013.59,0.1,0
M02896,840.9300000000001,0.0,3,1.0,1.0,1583.7,0.0,1,0.5,0.0,2424.63,0.0,4
M02897,91.13,0.0,0,0.0,0.0,-39.72999999999999,0.0,0,0.0,0.0,83.31,0.0,1
M02898,-201.74999999999997,-0.3333333333333333,1,0.0,0.0,122.53,0.5,0,0.0,0.0,279.92,0.5,1
M02899,-506.62,0.0,0,0.0,0.0,179.71000000000004,0.1111111111111111,0,0.0,0.0,791.39,0.1111111111111111,0
M02900,62.8,0.0,0,0.5,0.0,241.42000000000002,0.0,0,0.0,0.0,304.22,0.0,0
M02901,0.0,0.0,0,0.0,0.0,3895.43,0.02702702702702703,0,1.0,1.0,3895.43,0.02702702702702703,0
M02902,-449.53999999999996,-0.09090909090909091,0,0.5,0.0,-337.48,0.0,-1,0.0,0.0,388.23,0.0,0
M02903,1257.02,0.07142857142857142,21,1.0,1.0,-836.12,-0.07142857142857142,-1,0.0,0.5,420.9,0.0,20
M02904,0.0,0.0,0,0.0,0.0,0.0,0.0,0,0.0,0.0,0.0,0.0,1
M02905,-73.54000000000008,0.0,0,0.0,0.0,-99.78999999999998,0.0,0,0.0,0.0,120.61,0.0,0
M02906,108.49,0.0,0,0.0,0.0,816.41,0.25,0,0.0,0.0,924.9,0.25,1
M02907,-408.1600000000001,-0.05194805194805194,0,0.0,0.0,813.51,0.03409090909090909,0,0.0,0.0,2006.59,0.125,2
M02908,311.67,0.2,0,0.0,0.0,-192.32999999999998,-0.2,-1,0.0,0.0,368.40000000000003,0.0,0
M02909,-2622.4000000000015,-0.005532936632216302,0,0.0,0.0,2288.4800000000014,0.00907258064516129,0,0.0,0.0,11362.11,0.052083333333333336,0
M02910,83.31,0.0,0,0.0,0.0,-131.87,0.0,0,0.0,0.0,94.1,0.0,0
M02911,180.14000000000001,0.0,0,1.0,1.0,79.07000000000002,0.0,0,0.5,0.0,259.21000000000004,0.0,0
M02912,-449.32,0.0,-1,0.5,0.0,600.73,0.0,0,0.5,0.0,600.73,0.0,1
M02913,0.0,0.0,0,0.0,0.0,382.87,0.0,2,1.0,1.0,382.87,0.0,2
M02914,-34.510000000000005,0.0,0,0.5,0.0,-47.55,0.0,0,0.0,0.0,0.0,0.0,0
M02915,2049.55,0.043478260869565216,0,1.0,1.0,-959.5400000000002,-0.043478260869565216,3,0.5,1.0,1090.01,0.0,3
M02916,250.6,0.0,7,1.0,1.0,2256.33,0.1111111111111111,-1,0.5,0.5,2506.93,0.1111111111111111,6
M02917,-2025.1,-0.045454545454545456,0,0.0,0.0,690.9999999999999,0.1111111111111111,0,0.0,0.0,1328.09,0.1111111111111111,1
M02918,-481.5,0.09090909090909091,0,0.0,0.0,442.30999999999995,-0.038277511961722493,0,0.0,0.0,2505.52,0.05263157894736842,0
M02919,0.0,0.0,0,0.0,0.0,5109.66,0.04878048780487805,0,1.0,1.0,5109.66,0.04878048780487805,0
M02920,0.0,0.0,0,0.0,0.0,387.96,0.0,1,1.0,1.0,387.96,0.0,1
M02921,-858.4200000000001,0.0,-1,0.0,0.0,1139.17,0.043478260869565216,1,0.0,0.0,2044.22,0.043478260869565216,1
M02922,419.01,0.0,27,0.0,0.5,-137.72000000000003,0.0,-2,0.0,0.5,281.28999999999996,0.0,26
M02923,36.75999999999999,-1.0,0,0.5,0.0,-118.69,0.0,0,0.0,0.0,0.0,0.0,2
M02924,-1335.06,0.0,19,0.0,0.5,-77.86000000000001,0.0,-1,0.0,0.5,70.63,0.0,19
M02925,120.93000000000006,-0.25,0,0.0,0.0,-160.97000000000003,0.0,0,0.0,0.0,535.45,0.0,1
M02926,-81.88,0.0,0,0.0,0.0,96.38,0.0,0,0.0,0.0,96.38,0.0,1
M02927,174.67,0.0,0,0.0,0.0,-235.69,0.0,-1,0.0,0.0,0.0,0.0,1
M02928,251.98999999999998,0.0,24,0.5,0.5,-105.75,0.0,-5,0.5,0.5,280.77,0.0,21
M02929,-61.370000000000005,0.0,0,0.0,0.0,351.6,0.0,0,0.0,0.0,636.69,0.0,0
M02930,53.0799999999997,0.05555555555555555,0,0.0,0.0,-117.1099999999999,0.015873015873015872,0,0.0,0.0,1983.3999999999999,0.07142857142857142,0
M02931,571.7999999999997,0.034482758620689655,0,0.0,0.0,-64.56999999999971,-0.034482758620689655,0,0.0,0.0,3625.09,0.0,1
M02932,0.0,0.0,0,0.0,0.0,0.0,0.0,-1,0.0,0.0,0.0,0.0,0
M02933,0.0,0.0,0,0.0,0.0,1591.12,0.0,1,1.0,1.0,1591.12,0.0,1
M02934,688.8899999999999,-0.025487256371814093,0,0.0,0.0,-1028.1399999999999,-0.0034782608695652154,0,0.0,0.0,2729.11,0.04,0
M02935,354.46999999999997,0.25,27,0.0,0.5,278.46999999999997,-0.25,-1,0.0,0.5,667.54,0.0,26
M02936,-152.45999999999998,0.0,0,0.0,0.0,336.98,0.0,1,0.5,0.0,407.32000000000005,0.0,3
M02937,889.04,-0.2222222222222222,2,0.0,0.5,-256.1899999999998,0.0,0,0.0,0.0,1126.6100000000001,0.0,2
M02938,-400.87,0.0,0,0.0,0.0,535.45,0.2,0,0.0,0.0,694.09,0.2,0
M02939,178.1199999999999,-0.045454545454545456,0,0.0,0.0,-159.69000000000005,0.0,0,0.0,0.0,2056.2,0.0,2
M02940,0.0,0.0,0,0.0,0.0,863.2,0.0,2,1.0,1.0,863.2,0.0,2
M02941,81.59,0.0,25,0.0,0.5,-78.83000000000001,0.0,0,0.0,0.5,155.76999999999998,0.0,25
M02942,-1233.73,0.0,0,0.0,0.0,1242.04,0.13636363636363635,-1,0.0,0.0,2053.08,0.13636363636363635,1
M02943,126.79,0.0,1,1.0,1.0,1561.1200000000001,0.0,0,0.0,0.0,1687.91,0.0,1
M02944,514.9599999999999,-0.19047619047619047,0,0.0,0.0,-153.1099999999999,-0.14285714285714285,0,0.0,0.0,540.95,0.0,0
M02945,0.0,0.0,1,0.5,0.0,387.42,0.0,0,0.5,0.0,387.42,0.0,1
M02946,160.92999999999995,0.0,-2,0.5,0.0,-395.55,0.0,0,0.0,0.0,93.58,0.0,0
M02947,806.7499999999999,0.0,0,0.0,0.0,-316.9499999999998,0.0,0,0.0,0.0,1426.69,0.0,0
M02948,74.76,0.0,0,0.0,0.0,270.83000000000004,0.0,0,0.0,0.0,345.59000000000003,0.0,0
M02949,303.04999999999995,0.0,0,0.0,0.0,-854.4200000000001,0.0,0,0.0,0.0,677.02,0.0,0
M02950,-209.98000000000002,0.0,-1,0.0,0.5,-802.06,0.0,-1,0.0,0.0,99.47999999999999,0.0,10
M02951,-190.0200000000001,0.0,0,0.0,0.0,-388.12999999999994,0.0,0,0.0,0.0,362.45,0.0,1
M02952,3336.5899999999997,0.046511627906976744,1,0.0,0.0,-550.4699999999998,0.07848837209302326,0,0.0,0.0,3531.77,0.125,1
M02953,278.67,0.0,0,0.0,0.0,38.799999999999955,0.0,0,0.0,0.0,317.46999999999997,0.0,1
M02954,-429.18999999999994,0.0,1,0.0,0.0,34.70999999999998,0.0,0,0.0,0.0,297.81,0.0,2
M02955,-293.62,-0.08333333333333334,1,0.5,0.0,205.87,-0.16666666666666666,0,0.5,0.0,562.51,0.0,1
M02956,423.1399999999999,-0.09722222222222221,21,0.0,0.5,-446.57000000000005,-0.125,-1,0.5,0.5,1006.6899999999999,0.0,21
M02957,-899.16,-0.058823529411764705,0,0.0,0.0,119.21999999999991,0.0,0,0.0,0.0,722.53,0.0,2
M02958,-71.82999999999998,0.0,24,0.0,0.5,-78.05000000000001,0.0,-1,0.5,0.5,58.35,0.0,24
M02959,2188.78,0.045454545454545456,0,0.0,0.0,798.5700000000002,0.0,3,0.5,0.0,3031.53,0.045454545454545456,4
M02960,-49.34000000000003,-0.16666666666666666,0,0.0,0.0,418.25000000000006,0.0,0,0.0,0.0,841.1,0.0,2
M02961,779.3599999999999,0.07692307692307693,0,0.0,0.0,-200.08999999999992,0.023076923076923078,2,0.5,0.0,852.75,0.1,2
M02962,984.3999999999996,0.01428571428571429,0,0.0,0.0,-335.3899999999994,-0.0006172839506172895,1,0.0,0.0,9005.17,0.04938271604938271,1
M02963,-188.67000000000002,0.0,-1,0.0,0.0,39.28,0.0,0,0.5,0.0,39.28,0.0,1
M02964,171.32999999999998,0.0,0,0.0,0.0,-375.96,0.0,0,0.0,0.0,0.0,0.0,0
M02965,-104.57000000000005,0.0,0,0.0,0.0,-52.389999999999986,0.0,0,0.0,0.0,863.47,0.0,0
M02966,163.33999999999997,0.25,1,0.0,0.0,1131.11,-0.25,-1,0.0,0.0,1734.6499999999999,0.0,0
M02967,743.1800000000001,-0.1590909090909091,-2,0.5,0.0,-34.37000000000012,-0.09090909090909091,0,0.0,0.0,1040.05,0.0,2
M02968,71.12,0.0,1,0.0,0.0,-114.34000000000003,0.0,0,0.0,0.0,226.01,0.0,1
M02969,-573.88,0.0,2,0.5,0.0,-208.08,0.0,-2,0.5,0.0,0.0,0.0,1
M02970,-121.76000000000002,0.0,0,0.5,0.0,22.86,0.0,-1,0.5,0.0,47.71,0.0,0
M02971,0.0,0.0,0,0.0,0.0,0.0,0.0,0,0.0,0.0,0.0,0.0,0
M02972,592.96,0.16666666666666666,3,0.0,0.5,-614.14,-0.16666666666666666,2,0.0,0.5,149.49,0.0,5
M02973,0.0,0.0,0,1.0,1.0,873.8299999999999,0.0,0,0.0,0.0,873.8299999999999,0.0,0
M02974,1256.9800000000005,-0.0025641025641025654,0,0.0,0.0,-1242.7000000000007,0.001851851851851851,0,0.0,0.0,5521.36,0.018518518518518517,2
M02975,246.78,0.0,0,0.0,0.0,-326.18,0.0,0,0.0,0.0,0.0,0.0,0
M02976,-375.0,-0.18181818181818182,0,0.0,0.0,33.25,0.0,0,0.5,0.0,595.38,0.0,0
M02977,0.0,0.0,0,0.0,0.0,2639.4,0.0,1,1.0,1.0,2639.4,0.0,1
M02978,126.88,0.0,0,0.0,0.0,14.850000000000023,0.0,1,0.5,0.0,962.77,0.0,3
M02979,225.89999999999998,0.0,0,0.0,0.0,-69.45999999999998,0.0,0,0.0,0.0,156.44,0.0,2
M02980,0.0,0.0,0,0.0,0.0,5355.12,0.10638297872340426,2,1.0,1.0,5355.12,0.10638297872340426,2
M02981,-275.47,-0.10526315789473684,0,0.0,0.0,1052.53,0.058823529411764705,0,0.0,0.0,2550.37,0.058823529411764705,0
M02982,-398.42999999999995,-0.2,0,0.0,0.0,260.13,0.0,0,0.0,0.0,366.28,0.0,0
M02983,0.0,0.0,0,0.0,0.0,8967.75,0.022727272727272728,5,1.0,1.0,8967.75,0.022727272727272728,5
M02984,-871.6,-0.16666666666666666,25,0.0,0.5,860.59,0.21428571428571427,0,0.0,0.5,1584.53,0.21428571428571427,25
M02985,1264.2399999999998,0.0,0,0.0,0.0,372.03999999999996,0.08571428571428572,0,0.0,0.0,3894.83,0.08571428571428572,1
M02986,172.78000000000003,0.0,0,0.0,0.0,151.89999999999992,0.16666666666666666,0,0.0,0.0,640.8199999999999,0.16666666666666666,0
M02987,-1361.51,0.0,1,0.0,0.0,272.38,0.0,0,0.0,0.0,946.89,0.0,1
M02988,-753.6600000000001,-0.16666666666666666,21,0.0,0.5,163.94,0.0,-2,0.5,0.5,335.75,0.0,19
M02989,372.34000000000003,0.3333333333333333,3,0.5,0.0,255.21999999999997,-0.3333333333333333,-2,0.5,0.0,659.28,0.0,1
M02990,1268.8900000000003,0.05405405405405406,-1,0.0,0.0,534.3499999999985,0.02489331436699857,0,0.0,0.0,9366.71,0.07894736842105263,1
M02991,-89.47000000000003,0.0,0,0.0,0.0,60.480000000000075,0.0,0,0.0,0.0,286.58000000000004,0.0,0
M02992,0.0,0.0,0,0.0,0.0,1137.26,0.0,0,1.0,1.0,1137.26,0.0,0
M02993,87.8,0.0,1,0.0,0.0,-87.8,0.0,-1,0.0,0.0,0.0,0.0,2
M02994,62.19,0.0,0,0.0,0.0,632.15,0.16666666666666666,0,0.0,0.0,763.03,0.16666666666666666,1
M02995,184.07,0.0,3,0.0,1.0,-184.07,0.0,0,0.5,0.0,0.0,0.0,3
M02996,0.0,0.0,0,0.0,0.0,472.23,0.3333333333333333,1,1.0,1.0,472.23,0.3333333333333333,1
M02997,-246.47000000000003,0.0,0,0.0,0.0,274.33000000000004,0.14285714285714285,0,0.0,0.0,724.74,0.14285714285714285,0
M02998,-529.5799999999999,0.03409090909090909,28,0.0,0.5,626.4100000000001,-0.125,-2,0.0,0.5,1154.96,0.0,26
M02999,23.880000000000003,0.0,0,0.0,0.0,297.72999999999996,0.0,0,0.0,0.0,355.54999999999995,0.0,1
M03000,-37.309999999999974,0.0,0,0.5,0.0,-69.96000000000001,0.0,-1,0.5,0.0,41.37,0.0,0
M03001,486.04,0.2,2,1.0,1.0,6838.55,-0.14339622641509436,0,0.5,0.0,7324.59,0.05660377358490566,2
M03002,-137.42999999999984,-0.07142857142857142,0,0.0,0.0,2877.57,0.08888888888888889,0,0.0,0.0,5295.47,0.08888888888888889,2
M03003,-964.9100000000001,-0.005012531328320802,24,0.5,0.5,1135.0599999999997,-0.047619047619047616,-4,0.0,0.5,2975.97,0.0,21
M03004,485.18,0.0,-1,0.0,0.0,-336.33000000000004,0.0,-1,0.0,0.0,148.85,0.0,2
M03005,1361.63,-0.018823529411764704,1,0.0,0.0,-1413.2400000000002,0.08499999999999999,-2,1.0,0.0,1296.35,0.125,0
M03006,88.19999999999982,0.015151515151515152,-1,0.0,0.0,936.8899999999999,-0.05833333333333333,0,0.0,0.0,4744.99,0.025,1
M03007,0.0,0.0,-1,0.0,0.0,132.48,0.0,0,0.0,0.0,132.48,0.0,1
M03008,-856.12,0.0,0,0.0,0.0,-447.89000000000004,-0.1,0,0.5,0.0,376.92,0.0,0
M03009,849.6599999999999,0.0,0,0.0,0.0,-151.69999999999982,0.0,0,0.0,0.0,940.19,0.0,2
M03010,580.59,0.0,0,0.0,0.0,-580.34,0.0,0,0.0,0.0,154.87,0.0,1
M03011,-821.6,0.0,0,0.0,0.0,-94.60000000000002,0.0,0,0.0,0.0,501.26,0.0,0
M03012,-437.94000000000005,0.14285714285714285,-1,0.0,0.0,336.69000000000005,-0.01785714285714285,0,0.0,0.0,1036.44,0.125,1
M03013,-1051.6799999999998,-0.09523809523809523,0,0.0,0.0,-519.9100000000001,0.0,0,0.0,0.0,1476.3999999999999,0.0,0
M03014,1001.48,-0.16666666666666666,2,0.5,0.5,1147.6999999999998,0.0,0,0.5,0.0,2920.12,0.0,3
M03015,51.67,0.0,2,0.5,0.0,38.86999999999999,0.0,-1,0.5,0.0,90.53999999999999,0.0,2
M03016,67.33,0.25,0,0.0,0.0,-176.53,-0.25,0,0.0,0.0,0.0,0.0,0
M03017,465.20000000000005,-0.25,0,0.0,0.0,-559.04,0.0,1,0.0,0.0,151.69,0.0,1
M03018,957.3000000000002,-0.03225806451612903,-1,0.0,0.0,99.48999999999978,-0.005231037489102003,0,0.5,0.0,3703.02,0.02702702702702703,1
M03019,0.0,0.0,0,0.0,0.0,0.0,0.0,1,0.0,0.0,0.0,0.0,1
M03020,120.24,-0.5,0,0.0,0.0,378.49,0.0,1,0.0,0.0,614.86,0.0,4
M03021,0.0,0.0,0,0.0,0.0,29.59,0.0,1,0.0,0.0,29.59,0.0,1
M03022,-41.78,0.0,0,0.5,0.0,0.0,0.0,0,0.0,0.0,0.0,0.0,0
M03023,37.460000000000036,0.010256410256410262,0,0.0,0.0,-70.61999999999989,0.0,0,0.0,0.0,1481.93,0.07692307692307693,2
M03024,290.43000000000006,0.0,0,1.0,1.0,62.52999999999997,0.0,2,0.5,0.0,352.96000000000004,0.0,2
M03025,-85.27,0.0,1,0.0,0.0,0.0,0.0,1,0.0,0.0,0.0,0.0,3
M03026,0.0,0.0,0,0.0,0.0,1503.17,0.15384615384615385,1,1.0,1.0,1503.17,0.15384615384615385,1
M03027,-590.21,-0.043478260869565216,0,0.0,0.0,3545.42,0.028260869565217395,0,0.0,0.0,7685.0,0.05,0
M03028,-361.89000000000004,0.0,0,0.0,0.0,125.23,0.0,0,0.0,0.0,244.44,0.0,3
M03029,-507.78999999999996,0.1,0,0.0,0.0,225.58000000000004,-0.1,0,0.0,0.0,828.38,0.0,0
M03030,-188.4699999999998,0.026666666666666665,1,0.0,0.0,-1727.03,0.004761904761904759,0,0.0,0.0,965.7,0.07142857142857142,1
M03031,331.04,0.0,0,0.0,0.0,-146.78999999999996,0.0,0,0.0,0.0,339.44000000000005,0.0,1
M03032,-1924.1599999999999,0.010971786833855801,0,0.0,0.0,560.9499999999998,0.008116883116883113,2,0.5,0.0,4880.7,0.05357142857142857,2
M03033,65.45,0.0,0,0.5,0.0,164.59000000000003,0.0,0,0.0,0.0,230.04000000000002,0.0,0
M03034,3605.55,0.08333333333333333,0,0.0,0.0,-156.0,0.0,0,0.0,0.0,3828.11,0.08333333333333333,1
M03035,1246.83,-0.04166666666666667,1,0.5,0.0,-568.71,-0.024509803921568624,0,0.0,0.0,2053.66,0.058823529411764705,1
M03036,-58.87999999999998,0.0,0,0.5,0.0,97.60000000000001,0.0,0,0.0,0.0,196.43,0.0,0
M03037,0.0,0.0,25,0.5,0.5,0.0,0.0,-5,0.5,0.5,0.0,0.0,20
M03038,-29.16,0.0,1,0.5,0.0,931.9799999999999,0.0,0,0.5,0.0,931.9799999999999,0.0,2
M03039,48.88,0.0,0,0.0,0.0,-48.88,0.0,0,0.0,0.0,0.0,0.0,1
M03040,617.45,0.09090909090909091,0,0.0,0.0,-70.45000000000005,0.06293706293706294,0,0.0,0.0,1275.55,0.15384615384615385,0
M03041,285.84000000000003,-0.07575757575757575,0,0.0,0.0,-404.9200000000001,-0.09090909090909091,0,0.0,0.0,550.18,0.0,0
M03042,859.14,0.09090909090909091,0,0.0,0.0,-704.15,-0.09090909090909091,0,0.0,0.0,558.38,0.0,2
M03043,-111.03,1.0,0,0.0,0.0,-1.3799999999999955,-0.6666666666666667,0,0.0,0.0,208.59,0.3333333333333333,0
M03044,1519.3200000000002,0.30000000000000004,0,0.0,0.0,-1931.1400000000003,0.22857142857142854,0,0.0,0.0,2552.71,0.6,1
M03045,-356.30000000000007,0.0,0,0.0,0.0,525.89,0.1,0,0.0,0.0,1277.06,0.1,1
M03046,-519.89,0.0,0,0.0,0.0,-266.15,0.0,0,0.0,0.0,0.0,0.0,0
M03047,-49.56,0.8571428571428572,1,0.0,0.0,7.020000000000039,-0.5714285714285714,0,0.0,0.0,377.15000000000003,0.42857142857142855,1
M03048,-1199.0599999999995,0.03333333333333334,-1,0.5,0.0,-561.8100000000004,-0.01226415094339623,0,0.5,0.0,5697.73,0.03773584905660377,1
M03049,0.0,0.0,2,1.0,1.0,3734.47,0.0,0,0.5,0.0,3734.47,0.0,2
M03050,-158.60000000000002,-0.4,1,0.5,0.0,96.74000000000001,0.0,-1,0.5,0.0,322.74,0.0,1
M03051,822.85,0.0,1,0.0,0.0,260.53999999999996,0.0,0,0.0,0.0,1118.07,0.0,3
M03052,0.0,0.0,0,0.0,0.0,2242.62,0.043478260869565216,1,1.0,1.0,2242.62,0.043478260869565216,1
M03053,146.94,0.0,27,0.0,0.5,-351.65,0.0,-1,0.0,0.5,0.0,0.0,26
M03054,183.64999999999998,0.0,0,0.0,0.0,-41.50999999999999,0.25,0,0.0,0.0,421.68,0.25,2
M03055,85.27999999999997,-0.25,0,0.0,0.0,576.99,0.2,0,0.0,0.0,1040.82,0.2,0
M03056,-170.08000000000004,0.125,0,0.0,0.0,7433.43,0.028846153846153855,4,0.0,0.5,8035.72,0.15384615384615385,6
M03057,19.649999999999864,0.1,0,0.0,0.0,1148.6900000000003,0.015384615384615385,0,0.0,0.0,2232.4700000000003,0.11538461538461539,0
M03058,-92.33999999999997,0.0,0,0.0,0.0,410.61,0.16666666666666666,-1,0.0,0.0,683.46,0.16666666666666666,0
M03059,-228.74,0.07692307692307693,0,0.0,0.0,-333.6100000000001,-0.07692307692307693,0,0.0,0.0,1342.8799999999999,0.0,0
M03060,182.95999999999998,0.14285714285714285,0,0.5,0.0,-350.25,-0.14285714285714285,1,0.5,0.0,208.4,0.0,2
M03061,0.0,0.0,0,0.0,0.0,3130.6,0.0,1,1.0,1.0,3130.6,0.0,1
M03062,469.40999999999985,0.0,0,0.0,0.0,-777.7299999999998,0.0,0,0.0,0.0,370.18,0.0,0
M03063,0.0,0.0,2,1.0,1.0,0.0,0.0,0,0.0,0.0,0.0,0.0,2
M03064,0.0,0.0,1,0.0,0.0,0.0,0.0,0,0.0,0.0,0.0,0.0,1
M03065,-249.14999999999986,0.0,0,0.0,0.0,-33.79000000000008,0.0,0,0.0,0.0,663.9,0.0,1
M03066,352.8499999999999,0.0,21,0.5,0.6666666666666666,-466.15999999999997,0.0,-19,0.5,0.6666666666666666,264.03,0.0,4
M03067,484.89,0.0,0,0.0,0.0,-405.21999999999997,0.0,0,0.0,0.0,79.67,0.0,0
M03068,-185.7,0.0,0,0.0,0.0,30.659999999999997,0.0,0,0.0,0.0,225.08,0.0,0
M03069,29.279999999999973,0.08333333333333333,0,0.0,0.0,567.5800000000002,0.016666666666666677,0,0.0,0.0,2024.41,0.1,2
M03070,-118.45999999999992,-0.14285714285714285,0,0.0,0.0,-442.1000000000001,0.0,0,0.0,0.0,408.05,0.0,1
M03071,-142.74,-0.18181818181818182,0,0.0,0.0,1101.33,0.08333333333333333,-1,0.0,0.0,2033.62,0.08333333333333333,1
M03072,0.0,0.0,1,0.0,0.0,2375.77,0.0,2,1.0,0.0,2375.77,0.0,18
M03073,154.99,0.0,1,0.0,0.0,-134.76999999999998,0.0,0,0.5,0.0,89.79,0.0,1
M03074,716.9300000000001,-0.019480519480519487,-1,0.0,0.0,272.4200000000001,0.011904761904761904,0,0.0,0.0,1600.64,0.08333333333333333,1
M03075,-150.47000000000003,0.0,0,0.0,0.0,1594.22,0.0,0,0.0,0.0,1870.18,0.0,0
M03076,231.62,0.0,0,0.0,0.0,167.02999999999997,0.0,0,0.0,0.0,611.92,0.0,0
M03077,-200.15999999999997,0.0,0,0.0,0.0,189.76,0.0,0,0.0,0.0,334.06,0.0,0
M03078,344.69000000000005,0.08333333333333333,0,0.0,0.0,782.53,-0.08333333333333333,0,0.0,0.0,1854.49,0.0,0
M03079,754.3499999999999,0.0,2,0.5,0.5,-755.4199999999998,0.3333333333333333,-1,0.5,0.5,164.81,0.3333333333333333,2
M03080,-468.0500000000002,-0.05,0,0.0,0.0,-27.75,0.0,0,0.0,0.0,1834.29,0.0,0
M03081,26.77,0.0,1,1.0,1.0,2564.64,0.041666666666666664,1,0.5,0.0,2591.41,0.041666666666666664,2
M03082,-1045.65,-0.14285714285714285,0,0.0,0.0,164.73000000000002,0.0,0,0.0,0.0,335.17,0.0,0
M03083,-1473.0900000000001,-0.047619047619047616,2,0.0,0.0,-425.3199999999997,0.0,0,0.0,0.0,2602.34,0.0,2
M03084,20.51,0.0,4,0.5,0.5,-20.51,0.0,-2,0.5,0.5,0.0,0.0,4
M03085,-281.02,0.0,0,0.0,0.0,-296.63,0.0,0,0.0,0.0,0.0,0.0,1
M03086,417.38,0.0,1,0.5,0.0,203.22000000000003,0.2,0,0.5,0.0,736.08,0.2,1
M03087,110.91999999999996,0.0,0,0.0,0.0,-18.92999999999995,0.14285714285714285,0,0.0,0.0,671.36,0.14285714285714285,0
M03088,401.93000000000006,-0.012499999999999997,-1,0.5,0.0,724.8799999999999,0.021428571428571422,1,0.0,0.0,2548.45,0.07142857142857142,1
M03089,-166.73999999999998,0.0,0,0.0,0.0,103.91,0.0,-1,0.5,0.0,193.45,0.0,0
M03090,-7727.02,0.004828677869625701,0,0.0,0.0,3615.1800000000003,-0.007239819004524889,0,0.0,0.0,26929.48,0.047058823529411764,0
M03091,0.0,0.0,0,0.0,0.0,503.45,0.16666666666666666,1,1.0,1.0,503.45,0.16666666666666666,1
M03092,213.51999999999998,-0.3,1,0.5,0.0,-419.48,0.14285714285714285,0,0.5,0.0,609.98,0.14285714285714285,2
M03093,0.0,0.0,0,0.0,0.0,1255.82,0.0,0,1.0,1.0,1255.82,0.0,0
M03094,-97.39999999999998,-0.16666666666666666,0,0.0,0.0,874.3499999999999,-0.16666666666666666,0,0.0,0.0,1228.3,0.0,1
M03095,-89.32,0.0,1,0.0,0.0,375.56,0.0,0,0.0,0.0,375.56,0.0,3
M03096,1866.3,0.0,0,1.0,1.0,805.1000000000001,0.0,0,0.0,0.0,2671.4,0.0,0
M03097,-79.22,0.0,0,0.5,0.0,163.93,0.0,0,0.0,0.0,163.93,0.0,0
M03098,0.0,0.0,12,0.0,0.5,0.0,0.0,-2,0.0,0.5,0.0,0.0,10
M03099,0.0,0.0,4,1.0,1.0,93.78,0.5,0,0.0,0.0,93.78,0.5,4
M03100,1092.6800000000003,-0.07142857142857142,0,0.0,0.0,-151.55000000000018,0.125,0,0.5,0.0,3418.1,0.125,0
M03101,20.949999999999818,-0.047619047619047616,0,0.0,0.0,1046.6000000000001,0.08,0,0.0,0.0,2935.52,0.08,1
M03102,0.0,0.0,0,0.0,0.0,290.34000000000003,0.0,2,1.0,1.0,290.34000000000003,0.0,2
M03103,1206.6,0.0,0,1.0,1.0,1061.1399999999999,0.06896551724137931,0,0.0,0.0,2267.74,0.06896551724137931,0
M03104,0.0,0.0,0,0.0,0.0,0.0,0.0,0,0.0,0.0,0.0,0.0,2
M03105,-27.650000000000034,0.2,0,0.0,0.0,-58.06999999999999,-0.2,0,0.0,0.0,327.09,0.0,0
M03106,0.0,0.0,0,0.0,0.0,0.0,0.0,0,0.0,0.0,0.0,0.0,0
M03107,1602.89,0.0,0,0.0,0.0,-163.57000000000016,0.0,0,0.0,0.0,1624.35,0.0,0
M03108,-707.8700000000001,0.08333333333333334,0,0.0,0.0,157.55999999999995,-0.25,0,0.0,0.0,635.79,0.0,0
M03109,654.29,0.0,0,1.0,0.0,-1148.3799999999999,0.05555555555555555,0,0.0,0.0,1091.8700000000001,0.05555555555555555,0
M03110,1024.51,0.5,0,0.5,0.0,-1205.84,0.5,0,0.0,0.0,107.89,1.0,3
M03111,665.32,-0.3333333333333333,-1,0.5,0.0,-210.41999999999996,0.16666666666666666,-1,0.0,0.0,644.0600000000001,0.16666666666666666,0
M03112,-25.439999999999998,0.0,-1,0.0,0.0,-21.25,0.0,-1,0.0,0.0,0.0,0.0,1
M03113,269.98,0.25,0,0.0,0.0,-161.37000000000003,-0.25,0,0.0,0.0,137.92,0.0,0
M03114,1791.6800000000003,0.14285714285714285,0,0.0,0.0,38.5,-0.09523809523809523,0,0.0,0.0,2116.55,0.047619047619047616,1
M03115,230.75,0.16666666666666666,-1,0.0,0.0,-389.20000000000005,0.33333333333333337,1,0.0,0.0,300.63,0.5,1
M03116,520.81,0.0,0,0.0,0.0,-854.4300000000001,0.0,0,0.0,0.0,320.3,0.0,1
M03117,1433.15,-0.02121212121212121,0,0.0,0.0,-813.0100000000002,-0.045454545454545456,0,0.0,0.0,2029.58,0.0,0
M03118,74.49000000000001,0.0,28,0.0,0.5,-23.61,0.0,-2,0.5,0.5,83.92,0.0,26
M03119,0.0,0.0,0,1.0,1.0,3027.34,0.03571428571428571,0,0.0,0.0,3027.34,0.03571428571428571,0
M03120,160.70999999999998,0.0,0,0.5,0.0,-208.67999999999998,0.0,0,0.0,0.0,0.0,0.0,1
M03121,3.8600000000001273,0.028205128205128202,0,0.0,0.0,-388.47000000000025,0.058333333333333334,0,0.0,0.0,2435.81,0.125,0
M03122,-194.01999999999998,0.0,1,0.5,0.0,-204.87,0.0,0,0.0,0.0,871.36,0.0,2
M03123,-472.69000000000005,0.17647058823529413,0,0.5,0.0,-167.7399999999999,-0.17647058823529413,0,0.0,0.0,938.0400000000001,0.0,0
M03124,-95.56000000000002,0.0,0,0.0,0.0,-118.58,0.0,0,0.0,0.0,0.0,0.0,0
M03125,-1505.7799999999997,0.04195804195804195,0,0.5,0.0,494.3299999999999,-0.0037617554858934144,1,0.0,0.0,5765.01,0.06896551724137931,1
M03126,-1485.1100000000006,-0.02168367346938776,0,0.5,0.0,-177.1300000000001,-0.01998299319727891,0,0.0,0.0,4624.82,0.020833333333333332,2
M03127,-3.5599999999999454,0.0,0,0.5,0.0,-57.15000000000009,0.0,0,0.0,0.0,546.0999999999999,0.0,0
M03128,2119.14,0.06666666666666667,0,1.0,0.0,1934.9,-0.014035087719298248,-1,0.0,0.0,4054.04,0.05263157894736842,13
M03129,106.36999999999989,-0.125,0,0.5,0.0,-704.4099999999999,0.0,1,0.5,0.0,216.69,0.0,2
M03130,0.0,0.0,0,0.0,0.0,127.11999999999999,0.0,0,0.0,0.0,127.11999999999999,0.0,0
M03131,-384.39,0.04807692307692307,0,0.0,0.0,571.41,-0.125,0,0.0,0.0,1226.49,0.0,1
M03132,-300.87000000000006,0.0,0,0.0,0.0,-70.33,0.0,0,0.0,0.0,0.0,0.0,1
M03133,428.8299999999999,0.12,0,0.0,0.0,-255.4000000000001,-0.12,0,0.0,0.0,2402.77,0.0,1
M03134,-136.5899999999997,-0.0741687979539642,0,0.0,0.0,285.80999999999995,-0.043478260869565216,0,0.0,0.0,2270.65,0.0,2
M03135,-279.44000000000005,0.0357142857142857,0,0.0,0.0,-265.69000000000005,-0.2857142857142857,1,0.0,0.0,1032.29,0.0,1
M03136,1079.14,0.0,1,0.0,0.0,-979.39,0.2,0,0.0,0.0,546.09,0.2,1
M03137,0.0,0.0,0,0.0,0.0,5559.72,0.08163265306122448,0,1.0,1.0,5559.72,0.08163265306122448,0
M03138,700.94,0.0,0,0.0,0.0,-179.38,0.0,0,0.0,0.0,521.5600000000001,0.0,1
M03139,-45.05000000000001,0.0,0,0.5,0.0,-23.919999999999987,0.0,0,0.0,0.0,115.5,0.0,0
M03140,-771.81,0.0,0,0.0,0.0,0.0,0.0,1,0.5,0.0,0.0,0.0,1
M03141,548.7199999999998,-0.058823529411764705,-1,0.0,0.0,-1518.1399999999996,0.0,0,0.0,0.0,940.8900000000001,0.0,0
M03142,831.6500000000001,-0.25,0,0.0,0.0,-146.61,0.125,0,0.0,0.0,908.34,0.125,0
M03143,7383.02,-0.024597495527728087,-2,0.0,0.5,-1036.920000000002,-0.017360546430313872,-2,0.0,0.0,17655.26,0.03496503496503497,26
M03144,246.85000000000002,0.0,0,1.0,1.0,27.059999999999945,0.0,0,0.0,0.0,273.90999999999997,0.0,0
M03145,-265.97,0.0,0,0.5,0.0,1142.1,0.18181818181818182,0,0.0,0.0,1622.85,0.18181818181818182,3
M03146,-227.01,0.0,0,0.0,0.0,-314.53,0.0,1,0.0,0.0,360.52,0.0,1
M03147,1578.47,0.0,1,1.0,1.0,1380.6899999999998,0.05,1,0.5,0.0,2959.16,0.05,2
M03148,215.16,0.0,0,0.5,0.0,-3.4199999999999875,0.0,0,0.5,0.0,211.74,0.0,0
M03149,-102.03000000000003,0.5,0,0.0,0.0,835.6100000000001,-0.5,0,0.0,0.0,1035.93,0.0,0
M03150,580.77,0.2857142857142857,0,1.0,1.0,2754.62,-0.22119815668202764,0,0.0,0.0,3335.39,0.06451612903225806,0
M03151,1298.81,0.25,15,0.0,0.5,-1208.01,-0.25,0,0.0,0.5,148.26999999999998,0.0,18
M03152,2334.85,0.037037037037037035,0,0.0,0.0,-2126.31,-0.037037037037037035,0,0.0,0.0,770.64,0.0,0
M03153,-292.21,0.0,0,0.0,0.0,606.71,0.0,0,0.0,0.0,803.69,0.0,1
M03154,53.08000000000004,-0.25,-1,0.5,0.0,331.86,0.08333333333333333,0,0.0,0.0,655.32,0.08333333333333333,1
M03155,-1327.91,0.0,0,0.0,0.0,1.0299999999999727,0.0,0,0.0,0.0,1338.92,0.0,0
M03156,497.46,0.0,0,0.0,0.0,159.60000000000008,0.14285714285714285,1,0.0,0.0,657.0600000000001,0.14285714285714285,1
M03157,0.0,0.0,0,0.0,0.0,356.15,0.0,0,0.0,0.0,356.15,0.0,2
M03158,513.17,0.0,0,0.0,0.0,-713.15,0.0,1,0.5,0.0,144.12,0.0,3
M03159,241.35000000000002,0.0,2,0.5,0.0,-102.79000000000002,0.0,-1,0.5,0.0,138.56,0.0,3
M03160,-47.96,0.0,0,0.0,0.0,0.0,0.0,2,0.5,0.0,0.0,0.0,2
M03161,-428.34999999999997,0.0,0,0.0,0.0,155.36,0.0,0,0.0,0.0,307.07,0.0,1
M03162,0.39999999999997726,-0.2,0,0.5,0.0,-277.74,0.0,0,0.0,0.0,414.28,0.0,0
M03163,-968.1199999999999,0.043478260869565216,0,0.0,0.0,-59.00000000000023,-0.025171624713958812,0,0.0,0.0,2043.3799999999999,0.10526315789473684,0
M03164,63.08,0.0,1,0.0,0.0,3.980000000000004,0.0,-1,0.0,0.0,103.01,0.0,1
M03165,505.97,0.0,0,0.0,0.0,-49.88000000000011,0.2,0,0.0,0.0,731.3599999999999,0.2,1
M03166,-112.23000000000002,-0.1,0,0.5,0.0,-147.83000000000015,0.05263157894736842,0,0.0,0.0,1876.57,0.05263157894736842,1
M03167,0.0,0.0,0,0.0,0.0,779.26,0.1,2,1.0,1.0,779.26,0.1,2
M03168,-258.8599999999999,0.125,0,0.0,0.0,-418.74,0.01785714285714285,0,0.0,0.0,507.73,0.14285714285714285,0
M03169,-1676.4199999999996,0.005128205128205131,0,0.0,0.0,396.2199999999998,-0.038461538461538464,0,0.0,0.0,3177.0299999999997,0.0,1
M03170,66.07000000000001,0.0,0,0.0,0.0,-170.27,0.0,0,0.0,0.0,0.0,0.0,0
M03171,133.95,0.2,0,0.0,0.0,93.84000000000003,-0.2,0,0.0,0.0,520.49,0.0,0
M03172,613.56,0.058823529411764705,0,0.5,0.0,916.24,-0.02178649237472767,0,0.5,0.0,2745.77,0.037037037037037035,0
M03173,0.0,0.0,0,0.0,0.0,1038.19,0.0,1,1.0,1.0,1038.19,0.0,1
M03174,-1598.7,0.0,0,0.5,0.0,484.7499999999998,0.047619047619047616,0,0.0,0.0,2175.22,0.047619047619047616,2
M03175,895.22,-0.09090909090909091,0,0.0,0.0,-581.76,0.0,2,0.0,0.0,1116.69,0.0,3
M03176,-289.58000000000084,-0.02,0,0.0,0.0,-1652.4399999999996,-0.02,0,0.0,0.0,3989.25,0.0,0
M03177,-1035.0800000000002,0.0,0,0.0,0.0,-373.14999999999986,0.25,0,0.0,0.0,721.4200000000001,0.25,1
M03178,-829.8299999999999,0.004591836734693881,0,0.0,0.0,367.0799999999999,0.04021739130434782,0,0.5,0.0,4690.06,0.06521739130434782,1
M03179,100.12,0.0,30,0.5,0.5,168.32999999999998,0.0,-3,0.5,0.5,588.76,0.0,27
M03180,-315.75,0.0,0,1.0,0.0,-39.28,0.0,0,0.0,0.0,0.0,0.0,1
M03181,-97.79999999999998,-0.3333333333333333,0,0.0,0.0,-96.15000000000002,0.0,1,0.0,0.0,29.74,0.0,2
M03182,3452.42,0.07692307692307693,1,1.0,1.0,-870.9700000000003,-0.07692307692307693,0,0.0,0.0,2581.45,0.0,1
M03183,1260.92,0.005263157894736831,0,0.0,0.0,68.03999999999996,-0.014354066985645925,0,0.0,0.0,1775.58,0.09090909090909091,0
M03184,-300.03999999999996,0.0,0,0.0,0.0,-46.32000000000001,0.0,0,0.0,0.0,72.53,0.0,1
M03185,393.1900000000005,0.04497354497354497,0,0.0,0.0,-770.5,-0.040100250626566414,0,0.0,0.0,4835.47,0.07894736842105263,2
M03186,-345.57000000000005,-0.25,0,0.0,0.0,-202.87,0.0,0,0.0,0.0,210.89,0.0,0
M03187,67.39999999999998,0.0,0,0.0,0.0,-180.29000000000002,0.0,1,0.0,0.0,399.71,0.0,3
M03188,-559.47,0.0,0,0.0,0.0,205.57999999999993,0.14285714285714285,0,0.5,0.0,740.04,0.14285714285714285,2
M03189,141.42,0.0,0,0.0,0.0,34.35000000000002,0.0,0,0.0,0.0,175.77,0.0,2
M03190,7.150000000000034,-0.25,0,0.0,0.0,286.69999999999993,0.0,0,0.0,0.0,694.05,0.0,1
M03191,1950.0,0.023755656108597287,0,0.0,0.0,2001.8799999999992,0.04373024236037934,-1,0.0,0.0,9730.97,0.0821917808219178,0
M03192,253.93,0.0,0,0.0,0.0,-48.379999999999995,0.0,1,0.0,0.0,205.55,0.0,1
M03193,348.27999999999986,0.0,0,0.0,0.0,12.850000000000136,0.2,0,0.0,0.0,1074.22,0.2,1
M03194,177.64,0.0,0,0.0,0.0,-61.329999999999984,0.0,0,0.0,0.0,116.31,0.0,0
M03195,0.0,0.0,0,0.0,0.0,516.46,0.0,1,1.0,1.0,516.46,0.0,1
M03196,36.660000000000004,0.0,0,0.0,0.0,-97.48,0.0,0,0.0,0.0,0.0,0.0,0
M03197,-42.15000000000009,-0.16666666666666666,0,0.0,0.0,1983.3500000000001,0.08,6,0.0,1.0,2776.63,0.08,6
M03198,88.48000000000002,0.25,0,0.0,0.0,-434.86,-0.25,0,0.0,0.0,148.38,0.0,0
M03199,2741.65,-0.010964912280701754,0,0.0,0.0,-1990.12,0.008333333333333338,0,0.0,0.0,2150.34,0.05,1
M03200,36.87999999999997,-0.25,0,0.0,0.0,-36.76999999999998,0.0,0,0.0,0.0,239.51,0.0,1
M03201,130.79999999999995,0.08333333333333334,-3,0.5,0.0,-272.58,-0.25,1,0.0,0.0,436.03000000000003,0.0,2
M03202,-240.49,-0.14285714285714285,34,0.0,0.6666666666666666,330.57000000000005,0.0,-29,0.0,0.6666666666666666,805.9300000000001,0.0,6
M03203,-124.1,0.0,0,0.0,0.0,0.0,0.0,0,0.5,0.0,0.0,0.0,0
M03204,-258.46000000000004,0.125,0,0.0,0.0,-687.51,-0.125,1,0.5,0.0,134.26,0.0,1
M03205,-537.6900000000002,0.0,0,0.0,0.0,6.090000000000032,0.0,0,0.0,0.0,557.51,0.0,0
M03206,1191.84,0.10526315789473684,1,0.0,0.0,-618.3,-0.10526315789473684,0,0.0,0.0,1939.76,0.0,1
M03207,0.0,0.0,-2,0.0,0.5,0.0,0.0,-3,0.0,0.0,0.0,0.0,24
M03208,47.17,0.0,1,0.0,0.0,-122.08,0.0,0,0.0,0.0,0.0,0.0,1
M03209,1195.38,0.05263157894736842,-1,0.0,0.0,-704.03,0.03070175438596491,1,0.0,0.0,1106.96,0.08333333333333333,1
M03210,-2250.4000000000005,0.023109243697478993,0,0.0,0.0,1954.2500000000002,-0.058823529411764705,0,0.0,0.0,3341.55,0.0,1
M03211,-144.49,0.0,1,0.5,0.0,307.90000000000003,0.25,-1,0.5,0.0,378.48,0.25,1
M03212,-42.78999999999999,0.0,0,0.0,0.0,139.09,0.0,0,0.0,0.0,187.68,0.0,2
M03213,263.99,0.0,1,0.5,0.5,395.66999999999996,0.0,5,0.0,0.5,860.06,0.0,6
M03214,-88.66,0.0,0,0.0,0.0,352.89,0.2,-1,0.0,0.0,352.89,0.2,1
M03215,-710.23,0.3333333333333333,0,0.0,0.0,284.03,0.09523809523809523,0,0.0,0.0,715.51,0.42857142857142855,4
M03216,134.41,0.0,0,0.0,0.0,-118.28,0.0,1,0.0,0.0,16.13,0.0,3
M03217,-377.0,-0.05555555555555555,1,0.0,0.0,-1110.9400000000003,0.0,1,0.0,0.0,1134.36,0.0,3
M03218,562.73,0.0,2,1.0,1.0,80.80999999999995,0.125,0,0.0,0.0,643.54,0.125,2
M03219,898.4000000000001,0.045454545454545456,2,0.0,0.0,-1582.3800000000003,-0.045454545454545456,0,0.0,0.0,1463.84,0.0,2
M03220,40.37,0.0,7,0.5,0.5,-40.37,0.0,-2,0.0,0.5,0.0,0.0,6
M03221,-26.27,0.0,0,0.0,0.0,0.0,0.0,0,0.0,0.0,0.0,0.0,2
M03222,-518.69,0.0,17,0.0,0.5,1235.5500000000002,0.043478260869565216,-2,0.0,0.5,2666.9,0.043478260869565216,19
M03223,181.7,0.25,0,0.0,0.0,-219.72,-0.25,0,0.0,0.0,0.0,0.0,0
M03224,-91.67,0.0,5,0.6666666666666666,0.5,338.45,1.0,0,0.5,0.5,338.45,1.0,5
M03225,48.87,0.0,1,1.0,1.0,1064.8100000000002,0.0,0,0.0,0.0,1113.68,0.0,1
M03226,307.94,0.3333333333333333,-2,0.5,0.5,-401.15999999999997,-0.3333333333333333,-1,0.0,0.0,290.49,0.0,30
M03227,838.4200000000001,0.0,-1,0.0,0.0,-444.87,0.0,0,0.0,0.0,468.73,0.0,2
M03228,-1062.2199999999998,-0.1111111111111111,0,0.0,0.0,453.29999999999995,0.0,0,0.0,0.0,947.93,0.0,1
M03229,567.6300000000001,0.0,-1,0.0,0.0,-204.09000000000003,0.125,0,0.0,0.0,831.36,0.125,0
M03230,99.10000000000002,0.16666666666666666,0,0.0,0.0,-58.25999999999999,0.26666666666666666,0,0.0,0.0,579.72,0.6,1
M03231,-1550.2,-0.043478260869565216,1,0.0,0.0,1749.5200000000002,0.05714285714285714,0,0.0,0.0,3554.57,0.05714285714285714,2
M03232,0.9799999999999613,0.0,0,0.5,0.0,416.26,0.25,0,0.5,0.0,756.79,0.25,0
M03233,0.0,0.0,0,0.0,0.0,1062.71,0.07692307692307693,1,1.0,1.0,1062.71,0.07692307692307693,1
M03234,0.0,0.0,0,0.0,0.0,4123.53,0.09523809523809523,1,1.0,1.0,4123.53,0.09523809523809523,1
M03235,595.97,-0.1111111111111111,-1,0.0,0.0,-927.63,0.09090909090909091,1,0.0,0.0,664.88,0.09090909090909091,1
M03236,0.0,0.0,0,0.0,0.0,153.89,0.0,2,1.0,1.0,153.89,0.0,2
M03237,108.65999999999997,-0.1,0,0.0,0.0,-510.9,-0.1,0,0.5,0.0,512.87,0.0,0
M03238,-146.6099999999999,0.0,0,0.0,0.0,-620.3399999999999,0.0,0,0.0,0.0,567.9200000000001,0.0,0
M03239,-345.87,0.0,0,0.0,0.0,365.65999999999997,0.0,0,0.0,0.0,365.65999999999997,0.0,1
M03240,-254.73000000000002,0.0,1,0.0,0.0,373.95,0.25,0,0.0,0.0,409.77,0.25,2
M03241,-160.05,0.0,-1,0.5,0.0,0.0,0.0,0,0.0,0.0,0.0,0.0,2
M03242,0.0,0.0,0,0.0,0.0,0.0,0.0,1,0.0,0.0,0.0,0.0,2
M03243,-214.10999999999999,-0.5,-3,0.0,0.5,431.62,0.0,-3,0.0,0.0,628.53,0.0,18
M03244,226.29999999999998,0.0,1,1.0,1.0,1395.6100000000001,0.0,1,0.5,0.0,1621.91,0.0,2
M03245,0.0,0.0,-1,0.0,0.5,403.82,0.2,1,0.5,0.0,403.82,0.2,16
M03246,-116.38000000000011,0.0,-1,0.5,0.0,-1535.0900000000001,-0.043478260869565216,0,0.0,0.0,1722.69,0.0,3
M03247,549.51,0.0,0,0.0,0.0,-681.6600000000001,0.0,1,0.5,0.0,45.14,0.0,1
M03248,2156.4,0.13636363636363635,1,1.0,1.0,437.0899999999997,-0.053030303030303025,0,0.0,0.0,2593.49,0.08333333333333333,1
M03249,-229.33999999999992,0.03409090909090909,0,0.0,0.0,443.24,-0.125,0,0.0,0.0,1553.02,0.0,1
M03250,1851.79,0.07246376811594203,0,0.0,0.0,764.5100000000002,-0.014492753623188408,0,0.0,0.0,8109.03,0.057971014492753624,0
M03251,-1.509999999999991,0.2,0,0.0,0.0,-991.42,-0.2,0,0.0,0.0,109.42,0.0,1
M03252,0.0,0.0,0,0.0,0.0,0.0,0.0,6,0.0,0.5,0.0,0.0,9
M03253,-474.48,0.06501547987616099,0,0.0,0.0,-558.2299999999998,-0.11764705882352941,1,0.5,0.0,1143.72,0.0,2
M03254,5683.64,0.03389830508474576,1,1.0,1.0,1878.5999999999995,0.08772331653687587,0,0.0,0.0,7562.24,0.12162162162162163,1
M03255,-206.11,0.0,0,0.0,0.0,61.58,0.0,0,1.0,0.0,61.58,0.0,1
M03256,42.159999999999854,-0.13333333333333333,0,0.0,0.0,-342.73,0.08333333333333333,0,0.0,0.0,1260.83,0.08333333333333333,0
M03257,-1111.11,0.1111111111111111,17,0.0,0.5,-245.10000000000014,-0.16666666666666666,-1,0.0,0.5,1427.31,0.0,19
M03258,0.0,0.0,17,0.0,1.0,1221.92,0.0,0,1.0,0.0,1221.92,0.0,17
M03259,-165.05,0.0,0,0.0,0.0,86.2,0.0,0,0.0,0.0,86.2,0.0,0
M03260,458.39,0.0,0,0.5,0.0,-72.96999999999997,0.25,0,0.5,0.0,412.98,0.25,0
M03261,0.0,0.0,25,0.0,1.0,757.09,0.14285714285714285,0,1.0,0.0,757.09,0.14285714285714285,25
M03262,447.6300000000001,0.08316430020283976,0,0.0,0.0,612.5299999999997,-0.006535947712418305,1,0.0,0.0,3664.0099999999998,0.1111111111111111,1
M03263,188.29999999999998,0.2,1,0.0,0.0,-132.04999999999998,-0.2,0,0.0,0.0,216.47,0.0,3
M03264,-899.8900000000001,0.0,0,0.0,0.0,343.66,0.0,0,0.0,0.0,468.98,0.0,1
M03265,0.0,0.0,0,0.0,0.0,1587.47,0.09090909090909091,1,1.0,1.0,1587.47,0.09090909090909091,1
M03266,-422.90000000000003,0.0,0,0.5,0.0,-29.57000000000002,0.3333333333333333,0,0.0,0.0,174.23,0.3333333333333333,0
M03267,-179.01999999999998,0.0,0,0.0,0.0,-279.92,0.0,0,0.5,0.0,290.18,0.0,1
M03268,-154.68999999999997,0.0,1,0.0,0.0,101.65,0.0,0,0.0,0.0,186.12,0.0,2
M03269,0.0,0.0,0,0.0,0.0,1885.64,0.045454545454545456,6,1.0,1.0,1885.64,0.045454545454545456,6
M03270,84.22,0.0,0,0.0,0.0,176.80999999999997,0.0,0,0.0,0.0,261.03,0.0,1
M03271,168.37,0.0,1,0.5,0.0,-168.37,0.0,0,0.5,0.0,0.0,0.0,1
M03272,0.0,0.0,0,0.0,0.0,3419.4900000000002,0.06666666666666667,2,1.0,1.0,3419.4900000000002,0.06666666666666667,2
M03273,-22.75,-0.1111111111111111,-1,0.5,0.0,1522.0,0.16666666666666666,0,0.0,0.0,2202.21,0.16666666666666666,0
M03274,-29.050000000000068,0.0,5,1.0,1.0,207.37000000000012,0.14285714285714285,0,0.0,0.0,793.6600000000001,0.14285714285714285,6
M03275,-308.76,0.0,4,0.5,0.5,393.5,0.0,-1,0.5,0.5,393.5,0.0,4
M03276,-198.47999999999996,-0.6666666666666666,0,0.5,0.0,-179.19000000000003,0.0,0,0.0,0.0,72.97,0.0,1
M03277,-878.58,-0.05555555555555555,0,0.5,0.0,513.5600000000001,0.0,0,0.5,0.0,1266.17,0.0,0
M03278,285.03999999999996,0.0,0,0.5,0.0,-137.42999999999998,0.0,6,0.0,1.0,225.72,0.0,6
M03279,167.93999999999983,0.125,1,0.0,0.0,831.47,-0.06944444444444445,0,0.0,0.0,1929.59,0.05555555555555555,1
M03280,25.59,0.0,17,0.0,0.5,1100.89,0.0,-2,0.0,0.5,1126.48,0.0,15
M03281,-39.879999999999995,0.0,-1,0.0,0.0,-179.17000000000002,0.6666666666666666,0,0.0,0.0,339.59,0.6666666666666666,1
M03282,559.69,0.5,1,0.0,0.0,515.68,-0.5,0,0.0,0.0,1109.79,0.0,1
M03283,1695.8600000000001,-0.02429149797570851,0,0.0,0.0,-1600.5400000000002,0.11403508771929824,0,0.0,0.0,1546.74,0.16666666666666666,0
M03284,-209.77,0.0,0,0.0,0.5,-42.84,0.0,0,0.0,0.0,0.0,0.0,5
M03285,0.0,0.0,2,1.0,1.0,687.77,0.0,0,0.0,0.0,687.77,0.0,2
M03286,-501.01,0.0,0,0.5,0.0,44.459999999999994,0.0,-2,0.5,0.0,106.1,0.0,2
M03287,33.000000000000014,0.0,0,0.0,0.0,455.41999999999996,0.0,0,0.0,0.0,614.25,0.0,1
M03288,-15.600000000000023,0.0,0,0.0,0.0,-319.36,-0.14285714285714285,0,0.0,0.0,405.6,0.0,3
M03289,0.0,0.0,0,0.0,0.0,0.0,0.0,0,0.0,0.0,0.0,0.0,1
M03290,441.37000000000006,0.0,0,0.5,0.0,-46.47000000000003,0.0,0,0.5,0.0,534.24,0.0,0
M03291,0.0,0.0,0,0.0,0.0,4547.7,0.0,1,1.0,1.0,4547.7,0.0,1
M03292,551.11,0.0,-2,0.0,0.0,-303.06999999999994,0.0,0,0.0,0.0,521.6800000000001,0.0,1
M03293,585.6599999999999,0.0,0,0.0,0.0,-553.3199999999999,0.25,0,0.0,0.0,273.79,0.25,0
M03294,235.18,0.0,0,0.0,0.0,-264.81,0.0,0,0.0,0.0,0.0,0.0,2
M03295,122.55000000000001,0.0,0,0.0,0.0,570.1500000000001,0.0,2,0.0,0.0,900.46,0.0,4
M03296,102.28000000000003,0.0,27,0.0,0.5,-77.16000000000003,0.2,0,0.0,0.5,387.15,0.2,28
M03297,10.640000000000043,0.0,0,0.0,0.0,470.19,0.0,0,0.0,0.0,755.12,0.0,2
M03298,371.77,0.1111111111111111,0,0.0,0.0,-370.54999999999995,0.1388888888888889,0,0.0,0.0,443.5,0.25,1
M03299,28.710000000000036,0.0,24,0.0,0.5,32.25999999999999,0.0,-4,0.0,0.5,208.05,0.0,20
M03300,-27.24000000000001,-0.25,0,0.0,0.0,217.65000000000003,0.0,1,0.0,0.0,599.09,0.0,1
M03301,624.72,0.0,0,0.0,0.0,-624.72,0.0,-1,0.5,0.0,0.0,0.0,2
M03302,0.0,0.0,0,0.0,0.0,5466.65,0.11627906976744186,0,1.0,1.0,5466.65,0.11627906976744186,0
M03303,46.66,0.0,0,0.0,0.0,366.66,0.0,0,0.0,0.0,456.43,0.0,1
M03304,836.57,-0.3333333333333333,0,0.0,0.0,-654.82,0.0,0,0.0,0.0,393.59000000000003,0.0,0
M03305,-1879.1200000000003,-0.001680672268907564,17,0.0,0.5,387.98,-0.0315018315018315,0,0.5,0.5,4014.46,0.02564102564102564,17
M03306,-691.6699999999998,-0.05416666666666667,-1,0.0,0.0,-156.1099999999999,-0.13333333333333333,0,0.0,0.0,1250.1100000000001,0.0,0
M03307,342.19999999999993,0.0,-3,0.5,0.0,140.62000000000012,0.0,0,0.0,0.0,1383.39,0.0,1
M03308,-738.7400000000001,0.0,0,0.0,0.0,740.93,0.1,-1,0.0,0.0,1179.83,0.1,2
M03309,135.23000000000002,0.0,0,0.0,0.0,-316.64,0.0,-1,0.0,0.0,64.23,0.0,0
M03310,284.99,0.0,1,0.0,0.0,-206.41000000000003,0.0,-1,0.0,0.0,78.58,0.0,0
M03311,275.37,-0.6666666666666666,0,0.5,0.0,-9.979999999999961,0.0,0,0.0,0.0,493.90000000000003,0.0,1
M03312,1412.83,0.06666666666666667,-1,0.0,0.0,-1127.99,0.03333333333333334,2,0.5,0.0,1323.76,0.1,4
M03313,423.49,0.0,1,1.0,1.0,607.3599999999999,0.07692307692307693,0,0.5,0.0,1030.85,0.07692307692307693,1
M03314,1888.2799999999997,0.0,1,0.0,0.0,-1489.3799999999999,0.0,0,0.0,0.0,716.78,0.0,2
M03315,1197.6800000000003,-0.036199095022624445,0,0.0,0.0,449.40999999999985,-0.046218487394957986,1,0.5,0.0,2958.61,0.07142857142857142,1
M03316,-1344.53,0.9,0,0.0,0.0,300.72,-1.0,0,0.5,0.0,355.11,0.0,1
M03317,-77.08999999999997,0.0,0,0.5,0.0,648.79,0.0,-1,0.5,0.0,1002.36,0.0,0
M03318,-92.09,1.0,0,0.0,0.0,-248.59,-1.0,0,0.0,0.0,0.0,0.0,0
M03319,0.0,0.0,27,0.0,1.0,26620.19,0.08403361344537816,-1,1.0,0.0,26620.19,0.08403361344537816,26
M03320,-405.08000000000004,-0.2,0,0.0,0.0,-70.57999999999998,0.0,0,0.0,0.0,85.05000000000001,0.0,2
M03321,116.32000000000005,0.0,0,0.0,0.0,350.37,0.0,0,0.0,0.0,1063.97,0.0,1
M03322,177.29,0.0,0,0.0,0.0,-183.22,0.0,0,0.0,0.0,101.47,0.0,0
M03323,-418.12,0.0,0,0.0,0.5,311.52,0.0,0,0.5,0.0,365.10999999999996,0.0,3
M03324,523.72,0.0,0,0.0,0.0,308.82000000000005,0.125,0,0.0,0.0,905.1800000000001,0.125,1
M03325,175.48999999999998,0.0,0,0.0,0.0,-208.51,0.0,0,0.0,0.0,0.0,0.0,0
M03326,101.12,0.0,1,0.0,0.0,-101.12,0.0,-1,0.0,0.0,0.0,0.0,2
M03327,2779.6,0.07692307692307693,0,1.0,1.0,345.60000000000036,-0.046620046620046623,0,0.0,0.0,3125.2000000000003,0.030303030303030304,0
M03328,665.0099999999999,0.0,0,0.0,0.0,127.10000000000014,0.0,0,0.0,0.0,1235.76,0.0,0
M03329,-29.090000000000003,-0.3333333333333333,0,0.0,0.0,-83.55000000000001,0.0,1,0.0,0.0,136.31,0.0,1
M03330,-104.59999999999991,0.0,24,0.0,0.5,178.94000000000005,0.2222222222222222,0,0.0,0.5,700.4100000000001,0.2222222222222222,26
M03331,0.0,0.0,0,0.0,0.0,3984.19,0.08571428571428572,0,1.0,1.0,3984.19,0.08571428571428572,0
M03332,-100.4,0.0,0,0.0,0.0,115.22999999999999,0.0,0,0.0,0.0,163.38,0.0,0
M03333,543.67,-0.2,0,0.0,0.0,-322.3399999999999,0.0,0,0.0,0.0,930.69,0.0,2
M03334,2442.1,0.0625,0,1.0,1.0,1365.44,-0.01121794871794872,0,0.0,0.0,3807.54,0.05128205128205128,0
M03335,176.2,0.0,0,0.0,0.5,-38.04999999999998,0.0,-2,0.0,0.0,138.15,0.0,26
M03336,0.0,0.0,0,0.0,0.0,2057.12,0.041666666666666664,0,1.0,1.0,2057.12,0.041666666666666664,0
M03337,305.7,0.0,2,1.0,1.0,2363.2400000000002,0.041666666666666664,0,0.0,0.0,2668.94,0.041666666666666664,2
M03338,-1783.8200000000006,0.03673469387755102,0,0.0,0.5,451.6800000000003,-0.05714285714285714,-2,0.0,0.0,3702.84,0.0,26
M03339,30.899999999999977,0.2222222222222222,0,0.0,0.0,213.5300000000001,-0.2222222222222222,0,0.0,0.0,986.6800000000001,0.0,0
M03340,-85.63,-0.3333333333333333,1,0.0,0.0,754.3699999999999,0.0,-1,0.5,0.0,809.5799999999999,0.0,2
M03341,42.19,0.0,0,1.0,1.0,752.6299999999999,0.0,0,0.0,0.0,794.8199999999999,0.0,0
M03342,6010.6,0.01694915254237288,2,1.0,1.0,4613.51,0.04490651756071991,-1,0.5,0.0,10624.11,0.061855670103092786,1
M03343,82.53999999999999,0.0,0,0.0,0.0,66.56,0.0,0,0.0,0.0,188.13,0.0,1
M03344,83.26,0.0,0,0.5,0.0,4806.12,0.16129032258064516,6,0.0,0.5,4958.43,0.16129032258064516,7
M03345,347.89000000000004,0.09999999999999998,0,0.0,0.0,-103.99000000000007,-0.09999999999999998,0,0.0,0.0,349.45,0.5,1
M03346,396.26,0.09090909090909091,0,0.5,0.0,1829.7400000000002,-0.05642633228840126,0,0.5,0.0,3275.7200000000003,0.034482758620689655,0
M03347,1274.0400000000002,0.0,0,0.0,0.0,-1612.78,0.0625,1,0.0,0.0,1456.66,0.0625,2
M03348,326.11,0.0,0,0.0,0.0,-57.789999999999964,0.0,0,0.0,0.0,557.23,0.0,0
M03349,-89.87,-0.3333333333333333,0,0.0,0.0,-70.55000000000001,0.0,1,0.0,0.0,26.03,0.0,2
M03350,-67.92000000000002,0.0,2,0.5,0.0,-271.9,0.0,-1,0.5,0.0,166.16,0.0,2
M03351,61.46,0.0,0,0.0,0.0,-61.46,0.0,1,0.0,0.0,0.0,0.0,2
M03352,507.73,0.0,6,0.6666666666666666,0.5,317.98,0.0,0,0.6666666666666666,0.5,937.59,0.0,6
M03353,-398.69999999999993,-0.09090909090909091,0,0.0,0.0,393.70000000000005,0.16666666666666666,0,0.0,0.0,787.4300000000001,0.16666666666666666,0
M03354,-44.56,0.0,0,0.0,0.0,133.28,0.0,0,0.0,0.0,133.28,0.0,0
M03355,-52.84,0.0,0,0.0,0.0,23.47,0.0,1,0.0,0.0,23.47,0.0,1
M03356,-509.59000000000003,0.0,0,0.0,0.0,-400.29999999999995,0.0,0,0.0,0.0,89.21000000000001,0.0,0
M03357,26.81000000000006,-0.1607142857142857,1,0.0,0.0,-98.03999999999996,0.01785714285714285,0,0.0,0.0,608.84,0.14285714285714285,1
M03358,-83.59000000000003,0.125,0,0.0,0.0,192.21000000000004,0.0,0,0.0,0.0,850.12,0.125,0
M03359,363.47,0.0,3,1.0,1.0,164.26999999999998,0.0,0,0.0,0.0,527.74,0.0,3
M03360,-106.48,0.0,0,0.0,0.0,1431.13,0.0,6,0.0,0.5,1431.13,0.0,6
M03361,568.53,0.0,0,0.0,0.0,-207.73999999999995,0.0,1,0.0,0.0,360.79,0.0,2
M03362,1351.0600000000002,0.011904761904761904,0,0.0,0.0,-850.0800000000002,0.07051282051282053,0,0.0,0.0,1650.53,0.15384615384615385,2
M03363,-39.390000000000015,0.0,0,0.0,0.0,-93.63,0.0,0,0.0,0.0,0.0,0.0,5
M03364,-109.96000000000004,0.0,1,0.5,0.0,286.3799999999999,0.0,-1,0.5,0.0,1739.35,0.0,2
M03365,0.0,0.0,0,0.0,0.0,7398.85,0.012345679012345678,0,1.0,1.0,7398.85,0.012345679012345678,0
M03366,0.0,0.0,0,0.0,0.0,1542.3,0.0,0,1.0,1.0,1542.3,0.0,0
M03367,-84.12,0.0,0,0.0,0.0,-254.63,0.0,-1,0.0,0.0,731.04,0.0,0
M03368,-407.09000000000003,0.1746031746031746,0,0.0,0.0,320.5300000000001,-0.2857142857142857,0,0.0,0.0,926.84,0.0,0
M03369,3.2700000000000387,0.25,0,0.0,0.0,-289.06,-0.25,0,0.0,0.0,0.0,0.0,0
M03370,124.96,0.0,0,0.0,0.5,-103.47,0.0,-3,0.0,0.0,107.07,0.0,18
M03371,372.6200000000001,0.1111111111111111,0,0.0,0.0,-334.32000000000005,-0.1111111111111111,0,0.0,0.0,674.62,0.0,0
M03372,1562.9000000000005,0.010718789407313994,16,0.5,0.5,-778.0900000000001,0.06846673095467695,-2,0.0,0.5,6248.67,0.11764705882352941,16
M03373,-314.77000000000004,0.0,0,0.0,0.0,165.53,0.0,0,0.0,0.0,181.72,0.0,0
M03374,-972.1999999999998,0.07894736842105263,0,0.0,0.0,-873.7800000000002,-0.05263157894736842,1,0.0,0.0,2737.97,0.02631578947368421,4
M03375,0.0,0.0,0,0.0,0.0,1948.8899999999999,0.0,1,1.0,1.0,1948.8899999999999,0.0,1
M03376,928.92,0.25,0,0.0,0.0,58.879999999999995,-0.25,0,0.0,0.0,987.8,0.0,1
M03377,-762.7099999999998,0.011538461538461539,0,0.0,0.0,997.8100000000002,-0.0023809523809523864,0,0.0,0.0,2578.05,0.047619047619047616,0
M03378,568.3199999999997,0.011965811965811965,0,0.0,0.0,1836.54,-0.05042735042735043,0,0.0,0.0,6628.25,0.038461538461538464,0
M03379,-453.72,-0.14285714285714285,1,0.0,0.0,659.4,0.2,0,0.0,0.0,846.62,0.2,1
M03380,-661.2199999999998,0.11764705882352941,0,0.0,0.0,508.4899999999998,-0.058823529411764705,1,0.5,0.0,1890.62,0.058823529411764705,2
M03381,242.42999999999995,0.0,0,0.0,0.0,-485.73999999999995,0.0,0,0.0,0.0,39.07,0.0,1
M03382,-34.3,0.0,1,0.0,0.0,307.39,0.0,0,0.0,0.0,429.12,0.0,3
M03383,-285.09,0.0,6,0.6666666666666666,0.5,-55.19,0.0,0,0.6666666666666666,0.5,0.0,0.0,6
M03384,0.0,0.0,0,0.0,0.0,578.47,0.0,2,1.0,1.0,578.47,0.0,2
M03385,437.30000000000007,0.2,0,0.0,0.0,-722.6600000000001,-0.2,0,0.0,0.0,461.74,0.0,0
M03386,-422.9,-0.1,0,0.0,0.0,584.87,0.0,0,0.0,0.0,978.64,0.0,2
M03387,-2128.75,0.027777777777777776,0,0.0,0.0,-1313.8000000000002,0.06597222222222222,0,0.0,0.0,2923.25,0.09375,2
M03388,1604.0499999999993,0.03509221311475409,27,0.0,0.5,-2581.0599999999995,-0.06557377049180327,-1,0.0,0.5,5267.26,0.01639344262295082,26
M03389,100.95000000000005,0.0,0,0.0,0.0,620.8899999999999,0.16666666666666666,1,0.5,0.0,1232.6,0.16666666666666666,1
M03390,-29.6,0.0,-1,0.5,0.0,110.72000000000001,0.0,0,0.0,0.0,118.80000000000001,0.0,0
M03391,-454.81999999999994,-0.047619047619047616,1,0.0,0.0,144.5,0.07142857142857142,1,0.5,0.0,1412.53,0.07142857142857142,2
M03392,-73.53999999999996,0.010025062656641603,0,0.0,0.0,479.7399999999998,-0.014354066985645925,0,0.0,0.0,2378.0299999999997,0.09090909090909091,0
M03393,-1625.4900000000002,0.0,-1,0.0,0.0,-106.48000000000002,0.14285714285714285,0,0.0,0.0,531.18,0.14285714285714285,0
M03394,-461.92999999999995,0.05555555555555555,0,0.0,0.0,55.710000000000036,-0.16666666666666666,0,0.0,0.0,486.34000000000003,0.0,0
M03395,-256.47999999999996,-0.2,0,0.0,0.0,140.97999999999996,0.0,0,0.0,0.0,648.55,0.0,0
M03396,-199.23999999999995,0.0,0,0.0,0.0,248.24,0.0,0,0.0,0.0,353.17,0.0,1
M03397,0.0,0.0,1,0.0,0.0,47.55,0.0,0,0.0,0.0,47.55,0.0,1
M03398,-353.52000000000004,-0.2857142857142857,0,0.0,0.0,740.3,0.125,0,0.0,0.0,980.25,0.125,1
M03399,-45.809999999999945,0.0,0,0.0,0.0,221.14,0.0,0,0.0,0.0,475.82,0.0,0
M03400,-331.64,0.0,0,0.0,0.0,692.5399999999998,0.0,0,0.0,0.0,1242.6699999999998,0.0,3
M03401,818.3,0.0,6,0.0,0.5,-745.56,0.0,-2,0.0,0.5,97.12,0.0,7
M03402,333.05,0.3333333333333333,0,0.0,0.0,-333.05,-0.3333333333333333,0,0.0,0.0,0.0,0.0,0
M03403,0.0,0.0,0,0.0,0.0,0.0,0.0,0,0.0,0.0,0.0,0.0,0
M03404,1152.87,0.14285714285714285,0,0.0,0.0,-1558.8899999999999,-0.14285714285714285,0,0.0,0.0,677.29,0.0,0
M03405,0.0,0.0,0,0.0,0.0,421.32,0.0,0,1.0,1.0,421.32,0.0,0
M03406,-28.75999999999999,0.0,0,0.0,0.5,228.23000000000002,0.0,-1,0.0,0.0,509.93,0.0,15
M03407,-52.56,0.0,0,0.0,0.0,0.0,0.0,2,0.5,0.0,0.0,0.0,4
M03408,240.47000000000003,0.0,0,0.0,0.0,-212.39000000000001,0.0,1,0.5,0.0,43.53,0.0,2
M03409,56.02,0.0,0,0.5,0.0,-56.02,0.0,1,0.0,0.0,0.0,0.0,4
M03410,0.0,0.0,0,0.0,0.0,4443.93,0.175,0,1.0,1.0,4443.93,0.175,0
M03411,218.94,0.3333333333333333,1,0.0,0.0,539.6399999999999,-0.3333333333333333,0,0.0,0.0,758.5799999999999,0.0,1
M03412,-651.8100000000001,-0.08333333333333333,0,0.0,0.0,629.4799999999999,0.09090909090909091,0,0.0,0.0,1304.59,0.09090909090909091,1
M03413,1369.09,0.0,3,1.0,0.0,222.02999999999997,0.0,-3,0.0,0.0,1591.12,0.0,28
M03414,124.93,0.0,0,0.0,0.0,317.40999999999997,0.16666666666666666,0,0.0,0.0,770.41,0.16666666666666666,1
M03415,472.04999999999995,0.16666666666666666,0,0.0,0.0,123.27999999999997,-0.16666666666666666,0,0.0,0.0,1240.6,0.0,1
M03416,-275.06000000000006,-0.10714285714285715,0,0.0,0.0,-603.09,-0.14285714285714285,1,0.0,0.0,0.0,0.0,2
M03417,2164.06,0.038461538461538464,0,0.0,0.0,-1807.0300000000002,0.09946949602122016,0,0.0,0.0,2172.68,0.13793103448275862,0
M03418,-1183.7299999999998,-0.08333333333333333,-1,0.0,0.0,111.54000000000008,0.0,0,0.0,0.0,1002.9900000000001,0.0,0
M03419,0.0,0.0,0,0.0,0.0,5536.53,0.0425531914893617,0,1.0,1.0,5536.53,0.0425531914893617,0
M03420,24.010000000000048,0.25,0,0.0,0.0,-234.51000000000005,-0.25,0,0.0,0.0,262.81,0.0,0
M03421,-153.14999999999998,0.0,1,0.0,0.0,-115.21000000000004,0.0,2,0.5,0.0,561.39,0.0,3
M03422,-61.79,0.0,0,0.0,0.0,23.94,0.0,0,0.0,0.0,23.94,0.0,0
M03423,770.73,-0.038461538461538464,0,0.0,0.0,88.30999999999995,-0.007211538461538464,0,0.0,0.0,3562.87,0.03125,0
M03424,229.07999999999998,0.0,0,0.0,0.0,-212.74999999999997,0.0,0,0.0,0.0,114.03,0.0,2
M03425,604.6899999999999,0.0,0,0.0,0.5,-188.1099999999999,0.0,-1,0.0,0.0,560.71,0.0,11
M03426,28.05,0.0,0,0.0,0.0,4.400000000000002,0.0,1,0.0,0.0,32.45,0.0,2
M03427,433.46999999999997,0.0,0,0.0,0.0,-138.76,0.0,1,0.5,0.0,351.25,0.0,3
M03428,1248.3500000000004,0.0,0,0.0,0.0,-1872.5500000000002,1.0,1,0.0,0.0,41.44,1.0,2
M03429,427.3000000000002,0.020592020592020588,0,0.0,0.0,-993.4300000000003,0.003663003663003664,0,0.0,0.0,3429.21,0.05128205128205128,2
M03430,-984.5000000000001,0.0,4,0.5,0.0,1320.6,0.1111111111111111,-2,0.5,0.0,2118.25,0.1111111111111111,3
M03431,115.03999999999996,0.0,0,0.5,0.0,-895.1999999999999,0.0,0,0.5,0.0,90.32000000000001,0.0,0
M03432,0.0,0.0,3,0.0,0.5,0.0,0.0,0,0.0,0.0,0.0,0.0,5
M03433,0.0,0.0,0,0.5,0.0,0.0,0.0,-1,0.5,0.0,0.0,0.0,1
M03434,35.06,0.0,-1,0.0,0.0,-263.7,0.0,1,0.0,0.0,0.0,0.0,2
M03435,0.0,0.0,0,0.0,0.0,24.98,0.0,0,1.0,1.0,24.98,0.0,0
M03436,1783.93,0.08333333333333333,0,1.0,0.0,482.6299999999999,-0.033333333333333326,-3,0.5,0.0,2266.56,0.05,18
M03437,195.09,0.3333333333333333,2,1.0,1.0,171.79,-0.3333333333333333,-1,0.5,0.0,366.88,0.0,1
M03438,615.0799999999999,0.0,0,0.0,0.0,41.370000000000005,0.0,0,0.0,0.0,713.27,0.0,1
M03439,265.04,0.0,0,0.0,0.0,-87.44000000000003,0.3333333333333333,0,0.0,0.0,177.6,0.3333333333333333,0
M03440,-825.8100000000001,0.0,0,0.5,0.0,553.92,0.25,0,0.5,0.0,1093.37,0.25,0
M03441,-40.99,0.0,0,0.0,0.0,69.03,1.0,0,0.0,0.0,69.03,1.0,1
M03442,0.0,0.0,0,0.0,0.0,976.11,0.18181818181818182,0,1.0,1.0,976.11,0.18181818181818182,0
M03443,-299.3900000000001,0.0,0,0.0,0.0,-80.53999999999974,0.08333333333333333,0,0.5,0.0,1525.5700000000002,0.08333333333333333,0
M03444,-332.72999999999996,0.0,-1,0.5,0.0,-28.590000000000003,0.0,0,0.0,0.0,116.34,0.0,1
M03445,618.1199999999999,0.0,28,0.0,0.5,1164.2600000000002,0.09090909090909091,-1,0.5,0.5,2384.63,0.09090909090909091,29
M03446,0.0,0.0,0,0.0,0.0,362.99,0.0,0,1.0,1.0,362.99,0.0,0
M03447,0.0,0.0,-1,0.5,0.0,0.0,0.0,-1,0.5,0.0,0.0,0.0,0
M03448,-133.9,0.0,0,0.0,0.0,1706.5,0.0,0,0.0,0.0,1792.15,0.0,0
M03449,193.70000000000005,0.13333333333333333,0,0.0,0.0,-287.43000000000006,-0.07083333333333333,1,0.0,0.0,1301.03,0.0625,1
M03450,-25.069999999999993,0.25,0,0.0,0.0,362.4800000000001,-0.25,0,0.0,0.0,761.1600000000001,0.0,3
M03451,3623.5499999999997,0.03515981735159817,0,0.0,0.0,853.3400000000001,-0.0434931506849315,0,0.0,0.0,8470.83,0.025,1
M03452,0.0,0.0,1,0.5,0.0,0.0,0.0,-1,0.5,0.0,0.0,0.0,0
M03453,49.51,0.0,24,0.5,0.5,-29.689999999999998,0.0,-4,0.0,0.5,19.82,0.0,20
M03454,168.27999999999997,0.0,0,0.0,0.0,-38.829999999999984,0.0,0,0.0,0.0,398.0,0.0,1
M03455,363.4,-0.4,0,0.0,0.0,561.7500000000001,0.06666666666666667,0,0.0,0.0,1416.89,0.06666666666666667,0
M03456,-134.26000000000002,0.3333333333333333,0,0.0,0.0,47.66,-0.3333333333333333,0,0.0,0.0,212.38,0.0,1
M03457,-154.09,-0.5,0,0.0,0.0,9.88,0.0,1,0.0,0.0,24.28,0.0,4
M03458,0.0,0.0,0,0.0,0.0,4782.03,0.05128205128205128,0,1.0,1.0,4782.03,0.05128205128205128,0
M03459,957.4200000000001,0.07692307692307693,0,0.0,0.0,-214.2500000000001,-0.07692307692307693,0,0.0,0.0,896.92,0.0,0
M03460,520.41,0.0,1,0.0,0.0,-372.03,0.5,0,0.0,0.0,148.38,0.5,2
M03461,106.85000000000002,0.0,0,0.0,0.0,-359.56000000000006,0.25,0,0.5,0.0,537.87,0.25,1
M03462,30.63,0.0,1,1.0,1.0,1087.76,0.07692307692307693,0,0.0,0.0,1118.39,0.07692307692307693,1
M03463,231.45000000000005,0.0,0,0.0,0.0,-217.66000000000003,0.0,0,0.0,0.0,333.54,0.0,0
M03464,339.93999999999994,0.16666666666666666,0,0.0,0.0,-307.38999999999993,-0.3333333333333333,0,0.0,0.0,476.66,0.0,3
M03465,277.58000000000004,0.0,0,0.0,0.0,-377.67,0.0,-1,0.0,0.0,0.0,0.0,0
M03466,-217.05999999999997,-0.3333333333333333,7,0.6666666666666666,0.5,-76.72,0.0,-1,0.6666666666666666,0.5,0.0,0.0,6
M03467,95.59999999999998,0.0,0,0.0,0.0,-33.389999999999986,0.0,0,0.0,0.0,100.88,0.0,1
M03468,566.36,0.125,3,0.0,0.5,-194.23000000000002,-0.125,0,0.5,0.0,586.5,0.0,8
M03469,0.0,0.0,0,0.0,0.0,132.54,0.0,0,0.5,0.0,132.54,0.0,0
M03470,2329.12,0.05,0,1.0,1.0,-390.5899999999999,0.055263157894736833,0,0.5,0.0,1938.53,0.10526315789473684,0
M03471,0.0,0.0,0,0.0,0.0,1341.3799999999999,0.0,2,1.0,1.0,1341.3799999999999,0.0,2
M03472,-108.03,0.0,-1,0.0,0.0,308.4,0.0,0,0.0,0.0,308.4,0.0,3
M03473,0.0,0.0,0,0.0,0.0,9263.17,0.021505376344086023,2,1.0,1.0,9263.17,0.021505376344086023,2
M03474,115.74999999999997,0.2,1,0.0,0.0,197.37,-0.2,0,0.0,0.0,518.64,0.0,1
M03475,281.56,0.0,0,0.5,0.0,-155.21,0.0,0,0.5,0.0,126.35,0.0,0
M03476,1536.21,0.045714285714285714,0,0.0,0.0,-1574.1100000000001,-0.08571428571428572,0,0.0,0.0,2883.93,0.0,0
M03477,1370.07,-0.008571428571428577,0,0.5,0.0,-1265.46,0.023809523809523808,-1,0.5,0.0,2076.06,0.09523809523809523,0
M03478,-394.0,0.0,0,0.0,0.0,173.78,0.0,0,0.0,0.0,173.78,0.0,1
M03479,523.0500000000001,0.0,0,0.0,0.0,-300.06000000000006,0.5,0,0.5,0.0,222.99,0.5,0
M03480,389.21000000000004,0.0,0,0.5,0.0,-511.0900000000001,0.0,-1,0.5,0.0,226.95999999999998,0.0,3
M03481,350.34,0.0,0,0.0,0.0,-234.45999999999998,0.0,0,0.0,0.0,115.88,0.0,2
M03482,211.28,0.0,1,1.0,1.0,1686.23,0.18181818181818182,0,0.0,0.0,1897.51,0.18181818181818182,1
M03483,1181.53,0.07142857142857142,2,1.0,1.0,1439.5200000000002,-0.02597402597402597,-1,0.5,0.0,2621.05,0.045454545454545456,1
M03484,222.02999999999997,0.06666666666666667,0,0.0,0.0,-353.26,-0.06666666666666667,1,0.5,0.0,965.31,0.0,2
M03485,-815.63,0.0,0,0.0,0.0,477.78999999999996,0.0,1,0.0,0.0,785.65,0.0,2
M03486,194.46000000000004,0.0873015873015873,3,0.5,0.0,-154.17000000000007,-0.07619047619047618,-2,0.5,0.0,1550.3,0.06666666666666667,2
M03487,0.0,0.0,0,0.0,0.0,509.52,0.0,1,1.0,1.0,509.52,0.0,1
M03488,48.68000000000029,0.058823529411764705,0,0.0,0.0,-1322.44,0.020123839009287922,0,0.0,0.0,3206.73,0.07894736842105263,1
M03489,-122.39,0.0,-1,0.5,0.0,132.13,0.0,0,0.0,0.0,132.13,0.0,0
M03490,391.90999999999997,0.0,0,0.5,0.0,-390.34,0.0,0,0.5,0.0,36.19,0.0,0
M03491,1347.07,0.0,0,0.0,0.0,-920.6199999999999,0.0,1,0.5,0.0,426.45,0.0,3
M03492,400.93,0.0,0,0.5,0.0,211.12999999999994,0.0,0,0.5,0.0,689.17,0.0,1
M03493,404.50999999999993,0.0,17,0.5,0.5,-201.89999999999998,0.0,-2,0.5,0.5,571.66,0.0,16
M03494,446.16,0.0,1,1.0,1.0,732.81,0.0,1,0.0,0.0,1178.97,0.0,2
M03495,-90.94,0.0,0,0.0,0.0,587.12,0.0,0,0.0,0.0,849.14,0.0,0
M03496,101.4,1.0,0,0.0,0.0,302.65999999999997,-1.0,0,0.0,0.0,404.05999999999995,0.0,0
M03497,578.62,0.08333333333333333,0,0.0,0.0,-556.5699999999999,0.2916666666666667,0,0.0,0.0,856.76,0.375,2
M03498,81.75000000000003,0.0,31,0.0,0.6666666666666666,-39.700000000000045,0.0,-26,0.0,0.6666666666666666,278.34,0.0,7
M03499,1510.71,0.11764705882352941,0,1.0,1.0,271.9100000000001,-0.06501547987616099,1,0.0,0.0,1782.6200000000001,0.05263157894736842,1
M03500,104.29000000000008,0.125,0,0.0,0.0,810.0999999999999,-0.125,0,0.0,0.0,1791.01,0.0,0
M03501,-206.21,0.0,0,0.0,0.0,470.61,0.0,0,0.0,0.0,531.83,0.0,1
M03502,448.82,0.0,0,0.0,0.0,-265.22999999999996,0.0,0,0.0,0.0,199.79000000000002,0.0,0
M03503,-894.48,0.0,0,0.0,0.0,610.5899999999999,0.0,0,0.0,0.0,841.3,0.0,1
M03504,-294.51,0.0,0,0.0,0.0,38.42,0.0,0,0.0,0.0,38.42,0.0,2
M03505,-223.52999999999997,-0.25,0,0.0,0.0,-362.95,0.0,0,0.0,0.0,87.82,0.0,1
M03506,-473.18,0.0,0,0.0,0.0,478.11999999999995,0.0,0,0.0,0.0,556.4399999999999,0.0,2
M03507,0.0,0.0,0,0.0,0.0,35356.53,0.03254437869822485,3,1.0,1.0,35356.53,0.03254437869822485,3
M03508,-273.51,0.0,28,0.0,0.5,-57.84,0.0,-2,0.0,0.5,0.0,0.0,26
M03509,0.0,0.0,0,0.0,0.0,0.0,0.0,3,1.0,1.0,0.0,0.0,3
M03510,250.17000000000002,0.0,0,0.0,0.0,-189.61,0.5,-1,0.0,0.0,166.19,0.5,0
M03511,0.0,0.0,0,0.0,0.0,71.02,0.0,0,1.0,1.0,71.02,0.0,0
M03512,-72.16,0.0,0,0.0,0.0,-28.81,0.0,0,0.0,0.0,0.0,0.0,1
M03513,87.07999999999998,0.0,-1,0.0,0.0,-112.22999999999999,0.0,0,0.5,0.0,0.0,0.0,2
M03514,-117.8,0.0,1,0.0,0.0,47.400000000000006,0.0,0,0.0,0.0,71.67,0.0,4
M03515,442.75999999999993,0.0,0,0.0,0.0,-395.44999999999993,0.0,1,0.5,0.0,249.35,0.0,2
M03516,94.2600000000001,0.0,-1,0.0,0.0,1529.9899999999998,0.0,0,0.0,0.0,2451.8199999999997,0.0,1
M03517,64.80000000000001,0.0,0,0.5,0.0,356.65000000000003,0.0,0,0.5,0.0,719.69,0.0,0
M03518,-1160.4500000000003,0.06666666666666667,0,0.5,0.0,1011.8500000000004,0.06969696969696969,-1,0.5,0.0,2632.9100000000003,0.13636363636363635,0
M03519,-80.13999999999999,0.0,0,0.0,0.0,-107.26000000000002,0.0,0,0.0,0.0,200.72,0.0,1
M03520,-1099.3200000000004,-0.05263157894736842,0,0.5,0.0,593.46,0.0,0,0.0,0.0,1876.57,0.0,1
M03521,-252.90999999999997,0.0,3,0.5,0.5,-24.159999999999997,0.5,0,0.0,0.0,208.58,0.5,6
M03522,540.1500000000001,0.40540540540540543,0,0.0,0.0,2054.1,0.21621621621621617,0,0.0,0.0,5566.0,0.6216216216216216,1
M03523,602.02,-0.25,-1,0.0,0.0,-223.25,0.3333333333333333,0,0.0,0.0,749.36,0.3333333333333333,2
M03524,380.0,0.0,0,0.0,0.0,-77.40999999999997,0.5,0,0.5,0.0,536.86,0.5,2
M03525,-317.80999999999995,0.0,0,0.0,0.0,-122.69000000000005,0.2222222222222222,0,0.0,0.0,1081.24,0.2222222222222222,0
M03526,62.059999999999945,0.3333333333333333,0,0.0,0.0,-14.399999999999977,-0.3333333333333333,1,0.0,0.0,693.29,0.0,3
M03527,405.4000000000001,0.125,0,0.5,0.0,-897.0100000000001,0.375,0,0.5,0.0,114.15,0.5,1
M03528,317.6499999999999,-0.16666666666666666,1,0.5,0.0,566.1700000000001,0.0,0,0.0,0.0,1184.49,0.0,3
M03529,575.26,0.0,0,0.0,0.0,-248.95000000000005,0.09090909090909091,0,0.0,0.0,1194.02,0.09090909090909091,1
M03530,87.13,0.0,0,0.5,0.0,-87.13,0.0,-1,0.0,0.0,0.0,0.0,1
M03531,73.32,0.3333333333333333,1,0.5,0.0,212.26000000000002,-0.3333333333333333,-2,0.5,0.0,358.86,0.0,1
M03532,0.0,0.0,28,0.0,1.0,3682.44,0.08333333333333333,-2,1.0,0.0,3682.44,0.08333333333333333,26
M03533,460.78999999999996,0.0,0,0.0,0.0,-871.47,0.0,0,0.0,0.0,442.34999999999997,0.0,0
M03534,39.81,0.0,0,0.0,0.0,1.6999999999999957,1.0,0,0.0,0.0,41.51,1.0,0
M03535,169.43,0.0,0,0.0,0.0,-169.43,0.0,0,0.0,0.0,0.0,0.0,0
M03536,240.3499999999999,0.027738264580369848,0,0.0,0.0,1219.67,-0.0327774583093732,2,0.5,0.0,5459.87,0.02127659574468085,4
M03537,543.62,0.2,18,1.0,1.0,-5.340000000000032,-0.2,-1,0.0,0.5,538.28,0.0,17
M03538,1368.6599999999999,0.44537815126050423,0,0.0,0.0,-1022.5299999999997,-0.20361990950226244,0,0.0,0.0,3074.54,0.38461538461538464,0
M03539,-317.29999999999995,0.0,0,0.0,0.0,471.68000000000006,0.07692307692307693,0,0.0,0.0,1417.4,0.07692307692307693,1
M03540,-305.73,-0.5,0,0.0,0.0,-176.91,0.0,-1,0.0,0.0,0.0,0.0,2
M03541,-231.28,0.0,0,0.0,0.0,0.0,0.0,0,0.0,0.0,0.0,0.0,2
M03542,-201.34000000000003,-0.16666666666666666,1,0.5,0.0,-448.27000000000004,0.0,-1,0.5,0.0,120.32,0.0,0
M03543,-590.4699999999999,0.16666666666666666,0,0.0,0.0,200.93999999999997,-0.3333333333333333,0,0.0,0.0,392.89,0.0,1
M03544,509.01,0.0,1,0.0,0.0,-752.77,0.0,0,0.0,0.0,479.26,0.0,4
M03545,412.12,0.0,0,0.0,0.0,-577.63,0.0,0,0.0,0.0,131.98000000000002,0.0,0
M03546,230.90999999999997,0.16666666666666666,0,0.5,0.0,-590.98,-0.16666666666666666,0,0.0,0.0,329.25,0.0,0
M03547,1676.73,0.0,5,0.0,0.5,-1591.81,0.0,0,0.0,0.5,84.92,0.0,6
M03548,-630.43,0.007575757575757583,0,0.0,0.0,784.37,-0.09090909090909091,1,0.0,0.0,1643.06,0.0,1
M03549,-253.29999999999998,0.0,0,0.0,0.0,-11.43,0.0,0,0.0,0.0,32.72,0.0,2
M03550,-550.46,-0.033333333333333354,0,0.0,0.0,600.28,-0.08333333333333333,0,1.0,0.0,1218.25,0.08333333333333333,0
M03551,0.0,0.0,14,0.0,1.0,1983.98,0.0,1,1.0,0.0,1983.98,0.0,15
M03552,430.51,0.0,2,0.0,0.5,200.75000000000023,0.0,-1,0.0,0.5,1622.3200000000002,0.0,2
M03553,-917.0099999999999,0.0,0,0.0,0.0,-24.819999999999993,0.0,0,0.0,0.0,98.31,0.0,1
M03554,0.0,0.0,6,0.0,0.5,0.0,0.0,0,0.0,0.5,0.0,0.0,6
M03555,194.53,0.0,1,0.0,0.0,-110.82,0.0,2,0.0,0.0,83.71000000000001,0.0,3
M03556,524.43,0.16666666666666666,18,0.0,0.5,-450.78,-0.16666666666666666,-2,0.5,0.5,99.26,0.0,17
M03557,-311.13,0.0,0,0.0,0.0,563.52,0.0,0,0.0,0.0,563.52,0.0,0
M03558,-153.27,0.0,0,0.5,0.0,0.0,0.0,0,0.0,0.0,0.0,0.0,1
M03559,-697.2,0.0,11,0.0,0.5,414.13,0.0,-2,0.0,0.5,430.44,0.0,10
M03560,1118.02,0.125,0,0.0,0.0,-1084.34,-0.125,0,0.0,0.0,523.52,0.0,0
M03561,-771.58,0.0,0,0.0,0.0,724.33,0.0,0,0.0,0.0,938.47,0.0,0
M03562,94.09,0.0,-2,1.0,0.0,-94.09,0.0,0,0.0,0.0,0.0,0.0,0
M03563,0.0,0.0,1,0.0,0.5,0.0,0.0,-1,0.0,0.0,0.0,0.0,15
M03564,3010.65,-0.09051724137931035,0,0.0,0.0,-1657.9500000000003,0.005517241379310346,0,0.0,0.0,2364.22,0.04,1
M03565,-4.810000000000002,0.5,1,0.5,0.0,287.18999999999994,-0.33333333333333337,-1,0.5,0.0,497.71,0.16666666666666666,1
M03566,-602.17,-0.2,0,0.0,0.0,433.04999999999995,0.0,0,0.0,0.0,575.67,0.0,0
M03567,22.96,0.0,2,1.0,1.0,191.91,0.0,0,0.0,0.0,214.87,0.0,2
M03568,2.6200000000000045,0.16666666666666666,1,0.0,0.0,166.63,0.0,0,0.0,0.0,765.49,0.16666666666666666,1
M03569,-146.59000000000003,0.0,0,0.0,0.0,-173.99999999999997,0.0,0,0.0,0.0,71.02000000000001,0.0,0
M03570,-68.2,-0.5,0,0.0,0.0,-91.17,0.0,0,0.0,0.0,0.0,0.0,1
M03571,287.99,0.3333333333333333,0,0.0,0.0,-287.99,-0.3333333333333333,0,0.0,0.0,0.0,0.0,0
M03572,119.27000000000001,0.5,0,0.0,0.0,20.650000000000006,-0.5,0,0.0,0.0,175.27,0.0,0
M03573,723.1800000000003,-0.013574660633484163,0,0.0,0.0,-2030.75,0.01042780748663101,0,0.0,0.0,5472.89,0.05454545454545454,0
M03574,297.57,0.0,0,0.0,0.0,383.23999999999995,0.2,0,0.0,0.0,680.81,0.2,1
M03575,0.0,0.0,0,0.0,0.0,2893.03,0.0,1,1.0,1.0,2893.03,0.0,1
M03576,-785.02,-0.16666666666666666,0,0.5,0.0,624.8599999999999,0.0,0,0.0,0.0,746.05,0.0,1
M03577,300.64,-0.25,0,0.0,0.0,-537.4200000000001,0.0,0,0.0,0.0,162.95,0.0,1
M03578,-83.48000000000002,0.0,1,0.5,0.0,42.25999999999999,0.5,1,0.0,0.0,133.07999999999998,0.5,2
M03579,1242.04,0.029411764705882353,0,0.0,0.0,-163.90999999999985,0.053921568627450976,0,0.0,0.0,3291.35,0.08333333333333333,1
M03580,-1382.97,-0.09090909090909091,0,0.0,0.0,113.38,0.0,1,0.5,0.0,384.56,0.0,1
M03581,0.0,0.0,17,1.0,1.0,77.53,0.0,0,0.0,0.5,77.53,0.0,17
M03582,0.0,0.0,0,0.0,0.0,1765.1599999999999,0.07692307692307693,1,1.0,1.0,1765.1599999999999,0.07692307692307693,1
M03583,-1503.8600000000001,0.015555555555555552,0,0.0,0.0,-437.3799999999999,-0.05555555555555555,0,0.0,0.0,1376.01,0.0,0
M03584,42.71,0.0,-1,0.0,0.5,-42.71,0.0,1,0.5,0.0,0.0,0.0,16
M03585,914.4699999999998,0.0,0,0.0,0.0,-687.4699999999998,0.0,0,0.0,0.0,637.4300000000001,0.0,0
M03586,0.0,0.0,0,0.0,0.0,2603.39,0.0,2,1.0,1.0,2603.39,0.0,2
M03587,-44.14999999999998,0.0,0,0.0,0.0,110.07,0.0,0,0.0,0.0,330.96999999999997,0.0,1
M03588,-354.79999999999995,0.0,0,0.0,0.0,262.22,0.5,-1,0.0,0.0,396.3,0.5,1
M03589,117.19999999999993,0.4,-1,0.0,0.5,-61.93999999999994,0.0,-1,0.0,0.0,874.1800000000001,0.4,13
M03590,0.0,0.0,0,0.0,0.0,0.0,0.0,0,0.0,0.0,0.0,0.0,1
M03591,334.78,0.2,0,0.0,0.0,837.2300000000001,-0.2,0,0.0,0.0,1768.64,0.0,1
M03592,-494.9999999999999,-0.15,0,0.0,0.0,253.12,-0.1,0,0.0,0.0,776.71,0.0,0
M03593,-789.3100000000001,0.0,0,0.0,0.0,-38.24000000000001,0.0,0,0.0,0.0,121.1,0.0,1
M03594,-105.38,0.0,0,0.5,0.0,21.430000000000007,0.2,0,0.0,0.0,330.82,0.2,1
M03595,-1293.4,0.2857142857142857,3,0.0,0.5,398.5199999999999,-0.2857142857142857,0,0.0,0.5,808.0899999999999,0.0,4
M03596,-613.9499999999998,0.011801016702977493,0,0.0,0.0,1729.8700000000008,-0.023529411764705882,1,0.5,0.0,8361.45,0.05,2
M03597,-428.76,0.1,0,0.0,0.0,1667.91,-0.009090909090909094,0,0.0,0.0,2902.5,0.09090909090909091,1
M03598,-169.87999999999988,0.0,1,0.5,0.0,1279.0499999999997,0.058823529411764705,-1,0.5,0.0,2669.95,0.058823529411764705,0
M03599,-344.63,0.0,0,0.0,0.0,72.53999999999996,0.0,1,0.0,0.0,824.16,0.0,2
M03600,1057.07,0.08333333333333333,0,1.0,1.0,11909.76,-0.053030303030303025,0,0.0,0.0,12966.83,0.030303030303030304,0
M03601,0.0,0.0,0,0.0,0.0,184.15,0.0,0,0.0,0.0,184.15,0.0,1
M03602,7.540000000000006,0.0,-2,0.0,0.5,48.400000000000006,0.0,-1,0.5,0.0,132.24,0.0,13
M03603,-69.05000000000001,0.2,0,0.5,0.0,677.69,-0.2,0,0.0,0.0,1123.23,0.0,2
M03604,268.2900000000001,0.0,0,0.0,0.0,75.33999999999992,0.0,-1,0.0,0.0,1322.44,0.0,0
M03605,40.47,0.0,0,0.0,0.0,-40.47,0.0,0,0.0,0.0,0.0,0.0,0
M03606,29.75,-0.3333333333333333,-2,0.5,0.0,1075.05,0.1111111111111111,0,0.5,0.0,1369.32,0.1111111111111111,2
M03607,342.4,0.0,1,0.5,0.0,-844.56,0.0,0,0.5,0.0,88.11,0.0,1
M03608,285.24,-0.125,0,0.0,0.0,672.04,0.0625,0,0.0,0.0,2318.58,0.0625,1
M03609,141.95000000000005,0.0,1,0.0,0.0,-36.56000000000006,0.3333333333333333,0,0.5,0.0,681.92,0.3333333333333333,3
M03610,0.0,0.0,0,0.0,0.0,0.0,0.0,0,0.0,0.0,0.0,0.0,0
M03611,198.14999999999998,0.3333333333333333,22,0.0,0.6666666666666666,-293.13,-0.3333333333333333,-18,0.0,0.6666666666666666,0.0,0.0,5
M03612,-291.03000000000003,0.0,0,0.0,0.0,-13.399999999999991,0.0,0,0.0,0.0,56.17,0.0,1
M03613,-1175.52,0.0,0,0.0,0.0,-241.08000000000004,0.0,0,0.0,0.0,653.9,0.0,1
M03614,-367.3699999999999,0.0111111111111111,0,0.0,0.0,-663.2,-0.1111111111111111,0,0.0,0.0,290.7,0.0,2
M03615,-360.87,0.0,0,0.0,0.0,43.48,0.0,0,0.0,0.0,65.91,0.0,0
M03616,0.0,0.0,0,0.0,0.0,2400.4900000000002,0.05,0,1.0,1.0,2400.4900000000002,0.05,0
M03617,123.4,0.0,1,0.0,0.0,125.41,0.0,0,0.0,0.0,248.81,0.0,2
M03618,3886.2,-0.0416784004505773,2,0.5,0.0,-4525.780000000001,0.013646055437100213,0,0.5,0.0,3964.7999999999997,0.02857142857142857,2
M03619,439.89,0.09090909090909091,0,0.0,0.0,-657.7,-0.09090909090909091,0,0.0,0.0,446.55,0.0,1
M03620,-679.7399999999998,0.07692307692307693,0,0.0,0.0,900.6499999999996,0.04072398190045248,0,0.0,0.0,2271.99,0.11764705882352941,0
M03621,-1002.3000000000002,0.019323671497584544,17,0.5,0.5,-1274.2999999999997,-0.06376811594202898,-4,0.0,0.5,1402.0900000000001,0.06666666666666667,15
M03622,-1241.47,0.2777777777777778,0,0.0,0.0,373.18000000000006,0.42857142857142855,-1,0.0,0.0,1526.48,0.7619047619047619,1
M03623,804.77,0.0,0,0.0,0.0,-1348.6200000000001,0.0,0,0.0,0.0,103.82,0.0,2
M03624,0.0,0.0,0,0.0,0.0,1483.8100000000002,0.08333333333333333,0,1.0,1.0,1483.8100000000002,0.08333333333333333,0
M03625,846.8499999999999,-0.034324942791762014,0,0.0,0.0,-1338.1599999999999,-0.05263157894736842,1,0.5,0.0,1431.79,0.0,1
M03626,49.34000000000003,-0.2,1,0.0,0.0,320.79999999999995,0.0,0,0.0,0.0,773.48,0.0,2
M03627,-385.28000000000003,0.0,18,0.0,0.5,-2.7800000000000296,0.0,-1,0.0,0.5,261.14,0.0,19
M03628,646.7299999999996,0.010465724751439039,0,0.0,0.0,-1722.8799999999997,0.023717948717948717,0,0.5,0.0,3203.77,0.075,0
M03629,-222.92,0.0,0,0.0,0.0,501.55999999999995,0.0,0,0.0,0.0,563.16,0.0,0
M03630,0.0,0.0,0,0.5,0.0,0.0,0.0,0,0.0,0.0,0.0,0.0,1
M03631,823.0999999999999,-0.15079365079365079,-1,0.5,0.0,-1048.3199999999997,-0.07142857142857142,0,0.0,0.0,1018.4000000000001,0.0,0
M03632,-107.03999999999999,0.0,0,0.0,0.0,-27.85,0.0,0,0.5,0.0,0.0,0.0,0
M03633,238.2299999999998,-0.18181818181818182,-1,0.0,0.0,-807.01,0.14285714285714285,0,0.0,0.0,500.07,0.14285714285714285,0
M03634,4912.19,0.0851063829787234,0,1.0,1.0,2326.500000000001,0.0031289111389236623,0,0.5,0.0,7238.6900000000005,0.08823529411764706,0
M03635,0.0,0.0,0,0.0,0.0,39.19,0.0,0,0.0,0.0,39.19,0.0,1
M03636,0.0,0.0,0,0.0,0.0,575.6800000000001,0.3333333333333333,0,1.0,1.0,575.6800000000001,0.3333333333333333,0
M03637,138.92999999999984,-0.043478260869565216,0,0.0,0.0,290.1099999999997,0.13793103448275862,0,0.0,0.0,3130.91,0.13793103448275862,2
M03638,1368.17,0.0,0,1.0,1.0,440.0999999999999,0.10526315789473684,2,0.5,0.0,1808.27,0.10526315789473684,2
M03639,613.9,0.0,0,0.0,0.0,-437.86,0.0,0,0.0,0.0,376.63,0.0,1
M03640,5367.91,0.416298675230831,22,0.0,0.0,793.9799999999996,0.05371813777122392,-2,0.0,0.0,11685.89,0.5643564356435643,20
M03641,583.6200000000001,0.0,0,0.0,0.0,-398.19000000000005,0.25,0,0.0,0.0,366.99,0.25,2
M03642,678.9499999999999,0.0,0,0.0,0.0,167.93000000000006,0.125,0,0.0,0.0,1251.01,0.125,1
M03643,-2059.5400000000004,-0.016564952048823023,0,0.0,0.0,-387.77999999999975,0.009557945041816007,0,0.0,0.0,2303.4,0.07407407407407407,2
M03644,2094.2000000000003,0.06666666666666665,0,0.0,0.0,-2316.28,-0.16666666666666666,0,0.0,0.0,451.1,0.0,3
M03645,-56.11999999999989,-0.11764705882352941,0,0.0,0.0,503.90999999999985,0.06666666666666667,0,0.0,0.0,2809.4,0.06666666666666667,0
M03646,440.92,0.0,0,0.0,0.0,-260.06,0.0,1,0.0,0.0,180.86,0.0,2
M03647,2008.19,0.11764705882352941,2,1.0,1.0,851.0,-0.11764705882352941,1,0.0,0.0,2859.19,0.0,3
M03648,553.64,0.0,0,1.0,1.0,347.2900000000001,0.0,0,0.0,0.0,900.9300000000001,0.0,0
M03649,-210.39,0.0,24,0.0,0.5,11.919999999999987,0.0,-1,0.0,0.5,139.67,0.0,23
M03650,-828.5400000000002,0.25,-1,0.5,0.0,96.71000000000004,-0.04999999999999999,0,0.0,0.0,570.24,0.2,1
M03651,0.0,0.0,0,0.0,0.0,1609.28,0.14285714285714285,0,1.0,1.0,1609.28,0.14285714285714285,0
M03652,140.57000000000062,0.023715415019762848,0,0.0,0.0,883.3399999999992,-0.0037878787878787915,0,0.0,0.0,6457.69,0.041666666666666664,2
M03653,1622.73,-0.16666666666666666,0,0.0,0.0,-1883.1200000000001,0.3333333333333333,0,0.0,0.0,474.07,0.3333333333333333,0
M03654,0.0,0.0,0,0.0,0.0,1065.9,0.0,2,1.0,1.0,1065.9,0.0,2
M03655,403.87,0.0,0,1.0,1.0,-260.64,0.0,0,0.0,0.0,143.23000000000002,0.0,0
M03656,690.71,0.0,0,0.0,0.0,-241.0,0.0,0,0.0,0.0,704.94,0.0,1
M03657,0.0,0.0,0,0.0,0.0,0.0,0.0,0,0.0,0.0,0.0,0.0,0
M03658,128.64,0.0,1,0.0,0.0,-76.43999999999998,0.0,0,0.0,0.0,52.2,0.0,2
M03659,275.89,0.0,2,1.0,1.0,710.81,0.0,0,0.0,0.0,986.6999999999999,0.0,2
M03660,258.21000000000004,0.0,1,0.0,0.0,-244.85000000000002,0.0,0,0.5,0.0,78.74,0.0,6
M03661,-80.88999999999987,-0.0888888888888889,2,0.5,0.0,-495.75,0.05555555555555555,-3,0.5,0.0,416.45000000000005,0.16666666666666666,1
M03662,0.0,0.0,0,1.0,1.0,642.21,0.0,2,0.5,0.0,642.21,0.0,2
M03663,0.0,0.0,0,0.0,0.0,0.0,0.0,0,0.0,0.0,0.0,0.0,1
M03664,100.91,0.0,-1,0.5,0.0,-72.66,0.0,0,0.0,0.0,28.25,0.0,0
M03665,662.0899999999999,0.0,0,0.5,0.0,-402.3599999999999,0.0,0,0.5,0.0,661.6700000000001,0.0,0
M03666,0.0,0.0,0,0.0,0.0,420.22999999999996,0.25,0,0.0,0.0,420.22999999999996,0.25,0
M03667,25.97,0.0,0,0.0,0.0,-200.34,0.0,0,0.0,0.0,0.0,0.0,1
M03668,-398.2699999999995,-0.037037037037037035,0,0.5,0.0,1391.3400000000001,0.019230769230769232,0,0.0,0.0,6492.900000000001,0.019230769230769232,1
M03669,2118.57,0.0625,2,1.0,1.0,92.59999999999991,-0.0625,1,0.0,0.0,2211.17,0.0,3
M03670,-148.07000000000002,0.0,0,0.5,0.0,502.16999999999996,0.0,0,0.5,0.0,635.51,0.0,0
M03671,-584.52,-0.125,-1,0.5,0.0,-138.96999999999997,0.0,0,0.0,0.0,449.82,0.0,0
M03672,165.49,0.0,0,0.0,0.0,-292.03999999999996,0.0,0,0.0,0.0,136.98000000000002,0.0,1
M03673,25.26,0.0,0,0.0,0.0,9.2,0.0,1,0.0,0.0,34.46,0.0,1
M03674,773.34,0.0,24,1.0,1.0,2172.27,0.1,0,0.5,0.5,2945.61,0.1,24
M03675,-322.76,0.2222222222222222,0,0.0,0.0,-392.39999999999986,-0.2222222222222222,1,0.5,0.0,867.94,0.0,2
M03676,139.69,0.0,0,0.0,0.0,-34.91,0.0,0,0.0,0.0,112.41,0.0,1
M03677,134.0,-0.25,0,0.0,0.0,491.12,0.16666666666666666,0,0.0,0.0,1030.99,0.16666666666666666,2
M03678,0.0,0.0,3,0.0,0.5,1503.95,0.0,-15,1.0,0.5,1503.95,0.0,4
M03679,329.96999999999997,0.0,0,1.0,1.0,460.75000000000006,0.0,0,0.0,0.0,790.72,0.0,0
M03680,1025.9500000000007,-0.07017543859649122,0,0.0,0.0,-851.2300000000005,0.07407407407407407,0,0.0,0.0,5298.29,0.07407407407407407,0
M03681,1788.7399999999998,0.016666666666666666,1,0.0,0.0,258.5,0.02777777777777778,-1,0.0,0.0,6667.25,0.044444444444444446,2
M03682,79.21000000000001,0.0,-2,0.0,0.5,373.37,0.0,0,0.0,0.0,505.56,0.0,15
M03683,-241.44,0.0,-1,0.5,0.0,385.51,0.0,0,0.0,0.0,418.13,0.0,1
M03684,906.1299999999999,0.14285714285714285,0,0.0,0.0,-384.5899999999999,-0.14285714285714285,1,0.5,0.0,680.05,0.0,2
M03685,-2.859999999999985,0.0,0,0.5,0.0,71.94,0.0,0,0.0,0.0,292.99,0.0,0
M03686,145.19,0.0,0,0.0,0.0,281.67,0.0,-1,0.5,0.0,426.86,0.0,1
M03687,-376.3699999999999,0.023809523809523808,0,0.0,0.0,-329.0400000000001,0.05555555555555555,0,0.5,0.0,623.11,0.2222222222222222,3
M03688,1754.6799999999994,-0.07137978142076504,0,0.5,0.0,235.9900000000007,0.035394932935916536,-1,0.5,0.0,6219.64,0.06818181818181818,0
M03689,416.5499999999997,0.003030303030303029,0,0.5,0.0,-1592.9099999999996,0.09710144927536232,-1,0.5,0.0,2019.45,0.13043478260869565,0
M03690,787.0699999999999,-0.024242424242424246,0,0.5,0.0,-1699.27,0.18333333333333335,0,0.0,0.0,790.62,0.25,0
M03691,0.0,0.0,-1,0.5,0.0,0.0,0.0,0,0.0,0.0,0.0,0.0,0
M03692,72.36,0.0,0,0.0,0.0,-72.36,0.0,0,0.0,0.0,0.0,0.0,1
M03693,3803.55,-0.16666666666666666,4,0.0,0.5,-4244.240000000001,0.0,0,0.0,0.5,235.35999999999999,0.0,4
M03694,1932.63,-0.1111111111111111,0,0.5,0.0,-887.1199999999999,0.024390243902439025,3,0.5,1.0,3557.8900000000003,0.024390243902439025,4
M03695,-517.61,0.0,0,0.0,0.0,625.8000000000001,0.0,0,0.0,0.0,1235.6100000000001,0.0,1
M03696,314.27,0.3333333333333333,0,0.0,0.0,92.24000000000001,-0.3333333333333333,0,0.0,0.0,641.78,0.0,0
M03697,1508.5700000000002,0.05124223602484472,0,0.0,0.0,-2138.6000000000004,-0.08695652173913043,1,0.0,0.0,1745.49,0.0,2
M03698,1491.3800000000003,0.125,0,0.0,0.0,-559.5800000000004,0.5,0,0.0,0.0,1832.29,0.75,0
M03699,-10.289999999999964,0.07407407407407407,1,0.5,0.0,-1244.0800000000004,-0.07407407407407407,1,0.5,0.0,1763.1999999999998,0.0,2
M03700,-10.51,0.0,0,0.0,0.0,84.46,0.0,0,0.0,0.0,84.46,0.0,0
M03701,-1210.01,0.3166666666666667,0,0.0,0.0,486.81999999999994,-0.4,0,0.0,0.0,1033.87,0.0,0
M03702,-1296.8400000000006,0.005602240896358544,0,0.0,0.0,985.81,0.014066496163682864,0,0.0,0.0,4460.03,0.043478260869565216,0
M03703,334.94000000000005,0.2857142857142857,0,0.5,0.0,-2.4700000000000273,-0.2857142857142857,-1,0.5,0.0,494.18,0.0,0
M03704,-816.4599999999998,-0.07692307692307693,0,0.0,0.0,675.28,0.08333333333333333,0,0.0,0.0,1733.45,0.08333333333333333,1
M03705,-332.7600000000001,0.3333333333333333,0,0.0,0.0,689.26,-0.16666666666666666,0,0.0,0.0,874.17,0.16666666666666666,3
M03706,-50.70999999999998,-0.3333333333333333,0,0.0,0.0,895.1000000000001,0.1111111111111111,0,0.0,0.0,1126.9,0.1111111111111111,0
M03707,1469.4,-0.03308823529411765,1,0.0,0.0,943.5499999999997,0.031194295900178255,-1,0.0,0.0,3867.45,0.06060606060606061,2
M03708,241.92999999999998,0.0,1,0.0,0.5,-205.92999999999998,0.0,-2,0.0,0.5,36.0,0.0,2
M03709,409.8,0.0,0,0.0,0.0,-298.2,0.5,-1,0.0,0.0,138.44,0.5,1
M03710,439.75,0.25,0,0.5,0.0,33.54000000000008,-0.25,0,0.0,0.0,626.3100000000001,0.0,0
M03711,391.94,0.0,24,1.0,1.0,783.8,0.07692307692307693,-4,0.0,0.5,1175.74,0.07692307692307693,20
M03712,0.0,0.0,2,1.0,1.0,365.40999999999997,0.0,0,0.0,0.0,365.40999999999997,0.0,2
M03713,1329.06,0.0,1,1.0,1.0,1335.5100000000002,0.1111111111111111,0,0.0,0.0,2664.57,0.1111111111111111,1
M03714,0.0,0.0,27,0.0,1.0,1551.3999999999999,0.14285714285714285,0,1.0,0.0,1551.3999999999999,0.14285714285714285,27
M03715,211.04000000000002,0.0,1,1.0,1.0,3502.89,0.029411764705882353,0,0.0,0.0,3713.93,0.029411764705882353,1
M03716,-71.41,0.0,0,0.0,0.0,0.0,0.0,0,0.0,0.0,0.0,0.0,2
M03717,203.29999999999995,0.10980392156862746,0,0.0,0.0,-258.8399999999999,-0.1050420168067227,0,0.0,0.0,1483.73,0.07142857142857142,0
M03718,-1469.1599999999999,0.23076923076923078,0,0.0,0.0,2188.7599999999998,-0.23076923076923078,1,0.0,0.0,3535.93,0.0,1
M03719,-28.149999999999977,0.0,21,0.0,0.5,67.78999999999996,0.0,-2,0.0,0.5,725.5,0.0,19
M03720,-875.9600000000002,0.42857142857142855,0,0.0,0.0,16.25,-0.22857142857142854,0,0.0,0.0,605.37,0.2,2
M03721,-727.3,-0.18181818181818182,0,0.0,0.0,17.090000000000032,0.0,0,0.0,0.0,870.33,0.0,3
M03722,-1331.21,0.02121212121212121,0,0.5,0.0,724.81,-0.06666666666666667,0,0.5,0.0,2335.06,0.0,1
M03723,509.68,0.125,0,0.5,0.0,624.48,-0.125,0,0.0,0.0,1644.7,0.0,0
M03724,1304.2099999999998,-0.125,0,0.5,0.0,-846.2599999999998,0.0,0,0.0,0.0,1265.48,0.0,0
M03725,120.49000000000024,0.011904761904761904,0,0.0,0.0,802.3199999999997,-0.02927927927927927,0,0.0,0.0,4446.79,0.05405405405405406,0
M03726,-1543.88,0.05714285714285716,1,0.5,0.0,-825.42,-0.2,-2,0.5,0.0,720.1,0.0,1
M03727,-70.45,0.0,18,0.5,0.5,373.24,0.0,-2,0.5,0.5,373.24,0.0,17
M03728,-114.83999999999969,-0.007177033492822962,0,0.5,0.0,-332.24000000000024,-0.0019762845849802396,0,0.5,0.0,1870.1,0.043478260869565216,1
M03729,246.21,0.0,0,0.0,0.0,-60.49000000000001,0.2,0,0.0,0.0,436.23,0.2,0
M03730,1113.38,0.0,0,0.0,0.5,-785.46,0.25,-2,0.0,0.0,351.04,0.25,26
M03731,-177.7700000000001,0.16666666666666666,0,0.0,0.0,-0.9899999999998954,-0.16666666666666666,0,0.0,0.0,638.7,0.0,1
M03732,-93.55999999999995,0.0,0,0.0,0.0,1215.18,0.13333333333333333,0,0.0,0.0,1832.18,0.13333333333333333,0
M03733,342.59000000000015,-0.046296296296296294,0,0.0,0.0,-3907.21,0.00841750841750842,0,0.0,0.0,1819.7,0.045454545454545456,1
M03734,-911.74,0.0,0,0.0,0.0,320.30999999999995,0.2,0,0.0,0.0,660.51,0.2,1
M03735,4543.81,0.03153988868274582,0,0.0,0.0,643.3499999999995,-0.10358105506353485,0,0.5,0.0,6266.4,0.018867924528301886,0
M03736,-471.31999999999994,0.0,0,0.0,0.0,-143.99,0.0,0,0.0,0.0,106.50999999999999,0.0,1
M03737,-59.070000000000164,0.07142857142857142,0,0.0,0.0,-486.6999999999998,0.011904761904761904,0,0.0,0.0,2622.0,0.08333333333333333,0
M03738,455.27,0.0,0,1.0,1.0,1395.08,0.07692307692307693,0,0.0,0.0,1850.35,0.07692307692307693,0
M03739,97.38,0.0,0,0.0,0.0,-259.45,0.0,0,0.0,0.0,65.36,0.0,0
M03740,-3386.0400000000004,-0.04296296296296297,0,0.0,0.0,2466.9500000000003,0.03439153439153439,1,0.0,0.0,4262.51,0.07142857142857142,2
M03741,994.49,0.0,0,1.0,1.0,-417.63,0.0,0,0.0,0.0,576.86,0.0,0
M03742,-147.69,0.0,0,0.0,0.0,-6.960000000000008,0.0,0,0.0,0.0,83.38,0.0,0
M03743,389.94,0.0,4,0.0,0.5,-213.15,0.0,0,0.0,0.5,176.79,0.0,4
M03744,945.22,0.0,1,1.0,1.0,4944.639999999999,0.05454545454545454,0,0.0,0.0,5889.86,0.05454545454545454,1
M03745,-328.78999999999996,-0.007957559681697618,0,0.0,0.0,1380.2799999999997,-0.04118773946360153,2,0.5,0.0,4130.4,0.027777777777777776,2
M03746,997.7400000000001,0.125,0,0.0,0.0,-415.32000000000016,-0.013888888888888895,0,0.0,0.0,1209.33,0.1111111111111111,0
M03747,0.0,0.0,0,1.0,1.0,62.2,0.0,0,0.5,0.0,62.2,0.0,0
M03748,-14.6400000000001,0.0,2,0.0,0.5,-711.6,0.0,0,0.0,0.0,231.39000000000001,0.0,7
M03749,834.9399999999999,0.0,0,0.0,0.0,-1116.6699999999998,0.0,1,0.5,0.0,145.65,0.0,1
M03750,519.51,0.0,0,1.0,1.0,-36.98000000000002,0.0,0,0.5,0.0,482.53,0.0,0
M03751,74.68000000000006,0.5,0,0.0,0.0,-329.11,-0.5,0,0.0,0.0,104.21000000000001,0.0,0
M03752,496.6700000000001,0.0,0,0.5,0.0,1361.96,0.1,4,0.0,1.0,2088.9,0.1,4
M03753,107.44,0.0,17,1.0,1.0,580.1800000000001,0.16666666666666666,-1,0.0,0.5,687.62,0.16666666666666666,16
M03754,269.79,0.0,0,0.0,0.0,3.949999999999932,0.1111111111111111,0,0.0,0.0,598.18,0.1111111111111111,2
M03755,0.0,0.0,0,0.0,0.0,222.29,0.0,1,1.0,1.0,222.29,0.0,1
M03756,4779.05,0.020833333333333332,1,1.0,1.0,726.7699999999995,0.01425438596491228,2,0.5,0.0,5505.82,0.03508771929824561,3
M03757,56.84,0.0,5,1.0,1.0,523.3399999999999,0.0,1,0.5,0.5,580.18,0.0,6
M03758,-404.15999999999985,0.07692307692307693,0,0.5,0.0,-76.38000000000011,-0.07692307692307693,-1,0.0,0.0,1116.81,0.0,0
M03759,-171.80999999999995,0.07692307692307693,1,0.0,0.0,-646.11,-0.07692307692307693,0,0.0,0.0,593.14,0.0,1
M03760,387.07,0.3333333333333333,0,0.0,0.0,1083.3899999999999,-0.3333333333333333,4,0.0,1.0,1662.53,0.0,4
M03761,45.0,0.0,0,0.0,0.0,-24.32,0.0,0,0.0,0.0,20.68,0.0,0
M03762,187.09000000000003,0.0,0,0.0,0.0,954.96,0.0,0,0.0,0.0,1222.01,0.0,1
M03763,182.32999999999998,0.0,0,0.0,0.0,-302.29999999999995,0.0,0,0.0,0.0,49.48,0.0,1
M03764,308.09999999999997,0.0,1,1.0,1.0,1420.14,0.15384615384615385,0,0.0,0.0,1728.24,0.15384615384615385,1
M03765,676.96,0.06666666666666667,0,0.5,0.0,-2106.16,-0.011111111111111113,0,0.5,0.0,1182.94,0.05555555555555555,0
M03766,-285.45000000000005,0.0,1,0.0,0.0,-187.30000000000007,0.0,0,0.0,0.0,512.6899999999999,0.0,2
M03767,0.0,0.0,0,0.0,0.0,623.6899999999999,0.2,1,1.0,1.0,623.6899999999999,0.2,1
M03768,-797.14,0.0,-1,0.5,0.0,354.86,0.0,0,0.0,0.0,476.57,0.0,1
M03769,-204.7,0.0,0,0.0,0.0,492.19000000000005,0.0,0,0.0,0.0,601.6700000000001,0.0,1
M03770,-319.25,0.0,1,0.0,0.0,134.37,0.0,0,0.0,0.0,235.13,0.0,3
M03771,0.0,0.0,0,0.0,0.0,1472.37,0.08333333333333333,1,1.0,1.0,1472.37,0.08333333333333333,1
M03772,269.1600000000001,-0.1,0,0.0,0.0,1118.35,0.0,3,0.5,0.0,2566.54,0.0,4
M03773,0.0,0.0,0,0.0,0.0,755.68,0.0,2,1.0,1.0,755.68,0.0,2
M03774,279.68,0.2,0,0.0,0.0,82.07999999999998,-0.2,0,0.0,0.0,426.52,0.0,0
M03775,2466.01,0.04,1,0.0,0.0,-832.3400000000001,0.0711111111111111,0,0.0,0.0,2289.83,0.1111111111111111,1
M03776,444.04,0.0,1,1.0,1.0,1676.1999999999998,0.0,0,0.0,0.0,2120.24,0.0,1
M03777,0.0,0.0,0,0.0,0.0,6933.71,0.04918032786885246,1,1.0,1.0,6933.71,0.04918032786885246,1
M03778,989.73,0.05175983436853002,0,0.0,0.0,-1487.93,-0.09523809523809523,0,0.0,0.0,1684.8500000000001,0.0,2
M03779,114.43,0.0,0,0.0,0.0,-74.83000000000001,0.0,0,0.0,0.0,39.599999999999994,0.0,3
M03780,-693.4399999999999,0.0,0,0.0,0.0,-272.18000000000006,0.0,0,0.0,0.0,482.91999999999996,0.0,0
M03781,-75.15,0.0,1,0.0,0.0,250.73999999999998,0.0,1,0.0,0.0,338.2,0.0,2
M03782,23.77000000000001,0.0,0,0.0,0.0,-62.18000000000001,0.3333333333333333,6,0.0,0.5,171.56,0.3333333333333333,6
M03783,311.08000000000004,0.5,0,0.5,0.0,-156.49000000000004,-0.5,0,0.0,0.0,154.59,0.0,0
M03784,192.75,0.08333333333333334,7,0.5,0.5,-660.4,-0.25,0,0.0,0.5,0.0,0.0,8
M03785,0.0,0.0,0,0.0,0.0,921.93,0.0,2,1.0,1.0,921.93,0.0,2
M03786,-141.07999999999998,0.0,0,0.0,0.0,-19.05000000000001,0.0,1,0.0,0.0,269.15,0.0,1
M03787,758.85,0.0,0,0.0,0.0,-517.47,0.14285714285714285,1,0.5,0.0,382.74,0.14285714285714285,3
M03788,-2667.91,-0.028494932109389942,0,0.0,0.0,2969.869999999999,0.0036521983424638305,-1,0.0,0.0,10693.47,0.035398230088495575,3
M03789,0.0,0.0,0,0.0,0.0,110.82,0.0,0,1.0,1.0,110.82,0.0,0
M03790,-995.4899999999998,0.14285714285714285,0,0.0,0.0,1982.7200000000003,-0.10582010582010581,1,0.0,0.0,4442.1,0.037037037037037035,2
M03791,0.0,0.0,0,0.0,0.0,1541.3600000000001,0.09090909090909091,1,1.0,1.0,1541.3600000000001,0.09090909090909091,1
M03792,-42.0,0.0,0,0.0,0.0,87.67999999999998,0.0,0,0.5,0.0,235.79,0.0,1
M03793,0.0,0.0,0,0.5,0.0,0.0,0.0,0,0.0,0.0,0.0,0.0,0
M03794,797.1000000000001,0.0,0,0.5,0.0,-1086.74,0.0,-1,0.5,0.0,1116.64,0.0,1
M03795,46.34,0.0,0,0.0,0.0,-46.34,0.0,0,0.0,0.0,0.0,0.0,1
M03796,-640.96,-0.0625,0,0.0,0.0,-459.1899999999998,0.0,0,0.0,0.0,660.7,0.0,0
M03797,-1528.369999999999,-0.005012531328320802,6,0.6666666666666666,0.5,-1592.3900000000003,0.046130952380952384,0,0.5,0.5,3303.38,0.09375,6
M03798,167.70999999999998,0.0,1,0.0,0.0,-77.09999999999998,0.0,-2,0.0,0.0,90.61,0.0,1
M03799,175.22000000000025,0.05263157894736842,39,0.5,0.6666666666666666,-744.7,-0.05263157894736842,-25,0.5,0.6666666666666666,1754.89,0.0,14
M03800,0.0,0.0,8,0.0,1.0,2007.66,0.058823529411764705,0,1.0,0.0,2007.66,0.058823529411764705,8
M03801,69.11,0.0,0,0.0,0.0,-69.11,0.0,0,0.0,0.0,0.0,0.0,1
M03802,0.0,0.0,0,0.0,0.0,146.39999999999998,0.0,1,0.0,0.0,146.39999999999998,0.0,2
M03803,64.48999999999998,0.0,0,0.0,0.0,-162.23999999999998,0.0,0,0.0,0.0,68.21000000000001,0.0,1
M03804,254.55999999999995,0.1,0,0.0,0.0,174.1500000000001,-0.1,1,0.0,0.0,1326.14,0.0,1
M03805,73.99,0.0,0,0.0,0.0,-73.99,0.0,0,0.0,0.0,0.0,0.0,1
M03806,0.0,0.0,0,0.0,0.0,2271.24,0.0,2,1.0,1.0,2271.24,0.0,2
M03807,-847.6999999999999,-0.13333333333333333,1,0.0,0.0,1725.58,0.05,0,0.0,0.0,2695.45,0.05,1
M03808,862.0799999999999,0.040247678018575844,2,0.5,0.0,-952.0500000000002,-0.15789473684210525,0,0.5,0.0,1257.37,0.0,2
M03809,810.13,-0.6666666666666666,1,0.0,0.0,-619.26,0.0,-1,0.0,0.0,309.35,0.0,1
M03810,937.92,0.0,4,1.0,0.0,1436.06,0.0,0,0.0,0.0,2373.98,0.0,7
M03811,1458.95,0.0,0,1.0,1.0,1484.3999999999999,0.0,0,0.5,0.0,2943.35,0.0,0
M03812,582.1500000000001,0.0,0,0.5,0.0,-68.94000000000005,0.07692307692307693,0,0.5,0.0,1379.44,0.07692307692307693,0
M03813,0.0,0.0,0,0.0,0.0,3946.46,0.12195121951219512,2,1.0,1.0,3946.46,0.12195121951219512,2
M03814,549.8599999999999,-0.125,-1,0.5,0.0,-1171.54,0.0,1,0.0,0.0,230.04,0.0,1
M03815,-90.73999999999998,0.0,0,0.5,0.0,634.89,0.0,0,0.5,0.0,676.38,0.0,2
M03816,178.13,-0.2,0,0.0,0.0,-136.26,0.14285714285714285,1,0.0,0.0,854.58,0.14285714285714285,1
M03817,-189.7,0.0,0,0.0,0.0,1284.36,0.0,0,0.0,0.0,1284.36,0.0,0
M03818,3168.25,0.027777777777777776,1,0.5,0.5,-2928.21,-0.027777777777777776,0,0.0,0.0,1042.86,0.0,18
M03819,68.86,0.0,0,0.5,0.0,87.24,0.0,0,0.5,0.0,156.1,0.0,0
M03820,101.23999999999998,0.0,0,0.0,0.0,797.0999999999999,0.0,0,0.0,0.0,1133.62,0.0,3
M03821,-911.6200000000001,-0.08333333333333334,0,0.0,0.0,-157.68,-0.16666666666666666,0,0.0,0.0,343.75,0.0,1
M03822,-13.840000000000032,0.0,2,0.5,0.0,-290.36,0.0,-2,0.5,0.0,494.4,0.0,1
M03823,-610.76,0.0,0,0.5,0.0,-82.03999999999996,0.2,0,0.5,0.0,582.44,0.2,1
M03824,655.69,0.056985294117647065,1,0.0,0.5,-1588.2999999999997,-0.08823529411764706,0,0.0,0.0,2403.8,0.0,2
M03825,-212.54000000000002,0.16666666666666666,0,0.0,0.0,662.3899999999999,-0.16666666666666666,0,0.0,0.0,1079.86,0.0,0
M03826,35.13,0.0,-1,0.0,0.0,-3.0900000000000034,0.0,1,0.5,0.0,32.04,0.0,2
M03827,-38.73000000000002,0.0,0,0.0,0.0,43.25000000000003,0.0,0,0.0,0.0,152.85000000000002,0.0,0
M03828,103.64,0.0,0,0.0,0.0,-36.69,0.25,0,0.0,0.0,192.53,0.25,0
M03829,1065.6,-0.1333333333333333,-1,0.5,0.0,1275.7000000000003,-0.1642857142857143,4,0.0,1.0,2475.38,0.03571428571428571,4
M03830,-462.14,0.0,0,0.0,0.0,174.83,0.0,-1,0.0,0.0,223.4,0.0,1
M03831,569.5299999999999,0.0,0,0.0,0.0,-522.6799999999998,0.0,0,0.0,0.0,585.44,0.0,1
M03832,1596.4800000000005,-0.047430830039525695,0,0.0,0.0,-2118.9700000000003,-0.006441223832528181,0,0.0,0.0,3232.96,0.037037037037037035,0
M03833,20.02000000000004,-0.3333333333333333,0,0.0,0.0,994.6499999999999,0.0,0,0.0,0.0,1297.3799999999999,0.0,1
M03834,0.0,0.0,0,0.0,0.0,160.08999999999997,0.0,0,1.0,1.0,160.08999999999997,0.0,0
M03835,-135.21999999999997,0.25,0,0.0,0.0,279.24,-0.25,0,0.0,0.0,415.34000000000003,0.0,1
M03836,0.0,0.0,0,0.5,0.0,0.0,0.0,0,0.0,0.0,0.0,0.0,0
M03837,703.0500000000001,0.0,1,0.0,0.0,-557.09,0.0,1,0.5,0.0,145.96,0.0,2
M03838,2716.87,0.06666666666666667,0,1.0,1.0,7388.670000000001,0.009282700421940931,0,0.0,0.0,10105.54,0.0759493670886076,0
M03839,0.0,0.0,1,0.0,0.0,0.0,0.0,1,0.0,0.0,0.0,0.0,2
M03840,82.96,0.0,0,0.0,0.0,102.58999999999999,0.0,0,0.0,0.0,185.54999999999998,0.0,3
M03841,186.73999999999995,0.0,0,0.0,0.0,-202.62999999999997,0.0,0,0.0,0.0,68.78,0.0,0
M03842,1149.72,0.08695652173913043,0,0.5,0.0,-2488.99,-0.08695652173913043,0,0.5,0.0,695.47,0.0,1
M03843,1089.06,-0.07692307692307693,1,0.5,0.0,1086.2200000000003,0.21621621621621623,-2,0.5,0.0,4922.35,0.21621621621621623,1
M03844,-517.6199999999999,0.5,-1,0.0,0.0,1007.6399999999999,0.05555555555555558,0,0.5,0.0,1465.06,0.5555555555555556,0
M03845,108.88,0.0,0,0.0,0.0,-108.88,0.0,0,0.0,0.0,0.0,0.0,0
M03846,251.27000000000004,0.5,0,0.0,0.0,-376.42,-0.16666666666666669,0,0.0,0.0,131.3,0.3333333333333333,0
M03847,1094.6799999999998,0.06296296296296297,1,0.0,0.0,147.4099999999994,-0.07222222222222223,1,0.0,0.0,4118.139999999999,0.027777777777777776,2
M03848,314.56,0.0,1,0.0,0.0,-221.33,0.0,0,0.0,0.0,205.41,0.0,1
M03849,0.0,0.0,0,0.0,0.0,2075.47,0.0,2,1.0,1.0,2075.47,0.0,2
M03850,996.11,0.1111111111111111,0,1.0,1.0,-579.78,0.0888888888888889,0,0.0,0.0,416.33000000000004,0.2,0
M03851,0.0,0.0,29,1.0,1.0,222.21,0.0,-3,0.0,0.5,222.21,0.0,26
M03852,-1295.2299999999998,-0.05,1,0.5,0.0,832.8399999999999,0.0,0,0.5,0.0,2166.0,0.0,1
M03853,387.02,0.058823529411764705,1,0.0,0.0,-119.73000000000002,-0.058823529411764705,0,0.0,0.0,1733.06,0.0,1
M03854,0.0,0.0,0,0.0,0.0,30.97,0.0,0,0.0,0.0,30.97,0.0,1
M03855,210.26,0.0,0,0.0,0.0,-4.6299999999999955,0.0,1,0.0,0.0,205.63,0.0,1
M03856,33.60000000000002,0.0,25,0.0,0.5,-92.87,0.0,-1,0.0,0.5,149.0,0.0,25
M03857,1731.45,-0.19444444444444445,6,0.5,0.5,-277.77,0.021367521367521375,-1,0.5,0.5,1764.96,0.07692307692307693,6
M03858,71.96000000000001,0.0,2,0.0,0.0,93.08999999999997,0.0,0,0.0,0.0,219.95999999999998,0.0,2
M03859,-744.4199999999998,0.0,0,0.0,0.0,420.71999999999997,0.0,3,0.5,0.0,835.63,0.0,3
M03860,92.64000000000004,0.0,0,0.0,0.0,290.44,0.125,0,0.0,0.0,648.23,0.125,0
M03861,153.93999999999983,-0.14285714285714285,0,0.0,0.0,-743.6899999999999,0.0,0,0.0,0.0,435.66999999999996,0.0,0
M03862,0.0,0.0,0,1.0,1.0,2562.5,0.041666666666666664,2,0.5,0.0,2562.5,0.041666666666666664,2
M03863,0.0,0.0,0,0.0,0.0,1417.75,0.0,3,1.0,1.0,1417.75,0.0,3
M03864,64.7299999999999,0.0,0,0.0,0.0,-254.22999999999996,0.0,0,0.0,0.0,289.09,0.0,0
M03865,227.47000000000003,-0.08333333333333333,-2,0.0,0.0,-1051.64,0.0,1,0.0,0.0,541.27,0.0,2
M03866,58.63000000000005,-0.2,7,0.6666666666666666,0.5,-303.76000000000005,0.0,-1,0.6666666666666666,0.5,213.95,0.0,6
M03867,126.96000000000004,0.0,-1,0.5,0.0,-285.4200000000001,0.0,1,0.0,0.0,55.9,0.0,1
M03868,215.98000000000002,0.5,0,0.0,0.0,-51.55000000000001,-0.5,0,0.0,0.0,185.18,0.0,0
M03869,-96.55999999999995,0.01009251471825063,0,0.0,0.0,3412.8700000000003,-0.012260536398467432,0,0.0,0.0,6801.93,0.022222222222222223,0
M03870,174.72000000000003,0.0,-1,0.0,0.0,-65.52000000000004,0.0,0,0.0,0.0,313.21,0.0,0
M03871,-32.61000000000013,-0.010606060606060605,0,0.0,0.0,-1280.37,0.03,1,0.0,0.0,2667.79,0.08,2
M03872,351.9800000000001,-1.0,0,0.0,0.0,-378.2600000000001,1.0,1,0.0,0.0,167.91,1.0,2
M03873,1680.0600000000002,0.0,0,0.0,0.0,-45.27000000000021,0.0,3,0.5,0.0,1858.62,0.0,4
M03874,-2454.1099999999997,0.0071895424836601295,0,0.0,0.0,805.3699999999999,-0.029411764705882353,0,0.0,0.0,3992.13,0.0,1
M03875,0.0,0.0,2,1.0,1.0,963.02,0.16666666666666666,1,0.0,0.0,963.02,0.16666666666666666,3
M03876,-382.16999999999996,0.0,-3,0.0,0.5,91.28,0.0,-3,0.0,0.0,213.19,0.0,24
M03877,-69.75,-0.5,2,0.0,0.0,289.26,0.3333333333333333,0,0.0,0.0,289.26,0.3333333333333333,3
M03878,-141.60999999999996,-0.14285714285714285,0,0.0,0.0,4.889999999999986,0.0,0,0.0,0.0,289.12,0.0,1
M03879,933.8399999999999,0.09090909090909091,0,0.0,0.0,-47.25999999999999,0.09090909090909091,1,0.0,0.0,1092.51,0.18181818181818182,3
M03880,538.0699999999999,-0.3333333333333333,0,0.0,0.0,66.38,0.0,0,0.0,0.0,915.86,0.0,2
M03881,254.83999999999997,0.3333333333333333,0,0.0,0.0,-214.01,-0.3333333333333333,0,0.0,0.0,321.51,0.0,1
M03882,6.140000000000327,0.04878048780487805,1,0.0,0.0,529.6799999999994,-0.02878048780487805,0,0.0,0.0,5731.32,0.02,2
M03883,1065.72,0.0,3,1.0,1.0,-402.27,0.0,-1,0.0,0.0,663.45,0.0,2
M03884,498.45,0.0,2,1.0,1.0,-176.92000000000002,0.0,0,0.0,0.0,321.53,0.0,2
M03885,-717.0699999999999,0.0,0,0.0,0.0,-77.84000000000003,0.1111111111111111,0,0.0,0.0,848.15,0.1111111111111111,0
M03886,1012.4200000000001,0.047619047619047616,0,0.0,0.0,-1091.21,-0.047619047619047616,0,0.0,0.0,734.96,0.0,1
M03887,-752.3799999999999,-0.05238095238095239,0,0.5,0.0,1170.9799999999998,0.09523809523809523,0,0.0,0.0,2561.2599999999998,0.14285714285714285,0
M03888,-1413.67,0.023870417732310314,0,0.5,0.0,919.0300000000007,-0.02562111801242236,-1,0.5,0.0,5353.06,0.017857142857142856,0
M03889,125.16999999999996,0.0,0,0.0,0.0,578.48,0.0,0,0.0,0.0,1297.99,0.0,2
M03890,-400.7499999999999,0.0,0,0.5,0.0,-424.61,0.6666666666666666,-1,0.5,0.0,135.11,0.6666666666666666,0
M03891,0.0,0.0,5,1.0,1.0,0.0,0.0,0,0.0,0.0,0.0,0.0,5
M03892,-7.189999999999998,0.0,0,0.0,0.0,-64.31,0.0,-1,0.0,0.0,0.0,0.0,1
M03893,-941.2,-0.125,0,0.0,0.0,-188.74,0.0,0,0.0,0.0,145.74,0.0,2
M03894,51.39,0.0,-1,0.5,0.0,47.120000000000005,0.0,0,0.0,0.0,98.51,0.0,2
M03895,54.1,0.0,5,1.0,1.0,-54.1,0.0,0,0.0,0.0,0.0,0.0,6
M03896,188.20999999999992,0.16666666666666666,0,0.0,0.0,-251.97999999999996,-0.16666666666666666,0,0.0,0.0,464.57,0.0,1
M03897,901.5,0.0,3,0.0,0.5,-1171.39,0.1111111111111111,0,0.0,0.0,614.8299999999999,0.1111111111111111,7
M03898,1532.01,0.0,1,0.5,0.0,-662.88,0.0,-1,0.5,0.0,987.38,0.0,0
M03899,0.0,0.0,0,0.0,0.0,3972.25,0.05128205128205128,2,1.0,1.0,3972.25,0.05128205128205128,2
M03900,458.26,-0.14285714285714285,1,0.0,0.5,359.65999999999997,0.09090909090909091,-3,0.0,0.0,1296.58,0.09090909090909091,20
M03901,-92.53999999999996,-0.011204481792717089,1,0.0,0.0,-604.9100000000001,0.03571428571428571,0,0.0,0.0,1219.97,0.08333333333333333,1
M03902,0.0,0.0,0,0.0,0.0,19269.59,0.05945945945945946,2,1.0,1.0,19269.59,0.05945945945945946,2
M03903,-1901.2600000000002,-0.012820512820512817,0,0.0,0.0,-1269.6599999999999,0.03345543345543346,0,0.0,0.0,11570.01,0.0761904761904762,1
M03904,979.09,0.0625,0,0.0,0.0,-845.27,-0.0625,0,0.0,0.0,745.96,0.0,0
M03905,-201.08999999999997,0.0,12,0.0,0.5,-114.31,0.0,-3,0.0,0.5,41.74,0.0,10
M03906,-591.3499999999999,0.0,0,0.5,0.0,15.229999999999961,0.0,-1,0.0,0.0,203.52999999999997,0.0,0
M03907,2175.22,-0.08169934640522875,0,0.0,0.0,-1820.4099999999999,-0.029411764705882353,0,0.0,0.0,2572.16,0.0,2
M03908,99.46,0.0,-28,1.0,0.5,608.75,0.0,-2,0.0,0.0,708.21,0.0,26
M03909,1771.48,-0.012228260869565216,-1,0.0,0.0,-2142.3500000000004,0.024305555555555552,0,0.0,0.0,1958.57,0.05555555555555555,0
M03910,-299.61,0.0,0,0.0,0.0,344.36,0.0,0,0.0,0.0,517.75,0.0,1
M03911,-775.27,0.20833333333333331,0,0.0,0.0,428.91,-0.1111111111111111,0,0.0,0.0,840.75,0.2222222222222222,1
M03912,328.65999999999997,0.5,0,0.0,0.0,-349.97999999999996,-0.5,0,0.0,0.0,0.0,0.0,0
M03913,0.0,0.0,0,0.5,0.0,640.72,0.0,-2,0.5,0.0,640.72,0.0,0
M03914,161.64999999999998,0.0,0,0.0,0.0,332.6,0.2,0,0.0,0.0,597.11,0.2,2
M03915,1009.1599999999999,-0.05665349143610013,0,0.0,0.0,-1414.4700000000003,0.01136363636363636,0,0.0,0.0,2634.49,0.041666666666666664,0
M03916,375.15,0.0,0,0.0,0.0,-407.17,0.0,0,0.0,0.0,86.08,0.0,0
M03917,-235.99000000000024,-0.0027472527472527514,0,0.0,0.0,3323.9199999999996,0.008730158730158734,0,0.0,0.0,5678.48,0.044444444444444446,0
M03918,172.65999999999997,0.0,-1,0.5,0.0,-196.45999999999995,0.0,0,0.0,0.0,147.84,0.0,0
M03919,548.71,0.0,0,0.0,0.0,-611.84,0.0,1,0.0,0.0,0.0,0.0,3
M03920,-242.23000000000002,0.0,0,0.5,0.0,-28.829999999999984,0.0,0,0.0,0.0,290.7,0.0,2
M03921,-281.7800000000001,0.0,0,0.5,0.0,529.5600000000001,0.0,0,0.5,0.0,1382.96,0.0,0
M03922,-119.83000000000004,-0.3333333333333333,4,0.0,0.5,-177.21999999999997,0.0,0,0.0,0.5,90.54,0.0,4
M03923,-483.03999999999996,0.0,0,0.0,0.0,119.35000000000002,0.0,1,0.0,0.0,552.62,0.0,1
M03924,3013.83,0.03571428571428571,25,1.0,1.0,2269.87,0.008730158730158734,-4,0.0,0.5,5283.7,0.044444444444444446,21
M03925,-898.78,0.16666666666666666,0,0.0,0.0,-387.04999999999995,-0.16666666666666666,1,0.0,0.0,260.27,0.0,1
M03926,-85.71999999999997,0.0,0,0.0,0.0,142.06,0.0,0,0.0,0.0,399.09000000000003,0.0,1
M03927,329.33,0.0,0,0.0,0.0,-329.33,0.0,0,0.0,0.0,0.0,0.0,0
M03928,1708.57,-0.10526315789473684,-1,0.5,0.0,223.45000000000027,0.03571428571428571,0,0.0,0.0,3259.01,0.03571428571428571,2
M03929,-107.74000000000001,0.0,21,0.5,0.5,138.57999999999998,0.0,-2,0.5,0.5,369.53,0.0,19
M03930,0.0,0.0,0,0.0,0.0,1214.04,0.09090909090909091,0,1.0,1.0,1214.04,0.09090909090909091,0
M03931,-1017.8200000000002,-0.06666666666666667,0,0.0,0.0,536.94,0.07692307692307693,0,0.0,0.0,1742.06,0.07692307692307693,3
M03932,128.10999999999967,0.004708097928436905,0,0.0,0.0,-1039.9499999999998,-0.007168458781362005,0,0.0,0.0,6455.38,0.04838709677419355,1
M03933,719.6300000000001,0.14285714285714285,0,0.0,0.0,-601.23,-0.14285714285714285,0,0.0,0.0,454.71999999999997,0.0,1
M03934,427.75,0.0,25,0.5,0.5,474.48,0.14285714285714285,0,0.5,0.5,1039.26,0.14285714285714285,25
M03935,0.0,0.0,1,1.0,1.0,1869.26,0.0,0,0.5,0.0,1869.26,0.0,1
M03936,-10.029999999999973,-0.25,0,0.5,0.0,-97.03,0.0,0,0.0,0.0,147.65,0.0,0
M03937,-173.62,0.0,0,0.0,0.0,679.6,0.14285714285714285,4,0.0,1.0,710.4,0.14285714285714285,5
M03938,-705.3,-0.16666666666666666,0,0.0,0.0,191.55,0.3333333333333333,0,0.0,0.0,236.63,0.3333333333333333,0
M03939,-595.0299999999999,0.03208556149732621,-1,0.5,0.0,1363.9299999999998,-0.09090909090909091,0,0.5,0.0,2343.5299999999997,0.0,0
M03940,1192.58,0.0,17,0.0,0.5,-971.18,0.3333333333333333,-2,0.0,0.5,221.39999999999998,0.3333333333333333,17
M03941,352.57000000000016,0.0037878787878787915,0,0.0,0.0,-274.71000000000004,-0.045454545454545456,1,0.5,0.0,2181.17,0.0,1
M03942,-157.09,0.0,1,0.0,0.0,658.21,0.0,0,0.0,0.0,788.24,0.0,2
M03943,503.74,0.0,0,0.0,0.0,-569.41,0.0,0,0.0,0.0,64.96,0.0,0
M03944,-1199.15,0.0,0,0.0,0.0,1980.2400000000002,0.03333333333333333,0,0.0,0.0,3164.28,0.03333333333333333,2
M03945,-989.07,0.0,0,0.0,0.0,-124.70999999999998,0.0,1,0.5,0.0,315.44,0.0,1
M03946,-153.7,1.0,0,0.0,0.0,781.43,-1.0,1,0.0,0.0,895.66,0.0,2
M03947,-259.84,0.0,0,0.0,0.0,171.24999999999994,0.0,0,0.0,0.0,620.55,0.0,0
M03948,4363.13,0.12121212121212122,3,1.0,1.0,1673.29,-0.03425559947299078,1,0.0,0.0,6036.42,0.08695652173913043,4
M03949,1018.8199999999999,0.0,0,0.0,0.0,-1087.03,0.2,0,0.0,0.0,237.04,0.2,1
M03950,100.78999999999996,0.005847953216374269,2,0.5,0.0,356.28,-0.05847953216374269,0,0.5,0.0,2101.02,0.05263157894736842,3
M03951,953.78,0.14285714285714285,0,1.0,1.0,-278.91999999999996,-0.14285714285714285,0,0.0,0.0,674.86,0.0,0
M03952,-297.53999999999996,-0.03571428571428571,0,0.0,0.0,319.4200000000001,0.043290043290043295,-1,0.0,0.0,2615.5,0.09090909090909091,0
M03953,302.39,0.125,1,0.0,0.0,148.63,-0.125,0,0.0,0.0,644.13,0.0,1
M03954,693.7700000000002,0.0,0,0.0,0.0,-398.1900000000003,0.0,0,0.0,0.0,1429.3799999999999,0.0,1
M03955,0.0,0.0,0,0.0,0.0,5254.92,0.02857142857142857,0,1.0,1.0,5254.92,0.02857142857142857,0
M03956,105.76999999999998,0.0,0,0.0,0.0,-87.35,0.0,1,0.0,0.0,38.85,0.0,2
M03957,46.81,-0.14285714285714285,0,0.0,0.0,314.86,0.09090909090909091,1,0.0,0.0,835.24,0.09090909090909091,3
M03958,1310.31,0.0,0,1.0,1.0,1514.13,0.041666666666666664,1,0.0,0.0,2824.44,0.041666666666666664,1
M03959,221.96000000000004,-0.022408963585434177,0,0.0,0.0,-807.5600000000002,-0.004329004329004321,1,0.0,0.0,1896.57,0.09090909090909091,2
M03960,-795.4499999999998,-0.02976190476190476,1,0.5,0.0,381.9500000000003,-0.009408602150537633,-1,0.0,0.0,3026.4700000000003,0.03225806451612903,1
M03961,196.11,0.0,0,0.0,0.0,-69.74000000000001,0.0,0,0.0,0.0,426.89,0.0,1
M03962,2756.8,0.08,6,1.0,1.0,3863.5599999999995,-0.04721311475409836,0,0.0,0.0,6620.36,0.03278688524590164,6
M03963,7.569999999999993,0.0,0,0.0,0.0,-151.24,0.5,0,0.0,0.0,54.75,0.5,2
M03964,117.12,0.0,0,0.0,0.0,-22.42,0.0,0,0.0,0.0,94.7,0.0,0
M03965,119.05,0.0,0,1.0,1.0,1533.99,0.08333333333333333,0,0.5,0.0,1653.04,0.08333333333333333,0
M03966,-561.7700000000002,0.07371794871794873,0,0.0,0.0,-1126.9,0.027472527472527458,0,0.0,0.0,897.84,0.14285714285714285,1
M03967,85.22999999999999,0.0,-1,0.5,0.0,-126.41,0.0,0,0.0,0.0,0.0,0.0,1
M03968,-330.27,0.0,0,0.0,0.0,0.0,0.0,1,0.5,0.0,0.0,0.0,3
M03969,0.0,0.0,0,0.0,0.0,434.94,0.0,0,0.0,0.0,434.94,0.0,1
M03970,-570.0799999999999,-0.11764705882352941,0,0.0,0.0,-256.8900000000001,0.0,0,0.0,0.0,881.26,0.0,0
M03971,106.67,0.0,-1,0.5,0.0,-81.03,0.0,0,0.0,0.0,25.64,0.0,3
M03972,726.5,0.0,19,1.0,1.0,1694.7799999999997,0.05,-4,0.0,0.5,2421.2799999999997,0.05,15
M03973,-26.389999999999986,0.0,-1,0.0,0.0,-121.19000000000001,0.0,0,0.0,0.0,90.05,0.0,2
M03974,254.01,0.0,0,0.0,0.0,24.319999999999993,0.0,0,0.5,0.0,278.33,0.0,1
M03975,0.0,0.0,0,0.0,0.0,118.44,0.0,0,1.0,1.0,118.44,0.0,0
M03976,-373.83000000000004,-0.125,-1,0.5,0.0,651.85,0.14285714285714285,-1,0.0,0.0,873.88,0.14285714285714285,0
M03977,-50.119999999999976,0.6666666666666667,0,0.0,0.0,-184.02,-1.0,0,1.0,0.0,0.0,0.0,1
M03978,-334.48,0.3333333333333333,1,0.0,0.0,-106.75,-0.3333333333333333,-1,0.0,0.0,60.78999999999999,0.0,2
M03979,1084.8899999999999,0.0,0,0.0,0.0,441.8399999999999,0.0,0,0.0,0.0,1748.61,0.0,1
M03980,151.30999999999995,-0.0222222222222222,-15,0.0,0.6666666666666666,-385.6199999999999,0.0222222222222222,-1,0.0,0.0,735.44,0.2222222222222222,15
M03981,1650.6699999999998,-0.125,0,0.5,0.0,-1440.8999999999996,0.125,1,0.0,0.0,951.5500000000001,0.125,1
M03982,550.84,0.0,0,0.0,0.0,-830.47,0.0,0,0.0,0.0,306.52,0.0,1
M03983,-59.33999999999999,0.0,0,0.0,0.0,-69.11,0.0,0,0.5,0.0,0.0,0.0,1
M03984,0.0,0.0,0,0.0,0.0,1887.1000000000001,0.6111111111111112,3,1.0,1.0,1887.1000000000001,0.6111111111111112,3
M03985,1941.82,0.0,3,0.0,1.0,-1904.45,0.0,0,0.0,0.0,203.27999999999997,0.0,3
M03986,507.07,0.25,0,0.0,0.0,1526.88,-0.25,0,0.5,0.0,2033.95,0.0,2
M03987,-144.68,1.0,5,0.6666666666666666,0.6666666666666666,46.95,-1.0,-16,0.5,0.5,123.22,0.0,4
M03988,1083.2400000000016,0.012025316455696204,0,0.0,0.0,-2376.8300000000017,0.0010204081632653045,0,0.0,0.0,8449.46,0.05102040816326531,0
M03989,132.94,0.0,0,0.0,0.0,-71.02,0.0,1,0.0,0.0,61.92,0.0,1
M03990,1121.1799999999998,0.07142857142857142,-1,0.0,0.0,886.4100000000003,-0.07142857142857142,0,0.0,0.0,2320.4700000000003,0.0,0
M03991,1604.3,0.125,-1,0.5,0.5,-1480.75,0.125,-3,0.0,0.0,1000.35,0.25,18
M03992,1120.91,0.0,0,0.0,0.0,-1274.24,0.0,0,0.0,0.0,102.21,0.0,1
M03993,-732.76,0.0,24,0.0,0.5,286.12,0.0,-1,0.0,0.5,363.77,0.0,23
M03994,538.4200000000001,0.0,0,1.0,1.0,406.56999999999994,0.0,1,0.0,0.0,944.99,0.0,1
M03995,74.13,0.0,0,0.0,0.0,945.8999999999999,0.0,0,0.0,0.0,1422.6299999999999,0.0,0
M03996,117.61000000000013,0.0,0,0.0,0.0,-839.6600000000001,0.125,0,0.0,0.0,370.74,0.125,0
M03997,-254.9,0.25,0,0.0,0.0,464.86,-0.25,-1,0.5,0.0,594.08,0.0,1
M03998,3096.399999999998,0.3580767350928641,0,0.0,0.0,-546.6800000000003,0.2283641298674184,0,0.0,0.0,20761.96,0.6262135922330098,0
M03999,-811.3600000000001,0.0,0,0.5,0.0,-5.5,0.0,-1,0.5,0.0,269.0,0.0,0
M04000,-440.5,-0.07834101382488479,0,0.0,0.0,-109.67000000000007,-0.06451612903225806,0,0.0,0.0,3101.27,0.0,0
M04001,59.569999999999936,0.0,0,0.0,0.0,-21.360000000000014,0.0,0,0.5,0.0,894.92,0.0,1
M04002,457.51,0.0,0,0.0,0.0,634.2700000000001,0.18181818181818182,0,0.0,0.0,1192.69,0.18181818181818182,0
M04003,2963.0,0.038461538461538464,0,1.0,1.0,1977.1800000000003,-0.015205724508050092,1,0.0,0.0,4940.18,0.023255813953488372,1
M04004,0.0,0.0,2,0.5,0.0,15.86,0.0,1,0.5,0.0,15.86,0.0,4
M04005,-1292.0799999999997,0.09090909090909091,0,0.5,0.0,129.47000000000003,-0.09090909090909091,1,0.5,0.0,1034.4,0.0,1
M04006,360.89,0.0,0,0.0,0.0,-322.26,0.0,0,0.0,0.0,88.25,0.0,0
M04007,-114.82,0.5,0,0.0,0.0,-2.160000000000025,0.0,0,0.0,0.0,194.01,0.5,0
M04008,-116.11999999999999,0.0,0,0.0,0.0,674.4900000000001,0.0,0,0.0,0.0,674.4900000000001,0.0,1
M04009,351.49,0.6666666666666666,0,0.0,0.0,-208.71,-0.6666666666666666,0,0.0,0.0,142.78,0.0,0
M04010,0.0,0.0,0,1.0,1.0,1519.5,0.0,0,0.0,0.0,1519.5,0.0,0
M04011,0.0,0.0,20,0.0,0.5,2526.01,0.047619047619047616,-27,1.0,0.5,2526.01,0.047619047619047616,21
M04012,-575.48,0.0,0,0.0,0.0,103.72,0.5,0,0.0,0.0,159.91,0.5,0
M04013,-198.46999999999997,0.0,0,0.0,0.0,104.1699999999999,0.0,0,0.0,0.0,528.5799999999999,0.0,0
M04014,-34.25999999999999,0.0,0,0.0,0.0,-722.74,0.0,0,0.0,0.0,853.69,0.0,0
M04015,756.45,0.0,0,0.5,0.0,-269.31000000000006,0.0,0,0.5,0.0,832.91,0.0,0
M04016,391.9,0.0,-1,0.5,0.0,760.7700000000002,0.0,0,0.0,0.0,1205.5500000000002,0.0,1
M04017,819.2000000000007,0.04022727272727273,0,0.0,0.0,36.849999999998545,-0.058142076502732246,0,0.0,0.0,21173.64,0.02185792349726776,2
M04018,0.0,0.0,0,0.0,0.0,5580.3,0.02040816326530612,0,1.0,1.0,5580.3,0.02040816326530612,0
M04019,8709.12,0.05405405405405406,0,1.0,1.0,10287.519999999999,-0.02596416641360462,2,0.5,0.0,18996.64,0.028089887640449437,2
M04020,0.0,0.0,0,0.0,0.0,285.26,0.0,0,1.0,1.0,285.26,0.0,0
M04021,1048.4,0.3333333333333333,23,0.0,0.6666666666666666,-1148.68,0.16666666666666669,-28,0.0,0.5,303.32,0.5,23
M04022,0.0,0.0,2,1.0,1.0,89.06,0.0,-1,0.0,0.0,89.06,0.0,1
M04023,0.0,0.0,0,0.0,0.0,1060.85,0.0,2,1.0,1.0,1060.85,0.0,2
M04024,-54.50999999999999,0.0,0,0.0,0.0,98.79999999999995,0.0,0,0.0,0.0,335.78999999999996,0.0,1
M04025,656.2099999999991,0.019497686715135493,-1,0.0,0.0,-1300.2099999999991,-0.020606968902210566,0,0.0,0.0,19412.72,0.03821656050955414,0
M04026,1332.53,0.125,0,0.0,0.0,-1284.98,-0.125,0,0.0,0.0,150.53,0.0,0
M04027,-21.599999999999966,0.3333333333333333,0,0.0,0.0,471.6099999999999,-0.19047619047619047,0,0.0,0.0,827.8299999999999,0.14285714285714285,0
M04028,0.0,0.0,17,1.0,1.0,100.85,0.0,-1,0.0,0.0,100.85,0.0,16
M04029,-363.70000000000005,0.16666666666666666,0,0.0,0.0,-235.91,-0.16666666666666666,0,0.5,0.0,214.6,0.0,2
M04030,-324.31,0.0,1,0.0,0.0,679.11,0.0,1,0.0,0.0,679.11,0.0,2
M04031,1070.4099999999999,0.42857142857142855,0,0.0,0.0,-717.8,0.29365079365079366,0,0.0,0.0,1732.22,0.7222222222222222,1
M04032,0.0,0.0,1,1.0,1.0,499.56,0.0,0,0.0,0.0,499.56,0.0,1
M04033,109.81000000000003,0.0,26,0.5,0.5,153.7199999999999,0.0,-3,0.0,0.5,429.80999999999995,0.0,26
M04034,187.13,0.0,0,0.0,0.0,153.21000000000004,0.5,0,0.5,0.0,340.34000000000003,0.5,0
M04035,-166.81999999999994,0.0,3,0.0,0.5,-388.26000000000005,0.0,0,0.0,0.0,199.69,0.0,5
M04036,0.0,0.0,0,0.0,0.0,465.71,0.0,0,1.0,1.0,465.71,0.0,0
M04037,344.94,0.0,2,1.0,1.0,-222.78,0.0,0,0.0,0.0,122.16,0.0,2
M04038,86.8,0.0,0,0.5,0.0,-62.19,0.0,0,0.0,0.0,24.61,0.0,1
M04039,695.6499999999999,0.09090909090909091,0,0.0,0.0,-901.6299999999997,-0.09090909090909091,0,0.0,0.0,1379.6100000000001,0.0,1
M04040,-234.8800000000001,-0.03312629399585921,1,0.0,0.0,2661.5,0.07505948518278174,-1,0.0,0.0,8982.65,0.08955223880597014,1
M04041,-229.87,0.0,4,0.5,0.6666666666666666,446.1200000000001,0.18181818181818182,-11,0.5,0.5,1206.9,0.18181818181818182,5
M04042,0.0,0.0,2,1.0,1.0,568.7,0.25,4,0.5,0.0,568.7,0.25,6
M04043,-2.7799999999999727,0.0,0,0.5,0.0,-43.77000000000004,0.0,0,0.0,0.0,333.82,0.0,0
M04044,185.37,0.0,1,0.0,0.0,530.5999999999999,0.0,1,0.0,0.0,898.54,0.0,2
M04045,-133.80999999999995,0.1111111111111111,1,0.0,0.0,802.2700000000001,0.022222222222222227,1,0.0,0.0,1532.3600000000001,0.13333333333333333,2
M04046,164.98000000000002,-0.16666666666666666,0,0.0,0.0,648.0000000000002,0.1111111111111111,1,0.0,0.0,1131.3000000000002,0.1111111111111111,2
M04047,0.0,0.0,-1,0.0,0.0,20.93,0.0,0,0.0,0.0,20.93,0.0,0
M04048,0.0,0.0,0,0.0,0.0,7484.26,0.03278688524590164,0,1.0,1.0,7484.26,0.03278688524590164,0
M04049,-2848.1400000000003,0.25,0,0.0,0.0,-315.39,-0.25,1,0.5,0.0,285.52,0.0,3
M04050,-484.00999999999976,0.03263403263403264,-4,0.5,0.5,-496.92999999999984,-0.08717948717948719,0,0.0,0.0,2716.92,0.06666666666666667,15
M04051,-476.26,-0.2,0,0.0,0.0,304.93,0.0,-1,1.0,0.0,347.43,0.0,0
M04052,933.74,0.0,0,0.0,0.0,-890.04,0.0,1,0.5,0.0,774.77,0.0,1
M04053,-14.230000000000004,0.0,-1,0.0,0.0,154.79000000000002,0.3333333333333333,0,0.0,0.0,211.21,0.3333333333333333,1
M04054,0.0,0.0,0,0.0,0.0,2172.48,0.09523809523809523,0,1.0,1.0,2172.48,0.09523809523809523,0
M04055,720.11,0.0,1,0.0,0.0,403.3699999999999,0.0,0,0.5,0.0,1413.1,0.0,1
M04056,68.7,0.0,2,1.0,1.0,588.04,0.0,0,0.5,0.0,656.74,0.0,2
M04057,161.76,0.0,1,1.0,1.0,2899.59,0.05,0,0.0,0.0,3061.35,0.05,1
M04058,-524.23,0.0,0,0.0,0.0,527.1400000000001,0.0,0,0.5,0.0,820.84,0.0,2
M04059,0.0,0.0,0,0.0,0.0,717.48,0.0,0,1.0,1.0,717.48,0.0,0
M04060,5697.110000000001,0.09090909090909091,0,0.0,0.0,-5324.860000000001,-0.09090909090909091,1,0.0,0.0,1206.04,0.0,3
M04061,281.88,0.0,0,0.0,0.0,-500.86,0.0,0,0.0,0.0,80.35,0.0,1
M04062,235.3,0.0,0,0.0,0.0,-118.18000000000006,0.0,0,0.0,0.0,417.78999999999996,0.0,0
M04063,0.0,0.0,0,0.0,0.0,0.0,0.0,0,0.0,0.0,0.0,0.0,1
M04064,104.49000000000001,0.0,0,0.0,0.0,243.94999999999993,0.1111111111111111,0,0.5,0.0,760.0799999999999,0.1111111111111111,0
M04065,-103.65999999999997,0.0,0,0.0,0.0,131.43,0.0,0,0.0,0.0,312.54,0.0,1
M04066,2253.48,0.0,0,0.0,0.0,-1080.3600000000001,0.05263157894736842,6,0.0,1.0,1309.58,0.05263157894736842,7
M04067,33.71,0.0,0,1.0,1.0,238.35999999999999,0.0,0,0.0,0.0,272.07,0.0,0
M04068,728.94,0.0,0,1.0,1.0,824.5,0.0,0,0.0,0.0,1553.44,0.0,0
M04069,0.0,0.0,20,0.5,0.5,80.99,0.0,-2,0.0,0.5,80.99,0.0,19
M04070,-245.61000000000013,0.0,1,0.0,0.5,289.99,0.08333333333333333,-1,0.0,0.0,1242.12,0.08333333333333333,16
M04071,-52.589999999999975,0.0,0,0.5,0.0,129.03,0.0,0,0.0,0.0,255.65,0.0,2
M04072,0.0,0.0,0,0.0,0.0,2699.86,0.05,0,1.0,1.0,2699.86,0.05,0
M04073,250.28000000000003,0.0,-1,0.5,0.0,-347.78000000000003,0.0,0,0.0,0.0,87.39,0.0,1
M04074,0.0,0.0,2,1.0,1.0,1802.32,0.0,-1,0.0,0.0,1802.32,0.0,1
M04075,677.2600000000001,0.0,0,0.5,0.0,-662.5000000000001,0.0,0,0.5,0.0,496.66999999999996,0.0,0
M04076,-63.58999999999992,0.2857142857142857,0,0.0,0.0,-261.37000000000006,-0.2857142857142857,0,0.0,0.0,501.55,0.0,0
M04077,351.13999999999993,-0.25,0,0.0,0.0,1760.0500000000002,0.05,0,0.0,0.0,2403.96,0.05,0
M04078,449.82,0.0,0,0.5,0.0,-274.34000000000003,0.2,0,0.5,0.0,478.03,0.2,0
M04079,366.31,0.0,3,1.0,1.0,633.8199999999999,0.0,0,0.5,0.0,1000.13,0.0,3
M04080,0.0,0.0,0,0.0,0.0,13335.28,0.06766917293233082,1,1.0,1.0,13335.28,0.06766917293233082,1
M04081,276.51,0.0,1,1.0,1.0,1112.77,0.06666666666666667,0,0.5,0.0,1389.28,0.06666666666666667,1
M04082,203.27999999999992,-0.5,0,0.0,0.0,-407.38999999999993,0.0,0,0.0,0.0,174.93,0.0,1
M04083,-1565.3499999999997,-0.0625,-2,0.0,0.5,-235.88000000000005,0.0,-1,0.5,0.0,411.05,0.0,11
M04084,215.35000000000014,0.0,28,0.0,0.5,214.77999999999986,0.2857142857142857,-3,0.0,0.5,1001.9399999999999,0.2857142857142857,26
M04085,0.0,0.0,17,0.0,1.0,1483.98,0.0,-1,1.0,0.0,1483.98,0.0,16
M04086,281.64,0.3333333333333333,0,0.0,0.0,-278.43,-0.3333333333333333,0,0.0,0.0,129.07,0.0,1
M04087,1248.2299999999998,-0.04090909090909091,-1,0.0,0.0,-261.9799999999998,0.0611111111111111,0,0.0,0.0,2036.47,0.1111111111111111,1
M04088,-410.71000000000004,0.02058823529411765,0,0.0,0.0,1319.4699999999993,-0.007446808510638302,1,0.0,0.0,5295.7699999999995,0.0425531914893617,2
M04089,-36.31,0.0,0,0.0,0.0,221.14999999999998,0.0,0,0.0,0.0,232.23,0.0,0
M04090,-305.1800000000003,0.0411764705882353,1,0.0,0.0,-486.4799999999998,-0.1,0,0.0,0.0,1854.68,0.0,1
M04091,1280.1399999999999,0.0,0,0.0,0.0,-843.3599999999999,0.0,0,0.0,0.0,436.78000000000003,0.0,0
M04092,0.0,0.0,0,0.0,0.0,1496.72,0.0,1,1.0,1.0,1496.72,0.0,1
M04093,330.4499999999998,0.09090909090909091,1,0.0,0.0,1587.2699999999995,-0.09090909090909091,0,0.0,0.0,4430.2699999999995,0.0,2
M04094,201.47,0.0,0,1.0,1.0,-201.47,0.0,0,0.5,0.0,0.0,0.0,0
M04095,0.0,0.0,0,0.0,0.0,3561.97,0.046511627906976744,1,1.0,1.0,3561.97,0.046511627906976744,1
M04096,-265.6099999999999,0.01260504201680672,0,0.0,0.0,893.3600000000001,-0.023809523809523808,0,0.0,0.0,2311.4700000000003,0.047619047619047616,1
M04097,266.69,0.0,0,0.5,0.0,28.599999999999966,0.0,0,0.5,0.0,367.77,0.0,1
M04098,-88.36,0.0,0,0.5,0.0,119.8,0.0,0,0.0,0.0,119.8,0.0,1
M04099,-566.1300000000001,-0.025487256371814093,0,0.5,0.0,1006.3499999999999,-0.007763975155279504,-1,0.5,0.0,3215.94,0.03571428571428571,0
M04100,254.11,0.0,0,0.0,0.0,-249.29,0.0,0,0.0,0.0,145.96,0.0,2
M04101,-397.2800000000001,-0.25,0,0.5,0.0,781.88,0.16666666666666666,0,0.0,0.0,1003.81,0.16666666666666666,0
M04102,1788.35,0.18181818181818182,0,0.0,0.0,-1174.6499999999999,-0.04848484848484849,0,0.0,0.0,1955.1000000000001,0.13333333333333333,1
M04103,251.82999999999993,0.09090909090909091,0,0.0,0.0,-493.06999999999994,-0.09090909090909091,0,0.0,0.0,788.48,0.0,0
M04104,1474.22,0.0,2,1.0,1.0,604.5699999999999,0.05263157894736842,-1,0.0,0.0,2078.79,0.05263157894736842,1
M04105,299.73,0.0,18,0.0,0.5,-218.32,0.0,0,0.0,0.5,260.8,0.0,18
M04106,-197.23000000000002,0.0,0,1.0,0.0,1261.15,0.0,0,0.0,0.0,1973.3500000000001,0.0,0
M04107,47.29,0.0,0,0.0,0.0,19.979999999999997,0.0,0,0.0,0.0,67.27,0.0,1
M04108,-115.55000000000004,0.0,0,0.0,0.0,32.47,0.0,0,0.0,0.0,216.76,0.0,1
M04109,1434.09,0.125,0,0.0,0.0,-1563.76,0.275,-1,0.0,0.0,510.03,0.4,1
M04110,0.0,0.0,0,0.0,0.0,243.18,0.0,0,0.0,0.0,243.18,0.0,0
M04111,1290.8200000000002,-0.07051282051282053,-1,0.5,0.0,-815.9700000000003,-0.08333333333333333,0,0.0,0.0,1722.6,0.0,0
M04112,61.22,0.0,-1,0.0,0.0,-8.310000000000002,0.0,0,0.0,0.0,52.91,0.0,0
M04113,-264.65999999999997,0.16666666666666666,0,0.0,0.0,1080.7199999999998,-0.16666666666666666,0,0.0,0.0,1477.07,0.0,1
M04114,-522.1899999999999,-0.07692307692307693,0,0.0,0.0,-514.98,0.0,2,0.0,0.0,312.42,0.0,3
M04115,-323.75,0.0,0,0.0,0.0,1552.16,0.0,0,0.0,0.0,1552.16,0.0,0
M04116,41.339999999999996,0.5,0,0.0,0.0,6.880000000000003,-0.5,0,0.0,0.0,48.22,0.0,2
M04117,87.34,0.0,0,0.0,0.0,-193.5,0.0,0,0.0,0.0,0.0,0.0,0
M04118,209.81999999999994,0.0,0,0.0,0.0,247.44999999999993,0.0,0,0.0,0.0,1201.08,0.0,1
M04119,580.4300000000001,0.0,0,0.0,0.0,-371.89,0.0,0,0.0,0.0,642.22,0.0,0
M04120,-48.11,0.0,1,0.0,0.0,20.289999999999992,0.0,1,0.0,0.0,90.02,0.0,3
M04121,0.0,0.0,0,0.0,0.0,1747.28,0.0,1,1.0,1.0,1747.28,0.0,1
M04122,-274.66999999999996,0.4,0,0.0,0.0,-21.58000000000004,-0.23333333333333336,0,0.0,0.0,296.29999999999995,0.16666666666666666,1
M04123,3.769999999999982,0.0,0,0.0,0.0,-614.0699999999999,0.0,0,0.5,0.0,275.97,0.0,1
M04124,85.53,1.0,1,0.0,0.0,293.58000000000004,-1.0,1,0.0,0.0,379.11,0.0,2
M04125,627.32,0.0,0,0.0,0.0,-393.86,0.25,0,0.0,0.0,372.59000000000003,0.25,0
M04126,-341.00999999999976,-0.06666666666666667,2,0.0,0.5,-557.0600000000001,0.0,0,0.5,0.0,939.07,0.0,3
M04127,-434.02,0.08333333333333333,0,0.5,0.5,-848.0799999999999,-0.08333333333333333,-1,0.5,0.0,251.98000000000002,0.0,10
M04128,0.0,0.0,0,0.0,0.0,2063.3,0.045454545454545456,1,1.0,1.0,2063.3,0.045454545454545456,1
M04129,3473.44,0.06060606060606061,2,1.0,1.0,4670.459999999999,-0.044212617983109784,0,0.0,0.0,8143.9,0.01639344262295082,2
M04130,998.95,0.0,1,1.0,1.0,656.8299999999999,0.1111111111111111,-1,0.0,0.0,1655.78,0.1111111111111111,0
M04131,-131.34,0.0,1,0.0,0.0,-87.53,0.0,0,0.0,0.0,0.0,0.0,1
M04132,0.0,0.0,0,0.0,0.0,544.14,0.0,2,1.0,1.0,544.14,0.0,2
M04133,453.9799999999999,0.0,0,0.0,0.0,32.430000000000064,0.0,0,0.0,0.0,1011.99,0.0,1
M04134,-45.31,0.0,0,0.0,0.0,-8.439999999999998,0.0,0,0.0,0.0,39.17,0.0,0
M04135,-26.629999999999995,0.0,0,0.0,0.0,272.43,0.0,1,0.0,0.0,494.67,0.0,2
M04136,708.8,0.42857142857142855,0,1.0,1.0,831.26,0.21428571428571436,0,0.0,0.0,1540.06,0.6428571428571429,0
M04137,0.0,0.0,0,0.0,0.0,7927.47,0.05970149253731343,5,1.0,1.0,7927.47,0.05970149253731343,5
M04138,-21.89,0.0,0,0.0,0.0,700.1,0.3333333333333333,0,0.0,0.0,700.1,0.3333333333333333,1
M04139,-137.62,0.0,-1,0.0,0.0,31.110000000000014,0.0,-1,0.0,0.0,225.39,0.0,0
M04140,-74.32,-0.3333333333333333,0,0.0,0.0,-92.0,0.0,0,0.0,0.0,341.04999999999995,0.0,0
M04141,258.94,0.0,0,1.0,1.0,787.3199999999999,0.0,0,0.0,0.0,1046.26,0.0,0
M04142,22.300000000000068,-0.125,0,0.0,0.0,514.38,0.0,0,0.0,0.0,1183.72,0.0,1
M04143,-24.090000000000032,-0.1111111111111111,1,0.0,0.0,-320.79,0.0,0,0.0,0.0,507.46999999999997,0.0,4
M04144,3211.96,0.02857142857142857,0,0.0,0.0,-1858.0500000000002,0.016883116883116885,2,0.5,0.0,2225.04,0.045454545454545456,2
M04145,-100.30999999999995,0.0,0,0.0,0.0,-1319.2200000000003,0.0,0,0.0,0.0,772.91,0.0,0
M04146,266.78,0.0,1,1.0,1.0,21053.440000000002,0.049723756906077346,0,0.5,0.0,21320.22,0.049723756906077346,1
M04147,518.9499999999999,0.125,0,0.0,0.0,-1040.69,-0.125,0,0.0,0.0,290.62,0.0,1
M04148,187.35000000000002,0.0,0,1.0,1.0,421.14,0.4,1,0.0,0.0,608.49,0.4,1
M04149,123.2,0.0,0,0.5,0.0,94.46999999999997,0.0,0,0.0,0.0,329.09,0.0,1
M04150,385.82000000000005,0.5,0,0.0,0.0,-398.89000000000004,-0.5,0,0.5,0.0,44.87,0.0,0
M04151,3005.84,0.04,4,0.0,1.0,-1849.4700000000003,-0.04,3,1.0,0.0,1156.37,0.0,7
M04152,-663.75,-0.06501547987616099,1,0.0,0.0,-237.23000000000002,-0.05263157894736842,2,0.5,0.0,1978.83,0.0,3
M04153,787.31,-0.1,0,0.0,0.0,-562.43,0.25,1,0.5,0.0,956.17,0.25,3
M04154,146.13000000000005,0.0,0,0.0,0.0,-424.88,0.0,0,0.0,0.0,172.08,0.0,1
M04155,258.85,0.0,0,0.0,0.0,-44.33000000000004,0.0,0,0.0,0.0,325.13,0.0,1
M04156,0.0,0.0,0,0.0,0.0,16471.2,0.05660377358490566,0,1.0,1.0,16471.2,0.05660377358490566,0
M04157,217.34,0.0,1,0.5,0.0,-217.34,0.0,0,0.5,0.0,0.0,0.0,2
M04158,360.3599999999997,0.0228494623655914,1,0.5,0.0,-402.8899999999999,-0.06451612903225806,-2,0.5,0.0,2103.31,0.0,1
M04159,-1160.08,-0.125,24,0.5,0.5,838.15,0.125,-3,0.5,0.5,929.48,0.125,23
M04160,-80.45000000000005,0.0,0,0.0,0.0,-225.74999999999997,0.0,0,0.0,0.0,34.16,0.0,0
M04161,-85.07000000000002,0.0,0,0.0,0.0,-92.99999999999999,0.0,0,0.0,0.0,84.29,0.0,0
M04162,351.95000000000005,0.0,0,0.0,0.0,34.15999999999997,0.0,1,0.5,0.0,446.57,0.0,1
M04163,41.559999999999945,0.2222222222222222,0,0.0,0.0,-435.9699999999998,-0.2222222222222222,0,0.0,0.0,764.19,0.0,0
M04164,119.38,0.0,0,0.0,0.0,-119.38,0.0,0,0.5,0.0,0.0,0.0,1
M04165,-1223.7199999999998,0.021428571428571422,0,0.0,0.0,2367.6800000000003,-0.08011583011583011,0,0.0,0.0,4537.56,0.02702702702702703,0
M04166,-25.27000000000001,-0.25,0,0.5,0.0,-39.54999999999998,0.3333333333333333,1,0.5,0.0,154.13,0.3333333333333333,1
M04167,-722.1400000000001,-0.16666666666666666,0,0.0,0.0,219.46000000000004,0.0,0,0.0,0.0,961.0,0.0,2
M04168,0.0,0.0,0,0.0,0.0,2376.57,0.038461538461538464,0,1.0,1.0,2376.57,0.038461538461538464,0
M04169,-2033.7500000000005,-0.009523809523809525,0,0.0,0.0,1831.5400000000004,0.046130952380952384,0,0.0,0.0,4528.93,0.09375,0
M04170,52.89999999999998,0.0,0,0.0,0.0,-5.089999999999975,0.3333333333333333,1,0.0,0.0,232.74,0.3333333333333333,2
M04171,237.41000000000003,0.0,1,0.0,0.0,-62.950000000000045,0.25,0,0.0,0.0,649.77,0.25,3
M04172,30.64,0.0,1,1.0,1.0,308.6,0.0,2,0.5,0.0,339.24,0.0,3
M04173,-87.45999999999998,0.2,0,0.0,0.0,399.9,-0.2,2,0.5,0.0,690.38,0.0,2
M04174,398.3699999999999,0.0,0,0.5,0.0,686.2599999999998,0.0,0,0.0,0.0,2354.95,0.0,0
M04175,358.1,0.0,1,1.0,1.0,428.8499999999999,0.15384615384615385,1,0.5,0.0,786.9499999999999,0.15384615384615385,2
M04176,527.9699999999993,-0.02207792207792207,0,0.0,0.0,-285.03999999999905,0.03949579831932773,0,0.0,0.0,7969.26,0.08235294117647059,3
M04177,-16.980000000000018,0.25,1,0.5,0.0,926.36,-0.25,-1,0.5,0.0,1634.78,0.0,1
M04178,0.0,0.0,-1,0.0,0.0,76.13,0.5,-1,1.0,0.0,76.13,0.5,26
M04179,574.6899999999998,-0.16666666666666666,1,0.5,0.0,884.1100000000001,0.06666666666666667,-1,0.5,0.0,1955.46,0.06666666666666667,2
M04180,30.22,0.0,-1,0.0,0.0,-30.22,0.0,1,0.0,0.0,0.0,0.0,1
M04181,108.82999999999998,0.0,-1,0.5,0.5,86.74000000000001,0.0,-3,0.5,0.0,249.84,0.0,24
M04182,187.66,0.0,0,0.0,0.0,-172.31,0.0,1,0.0,0.0,191.74,0.0,2
M04183,-112.19,0.2,0,0.0,0.0,499.50999999999993,-0.2,-1,0.0,0.0,948.1899999999999,0.0,1
M04184,-106.0,0.0,0,0.0,0.0,482.81999999999994,0.16666666666666666,0,0.0,0.0,753.66,0.16666666666666666,0
M04185,797.07,0.0,2,1.0,1.0,4622.71,0.03773584905660377,0,0.0,0.0,5419.78,0.03773584905660377,2
M04186,-370.83,0.0,0,0.0,0.0,163.19,0.0,0,0.0,0.0,163.19,0.0,1
M04187,41.07,0.0,0,1.0,1.0,-2.479999999999997,0.0,0,0.5,0.0,38.59,0.0,0
M04188,753.48,-0.0010752688172043015,-1,0.0,0.0,-912.96,-0.0019550342130987275,0,0.0,0.0,3121.62,0.030303030303030304,1
M04189,0.0,0.0,0,0.0,0.0,0.0,0.0,0,0.0,0.0,0.0,0.0,0
M04190,337.4,-0.14285714285714285,0,0.0,0.0,-949.1600000000001,0.0,0,0.0,0.0,237.82,0.0,1
M04191,-164.91000000000008,0.1090909090909091,0,0.0,0.0,227.23000000000002,0.0,0,0.0,0.0,759.06,0.2,0
M04192,-185.41999999999996,0.0,0,0.0,0.0,426.89,0.0,-1,0.0,0.0,586.25,0.0,0
M04193,-571.3,-0.08333333333333333,0,0.0,0.0,-105.33000000000004,0.0,0,0.0,0.0,576.41,0.0,0
M04194,320.55000000000007,0.2,0,0.0,0.0,95.63999999999999,-0.2,-1,0.0,0.0,640.32,0.0,0
M04195,-405.76,0.0,0,1.0,0.0,-405.76,0.16666666666666666,1,0.0,0.0,449.75,0.16666666666666666,4
M04196,-70.95999999999998,0.0,24,0.0,0.5,-116.59,0.3333333333333333,-2,0.0,0.5,175.46,0.3333333333333333,24
M04197,76.93,0.0,0,0.0,0.0,130.35999999999999,0.0,0,0.0,0.0,207.29,0.0,1
M04198,449.19000000000005,0.0,0,0.0,0.5,-498.90000000000003,0.0,-3,0.0,0.0,237.31,0.0,18
M04199,-433.17,0.0,0,0.0,0.0,315.02,0.0,0,0.0,0.0,315.02,0.0,0
M04200,-224.61,0.0,0,0.0,0.0,324.28,0.0,0,0.0,0.0,411.15999999999997,0.0,1
M04201,0.0,0.0,0,0.0,0.0,4861.69,0.04838709677419355,0,1.0,1.0,4861.69,0.04838709677419355,0
M04202,114.18000000000029,0.040485829959514164,0,0.0,0.0,692.7899999999995,0.0043859649122807015,1,0.5,0.0,4118.32,0.08333333333333333,2
M04203,2867.1800000000003,0.03225806451612903,14,0.0,0.5,1109.9999999999995,-0.0010080645161290314,-1,0.0,0.5,4114.65,0.03125,15
M04204,0.0,0.0,0,0.0,0.0,4529.74,0.046511627906976744,1,1.0,1.0,4529.74,0.046511627906976744,1
M04205,1094.67,0.0,0,0.0,0.0,459.03,0.11764705882352941,3,0.0,0.5,1584.24,0.11764705882352941,6
M04206,-709.8999999999999,0.0,0,0.0,0.0,1322.06,0.0,0,0.0,0.0,2595.5,0.0,0
M04207,1140.96,0.07692307692307693,1,0.0,0.0,-828.94,-0.07692307692307693,0,0.0,0.0,372.28,0.0,1
M04208,721.4499999999998,-0.056081081081081084,0,0.0,0.0,191.26000000000022,0.022619047619047615,1,0.5,0.0,4571.0,0.047619047619047616,1
M04209,-87.2,-1.0,0,0.0,0.0,-96.11,0.0,0,0.0,0.0,0.0,0.0,0
M04210,127.81000000000006,0.125,0,0.5,0.0,746.8100000000001,-0.024999999999999994,0,0.0,0.0,1436.91,0.1,0
M04211,-43.47999999999999,0.0,0,0.5,0.0,-147.34,0.0,0,0.5,0.0,0.0,0.0,0
M04212,107.92000000000007,0.125,0,0.0,0.0,-216.91000000000008,-0.013888888888888895,1,0.5,0.0,921.52,0.1111111111111111,1
M04213,-81.71000000000001,0.0,0,0.0,0.0,-27.32,0.0,0,0.0,0.0,0.0,0.0,0
M04214,402.27,0.0,0,1.0,1.0,12.060000000000002,0.3333333333333333,0,0.0,0.0,414.33,0.3333333333333333,0
M04215,61.6,0.0,0,0.0,0.0,-107.2,0.0,1,0.5,0.0,0.0,0.0,1
M04216,0.0,0.0,0,0.0,0.0,1426.76,0.06666666666666667,4,1.0,1.0,1426.76,0.06666666666666667,4
M04217,788.6699999999998,0.08333333333333333,0,0.0,0.0,-499.4599999999999,-0.08333333333333333,-1,0.0,0.0,682.38,0.0,0
M04218,-1315.7299999999996,-0.054964374942167105,0,0.0,0.0,-2367.1399999999994,-0.019801980198019802,0,0.0,0.0,8758.01,0.0,0
M04219,-253.32999999999998,0.0,1,0.0,0.0,399.56,0.14285714285714285,-1,0.0,0.0,571.74,0.14285714285714285,2
M04220,2298.0099999999998,0.06666666666666667,1,1.0,1.0,-365.2999999999997,0.004761904761904759,-1,0.0,0.0,1932.71,0.07142857142857142,0
M04221,463.8200000000001,0.0,0,0.0,0.0,-402.44000000000005,0.0,0,0.0,0.0,342.21000000000004,0.0,0
M04222,-328.2400000000001,0.0,0,0.0,0.0,129.08000000000015,0.0,0,0.0,0.0,774.6600000000001,0.0,0
M04223,-597.91,-0.2222222222222222,-1,0.5,0.0,580.0500000000001,0.09090909090909091,0,0.0,0.0,1154.44,0.09090909090909091,1
M04224,-689.2100000000003,0.0,0,0.5,0.0,473.53,0.08333333333333333,0,0.5,0.0,2294.29,0.08333333333333333,0
M04225,725.71,0.0,6,0.0,0.5,-292.76,0.5,0,0.0,0.5,432.95000000000005,0.5,7
M04226,54.6,0.0,0,0.0,0.0,-54.6,0.0,0,0.0,0.0,0.0,0.0,0
M04227,-404.80999999999995,-0.14285714285714285,0,0.0,0.0,644.43,0.09090909090909091,0,0.5,0.0,1138.52,0.09090909090909091,1
M04228,-119.67000000000002,0.0,1,0.0,0.0,-53.6,0.0,0,0.0,0.0,0.0,0.0,4
M04229,-543.1400000000003,0.044665012406947896,1,0.0,0.0,-87.12999999999965,0.038461538461538464,0,0.5,0.0,2246.78,0.11538461538461539,3
M04230,162.06,-0.3333333333333333,0,0.0,0.0,-314.55,0.0,0,0.0,0.0,28.33,0.0,2
M04231,212.95,0.5,0,0.0,0.0,-212.95,-0.5,-1,0.0,0.0,0.0,0.0,1
M04232,-628.9700000000012,-0.014573268921095013,4,0.5,0.0,-1485.2399999999998,-0.027947672443085284,-4,0.5,0.0,10977.4,0.01834862385321101,1
M04233,-315.3599999999999,0.0,0,0.0,0.0,286.93999999999994,0.0,0,0.0,0.0,518.03,0.0,1
M04234,-219.93,0.5,0,0.5,0.0,128.85000000000002,-0.5,-1,0.5,0.0,284.29,0.0,0
M04235,405.10000000000014,0.0625,0,0.0,0.0,-6.490000000000009,-0.0625,1,0.0,0.0,1596.47,0.0,1
M04236,-1213.82,0.1,0,0.0,0.0,-88.8900000000001,-0.1,1,0.5,0.0,669.81,0.0,1
M04237,-110.3599999999999,-0.0625,0,0.0,0.0,-180.51,0.0,2,0.5,0.0,1308.49,0.0,4
M04238,-155.38,0.0,1,0.5,0.0,0.0,0.0,-2,0.5,0.0,0.0,0.0,0
M04239,-111.40999999999985,-0.1388888888888889,0,0.0,0.0,-265.70000000000005,-0.08333333333333333,0,0.0,0.0,770.97,0.0,2
M04240,71.17000000000002,0.0,0,0.5,0.0,-30.319999999999993,0.0,0,0.5,0.0,216.11,0.0,0
M04241,-38.849999999999994,0.0,2,0.5,0.5,-49.07000000000001,0.0,0,0.5,0.5,98.86,0.0,2
M04242,-349.6400000000001,-0.25,0,0.0,0.0,-112.84999999999997,0.0,0,0.0,0.0,480.96999999999997,0.0,0
M04243,0.0,0.0,18,0.0,1.0,164.11,0.0,1,1.0,0.0,164.11,0.0,19
M04244,755.1699999999998,0.0,0,0.0,0.0,310.18000000000006,0.0,0,0.0,0.0,1930.51,0.0,2
M04245,-88.07000000000001,0.0,18,0.5,0.5,301.7,0.0,1,0.0,0.5,425.09,0.0,19
M04246,454.03,0.0,1,0.5,0.0,-760.01,0.0,-3,0.5,0.0,0.0,0.0,0
M04247,232.90000000000003,0.0,3,0.0,0.5,-677.01,0.0,0,0.0,0.5,0.0,0.0,3
M04248,0.0,0.0,0,0.0,0.0,848.8,0.0,2,1.0,1.0,848.8,0.0,2
M04249,-195.28999999999996,0.10416666666666666,0,0.0,0.0,1510.0600000000002,0.023809523809523808,0,0.0,0.0,2934.36,0.19047619047619047,0
M04250,97.27000000000001,1.0,0,0.0,0.0,-27.49000000000001,-1.0,0,0.0,0.0,69.78,0.0,1
M04251,203.45000000000002,0.0,2,1.0,1.0,-34.95000000000002,0.5,0,0.0,0.0,168.5,0.5,2
M04252,88.17999999999995,-0.2,-1,0.0,0.0,314.95000000000005,0.0,0,0.0,0.0,718.84,0.0,1
M04253,423.31,0.0,0,0.0,0.0,-424.53999999999996,0.25,0,0.0,0.0,288.35,0.25,0
M04254,1225.1200000000001,0.0,1,0.5,0.0,-821.0500000000002,0.2,0,0.5,0.0,1072.59,0.2,2
M04255,26.849999999999994,0.0,0,0.0,0.0,257.70000000000005,0.2,2,0.5,0.0,362.55,0.2,2
M04256,0.0,0.0,1,0.0,0.0,0.0,0.0,0,0.0,0.0,0.0,0.0,3
M04257,569.4200000000001,-0.11666666666666668,0,0.0,0.0,41.789999999999964,-0.08333333333333333,0,0.5,0.0,1176.18,0.0,0
M04258,-617.56,0.16,23,0.0,0.6666666666666666,1097.19,-0.10736842105263159,-27,0.5,0.5,3190.41,0.05263157894736842,25
M04259,0.0,0.0,0,0.0,0.0,1861.8,0.0,1,1.0,1.0,1861.8,0.0,1
M04260,0.0,0.0,0,0.0,0.0,1455.19,0.08333333333333333,3,1.0,1.0,1455.19,0.08333333333333333,3
M04261,15.02,0.0,0,1.0,1.0,620.29,0.0,0,0.0,0.0,635.31,0.0,0
M04262,-41.37000000000003,0.0,0,0.0,0.0,185.08,0.0,0,0.0,0.0,367.37,0.0,1
M04263,2573.41,0.0,0,1.0,1.0,462.80999999999995,0.037037037037037035,0,0.0,0.0,3036.22,0.037037037037037035,0
M04264,-387.23,0.0,0,0.0,0.0,243.61999999999998,0.2,0,0.0,0.0,482.39,0.2,1
M04265,115.45,0.0,0,0.0,0.0,-115.45,0.0,0,0.0,0.0,0.0,0.0,1
M04266,1128.3000000000002,0.037037037037037035,0,0.0,0.0,-393.3000000000002,-0.037037037037037035,0,0.0,0.0,2553.46,0.0,1
M04267,-35.120000000000005,0.016666666666666663,0,0.5,0.5,1210.4500000000003,-0.006410256410256401,-2,0.0,0.0,2139.57,0.07692307692307693,26
M04268,410.95,-0.14285714285714285,0,0.0,0.0,632.6,0.15384615384615385,0,0.0,0.0,1531.21,0.15384615384615385,0
M04269,229.39,0.0,0,0.0,0.0,-229.39,0.0,0,0.5,0.0,0.0,0.0,0
M04270,651.64,0.0,12,1.0,1.0,129.14,0.0,-2,0.5,0.5,780.78,0.0,10
M04271,-1504.3600000000001,0.011111111111111113,0,0.0,0.0,50.77999999999997,0.13333333333333336,-1,0.0,0.0,1733.01,0.2,1
M04272,0.0,0.0,0,0.0,0.0,3760.09,0.030303030303030304,3,1.0,1.0,3760.09,0.030303030303030304,3
M04273,-1004.24,-0.18181818181818182,1,0.0,0.0,119.40000000000003,0.0,0,0.0,0.0,607.21,0.0,2
M04274,222.87999999999988,-0.038277511961722493,0,0.0,0.0,585.8700000000001,-0.05263157894736842,1,0.0,0.0,2215.9,0.0,1
M04275,1444.32,0.07142857142857142,0,0.0,0.0,-1393.56,0.9285714285714286,0,0.0,0.0,91.89,1.0,3
M04276,-449.7999999999997,0.010964912280701754,0,0.0,0.0,-271.34000000000015,-0.05263157894736842,0,0.0,0.0,1554.54,0.0,2
M04277,842.67,0.0,0,0.0,0.0,-399.05999999999995,0.0,0,0.0,0.0,593.63,0.0,1
M04278,810.68,0.16666666666666666,29,0.5,0.5,-612.89,-0.16666666666666666,-3,0.5,0.5,464.15,0.0,27
M04279,-2080.8199999999997,0.125,0,0.0,0.0,-123.17000000000007,0.028846153846153855,1,0.0,0.0,834.1899999999999,0.15384615384615385,1
M04280,59.27,0.0,0,0.0,0.0,406.72,0.0,0,0.0,0.0,465.99,0.0,0
M04281,405.12,0.0,2,0.5,0.0,-91.07,0.0,0,0.5,0.0,314.05,0.0,2
M04282,279.32,0.0,0,0.0,0.0,-654.16,0.0,0,0.0,0.0,0.0,0.0,1
M04283,-343.72,-0.08333333333333333,0,0.0,0.0,35.97999999999979,0.0,1,0.0,0.0,1376.37,0.0,1
M04284,-635.02,-0.004166666666666666,0,0.0,0.0,-934.3699999999999,-0.0625,0,0.0,0.0,866.23,0.0,0
M04285,1325.0300000000002,0.0,0,0.5,0.0,-240.35000000000014,0.0,0,0.5,0.0,1385.08,0.0,1
M04286,-67.08999999999997,0.0,0,0.0,0.0,738.74,0.0,0,0.0,0.0,967.04,0.0,1
M04287,0.0,0.0,0,0.0,0.0,1245.34,0.1,0,1.0,1.0,1245.34,0.1,0
M04288,452.99,0.0,0,0.0,0.0,-195.15999999999997,0.0,0,0.0,0.0,519.98,0.0,1
M04289,121.34,0.3333333333333333,2,1.0,1.0,1609.23,-0.26666666666666666,0,0.0,0.0,1730.57,0.06666666666666667,2
M04290,-61.33,0.0,0,0.0,0.0,0.0,0.0,1,0.5,0.0,0.0,0.0,2
M04291,1034.73,0.0,0,0.0,0.0,-387.74,0.1111111111111111,0,0.0,0.0,957.23,0.1111111111111111,0
M04292,-3579.789999999999,-0.01756576756576756,0,0.0,0.0,-420.8199999999997,0.007687348112880028,1,0.0,0.0,15677.28,0.04964539007092199,3
M04293,-25.91,0.0,0,0.0,0.0,0.0,0.0,0,0.0,0.0,0.0,0.0,1
M04294,-328.97999999999996,-0.4,12,0.0,0.5,127.39000000000004,0.25,-2,0.5,0.5,375.22,0.25,10
M04295,669.0500000000002,0.0,1,0.0,0.0,-10.019999999999982,0.09090909090909091,0,0.0,0.0,1165.6200000000001,0.09090909090909091,1
M04296,-1226.12,0.0,28,0.0,0.5,803.9300000000001,0.0,-2,0.0,0.5,1417.72,0.0,26
M04297,6.829999999999998,0.0,0,0.0,0.0,-52.94,0.0,0,0.0,0.0,0.0,0.0,0
M04298,-235.7199999999999,0.125,1,0.0,0.0,695.4899999999999,-0.04166666666666667,-1,0.0,0.0,1418.55,0.08333333333333333,2
M04299,-62.81999999999999,0.0,0,0.0,0.0,496.26,0.0,0,0.0,0.0,666.1,0.0,1
M04300,-207.17,-0.16666666666666669,1,0.5,0.0,-141.81,-0.3333333333333333,0,0.0,0.0,21.64,0.0,2
M04301,-153.30999999999995,-0.006410256410256401,1,0.0,0.0,550.25,-0.014423076923076927,0,0.5,0.0,2063.04,0.0625,3
M04302,-260.6300000000001,-0.09090909090909091,1,0.0,0.0,-313.92999999999995,0.0,-2,0.0,0.0,807.11,0.0,0
M04303,169.48,0.0,0,0.5,0.0,59.75,0.0,0,0.0,0.0,229.23,0.0,1
M04304,-539.9399999999999,0.0,0,0.0,0.0,94.02,0.0,0,0.0,0.0,94.02,0.0,0
M04305,416.10999999999996,0.5,-1,0.0,0.0,-59.85999999999996,-0.5,0,0.0,0.0,395.36,0.0,0
M04306,-13.59,0.0,0,0.0,0.0,0.0,0.0,0,0.0,0.0,0.0,0.0,0
M04307,465.16999999999996,0.0,6,0.5,0.5,321.72,0.0,0,0.5,0.5,1672.93,0.0,6
M04308,-578.8199999999999,0.09090909090909091,1,0.5,0.0,-256.12,0.1948051948051948,0,0.0,0.0,523.59,0.2857142857142857,1
M04309,198.49,0.2857142857142857,0,0.5,0.0,-251.28000000000003,-0.2857142857142857,0,0.5,0.0,220.89,0.0,1
M04310,-57.400000000000034,0.0,0,0.0,0.0,-70.94999999999999,0.0,0,0.5,0.0,169.2,0.0,2
M04311,-343.9600000000001,0.0,-1,0.5,0.0,-16.19999999999999,0.0,0,0.0,0.0,491.75,0.0,1
M04312,-827.18,0.0,1,0.5,0.0,395.65999999999997,0.0,0,0.5,0.0,703.02,0.0,1
M04313,167.12,0.0,0,0.0,0.0,-189.61,0.0,0,0.0,0.0,89.37,0.0,1
M04314,426.98999999999995,0.0,0,0.0,0.0,-527.8,0.0,0,0.0,0.0,132.26,0.0,0
M04315,-73.78000000000002,-0.5,0,0.0,0.0,-86.83,0.0,2,0.0,0.0,0.0,0.0,3
M04316,647.5900000000001,0.0,0,0.0,0.0,1376.22,0.05555555555555555,-1,0.0,0.0,2585.13,0.05555555555555555,0
M04317,-598.0999999999999,-1.0,4,0.6666666666666666,0.5,819.7199999999999,0.0,-1,0.5,0.5,845.66,0.0,4
M04318,46.31,0.0,0,0.5,0.0,65.98,0.0,0,0.0,0.0,112.29,0.0,1
M04319,-442.20000000000005,0.0,0,0.0,0.0,944.76,0.0,2,0.5,0.0,1435.0,0.0,2
M04320,13.260000000000105,0.0,0,0.0,0.0,-361.4000000000001,0.0,0,0.0,0.0,253.24,0.0,1
M04321,-23.430000000000007,0.0,0,0.0,0.0,255.11,0.0,0,0.0,0.0,650.35,0.0,0
M04322,-58.670000000000016,-0.5,1,0.5,0.0,-103.33000000000001,0.0,-1,0.5,0.0,119.16,0.0,0
M04323,-178.80000000000007,0.2,0,0.5,0.0,-305.83,-0.2,0,0.5,0.0,203.05,0.0,0
M04324,-403.54,0.0,0,0.0,0.0,1342.13,0.09090909090909091,1,0.0,0.0,1674.5700000000002,0.09090909090909091,2
M04325,992.0699999999997,-0.0486815415821501,0,0.0,0.0,-1759.3699999999997,0.0024630541871921152,0,0.0,0.0,1357.66,0.07142857142857142,1
M04326,0.0,0.0,1,1.0,1.0,1041.52,0.07142857142857142,0,0.5,0.0,1041.52,0.07142857142857142,1
M04327,-281.37,0.5,0,0.0,0.0,172.38,-0.5,1,0.5,0.0,342.38,0.0,2
M04328,-65.52,0.0,0,0.0,0.0,0.0,0.0,0,0.0,0.0,0.0,0.0,1
M04329,-89.25999999999999,0.0,1,0.0,0.0,-45.21,0.0,-1,0.0,0.0,0.0,0.0,0
M04330,-671.91,-0.2222222222222222,0,0.0,0.0,456.90999999999997,0.16666666666666666,0,0.0,0.0,1005.0799999999999,0.16666666666666666,1
M04331,505.82,0.0,1,1.0,1.0,1723.59,0.045454545454545456,0,0.0,0.0,2229.41,0.045454545454545456,1
M04332,-31.579999999999984,1.0,0,0.0,0.0,432.85,-1.0,-1,0.0,0.0,655.09,0.0,0
M04333,58.539999999999964,0.25,0,0.0,0.0,920.0500000000002,-0.25,0,0.0,0.0,1195.63,0.0,0
M04334,251.83,0.0,0,0.0,0.0,220.24,0.25,0,0.0,0.0,573.98,0.25,1
M04335,936.43,-0.07575757575757575,0,0.0,0.0,289.1700000000001,0.0,1,0.0,0.0,1862.43,0.09090909090909091,2
M04336,-260.81999999999994,0.0,0,0.0,0.0,75.3900000000001,-0.07142857142857142,0,0.5,0.0,1449.68,0.0,1
M04337,0.0,0.0,0,0.0,0.0,0.0,0.0,0,0.0,0.0,0.0,0.0,0
M04338,1467.5399999999997,0.05,0,0.5,0.0,-1539.7799999999997,0.033333333333333326,1,0.5,0.0,1236.42,0.08333333333333333,1
M04339,252.46,0.5,1,1.0,1.0,1229.3799999999999,-0.5,0,0.0,0.0,1481.84,0.0,1
M04340,-98.63000000000001,0.0,1,0.5,0.0,129.26999999999998,0.3333333333333333,0,0.5,0.0,213.76,0.3333333333333333,2
M04341,-211.99,0.0,0,0.0,0.5,530.65,0.25,-1,0.0,0.0,530.65,0.25,15
M04342,123.90999999999997,0.0,0,0.0,0.0,-86.09999999999991,0.125,0,0.0,0.0,640.3000000000001,0.125,0
M04343,115.34999999999997,0.3333333333333333,0,0.0,0.0,-245.26999999999998,-0.3333333333333333,0,0.0,0.0,190.81,0.0,1
M04344,20.519999999999996,0.0,0,0.0,0.0,246.98999999999998,0.0,0,0.0,0.0,331.46,0.0,0
M04345,-184.70999999999998,0.0,-1,0.0,0.0,-43.19000000000001,0.0,-1,0.0,0.0,73.1,0.0,1
M04346,145.3,0.0,1,1.0,1.0,338.39,0.0,0,0.5,0.0,483.69,0.0,1
M04347,480.59000000000015,-0.0050167224080267525,0,0.5,0.0,371.3499999999999,0.044871794871794865,0,0.0,0.0,3339.54,0.08333333333333333,3
M04348,-68.03000000000009,0.0,0,0.0,0.0,-559.4999999999999,0.0,2,0.5,0.0,31.87,0.0,2
M04349,0.0,0.0,0,0.0,0.0,23475.77,0.03333333333333333,0,1.0,1.0,23475.77,0.03333333333333333,0
M04350,-108.30999999999995,0.0,0,0.0,0.0,-76.67000000000007,0.2,0,0.0,0.0,563.02,0.2,0
M04351,1501.85,0.08695652173913043,0,0.0,0.0,-1569.17,0.03804347826086957,0,0.0,0.0,690.06,0.125,2
M04352,126.0,0.0,0,0.0,0.0,303.4,0.0,0,0.0,0.0,429.4,0.0,0
M04353,547.8299999999999,0.0,1,0.0,0.0,-310.42999999999995,0.0,0,0.5,0.0,387.88,0.0,3
M04354,-507.43,0.0,2,0.0,0.0,385.45,0.0,0,0.5,0.0,385.45,0.0,2
M04355,49.61,0.0,0,0.5,0.0,48.89,0.0,1,0.5,0.0,98.5,0.0,2
M04356,0.0,0.0,0,1.0,1.0,511.43,0.0,0,0.0,0.0,511.43,0.0,0
M04357,-690.99,0.5,0,0.5,0.0,918.9300000000001,-0.40909090909090906,0,0.0,0.0,1308.25,0.09090909090909091,1
M04358,427.38,-0.2857142857142857,0,0.0,0.0,-554.81,0.0,0,0.0,0.0,397.59000000000003,0.0,2
M04359,-60.24,-1.0,-1,0.5,0.5,193.9,0.0,-3,0.5,0.0,193.9,0.0,26
M04360,-711.37,-0.14285714285714285,0,0.0,0.0,-160.97000000000003,0.2,0,0.0,0.0,354.4,0.2,1
M04361,-642.6600000000001,0.0,0,0.0,0.5,695.75,0.0,-1,0.0,0.0,1084.08,0.0,10
M04362,-102.83999999999997,0.0,24,0.0,0.5,197.28000000000003,0.0,-4,0.0,0.5,351.35,0.0,20
M04363,-139.03999999999996,0.0,0,0.5,0.0,21.310000000000002,0.0,0,0.5,0.0,96.76,0.0,2
M04364,399.80000000000007,0.1,0,0.0,0.0,-37.40999999999997,0.024999999999999994,3,0.5,0.0,926.95,0.125,3
M04365,0.0,0.0,0,0.5,0.0,0.0,0.0,0,0.0,0.0,0.0,0.0,0
M04366,1002.5199999999999,0.0,0,0.0,0.0,-1343.33,0.0,0,0.5,0.0,207.32999999999998,0.0,1
M04367,-1404.4499999999994,-0.11627906976744186,0,0.0,0.0,894.8499999999999,0.024390243902439025,0,0.0,0.0,4395.13,0.024390243902439025,1
M04368,0.0,0.0,0,0.0,0.0,0.0,0.0,4,1.0,1.0,0.0,0.0,4
M04369,197.80999999999995,-0.019480519480519487,0,0.5,0.0,648.1000000000001,-0.07142857142857142,0,0.0,0.0,1929.92,0.0,0
M04370,687.63,-0.024999999999999994,0,0.0,0.0,-320.8799999999999,-0.1,0,0.0,0.0,1093.16,0.0,0
M04371,507.63,0.0,0,0.0,0.0,-400.97,0.0,0,0.0,0.0,106.66,0.0,2
M04372,0.0,0.0,0,0.0,0.0,2931.16,0.0,3,1.0,1.0,2931.16,0.0,3
M04373,692.1299999999999,0.050980392156862744,27,0.0,0.5,-807.3399999999999,-0.046218487394957986,-1,0.0,0.5,1339.26,0.07142857142857142,27
M04374,122.77000000000001,0.0,1,0.0,0.0,-124.82000000000001,0.0,1,0.0,0.0,77.39,0.0,2
M04375,224.68,0.0,0,0.0,0.0,346.71000000000004,0.0,0,0.0,0.0,615.47,0.0,0
M04376,116.52999999999997,-0.125,0,0.0,0.0,-86.09999999999991,0.0,0,0.5,0.0,832.95,0.0,0
M04377,73.3900000000001,0.0625,0,0.5,0.0,-139.82000000000016,-0.0625,1,0.0,0.0,1805.3899999999999,0.0,2
M04378,-357.68,0.0,-1,0.0,0.0,351.01,0.0,-1,0.0,0.0,441.27,0.0,3
M04379,493.6500000000001,0.0,5,0.0,0.6666666666666666,-894.02,0.0,-21,0.0,0.5,117.45,0.0,7
M04380,25.18,0.0,0,0.0,0.0,86.92,0.0,0,0.0,0.0,144.56,0.0,0
M04381,-744.3499999999999,0.0,0,0.0,0.0,-786.2,0.0,0,0.0,0.0,8.54,0.0,1
M04382,175.6800000000003,0.05263157894736842,0,0.0,0.0,-1333.6000000000004,-0.05263157894736842,0,0.0,0.0,928.1,0.0,1
M04383,-103.00999999999996,0.0,0,0.5,0.0,-135.15,0.0,0,0.5,0.0,61.5,0.0,0
M04384,1387.37,0.0,25,0.0,0.5,-1089.02,0.0,-2,0.0,0.5,416.47,0.0,25
M04385,421.88,0.0,1,0.0,0.0,-491.03999999999996,0.25,0,0.0,0.0,257.96000000000004,0.25,1
M04386,70.97,0.0,0,0.0,0.0,-34.730000000000004,0.0,0,0.0,0.0,70.24,0.0,2
M04387,497.95000000000005,0.25,25,0.0,0.5,-170.12,-0.25,-1,0.0,0.5,327.83000000000004,0.0,26
M04388,1582.6099999999997,0.047619047619047616,1,0.0,0.0,847.3100000000004,0.05238095238095239,0,0.0,0.0,3209.26,0.1,2
M04389,-483.87000000000035,0.12820512820512822,0,0.5,0.0,1530.2700000000004,-0.08933002481389579,0,0.0,0.0,4748.01,0.06451612903225806,0
M04390,-217.25,0.0,1,0.5,0.0,190.36,0.0,0,0.5,0.0,190.36,0.0,1
M04391,-53.00999999999999,-0.08333333333333333,0,0.0,0.0,-237.43999999999994,0.09090909090909091,0,0.0,0.0,990.64,0.09090909090909091,1
M04392,590.52,0.14285714285714285,0,0.0,0.0,-506.79999999999995,-0.14285714285714285,0,0.0,0.0,973.9200000000001,0.0,1
M04393,-40.84,0.0,4,0.0,0.5,0.0,0.0,2,0.5,0.5,0.0,0.0,8
M04394,3.240000000000009,0.0,0,0.0,0.0,572.8299999999999,0.4,0,0.0,0.0,724.5999999999999,0.4,0
M04395,504.6500000000001,0.0,5,0.5,0.5,-202.10000000000008,0.0,-1,0.5,0.5,361.67,0.0,5
M04396,-1302.1400000000003,-0.03773584905660377,0,0.0,0.0,1152.9800000000005,0.0392156862745098,1,0.0,0.0,5727.34,0.0392156862745098,1
M04397,-2259.77,-0.06954887218045112,-1,0.0,0.0,1172.6799999999998,0.01984126984126984,1,0.0,0.0,4053.79,0.05555555555555555,1
M04398,72.24,0.0,0,0.0,0.0,16.63000000000001,1.0,0,0.0,0.0,88.87,1.0,3
M04399,22.98,0.0,1,0.0,0.0,-22.98,0.0,0,0.0,0.0,0.0,0.0,3
M04400,497.47,0.09090909090909091,0,0.0,0.0,431.03999999999996,-0.03208556149732621,0,0.0,0.0,1839.06,0.058823529411764705,0
M04401,0.0,0.0,0,0.0,0.0,2984.5099999999998,0.03571428571428571,3,1.0,1.0,2984.5099999999998,0.03571428571428571,3
M04402,1464.2200000000003,0.06969696969696969,0,0.0,0.0,-1523.0500000000002,-0.13636363636363635,0,0.0,0.0,1638.5,0.0,1
M04403,0.0,0.0,0,0.0,0.0,377.56,0.0,-1,1.0,0.0,377.56,0.0,13
M04404,0.0,0.0,0,0.0,0.0,2401.5299999999997,0.08333333333333333,2,1.0,1.0,2401.5299999999997,0.08333333333333333,2
M04405,29.75,0.0,17,0.0,0.5,-29.75,0.0,-4,0.0,0.5,0.0,0.0,16
M04406,703.6700000000001,-0.3333333333333333,0,0.0,0.0,31.089999999999918,0.0,0,0.0,0.0,941.5699999999999,0.0,1
M04407,802.96,0.0,2,1.0,1.0,-395.07000000000005,0.0,0,0.5,0.0,407.89,0.0,2
M04408,125.25,-0.02990430622009569,0,0.0,0.0,1949.2299999999996,0.011171032357473035,0,0.0,0.0,6321.9,0.03389830508474576,0
M04409,-1278.81,-0.1,-1,0.0,0.0,40.73000000000002,0.042857142857142844,0,0.0,0.0,652.12,0.14285714285714285,1
M04410,655.4300000000001,0.25,0,0.0,0.0,8.289999999999964,0.0,-1,0.5,0.0,714.73,0.25,2
M04411,765.48,-0.5,0,0.0,0.0,94.31000000000006,0.14285714285714285,0,0.0,0.0,941.09,0.14285714285714285,1
M04412,158.37999999999994,-0.3333333333333333,0,0.0,0.0,-318.5799999999999,0.0,1,0.0,0.0,309.6,0.0,3
M04413,-133.47000000000003,0.0,0,0.5,0.0,-76.28,0.0,1,0.0,0.0,46.55,0.0,1
M04414,1710.3100000000004,0.013636363636363634,0,0.0,0.0,656.1099999999997,-0.01900149031296572,1,0.0,0.0,7285.04,0.04918032786885246,3
M04415,-1123.02,0.058823529411764705,0,0.0,0.0,-1075.4,-0.058823529411764705,0,0.0,0.0,2945.46,0.0,0
M04416,718.24,0.0,0,0.5,0.0,-528.55,0.0,0,0.5,0.0,189.69,0.0,1
M04417,1023.0,0.0,0,0.0,0.0,-162.39999999999986,0.0,0,0.0,0.0,1095.39,0.0,1
M04418,686.2799999999997,0.023143683702989387,0,0.5,0.0,1536.9400000000005,-0.035813366960907936,0,0.0,0.0,7066.47,0.046153846153846156,1
M04419,-694.5099999999998,0.006521739130434787,0,0.0,0.0,-997.4300000000001,0.00555555555555555,0,0.0,0.0,1263.16,0.05555555555555555,2
M04420,-189.07999999999998,0.0,30,0.0,0.5,326.46999999999997,0.0,-3,0.0,0.5,461.76,0.0,28
M04421,-320.09999999999997,0.0,0,0.0,0.0,473.46000000000004,0.0,2,0.5,0.0,495.51000000000005,0.0,2
M04422,-121.56,0.0,0,0.5,0.0,155.82,0.0,0,0.0,0.0,155.82,0.0,1
M04423,694.36,0.0,-1,0.0,0.5,1062.6099999999997,0.0625,-3,0.0,0.0,2754.0699999999997,0.0625,18
M04424,-718.9200000000003,-0.03333333333333333,-1,0.0,0.0,526.03,0.0,-1,0.0,0.0,2408.1,0.0,1
M04425,0.0,0.0,0,0.0,0.0,5739.28,0.03773584905660377,2,1.0,1.0,5739.28,0.03773584905660377,2
M04426,149.74,0.0,0,0.0,0.0,946.5600000000001,0.0,0,0.0,0.0,1928.8700000000001,0.0,0
M04427,-135.38,0.0,0,0.0,0.0,305.8399999999999,0.125,0,0.0,0.0,849.8,0.125,1
M04428,-70.82,0.0,1,0.0,0.0,563.26,0.0,0,0.0,0.0,563.26,0.0,2
M04429,0.0,0.0,0,0.0,0.0,2500.32,0.058823529411764705,0,1.0,1.0,2500.32,0.058823529411764705,0
M04430,-364.69,0.0,0,0.5,0.0,-12.75,1.0,-1,0.5,0.0,38.75,1.0,1
M04431,-112.55999999999995,0.06593406593406592,0,0.0,0.0,-574.3400000000001,-0.14285714285714285,0,0.0,0.0,903.77,0.0,1
M04432,-52.989999999999995,0.0,0,0.5,0.0,161.49,0.0,0,0.0,0.0,224.38,0.0,2
M04433,-335.40999999999985,0.0,3,0.5,0.0,32.190000000000055,0.0,0,0.5,0.0,1235.6100000000001,0.0,3
M04434,505.8299999999999,-0.1,0,0.0,0.0,-1065.0700000000002,0.0,0,0.0,0.0,1538.6,0.0,0
M04435,103.73000000000008,-0.16666666666666666,1,0.5,0.0,762.01,0.0,0,0.0,0.0,1357.19,0.0,1
M04436,-653.07,0.0,0,0.0,0.0,452.34000000000003,0.0,0,0.0,0.0,664.49,0.0,0
M04437,353.5300000000001,0.125,0,0.0,0.0,-6.920000000000073,-0.125,0,0.0,0.0,1134.02,0.0,3
M04438,650.2399999999998,0.011942174732872401,0,0.0,0.0,-1.8099999999994907,-0.09302325581395349,0,0.0,0.0,4740.01,0.0,1
M04439,579.7,0.0,0,0.0,0.0,102.83000000000015,0.16666666666666666,0,0.0,0.0,1053.6100000000001,0.16666666666666666,2
M04440,-1007.78,-0.2,0,0.5,0.0,239.20999999999998,0.0,-2,0.5,0.0,699.53,0.0,0
M04441,-7081.67,-0.07246376811594203,-1,0.0,0.5,426.31000000000006,0.0,0,0.5,0.0,1232.96,0.0,4
M04442,0.0,0.0,0,0.0,0.0,4094.88,0.0,1,1.0,1.0,4094.88,0.0,1
M04443,-54.28,0.0,0,0.5,0.0,42.36,0.0,0,0.5,0.0,42.36,0.0,0
M04444,0.0,0.0,0,0.0,0.0,855.27,0.3333333333333333,0,0.0,0.0,855.27,0.3333333333333333,0
M04445,153.2099999999998,-0.08333333333333333,0,0.0,0.0,668.5200000000002,0.08333333333333333,0,0.0,0.0,1997.16,0.08333333333333333,0
M04446,485.72,0.0,0,1.0,1.0,-290.6,0.0,0,0.0,0.0,195.12,0.0,0
M04447,-1152.1600000000003,-0.006034482758620688,0,0.0,0.0,747.0700000000002,-0.06896551724137931,0,0.0,0.0,3493.79,0.0,0
M04448,-616.0099999999993,-0.030350601779173203,0,0.0,0.5,1625.92,-0.03276353276353276,-1,0.0,0.0,5619.89,0.018518518518518517,14
M04449,408.89,0.0,0,1.0,0.0,-410.93999999999994,0.0,0,0.0,0.0,516.49,0.0,0
M04450,275.98,0.0,25,0.0,0.5,-118.56000000000003,0.0,-1,0.0,0.5,157.42,0.0,25
M04451,86.82999999999998,0.0,0,0.5,0.0,-10.030000000000001,0.0,0,0.5,0.0,119.32,0.0,1
M04452,491.62,0.0,0,0.0,0.0,-429.37,0.0,0,0.0,0.0,62.25,0.0,2
M04453,1177.06,-0.04,0,0.0,0.0,-1233.3400000000001,0.0,0,0.0,0.0,2524.39,0.0,0
M04454,-147.47,0.0,1,0.0,0.0,0.0,0.0,0,0.0,0.0,0.0,0.0,4
M04455,-1781.5099999999998,-0.125,1,0.0,0.0,70.44999999999993,0.0,0,0.0,0.0,770.0999999999999,0.0,1
M04456,-2113.32,-0.06896551724137931,0,0.0,0.0,1336.8200000000002,0.029411764705882353,0,0.5,0.0,3700.21,0.029411764705882353,1
M04457,1764.77,0.09523809523809523,0,0.5,0.0,620.2700000000002,0.029761904761904767,0,0.5,0.0,2529.32,0.125,0
M04458,-350.90000000000003,0.0,0,0.0,0.0,1012.0,0.0,2,0.0,0.0,1509.06,0.0,2
M04459,-25.33000000000004,0.0,0,0.0,0.0,-547.13,0.0,0,0.0,0.0,196.97,0.0,0
M04460,-3413.82,0.06497948016415869,0,0.0,0.0,2523.6,-0.04379084967320262,0,0.0,0.0,5571.75,0.044444444444444446,0
M04461,322.7799999999999,0.0,0,0.5,0.0,-786.5799999999999,0.0,0,0.0,0.0,0.0,0.0,1
M04462,16.670000000000073,-0.14285714285714285,0,0.0,0.0,-850.02,0.0,0,0.0,0.0,953.04,0.0,0
M04463,74.12,0.0,0,0.0,0.0,592.05,0.0,0,0.5,0.0,729.1,0.0,1
M04464,0.0,0.0,0,0.0,0.0,58.66,1.0,0,0.0,0.0,58.66,1.0,0
M04465,-303.06,0.3333333333333333,0,0.0,0.0,2.0399999999999636,-0.3333333333333333,0,0.0,0.0,400.84,0.0,2
M04466,-231.52999999999997,0.0,0,0.0,0.0,278.34000000000003,0.125,0,0.0,0.0,731.59,0.125,0
M04467,112.38000000000002,0.0,0,0.5,0.0,429.1599999999999,0.0,0,0.0,0.0,674.8299999999999,0.0,0
M04468,133.62,0.0,0,0.0,0.0,-102.91000000000003,0.0,0,0.0,0.0,364.07,0.0,2
M04469,-170.89,0.0,0,0.0,0.0,612.1600000000001,0.09090909090909091,0,0.0,0.0,1175.68,0.09090909090909091,0
M04470,671.3300000000002,-0.1,-1,0.5,0.0,-537.0600000000002,0.07142857142857142,0,0.0,0.0,1525.53,0.07142857142857142,0
M04471,-640.0200000000002,0.0,0,0.0,0.0,-209.14999999999992,0.3333333333333333,0,0.0,0.0,285.69000000000005,0.3333333333333333,2
M04472,774.0399999999997,0.11904761904761904,-1,0.0,0.0,-993.1299999999998,-0.2857142857142857,0,0.0,0.0,257.85,0.0,0
M04473,-913.66,0.0,0,0.0,0.0,171.1,0.0,0,0.0,0.0,171.1,0.0,0
M04474,190.5300000000001,0.08571428571428569,0,0.5,0.0,187.39,-0.2857142857142857,0,0.5,0.0,996.5,0.0,1
M04475,385.28,-0.007936507936507936,1,0.5,0.0,296.1800000000003,0.06776556776556777,0,0.5,0.0,2469.7000000000003,0.11538461538461539,1
M04476,-1994.6800000000003,-0.01639344262295082,0,0.0,0.0,-1863.8900000000003,0.16666666666666666,0,0.5,0.0,1618.9099999999999,0.16666666666666666,1
M04477,165.05,0.0,1,0.0,0.0,-257.38,0.0,0,0.0,0.0,0.0,0.0,2
M04478,851.0500000000002,0.05225281602002503,0,0.0,0.0,1288.75,-0.07352941176470588,0,0.0,0.0,7696.27,0.0,0
M04479,756.93,0.0,0,0.5,0.0,-639.01,0.0,0,0.5,0.0,117.91999999999999,0.0,1
M04480,0.0,0.0,0,0.0,0.5,0.0,0.0,-1,0.0,0.0,0.0,0.0,13
M04481,-6.2099999999999795,0.0,0,0.0,0.0,-267.07,0.0,1,0.0,0.0,0.0,0.0,1
M04482,-89.57999999999998,0.0,0,0.0,0.0,486.90999999999997,0.0,0,0.0,0.0,543.66,0.0,2
M04483,940.8,0.0,0,0.0,0.0,-83.15999999999997,0.1,0,0.0,0.0,875.1,0.1,1
M04484,-307.5,0.0,1,0.0,0.0,635.15,0.2,-1,0.0,0.0,695.3,0.2,1
M04485,215.92000000000007,0.25,0,0.0,0.0,32.229999999999905,-0.25,0,0.0,0.0,802.93,0.0,0
M04486,0.0,0.0,0,0.0,0.0,682.54,0.25,1,0.5,0.0,682.54,0.25,1
M04487,-241.95999999999998,-0.3333333333333333,0,0.0,0.0,178.62,0.0,0,0.0,0.0,178.62,0.0,0
M04488,30.750000000000007,0.0,0,0.5,0.0,269.36999999999995,0.0,0,0.0,0.0,336.90999999999997,0.0,1
M04489,816.13,-0.004761904761904759,0,0.0,0.0,1113.79,0.020289855072463767,0,0.0,0.0,2729.1,0.08695652173913043,1
M04490,0.0,0.0,0,0.0,0.0,13291.119999999999,0.056910569105691054,1,1.0,0.0,13291.119999999999,0.056910569105691054,29
M04491,-47.92999999999938,-0.028726287262872623,27,0.0,0.5,-469.8600000000006,0.02532299741602067,-1,0.0,0.5,4727.83,0.06976744186046512,28
M04492,1415.6499999999999,-0.03208556149732621,0,0.0,0.0,-881.1599999999999,0.0661764705882353,0,0.0,0.0,1722.46,0.125,0
M04493,-39.49999999999994,0.0,0,0.0,0.0,155.07,0.0,0,0.0,0.0,605.36,0.0,1
M04494,316.68999999999994,-0.5,0,0.0,0.0,-356.78999999999996,0.0,0,0.0,0.0,0.0,0.0,1
M04495,333.1300000000001,-0.14285714285714285,0,0.5,0.0,-995.35,0.0,0,0.5,0.0,434.9,0.0,0
M04496,-233.89,0.0,0,0.0,0.0,1242.55,0.0,4,0.0,0.5,1242.55,0.0,4
M04497,3708.77,0.05263157894736842,1,1.0,1.0,-2164.7,-0.05263157894736842,0,0.0,0.0,1544.07,0.0,1
M04498,-1190.4799999999996,0.019593613933236578,0,0.0,0.0,190.28999999999996,0.0032051282051282007,0,0.0,0.0,5070.96,0.041666666666666664,1
M04499,-95.00999999999999,0.0,0,0.0,0.0,640.08,0.0,1,0.5,0.0,954.44,0.0,2
M04500,-595.3600000000006,-0.010488176964149502,-1,0.5,0.0,-1491.0,0.017889492753623188,1,0.0,0.0,6750.5599999999995,0.046875,4
M04501,0.0,0.0,3,1.0,1.0,408.29,0.0,-2,0.0,0.0,408.29,0.0,1
M04502,-520.6800000000002,-0.1111111111111111,1,0.5,0.0,-166.77999999999997,0.1111111111111111,-1,0.5,0.0,797.68,0.1111111111111111,0
M04503,294.18999999999994,0.0,1,0.5,0.0,-563.8299999999999,0.0,0,0.5,0.0,538.02,0.0,3
M04504,0.0,0.0,0,1.0,1.0,410.39,0.0,0,0.0,0.0,410.39,0.0,0
M04505,-22.340000000000146,0.03409090909090909,0,0.0,0.0,1501.1100000000001,-0.00735294117647059,0,0.0,0.0,2279.94,0.11764705882352941,1
M04506,-1400.38,0.09222222222222222,0,0.0,0.0,-375.0500000000002,-0.07652173913043478,0,0.0,0.0,2369.41,0.043478260869565216,0
M04507,0.0,0.0,0,0.0,0.0,23050.76,0.06862745098039216,0,1.0,1.0,23050.76,0.06862745098039216,0
M04508,-183.86000000000013,0.0,0,0.0,0.0,-1263.4099999999999,0.0,0,0.0,0.0,659.57,0.0,0
M04509,0.0,0.0,0,0.0,0.0,0.0,0.0,0,0.0,0.0,0.0,0.0,1
M04510,879.18,0.0,0,0.0,0.0,-471.9499999999998,0.0,0,0.0,0.0,1057.5500000000002,0.0,1
M04511,253.11999999999998,0.25,0,0.0,0.0,1305.57,-0.19444444444444445,0,0.0,0.0,1771.1,0.05555555555555555,0
M04512,-886.95,0.0,0,0.0,0.0,132.24999999999997,0.0,2,0.0,0.0,298.53,0.0,3
M04513,467.36,0.0,0,0.0,0.0,-90.08000000000004,0.0,1,0.0,0.0,377.28,0.0,1
M04514,155.2700000000001,0.0,0,0.0,0.0,-747.0500000000001,0.0,0,0.0,0.0,0.0,0.0,1
M04515,231.47000000000003,0.0,1,0.0,0.0,-223.80999999999995,0.0,0,0.0,0.0,649.48,0.0,2
M04516,-1037.57,-0.1,0,0.0,0.0,213.93000000000006,0.0,0,0.0,0.0,1735.71,0.0,1
M04517,325.6199999999999,0.047619047619047616,0,0.0,0.0,-144.03999999999996,-0.08333333333333333,1,0.0,0.0,2854.59,0.0,1
M04518,-27.629999999999995,0.0,0,0.0,0.0,-39.39,0.0,0,0.0,0.0,0.0,0.0,1
M04519,-427.91999999999996,0.0,0,0.0,0.0,14.5,0.0,-1,0.0,0.0,197.37,0.0,2
M04520,75.84,0.0,0,0.0,0.0,-75.84,0.0,0,0.0,0.0,0.0,0.0,1
M04521,1032.8600000000001,0.02142857142857143,24,0.0,0.5,2254.68,-0.013664596273291925,-8,0.0,0.5,5845.7,0.043478260869565216,20
M04522,-585.1099999999999,0.08333333333333333,0,0.0,0.0,405.80999999999995,0.11666666666666668,0,0.0,0.0,1495.79,0.2,3
M04523,0.0,0.0,2,1.0,1.0,123.68,1.0,0,0.0,0.0,123.68,1.0,2
M04524,302.9,0.0,-3,0.5,0.0,-652.39,0.0,0,0.0,0.0,342.9,0.0,2
M04525,-128.24,0.0,0,0.5,0.0,395.95000000000005,0.0,0,0.5,0.0,592.35,0.0,1
M04526,355.55,0.0,1,0.5,0.0,-197.15,0.0,-1,0.5,0.0,158.4,0.0,2
M04527,267.82000000000016,-0.1,0,0.0,0.0,-145.34000000000015,0.0,0,0.0,0.0,2374.79,0.0,1
M04528,-199.92000000000007,-0.021176470588235297,0,0.0,0.0,72.76000000000022,-0.058823529411764705,1,0.5,0.0,2300.53,0.0,3
M04529,-404.61,-0.1111111111111111,-1,0.0,0.0,887.02,0.0,1,0.0,0.0,1215.01,0.0,3
M04530,452.11000000000007,0.0,0,0.5,0.0,-420.97,0.0,0,0.0,0.0,94.22,0.0,1
M04531,-203.04,0.0,0,0.0,0.0,116.57,0.0,0,0.0,0.0,116.57,0.0,1
M04532,0.0,0.0,0,0.0,0.0,1229.9,0.1,3,1.0,1.0,1229.9,0.1,3
M04533,-28.039999999999992,0.0,0,0.5,0.0,296.76,0.0,-1,0.5,0.0,346.73,0.0,1
M04534,343.9599999999999,-0.2,-1,0.5,0.0,-663.55,0.0,0,0.0,0.0,39.89,0.0,0
M04535,426.87999999999994,0.0,0,0.5,0.0,592.58,0.09090909090909091,0,0.0,0.0,1484.51,0.09090909090909091,0
M04536,-289.15,0.0,1,0.0,0.0,0.0,0.0,1,0.5,0.0,0.0,0.0,3
M04537,76.51,0.0,0,0.0,0.0,99.11999999999999,0.0,0,0.5,0.0,175.63,0.0,0
M04538,-239.93000000000006,0.25,0,0.0,0.0,-448.56999999999994,-0.25,0,0.0,0.0,123.26,0.0,0
M04539,-262.8900000000003,0.08333333333333333,-1,0.5,0.0,-388.6899999999996,0.04166666666666667,0,0.0,0.0,2354.57,0.125,1
M04540,120.25999999999999,-0.08333333333333333,0,0.5,0.0,-633.87,-0.08333333333333333,-1,0.5,0.0,794.64,0.0,0
M04541,42.95,0.0,2,1.0,1.0,708.55,0.0,0,0.0,0.0,751.5,0.0,2
M04542,11.959999999999923,0.0,-2,0.5,0.0,-272.12,0.0,0,0.0,0.0,533.76,0.0,0
M04543,0.0,0.0,0,0.0,0.0,2797.66,0.05555555555555555,1,1.0,1.0,2797.66,0.05555555555555555,1
M04544,2253.04,0.043478260869565216,0,1.0,1.0,263.9499999999998,-0.043478260869565216,0,0.5,0.0,2516.99,0.0,0
M04545,1071.26,0.0,0,0.5,0.0,-620.0,0.0,0,0.5,0.0,658.3,0.0,0
M04546,2263.36,0.0,0,0.5,0.0,1206.1799999999998,0.034482758620689655,0,0.0,0.0,4229.91,0.034482758620689655,1
M04547,57.37,0.0,1,0.0,0.0,-57.37,0.0,2,0.5,0.0,0.0,0.0,3
M04548,632.31,0.0,0,0.0,0.0,-315.7299999999999,0.0,0,0.0,0.0,316.58000000000004,0.0,1
M04549,-96.98000000000002,0.0,0,0.0,0.0,1273.08,0.0,0,0.0,0.0,1586.95,0.0,0
M04550,146.93999999999994,0.25,0,0.5,0.0,-186.58000000000004,-0.25,0,0.0,0.0,750.78,0.0,1
M04551,3229.4799999999996,0.0027006172839506223,0,0.0,0.0,-3673.51,-0.01837546816479401,0,0.0,0.0,8204.06,0.033707865168539325,0
M04552,187.45,0.0,1,0.0,0.0,-226.19,0.0,0,0.0,0.0,0.0,0.0,2
M04553,228.29999999999998,0.0,27,0.0,0.5,383.75,0.2,-1,0.0,0.5,612.05,0.2,26
M04554,2.3700000000000045,0.0,0,0.0,0.0,-139.94,0.0,0,0.0,0.0,167.74,0.0,0
M04555,-313.72,0.0,0,0.5,0.0,-112.72,0.0,0,0.5,0.0,133.81,0.0,1
M04556,133.2800000000002,0.020979020979020976,0,0.0,0.0,-514.2799999999997,-0.05128205128205128,0,0.0,0.0,3367.51,0.0,0
M04557,1178.71,0.06666666666666667,0,0.0,0.0,-227.01,-0.06666666666666667,0,0.0,0.0,1901.43,0.0,1
M04558,0.0,0.0,0,0.0,0.0,0.0,0.0,0,0.0,0.0,0.0,0.0,0
M04559,469.69000000000005,0.0,0,0.5,0.0,-502.9800000000005,0.029411764705882353,0,0.5,0.0,3575.5099999999998,0.029411764705882353,1
M04560,1003.5,0.12121212121212122,0,0.0,0.0,-989.5700000000002,-0.03787878787878789,0,0.0,0.0,2727.45,0.08333333333333333,1
M04561,-390.92,0.0,0,0.5,0.0,193.79000000000002,0.0,0,0.0,0.0,585.09,0.0,0
M04562,436.12,0.0,0,0.0,0.0,-335.17,0.0,1,0.0,0.0,100.95,0.0,2
M04563,-22.860000000000014,-0.2,0,0.5,0.0,964.15,0.0,1,0.5,0.0,1309.55,0.0,1
M04564,1386.79,0.0,1,1.0,1.0,-378.2599999999999,0.0,-1,0.0,0.0,1008.5300000000001,0.0,0
M04565,-611.0500000000002,0.0,-1,0.5,0.0,174.3900000000001,0.05263157894736842,0,0.0,0.0,1988.99,0.05263157894736842,1
M04566,0.0,0.0,1,1.0,1.0,185.94,0.0,0,0.5,0.0,185.94,0.0,1
M04567,263.3399999999999,0.3333333333333333,0,0.0,0.0,-382.99999999999994,-0.3333333333333333,0,0.0,0.0,119.68,0.0,0
M04568,639.3399999999997,0.11764705882352941,0,0.0,0.0,352.8900000000003,-0.11764705882352941,0,0.0,0.0,2567.05,0.0,1
M04569,1111.12,-0.15922619047619047,0,0.0,0.0,-1079.25,0.08413461538461539,1,0.0,0.0,2153.95,0.11538461538461539,1
M04570,686.0799999999999,0.0,0,1.0,1.0,646.94,0.0,1,0.0,0.0,1333.02,0.0,1
M04571,2065.01,-0.11813186813186814,0,0.5,0.0,-1636.12,-0.03571428571428571,0,0.0,0.0,1729.73,0.0,0
M04572,664.03,0.125,1,0.0,0.0,-527.03,-0.125,-1,0.0,0.0,502.49,0.0,2
M04573,1917.55,0.2,0,0.0,0.0,-714.1500000000001,-0.1,-1,0.5,0.0,2412.33,0.1,0
M04574,1212.22,0.125,0,0.5,0.0,-980.2500000000001,-0.125,1,0.0,0.0,354.14,0.0,1
M04575,292.7099999999999,0.14285714285714285,0,0.0,0.0,-829.9899999999999,-0.14285714285714285,0,0.0,0.0,392.08000000000004,0.0,0
M04576,324.55000000000007,0.0,0,0.0,0.0,-435.46000000000004,0.0,0,0.0,0.0,0.0,0.0,2
M04577,687.1799999999998,0.0,0,0.0,0.0,-102.5,0.0,1,0.5,0.0,1402.61,0.0,2
M04578,-87.81,0.0,14,0.5,0.5,79.05,0.0,1,0.5,0.5,79.05,0.0,15
M04579,1410.53,0.5714285714285714,3,1.0,1.0,1115.4399999999998,0.02857142857142858,0,0.0,0.0,2525.97,0.6,3
M04580,205.82,0.3333333333333333,1,0.5,0.0,-205.31,-0.3333333333333333,0,0.5,0.0,130.7,0.0,1
M04581,44.039999999999964,0.0,0,0.5,0.0,-21.43999999999994,0.0,-1,0.0,0.0,493.11,0.0,0
M04582,202.79000000000002,0.0,0,0.5,0.0,-341.36,0.0,0,0.0,0.0,93.37,0.0,0
M04583,-682.52,-0.25,0,0.5,0.0,164.45000000000005,0.0,0,0.5,0.0,303.73,0.0,0
M04584,719.76,0.0,0,0.0,0.0,38.039999999999964,0.0,0,0.0,0.0,1294.32,0.0,1
M04585,0.0,0.0,0,0.0,0.0,4944.95,0.045454545454545456,0,1.0,1.0,4944.95,0.045454545454545456,0
M04586,1565.01,-0.07777777777777778,0,0.0,0.0,-1479.85,0.029166666666666667,0,0.0,0.0,2071.96,0.0625,2
M04587,0.0,0.0,28,0.0,1.0,55.66,0.0,-2,1.0,0.0,55.66,0.0,26
M04588,-658.25,0.0,0,0.0,0.0,-90.69,0.0,1,0.5,0.0,0.0,0.0,2
M04589,-473.21,0.0,0,0.5,0.0,-198.79000000000002,0.0,0,0.5,0.0,0.0,0.0,1
M04590,-250.63000000000002,0.0,0,0.0,0.0,-11.97,0.0,0,0.0,0.0,0.0,0.0,0
M04591,-5695.5,0.04166666666666666,2,0.5,0.0,358.1500000000001,-0.10416666666666666,1,0.5,0.0,1399.2,0.0625,4
M04592,1823.62,-0.0625,0,0.0,0.0,-1158.8599999999997,0.0,0,0.0,0.0,2529.59,0.0,1
M04593,135.11,0.0,4,0.5,0.5,-63.26000000000002,0.0,-3,0.5,0.5,71.85,0.0,5
M04594,-5012.99,0.031165311653116527,0,0.0,0.0,-408.6199999999999,-0.010101010101010097,0,0.5,0.0,2242.76,0.045454545454545456,0
M04595,-715.9100000000001,0.06666666666666667,0,0.0,0.0,599.5699999999999,-0.06666666666666667,0,0.0,0.0,1941.33,0.0,2
M04596,254.69000000000003,-1.0,0,0.0,0.0,-125.09000000000003,0.0,1,0.0,0.0,173.13,0.0,2
M04597,60.24,0.0,0,0.0,0.0,97.5,0.0,0,0.0,0.0,157.74,0.0,0
M04598,0.0,0.0,0,0.0,0.5,0.0,0.0,5,0.0,0.5,0.0,0.0,6
M04599,0.0,0.0,0,0.0,0.0,1496.5900000000001,0.0,0,1.0,1.0,1496.5900000000001,0.0,0
M04600,351.74999999999994,0.0,1,0.0,0.0,323.19000000000005,0.0,0,0.0,0.0,988.49,0.0,3
M04601,8.420000000000073,-0.125,0,0.0,0.0,234.00999999999993,0.0,0,0.0,0.0,659.77,0.0,0
M04602,-276.85,0.0,0,0.0,0.0,29.309999999999995,0.0,0,0.0,0.0,79.08,0.0,0
M04603,-386.98999999999995,0.0,0,0.5,0.0,48.1,1.0,0,0.0,0.0,105.89,1.0,0
M04604,14.629999999999995,0.0,25,0.5,0.5,99.69999999999993,0.0,0,0.0,0.5,706.4499999999999,0.0,25
M04605,317.02,0.2,0,0.0,0.0,290.94000000000005,-0.2,0,0.0,0.0,1188.43,0.0,1
M04606,0.0,0.0,0,0.0,0.0,0.0,0.0,1,0.5,0.0,0.0,0.0,2
M04607,106.62,0.0,3,0.0,0.5,191.55,0.0,0,0.0,0.0,298.17,0.0,7
M04608,432.80999999999995,0.0,0,0.0,0.0,-635.46,0.19117647058823528,0,0.0,0.0,1430.04,0.25,2
M04609,128.28,0.0,1,0.0,0.0,190.60999999999999,0.25,-1,0.0,0.0,318.89,0.25,2
M04610,1608.92,0.05555555555555555,3,0.0,0.5,-1650.0,-0.05555555555555555,0,0.0,0.5,18.54,0.0,6
M04611,-272.13,0.0,0,0.0,0.0,90.56,0.0,0,0.0,0.0,90.56,0.0,0
M04612,-847.1200000000001,-0.11764705882352941,0,0.0,0.0,692.1099999999999,0.16666666666666666,0,0.0,0.0,1957.04,0.16666666666666666,1
M04613,0.0,0.0,0,0.0,0.0,88.69,0.0,0,0.0,0.0,88.69,0.0,0
M04614,-240.72,0.0,0,0.0,0.0,241.97,0.0,0,0.0,0.0,267.88,0.0,0
M04615,-2020.77,0.0,0,0.0,0.0,1465.3400000000001,0.10526315789473684,0,0.0,0.0,2202.44,0.10526315789473684,0
M04616,493.21,0.08333333333333333,0,0.0,0.0,227.6500000000001,0.13095238095238093,-1,0.0,0.0,1190.93,0.21428571428571427,0
M04617,-149.61,0.0,0,0.0,0.0,157.9,0.0,0,0.0,0.0,212.75,0.0,0
M04618,203.64,0.0,0,0.5,0.0,-197.53999999999996,0.0,-1,0.0,0.0,89.17,0.0,2
M04619,-226.5,-0.2,0,0.0,0.0,-284.47,0.0,0,0.5,0.0,36.28,0.0,1
M04620,-47.53,0.0,0,0.0,0.0,0.0,0.0,-1,0.0,0.0,0.0,0.0,1
M04621,1130.01,0.0,1,1.0,1.0,-368.94000000000005,0.0,0,0.0,0.0,761.0699999999999,0.0,1
M04622,137.40000000000003,0.2,0,0.0,0.0,-224.62000000000003,-0.2,0,0.0,0.0,98.35,0.0,0
M04623,118.46000000000004,0.3333333333333333,0,0.0,0.0,-210.22000000000003,-0.3333333333333333,0,0.0,0.0,231.38,0.0,0
M04624,251.54999999999995,0.06666666666666667,0,0.0,0.0,-653.1599999999999,0.010256410256410262,0,0.0,0.0,1418.65,0.07692307692307693,1
M04625,-135.28,0.0,0,0.0,0.0,0.0,0.0,0,0.0,0.0,0.0,0.0,3
M04626,74.85,0.0,0,1.0,1.0,503.49,0.0,0,0.0,0.0,578.34,0.0,0
M04627,276.53999999999996,0.0,0,0.0,0.0,-435.2299999999999,0.0,0,0.0,0.0,133.33,0.0,0
M04628,200.79,0.0,0,0.0,0.0,-190.6,0.0,1,0.0,0.0,210.79,0.0,2
M04629,-798.49,0.0,0,0.0,0.0,476.38,0.0,0,0.0,0.0,494.1,0.0,1
M04630,65.93,0.0,0,0.0,0.0,-324.89,0.0,0,0.0,0.0,108.42999999999999,0.0,1
M04631,-317.31999999999994,0.0,-1,0.5,0.0,-11.030000000000001,0.0,0,0.0,0.0,19.32,0.0,1
M04632,366.42,0.25,0,0.5,0.0,-207.43,-0.25,0,0.5,0.0,158.99,0.0,1
M04633,183.49,0.0,0,0.0,0.0,232.09999999999997,0.0,0,0.0,0.0,415.59,0.0,0
M04634,239.66,0.0,0,0.0,0.0,-239.66,0.0,0,0.0,0.0,0.0,0.0,0
M04635,1225.86,-0.08658008658008659,0,0.0,0.0,-747.4899999999998,-0.09523809523809523,0,0.0,0.0,1563.17,0.0,2
M04636,-579.7699999999999,0.07500000000000001,0,0.0,0.0,284.37,-0.2,0,0.0,0.0,742.2,0.0,1
M04637,60.019999999999996,0.0,0,0.5,0.0,71.68,0.0,0,0.0,0.0,163.0,0.0,0
M04638,-276.27,0.018796992481203006,0,0.0,0.0,744.8299999999999,-0.07142857142857142,0,0.0,0.0,2459.1,0.0,1
M04639,591.1800000000001,0.09090909090909091,-1,0.0,0.5,-564.6800000000001,-0.09090909090909091,-2,0.0,0.0,576.98,0.0,26
M04640,0.0,0.0,0,0.0,0.0,852.28,0.0,0,0.0,0.0,852.28,0.0,1
M04641,-136.47,0.0,-1,0.5,0.0,0.0,0.0,-1,0.0,0.0,0.0,0.0,1
M04642,-165.22,0.0,0,0.5,0.0,182.62,0.0,0,0.0,0.0,182.62,0.0,1
M04643,156.36000000000013,-0.16666666666666666,-1,0.0,0.5,-194.0300000000001,0.125,-1,0.0,0.0,901.08,0.125,13
M04644,-10.470000000000027,0.1893939393939394,0,0.0,0.0,-969.56,-0.2727272727272727,0,0.0,0.0,426.42,0.0,1
M04645,45.459999999999994,0.0,0,0.0,0.0,-65.97,0.0,0,0.0,0.0,0.0,0.0,1
M04646,-183.3599999999999,0.14285714285714285,0,0.0,0.0,-62.8900000000001,-0.14285714285714285,0,0.0,0.0,536.3,0.0,1
M04647,26.419999999999845,0.0,0,0.5,0.0,525.3800000000001,0.07692307692307693,1,0.5,0.0,1592.67,0.07692307692307693,1
M04648,-598.9499999999998,0.0682261208576998,0,0.0,0.0,-193.47000000000003,-0.049707602339181284,0,0.0,0.0,1350.45,0.05555555555555555,1
M04649,0.0,0.0,0,0.0,0.0,4404.8,0.023255813953488372,2,1.0,1.0,4404.8,0.023255813953488372,2
M04650,154.73000000000002,0.07692307692307693,0,0.0,0.0,-127.61999999999989,-0.010256410256410262,-1,0.5,0.0,2909.06,0.06666666666666667,0
M04651,0.0,0.0,0,1.0,1.0,3987.38,0.03571428571428571,0,0.0,0.0,3987.38,0.03571428571428571,0
M04652,0.0,0.0,0,0.0,0.0,3026.65,0.03225806451612903,1,1.0,1.0,3026.65,0.03225806451612903,1
M04653,14.680000000000007,-0.25,0,0.0,0.0,-107.12,0.0,4,0.5,0.0,318.75,0.0,4
M04654,-1178.19,0.0,0,0.0,0.0,338.6600000000001,0.0,0,0.0,0.0,1428.05,0.0,0
M04655,48.18000000000001,0.0,0,0.0,0.0,-58.410000000000004,0.0,0,0.0,0.0,15.54,0.0,0
M04656,125.07,-0.25,0,0.0,0.0,-365.78,0.0,0,0.5,0.0,47.22,0.0,2
M04657,1557.39,0.0,-2,0.5,0.0,-1178.12,0.0,0,0.0,0.0,775.3100000000001,0.0,0
M04658,-1436.5099999999998,-0.0228494623655914,0,0.0,0.0,1778.17,-0.041666666666666664,0,0.0,0.0,3889.9900000000002,0.0,3
M04659,55.289999999999964,0.0,0,0.0,0.0,-111.89999999999998,0.0,0,0.0,0.0,81.44,0.0,1
M04660,-1586.1200000000001,0.0,0,0.0,0.0,1428.66,0.0,0,0.0,0.0,1682.2,0.0,1
M04661,-267.93,0.0,0,0.5,0.0,252.83999999999997,0.0,0,0.0,0.0,391.53,0.0,0
M04662,322.03999999999996,-0.08333333333333333,0,0.0,0.0,-377.5999999999999,0.0,0,0.0,0.0,1104.6100000000001,0.0,0
M04663,390.68999999999994,0.0,-1,0.0,0.5,-916.86,0.0,-1,0.5,0.0,0.0,0.0,26
M04664,-1091.94,-0.058823529411764705,0,0.0,0.0,-5.300000000000068,0.0,0,0.0,0.0,963.51,0.0,1
M04665,-264.05999999999995,0.0,1,0.5,0.0,289.46999999999997,0.0,-2,0.5,0.0,430.71,0.0,0
M04666,250.48999999999998,0.0,0,0.0,0.0,-279.27,0.0,0,0.0,0.0,0.0,0.0,0
M04667,7.340000000000003,0.25,0,0.0,0.0,345.82000000000005,-0.25,0,0.0,0.0,590.87,0.0,1
M04668,-1018.95,0.024509803921568624,0,0.0,0.0,658.8400000000001,-0.08333333333333333,0,0.0,0.0,1665.38,0.0,1
M04669,-583.05,0.0,0,0.0,0.0,17.910000000000004,0.0,0,0.0,0.0,64.62,0.0,1
M04670,280.28,0.0,0,0.0,0.0,-280.28,0.0,0,0.5,0.0,0.0,0.0,3
M04671,787.4200000000002,0.125,0,0.0,0.0,-666.1800000000002,-0.125,0,0.0,0.0,533.4,0.0,1
M04672,0.0,0.0,17,0.0,1.0,888.13,0.2,-2,1.0,0.0,888.13,0.2,15
M04673,3922.97,0.03333333333333333,2,1.0,1.0,4875.01,0.020000000000000004,0,0.0,0.0,8797.98,0.05333333333333334,2
M04674,3778.28,0.029411764705882353,3,1.0,1.0,2843.35,0.02719200887902331,-1,0.5,0.0,6621.63,0.05660377358490566,2
M04675,-222.2199999999998,0.13333333333333333,0,0.0,0.0,-1193.85,-0.13333333333333333,1,0.0,0.0,862.42,0.0,1
M04676,-416.58000000000004,-0.2,0,0.0,0.0,352.51,0.0,0,0.5,0.0,520.51,0.0,1
M04677,0.0,0.0,6,1.0,1.0,8166.91,0.02197802197802198,0,0.0,0.0,8166.91,0.02197802197802198,6
M04678,773.69,0.012987012987012991,-1,0.0,0.0,78.13999999999987,0.013468013468013462,0,0.0,0.0,3059.29,0.07407407407407407,1
M04679,136.43,0.0,1,1.0,1.0,269.42,0.25,0,0.0,0.0,405.85,0.25,1
M04680,1411.08,0.03546910755148741,0,0.0,0.0,-1369.8599999999997,-0.043233082706766915,0,0.0,0.0,3074.7200000000003,0.03571428571428571,0
M04681,-107.38,0.0,1,0.0,0.0,-40.56000000000002,0.0,0,0.0,0.0,120.29,0.0,2
M04682,-415.6700000000001,-0.3333333333333333,1,0.0,0.0,77.23999999999998,0.0,0,0.0,0.0,129.89,0.0,1
M04683,-371.47,0.0,1,0.0,0.0,180.25,0.0,-1,0.0,0.0,180.25,0.0,2
M04684,518.75,0.0,0,0.0,0.0,191.66999999999996,0.3333333333333333,0,0.0,0.0,926.3,0.3333333333333333,0
M04685,1317.54,0.0,0,0.0,0.0,-1594.24,0.0,0,0.0,0.0,140.01,0.0,0
M04686,-29.990000000000002,0.0,0,0.0,0.0,-19.61,0.0,0,0.0,0.0,25.4,0.0,0
M04687,-225.33999999999997,0.0,0,0.5,0.0,-429.29,0.0,-1,0.5,0.0,46.77,0.0,0
M04688,-176.59,0.0,0,0.0,0.0,0.0,0.0,0,0.0,0.0,0.0,0.0,1
M04689,111.75,0.3333333333333333,0,1.0,1.0,1156.6399999999999,-0.3333333333333333,0,0.5,0.0,1268.3899999999999,0.0,0
M04690,104.28999999999996,-0.013888888888888888,0,0.0,0.0,777.6000000000004,-0.005952380952380952,0,0.5,0.0,2802.2200000000003,0.03571428571428571,0
M04691,139.25,0.5,1,0.0,0.0,-142.66000000000003,-0.5,0,0.0,0.0,42.7,0.0,1
M04692,292.81000000000006,-0.06593406593406592,0,0.0,0.0,1234.0699999999997,-0.07692307692307693,1,0.0,0.0,2309.47,0.0,1
M04693,382.52999999999986,0.1111111111111111,0,0.5,0.0,-944.3499999999999,-0.1111111111111111,0,0.0,0.0,81.51,0.0,0
M04694,149.84000000000003,0.0,0,0.0,0.0,87.52999999999997,0.0,0,0.0,0.0,696.52,0.0,1
M04695,839.3199999999999,0.0,19,1.0,1.0,-601.78,0.0,0,0.0,0.5,237.54000000000002,0.0,19
M04696,53.31999999999999,0.0,0,0.0,0.0,-110.25,0.0,0,0.5,0.0,154.31,0.0,0
M04697,30.959999999999923,0.0,0,0.0,0.0,609.0000000000002,0.0,0,0.0,0.0,1160.3200000000002,0.0,1
M04698,-290.72,0.0,0,0.0,0.0,2343.19,0.0,3,0.0,0.5,2387.46,0.0,5
M04699,-14.169999999999987,0.0,0,0.0,0.0,-162.85,0.0,0,0.0,0.0,0.0,0.0,0
M04700,-153.94,0.0,0,0.0,0.0,43.03999999999999,0.0,0,0.0,0.0,104.35,0.0,1
M04701,56.85000000000002,-0.25,0,0.0,0.0,884.53,0.0,0,0.0,0.0,1240.01,0.0,2
M04702,-1295.0799999999997,-0.12307692307692308,0,0.0,0.0,-411.5600000000002,0.0,-1,0.0,0.0,1051.81,0.07692307692307693,2
M04703,-2358.6000000000004,-0.03571428571428571,0,0.0,0.0,327.27,0.0,0,0.0,0.0,984.51,0.0,0
M04704,-26.079999999999927,-0.0625,0,0.0,0.0,637.3799999999999,0.05263157894736842,0,0.0,0.0,1837.3,0.05263157894736842,2
M04705,-533.1300000000001,0.1,0,0.5,0.0,-474.93000000000006,-0.1,0,0.0,0.0,617.03,0.0,1
M04706,76.99000000000001,0.0,-1,0.0,0.5,404.1199999999999,0.0,-1,0.0,0.0,844.1099999999999,0.0,10
M04707,-247.15999999999997,-0.2,26,0.0,0.6666666666666666,-314.24,0.0,-12,0.0,0.6666666666666666,79.63,0.0,14
M04708,-263.02000000000004,0.0,0,0.5,0.0,103.84000000000002,0.5,-1,0.0,0.0,198.36,0.5,0
M04709,448.35,0.0,0,0.0,0.0,-385.1700000000001,0.0,0,0.0,0.0,177.89999999999998,0.0,1
M04710,-92.68,0.0,0,0.0,0.0,413.63000000000005,0.0,1,0.0,0.0,778.59,0.0,3
M04711,-59.650000000000006,0.0,0,0.0,0.0,-194.76,0.0,0,0.0,0.0,0.0,0.0,0
M04712,-438.69,0.0,0,0.0,0.0,167.15,0.0,0,0.0,0.0,191.15,0.0,1
M04713,67.15,0.0,0,0.0,0.0,-67.15,0.0,0,0.0,0.0,0.0,0.0,0
M04714,0.0,0.0,0,0.0,0.0,38.39,0.0,-1,0.5,0.0,38.39,0.0,0
M04715,552.96,0.0,2,1.0,1.0,2223.81,0.03571428571428571,0,0.0,0.0,2776.77,0.03571428571428571,2
M04716,1012.22,0.0,0,0.0,0.0,-1055.46,0.0,1,0.0,0.0,0.0,0.0,3
M04717,-162.32,0.0,0,0.0,0.0,-49.879999999999995,0.0,0,0.0,0.0,55.69,0.0,2
M04718,645.21,0.0,0,1.0,1.0,-204.33000000000004,0.0,0,0.0,0.0,440.88,0.0,0
M04719,-247.7,0.0,0,0.5,0.0,0.0,0.0,-2,0.5,0.0,0.0,0.0,1
M04720,-385.6299999999999,-0.05,0,0.0,0.0,730.9100000000001,0.045454545454545456,2,0.5,0.0,2385.57,0.045454545454545456,3
M04721,112.34,0.0,0,0.5,0.0,13.469999999999999,0.0,0,0.5,0.0,125.81,0.0,0
M04722,24.81000000000003,0.0,0,0.0,0.0,1030.46,0.0,0,0.0,0.0,1205.17,0.0,1
M04723,0.0,0.0,0,0.0,0.0,239.19,0.3333333333333333,2,1.0,1.0,239.19,0.3333333333333333,2
M04724,178.49,0.16666666666666666,0,0.0,0.0,-33.39999999999998,-0.16666666666666666,-1,0.0,0.0,687.13,0.0,0
M04725,-2.7100000000000364,0.0,0,0.0,0.0,-596.77,0.0,0,0.0,0.0,149.5,0.0,0
M04726,29.160000000000025,0.0,17,0.0,0.5,6.170000000000016,0.0,-2,0.0,0.5,342.74,0.0,16
M04727,-590.19,0.004166666666666666,19,0.5,0.5,282.53,-0.06666666666666667,-3,0.5,0.5,1378.61,0.0,17
M04728,-3.049999999999997,0.0,0,0.0,0.0,-79.14,0.0,0,0.0,0.0,0.0,0.0,0
M04729,-45.73,0.0,2,0.5,0.0,88.83,0.0,0,0.5,0.0,88.83,0.0,3
M04730,-725.4300000000001,-0.14285714285714285,-1,0.0,0.0,246.50000000000006,0.0,0,0.0,0.0,489.83000000000004,0.0,0
M04731,104.78999999999996,0.043478260869565216,0,0.0,0.0,429.87000000000035,-0.043478260869565216,0,0.0,0.0,3052.0200000000004,0.0,0
M04732,248.17000000000004,0.0,0,0.0,0.0,284.79999999999995,0.0,0,0.0,0.0,674.63,0.0,1
M04733,0.0,0.0,0,0.0,0.0,8064.76,0.11594202898550725,2,1.0,1.0,8064.76,0.11594202898550725,2
M04734,-19.360000000000014,0.0,0,0.0,0.0,283.08000000000004,0.0,0,0.0,0.0,582.98,0.0,0
M04735,450.64999999999986,0.007177033492822962,0,0.0,0.0,-546.04,-0.05263157894736842,0,0.0,0.0,1852.48,0.0,0
M04736,327.34000000000003,0.0,0,1.0,1.0,663.6,0.0,0,0.0,0.0,990.94,0.0,0
M04737,302.6100000000001,-0.024242424242424246,0,0.0,0.0,-732.5800000000002,-0.06666666666666667,0,0.0,0.0,481.57,0.0,1
M04738,168.08,0.0,0,0.0,0.5,-168.08,0.0,-3,0.0,0.0,0.0,0.0,25
M04739,98.38,1.0,0,0.5,0.0,-98.38,-1.0,0,0.0,0.0,0.0,0.0,4
M04740,2334.13,0.07407407407407407,-1,0.5,0.0,-1411.58,-0.015250544662309365,1,0.5,0.0,1280.81,0.058823529411764705,3
M04741,473.06999999999994,0.11764705882352941,-1,0.0,0.0,151.98999999999978,-0.07219251336898395,0,0.0,0.0,2327.0299999999997,0.045454545454545456,2
M04742,1084.5599999999995,0.02253804191788688,0,0.0,0.0,4207.640000000001,0.007221542227662178,0,0.0,0.0,12789.53,0.042105263157894736,0
M04743,-121.64000000000001,0.0,0,0.0,0.0,377.89,0.0,0,0.0,0.0,419.65,0.0,0
M04744,-614.52,0.08333333333333334,0,0.0,0.0,-383.31000000000006,-0.25,-1,0.0,0.0,782.12,0.0,0
M04745,-242.26,0.0,0,0.0,0.0,0.0,0.0,0,0.0,0.0,0.0,0.0,0
M04746,0.0,0.0,0,1.0,1.0,230.92000000000002,0.0,0,0.0,0.0,230.92000000000002,0.0,0
M04747,-44.44,0.0,0,0.0,0.0,244.8,0.25,1,0.0,0.0,328.09000000000003,0.25,3
M04748,661.41,0.1111111111111111,0,1.0,1.0,934.7299999999999,-0.1111111111111111,0,0.5,0.0,1596.1399999999999,0.0,0
M04749,296.44,0.0,1,0.0,0.0,-296.44,0.0,0,0.0,0.0,0.0,0.0,2
M04750,-135.14999999999998,0.0,0,0.0,0.0,86.60999999999999,0.0,0,0.0,0.0,225.1,0.0,1
M04751,463.1400000000001,0.0,0,0.0,0.0,-858.38,0.0,0,0.0,0.0,827.82,0.0,1
M04752,588.4000000000001,0.05,0,0.0,0.0,-1002.8899999999999,0.075,0,0.0,0.0,1107.65,0.125,0
M04753,653.26,0.07142857142857142,-1,0.5,0.0,-148.19000000000005,-0.07142857142857142,0,0.0,0.0,983.51,0.0,0
M04754,-52.40999999999997,0.1111111111111111,0,0.0,0.0,-112.98000000000002,-0.1111111111111111,0,0.0,0.0,600.99,0.0,0
M04755,64.31,0.0,0,0.0,0.0,872.6700000000001,0.1111111111111111,0,0.0,0.0,1292.43,0.1111111111111111,1
M04756,-427.7799999999999,0.0,28,0.0,0.5,-224.35,0.0,-2,0.0,0.5,56.97,0.0,26
M04757,1066.47,0.6666666666666666,1,0.5,0.0,-419.54999999999995,-0.2222222222222222,0,0.5,0.0,728.5,0.4444444444444444,1
M04758,177.16,0.0,1,1.0,1.0,464.30999999999995,0.6666666666666666,0,0.5,0.0,641.4699999999999,0.6666666666666666,1
M04759,276.07,0.0,2,0.5,0.0,-240.74999999999997,0.5,1,0.5,0.0,96.52000000000001,0.5,3
M04760,0.0,0.0,0,0.0,0.0,768.03,0.0,0,1.0,1.0,768.03,0.0,0
M04761,-238.10000000000002,0.16666666666666666,0,0.0,0.0,-44.58000000000004,-0.16666666666666666,0,0.0,0.0,302.77,0.0,1
M04762,29.349999999999994,0.0,0,0.0,0.0,-45.769999999999996,0.0,-1,0.0,0.0,20.28,0.0,0
M04763,0.0,0.0,6,0.0,1.0,1806.31,0.0,0,1.0,0.0,1806.31,0.0,6
M04764,48.329999999999984,-0.5,0,0.0,0.5,-174.42000000000002,0.0,-3,0.0,0.0,78.02,0.0,18
M04765,-478.21,-0.2,0,0.0,0.0,72.94999999999999,0.0,0,0.0,0.0,115.13,0.0,1
M04766,23.47999999999999,0.0,0,0.0,0.0,481.82,0.25,0,0.0,0.0,637.14,0.25,1
M04767,-99.32,0.0,0,0.0,0.0,0.0,0.0,0,0.0,0.0,0.0,0.0,0
M04768,102.19,0.0,0,0.0,0.0,-102.19,0.0,0,0.0,0.0,0.0,0.0,0
M04769,-833.0300000000001,-0.07142857142857142,0,0.5,0.0,133.60000000000002,0.2,-1,0.5,0.0,1104.54,0.2,0
M04770,101.74000000000001,0.0,0,0.0,0.0,-212.55000000000007,0.0,-1,0.0,0.0,415.65999999999997,0.0,2
M04771,53.889999999999986,0.0,0,0.5,0.0,-80.17,0.0,0,0.0,0.0,123.77999999999999,0.0,0
M04772,-216.74,0.06666666666666667,0,0.0,0.0,-152.47000000000003,-0.13333333333333333,1,0.0,0.0,1596.33,0.0,2
M04773,102.47999999999999,0.0,-2,0.5,0.5,369.25,0.0,-2,0.5,0.0,514.72,0.0,19
M04774,-6.960000000000001,0.0,-1,0.0,0.0,21.68,0.0,0,0.0,0.0,66.39,0.0,1
M04775,-3.549999999999997,0.0,1,0.0,0.0,79.91999999999999,0.0,0,0.0,0.0,156.7,0.0,1
M04776,679.4399999999996,-0.03771043771043771,1,0.0,0.0,-417.1399999999994,0.05059288537549407,0,0.0,0.0,5123.72,0.08695652173913043,1
M04777,-679.85,0.06666666666666665,0,0.0,0.0,202.78999999999996,-0.16666666666666666,0,0.0,0.0,529.06,0.0,3
M04778,-872.9699999999999,0.06593406593406592,0,0.0,0.0,-611.01,-0.14285714285714285,0,0.0,0.0,223.79000000000002,0.0,1
M04779,522.53,0.125,2,1.0,1.0,1918.43,-0.0661764705882353,0,0.0,0.0,2440.96,0.058823529411764705,2
M04780,29.27,0.0,0,1.0,1.0,-29.27,0.0,0,0.0,0.0,0.0,0.0,0
M04781,-67.87,0.0,16,0.5,0.5,-270.93,0.0,-2,0.0,0.5,0.0,0.0,17
M04782,-345.71000000000004,0.0,-1,0.0,0.0,192.82999999999993,0.0,0,0.0,0.0,820.04,0.0,0
M04783,-271.88,0.0,0,0.5,0.0,156.32000000000005,0.0,-1,0.5,0.0,461.46000000000004,0.0,1
M04784,10528.81,0.029411764705882353,2,1.0,1.0,-1305.58,0.033746130030959755,0,0.0,0.0,9223.23,0.06315789473684211,2
M04785,0.0,0.0,0,0.0,0.0,605.4300000000001,0.14285714285714285,1,1.0,1.0,605.4300000000001,0.14285714285714285,1
M04786,-2393.59,-0.15789473684210525,24,0.0,0.5,685.0700000000002,0.26666666666666666,-4,0.0,0.5,1395.8700000000001,0.26666666666666666,20
M04787,-4.5,0.1,0,0.0,0.0,-219.19000000000005,-0.1,0,0.0,0.0,742.26,0.0,0
M04788,62.77999999999997,0.0,0,0.0,0.0,-260.25,0.0,0,0.0,0.0,147.15,0.0,1
M04789,-1225.96,-0.14285714285714285,25,0.0,0.5,312.4699999999999,0.0,1,0.5,0.5,835.91,0.0,26
M04790,318.39,0.0,1,1.0,1.0,467.3299999999999,0.0,1,0.0,0.0,785.7199999999999,0.0,2
M04791,0.0,0.0,0,0.0,0.0,104.73,0.0,0,0.0,0.0,104.73,0.0,1
M04792,322.68,0.0,0,0.0,0.0,794.1500000000001,0.1111111111111111,0,0.0,0.0,1549.6200000000001,0.1111111111111111,0
M04793,310.97,0.0,0,1.0,1.0,1776.39,0.0,0,0.0,0.0,2087.36,0.0,0
M04794,-1042.6799999999998,0.14285714285714285,1,0.0,0.0,21.24000000000001,-0.14285714285714285,0,0.0,0.0,860.09,0.0,1
M04795,654.63,0.16666666666666666,1,0.0,0.0,515.27,-0.16666666666666666,1,0.5,0.0,1899.04,0.0,3
M04796,714.1800000000001,-0.06666666666666667,0,0.0,0.0,514.8200000000002,0.0,0,0.0,0.0,2311.09,0.0,1
M04797,385.37,0.4,1,0.0,0.0,-446.06,0.09999999999999998,0,0.0,0.0,153.7,0.5,2
M04798,0.0,0.0,0,0.0,0.0,8763.88,0.060240963855421686,2,1.0,1.0,8763.88,0.060240963855421686,2
M04799,68.00999999999999,0.0,0,0.0,0.0,210.97000000000003,0.0,1,0.0,0.0,442.47,0.0,2
M04800,-325.14,0.0,0,0.0,0.0,-59.67999999999998,0.0,0,0.0,0.0,86.71000000000001,0.0,1
M04801,-203.47000000000003,0.125,1,0.0,0.0,338.8699999999999,-0.125,1,0.0,0.0,1249.85,0.0,2
M04802,364.34000000000003,0.0,0,0.0,0.0,114.81999999999994,0.0,3,0.5,0.0,479.15999999999997,0.0,3
M04803,441.93000000000006,0.0,0,0.0,0.0,657.4699999999998,-0.1111111111111111,0,0.0,0.0,1691.62,0.0,1
M04804,-159.30999999999995,0.0,0,0.0,0.0,-365.58,0.0,0,0.0,0.0,250.05,0.0,0
M04805,1623.57,-0.3333333333333333,0,0.0,0.0,-1524.0099999999998,0.0,0,0.0,0.0,388.12,0.0,0
M04806,104.17,0.0,0,0.0,0.0,333.29999999999995,0.0,-1,0.0,0.0,437.46999999999997,0.0,2
M04807,100.13999999999999,0.0,-1,0.5,0.0,506.15999999999997,0.2,0,0.5,0.0,642.51,0.2,0
M04808,692.7299999999996,0.003019323671497584,0,0.0,0.0,157.5,0.015036231884057963,0,0.0,0.0,8077.32,0.0875,1
M04809,-57.37,0.0,0,0.0,0.0,192.85000000000002,0.0,0,0.0,0.0,192.85000000000002,0.0,0
M04810,0.0,0.0,2,0.5,0.5,0.0,0.0,0,0.0,0.0,0.0,0.0,6
M04811,0.0,0.0,0,0.0,0.0,1544.5,0.0,2,1.0,1.0,1544.5,0.0,2
M04812,-363.86,0.3333333333333333,0,0.0,0.0,-368.2199999999999,-0.3333333333333333,0,0.0,0.0,73.71000000000001,0.0,2
M04813,-17.760000000000105,0.0,0,0.0,0.0,79.24000000000012,0.25,0,0.0,0.0,875.5600000000001,0.25,2
M04814,1287.96,0.05555555555555555,3,0.0,0.5,216.5,-0.010101010101010097,1,0.0,0.0,2628.04,0.045454545454545456,8
M04815,-71.6400000000001,0.09090909090909091,0,0.0,0.0,940.8300000000002,-0.18181818181818182,1,0.5,0.0,1994.6200000000001,0.0,1
M04816,718.34,0.14285714285714285,1,1.0,1.0,-91.80000000000007,-0.14285714285714285,-1,0.5,0.0,626.54,0.0,0
M04817,639.6600000000001,0.0,0,0.0,0.0,-639.6600000000001,0.0,-1,0.0,0.0,0.0,0.0,0
M04818,42.37,0.0,1,0.0,0.0,48.51,0.0,0,0.0,0.0,90.88,0.0,2
M04819,288.58000000000004,0.0,0,0.5,0.0,-774.78,0.0,0,0.5,0.0,66.62,0.0,2
M04820,179.63,0.0,-1,0.5,0.0,-179.63,0.0,0,0.0,0.0,0.0,0.0,1
M04821,-32.010000000000005,0.0,1,0.0,0.0,104.08000000000001,0.0,0,0.0,0.0,123.07000000000001,0.0,2
M04822,6452.74,0.10344827586206896,0,0.0,0.0,-4827.26,-0.040948275862068964,1,0.0,0.0,1794.37,0.0625,1
M04823,349.36,0.16666666666666666,0,0.0,0.0,988.04,0.015151515151515166,0,0.5,0.0,1530.55,0.18181818181818182,0
M04824,230.69000000000005,0.0,0,0.0,0.0,-633.75,0.0,0,0.0,0.0,150.7,0.0,0
M04825,15.100000000000001,0.0,0,0.0,0.0,-14.180000000000003,0.0,0,0.0,0.0,24.52,0.0,0
M04826,-503.61999999999995,0.0,0,0.0,0.0,275.03000000000003,0.0,0,0.0,0.0,525.19,0.0,2
M04827,264.88,0.0,0,0.0,0.0,-39.110000000000014,0.0,0,0.0,0.0,461.18,0.0,0
M04828,-147.84000000000003,0.0,18,0.5,0.0,898.4199999999998,0.0,0,0.0,0.0,1297.4299999999998,0.0,18
M04829,1304.1500000000003,0.0,0,0.0,0.0,-1213.2400000000002,0.0,0,0.0,0.0,1032.5,0.0,2
M04830,-27.480000000000018,-0.3333333333333333,0,0.0,0.0,1160.2600000000002,0.15384615384615385,0,0.0,0.0,2074.05,0.15384615384615385,0
M04831,-377.13,0.0,1,0.5,0.0,-110.82,0.25,-1,0.5,0.0,504.68,0.25,1
M04832,0.0,0.0,4,1.0,1.0,2263.09,0.047619047619047616,0,0.0,0.0,2263.09,0.047619047619047616,4
M04833,-28.33,0.0,0,0.0,0.0,-54.91,0.0,1,0.5,0.0,0.0,0.0,1
M04834,1416.4499999999998,0.14285714285714285,0,0.0,0.0,-457.2199999999998,-0.09523809523809523,1,0.0,0.0,1608.69,0.047619047619047616,2
M04835,-60.480000000000004,0.0,0,0.0,0.0,112.85000000000001,0.0,0,0.0,0.0,168.49,0.0,0
M04836,6.6299999999999955,-0.08333333333333331,0,0.5,0.0,-288.51,-0.25,0,0.0,0.0,111.36,0.0,1
M04837,-21.220000000000027,0.0,0,0.0,0.0,289.97,0.043478260869565216,0,0.5,0.0,1980.13,0.043478260869565216,0
M04838,-43.829999999999984,0.0,0,0.0,0.0,-129.79000000000002,0.0,0,0.0,0.0,32.94,0.0,1
M04839,54.359999999999985,0.0,6,0.0,0.5,-50.72999999999999,0.0,0,0.0,0.5,77.06,0.0,6
M04840,0.0,0.0,0,0.0,0.0,724.5,0.0,3,1.0,1.0,724.5,0.0,3
M04841,1218.06,0.018796992481203006,0,0.5,0.5,-1285.5499999999997,-0.07142857142857142,-3,0.0,0.0,2220.78,0.0,18
M04842,307.4,0.0,0,0.5,0.0,-307.4,0.0,-1,0.5,0.0,0.0,0.0,0
M04843,0.0,0.0,2,1.0,1.0,1753.01,0.0,0,0.0,0.0,1753.01,0.0,2
M04844,261.95,0.0,2,1.0,1.0,199.42000000000002,0.0,0,0.0,0.0,461.37,0.0,2
M04845,-47.24999999999994,0.0,0,0.0,0.0,26.599999999999966,0.0,0,0.0,0.0,305.88,0.0,0
M04846,312.36000000000007,0.0,-1,0.0,0.0,-131.78000000000003,0.0,1,0.0,0.0,437.29,0.0,1
M04847,1419.75,0.0,0,0.0,0.0,-1546.66,0.3333333333333333,0,0.0,0.0,630.49,0.3333333333333333,2
M04848,-323.36,0.0,0,0.0,0.0,-553.5400000000001,0.0,0,0.5,0.0,62.3,0.0,0
M04849,0.0,0.0,0,0.0,0.0,5570.37,0.037037037037037035,0,1.0,1.0,5570.37,0.037037037037037035,0
M04850,-151.6500000000001,0.05555555555555555,0,0.0,0.0,172.1800000000003,-0.05555555555555555,2,0.0,0.0,2625.38,0.0,2
M04851,-520.13,0.25,0,0.0,0.0,291.90999999999997,-0.25,0,0.0,0.0,467.42999999999995,0.0,0
M04852,613.29,0.0,0,0.5,0.0,-715.37,0.0,0,0.0,0.0,187.76999999999998,0.0,0
M04853,428.59999999999997,0.0,12,0.5,0.5,29.440000000000055,0.0,-3,0.5,0.5,830.07,0.0,10
M04854,1166.83,0.1111111111111111,0,0.0,0.0,886.9699999999998,-0.1111111111111111,0,0.0,0.0,2221.95,0.0,0
M04855,0.0,0.0,0,0.0,0.0,120.38,0.0,1,1.0,1.0,120.38,0.0,1
M04856,568.3099999999998,0.0,1,0.0,0.0,6.470000000000027,0.0,0,0.0,0.0,1145.34,0.0,1
M04857,4.319999999999993,0.0,1,0.0,0.0,-105.94,0.0,0,0.0,0.0,0.0,0.0,1
M04858,86.31,0.0,21,0.0,0.5,507.08,0.0,-2,0.0,0.5,593.39,0.0,19
M04859,21.12,0.0,0,0.0,0.0,95.88999999999999,0.0,0,0.0,0.0,117.00999999999999,0.0,3
M04860,1401.86,0.3333333333333333,1,1.0,1.0,-744.5799999999999,-0.3333333333333333,0,0.0,0.0,657.28,0.0,1
M04861,-1828.1999999999998,0.0027472527472527514,0,0.0,0.0,-373.6600000000001,0.02036199095022624,0,0.0,0.0,1941.97,0.058823529411764705,0
M04862,-267.66999999999996,0.0,0,0.0,0.0,265.40999999999997,0.3333333333333333,2,0.0,0.0,265.40999999999997,0.3333333333333333,5
M04863,2868.67,0.04,0,1.0,1.0,1225.5499999999997,0.041081081081081085,0,0.0,0.0,4094.22,0.08108108108108109,0
M04864,-160.63,-0.16666666666666666,0,0.0,0.0,393.45000000000005,0.0,0,0.0,0.0,480.6,0.0,1
M04865,-86.17,0.0,18,0.0,0.5,111.92,0.0,-1,0.0,0.5,111.92,0.0,18
M04866,783.6100000000001,0.14285714285714285,0,0.0,0.0,125.41999999999985,-0.14285714285714285,0,0.0,0.0,1411.08,0.0,1
M04867,-79.03,0.0,0,0.0,0.0,-116.19,0.0,-1,0.0,0.0,0.0,0.0,1
M04868,503.7599999999999,0.08333333333333333,0,0.0,0.0,-1068.81,-0.08333333333333333,0,0.0,0.0,192.28,0.0,1
M04869,-409.83,0.0,0,0.0,0.0,637.31,0.14285714285714285,0,0.0,0.0,835.51,0.14285714285714285,0
M04870,521.3799999999999,0.0,0,0.0,0.0,115.98000000000002,0.0,0,0.0,0.0,2155.81,0.0,1
M04871,-119.77000000000044,0.08,1,0.0,0.0,526.5500000000002,-0.03833333333333334,-1,0.0,0.0,3132.16,0.041666666666666664,2
M04872,58.95,0.0,0,0.0,0.0,-58.95,0.0,0,0.0,0.0,0.0,0.0,0
M04873,-299.99,0.0,2,0.5,0.0,767.8100000000001,0.0,0,0.5,0.0,803.23,0.0,2
M04874,0.0,0.0,0,0.5,0.0,74.94,0.0,0,0.0,0.0,74.94,0.0,1
M04875,-1584.1999999999998,-0.004278074866310162,0,0.0,0.0,301.65999999999985,0.012121212121212123,1,0.5,0.0,6763.76,0.06666666666666667,1
M04876,601.1800000000001,0.0,0,0.0,0.0,-220.10000000000008,0.0,0,0.0,0.0,381.08,0.0,1
M04877,163.91,0.0,0,0.0,0.0,-163.91,0.0,0,0.0,0.0,0.0,0.0,1
M04878,1867.87,-0.005231037489102003,0,0.0,0.0,212.67000000000007,0.0379080379080379,1,0.0,0.0,8592.83,0.06493506493506493,2
M04879,7.839999999999975,0.5,0,0.0,0.0,-180.95,-0.5,0,0.0,0.0,0.0,0.0,1
M04880,15.19,1.0,0,0.0,0.0,-15.19,-1.0,0,0.0,0.0,0.0,0.0,0
M04881,0.0,0.0,0,0.0,0.0,340.21,0.0,0,1.0,1.0,340.21,0.0,0
M04882,72.14000000000001,0.0,0,0.5,0.0,-272.05,0.0,0,0.0,0.0,0.0,0.0,0
M04883,507.5899999999999,-0.07575757575757575,-1,0.5,0.0,492.0500000000002,-0.09090909090909091,0,0.0,0.0,1580.93,0.0,0
M04884,0.0,0.0,0,0.0,0.0,283.95,0.0,0,0.5,0.0,283.95,0.0,0
M04885,53.429999999999986,0.0,0,0.0,0.0,-40.83999999999999,0.0,0,0.0,0.0,49.61,0.0,0
M04886,-484.02,0.0,0,0.0,0.0,487.04,0.0,0,0.0,0.0,487.04,0.0,2
M04887,183.33000000000015,-0.0873015873015873,21,0.5,0.5,353.74,-0.05555555555555555,-17,0.5,0.5,2095.88,0.0,4
M04888,-1444.5600000000002,0.0,0,0.0,0.0,-21.459999999999923,0.0,0,0.0,0.0,612.86,0.0,1
M04889,-161.95000000000005,0.0,0,0.0,0.0,-44.35999999999996,0.0,1,0.0,0.0,175.29000000000002,0.0,1
M04890,-67.42000000000002,0.3333333333333333,25,0.0,0.5,-45.099999999999994,-0.3333333333333333,-1,0.0,0.5,182.33,0.0,25
M04891,-427.14999999999986,0.0,0,0.0,0.0,669.74,0.0,0,0.0,0.0,1641.39,0.0,1
M04892,-1355.7599999999998,-0.029411764705882353,0,0.0,0.0,787.96,0.15789473684210525,-1,0.0,0.0,3834.78,0.15789473684210525,1
M04893,0.0,0.0,1,1.0,1.0,347.23,0.16666666666666666,0,0.0,0.0,347.23,0.16666666666666666,1
M04894,146.66000000000008,0.0,0,0.0,0.0,352.75999999999976,0.1111111111111111,1,0.0,0.0,2066.14,0.1111111111111111,2
M04895,-160.64999999999998,0.0,0,0.0,0.0,699.77,0.0,-1,0.0,0.0,1113.25,0.0,2
M04896,0.0,0.0,0,0.0,0.0,914.8199999999999,0.0,0,1.0,1.0,914.8199999999999,0.0,0
M04897,-83.63,0.0,0,0.0,0.0,-45.69,0.0,1,0.0,0.0,0.0,0.0,1
M04898,-1471.9700000000003,0.058823529411764705,0,0.0,0.0,1953.79,-0.018823529411764704,0,0.5,0.0,3545.12,0.04,1
M04899,-459.7000000000003,-0.02631578947368421,1,0.5,0.0,-2209.44,0.0,0,0.5,0.0,1693.58,0.0,1
M04900,63.56,0.0,-1,0.0,0.0,227.48000000000002,0.0,0,0.0,0.0,291.04,0.0,0
M04901,421.62,0.3333333333333333,0,1.0,1.0,750.15,-0.3333333333333333,0,0.5,0.0,1171.77,0.0,0
M04902,223.52,0.0,6,0.5,0.5,-223.52,0.0,0,0.5,0.5,0.0,0.0,6
M04903,836.9300000000001,0.0,0,0.0,0.0,575.24,0.07692307692307693,0,0.0,0.0,1777.72,0.07692307692307693,1
M04904,186.69000000000005,0.0,0,0.5,0.0,26.619999999999948,0.0,0,0.0,0.0,440.31,0.0,0
M04905,-76.4,0.0,24,0.5,0.5,22.61,0.0,-2,0.0,0.5,36.89,0.0,23
M04906,-480.1500000000001,0.0,0,0.0,0.0,-87.75,0.0,0,0.0,0.0,741.5,0.0,2
M04907,150.99,0.0,0,0.0,0.0,-150.99,0.0,0,0.0,0.0,0.0,0.0,3
M04908,-573.64,0.0,0,0.0,0.0,1011.5300000000001,0.0,0,0.0,0.0,1275.14,0.0,2
M04909,0.0,0.0,1,0.5,0.0,148.31,0.0,-1,0.5,0.0,148.31,0.0,0
M04910,0.0,0.0,0,0.0,0.0,1823.7,0.0,1,1.0,1.0,1823.7,0.0,1
M04911,0.0,0.0,0,0.0,0.0,491.95000000000005,0.0,0,1.0,1.0,491.95000000000005,0.0,0
M04912,0.0,0.0,0,0.5,0.0,0.0,0.0,1,0.0,0.0,0.0,0.0,4
M04913,-1269.43,0.04736842105263159,0,0.0,0.0,1664.9300000000003,-0.05,0,0.0,0.0,2343.4700000000003,0.05,1
M04914,1275.04,0.0,5,0.6666666666666666,0.5,-1134.86,0.058823529411764705,-2,0.6666666666666666,0.5,1747.99,0.058823529411764705,4
M04915,-40.040000000000006,0.0,-1,0.5,0.0,-1.7999999999999972,0.0,0,0.5,0.0,53.81,0.0,0
M04916,290.01,0.0,0,0.0,0.0,878.49,0.0,0,0.0,0.0,1791.31,0.0,1
M04917,-386.8299999999999,0.0,0,0.0,0.0,86.63999999999999,0.0,0,0.0,0.0,417.61,0.0,2
M04918,-198.04999999999995,-0.18181818181818182,0,0.0,0.0,-420.37,0.0,0,0.0,0.0,762.43,0.0,1
M04919,433.21000000000004,-0.024390243902439025,0,0.0,0.0,1431.5100000000002,0.09302325581395349,0,0.0,0.0,6453.85,0.09302325581395349,1
M04920,376.0,-0.06666666666666665,-1,0.0,0.0,-805.3,-0.1,0,0.0,0.0,263.18,0.0,0
M04921,47.209999999999994,0.0,0,0.0,0.0,369.72,0.0,0,0.0,0.0,440.93,0.0,0
M04922,43.789999999999964,0.425,0,0.0,0.0,-408.36,-0.2916666666666667,0,0.0,0.0,370.23,0.3333333333333333,2
M04923,95.8,0.0,1,1.0,1.0,480.05,0.0,-1,0.0,0.0,575.85,0.0,0
M04924,-749.84,0.0,0,0.0,0.0,-44.099999999999994,0.0,0,0.0,0.0,83.04,0.0,0
M04925,-657.9100000000003,-0.05411255411255411,0,0.5,0.0,-406.52,-0.13636363636363635,0,0.5,0.0,1905.1799999999998,0.0,0
M04926,268.8799999999999,-0.09523809523809523,-1,0.5,0.0,1526.9099999999999,0.019480519480519487,0,0.0,0.0,2610.5299999999997,0.09090909090909091,0
M04927,0.0,0.0,0,0.0,0.0,78.33,0.5,1,1.0,1.0,78.33,0.5,1
M04928,-1119.16,0.0,0,0.0,0.0,118.48999999999998,0.0,-1,0.0,0.0,186.07999999999998,0.0,3
M04929,1092.3999999999999,0.0,0,0.0,0.0,691.5800000000002,0.23076923076923078,0,0.0,0.0,1899.7,0.23076923076923078,4
M04930,155.61,0.0,0,0.0,0.0,-155.61,0.0,0,0.0,0.0,0.0,0.0,0
M04931,362.49,0.0,0,0.0,0.0,-409.70000000000005,0.0,0,0.0,0.0,37.65,0.0,0
M04932,1357.3700000000008,-0.0025033377837116177,0,0.0,0.0,1518.7399999999998,-0.006401617250673848,0,0.0,0.0,12574.91,0.04716981132075472,0
M04933,308.53,0.0,0,0.0,0.0,-182.05,0.25,0,0.0,0.0,293.03,0.25,0
M04934,181.47000000000003,0.016666666666666663,0,0.0,0.0,-810.8000000000002,-0.06666666666666667,0,0.0,0.0,1298.1,0.0,0
M04935,641.4199999999996,-0.0032051282051282007,0,0.5,0.0,1370.5,-0.007211538461538464,0,0.0,0.0,4087.99,0.03125,1
M04936,-19.99000000000001,0.0,0,0.0,0.5,-98.77,0.0,-1,0.0,0.0,0.0,0.0,13
M04937,99.20000000000005,0.1,3,0.0,0.5,-979.79,-0.1,0,0.0,0.0,240.32,0.0,7
M04938,-807.7700000000004,-0.011538461538461539,0,0.0,0.0,-1447.7699999999995,0.09790209790209789,0,0.0,0.0,5071.38,0.13636363636363635,0
M04939,-115.08000000000004,0.0,0,0.0,0.0,-235.85000000000002,0.0,0,0.0,0.0,762.74,0.0,2
M04940,7034.52,0.05084745762711865,0,1.0,1.0,12978.93,-0.010847457627118647,1,0.0,0.0,20013.45,0.04,1
M04941,353.71,0.0,0,0.0,0.0,-592.15,0.0,0,0.0,0.0,33.63,0.0,0
M04942,0.0,0.0,0,0.0,0.0,11011.69,0.0297029702970297,0,1.0,1.0,11011.69,0.0297029702970297,0
M04943,-75.02999999999997,-0.16666666666666666,0,0.0,0.0,262.96,0.3333333333333333,0,0.0,0.0,668.02,0.3333333333333333,3
M04944,-887.9599999999999,0.3333333333333333,0,0.0,0.0,204.83,-0.3333333333333333,1,0.0,0.0,393.69,0.0,4
M04945,377.3899999999999,0.08333333333333333,-1,0.0,0.0,-169.4799999999998,0.1388888888888889,0,0.0,0.0,1307.8700000000001,0.2222222222222222,0
M04946,-466.0299999999999,0.0,17,0.0,0.5,-2.0600000000000023,0.0,-1,0.0,0.5,357.49,0.0,17
M04947,95.95000000000005,0.0,0,0.0,0.0,-17.069999999999993,0.0,0,0.0,0.0,376.02000000000004,0.0,0
M04948,-746.7,0.1,0,0.0,0.0,-369.9,-0.1,-1,0.0,0.0,688.9,0.0,0
M04949,0.0,0.0,0,0.0,0.0,0.0,0.0,0,0.0,0.0,0.0,0.0,2
M04950,0.0,0.0,0,0.0,0.0,362.28,0.0,-1,0.0,0.0,362.28,0.0,1
M04951,147.08999999999997,0.0,2,1.0,1.0,2218.8199999999997,0.03571428571428571,0,0.0,0.0,2365.91,0.03571428571428571,2
M04952,0.0,0.0,0,0.0,0.0,5295.58,0.038461538461538464,0,1.0,1.0,5295.58,0.038461538461538464,0
M04953,999.27,0.0,0,0.0,0.0,-1596.91,0.0,-1,0.0,0.0,557.78,0.0,13
M04954,-1273.7700000000002,0.0,0,0.0,0.0,565.83,0.125,1,0.0,0.0,797.6700000000001,0.125,4
M04955,-681.55,-0.15384615384615385,24,0.0,0.5,620.72,0.1,0,0.0,0.5,1054.76,0.1,24
M04956,0.0,0.0,0,0.0,0.0,5833.0,0.045454545454545456,2,1.0,1.0,5833.0,0.045454545454545456,2
M04957,79.56,0.0,1,1.0,1.0,355.91,0.0,-1,0.0,0.0,435.47,0.0,0
M04958,499.73,0.0,0,1.0,1.0,-472.58000000000004,0.0,0,0.0,0.0,27.15,0.0,0
M04959,-304.76000000000005,0.5,0,0.0,0.0,120.61000000000007,-0.5,0,0.0,0.0,340.57000000000005,0.0,0
M04960,197.08999999999997,0.0,0,0.5,0.0,113.54000000000008,0.0,-1,0.0,0.0,490.07000000000005,0.0,0
M04961,-13.77,0.0,0,0.5,0.0,0.0,0.0,0,0.5,0.0,0.0,0.0,1
M04962,53.45,0.0,0,0.0,0.0,90.83,0.0,-1,0.0,0.0,144.28,0.0,0
M04963,0.0,0.0,0,0.0,0.0,579.21,0.2222222222222222,0,1.0,1.0,579.21,0.2222222222222222,0
M04964,-43.899999999999864,-0.00555555555555555,0,0.0,0.0,-1103.98,-0.05,0,0.0,0.0,751.9,0.0,1
M04965,371.21000000000004,0.3333333333333333,0,0.0,0.0,376.94999999999993,-0.3333333333333333,0,0.0,0.0,916.3299999999999,0.0,1
M04966,-20.879999999999995,0.0,1,0.0,0.0,109.17000000000002,0.0,0,0.0,0.0,501.42,0.0,1
M04967,497.81000000000006,0.07692307692307693,18,0.5,0.5,-782.2700000000001,-0.07692307692307693,-4,0.5,0.5,736.63,0.0,16
M04968,1.019999999999996,0.0,0,0.0,0.0,474.2099999999999,0.0,2,0.5,0.0,557.81,0.0,3
M04969,692.4899999999998,-0.07083333333333333,0,0.0,0.0,-1501.4899999999998,-0.0625,-1,0.0,0.0,595.59,0.0,1
M04970,240.88,-0.5,0,0.0,0.0,142.39999999999992,0.0,0,0.0,0.0,529.8299999999999,0.0,1
M04971,-165.86,0.0,0,0.0,0.0,93.37,0.0,-1,0.0,0.0,93.37,0.0,1
M04972,425.7600000000002,0.038461538461538464,1,0.0,0.0,-938.0999999999999,-0.003978779840848809,0,0.0,0.0,1946.13,0.034482758620689655,2
M04973,2714.2,0.08695652173913043,18,1.0,1.0,-255.64999999999964,-0.006956521739130431,-1,0.0,0.5,2458.55,0.08,17
M04974,-98.4,0.0,0,0.0,0.0,-31.04,0.0,-1,0.5,0.0,0.0,0.0,27
M04975,-170.16999999999985,0.048611111111111105,0,0.5,0.0,-422.93000000000006,0.05555555555555555,0,0.5,0.0,767.24,0.16666666666666666,0
M04976,496.32,0.0,0,0.5,0.0,81.67000000000002,0.0,-1,0.5,0.0,577.99,0.0,1
M04977,-765.1000000000001,-0.14285714285714285,0,0.0,0.0,226.62000000000006,0.0,0,0.0,0.0,539.4300000000001,0.0,0
M04978,575.3199999999999,0.0,23,0.0,0.5,-642.5999999999999,0.0,-4,0.0,0.5,0.0,0.0,22
M04979,0.0,0.0,0,0.0,0.0,5336.88,0.02702702702702703,2,1.0,1.0,5336.88,0.02702702702702703,2
M04980,1691.25,0.16,0,0.0,0.0,-3440.56,-0.16,-1,0.0,0.0,1594.6799999999998,0.0,2
M04981,0.0,0.0,0,0.0,0.0,399.92,0.0,0,1.0,1.0,399.92,0.0,0
M04982,-252.37999999999994,-0.028571428571428525,0,0.0,0.0,375.53000000000003,-0.23333333333333336,0,0.0,0.0,650.95,0.16666666666666666,2
M04983,-313.8299999999997,0.0021645021645021606,0,0.0,0.0,-758.6100000000001,0.023809523809523808,1,0.0,0.0,1237.76,0.07142857142857142,1
M04984,50.31999999999999,0.0,3,0.5,0.5,-241.74,0.0,-1,0.5,0.5,0.0,0.0,2
M04985,-415.34,0.0,0,0.0,0.0,270.85,0.0,0,0.0,0.0,485.16,0.0,1
M04986,432.4200000000001,0.1111111111111111,0,0.0,0.0,491.4799999999998,0.006535947712418305,0,0.0,0.0,2151.68,0.11764705882352941,1
M04987,4.090000000000032,0.0,0,0.0,0.0,658.05,0.0,0,0.0,0.0,1142.27,0.0,1
M04988,-67.48,0.0,0,0.0,0.0,0.0,0.0,0,0.5,0.0,0.0,0.0,2
M04989,284.31000000000006,0.14285714285714285,1,0.0,0.0,-688.62,-0.14285714285714285,0,0.0,0.0,131.58,0.0,2
M04990,571.57,-0.1111111111111111,0,0.0,0.0,6836.03,0.043478260869565216,3,1.0,1.0,7996.0,0.043478260869565216,4
M04991,87.00000000000091,-0.015251989389920423,0,0.0,0.0,-534.4100000000008,0.02158555729984301,0,0.0,0.0,5798.99,0.04081632653061224,0
M04992,456.4,0.0,0,0.0,0.0,-300.2,0.0,0,0.0,0.0,156.2,0.0,1
M04993,571.02,0.0,26,0.0,0.5,-312.1700000000001,0.0,0,0.0,0.5,376.78,0.0,29
M04994,-551.7,0.0,0,0.0,0.0,-197.13,0.0,0,0.0,0.0,0.0,0.0,1
M04995,-227.54999999999927,-0.02246469833119384,0,0.0,0.0,504.1099999999997,0.015350877192982455,0,0.0,0.0,5008.21,0.041666666666666664,1
M04996,0.0,0.0,0,0.0,0.0,4595.19,0.06666666666666667,2,1.0,1.0,4595.19,0.06666666666666667,2
M04997,935.9200000000001,0.08571428571428572,1,0.5,0.0,-201.2800000000002,0.031932773109243695,-1,0.5,0.0,3655.77,0.11764705882352941,1
M04998,-320.73,0.07692307692307693,27,0.0,0.5,1354.34,0.07307692307692307,-1,0.0,0.5,2583.81,0.15,27
M04999,-2.3700000000000045,0.0,25,0.0,0.5,-10.210000000000008,0.0,-1,0.0,0.5,219.76,0.0,25
M05000,137.64,0.0,1,1.0,1.0,163.09000000000003,0.0,0,0.0,0.0,300.73,0.0,1
