merchant_id,merchant_name,category,onboarding_date,kyc_status
M00001,"Rodriguez, Figueroa and Sanchez",ecommerce,2025-06-16,VERIFIED
M00002,Doyle Ltd,travel,2025-08-17,VERIFIED
M00003,"Mcclain, Miller and Henderson",travel,2025-10-25,VERIFIED
M00004,Davis and Sons,education,2025-11-25,VERIFIED
M00005,"Guzman, Hoffman and Baldwin",travel,2025-05-28,VERIFIED
M00006,"Gardner, Robinson and Lawrence",electronics,2026-03-08,VERIFIED
M00007,Blake and Sons,grocery,2025-07-30,VERIFIED
M00008,"Henderson, Ramirez and Lewis",restaurant,2025-09-06,LIMITED
M00009,Garcia-James,services,2025-08-28,VERIFIED
M00010,Abbott-Munoz,travel,2025-04-28,VERIFIED
M00011,Blair PLC,SaaS,2026-01-08,VERIFIED
M00012,Dudley Group,education,2026-02-17,VERIFIED
M00013,Arnold Ltd,grocery,2025-10-03,VERIFIED
M00014,"Mcclure, Ward and Lee",services,2025-06-22,VERIFIED
M00015,Williams and Sons,SaaS,2025-12-03,PENDING
M00016,Galloway-Wyatt,healthcare,2025-03-16,VERIFIED
M00017,James Group,education,2025-05-16,VERIFIED
M00018,"Flowers, Martin and Kelly",SaaS,2025-10-27,VERIFIED
M00019,"Adams, Zuniga and Wong",ecommerce,2026-02-16,VERIFIED
M00020,"Reid, Ferguson and Sanchez",travel,2025-11-08,VERIFIED
M00021,Gray-Mayo,electronics,2025-09-07,VERIFIED
M00022,"Watts, Robinson and Nguyen",SaaS,2025-03-17,VERIFIED
M00023,Perez Inc,education,2025-11-30,VERIFIED
M00024,Morales-Jones,travel,2026-02-09,LIMITED
M00025,"Walter, Edwards and Rios",grocery,2026-02-28,VERIFIED
M00026,Wilkerson-Day,ecommerce,2026-02-10,VERIFIED
M00027,Baker and Sons,SaaS,2025-03-25,PENDING
M00028,"Hoffman, Baker and Richards",SaaS,2025-08-18,VERIFIED
M00029,"Ross, Robinson and Bright",restaurant,2025-11-24,PENDING
M00030,"Snyder, Campos and Callahan",education,2025-09-23,VERIFIED
M00031,Burton Ltd,education,2025-04-22,VERIFIED
M00032,Carlson-Cruz,travel,2025-09-01,VERIFIED
M00033,"Ferrell, Rice and Maddox",ecommerce,2025-06-21,VERIFIED
M00034,Frazier Inc,healthcare,2026-01-12,VERIFIED
M00035,"Dyer, Potter and Mack",restaurant,2026-03-09,LIMITED
M00036,Rodriguez-Graham,SaaS,2025-05-08,LIMITED
M00037,Smith-Bowen,services,2025-10-03,PENDING
M00038,"Baker, Mason and White",grocery,2025-05-10,VERIFIED
M00039,Harrell LLC,SaaS,2025-12-12,VERIFIED
M00040,"Romero, Gonzalez and Brooks",ecommerce,2026-01-12,VERIFIED
M00041,Ryan PLC,healthcare,2025-06-16,VERIFIED
M00042,George Group,ecommerce,2025-08-08,VERIFIED
M00043,Rodriguez LLC,travel,2025-07-09,VERIFIED
M00044,Allen-Allen,grocery,2025-06-21,VERIFIED
M00045,"Arroyo, Miller and Tucker",ecommerce,2025-05-06,VERIFIED
M00046,Spence PLC,restaurant,2026-01-26,VERIFIED
M00047,Anderson Group,services,2025-03-13,VERIFIED
M00048,"Martin, Rose and Obrien",electronics,2025-10-21,VERIFIED
M00049,Hickman Ltd,fashion,2025-12-12,LIMITED
M00050,"Harris, Collins and Carney",electronics,2026-01-20,VERIFIED
M00051,"Brooks, Lam and Hayes",electronics,2025-03-31,VERIFIED
M00052,Walker LLC,fashion,2025-09-28,VERIFIED
M00053,Chapman and Sons,travel,2025-07-29,VERIFIED
M00054,"Robinson, Jones and Welch",education,2025-05-09,VERIFIED
M00055,Jones Inc,SaaS,2025-08-23,VERIFIED
M00056,Jones-Young,education,2026-03-11,VERIFIED
M00057,"Washington, Ryan and Cummings",education,2026-01-10,VERIFIED
M00058,"Johnston, Sanchez and Kennedy",grocery,2025-11-26,VERIFIED
M00059,Lee-Davis,services,2025-05-29,VERIFIED
M00060,Gomez-Jenkins,electronics,2025-11-06,LIMITED
M00061,"Brown, Valdez and Lucas",SaaS,2026-02-12,PENDING
M00062,Powell LLC,electronics,2025-06-04,VERIFIED
M00063,Wright and Sons,education,2025-10-14,VERIFIED
M00064,"West, Henderson and Ramirez",ecommerce,2025-09-26,VERIFIED
M00065,Baxter Inc,fashion,2025-03-19,VERIFIED
M00066,Morton-Chase,grocery,2026-01-08,PENDING
M00067,Williams PLC,SaaS,2025-09-07,VERIFIED
M00068,Novak and Sons,ecommerce,2025-04-03,LIMITED
M00069,Russell Group,fashion,2025-05-15,VERIFIED
M00070,Hancock Inc,grocery,2025-03-16,VERIFIED
M00071,Gray Group,education,2025-05-08,VERIFIED
M00072,House-Glover,services,2025-08-14,PENDING
M00073,Henderson-Bernard,SaaS,2026-02-07,VERIFIED
M00074,"Stanley, Tucker and Lee",travel,2025-04-05,VERIFIED
M00075,Novak PLC,grocery,2026-03-03,VERIFIED
M00076,"Daniels, Adkins and Brown",healthcare,2025-09-25,VERIFIED
M00077,"Woods, Calhoun and Schmidt",electronics,2026-02-09,VERIFIED
M00078,Yu Inc,electronics,2025-04-18,VERIFIED
M00079,Jones Inc,fashion,2025-06-13,VERIFIED
M00080,"Hensley, Powell and David",fashion,2025-08-19,VERIFIED
M00081,"Sanchez, Wheeler and Harvey",restaurant,2025-11-25,VERIFIED
M00082,Sandoval-Cunningham,services,2026-02-25,VERIFIED
M00083,Donovan-Harris,SaaS,2025-05-08,VERIFIED
M00084,"Edwards, Baker and Anderson",grocery,2025-12-10,LIMITED
M00085,"Evans, Stewart and Walton",fashion,2025-06-14,VERIFIED
M00086,Smith PLC,SaaS,2026-01-13,VERIFIED
M00087,"Ferrell, Jones and Lewis",fashion,2025-05-06,VERIFIED
M00088,Anderson-Bailey,services,2025-11-03,VERIFIED
M00089,Suarez LLC,restaurant,2025-08-15,VERIFIED
M00090,Moore-Bass,travel,2025-09-13,VERIFIED
M00091,"Turner, Riggs and Roman",services,2026-01-13,VERIFIED
M00092,"Smith, Montoya and Evans",grocery,2025-03-20,VERIFIED
M00093,"Garcia, Humphrey and Baker",restaurant,2025-12-04,VERIFIED
M00094,Newton and Sons,travel,2025-11-29,VERIFIED
M00095,Campbell-Clark,fashion,2025-08-17,PENDING
M00096,Harris-Walters,ecommerce,2025-03-26,VERIFIED
M00097,Wagner-King,fashion,2025-05-02,VERIFIED
M00098,Davis Group,electronics,2025-10-06,LIMITED
M00099,Williams-Cook,SaaS,2025-04-20,VERIFIED
M00100,Walsh LLC,ecommerce,2026-02-07,VERIFIED
M00101,Figueroa PLC,grocery,2025-12-20,LIMITED
M00102,"Patterson, Smith and Jones",healthcare,2026-03-18,VERIFIED
M00103,"Mckee, Gardner and Davenport",travel,2025-09-22,PENDING
M00104,"Tran, Jordan and Williams",SaaS,2025-11-21,VERIFIED
M00105,Nolan-Flynn,SaaS,2025-10-13,VERIFIED
M00106,Nolan and Sons,fashion,2025-06-14,VERIFIED
M00107,"Wright, Garcia and Deleon",SaaS,2025-09-21,VERIFIED
M00108,Dickson-Brady,fashion,2025-11-21,LIMITED
M00109,Hancock and Sons,SaaS,2026-01-21,PENDING
M00110,Johnson-Doyle,SaaS,2025-12-12,VERIFIED
M00111,Patton-Jenkins,healthcare,2025-09-24,VERIFIED
M00112,"Shields, Cochran and Adams",services,2025-04-26,VERIFIED
M00113,"Rodriguez, Brennan and Garrison",ecommerce,2025-10-25,VERIFIED
M00114,Gonzalez Group,fashion,2025-03-21,PENDING
M00115,Torres-Pope,travel,2025-04-04,VERIFIED
M00116,Walker Ltd,grocery,2025-10-09,VERIFIED
M00117,Ross LLC,SaaS,2026-02-15,LIMITED
M00118,Rasmussen LLC,healthcare,2025-12-09,VERIFIED
M00119,May-Ross,fashion,2025-11-09,VERIFIED
M00120,"Rivera, Johnson and Wiley",healthcare,2025-04-08,VERIFIED
M00121,White-Estes,healthcare,2025-10-19,VERIFIED
M00122,Johnson-Carlson,services,2025-04-07,VERIFIED
M00123,Chandler-Edwards,ecommerce,2025-12-16,VERIFIED
M00124,"Joyce, Wilson and Lam",fashion,2025-05-13,VERIFIED
M00125,Scott Ltd,electronics,2025-04-09,VERIFIED
M00126,Smith-Frost,electronics,2025-11-25,VERIFIED
M00127,"Mcdaniel, Bentley and Mclaughlin",ecommerce,2025-12-21,VERIFIED
M00128,Diaz Inc,restaurant,2026-03-21,LIMITED
M00129,"Mccall, Hanson and Alvarado",ecommerce,2026-01-06,VERIFIED
M00130,Cortez LLC,fashion,2026-03-12,VERIFIED
M00131,"Parker, Ortiz and Powell",services,2026-02-01,PENDING
M00132,Spencer-Lee,healthcare,2025-07-02,VERIFIED
M00133,"Bentley, Byrd and Orr",services,2026-01-24,VERIFIED
M00134,"Carroll, Sullivan and Bass",ecommerce,2025-09-24,VERIFIED
M00135,Mitchell-Jordan,SaaS,2025-07-31,VERIFIED
M00136,"Lawson, Morris and Ramos",SaaS,2026-02-12,VERIFIED
M00137,"Lewis, Kennedy and Santana",electronics,2026-01-15,VERIFIED
M00138,"Jackson, Miller and Robertson",services,2026-01-20,VERIFIED
M00139,"Harvey, Davis and Crane",restaurant,2025-03-16,VERIFIED
M00140,Chambers and Sons,services,2025-11-17,VERIFIED
M00141,Hernandez Inc,electronics,2025-05-14,VERIFIED
M00142,Riggs PLC,SaaS,2026-02-19,VERIFIED
M00143,Gibson Ltd,electronics,2025-12-15,VERIFIED
M00144,"Lee, Horton and Snyder",services,2025-05-29,VERIFIED
M00145,Hernandez Ltd,SaaS,2026-02-06,VERIFIED
M00146,Stafford Inc,ecommerce,2025-11-17,PENDING
M00147,Robinson-Brock,fashion,2025-03-15,VERIFIED
M00148,"Holmes, Williams and Wright",grocery,2025-09-26,VERIFIED
M00149,Bryant Group,ecommerce,2025-09-23,VERIFIED
M00150,"Schmidt, Hansen and Stewart",ecommerce,2025-03-20,VERIFIED
M00151,Salazar-Ball,services,2025-07-31,VERIFIED
M00152,"Simmons, Meadows and Griffin",services,2025-12-15,PENDING
M00153,Manning Group,travel,2025-04-23,VERIFIED
M00154,Green-Wright,services,2026-01-10,VERIFIED
M00155,"Ramirez, Strickland and Washington",SaaS,2025-12-21,VERIFIED
M00156,Hill Inc,ecommerce,2025-03-17,VERIFIED
M00157,"Mitchell, Nelson and Flores",education,2025-05-22,VERIFIED
M00158,"Miller, Hernandez and Reyes",ecommerce,2025-05-03,VERIFIED
M00159,Mccarthy Inc,healthcare,2025-04-21,VERIFIED
M00160,Russell-Daniels,grocery,2026-01-02,VERIFIED
M00161,Brown-Wall,electronics,2025-10-11,VERIFIED
M00162,Stein-Silva,fashion,2026-03-09,VERIFIED
M00163,"Smith, Gilmore and Johnston",SaaS,2025-05-15,VERIFIED
M00164,Smith-Bell,healthcare,2025-06-30,VERIFIED
M00165,Castaneda-Ashley,travel,2025-09-29,VERIFIED
M00166,Medina-Navarro,electronics,2025-08-25,LIMITED
M00167,"Hurst, Freeman and Nelson",services,2025-11-20,PENDING
M00168,Johnson-Rogers,education,2025-06-16,VERIFIED
M00169,"Yates, Ramsey and Pittman",restaurant,2025-07-22,PENDING
M00170,Hooper PLC,travel,2026-01-22,VERIFIED
M00171,Meadows PLC,services,2025-04-23,VERIFIED
M00172,"Alvarado, Miller and Patterson",grocery,2026-03-11,VERIFIED
M00173,White-Green,ecommerce,2026-02-10,PENDING
M00174,Lewis-Murphy,electronics,2026-02-20,VERIFIED
M00175,Ramirez-Bean,SaaS,2025-09-21,VERIFIED
M00176,King-Miller,services,2026-01-27,VERIFIED
M00177,Curry Inc,education,2025-07-02,VERIFIED
M00178,Walker-Jones,SaaS,2025-11-04,VERIFIED
M00179,"Williams, Johnson and Wright",grocery,2026-02-08,VERIFIED
M00180,Howell and Sons,restaurant,2026-01-10,VERIFIED
M00181,Wells Inc,ecommerce,2026-01-17,PENDING
M00182,"Gould, Marshall and Scott",grocery,2026-01-15,VERIFIED
M00183,Jackson-Lawson,SaaS,2025-07-26,VERIFIED
M00184,"Higgins, Strickland and Martin",services,2025-06-08,VERIFIED
M00185,Rodriguez-Johnson,services,2025-03-12,VERIFIED
M00186,Johnston-Odonnell,healthcare,2025-07-29,VERIFIED
M00187,Sanders-Espinoza,ecommerce,2025-07-20,VERIFIED
M00188,Vargas Ltd,healthcare,2026-01-04,VERIFIED
M00189,Garcia LLC,fashion,2026-01-20,VERIFIED
M00190,"Burke, Martinez and Riggs",SaaS,2025-10-11,VERIFIED
M00191,Reed Group,services,2025-10-02,LIMITED
M00192,"Wood, Hunter and Peterson",healthcare,2025-12-08,VERIFIED
M00193,Short-Garcia,SaaS,2025-04-07,VERIFIED
M00194,Reid-Poole,fashion,2025-11-23,VERIFIED
M00195,"Hernandez, Thompson and Boyd",travel,2026-02-04,VERIFIED
M00196,"Nelson, Morton and Medina",education,2026-03-20,PENDING
M00197,Marshall-Petersen,travel,2025-05-04,VERIFIED
M00198,"Adams, Christian and Rivas",restaurant,2025-04-05,VERIFIED
M00199,Ramirez Group,restaurant,2025-07-07,VERIFIED
M00200,Christensen PLC,travel,2025-05-10,VERIFIED
M00201,"Barnett, Rogers and Snyder",ecommerce,2025-05-22,VERIFIED
M00202,White-Lewis,services,2025-11-13,VERIFIED
M00203,Peterson-Beard,electronics,2025-03-17,VERIFIED
M00204,"Beard, Peters and Black",services,2025-04-18,VERIFIED
M00205,Miller Ltd,ecommerce,2025-06-07,VERIFIED
M00206,Freeman-Chang,travel,2025-06-20,VERIFIED
M00207,"Alvarez, Joseph and West",restaurant,2026-02-06,VERIFIED
M00208,Davis and Sons,travel,2025-08-06,VERIFIED
M00209,Holt-Torres,restaurant,2026-01-29,VERIFIED
M00210,"Wood, Tran and Cooper",healthcare,2025-09-07,VERIFIED
M00211,"Pierce, Bell and Chavez",ecommerce,2025-08-19,VERIFIED
M00212,King-Martinez,services,2025-09-03,VERIFIED
M00213,Stewart Ltd,SaaS,2025-05-07,VERIFIED
M00214,"Tapia, Vaughn and Lee",education,2025-03-22,VERIFIED
M00215,"Washington, Hardy and Bray",electronics,2025-05-13,VERIFIED
M00216,"Carlson, Hooper and Wall",ecommerce,2025-09-18,VERIFIED
M00217,Perez-White,grocery,2025-08-03,VERIFIED
M00218,Erickson and Sons,grocery,2025-06-16,VERIFIED
M00219,Williams-Brown,education,2025-05-14,VERIFIED
M00220,Terry-Martinez,healthcare,2025-06-22,VERIFIED
M00221,Garcia-Smith,restaurant,2025-12-12,VERIFIED
M00222,Harrison-Alexander,education,2025-10-25,VERIFIED
M00223,Sheppard LLC,ecommerce,2025-03-31,VERIFIED
M00224,Wilson-Jones,education,2025-11-14,VERIFIED
M00225,Jones-Soto,ecommerce,2026-02-22,VERIFIED
M00226,Hernandez PLC,SaaS,2026-03-03,VERIFIED
M00227,Miller-Wright,grocery,2025-05-27,VERIFIED
M00228,"Duran, Obrien and Gibbs",restaurant,2025-11-13,VERIFIED
M00229,Rowe Group,fashion,2025-08-27,VERIFIED
M00230,Kerr-Evans,restaurant,2025-07-03,VERIFIED
M00231,"Branch, Torres and Oliver",healthcare,2025-03-27,VERIFIED
M00232,"Choi, Garcia and Farmer",healthcare,2025-03-23,VERIFIED
M00233,"Clark, Guerrero and Moore",grocery,2025-12-08,VERIFIED
M00234,Arnold and Sons,fashion,2025-11-25,VERIFIED
M00235,Ortiz Ltd,travel,2026-01-11,VERIFIED
M00236,"Harrison, Johnson and Roberts",SaaS,2025-07-12,VERIFIED
M00237,Warner-Gibson,electronics,2025-06-09,VERIFIED
M00238,"Hall, Baker and Moody",education,2025-07-24,VERIFIED
M00239,"Guerrero, Peck and Coleman",services,2025-07-25,VERIFIED
M00240,"Walker, Hernandez and Baker",healthcare,2025-08-02,VERIFIED
M00241,Jones and Sons,travel,2025-04-21,VERIFIED
M00242,Larson-Holloway,grocery,2026-01-11,VERIFIED
M00243,Gonzales-Harrison,grocery,2026-02-11,VERIFIED
M00244,Lyons-Bender,education,2025-06-15,VERIFIED
M00245,"Fernandez, Kim and George",restaurant,2025-10-23,VERIFIED
M00246,Navarro-Munoz,electronics,2025-06-11,VERIFIED
M00247,Davis Ltd,SaaS,2025-04-30,VERIFIED
M00248,"Matthews, Smith and Hubbard",electronics,2025-05-15,VERIFIED
M00249,Johnston-Hines,services,2025-07-21,VERIFIED
M00250,Ruiz Ltd,restaurant,2026-01-27,PENDING
M00251,Moon-White,grocery,2026-01-08,VERIFIED
M00252,"Graham, Olsen and Costa",ecommerce,2025-03-26,LIMITED
M00253,Bailey-Cook,electronics,2025-11-15,PENDING
M00254,"Garcia, Martin and Jenkins",services,2025-05-25,VERIFIED
M00255,Roberts-Landry,travel,2025-09-09,VERIFIED
M00256,"Johnson, Miller and King",services,2025-05-10,VERIFIED
M00257,Cordova Group,services,2025-06-16,PENDING
M00258,"Bryan, Smith and Booth",ecommerce,2025-03-11,VERIFIED
M00259,Gutierrez-Lopez,grocery,2025-08-22,VERIFIED
M00260,Dean-Jimenez,healthcare,2025-11-18,PENDING
M00261,Wolf-Harris,restaurant,2025-11-17,VERIFIED
M00262,"Anderson, Roberts and Gilmore",travel,2025-11-17,LIMITED
M00263,Martinez-Dudley,travel,2025-07-18,VERIFIED
M00264,"Lloyd, Mckinney and Collins",education,2025-12-19,VERIFIED
M00265,Tran Inc,services,2025-08-19,VERIFIED
M00266,Gay Inc,healthcare,2025-09-28,VERIFIED
M00267,Valentine-Holland,SaaS,2025-12-19,VERIFIED
M00268,Jimenez Ltd,travel,2025-09-26,VERIFIED
M00269,Hicks-Hill,grocery,2025-07-17,VERIFIED
M00270,Baird-Sanchez,electronics,2025-11-20,VERIFIED
M00271,"Thomas, Lee and Greene",education,2025-06-07,VERIFIED
M00272,"Suarez, Shields and Hill",ecommerce,2025-10-01,VERIFIED
M00273,Morgan-French,SaaS,2026-02-26,VERIFIED
M00274,Hoover-Campbell,restaurant,2025-03-08,VERIFIED
M00275,Monroe-Carpenter,education,2025-06-25,VERIFIED
M00276,"Burns, Hernandez and Ryan",services,2025-11-26,VERIFIED
M00277,Cook-Hines,travel,2026-01-21,VERIFIED
M00278,Gibson-Morris,travel,2026-01-21,VERIFIED
M00279,Pollard and Sons,restaurant,2025-05-02,VERIFIED
M00280,"Reyes, Chase and Jenkins",grocery,2025-10-26,LIMITED
M00281,Garner-Thornton,ecommerce,2025-04-03,VERIFIED
M00282,Hughes-Alvarado,ecommerce,2026-01-04,VERIFIED
M00283,"Pollard, Simpson and Johnson",education,2026-03-11,VERIFIED
M00284,"Sanford, Rivera and Garcia",services,2025-06-30,LIMITED
M00285,Garcia-Lozano,ecommerce,2026-01-25,VERIFIED
M00286,Bowen Group,grocery,2026-03-14,VERIFIED
M00287,"Booker, Jones and Harrington",SaaS,2025-03-17,PENDING
M00288,Morgan-Schwartz,education,2025-03-28,PENDING
M00289,"Miller, Murphy and Craig",education,2025-04-29,VERIFIED
M00290,"James, Stewart and Higgins",SaaS,2026-03-13,VERIFIED
M00291,Brennan-Johnson,ecommerce,2026-01-10,VERIFIED
M00292,Young Ltd,fashion,2025-11-16,VERIFIED
M00293,Bright-Francis,restaurant,2025-07-17,VERIFIED
M00294,Good-Hodges,ecommerce,2025-06-23,VERIFIED
M00295,"Brennan, Wallace and Benson",grocery,2026-03-11,VERIFIED
M00296,Williams Inc,grocery,2026-03-04,VERIFIED
M00297,Howard-Jordan,services,2025-11-24,VERIFIED
M00298,Schmidt PLC,grocery,2025-05-31,VERIFIED
M00299,"Sparks, Jackson and Miller",services,2025-07-28,VERIFIED
M00300,Harvey-Allen,education,2025-12-07,LIMITED
M00301,"Thomas, Murray and King",SaaS,2026-01-19,VERIFIED
M00302,Estrada-Nolan,healthcare,2025-04-10,VERIFIED
M00303,Santana-Byrd,healthcare,2026-02-01,VERIFIED
M00304,Jones LLC,fashion,2026-01-08,VERIFIED
M00305,"Evans, Hayden and Vaughn",restaurant,2025-07-04,PENDING
M00306,Bruce-Gonzalez,travel,2025-08-12,VERIFIED
M00307,Castaneda-Rodriguez,services,2025-04-13,VERIFIED
M00308,Armstrong-Andrews,ecommerce,2026-02-18,VERIFIED
M00309,"Phillips, Spence and Barrett",restaurant,2025-07-19,VERIFIED
M00310,Smith-Grimes,fashion,2025-09-26,VERIFIED
M00311,"Beltran, Lozano and Mcgee",fashion,2025-10-09,VERIFIED
M00312,Parsons-Hall,education,2025-06-17,VERIFIED
M00313,Robinson-Lee,fashion,2026-02-09,VERIFIED
M00314,Byrd-Le,education,2025-07-28,LIMITED
M00315,"Becker, Taylor and Davis",services,2025-11-15,VERIFIED
M00316,"Lucas, Parker and Alexander",education,2026-01-11,VERIFIED
M00317,"Diaz, Anderson and Browning",electronics,2025-11-25,VERIFIED
M00318,Burgess-Thompson,electronics,2025-09-25,VERIFIED
M00319,Buchanan LLC,restaurant,2025-08-28,LIMITED
M00320,"Shaw, Nelson and Martin",travel,2025-06-21,VERIFIED
M00321,Coffey-Phillips,education,2025-04-23,VERIFIED
M00322,Brock-Mcdonald,restaurant,2025-10-20,VERIFIED
M00323,Taylor and Sons,electronics,2025-03-31,VERIFIED
M00324,"Ramsey, Whitney and Coffey",services,2025-12-12,VERIFIED
M00325,"Diaz, Gibbs and Smith",services,2025-11-10,VERIFIED
M00326,"Martinez, Richardson and Curry",SaaS,2025-10-18,VERIFIED
M00327,Richards-Carson,SaaS,2025-07-04,VERIFIED
M00328,Rodriguez-Hall,services,2025-06-02,VERIFIED
M00329,Harvey PLC,restaurant,2025-06-27,VERIFIED
M00330,Herman-Walker,electronics,2025-09-22,PENDING
M00331,Reid Group,SaaS,2025-10-26,VERIFIED
M00332,"Turner, Ortiz and Taylor",restaurant,2025-08-19,VERIFIED
M00333,Torres Group,education,2025-03-19,VERIFIED
M00334,Davis PLC,education,2025-07-27,VERIFIED
M00335,Price LLC,restaurant,2025-11-15,VERIFIED
M00336,"Avery, Horton and Fernandez",grocery,2025-03-30,PENDING
M00337,"Newton, Moore and Perry",restaurant,2025-10-06,VERIFIED
M00338,Bass PLC,SaaS,2025-05-05,PENDING
M00339,Crosby-Ramirez,SaaS,2025-09-02,VERIFIED
M00340,"Wood, Ramos and Sampson",travel,2026-02-12,VERIFIED
M00341,Garcia-Jennings,travel,2026-03-15,VERIFIED
M00342,"Winters, Newman and Brown",services,2026-03-13,LIMITED
M00343,Lopez-Martinez,fashion,2025-07-12,VERIFIED
M00344,Davis-Lewis,electronics,2026-01-29,LIMITED
M00345,"Harper, Smith and Buchanan",education,2025-12-03,VERIFIED
M00346,Zhang PLC,services,2026-03-05,VERIFIED
M00347,Jones PLC,SaaS,2025-06-01,VERIFIED
M00348,Willis and Sons,restaurant,2025-04-18,VERIFIED
M00349,Schroeder-Kramer,grocery,2026-01-21,VERIFIED
M00350,"Smith, Garrison and Thomas",restaurant,2026-02-21,VERIFIED
M00351,Fernandez and Sons,ecommerce,2025-07-30,VERIFIED
M00352,Guerrero Inc,travel,2025-03-20,VERIFIED
M00353,Smith and Sons,fashion,2025-08-21,VERIFIED
M00354,"Morris, Thompson and Williams",fashion,2025-09-23,VERIFIED
M00355,"Fisher, Wilson and Brown",travel,2025-05-18,VERIFIED
M00356,Strickland-Palmer,services,2025-09-01,VERIFIED
M00357,Hayes and Sons,fashion,2026-02-27,VERIFIED
M00358,"Williams, Logan and Camacho",services,2025-10-23,VERIFIED
M00359,"Turner, Schneider and Johnson",travel,2026-03-02,VERIFIED
M00360,Boone-Simmons,services,2025-11-04,VERIFIED
M00361,Henry Group,grocery,2025-03-20,VERIFIED
M00362,Lam LLC,services,2025-07-14,VERIFIED
M00363,"Hernandez, Martinez and Weber",SaaS,2025-06-17,VERIFIED
M00364,"Kelley, Nguyen and Vang",SaaS,2025-11-11,VERIFIED
M00365,"Phillips, Wagner and Jordan",travel,2025-09-18,VERIFIED
M00366,"Wilson, Pena and Rich",restaurant,2025-11-29,VERIFIED
M00367,"Le, Lewis and Hayes",travel,2025-08-05,VERIFIED
M00368,Gutierrez Group,healthcare,2026-02-09,VERIFIED
M00369,Perry-Davis,education,2026-01-21,VERIFIED
M00370,Edwards-Scott,ecommerce,2026-03-19,LIMITED
M00371,Mcdaniel Group,SaaS,2026-01-17,VERIFIED
M00372,Davis Inc,healthcare,2025-09-29,VERIFIED
M00373,Reynolds Ltd,education,2025-05-27,VERIFIED
M00374,"Watson, Anderson and Brown",restaurant,2026-02-11,VERIFIED
M00375,"Hoffman, Santiago and Jenkins",grocery,2026-03-13,VERIFIED
M00376,"Pugh, Henderson and Moon",SaaS,2025-04-22,VERIFIED
M00377,Schmitt PLC,SaaS,2025-08-27,VERIFIED
M00378,Bell-Lane,grocery,2025-06-11,VERIFIED
M00379,Moore Group,restaurant,2026-03-03,VERIFIED
M00380,Boone LLC,grocery,2025-09-07,VERIFIED
M00381,"Richardson, Farmer and Andrews",ecommerce,2025-03-27,VERIFIED
M00382,Bruce-Villegas,ecommerce,2025-04-22,VERIFIED
M00383,"Austin, Day and Johnson",ecommerce,2025-06-06,VERIFIED
M00384,"Gallegos, Adams and White",restaurant,2025-04-19,VERIFIED
M00385,"Farmer, Dorsey and Bell",travel,2025-09-25,VERIFIED
M00386,Kane PLC,restaurant,2025-07-05,VERIFIED
M00387,"Morales, Thomas and Schultz",services,2025-07-06,VERIFIED
M00388,Davis PLC,fashion,2025-07-31,VERIFIED
M00389,Bennett Group,grocery,2026-01-02,VERIFIED
M00390,Moore-Collins,fashion,2025-08-29,VERIFIED
M00391,Frank-Bradley,fashion,2025-08-31,VERIFIED
M00392,Ware and Sons,travel,2025-11-01,PENDING
M00393,Webster Inc,grocery,2026-01-23,VERIFIED
M00394,"Miller, Ramos and Coleman",grocery,2025-12-15,VERIFIED
M00395,"Ramos, Nelson and Fischer",SaaS,2025-08-23,VERIFIED
M00396,Reed Inc,healthcare,2025-09-24,VERIFIED
M00397,Gregory-Watkins,fashion,2026-02-05,VERIFIED
M00398,"Estrada, Williams and Foster",electronics,2025-10-03,VERIFIED
M00399,"Brown, Harris and Dougherty",fashion,2025-05-30,PENDING
M00400,Duran LLC,travel,2025-03-13,VERIFIED
M00401,Wilson-Jimenez,services,2025-03-12,PENDING
M00402,Thompson-James,electronics,2025-05-16,VERIFIED
M00403,"Hall, Hansen and Barnett",ecommerce,2025-10-01,VERIFIED
M00404,Jones-Hensley,travel,2025-03-18,VERIFIED
M00405,Graham Group,services,2025-12-01,VERIFIED
M00406,Atkins PLC,travel,2025-11-19,VERIFIED
M00407,Berry-Mckinney,services,2025-06-17,VERIFIED
M00408,Roberts-Sullivan,SaaS,2025-07-15,VERIFIED
M00409,Jackson-Meza,ecommerce,2025-11-21,VERIFIED
M00410,Collier-Gillespie,restaurant,2025-03-12,VERIFIED
M00411,Kim Inc,education,2025-03-16,VERIFIED
M00412,Graham Group,travel,2025-05-19,VERIFIED
M00413,"Miller, Harrell and Reese",electronics,2026-01-26,VERIFIED
M00414,Cook and Sons,electronics,2025-12-11,VERIFIED
M00415,Dixon Inc,SaaS,2025-04-13,VERIFIED
M00416,"Hicks, Bullock and Bailey",restaurant,2025-03-12,LIMITED
M00417,"Mullen, Brewer and Hernandez",travel,2025-10-13,VERIFIED
M00418,Thomas and Sons,grocery,2025-08-25,VERIFIED
M00419,Morrison Ltd,grocery,2026-01-19,VERIFIED
M00420,Thompson Ltd,SaaS,2025-07-14,VERIFIED
M00421,Marshall-Elliott,ecommerce,2025-08-16,VERIFIED
M00422,"Cole, Glass and Cunningham",restaurant,2026-03-11,VERIFIED
M00423,"Downs, Morris and Maddox",grocery,2025-03-21,VERIFIED
M00424,Hernandez-Jones,education,2026-01-05,VERIFIED
M00425,Welch-Hogan,education,2025-05-15,VERIFIED
M00426,"Brown, Romero and Collins",restaurant,2025-05-30,VERIFIED
M00427,Johnson-Wood,fashion,2025-05-22,VERIFIED
M00428,Jones-Lin,fashion,2025-05-22,VERIFIED
M00429,Gilbert PLC,fashion,2026-03-19,VERIFIED
M00430,Ford-Spencer,fashion,2025-10-15,VERIFIED
M00431,"Huang, Cole and Pacheco",education,2025-08-16,VERIFIED
M00432,"Lopez, Jacobs and Mason",ecommerce,2025-12-21,VERIFIED
M00433,Hayes LLC,ecommerce,2025-07-22,VERIFIED
M00434,"Miller, Lucas and Williams",travel,2025-12-14,VERIFIED
M00435,"Kim, Gonzales and Mills",fashion,2025-06-28,VERIFIED
M00436,Cox LLC,healthcare,2026-02-27,LIMITED
M00437,Ortiz-Morgan,education,2025-07-23,VERIFIED
M00438,"Williams, Mccoy and Cook",education,2025-09-13,PENDING
M00439,Davis-Gregory,restaurant,2025-05-31,PENDING
M00440,King-York,restaurant,2025-07-04,VERIFIED
M00441,"Marks, Cook and Aguilar",restaurant,2025-07-16,VERIFIED
M00442,Rangel LLC,electronics,2026-03-17,VERIFIED
M00443,"Hale, Myers and Larson",travel,2026-02-27,LIMITED
M00444,Collins Group,healthcare,2025-09-14,VERIFIED
M00445,"Conner, Li and Santiago",fashion,2025-07-21,VERIFIED
M00446,"Osborn, Gaines and Davis",ecommerce,2025-03-08,VERIFIED
M00447,"Henderson, Cox and Cox",travel,2025-07-21,VERIFIED
M00448,Bean LLC,grocery,2025-11-13,VERIFIED
M00449,Lee-Cooke,education,2025-04-18,VERIFIED
M00450,Jones Inc,healthcare,2025-06-02,VERIFIED
M00451,"Wise, Conley and Stephenson",services,2025-08-01,VERIFIED
M00452,Stanley PLC,grocery,2025-04-01,PENDING
M00453,Harper and Sons,services,2026-01-09,VERIFIED
M00454,White Ltd,electronics,2026-02-01,VERIFIED
M00455,"Lamb, Martin and Kim",grocery,2026-02-17,VERIFIED
M00456,Diaz-Ball,fashion,2025-12-17,VERIFIED
M00457,Bishop-Goodwin,services,2025-04-11,VERIFIED
M00458,Young-Allen,SaaS,2025-09-14,VERIFIED
M00459,Mckee-Lee,grocery,2025-03-18,VERIFIED
M00460,"Valentine, Joyce and Murray",electronics,2025-05-18,VERIFIED
M00461,Strickland-Shaw,education,2025-09-13,LIMITED
M00462,Burch-Montoya,SaaS,2026-03-18,VERIFIED
M00463,"Taylor, Wright and Davidson",healthcare,2025-04-08,VERIFIED
M00464,Spencer-Garcia,restaurant,2025-04-03,VERIFIED
M00465,"Rosales, Mitchell and Hines",electronics,2025-10-21,VERIFIED
M00466,Cole-Palmer,grocery,2025-07-04,PENDING
M00467,Davis-Lozano,SaaS,2025-04-19,VERIFIED
M00468,Wilkerson-Arias,fashion,2025-10-14,VERIFIED
M00469,Brown-Shaw,ecommerce,2026-01-30,VERIFIED
M00470,Hughes Inc,healthcare,2025-04-13,VERIFIED
M00471,Walker-Flores,travel,2025-10-11,VERIFIED
M00472,Combs Ltd,grocery,2025-05-07,VERIFIED
M00473,Moody-Taylor,travel,2025-04-17,VERIFIED
M00474,Lowery-Kennedy,education,2025-08-06,VERIFIED
M00475,Blake Group,ecommerce,2025-10-09,VERIFIED
M00476,Gilbert-Bullock,restaurant,2025-04-30,VERIFIED
M00477,Scott and Sons,fashion,2025-08-08,VERIFIED
M00478,"Bentley, Lynch and Henderson",ecommerce,2025-10-30,VERIFIED
M00479,Young-Martinez,ecommerce,2026-02-06,VERIFIED
M00480,Barnes PLC,restaurant,2025-06-16,PENDING
M00481,Brown-Copeland,travel,2025-03-26,LIMITED
M00482,Carlson-Smith,travel,2026-02-06,VERIFIED
M00483,"Andrews, Higgins and Carter",education,2025-05-22,VERIFIED
M00484,Mendez and Sons,restaurant,2026-01-09,VERIFIED
M00485,"Butler, Beck and Miller",travel,2026-02-18,VERIFIED
M00486,Jones-Fox,healthcare,2025-12-03,VERIFIED
M00487,"Hartman, Romero and Smith",SaaS,2025-05-07,VERIFIED
M00488,Williams-Hughes,services,2026-01-27,VERIFIED
M00489,King-Smith,fashion,2026-02-24,LIMITED
M00490,Cooper Ltd,education,2026-02-02,VERIFIED
M00491,"Fuller, Ingram and Moss",SaaS,2025-08-14,VERIFIED
M00492,Anderson-Bell,travel,2025-10-23,VERIFIED
M00493,Li-Thompson,ecommerce,2025-10-17,LIMITED
M00494,"Marshall, Dominguez and Welch",travel,2026-02-05,VERIFIED
M00495,Brown Group,healthcare,2026-02-05,PENDING
M00496,Carter Inc,SaaS,2026-03-15,PENDING
M00497,Blackwell LLC,ecommerce,2025-10-04,VERIFIED
M00498,Robertson-Hays,fashion,2025-08-03,VERIFIED
M00499,"Kennedy, Johnson and Lucas",travel,2025-07-16,VERIFIED
M00500,Kelly-Norman,healthcare,2025-05-10,VERIFIED
M00501,"Rivera, Martinez and Richardson",restaurant,2025-10-17,VERIFIED
M00502,Paul-Kline,healthcare,2026-01-28,VERIFIED
M00503,Morgan-Lopez,education,2025-04-16,VERIFIED
M00504,"Jimenez, Glass and Stone",fashion,2026-02-28,VERIFIED
M00505,Acosta Inc,electronics,2025-10-12,VERIFIED
M00506,Morrison-Short,services,2026-03-21,VERIFIED
M00507,"Carter, Garcia and Murphy",travel,2025-04-16,VERIFIED
M00508,Parker-Morrison,healthcare,2026-03-02,VERIFIED
M00509,Jackson-Wallace,services,2026-01-28,VERIFIED
M00510,Williams-Berg,restaurant,2025-11-12,VERIFIED
M00511,Mendez-Graham,ecommerce,2026-03-21,VERIFIED
M00512,"Whitney, Gould and Jones",services,2026-01-17,VERIFIED
M00513,"Sullivan, Palmer and Brady",travel,2026-03-02,VERIFIED
M00514,Cisneros and Sons,electronics,2026-02-22,VERIFIED
M00515,"Gregory, Kim and Martinez",travel,2025-10-17,PENDING
M00516,Osborne LLC,ecommerce,2025-07-04,VERIFIED
M00517,Reyes-Bradley,fashion,2026-01-24,VERIFIED
M00518,"Hernandez, Cole and Watson",grocery,2025-04-19,VERIFIED
M00519,Hines-Berry,restaurant,2026-03-18,VERIFIED
M00520,"Richardson, Edwards and Ramirez",travel,2025-05-12,LIMITED
M00521,Johnson and Sons,healthcare,2025-10-11,PENDING
M00522,Holmes-Mcintyre,grocery,2025-03-31,VERIFIED
M00523,Green LLC,education,2025-04-03,VERIFIED
M00524,"Griffin, Davies and Mitchell",services,2025-03-12,VERIFIED
M00525,Gonzalez-Taylor,education,2025-11-09,PENDING
M00526,Hayes Ltd,fashion,2025-09-21,VERIFIED
M00527,Osborn-Cochran,SaaS,2025-09-28,LIMITED
M00528,Contreras-Mckinney,fashion,2025-10-21,VERIFIED
M00529,"Daniels, Vance and York",restaurant,2025-04-28,VERIFIED
M00530,"Mckinney, Graves and Thompson",SaaS,2026-01-07,VERIFIED
M00531,Hicks-Martinez,fashion,2025-09-02,VERIFIED
M00532,Conner and Sons,ecommerce,2026-01-02,VERIFIED
M00533,Johnson-Spencer,healthcare,2025-04-21,VERIFIED
M00534,Mcdonald-Bird,education,2025-05-31,VERIFIED
M00535,Salazar Inc,electronics,2025-11-16,VERIFIED
M00536,Parker Ltd,grocery,2025-04-08,VERIFIED
M00537,"Mendoza, Jenkins and Ortiz",fashion,2026-03-07,VERIFIED
M00538,"Jones, Compton and Day",services,2025-11-11,VERIFIED
M00539,Owens-Holmes,services,2026-03-09,VERIFIED
M00540,Humphrey PLC,SaaS,2025-07-28,LIMITED
M00541,"Matthews, Saunders and Anderson",restaurant,2026-03-20,PENDING
M00542,"Bartlett, Brown and Martinez",ecommerce,2025-12-18,VERIFIED
M00543,Torres and Sons,fashion,2025-09-01,VERIFIED
M00544,Donovan-Perez,ecommerce,2025-11-16,VERIFIED
M00545,"Jacobson, Singleton and King",education,2025-08-24,VERIFIED
M00546,"Huber, Hill and Weber",ecommerce,2025-07-20,VERIFIED
M00547,"Ferguson, Shaw and Jackson",SaaS,2025-05-27,VERIFIED
M00548,"Moore, Hopkins and Le",services,2025-12-08,VERIFIED
M00549,"Morgan, Bradshaw and Williams",grocery,2025-09-14,VERIFIED
M00550,Miller Ltd,SaaS,2025-06-13,VERIFIED
M00551,"Baker, Clark and Armstrong",healthcare,2026-01-05,PENDING
M00552,"Fowler, Jimenez and Burton",restaurant,2026-02-20,VERIFIED
M00553,May-Turner,restaurant,2025-04-23,PENDING
M00554,Ballard Ltd,fashion,2025-10-10,VERIFIED
M00555,Evans-Jones,restaurant,2025-07-23,VERIFIED
M00556,Moore Group,healthcare,2025-08-30,PENDING
M00557,Marshall-Peterson,SaaS,2025-05-15,VERIFIED
M00558,Edwards Ltd,fashion,2025-07-11,VERIFIED
M00559,Gross-Valencia,travel,2025-11-09,VERIFIED
M00560,Anderson-Wood,education,2025-08-23,VERIFIED
M00561,"Rodriguez, Allen and Martinez",ecommerce,2026-01-03,VERIFIED
M00562,Wright-Davis,education,2025-05-06,VERIFIED
M00563,Dougherty-Lin,fashion,2025-03-25,VERIFIED
M00564,Wright-Grimes,fashion,2025-11-25,VERIFIED
M00565,Li PLC,restaurant,2025-11-06,VERIFIED
M00566,"Edwards, Hines and Jimenez",travel,2026-02-28,VERIFIED
M00567,"Owens, Koch and Jimenez",services,2025-10-07,VERIFIED
M00568,Landry PLC,fashion,2026-01-16,VERIFIED
M00569,Levy-Lewis,fashion,2025-03-12,VERIFIED
M00570,Williams-Campbell,grocery,2026-03-19,PENDING
M00571,"Khan, Pena and Ruiz",healthcare,2025-04-11,VERIFIED
M00572,"Smith, Rodriguez and Anderson",services,2025-05-24,VERIFIED
M00573,Luna-Gallagher,restaurant,2025-08-25,VERIFIED
M00574,Williams-Williams,SaaS,2025-07-26,VERIFIED
M00575,"Lee, Tran and Jones",services,2025-07-21,VERIFIED
M00576,"Cole, Pierce and Bryan",healthcare,2025-05-09,VERIFIED
M00577,"Becker, Wilson and Hester",SaaS,2026-03-08,VERIFIED
M00578,Brooks-Hatfield,travel,2025-04-04,VERIFIED
M00579,"Mcmillan, Fischer and Gonzalez",services,2025-07-30,VERIFIED
M00580,"Morales, Williams and Williams",fashion,2026-01-09,VERIFIED
M00581,"Cook, Wells and Bryant",grocery,2025-08-12,VERIFIED
M00582,"Barry, Taylor and Velazquez",education,2025-12-16,VERIFIED
M00583,Martin-Ewing,ecommerce,2025-05-03,VERIFIED
M00584,"Kirby, Wheeler and Romero",travel,2025-05-28,VERIFIED
M00585,"Patel, Erickson and Evans",healthcare,2025-06-24,VERIFIED
M00586,Richardson Ltd,electronics,2025-09-21,VERIFIED
M00587,Whitney PLC,healthcare,2025-09-02,VERIFIED
M00588,Robles-Swanson,restaurant,2025-08-26,LIMITED
M00589,"Soto, Carlson and Baker",healthcare,2025-07-29,VERIFIED
M00590,"Patton, Parsons and Lane",SaaS,2026-02-09,VERIFIED
M00591,"Williams, Castillo and Warren",electronics,2025-09-08,VERIFIED
M00592,"Harvey, Randall and Hernandez",education,2026-02-03,VERIFIED
M00593,"Allen, Armstrong and Graves",ecommerce,2026-01-27,VERIFIED
M00594,Smith LLC,fashion,2025-06-07,VERIFIED
M00595,Hernandez-Vaughn,healthcare,2025-05-26,VERIFIED
M00596,Shaw-Carr,healthcare,2026-01-21,VERIFIED
M00597,Salas-Fitzgerald,ecommerce,2025-07-06,VERIFIED
M00598,Thornton PLC,grocery,2025-04-11,VERIFIED
M00599,Hoffman Ltd,ecommerce,2026-03-24,VERIFIED
M00600,Fox-Edwards,fashion,2025-10-30,PENDING
M00601,Stevens PLC,services,2025-08-13,VERIFIED
M00602,Payne-Lowe,electronics,2026-01-23,VERIFIED
M00603,"Becker, Lara and Baker",SaaS,2025-11-26,PENDING
M00604,Lee-Wright,healthcare,2025-03-19,VERIFIED
M00605,"Evans, David and Hendrix",healthcare,2025-04-10,VERIFIED
M00606,Bush-Vaughn,grocery,2025-11-20,VERIFIED
M00607,Stewart-Bailey,SaaS,2025-09-23,VERIFIED
M00608,"Hill, Martinez and Rhodes",restaurant,2025-05-15,PENDING
M00609,Huang-Foster,electronics,2025-11-22,LIMITED
M00610,Blevins-Ballard,fashion,2025-03-12,VERIFIED
M00611,Williams-Moses,education,2025-07-05,VERIFIED
M00612,Reed Group,SaaS,2026-01-07,VERIFIED
M00613,"Scott, Mendoza and Harris",travel,2025-10-19,PENDING
M00614,"Nelson, Hoffman and Nelson",education,2026-02-16,VERIFIED
M00615,Gilbert PLC,SaaS,2025-05-21,VERIFIED
M00616,Sanchez Ltd,grocery,2025-06-27,VERIFIED
M00617,"Perez, Hall and Garcia",fashion,2026-01-07,VERIFIED
M00618,Love-Garcia,services,2026-01-22,VERIFIED
M00619,Smith PLC,services,2025-09-05,LIMITED
M00620,Russell Group,ecommerce,2025-07-06,VERIFIED
M00621,Santos-Avila,education,2025-04-21,VERIFIED
M00622,Morris-Brewer,electronics,2025-09-06,VERIFIED
M00623,Pearson and Sons,healthcare,2025-12-14,PENDING
M00624,"Rodgers, Jefferson and Johnson",travel,2026-03-07,VERIFIED
M00625,Butler and Sons,SaaS,2025-08-26,VERIFIED
M00626,Osborn Group,education,2025-11-18,VERIFIED
M00627,Lopez-Curry,SaaS,2026-02-02,VERIFIED
M00628,Mcdowell-Smith,fashion,2025-10-07,VERIFIED
M00629,"Morrison, Hebert and Rogers",healthcare,2026-02-25,VERIFIED
M00630,Hays-Daniels,travel,2025-08-25,VERIFIED
M00631,Small-Anderson,travel,2026-03-16,VERIFIED
M00632,"Mcdonald, Lee and Rodriguez",grocery,2025-05-31,VERIFIED
M00633,Simon Ltd,ecommerce,2025-05-20,LIMITED
M00634,Higgins-Smith,travel,2025-09-15,VERIFIED
M00635,Gibbs-Bradley,grocery,2026-01-29,VERIFIED
M00636,Thompson Ltd,SaaS,2026-01-21,VERIFIED
M00637,Wilcox-Robertson,grocery,2025-12-01,LIMITED
M00638,Morales Inc,services,2025-04-09,PENDING
M00639,Holden Group,SaaS,2025-10-02,VERIFIED
M00640,Boyle-Smith,restaurant,2025-08-02,VERIFIED
M00641,Young-Molina,education,2025-04-27,VERIFIED
M00642,Turner-Sharp,SaaS,2026-02-06,VERIFIED
M00643,Green LLC,SaaS,2026-01-16,VERIFIED
M00644,"Young, Contreras and Marshall",travel,2025-03-21,LIMITED
M00645,Sullivan PLC,services,2025-11-10,VERIFIED
M00646,"Carrillo, Vaughn and Fowler",grocery,2025-11-05,VERIFIED
M00647,Richardson-Walker,restaurant,2026-01-14,VERIFIED
M00648,Mendoza Group,fashion,2026-01-22,VERIFIED
M00649,"Zhang, Brooks and Miles",travel,2026-01-14,VERIFIED
M00650,Todd-Pham,services,2025-04-01,VERIFIED
M00651,Gill Ltd,SaaS,2025-12-02,VERIFIED
M00652,"Marks, Miller and Griffin",fashion,2025-08-10,VERIFIED
M00653,"Cox, Stark and Rodriguez",services,2025-06-14,VERIFIED
M00654,"Leach, Harris and Herrera",education,2025-10-29,VERIFIED
M00655,Murphy PLC,restaurant,2025-04-30,VERIFIED
M00656,Wilson-Harris,electronics,2025-05-21,VERIFIED
M00657,"Burns, Nolan and Griffin",restaurant,2026-03-12,VERIFIED
M00658,Chavez PLC,healthcare,2025-03-31,VERIFIED
M00659,Bryant-Brown,travel,2026-03-21,VERIFIED
M00660,Chambers-Parker,electronics,2025-09-14,VERIFIED
M00661,Foster Inc,electronics,2025-12-07,VERIFIED
M00662,"Robinson, Jones and Henderson",services,2025-05-19,VERIFIED
M00663,"Brown, Mcknight and Michael",restaurant,2026-01-18,LIMITED
M00664,Andersen Group,SaaS,2025-03-30,VERIFIED
M00665,Mitchell and Sons,grocery,2025-05-18,VERIFIED
M00666,Cannon Ltd,ecommerce,2025-12-22,VERIFIED
M00667,"Stuart, Brooks and Vance",restaurant,2025-04-12,VERIFIED
M00668,Kane-Knox,SaaS,2025-12-05,VERIFIED
M00669,Miller-Brandt,grocery,2026-02-06,VERIFIED
M00670,"Anderson, Dalton and Wilson",SaaS,2025-11-08,VERIFIED
M00671,"Long, Anderson and Irwin",restaurant,2025-11-08,VERIFIED
M00672,Avila LLC,grocery,2025-03-30,VERIFIED
M00673,Nunez-Stephens,fashion,2025-05-28,VERIFIED
M00674,"Gray, Hall and Murray",fashion,2025-08-11,VERIFIED
M00675,Hill Ltd,fashion,2025-12-01,LIMITED
M00676,Johnson Ltd,education,2025-08-07,VERIFIED
M00677,Mendez-Mayer,grocery,2025-07-14,VERIFIED
M00678,Allen Inc,education,2025-11-01,VERIFIED
M00679,Wheeler Group,grocery,2025-07-06,VERIFIED
M00680,"Powers, Brennan and Sanchez",grocery,2025-12-11,VERIFIED
M00681,Morales and Sons,services,2025-05-20,VERIFIED
M00682,"Robinson, Shields and Brown",healthcare,2025-05-19,VERIFIED
M00683,"Holder, Young and Hendricks",restaurant,2025-05-19,VERIFIED
M00684,"Flores, Harper and Chambers",fashion,2025-06-14,VERIFIED
M00685,Young-Walter,education,2025-05-29,VERIFIED
M00686,"Boyd, Gutierrez and Hill",ecommerce,2025-09-07,VERIFIED
M00687,"Fry, Hobbs and Buck",restaurant,2025-04-07,VERIFIED
M00688,"Shelton, Peters and Williams",travel,2025-07-13,PENDING
M00689,David-Powers,SaaS,2025-05-26,VERIFIED
M00690,"Flores, Butler and Hernandez",electronics,2025-04-03,LIMITED
M00691,White-Medina,ecommerce,2025-08-28,PENDING
M00692,Atkinson LLC,fashion,2025-09-14,VERIFIED
M00693,"Thomas, Ford and Brown",electronics,2025-10-09,VERIFIED
M00694,Faulkner-Grant,travel,2026-01-11,VERIFIED
M00695,Price LLC,services,2025-11-14,VERIFIED
M00696,Rivera Inc,fashion,2025-06-15,VERIFIED
M00697,Boone-Davis,restaurant,2026-03-17,VERIFIED
M00698,"Calderon, Williams and Bennett",fashion,2026-01-28,VERIFIED
M00699,"Morrison, Russo and Lopez",ecommerce,2025-03-25,PENDING
M00700,"Ramsey, Hansen and Mendoza",education,2026-03-15,VERIFIED
M00701,Turner-Stout,fashion,2025-11-03,VERIFIED
M00702,Giles Ltd,travel,2025-11-15,VERIFIED
M00703,Burgess Group,SaaS,2026-01-24,VERIFIED
M00704,Dominguez Ltd,healthcare,2025-10-01,VERIFIED
M00705,Sanders and Sons,electronics,2025-05-21,VERIFIED
M00706,"Morris, Campbell and Owens",travel,2025-10-25,VERIFIED
M00707,"Howard, Green and Hunt",services,2025-05-13,LIMITED
M00708,Owens-Lang,restaurant,2025-03-21,VERIFIED
M00709,"Harrison, Franco and Rocha",ecommerce,2025-09-24,VERIFIED
M00710,Edwards-Williams,fashion,2025-06-24,VERIFIED
M00711,Figueroa Inc,education,2025-07-25,VERIFIED
M00712,Tran-Silva,education,2025-08-29,VERIFIED
M00713,"Butler, Hernandez and Rivera",grocery,2026-02-15,VERIFIED
M00714,Hudson-Sanchez,electronics,2025-08-28,VERIFIED
M00715,"Pena, Cohen and Scott",fashion,2025-09-08,VERIFIED
M00716,Levy-May,fashion,2025-08-16,VERIFIED
M00717,Murray-Oconnor,education,2025-09-18,VERIFIED
M00718,Jackson-Cortez,healthcare,2025-09-20,VERIFIED
M00719,White-Preston,ecommerce,2025-08-16,VERIFIED
M00720,"Bernard, Warren and Combs",education,2025-06-22,VERIFIED
M00721,Landry Ltd,education,2026-02-04,VERIFIED
M00722,Duran Group,SaaS,2025-04-02,VERIFIED
M00723,Kirby and Sons,healthcare,2025-03-26,VERIFIED
M00724,Mann Inc,ecommerce,2025-03-14,VERIFIED
M00725,Wagner LLC,SaaS,2025-10-16,LIMITED
M00726,Williamson Ltd,electronics,2025-05-15,LIMITED
M00727,"Durham, Hopkins and Smith",healthcare,2025-06-03,VERIFIED
M00728,"Arnold, Smith and Moreno",restaurant,2025-10-14,VERIFIED
M00729,Nichols-Mitchell,ecommerce,2025-09-25,VERIFIED
M00730,"Li, Craig and Drake",education,2025-10-09,PENDING
M00731,Rodriguez Inc,education,2025-09-30,VERIFIED
M00732,"Hernandez, Lee and Fox",restaurant,2025-10-20,VERIFIED
M00733,Adams-Sanders,grocery,2025-07-10,VERIFIED
M00734,Chung-Stevens,ecommerce,2026-01-15,LIMITED
M00735,Branch and Sons,services,2025-08-13,VERIFIED
M00736,Sutton-Abbott,electronics,2025-05-05,VERIFIED
M00737,"Frey, Santos and Johnson",healthcare,2026-03-01,VERIFIED
M00738,Gray-Tran,travel,2026-03-07,VERIFIED
M00739,Walsh Ltd,SaaS,2025-08-14,VERIFIED
M00740,Miller Group,SaaS,2026-03-26,VERIFIED
M00741,"Mueller, Knight and Hodge",healthcare,2026-01-03,LIMITED
M00742,Jacobson Inc,ecommerce,2025-08-22,VERIFIED
M00743,Lewis Ltd,services,2025-09-30,VERIFIED
M00744,"Alvarez, Williams and Jones",ecommerce,2026-03-25,VERIFIED
M00745,Lam-Elliott,services,2026-02-20,VERIFIED
M00746,White LLC,fashion,2025-05-07,VERIFIED
M00747,Ali PLC,healthcare,2025-10-19,VERIFIED
M00748,Goodwin Ltd,ecommerce,2026-02-26,VERIFIED
M00749,Hickman-Evans,restaurant,2025-07-09,VERIFIED
M00750,"Allen, Davenport and Price",travel,2025-11-01,VERIFIED
M00751,"Rivera, Campos and Taylor",services,2025-10-13,VERIFIED
M00752,"Ramsey, Mason and Mccann",electronics,2025-07-30,VERIFIED
M00753,Davis and Sons,ecommerce,2025-12-22,VERIFIED
M00754,Peterson PLC,SaaS,2025-03-10,VERIFIED
M00755,"Sanders, Ayala and Johnson",ecommerce,2025-11-22,VERIFIED
M00756,Bowers-Hayes,education,2025-11-25,VERIFIED
M00757,Kelly Group,ecommerce,2025-09-21,VERIFIED
M00758,Lopez-Willis,services,2025-09-21,VERIFIED
M00759,Miller-Montgomery,travel,2025-10-23,PENDING
M00760,Marquez Inc,services,2025-12-08,PENDING
M00761,Moore-Dawson,electronics,2025-09-20,VERIFIED
M00762,"Moore, Price and Ward",fashion,2025-05-08,VERIFIED
M00763,Smith LLC,restaurant,2025-03-26,VERIFIED
M00764,Ward-Nelson,ecommerce,2025-08-24,VERIFIED
M00765,Miller Group,electronics,2025-05-29,VERIFIED
M00766,Hawkins-Hunt,grocery,2025-05-04,VERIFIED
M00767,Johnson LLC,education,2025-10-06,VERIFIED
M00768,"Davis, George and Nguyen",education,2025-11-11,VERIFIED
M00769,Smith-Gutierrez,ecommerce,2026-01-28,VERIFIED
M00770,Hardy PLC,ecommerce,2025-11-08,VERIFIED
M00771,Armstrong and Sons,SaaS,2026-02-13,VERIFIED
M00772,"James, Taylor and Turner",grocery,2026-01-05,VERIFIED
M00773,Thomas-Jackson,education,2025-04-20,VERIFIED
M00774,Fisher-Washington,fashion,2026-03-07,VERIFIED
M00775,Ward and Sons,grocery,2025-05-20,VERIFIED
M00776,"Weber, Wheeler and Gonzalez",fashion,2026-03-11,VERIFIED
M00777,Taylor Inc,fashion,2026-01-06,PENDING
M00778,Cook-Oliver,education,2025-04-17,VERIFIED
M00779,Alexander-Jordan,restaurant,2025-08-13,VERIFIED
M00780,"Mccann, Taylor and Flores",SaaS,2026-03-11,VERIFIED
M00781,"Harris, Edwards and Oconnell",ecommerce,2025-07-17,VERIFIED
M00782,Carter-Neal,travel,2025-05-23,VERIFIED
M00783,Faulkner-Casey,restaurant,2025-10-25,VERIFIED
M00784,Bennett-Velasquez,services,2025-07-29,VERIFIED
M00785,Diaz-Frederick,restaurant,2025-09-24,LIMITED
M00786,Vargas PLC,electronics,2026-02-01,PENDING
M00787,Maldonado PLC,SaaS,2026-02-25,VERIFIED
M00788,Benton Group,electronics,2026-03-05,VERIFIED
M00789,"Clark, Salinas and Guerra",services,2026-01-29,VERIFIED
M00790,Fuentes Group,grocery,2026-01-15,VERIFIED
M00791,"Porter, Schultz and Allen",education,2025-12-05,PENDING
M00792,"Moore, Henderson and Bennett",SaaS,2025-08-29,VERIFIED
M00793,Ewing-Mendoza,restaurant,2026-03-25,VERIFIED
M00794,Ferguson-Mclean,travel,2025-06-16,LIMITED
M00795,"Barnes, Johnson and Schmitt",electronics,2025-10-30,VERIFIED
M00796,"Woodard, Herrera and Little",ecommerce,2025-04-13,VERIFIED
M00797,Rodriguez and Sons,education,2025-08-13,VERIFIED
M00798,"Ortega, Jackson and Salazar",services,2026-01-17,VERIFIED
M00799,"Terrell, Byrd and Ross",healthcare,2025-03-23,LIMITED
M00800,Sheppard-Jordan,grocery,2025-09-30,PENDING
M00801,Garcia and Sons,grocery,2025-05-20,VERIFIED
M00802,"Burgess, Grant and Watts",grocery,2025-07-16,VERIFIED
M00803,Griffin Group,education,2025-08-10,VERIFIED
M00804,Barton-Chapman,SaaS,2026-01-03,VERIFIED
M00805,"Hernandez, Cuevas and Webb",education,2025-09-06,VERIFIED
M00806,Perry-Nixon,services,2025-08-04,VERIFIED
M00807,Guerra Ltd,grocery,2025-10-09,VERIFIED
M00808,Bailey LLC,SaaS,2025-05-17,VERIFIED
M00809,Mueller-Boyd,travel,2025-11-07,VERIFIED
M00810,Alvarez-Kim,services,2025-09-02,PENDING
M00811,"Chavez, Jones and Williams",grocery,2025-11-05,VERIFIED
M00812,"Wilson, Sweeney and Wong",electronics,2025-09-22,VERIFIED
M00813,"Marsh, Spears and Yang",grocery,2025-04-22,VERIFIED
M00814,"Thompson, Moore and Castro",SaaS,2026-01-06,VERIFIED
M00815,Hall-Sullivan,services,2026-02-20,VERIFIED
M00816,Lopez Ltd,healthcare,2025-04-07,VERIFIED
M00817,Foster-Mclaughlin,ecommerce,2026-03-13,VERIFIED
M00818,Cole Group,travel,2025-04-08,VERIFIED
M00819,Smith-Lewis,electronics,2025-04-23,VERIFIED
M00820,Goodwin-Stokes,grocery,2026-03-21,VERIFIED
M00821,Ray PLC,services,2026-02-10,LIMITED
M00822,Diaz and Sons,services,2026-02-19,VERIFIED
M00823,Wilson-Lambert,electronics,2025-12-15,VERIFIED
M00824,Rose-Fowler,electronics,2026-01-19,VERIFIED
M00825,"Price, Long and Wilson",SaaS,2026-01-09,VERIFIED
M00826,Bruce-Williamson,restaurant,2026-02-05,VERIFIED
M00827,"Mccarthy, Evans and Mendez",restaurant,2026-02-25,VERIFIED
M00828,Powers LLC,healthcare,2025-04-17,VERIFIED
M00829,Allen Inc,services,2025-10-13,VERIFIED
M00830,Brooks and Sons,services,2025-12-06,VERIFIED
M00831,"Price, Carlson and Andrews",education,2025-03-28,VERIFIED
M00832,Lopez-Reid,services,2026-02-21,VERIFIED
M00833,"Ellison, Arias and Thompson",education,2025-12-13,VERIFIED
M00834,Burns and Sons,healthcare,2026-03-21,VERIFIED
M00835,Edwards Group,travel,2026-01-05,VERIFIED
M00836,"Brown, Howard and Smith",ecommerce,2025-11-19,VERIFIED
M00837,Lee Group,healthcare,2026-01-17,VERIFIED
M00838,"Wagner, Simpson and Cohen",services,2025-04-19,VERIFIED
M00839,Mckinney-Wallace,grocery,2025-06-05,VERIFIED
M00840,Miller Inc,restaurant,2025-07-23,VERIFIED
M00841,Carter LLC,travel,2026-01-18,VERIFIED
M00842,Medina and Sons,SaaS,2025-08-28,VERIFIED
M00843,Cunningham-Barton,SaaS,2025-11-27,VERIFIED
M00844,Dunn-Wilson,grocery,2025-07-08,VERIFIED
M00845,Adams PLC,healthcare,2026-03-10,VERIFIED
M00846,Weaver-Sherman,healthcare,2025-03-14,PENDING
M00847,"Alexander, Robinson and Coleman",services,2025-09-29,VERIFIED
M00848,"Greer, Potter and Evans",travel,2025-03-16,VERIFIED
M00849,Cole LLC,ecommerce,2025-05-06,VERIFIED
M00850,Gonzales Inc,healthcare,2026-02-19,VERIFIED
M00851,Clark Ltd,ecommerce,2025-10-21,VERIFIED
M00852,"Norris, Callahan and Bishop",electronics,2026-01-17,VERIFIED
M00853,Martin-Taylor,fashion,2025-12-13,VERIFIED
M00854,Li Inc,electronics,2025-07-05,VERIFIED
M00855,"Bell, Campbell and Ryan",education,2025-08-17,PENDING
M00856,Werner-Carter,restaurant,2025-08-19,VERIFIED
M00857,"Adams, Hodge and Duke",fashion,2025-05-04,VERIFIED
M00858,"Ochoa, Taylor and Brady",ecommerce,2025-03-27,VERIFIED
M00859,Sellers-Riddle,fashion,2025-10-05,VERIFIED
M00860,"Martinez, Cline and Wright",SaaS,2025-08-14,VERIFIED
M00861,"Morris, Wright and Bridges",education,2025-09-29,VERIFIED
M00862,Burns-Ray,fashion,2025-06-14,VERIFIED
M00863,Burton-Brooks,ecommerce,2025-03-16,VERIFIED
M00864,Schultz Inc,travel,2025-09-13,VERIFIED
M00865,Robertson-Ramirez,education,2026-01-26,VERIFIED
M00866,Gibson-Freeman,ecommerce,2025-11-04,VERIFIED
M00867,"Smith, Schroeder and Oconnor",education,2025-04-16,VERIFIED
M00868,"Stanton, Reid and Terry",electronics,2025-10-21,VERIFIED
M00869,Flynn Group,fashion,2025-07-21,VERIFIED
M00870,Donaldson and Sons,SaaS,2025-10-09,LIMITED
M00871,Adams-Clayton,ecommerce,2025-10-31,VERIFIED
M00872,Kelley-Anderson,grocery,2025-07-02,VERIFIED
M00873,Kramer-Shannon,electronics,2026-02-25,VERIFIED
M00874,Williams Ltd,fashion,2025-03-23,VERIFIED
M00875,Smith-Noble,education,2025-03-30,LIMITED
M00876,Alexander Inc,fashion,2026-02-19,VERIFIED
M00877,Harris-Barker,ecommerce,2026-03-21,VERIFIED
M00878,Khan LLC,fashion,2025-06-08,VERIFIED
M00879,Baxter LLC,ecommerce,2026-01-29,VERIFIED
M00880,Pena LLC,SaaS,2025-05-21,VERIFIED
M00881,Watson Ltd,services,2025-10-25,VERIFIED
M00882,Williams Ltd,electronics,2026-02-09,VERIFIED
M00883,Barber-Fischer,education,2025-03-26,VERIFIED
M00884,Rios-Padilla,grocery,2025-09-18,PENDING
M00885,Lewis Inc,ecommerce,2025-04-20,PENDING
M00886,Wheeler PLC,SaaS,2025-07-12,VERIFIED
M00887,"Wallace, Smith and Cooper",fashion,2026-02-06,VERIFIED
M00888,Mcneil Group,travel,2025-05-12,VERIFIED
M00889,"Anderson, Jones and Reyes",travel,2025-10-14,VERIFIED
M00890,"Shaffer, Garcia and Richardson",travel,2025-03-18,VERIFIED
M00891,Taylor-Ayala,electronics,2025-04-20,VERIFIED
M00892,May Ltd,fashion,2025-10-29,VERIFIED
M00893,Jones PLC,education,2025-07-07,PENDING
M00894,Bishop and Sons,services,2026-02-01,VERIFIED
M00895,Bell-Lewis,ecommerce,2025-07-29,VERIFIED
M00896,"Hernandez, Jenkins and Parks",restaurant,2025-08-05,LIMITED
M00897,Miller Inc,healthcare,2025-05-25,VERIFIED
M00898,Goodwin PLC,fashion,2025-06-29,VERIFIED
M00899,"Cruz, Richmond and Edwards",restaurant,2025-11-15,VERIFIED
M00900,Wright Ltd,services,2026-02-05,VERIFIED
M00901,Wright PLC,services,2025-10-19,VERIFIED
M00902,"Griffith, Mitchell and Pugh",SaaS,2025-04-24,VERIFIED
M00903,Abbott Ltd,SaaS,2025-05-25,VERIFIED
M00904,Harris-Lawson,SaaS,2026-03-16,VERIFIED
M00905,Adkins LLC,fashion,2025-07-29,VERIFIED
M00906,"Brown, Hurst and Blevins",healthcare,2025-08-10,VERIFIED
M00907,Cruz-Allen,ecommerce,2026-02-23,VERIFIED
M00908,"Wheeler, Rice and Levine",ecommerce,2025-06-12,VERIFIED
M00909,Peck-Anderson,SaaS,2025-11-13,VERIFIED
M00910,"Fisher, Payne and Thompson",healthcare,2025-12-11,PENDING
M00911,Best-Townsend,healthcare,2025-03-27,VERIFIED
M00912,Matthews Inc,SaaS,2026-01-19,VERIFIED
M00913,Lewis-Livingston,grocery,2026-02-11,VERIFIED
M00914,Hunter-Fuller,grocery,2026-01-30,VERIFIED
M00915,"Wang, Henderson and Morales",restaurant,2025-10-26,PENDING
M00916,"Herrera, Jensen and Ramirez",fashion,2025-08-27,LIMITED
M00917,Miller-Mccall,restaurant,2025-10-12,VERIFIED
M00918,Herrera Group,electronics,2025-11-29,VERIFIED
M00919,"Walters, Davenport and Becker",grocery,2025-04-10,VERIFIED
M00920,Collins Group,services,2025-06-22,VERIFIED
M00921,"Ashley, Allen and Sanchez",education,2025-09-08,VERIFIED
M00922,Wilson-Salazar,electronics,2025-12-12,VERIFIED
M00923,Parker Ltd,fashion,2025-08-06,VERIFIED
M00924,"Yang, Wilson and Zimmerman",fashion,2026-03-23,VERIFIED
M00925,"Smith, Crawford and Reed",fashion,2025-07-17,VERIFIED
M00926,"Logan, Le and Jackson",SaaS,2025-09-26,VERIFIED
M00927,Brady LLC,healthcare,2026-01-27,VERIFIED
M00928,"Tanner, Wise and Johnson",education,2025-03-26,PENDING
M00929,Nelson-Brown,restaurant,2026-01-25,PENDING
M00930,"Proctor, Burton and Crawford",electronics,2025-12-05,VERIFIED
M00931,"Ward, Porter and Bradley",electronics,2026-03-03,VERIFIED
M00932,Moore-Ayala,healthcare,2025-07-20,VERIFIED
M00933,"Craig, Wilson and Yang",SaaS,2025-05-31,VERIFIED
M00934,Williams Inc,travel,2025-08-29,VERIFIED
M00935,Williams LLC,travel,2026-01-15,VERIFIED
M00936,Mora-White,healthcare,2025-03-17,VERIFIED
M00937,Tran Ltd,healthcare,2026-02-13,VERIFIED
M00938,"Rios, Walker and Wright",ecommerce,2025-10-01,VERIFIED
M00939,"Flores, Mckenzie and Duncan",grocery,2026-02-27,VERIFIED
M00940,Shaw Inc,ecommerce,2025-04-15,PENDING
M00941,Walker PLC,grocery,2025-11-16,VERIFIED
M00942,Finley Inc,SaaS,2025-03-14,PENDING
M00943,Cline-Ayala,fashion,2025-06-24,VERIFIED
M00944,Murphy-Tran,electronics,2025-11-16,VERIFIED
M00945,Wood LLC,restaurant,2025-09-01,PENDING
M00946,"Mueller, Stevenson and Sanchez",travel,2025-07-18,LIMITED
M00947,Vargas-Snyder,education,2025-08-17,LIMITED
M00948,Oconnor PLC,ecommerce,2025-06-01,VERIFIED
M00949,Hernandez Group,fashion,2025-04-16,VERIFIED
M00950,Hall LLC,education,2025-09-01,VERIFIED
M00951,"Franco, Wiley and Tapia",SaaS,2025-11-19,VERIFIED
M00952,Blake Group,healthcare,2026-01-08,PENDING
M00953,"Acosta, Garcia and Moreno",healthcare,2025-05-26,VERIFIED
M00954,Barnes Inc,healthcare,2025-08-15,VERIFIED
M00955,Dawson Inc,travel,2025-11-27,PENDING
M00956,Morse PLC,services,2026-01-03,LIMITED
M00957,Haynes-Watson,restaurant,2026-01-25,LIMITED
M00958,"Miller, Davis and Anderson",services,2026-03-24,VERIFIED
M00959,Jones-Bradley,grocery,2025-06-13,VERIFIED
M00960,Bates-Anderson,restaurant,2025-03-26,LIMITED
M00961,Green-Edwards,SaaS,2026-02-17,VERIFIED
M00962,Haynes-Moss,grocery,2026-01-05,VERIFIED
M00963,Chavez-Hall,electronics,2026-01-13,LIMITED
M00964,Taylor PLC,healthcare,2025-10-27,VERIFIED
M00965,Moore and Sons,restaurant,2025-10-08,VERIFIED
M00966,Owens-Russell,services,2025-07-20,VERIFIED
M00967,"Howard, Townsend and Hayes",grocery,2026-02-13,VERIFIED
M00968,Baker-Wilson,services,2025-05-04,LIMITED
M00969,Aguirre LLC,SaaS,2025-06-24,VERIFIED
M00970,"Terry, Williams and Huff",education,2025-03-22,VERIFIED
M00971,Hernandez-Dawson,education,2026-02-10,VERIFIED
M00972,Foster-Williams,fashion,2025-10-18,PENDING
M00973,Green-Ewing,healthcare,2025-04-20,PENDING
M00974,Crane Group,services,2025-09-04,VERIFIED
M00975,"Adkins, Wright and Murray",SaaS,2025-08-22,VERIFIED
M00976,Martinez Inc,services,2025-10-30,VERIFIED
M00977,Anderson Group,healthcare,2025-11-02,VERIFIED
M00978,Parks-Pace,SaaS,2025-06-10,VERIFIED
M00979,Aguilar LLC,restaurant,2026-03-07,VERIFIED
M00980,Johnson Inc,healthcare,2026-03-03,VERIFIED
M00981,Orr Group,electronics,2025-05-15,VERIFIED
M00982,Davis LLC,travel,2026-01-16,VERIFIED
M00983,Williams Group,healthcare,2025-07-21,VERIFIED
M00984,Jackson PLC,services,2025-07-25,VERIFIED
M00985,Underwood-Foster,fashion,2025-10-03,VERIFIED
M00986,Reyes Group,ecommerce,2025-03-09,VERIFIED
M00987,Gomez and Sons,grocery,2025-03-30,VERIFIED
M00988,Ramirez-Stephenson,healthcare,2026-02-05,LIMITED
M00989,Mendez PLC,travel,2025-10-14,VERIFIED
M00990,Holland Group,ecommerce,2025-10-17,PENDING
M00991,Andrade-Mendoza,electronics,2026-02-20,VERIFIED
M00992,Ramirez and Sons,grocery,2025-03-13,VERIFIED
M00993,Gonzalez-Wilkerson,grocery,2025-10-01,VERIFIED
M00994,"Wright, Mcknight and Stephens",electronics,2026-02-10,VERIFIED
M00995,Mayo Ltd,restaurant,2025-05-28,VERIFIED
M00996,Castillo-Harrington,restaurant,2025-06-18,VERIFIED
M00997,Durham-Shaw,electronics,2025-08-12,VERIFIED
M00998,Nelson-Johnson,fashion,2025-06-20,VERIFIED
M00999,"Robinson, Huang and Osborne",SaaS,2025-09-26,VERIFIED
M01000,Stokes Group,services,2025-09-13,PENDING
M01001,"Howard, Silva and Hall",services,2025-03-28,VERIFIED
M01002,Garcia Ltd,travel,2025-03-19,VERIFIED
M01003,Adams Ltd,ecommerce,2025-06-23,PENDING
M01004,Gallagher and Sons,healthcare,2025-05-01,LIMITED
M01005,"Bradford, Salinas and Kelly",services,2025-08-02,VERIFIED
M01006,Thompson PLC,fashion,2026-02-09,VERIFIED
M01007,Drake-Wolfe,restaurant,2025-09-12,VERIFIED
M01008,"Johnson, Haynes and Meza",ecommerce,2026-01-12,VERIFIED
M01009,"Thomas, Vaughan and Copeland",healthcare,2025-11-20,VERIFIED
M01010,Weaver-Thompson,education,2025-05-20,PENDING
M01011,Davis and Sons,ecommerce,2025-07-12,VERIFIED
M01012,"Robinson, Fox and Smith",education,2025-11-20,VERIFIED
M01013,"Harris, Anderson and Love",restaurant,2026-01-25,VERIFIED
M01014,Brown-Hernandez,travel,2025-10-26,VERIFIED
M01015,"Stark, Schroeder and Mathis",fashion,2025-10-29,LIMITED
M01016,Yu-Brooks,healthcare,2025-04-10,VERIFIED
M01017,"Foster, Garcia and Turner",restaurant,2025-04-24,VERIFIED
M01018,Daugherty Ltd,healthcare,2025-11-02,VERIFIED
M01019,Conner-Yu,electronics,2025-05-04,VERIFIED
M01020,"Stewart, Mann and Hoffman",travel,2025-11-10,VERIFIED
M01021,"Buchanan, Walker and Chapman",grocery,2025-09-03,VERIFIED
M01022,Gray Ltd,services,2025-11-16,PENDING
M01023,"Phillips, Thompson and Smith",travel,2025-11-09,LIMITED
M01024,"Fry, Myers and Gamble",education,2025-12-02,VERIFIED
M01025,"Johnson, Guzman and Mccall",ecommerce,2025-07-07,VERIFIED
M01026,"Walker, Cunningham and Zuniga",SaaS,2025-05-20,VERIFIED
M01027,Rivera Inc,electronics,2025-08-17,VERIFIED
M01028,Reed LLC,grocery,2026-03-11,VERIFIED
M01029,Fields Inc,fashion,2025-10-31,VERIFIED
M01030,"Santiago, Daniel and Rogers",ecommerce,2025-11-01,PENDING
M01031,Baker and Sons,travel,2025-05-28,VERIFIED
M01032,"Jones, Scott and Rodriguez",fashion,2025-10-14,VERIFIED
M01033,Williams Group,travel,2025-10-30,LIMITED
M01034,"Barnes, Jackson and Gutierrez",education,2026-01-24,VERIFIED
M01035,Bell-Bennett,electronics,2025-06-02,PENDING
M01036,Kramer-Lane,education,2025-09-26,PENDING
M01037,"Perez, Hayes and Lloyd",fashion,2026-02-15,VERIFIED
M01038,Phillips LLC,grocery,2025-05-15,VERIFIED
M01039,Lynn-Jones,travel,2025-06-23,VERIFIED
M01040,Barron and Sons,SaaS,2025-06-19,VERIFIED
M01041,"Jones, Mcmahon and Spence",SaaS,2025-08-08,LIMITED
M01042,Wheeler-Austin,electronics,2025-06-28,VERIFIED
M01043,Bush-Reynolds,travel,2025-07-29,VERIFIED
M01044,"Martin, Preston and Moore",fashion,2025-05-07,VERIFIED
M01045,Rivera and Sons,fashion,2026-03-02,VERIFIED
M01046,Terry-Bowen,services,2025-12-18,VERIFIED
M01047,"Fernandez, Guerrero and Evans",electronics,2025-08-02,PENDING
M01048,Williams PLC,restaurant,2025-08-26,VERIFIED
M01049,"Larsen, Hernandez and Ward",restaurant,2025-06-19,VERIFIED
M01050,Miller-Colon,fashion,2026-03-13,VERIFIED
M01051,"Greene, Gonzalez and Johnson",education,2026-01-17,VERIFIED
M01052,Little Inc,restaurant,2025-05-07,VERIFIED
M01053,Anthony-Parker,education,2025-06-12,PENDING
M01054,Ruiz-Jacobson,grocery,2025-04-13,VERIFIED
M01055,Davis-Stephens,healthcare,2025-11-15,VERIFIED
M01056,Watson Group,education,2025-08-28,VERIFIED
M01057,Lopez-Williams,grocery,2025-06-23,VERIFIED
M01058,Marshall-Perez,services,2025-03-25,VERIFIED
M01059,Elliott-Hernandez,healthcare,2025-06-27,PENDING
M01060,"Contreras, Miller and Cooper",travel,2026-01-26,VERIFIED
M01061,"Gutierrez, Avila and Perez",ecommerce,2026-03-05,VERIFIED
M01062,Randall PLC,travel,2025-12-06,VERIFIED
M01063,Sheppard-Mcdaniel,SaaS,2025-12-05,VERIFIED
M01064,Armstrong-Young,grocery,2025-04-25,VERIFIED
M01065,Miller-Orr,electronics,2026-03-04,VERIFIED
M01066,"Johnson, Duncan and Black",travel,2025-11-02,VERIFIED
M01067,"Byrd, Oliver and Martinez",healthcare,2025-03-30,PENDING
M01068,Thompson-Joyce,grocery,2026-03-19,VERIFIED
M01069,Stokes and Sons,restaurant,2025-03-08,VERIFIED
M01070,Henderson Ltd,ecommerce,2026-03-11,VERIFIED
M01071,Harris-Carson,education,2025-09-14,LIMITED
M01072,Flowers LLC,healthcare,2025-03-18,VERIFIED
M01073,Bartlett-Sloan,education,2025-03-12,PENDING
M01074,Miller PLC,restaurant,2025-08-19,VERIFIED
M01075,Arnold-Gates,ecommerce,2025-06-29,LIMITED
M01076,"Ellis, Marks and Buchanan",restaurant,2025-05-13,VERIFIED
M01077,"Matthews, Harrington and Rodriguez",services,2025-04-23,VERIFIED
M01078,Hernandez PLC,ecommerce,2026-01-19,VERIFIED
M01079,"Chang, Ayers and Buckley",fashion,2025-09-08,VERIFIED
M01080,"Chan, Floyd and Dillon",healthcare,2026-03-26,VERIFIED
M01081,Humphrey-Baker,travel,2026-03-18,VERIFIED
M01082,"Washington, Lynch and Johnson",electronics,2025-07-25,VERIFIED
M01083,Powell-Montgomery,ecommerce,2026-01-12,VERIFIED
M01084,"Steele, Williams and Preston",restaurant,2025-08-30,VERIFIED
M01085,Vaughn-Williams,travel,2025-10-15,VERIFIED
M01086,Mccall-Prince,healthcare,2026-01-17,LIMITED
M01087,Morgan LLC,healthcare,2025-08-18,VERIFIED
M01088,Ramirez-Vasquez,restaurant,2025-08-05,VERIFIED
M01089,"Cohen, Compton and Perez",restaurant,2025-05-22,PENDING
M01090,Mccann-Ramos,services,2025-06-05,VERIFIED
M01091,Adams-Butler,education,2025-06-16,VERIFIED
M01092,"Davis, Alexander and Mcintyre",fashion,2025-08-28,VERIFIED
M01093,Figueroa-Malone,SaaS,2026-03-26,VERIFIED
M01094,Nicholson-Robertson,education,2025-05-25,VERIFIED
M01095,Jones Ltd,fashion,2026-02-05,VERIFIED
M01096,"Powell, Deleon and Warren",services,2026-02-09,VERIFIED
M01097,"Johnson, Lee and Whitaker",fashion,2026-02-04,VERIFIED
M01098,Wright Group,travel,2025-08-10,VERIFIED
M01099,Hull Ltd,restaurant,2025-10-22,VERIFIED
M01100,Hill Group,SaaS,2025-04-03,VERIFIED
M01101,"Sanders, Leblanc and Maldonado",services,2025-07-01,VERIFIED
M01102,Watson PLC,grocery,2025-10-04,VERIFIED
M01103,Thompson-Harrell,grocery,2026-01-03,VERIFIED
M01104,"Arnold, Cooper and Monroe",education,2025-03-24,VERIFIED
M01105,Curry-Barker,services,2026-02-04,PENDING
M01106,Johnson-Williams,services,2025-04-21,VERIFIED
M01107,"Chan, Lewis and Walker",education,2026-01-08,VERIFIED
M01108,Byrd LLC,education,2025-11-06,VERIFIED
M01109,"Ortiz, Smith and Deleon",education,2025-11-06,VERIFIED
M01110,"Smith, Buck and Holland",services,2025-10-22,VERIFIED
M01111,"Owen, Walker and Franklin",ecommerce,2025-10-12,VERIFIED
M01112,Marquez-Fletcher,travel,2026-03-14,VERIFIED
M01113,Coleman-Bennett,ecommerce,2026-03-14,VERIFIED
M01114,Stevens-Robinson,travel,2025-04-15,VERIFIED
M01115,Byrd-Holloway,grocery,2025-07-20,VERIFIED
M01116,Silva-Smith,grocery,2026-03-06,VERIFIED
M01117,"Levy, Franco and Hoffman",healthcare,2025-11-06,VERIFIED
M01118,"Lynch, Evans and Rodriguez",education,2025-03-25,VERIFIED
M01119,Rogers LLC,travel,2025-12-06,VERIFIED
M01120,"Nguyen, Hill and Douglas",healthcare,2025-04-12,VERIFIED
M01121,"Evans, Hernandez and Cannon",ecommerce,2025-12-09,PENDING
M01122,Trujillo PLC,SaaS,2025-04-29,VERIFIED
M01123,Guerrero-Becker,electronics,2025-08-22,VERIFIED
M01124,"Johnson, Jimenez and Phillips",fashion,2026-01-11,VERIFIED
M01125,Sullivan-Doyle,electronics,2025-06-11,LIMITED
M01126,"Erickson, Armstrong and Lee",travel,2025-07-29,VERIFIED
M01127,"Reeves, Parks and Little",SaaS,2025-04-25,VERIFIED
M01128,Knox-Powers,education,2025-05-08,VERIFIED
M01129,"Evans, Jackson and Sandoval",restaurant,2026-03-07,VERIFIED
M01130,"White, Davis and Anderson",services,2025-05-23,VERIFIED
M01131,Hardy-Hansen,grocery,2025-05-05,VERIFIED
M01132,Arroyo LLC,electronics,2025-10-29,VERIFIED
M01133,"Davis, Kelly and Garner",ecommerce,2025-12-20,VERIFIED
M01134,Fisher-Eaton,electronics,2025-05-27,LIMITED
M01135,Green-Carter,restaurant,2025-08-31,VERIFIED
M01136,Ruiz Ltd,restaurant,2025-09-11,PENDING
M01137,"Carpenter, Oliver and Kennedy",healthcare,2025-12-02,PENDING
M01138,Mason Ltd,electronics,2026-03-25,PENDING
M01139,Moreno-Gutierrez,fashion,2025-06-27,VERIFIED
M01140,Taylor and Sons,services,2025-04-13,VERIFIED
M01141,Ortiz-Hudson,ecommerce,2025-07-01,VERIFIED
M01142,Thomas-Huffman,restaurant,2025-09-02,VERIFIED
M01143,Maxwell Group,electronics,2025-05-10,VERIFIED
M01144,Welch-Thompson,travel,2025-09-26,VERIFIED
M01145,"Brown, Hayes and Clark",services,2025-10-15,VERIFIED
M01146,Johnston and Sons,fashion,2025-06-30,VERIFIED
M01147,Glover-Chan,grocery,2025-03-23,VERIFIED
M01148,Mendez Ltd,restaurant,2026-01-03,VERIFIED
M01149,Powell-Sanford,education,2025-09-21,VERIFIED
M01150,Smith-Ferguson,services,2025-07-12,VERIFIED
M01151,"Watson, Smith and Morris",ecommerce,2026-02-08,VERIFIED
M01152,"Lee, Rhodes and Sims",restaurant,2025-09-12,VERIFIED
M01153,Perez LLC,education,2026-03-13,VERIFIED
M01154,Anderson-Reyes,ecommerce,2025-08-30,VERIFIED
M01155,"Torres, Brown and Williams",healthcare,2026-01-31,VERIFIED
M01156,Bryant-Meyer,fashion,2025-05-19,VERIFIED
M01157,"Morgan, Barron and Cowan",travel,2025-10-19,PENDING
M01158,Ferrell-Henry,services,2025-05-20,PENDING
M01159,Martin Group,SaaS,2026-02-16,VERIFIED
M01160,Perez Ltd,services,2025-07-21,VERIFIED
M01161,Clark Inc,SaaS,2026-03-09,VERIFIED
M01162,"Wagner, Martinez and Dawson",fashion,2026-01-20,VERIFIED
M01163,Brooks Ltd,SaaS,2025-08-16,VERIFIED
M01164,Wise-Dean,SaaS,2025-05-31,PENDING
M01165,"Vang, Stanley and Valdez",grocery,2025-03-28,VERIFIED
M01166,Williams Inc,ecommerce,2025-07-21,VERIFIED
M01167,Wallace-Martinez,SaaS,2025-12-05,VERIFIED
M01168,Wells-Hernandez,travel,2026-02-24,PENDING
M01169,"Jennings, Smith and Fisher",education,2025-04-24,VERIFIED
M01170,Bates LLC,electronics,2025-05-01,VERIFIED
M01171,"Obrien, Taylor and Rivas",travel,2025-11-15,VERIFIED
M01172,Hunt PLC,healthcare,2025-11-12,VERIFIED
M01173,Campbell Inc,healthcare,2025-06-09,VERIFIED
M01174,Gonzalez-Gonzalez,services,2025-03-30,LIMITED
M01175,Decker-Dudley,fashion,2026-01-25,VERIFIED
M01176,Warner-Phillips,electronics,2026-01-19,VERIFIED
M01177,Kelley and Sons,travel,2026-02-02,VERIFIED
M01178,"Fitzpatrick, Rivera and Smith",restaurant,2025-12-02,VERIFIED
M01179,"Davis, Rodriguez and Andrews",fashion,2026-01-03,PENDING
M01180,Hernandez-Davis,electronics,2025-11-14,VERIFIED
M01181,"Jones, Cummings and Conway",electronics,2025-11-28,VERIFIED
M01182,"Hall, Hinton and Phillips",grocery,2025-05-12,VERIFIED
M01183,Williams-Li,education,2025-09-24,VERIFIED
M01184,Phelps LLC,ecommerce,2025-06-20,PENDING
M01185,"Edwards, Rodgers and Davis",electronics,2025-08-24,VERIFIED
M01186,Smith and Sons,fashion,2025-08-15,VERIFIED
M01187,"Holland, Murphy and Kline",healthcare,2025-12-03,LIMITED
M01188,"Adams, Quinn and Watson",services,2025-11-03,VERIFIED
M01189,White-Morales,restaurant,2025-08-22,VERIFIED
M01190,Nelson-Cruz,ecommerce,2026-01-14,VERIFIED
M01191,Marsh-Banks,ecommerce,2025-06-06,VERIFIED
M01192,Wilson Ltd,healthcare,2025-09-18,VERIFIED
M01193,"Brown, Dunlap and Moore",restaurant,2025-04-11,VERIFIED
M01194,Pruitt-Webb,ecommerce,2025-11-30,VERIFIED
M01195,"Gregory, White and James",healthcare,2025-05-18,VERIFIED
M01196,Carr-Huffman,travel,2025-10-21,VERIFIED
M01197,"Mcpherson, Anderson and Knapp",grocery,2025-11-20,VERIFIED
M01198,Clay Group,restaurant,2025-09-28,VERIFIED
M01199,Brown Ltd,fashion,2025-09-15,VERIFIED
M01200,Smith-Oneill,services,2025-07-15,VERIFIED
M01201,"Saunders, Ray and Cunningham",education,2025-11-08,VERIFIED
M01202,"Marks, Stone and Watts",electronics,2026-02-23,VERIFIED
M01203,"Davis, Stanley and Wright",education,2025-06-26,VERIFIED
M01204,Alvarado-Davidson,electronics,2025-06-10,VERIFIED
M01205,Combs PLC,restaurant,2026-03-05,VERIFIED
M01206,"Brown, Schneider and Moore",education,2025-08-15,VERIFIED
M01207,Christian-Booth,ecommerce,2026-03-26,VERIFIED
M01208,Walton LLC,education,2025-10-19,VERIFIED
M01209,Rivera LLC,fashion,2025-05-13,VERIFIED
M01210,Hunter PLC,SaaS,2025-10-15,VERIFIED
M01211,"Gray, Montoya and Miller",restaurant,2025-12-12,VERIFIED
M01212,Solis-West,ecommerce,2025-05-16,VERIFIED
M01213,West-Wilson,education,2025-11-29,VERIFIED
M01214,Mcgee-Smith,fashion,2025-06-26,VERIFIED
M01215,Gutierrez-Hawkins,services,2025-03-19,VERIFIED
M01216,Petersen PLC,healthcare,2025-07-22,VERIFIED
M01217,"Walsh, Wu and Hart",electronics,2025-11-18,PENDING
M01218,"Powers, Clements and Cox",SaaS,2025-12-02,VERIFIED
M01219,Velasquez Group,grocery,2025-07-26,VERIFIED
M01220,Castro-Harvey,SaaS,2025-03-30,VERIFIED
M01221,Moran-Cox,travel,2025-03-17,VERIFIED
M01222,Wilson-Malone,fashion,2025-03-18,VERIFIED
M01223,Smith LLC,SaaS,2026-02-06,VERIFIED
M01224,"Brandt, Carter and Boyd",fashion,2026-01-19,VERIFIED
M01225,"Rodriguez, Prince and Vasquez",services,2026-02-24,VERIFIED
M01226,"Newton, Ortiz and King",services,2025-08-19,VERIFIED
M01227,Lopez Group,electronics,2025-05-31,VERIFIED
M01228,Bryant and Sons,education,2025-12-13,VERIFIED
M01229,"Morgan, Sherman and Williams",services,2026-01-09,VERIFIED
M01230,"Monroe, Chapman and Barton",electronics,2026-03-21,VERIFIED
M01231,Ellis-Lawrence,education,2025-10-27,VERIFIED
M01232,"Taylor, Porter and Moreno",services,2025-09-19,LIMITED
M01233,Tran Group,fashion,2025-09-30,VERIFIED
M01234,"Webb, Romero and Morse",travel,2026-03-06,VERIFIED
M01235,Holt and Sons,education,2025-03-24,VERIFIED
M01236,"Ochoa, Garcia and Sandoval",grocery,2025-07-30,VERIFIED
M01237,"Andrade, Gordon and Cruz",fashion,2025-09-09,VERIFIED
M01238,"Moon, Farmer and Hill",grocery,2026-03-26,VERIFIED
M01239,Waller-Chavez,grocery,2025-09-12,VERIFIED
M01240,Taylor PLC,education,2025-10-11,VERIFIED
M01241,"Tanner, Hunt and Cameron",grocery,2025-05-19,VERIFIED
M01242,"Valencia, Joseph and Walls",grocery,2025-03-09,VERIFIED
M01243,"Robinson, Clark and Klein",services,2025-09-15,VERIFIED
M01244,"Reed, Chambers and Zavala",travel,2025-06-20,VERIFIED
M01245,"Hester, Thompson and Daniels",services,2025-09-20,VERIFIED
M01246,"Morris, Wilson and Bell",education,2025-10-24,VERIFIED
M01247,Aguilar-Bender,healthcare,2025-10-18,VERIFIED
M01248,"Butler, Adkins and Skinner",electronics,2025-09-26,VERIFIED
M01249,Rich-Henderson,services,2025-08-14,VERIFIED
M01250,Mills Inc,services,2025-03-12,VERIFIED
M01251,Thomas-Santiago,ecommerce,2025-03-19,VERIFIED
M01252,Adams and Sons,grocery,2025-10-05,VERIFIED
M01253,Vega-Thomas,restaurant,2025-11-29,VERIFIED
M01254,Vaughn LLC,restaurant,2025-07-13,VERIFIED
M01255,Molina Inc,education,2025-08-25,VERIFIED
M01256,Cervantes-Garcia,SaaS,2025-08-26,VERIFIED
M01257,"Stevenson, Hancock and Newton",fashion,2025-08-22,VERIFIED
M01258,"Price, Dixon and Robles",SaaS,2026-01-29,VERIFIED
M01259,"Roberts, Beck and House",services,2026-02-15,VERIFIED
M01260,Butler-French,restaurant,2025-04-20,VERIFIED
M01261,"Edwards, Arnold and Smith",services,2026-01-09,VERIFIED
M01262,Harris-Melton,SaaS,2025-05-16,PENDING
M01263,Greer-Pruitt,services,2026-03-24,VERIFIED
M01264,"Mckinney, Richardson and Chapman",services,2026-01-27,VERIFIED
M01265,"Morrison, Parsons and Brandt",ecommerce,2025-04-08,VERIFIED
M01266,Cole-Lucero,healthcare,2026-01-24,VERIFIED
M01267,Lopez and Sons,electronics,2026-03-20,VERIFIED
M01268,"Palmer, Bennett and Patterson",healthcare,2026-02-19,VERIFIED
M01269,"Baker, Martin and Singleton",healthcare,2025-11-23,VERIFIED
M01270,Rivera Ltd,fashion,2025-11-07,VERIFIED
M01271,Williams LLC,ecommerce,2025-06-10,VERIFIED
M01272,"Williams, Randolph and Gilbert",restaurant,2026-02-07,VERIFIED
M01273,"Turner, Tyler and Pierce",grocery,2025-06-24,LIMITED
M01274,Bowers LLC,travel,2026-03-17,VERIFIED
M01275,"Robinson, White and Jones",ecommerce,2026-02-20,VERIFIED
M01276,"Moore, Daniels and Powell",ecommerce,2025-04-04,VERIFIED
M01277,Walker-Lewis,restaurant,2026-03-18,VERIFIED
M01278,Rivera-Carter,education,2025-10-25,VERIFIED
M01279,"Moreno, Barajas and Colon",grocery,2025-10-27,VERIFIED
M01280,"Smith, Caldwell and Griffin",grocery,2025-07-02,VERIFIED
M01281,"Austin, Oliver and Haley",electronics,2025-07-13,VERIFIED
M01282,"Blackwell, James and Hogan",fashion,2025-09-26,VERIFIED
M01283,Cruz PLC,fashion,2025-05-22,VERIFIED
M01284,"Campbell, Pruitt and Short",fashion,2026-01-20,VERIFIED
M01285,Robertson-Hicks,grocery,2025-08-05,PENDING
M01286,Williams-Villanueva,fashion,2026-03-02,VERIFIED
M01287,Flores Inc,SaaS,2025-07-18,LIMITED
M01288,Jackson PLC,grocery,2025-06-19,PENDING
M01289,"Smith, Jones and Santiago",education,2025-07-24,VERIFIED
M01290,Hancock Group,SaaS,2025-05-01,VERIFIED
M01291,Harris Ltd,SaaS,2026-03-15,VERIFIED
M01292,"Rowe, Lucas and Case",travel,2025-08-07,VERIFIED
M01293,"Parks, Johnson and Love",services,2026-01-16,VERIFIED
M01294,Miller Inc,fashion,2026-01-04,VERIFIED
M01295,Bauer PLC,services,2025-11-05,VERIFIED
M01296,Andrews and Sons,fashion,2026-02-05,VERIFIED
M01297,Russell-Hayes,electronics,2025-07-11,VERIFIED
M01298,Hamilton-Smith,healthcare,2026-03-20,PENDING
M01299,"Wilson, Smith and Cortez",healthcare,2025-07-21,VERIFIED
M01300,Avila PLC,ecommerce,2025-12-17,VERIFIED
M01301,Haynes Inc,travel,2025-07-28,VERIFIED
M01302,Reilly-Rodriguez,travel,2025-12-19,LIMITED
M01303,"Turner, Miller and Hubbard",fashion,2025-10-27,LIMITED
M01304,James-Short,travel,2025-04-04,VERIFIED
M01305,Wells PLC,SaaS,2025-05-08,VERIFIED
M01306,Taylor Group,travel,2025-11-30,VERIFIED
M01307,"Phillips, Walters and Evans",travel,2025-03-25,VERIFIED
M01308,"Wong, Bernard and Smith",healthcare,2025-06-27,PENDING
M01309,"Thomas, Williams and Armstrong",fashion,2025-07-30,VERIFIED
M01310,Medina-Arroyo,SaaS,2025-11-08,VERIFIED
M01311,Clark-Figueroa,grocery,2026-03-01,VERIFIED
M01312,"Cooper, Gutierrez and Brewer",services,2025-05-25,VERIFIED
M01313,"Thomas, White and Jensen",fashion,2025-05-27,VERIFIED
M01314,Lee-White,healthcare,2025-07-28,VERIFIED
M01315,"Phelps, York and Randolph",SaaS,2025-11-15,VERIFIED
M01316,"Murray, Dunn and Roberts",fashion,2025-05-24,VERIFIED
M01317,King and Sons,education,2026-02-02,VERIFIED
M01318,"Carpenter, Lynn and Howard",fashion,2025-10-20,VERIFIED
M01319,"Rios, Garcia and Harvey",fashion,2025-07-24,VERIFIED
M01320,Stewart Group,grocery,2026-03-04,VERIFIED
M01321,Jensen-Torres,SaaS,2025-06-15,VERIFIED
M01322,"Hernandez, Knight and Aguirre",grocery,2025-09-04,VERIFIED
M01323,Jackson-Edwards,travel,2026-02-20,VERIFIED
M01324,Joseph Ltd,travel,2025-06-26,VERIFIED
M01325,Hill-Ward,electronics,2025-11-25,VERIFIED
M01326,"Quinn, Humphrey and Ford",fashion,2025-06-05,VERIFIED
M01327,Hampton-Tucker,grocery,2026-02-08,VERIFIED
M01328,Thompson PLC,fashion,2025-11-27,VERIFIED
M01329,Wilkinson and Sons,services,2025-09-24,VERIFIED
M01330,"Gonzalez, Gross and Sims",grocery,2025-12-02,LIMITED
M01331,"Jones, Smith and Hunter",restaurant,2025-11-12,VERIFIED
M01332,Hess PLC,SaaS,2025-10-01,LIMITED
M01333,Hammond-Lewis,education,2025-05-24,VERIFIED
M01334,Arnold PLC,SaaS,2025-07-25,VERIFIED
M01335,"Kennedy, Rowe and Diaz",travel,2025-05-04,VERIFIED
M01336,Vance PLC,services,2025-03-21,VERIFIED
M01337,"Vincent, Anderson and Mason",healthcare,2026-01-31,VERIFIED
M01338,Sanders PLC,fashion,2025-04-10,VERIFIED
M01339,Bates PLC,electronics,2026-01-24,VERIFIED
M01340,"Martin, Palmer and Griffin",grocery,2025-11-08,VERIFIED
M01341,Knight PLC,healthcare,2026-02-16,VERIFIED
M01342,"Brennan, Thomas and Dennis",services,2026-01-25,VERIFIED
M01343,Williams-Juarez,education,2025-06-05,VERIFIED
M01344,Brown LLC,SaaS,2025-08-24,VERIFIED
M01345,Williams and Sons,fashion,2025-08-21,VERIFIED
M01346,"Velez, Ward and Harrison",travel,2025-12-13,VERIFIED
M01347,Keith-Williams,electronics,2025-09-18,VERIFIED
M01348,"Nguyen, Padilla and Boyd",travel,2026-02-25,VERIFIED
M01349,Davenport-Baker,electronics,2026-02-08,VERIFIED
M01350,"Hudson, Bennett and Gray",ecommerce,2025-10-11,LIMITED
M01351,"Valdez, Houston and Black",services,2025-05-15,VERIFIED
M01352,Kaufman-Walker,healthcare,2025-05-02,VERIFIED
M01353,Gomez-Parrish,SaaS,2025-10-24,VERIFIED
M01354,Sparks-Eaton,SaaS,2026-02-20,VERIFIED
M01355,Shaw and Sons,fashion,2025-05-17,VERIFIED
M01356,Martin-Jones,travel,2025-09-13,VERIFIED
M01357,"Campbell, Hernandez and Moore",education,2026-01-09,VERIFIED
M01358,"Love, Wilson and Hall",travel,2025-05-09,PENDING
M01359,Cortez-Olson,fashion,2026-03-25,VERIFIED
M01360,Mendoza-Garza,grocery,2025-07-01,VERIFIED
M01361,"Whitaker, Johnson and Williams",healthcare,2025-05-13,VERIFIED
M01362,"Vargas, Taylor and Hunt",fashion,2025-05-08,VERIFIED
M01363,"Thomas, Jackson and Nielsen",services,2025-03-12,PENDING
M01364,"Mullen, Greene and Elliott",education,2026-03-25,VERIFIED
M01365,Johns Ltd,healthcare,2025-03-19,VERIFIED
M01366,"Nicholson, Valentine and Robinson",travel,2026-02-16,PENDING
M01367,"Haney, Dillon and Jackson",fashion,2025-11-26,VERIFIED
M01368,Burke-Norton,ecommerce,2026-03-25,VERIFIED
M01369,Hanson PLC,travel,2025-11-23,VERIFIED
M01370,Jackson-Jennings,grocery,2025-04-22,VERIFIED
M01371,Carlson-Jones,electronics,2025-11-09,VERIFIED
M01372,Cruz-Rodriguez,services,2025-03-14,VERIFIED
M01373,Mills PLC,services,2026-01-18,VERIFIED
M01374,"Barnes, Hernandez and Davis",grocery,2025-12-08,LIMITED
M01375,Valenzuela-Greene,SaaS,2025-05-08,VERIFIED
M01376,"Gordon, Wilson and Olson",restaurant,2026-02-12,VERIFIED
M01377,Winters PLC,restaurant,2025-12-20,PENDING
M01378,Prince Ltd,SaaS,2025-03-28,VERIFIED
M01379,"Reynolds, Fisher and Golden",restaurant,2025-03-15,VERIFIED
M01380,"Moreno, Perez and Lang",healthcare,2025-10-08,VERIFIED
M01381,Bell-Ballard,electronics,2025-11-05,VERIFIED
M01382,"Johnston, Coleman and Scott",SaaS,2025-08-15,VERIFIED
M01383,Kent Inc,services,2025-04-16,VERIFIED
M01384,George-Stephens,healthcare,2025-08-31,VERIFIED
M01385,Lopez-Fletcher,ecommerce,2025-10-18,VERIFIED
M01386,Lane Inc,electronics,2025-10-29,VERIFIED
M01387,"Smith, Pena and Watts",SaaS,2026-02-04,VERIFIED
M01388,Ortiz-Rodriguez,services,2026-02-03,VERIFIED
M01389,Pearson-King,healthcare,2025-08-10,VERIFIED
M01390,"Henderson, Diaz and Hill",services,2025-10-31,VERIFIED
M01391,"Sanders, Harris and Arnold",electronics,2025-07-29,VERIFIED
M01392,"Olson, Wood and Peters",travel,2025-09-10,VERIFIED
M01393,Hinton-Lane,education,2025-08-11,VERIFIED
M01394,"Sanders, Taylor and Shields",SaaS,2025-08-09,VERIFIED
M01395,Adkins Group,education,2025-12-06,PENDING
M01396,"Avery, Garcia and Romero",fashion,2026-02-18,VERIFIED
M01397,Owen-Mendez,restaurant,2025-08-20,VERIFIED
M01398,"Mann, Martin and Oconnell",restaurant,2026-01-30,VERIFIED
M01399,Brock and Sons,services,2025-07-15,VERIFIED
M01400,Frost-Graham,fashion,2026-01-11,LIMITED
M01401,Baker LLC,grocery,2025-09-14,VERIFIED
M01402,Lynch Ltd,ecommerce,2025-11-15,VERIFIED
M01403,Arias-Morales,electronics,2025-10-18,VERIFIED
M01404,"Meyer, Dawson and Harper",services,2025-06-30,VERIFIED
M01405,Bowman Group,healthcare,2025-06-07,VERIFIED
M01406,Harris Ltd,fashion,2025-03-10,VERIFIED
M01407,"Mitchell, Johnson and Greene",education,2026-01-10,VERIFIED
M01408,"Hale, Gilbert and Craig",travel,2025-07-25,VERIFIED
M01409,Allen-Smith,services,2026-02-08,VERIFIED
M01410,Miller LLC,grocery,2026-02-22,VERIFIED
M01411,Gomez-Foster,services,2025-06-30,VERIFIED
M01412,"Gonzalez, Smith and Padilla",grocery,2026-01-23,VERIFIED
M01413,Dunn Ltd,education,2026-03-06,VERIFIED
M01414,"Herman, Bailey and Richmond",grocery,2025-10-14,VERIFIED
M01415,Perez-Mccarty,SaaS,2026-01-30,LIMITED
M01416,Spears-Andrews,grocery,2026-01-24,VERIFIED
M01417,Thompson-Hunter,healthcare,2025-08-23,VERIFIED
M01418,"Jones, Phillips and Arroyo",SaaS,2025-09-02,VERIFIED
M01419,"Frye, Walter and Li",fashion,2025-09-19,VERIFIED
M01420,"Wright, Ramos and Bennett",services,2026-01-08,LIMITED
M01421,Carrillo-Todd,education,2026-01-25,VERIFIED
M01422,Maldonado-Mosley,restaurant,2025-05-17,VERIFIED
M01423,Olson LLC,electronics,2025-12-09,VERIFIED
M01424,Reyes and Sons,services,2025-07-29,VERIFIED
M01425,"Haynes, Mcbride and Gutierrez",education,2025-12-13,VERIFIED
M01426,Black-Smith,SaaS,2025-05-12,VERIFIED
M01427,Wright-Davis,healthcare,2025-08-06,VERIFIED
M01428,"Goodman, Peterson and Spencer",SaaS,2025-04-07,VERIFIED
M01429,Woods LLC,fashion,2025-05-29,VERIFIED
M01430,Shannon LLC,fashion,2025-05-03,PENDING
M01431,Valentine Ltd,ecommerce,2025-08-02,VERIFIED
M01432,Porter and Sons,ecommerce,2025-11-25,VERIFIED
M01433,Moss LLC,education,2025-12-12,VERIFIED
M01434,Perez and Sons,healthcare,2025-11-25,VERIFIED
M01435,"Kelly, Maxwell and Wilson",electronics,2026-02-26,VERIFIED
M01436,Lowe Ltd,travel,2025-05-13,VERIFIED
M01437,Austin-Duran,electronics,2025-07-25,VERIFIED
M01438,"Rubio, Charles and Watson",restaurant,2026-03-14,VERIFIED
M01439,Vasquez-Galloway,education,2025-03-14,VERIFIED
M01440,"Melton, Henry and Joyce",healthcare,2026-02-05,VERIFIED
M01441,"Ramirez, Walker and Ray",services,2025-08-10,VERIFIED
M01442,Fox Group,grocery,2025-10-07,VERIFIED
M01443,Ayers-Johnson,services,2025-12-08,VERIFIED
M01444,Long-Parks,education,2025-04-11,VERIFIED
M01445,Bryant Inc,grocery,2025-04-01,VERIFIED
M01446,"Holmes, Stewart and Smith",grocery,2025-08-21,VERIFIED
M01447,"Clark, Carpenter and Nguyen",electronics,2025-12-07,VERIFIED
M01448,"Hensley, Lopez and Baker",services,2025-08-23,VERIFIED
M01449,Ruiz-Austin,fashion,2025-12-08,VERIFIED
M01450,White-Coleman,fashion,2025-11-08,VERIFIED
M01451,Haynes-Watson,restaurant,2025-07-16,VERIFIED
M01452,Ramirez-White,electronics,2025-08-25,LIMITED
M01453,Krause Ltd,healthcare,2025-06-11,VERIFIED
M01454,Olsen Ltd,SaaS,2025-03-16,VERIFIED
M01455,Brock-Peters,electronics,2025-07-08,VERIFIED
M01456,Gonzalez-Marsh,electronics,2026-03-13,VERIFIED
M01457,"Hernandez, Shaffer and Thompson",ecommerce,2025-07-14,VERIFIED
M01458,Taylor-Barry,services,2025-11-03,VERIFIED
M01459,"Holmes, Le and Floyd",restaurant,2025-09-22,PENDING
M01460,King-Garrison,SaaS,2025-10-07,VERIFIED
M01461,Ross Ltd,electronics,2026-01-31,VERIFIED
M01462,Brown LLC,fashion,2025-07-12,VERIFIED
M01463,Combs-Davis,travel,2026-01-29,VERIFIED
M01464,"Cook, Ward and Castro",fashion,2025-07-02,VERIFIED
M01465,Cooper-Jenkins,SaaS,2026-02-13,PENDING
M01466,Dillon-Mccarty,services,2025-07-27,VERIFIED
M01467,Ray Ltd,grocery,2025-09-04,VERIFIED
M01468,"Ryan, Krause and Mitchell",SaaS,2025-11-18,VERIFIED
M01469,Nunez-Freeman,services,2025-10-08,VERIFIED
M01470,"Griffin, Miller and Austin",healthcare,2025-10-30,VERIFIED
M01471,Welch-Thomas,ecommerce,2025-09-17,VERIFIED
M01472,Davidson LLC,electronics,2025-05-28,VERIFIED
M01473,Welch-Duncan,services,2026-03-02,VERIFIED
M01474,Miller LLC,services,2025-11-22,VERIFIED
M01475,Edwards Ltd,grocery,2025-09-22,VERIFIED
M01476,Page-Jacobs,travel,2025-04-13,VERIFIED
M01477,Nelson-Wallace,travel,2025-03-30,VERIFIED
M01478,Adkins-Meyer,SaaS,2026-01-08,VERIFIED
M01479,Gutierrez-White,education,2025-06-16,VERIFIED
M01480,Martinez and Sons,grocery,2025-03-23,VERIFIED
M01481,"King, Manning and Brady",healthcare,2025-06-07,VERIFIED
M01482,Jackson Inc,ecommerce,2025-08-13,VERIFIED
M01483,Brown Group,ecommerce,2026-02-16,VERIFIED
M01484,"Brown, Wise and Warren",services,2025-04-06,VERIFIED
M01485,Garcia PLC,electronics,2025-06-28,VERIFIED
M01486,Miller Group,services,2026-01-06,VERIFIED
M01487,Perez-Rojas,fashion,2025-11-23,LIMITED
M01488,Sims-Anderson,grocery,2025-09-15,PENDING
M01489,Johnson Ltd,ecommerce,2026-03-09,VERIFIED
M01490,Dalton-Nguyen,services,2025-03-22,VERIFIED
M01491,Mcdonald-Pitts,grocery,2025-08-03,VERIFIED
M01492,Dunn-Taylor,electronics,2025-11-13,VERIFIED
M01493,"Ryan, Garza and Bryant",restaurant,2025-04-14,VERIFIED
M01494,"Fields, Elliott and Mills",electronics,2025-07-20,VERIFIED
M01495,"Ferguson, Stout and Olson",education,2026-02-09,VERIFIED
M01496,Ballard Group,ecommerce,2025-09-07,VERIFIED
M01497,Diaz-Green,restaurant,2025-10-29,VERIFIED
M01498,Smith-Mills,grocery,2025-10-26,LIMITED
M01499,Cooper Group,ecommerce,2025-09-18,VERIFIED
M01500,"Smith, Weeks and Arroyo",ecommerce,2025-09-01,VERIFIED
M01501,Evans-Cannon,travel,2025-03-08,VERIFIED
M01502,Harper-Robles,grocery,2025-05-13,VERIFIED
M01503,"Brooks, Jenkins and Castro",electronics,2025-10-06,VERIFIED
M01504,Wright-Espinoza,electronics,2025-03-17,VERIFIED
M01505,"Price, Gray and Baker",healthcare,2025-04-02,PENDING
M01506,Garrett-Black,education,2026-03-09,VERIFIED
M01507,"Aguirre, Cohen and Mitchell",SaaS,2025-03-10,VERIFIED
M01508,"Patel, Adams and Lopez",healthcare,2025-06-03,VERIFIED
M01509,White LLC,ecommerce,2025-12-17,VERIFIED
M01510,Walsh PLC,SaaS,2025-11-26,VERIFIED
M01511,Nelson-Dean,education,2026-03-01,VERIFIED
M01512,Flores and Sons,fashion,2025-05-19,LIMITED
M01513,Booker Inc,travel,2025-04-25,VERIFIED
M01514,Compton LLC,education,2025-04-14,VERIFIED
M01515,Martinez-Gonzales,SaaS,2025-08-15,VERIFIED
M01516,Hall and Sons,fashion,2025-05-18,VERIFIED
M01517,Snyder LLC,SaaS,2025-12-09,LIMITED
M01518,Collins-Lloyd,education,2025-12-12,VERIFIED
M01519,Ford-Moody,ecommerce,2026-01-14,VERIFIED
M01520,Miller-Christensen,travel,2025-04-17,VERIFIED
M01521,Brown Group,travel,2025-12-17,VERIFIED
M01522,Daniels and Sons,grocery,2025-10-29,VERIFIED
M01523,Huang LLC,ecommerce,2025-09-24,PENDING
M01524,Clayton-Martinez,ecommerce,2026-01-18,VERIFIED
M01525,"Wright, Wise and Ramos",education,2025-05-30,PENDING
M01526,"Vang, Gonzalez and Moss",healthcare,2026-03-06,VERIFIED
M01527,Boyd and Sons,restaurant,2025-10-27,VERIFIED
M01528,Price-Ali,services,2025-03-16,VERIFIED
M01529,Moore-Chandler,services,2025-10-21,VERIFIED
M01530,"Pineda, Meyer and King",SaaS,2025-09-24,VERIFIED
M01531,"Evans, Ward and Williams",travel,2026-01-07,VERIFIED
M01532,"Robinson, Rodriguez and Chen",services,2026-03-03,VERIFIED
M01533,Smith-Bauer,SaaS,2026-03-23,VERIFIED
M01534,"Wilson, Mccormick and Smith",services,2025-05-25,VERIFIED
M01535,Perkins Ltd,services,2025-10-22,VERIFIED
M01536,Barker-Moore,electronics,2025-08-08,VERIFIED
M01537,Wright Group,SaaS,2025-11-26,VERIFIED
M01538,Parks LLC,education,2025-09-19,VERIFIED
M01539,"Brown, Kelly and Moore",healthcare,2025-09-29,VERIFIED
M01540,"Moody, Martinez and Hall",grocery,2025-07-02,VERIFIED
M01541,"Kramer, Sherman and Trujillo",healthcare,2025-04-27,VERIFIED
M01542,Quinn-Smith,restaurant,2025-11-30,VERIFIED
M01543,Howard-Taylor,grocery,2026-03-06,VERIFIED
M01544,Washington Group,electronics,2025-09-11,VERIFIED
M01545,"Phillips, Terry and Lopez",grocery,2026-01-09,VERIFIED
M01546,Stephens LLC,services,2025-05-15,VERIFIED
M01547,"Mcdonald, Dillon and George",education,2025-04-22,VERIFIED
M01548,"Martin, Schmidt and Cole",education,2026-01-03,VERIFIED
M01549,Weaver-Gibson,healthcare,2025-05-20,VERIFIED
M01550,"Hunter, Gross and Andrade",fashion,2025-11-29,VERIFIED
M01551,"Vincent, Parsons and Allen",SaaS,2025-09-17,VERIFIED
M01552,"Brown, Coffey and Fuentes",grocery,2026-01-18,PENDING
M01553,Warren Group,healthcare,2025-08-23,VERIFIED
M01554,"Moore, Campbell and Ortiz",restaurant,2025-07-31,VERIFIED
M01555,Rodriguez-Mills,healthcare,2025-09-23,VERIFIED
M01556,Williams and Sons,education,2026-03-12,VERIFIED
M01557,Russo and Sons,education,2025-11-25,VERIFIED
M01558,Washington Inc,services,2025-06-05,LIMITED
M01559,Duncan Group,education,2025-07-14,VERIFIED
M01560,"Burns, Hanson and Garza",grocery,2026-02-18,VERIFIED
M01561,Diaz PLC,travel,2026-03-01,VERIFIED
M01562,"Jones, Conrad and Clark",restaurant,2025-12-02,VERIFIED
M01563,Hebert-Collier,ecommerce,2025-12-20,VERIFIED
M01564,Owen-Brown,travel,2026-03-03,VERIFIED
M01565,"Paul, Zamora and Short",restaurant,2025-05-31,VERIFIED
M01566,"Brown, Jensen and Rice",grocery,2026-03-13,VERIFIED
M01567,"Jones, Torres and Blackburn",electronics,2026-03-17,VERIFIED
M01568,"Davis, Hardy and Schmidt",travel,2025-12-06,VERIFIED
M01569,Lee Ltd,travel,2026-02-09,VERIFIED
M01570,Hudson and Sons,electronics,2025-07-17,VERIFIED
M01571,"Curry, Perry and Garcia",SaaS,2025-04-09,VERIFIED
M01572,"Ray, Craig and Park",electronics,2025-08-03,LIMITED
M01573,Andrade-Jackson,electronics,2025-08-28,VERIFIED
M01574,Pierce PLC,restaurant,2025-11-09,PENDING
M01575,Sandoval-Ferguson,grocery,2026-01-25,VERIFIED
M01576,"Ramos, Gomez and Edwards",services,2025-08-06,VERIFIED
M01577,Kirk-Gutierrez,ecommerce,2025-03-31,VERIFIED
M01578,"Jordan, Swanson and Franklin",grocery,2025-06-07,VERIFIED
M01579,"Gardner, Brooks and Pierce",education,2025-12-05,VERIFIED
M01580,"King, Nixon and West",fashion,2025-09-07,VERIFIED
M01581,Smith-Johnson,services,2025-08-20,VERIFIED
M01582,Larson-Holmes,education,2025-09-19,VERIFIED
M01583,Smith-Joyce,services,2025-04-16,VERIFIED
M01584,Foley Inc,services,2026-02-01,VERIFIED
M01585,"Short, Ellison and Dixon",electronics,2025-10-22,PENDING
M01586,"Howe, Moore and Johnson",restaurant,2026-02-21,LIMITED
M01587,Moore-Baker,education,2025-03-17,VERIFIED
M01588,"Wright, Scott and Evans",ecommerce,2026-03-14,VERIFIED
M01589,"Ross, Hardin and Navarro",restaurant,2026-02-18,VERIFIED
M01590,"Nguyen, Olson and Freeman",SaaS,2026-01-01,VERIFIED
M01591,"Warner, Weiss and Davis",education,2025-11-01,VERIFIED
M01592,"Evans, Cross and Johnston",restaurant,2026-03-25,VERIFIED
M01593,Deleon LLC,healthcare,2025-11-22,PENDING
M01594,Hobbs-Hamilton,SaaS,2025-12-02,VERIFIED
M01595,Kane and Sons,ecommerce,2025-04-22,VERIFIED
M01596,"Delgado, Guzman and Smith",fashion,2026-01-31,VERIFIED
M01597,"Reyes, Torres and Williams",services,2025-10-26,VERIFIED
M01598,"Cunningham, Murphy and Wolfe",ecommerce,2025-03-10,VERIFIED
M01599,Williams Ltd,electronics,2026-02-12,VERIFIED
M01600,Maddox-Mullins,grocery,2025-11-17,VERIFIED
M01601,"Wagner, Walker and Roberts",services,2025-10-19,VERIFIED
M01602,Hernandez-Rogers,education,2025-05-07,VERIFIED
M01603,Duncan-Williams,electronics,2025-08-31,VERIFIED
M01604,Baker-Ross,grocery,2026-03-10,LIMITED
M01605,Ayala-Anderson,services,2025-05-20,VERIFIED
M01606,Castillo and Sons,fashion,2025-09-27,VERIFIED
M01607,Foster-Duncan,travel,2025-07-19,VERIFIED
M01608,"Gilbert, Fitzgerald and Sanchez",restaurant,2025-06-08,VERIFIED
M01609,Adams Group,education,2025-10-26,VERIFIED
M01610,Cohen-Johnston,education,2025-07-20,VERIFIED
M01611,Powers Group,healthcare,2026-02-03,VERIFIED
M01612,Bailey-Flores,electronics,2025-10-15,VERIFIED
M01613,"Rios, Carrillo and Jackson",restaurant,2026-03-14,VERIFIED
M01614,Jensen-Branch,SaaS,2026-03-21,VERIFIED
M01615,Hanson-Alexander,restaurant,2026-03-05,VERIFIED
M01616,Gonzalez LLC,SaaS,2026-03-07,VERIFIED
M01617,Todd Inc,SaaS,2025-03-28,VERIFIED
M01618,Singh and Sons,grocery,2026-03-03,VERIFIED
M01619,"Mcintosh, Melton and Wilkins",electronics,2025-04-21,VERIFIED
M01620,Cooper Inc,services,2025-06-22,VERIFIED
M01621,Cole-Johnson,healthcare,2025-04-08,VERIFIED
M01622,Singh and Sons,healthcare,2025-05-28,VERIFIED
M01623,Payne LLC,fashion,2025-03-30,VERIFIED
M01624,"Webb, Blair and Thomas",grocery,2025-06-03,VERIFIED
M01625,"Barnett, Bennett and Escobar",grocery,2025-10-28,VERIFIED
M01626,"Williams, Jackson and Campbell",ecommerce,2025-06-13,VERIFIED
M01627,"Williamson, Brown and Pena",electronics,2025-09-03,VERIFIED
M01628,Jones Ltd,grocery,2026-03-26,LIMITED
M01629,Alvarado-Durham,services,2026-02-28,VERIFIED
M01630,Lin-Smith,fashion,2025-07-19,VERIFIED
M01631,"Hughes, Whitney and Romero",travel,2025-12-06,VERIFIED
M01632,"Garcia, Stewart and Delacruz",travel,2025-12-08,VERIFIED
M01633,"Miller, Gonzalez and Rasmussen",grocery,2025-05-17,VERIFIED
M01634,"House, Smith and Wright",services,2025-07-06,VERIFIED
M01635,"Torres, Burns and Garner",ecommerce,2025-10-29,VERIFIED
M01636,Reed LLC,healthcare,2025-06-19,VERIFIED
M01637,Garrett-Young,education,2025-03-23,VERIFIED
M01638,"Hill, Brown and Scott",grocery,2025-07-20,VERIFIED
M01639,Zamora-Briggs,education,2026-01-09,PENDING
M01640,Raymond LLC,restaurant,2025-10-04,LIMITED
M01641,Hernandez Group,services,2025-07-15,VERIFIED
M01642,"Taylor, Blair and Meyer",ecommerce,2026-02-27,VERIFIED
M01643,"Salazar, Garrett and Perez",ecommerce,2025-10-31,VERIFIED
M01644,Berry Group,travel,2025-10-19,VERIFIED
M01645,Browning-Murphy,services,2025-09-03,VERIFIED
M01646,"Anderson, Delgado and Carpenter",ecommerce,2025-07-03,VERIFIED
M01647,"Mcbride, Huffman and Parker",education,2025-05-26,VERIFIED
M01648,"Roach, Browning and Jordan",services,2025-08-15,VERIFIED
M01649,Douglas PLC,restaurant,2025-09-06,VERIFIED
M01650,Stewart PLC,healthcare,2025-07-25,VERIFIED
M01651,"Fry, Wilson and Stewart",education,2026-03-08,VERIFIED
M01652,Acosta LLC,fashion,2026-01-13,VERIFIED
M01653,Ali-Turner,healthcare,2025-03-31,VERIFIED
M01654,"Peck, Shannon and Mahoney",SaaS,2025-03-24,VERIFIED
M01655,Hernandez-Lopez,ecommerce,2026-03-22,VERIFIED
M01656,Lopez PLC,travel,2025-11-22,VERIFIED
M01657,"Adams, Bradley and Hall",SaaS,2025-04-18,VERIFIED
M01658,Hall Inc,healthcare,2025-09-02,VERIFIED
M01659,Miller-Chan,education,2025-07-09,VERIFIED
M01660,Shaw PLC,restaurant,2025-11-20,LIMITED
M01661,Joseph-Brooks,fashion,2025-10-29,VERIFIED
M01662,Henry-Taylor,electronics,2026-02-04,VERIFIED
M01663,Perez Group,ecommerce,2025-03-27,VERIFIED
M01664,Schaefer Group,SaaS,2025-04-10,VERIFIED
M01665,Newton and Sons,services,2025-06-19,VERIFIED
M01666,Jones Group,ecommerce,2025-10-22,VERIFIED
M01667,"Burns, Nguyen and Ellis",education,2025-10-26,VERIFIED
M01668,Patterson Inc,travel,2025-12-13,PENDING
M01669,"Moss, James and Edwards",electronics,2025-07-31,VERIFIED
M01670,"Crosby, Armstrong and Herrera",fashion,2025-04-26,VERIFIED
M01671,"Liu, Buchanan and Meyer",fashion,2026-02-20,VERIFIED
M01672,Bryant-Rich,SaaS,2025-03-25,VERIFIED
M01673,Stone Group,fashion,2025-05-10,VERIFIED
M01674,"Williams, Hughes and Hubbard",healthcare,2025-06-19,VERIFIED
M01675,Lee Group,grocery,2025-04-14,VERIFIED
M01676,Wilkerson-Ayala,electronics,2026-01-11,VERIFIED
M01677,Murray-Henderson,ecommerce,2026-01-27,VERIFIED
M01678,"Ellison, Vaughn and Mckee",restaurant,2026-03-13,LIMITED
M01679,Gallegos-Hayes,restaurant,2026-03-19,VERIFIED
M01680,"Mason, White and Richards",education,2026-02-16,VERIFIED
M01681,"Payne, Long and Morris",restaurant,2026-02-03,VERIFIED
M01682,White PLC,electronics,2025-07-12,VERIFIED
M01683,"Huang, Khan and Davis",fashion,2025-09-29,PENDING
M01684,Holt-Meadows,travel,2026-03-19,LIMITED
M01685,Higgins Inc,grocery,2025-12-08,VERIFIED
M01686,Wilson Group,SaaS,2025-04-05,VERIFIED
M01687,"Cox, Mills and Cruz",services,2025-07-19,VERIFIED
M01688,"Salazar, Moore and Pierce",grocery,2025-06-26,VERIFIED
M01689,Tate LLC,travel,2025-07-23,VERIFIED
M01690,"Savage, Huffman and Martin",healthcare,2025-12-18,VERIFIED
M01691,White Ltd,fashion,2025-11-02,VERIFIED
M01692,Barnes LLC,travel,2025-05-10,VERIFIED
M01693,"Mack, Griffin and Sims",grocery,2026-03-10,VERIFIED
M01694,Roach and Sons,SaaS,2025-07-28,VERIFIED
M01695,Dean LLC,education,2025-07-25,VERIFIED
M01696,Ellis Group,electronics,2026-01-29,VERIFIED
M01697,"Aguirre, Franklin and Snyder",electronics,2025-04-09,VERIFIED
M01698,Chapman Group,ecommerce,2025-09-05,VERIFIED
M01699,Ortiz-Miller,ecommerce,2026-02-22,VERIFIED
M01700,"Smith, Khan and Ramirez",ecommerce,2025-09-21,VERIFIED
M01701,"Grant, Bryan and Williams",education,2025-10-13,VERIFIED
M01702,Brown LLC,services,2025-07-31,VERIFIED
M01703,Thomas Inc,restaurant,2025-09-19,VERIFIED
M01704,"Lane, Morrison and Rivera",healthcare,2025-10-01,VERIFIED
M01705,Williams Group,education,2026-01-21,VERIFIED
M01706,Martin LLC,healthcare,2025-10-07,VERIFIED
M01707,"Guerrero, Graves and Armstrong",education,2026-03-11,VERIFIED
M01708,"Thompson, Gibson and Riley",electronics,2025-06-26,VERIFIED
M01709,Davis LLC,travel,2025-10-12,VERIFIED
M01710,Richardson-Gray,travel,2025-07-26,VERIFIED
M01711,Chang PLC,SaaS,2025-08-06,VERIFIED
M01712,Carter and Sons,education,2026-01-04,VERIFIED
M01713,Neal LLC,electronics,2025-11-29,VERIFIED
M01714,Rose-Warren,SaaS,2026-03-26,VERIFIED
M01715,"Clark, Brown and Duncan",healthcare,2025-06-20,VERIFIED
M01716,"Rice, Miller and Ramsey",electronics,2025-05-19,PENDING
M01717,"Peck, Andersen and Mitchell",restaurant,2025-11-07,VERIFIED
M01718,"Abbott, Green and Andrews",healthcare,2025-06-26,VERIFIED
M01719,"Gomez, Anderson and Hart",ecommerce,2025-03-28,VERIFIED
M01720,"Daniel, Jimenez and Morton",electronics,2025-11-17,LIMITED
M01721,"Hall, Roberts and Lee",healthcare,2026-01-25,VERIFIED
M01722,Johnson Ltd,electronics,2026-03-13,VERIFIED
M01723,Mclaughlin and Sons,education,2026-01-30,VERIFIED
M01724,"Duarte, Gutierrez and Cook",services,2025-12-21,VERIFIED
M01725,"Shaffer, Lewis and Davidson",restaurant,2025-10-24,VERIFIED
M01726,"Campbell, Tyler and Parker",restaurant,2025-11-04,VERIFIED
M01727,"Pierce, Wang and Wilson",restaurant,2025-04-19,VERIFIED
M01728,Peterson-Ramsey,grocery,2025-05-14,VERIFIED
M01729,"Choi, Collier and Lee",grocery,2025-04-16,VERIFIED
M01730,Nielsen-Mendoza,travel,2025-11-16,VERIFIED
M01731,Robles-Brewer,healthcare,2025-08-01,VERIFIED
M01732,Moore-Murray,services,2025-11-27,VERIFIED
M01733,"Huang, Ford and Olsen",healthcare,2025-07-11,LIMITED
M01734,"Brown, Meyer and Cunningham",electronics,2025-03-22,VERIFIED
M01735,"Stewart, Herrera and Clark",grocery,2025-07-24,VERIFIED
M01736,"Rivera, Hendricks and Flynn",education,2025-08-12,PENDING
M01737,Montes LLC,travel,2026-01-09,VERIFIED
M01738,Morgan Group,grocery,2025-11-11,VERIFIED
M01739,"Ferguson, Martin and Obrien",grocery,2026-03-08,VERIFIED
M01740,Larson LLC,electronics,2025-06-12,VERIFIED
M01741,"Hodge, Mckinney and Nelson",grocery,2025-03-30,VERIFIED
M01742,Crawford and Sons,restaurant,2025-04-29,VERIFIED
M01743,Hayes-Sampson,restaurant,2025-11-27,LIMITED
M01744,Warren and Sons,travel,2025-10-05,VERIFIED
M01745,Brooks Inc,fashion,2026-02-01,VERIFIED
M01746,Gentry Group,fashion,2025-04-17,PENDING
M01747,"Johnson, Webb and Porter",healthcare,2025-09-12,VERIFIED
M01748,Peterson Group,restaurant,2025-04-12,VERIFIED
M01749,"Russo, Collins and Murphy",fashion,2026-02-19,VERIFIED
M01750,Short PLC,SaaS,2025-03-27,VERIFIED
M01751,"Haney, Harris and Johnson",travel,2025-05-29,VERIFIED
M01752,Reeves-Boyd,travel,2025-07-13,VERIFIED
M01753,Collins Inc,fashion,2025-06-11,VERIFIED
M01754,"Charles, Wiggins and Cook",education,2026-01-21,VERIFIED
M01755,Garcia Ltd,electronics,2025-04-25,VERIFIED
M01756,"Edwards, Lane and Collins",healthcare,2025-04-09,VERIFIED
M01757,Flores and Sons,restaurant,2025-10-30,LIMITED
M01758,Hill-Flores,restaurant,2025-08-20,VERIFIED
M01759,Lambert-Nelson,grocery,2026-01-22,VERIFIED
M01760,Hill Inc,restaurant,2026-03-11,VERIFIED
M01761,"Castro, Garcia and Daniels",SaaS,2025-04-27,VERIFIED
M01762,"Flores, Thomas and Bush",restaurant,2025-05-16,VERIFIED
M01763,Andrews-Jackson,electronics,2025-10-07,VERIFIED
M01764,Austin-Morgan,travel,2025-09-29,VERIFIED
M01765,Williams-Johnson,fashion,2025-03-30,PENDING
M01766,"Williams, Reyes and Miller",electronics,2025-05-05,VERIFIED
M01767,White-Carlson,healthcare,2025-12-03,VERIFIED
M01768,"Soto, Vaughn and Griffin",grocery,2025-03-10,VERIFIED
M01769,Edwards-Roth,travel,2025-08-30,VERIFIED
M01770,"Chang, Lamb and Miller",electronics,2025-05-21,VERIFIED
M01771,Bradley-Davis,grocery,2025-10-23,VERIFIED
M01772,"Mcdonald, Bryant and Cohen",grocery,2025-08-30,VERIFIED
M01773,"Miranda, Ruiz and Meza",electronics,2026-03-06,VERIFIED
M01774,Callahan PLC,services,2025-10-18,VERIFIED
M01775,Durham-Myers,grocery,2025-04-02,VERIFIED
M01776,"Stark, Rivera and Valencia",travel,2026-02-03,VERIFIED
M01777,Chavez-Johnson,travel,2025-07-12,VERIFIED
M01778,Rodriguez-Mendoza,restaurant,2025-05-03,VERIFIED
M01779,Campbell LLC,travel,2026-03-04,VERIFIED
M01780,"Andrews, Romero and Sullivan",travel,2025-07-09,LIMITED
M01781,"Robles, Nguyen and Banks",ecommerce,2025-07-11,VERIFIED
M01782,Patel-Morales,SaaS,2025-08-15,VERIFIED
M01783,Allen-Sanchez,electronics,2025-09-24,VERIFIED
M01784,Dickson Group,restaurant,2025-07-07,VERIFIED
M01785,Peterson Ltd,grocery,2025-05-09,VERIFIED
M01786,"Reynolds, Baird and Bradley",restaurant,2025-04-29,VERIFIED
M01787,Stephens-Young,ecommerce,2025-06-16,VERIFIED
M01788,"Caldwell, Stevenson and Joseph",education,2025-05-04,VERIFIED
M01789,Wilson-Carlson,restaurant,2026-01-08,VERIFIED
M01790,Peters-Short,ecommerce,2025-07-07,VERIFIED
M01791,Parker Group,ecommerce,2025-09-09,VERIFIED
M01792,George Ltd,travel,2025-10-14,VERIFIED
M01793,"Wise, Gray and Snyder",SaaS,2025-08-04,VERIFIED
M01794,"Brown, Robinson and Taylor",travel,2025-07-27,VERIFIED
M01795,"Berger, Fields and Smith",education,2025-12-05,VERIFIED
M01796,Guerrero Group,education,2025-04-13,VERIFIED
M01797,"Carter, Gilbert and West",healthcare,2025-11-01,VERIFIED
M01798,Maldonado LLC,services,2025-11-04,VERIFIED
M01799,Hudson-Gentry,healthcare,2026-03-22,VERIFIED
M01800,Sellers-Zuniga,education,2025-08-30,VERIFIED
M01801,"Haas, Cooper and Davis",restaurant,2025-06-10,VERIFIED
M01802,Carr PLC,travel,2025-07-21,VERIFIED
M01803,Abbott-Phelps,SaaS,2025-07-13,VERIFIED
M01804,Wood PLC,electronics,2025-05-31,VERIFIED
M01805,Smith PLC,SaaS,2025-09-23,VERIFIED
M01806,Rodriguez-Campbell,travel,2026-01-20,VERIFIED
M01807,Young Ltd,travel,2025-05-04,VERIFIED
M01808,"Long, Flores and Reyes",healthcare,2026-03-24,VERIFIED
M01809,Graham-Clark,SaaS,2026-03-12,VERIFIED
M01810,Wells and Sons,services,2025-11-12,VERIFIED
M01811,"Cruz, Middleton and Larsen",services,2026-01-29,LIMITED
M01812,Roberts Ltd,healthcare,2025-07-30,VERIFIED
M01813,Taylor Inc,fashion,2026-02-05,PENDING
M01814,"Smith, Griffith and Tucker",electronics,2025-07-14,LIMITED
M01815,Proctor-Taylor,fashion,2025-10-11,VERIFIED
M01816,May Group,education,2025-09-10,VERIFIED
M01817,English-Dominguez,healthcare,2026-01-22,VERIFIED
M01818,Hanson-Gibson,healthcare,2025-05-22,VERIFIED
M01819,Arnold-Cole,SaaS,2026-01-14,VERIFIED
M01820,Perez-Coleman,SaaS,2025-08-30,VERIFIED
M01821,Lane Ltd,services,2026-03-02,VERIFIED
M01822,Joseph LLC,SaaS,2025-09-27,VERIFIED
M01823,House-Johnston,electronics,2025-07-15,VERIFIED
M01824,Good PLC,travel,2025-10-05,VERIFIED
M01825,Bush-Wilson,grocery,2026-01-05,VERIFIED
M01826,Nixon-Miller,SaaS,2025-07-22,VERIFIED
M01827,"Simon, Terrell and Terrell",SaaS,2025-03-10,VERIFIED
M01828,Marshall-Miller,fashion,2025-11-25,VERIFIED
M01829,"Davis, Kennedy and Harmon",fashion,2026-01-19,VERIFIED
M01830,"Miller, Schultz and Yates",ecommerce,2025-05-15,VERIFIED
M01831,Austin-Berger,fashion,2025-11-01,VERIFIED
M01832,"Osborne, Harrison and Hunt",healthcare,2026-01-18,VERIFIED
M01833,Berry-Rivera,SaaS,2025-03-10,VERIFIED
M01834,Yu-Yates,services,2026-01-03,VERIFIED
M01835,Jackson-Neal,services,2025-07-21,VERIFIED
M01836,"Curry, Acosta and Elliott",healthcare,2026-03-13,PENDING
M01837,Soto PLC,electronics,2025-08-27,VERIFIED
M01838,Berry Ltd,grocery,2025-05-05,PENDING
M01839,Lamb-Weber,ecommerce,2025-07-23,VERIFIED
M01840,Washington-Martinez,ecommerce,2025-06-10,VERIFIED
M01841,York LLC,fashion,2025-05-19,PENDING
M01842,Anderson-Campbell,fashion,2026-03-20,VERIFIED
M01843,Smith-Rodriguez,ecommerce,2025-12-15,VERIFIED
M01844,Kent Ltd,healthcare,2025-12-01,VERIFIED
M01845,Hopkins LLC,travel,2025-11-27,VERIFIED
M01846,Green Ltd,SaaS,2025-06-10,VERIFIED
M01847,Washington PLC,SaaS,2025-10-01,VERIFIED
M01848,Cooper Inc,services,2025-11-06,VERIFIED
M01849,Larson and Sons,electronics,2025-11-08,VERIFIED
M01850,Mullins-Gutierrez,grocery,2025-12-08,VERIFIED
M01851,Young-Alexander,grocery,2025-06-15,VERIFIED
M01852,"Jackson, Lane and Wilkinson",travel,2025-06-17,VERIFIED
M01853,May Inc,travel,2025-07-22,VERIFIED
M01854,Jackson Group,education,2026-01-12,PENDING
M01855,Turner-Reese,travel,2026-01-08,VERIFIED
M01856,"Hall, Vega and Price",fashion,2025-06-21,VERIFIED
M01857,Thomas-Berg,travel,2026-03-06,VERIFIED
M01858,Roberts Group,services,2025-06-05,VERIFIED
M01859,Gregory-Nixon,travel,2025-07-08,VERIFIED
M01860,"Blanchard, Davis and Schmidt",travel,2025-03-26,VERIFIED
M01861,Blanchard-Reynolds,electronics,2025-05-31,LIMITED
M01862,"Garrison, Rogers and Adams",ecommerce,2025-12-01,LIMITED
M01863,Scott PLC,fashion,2025-05-02,VERIFIED
M01864,Murray-Leonard,ecommerce,2025-04-21,VERIFIED
M01865,Navarro PLC,restaurant,2025-04-20,VERIFIED
M01866,Meyer Ltd,healthcare,2025-09-11,VERIFIED
M01867,"Kaiser, Edwards and Smith",restaurant,2025-09-16,VERIFIED
M01868,Decker Inc,SaaS,2025-03-08,VERIFIED
M01869,Davis-Garcia,healthcare,2026-02-08,VERIFIED
M01870,Bell-Hardy,education,2026-02-20,VERIFIED
M01871,Lee-Johnson,SaaS,2026-02-24,VERIFIED
M01872,Brown PLC,education,2025-09-18,VERIFIED
M01873,"Shannon, Robinson and Greene",fashion,2026-03-18,VERIFIED
M01874,Erickson Inc,restaurant,2026-01-15,VERIFIED
M01875,Gates and Sons,grocery,2025-10-23,VERIFIED
M01876,Douglas-Yoder,education,2026-02-28,VERIFIED
M01877,"Pratt, Lopez and Rodriguez",restaurant,2026-02-10,VERIFIED
M01878,King Group,services,2025-07-13,VERIFIED
M01879,"Mayer, Fowler and Livingston",electronics,2025-10-10,VERIFIED
M01880,Hammond-Schwartz,electronics,2025-08-18,VERIFIED
M01881,"Carrillo, Morris and Martin",education,2025-06-10,VERIFIED
M01882,Ramirez Inc,education,2026-02-27,VERIFIED
M01883,Price-Ferrell,SaaS,2025-03-15,VERIFIED
M01884,Sosa-Baker,grocery,2025-03-13,LIMITED
M01885,Jones-Krause,ecommerce,2025-10-12,VERIFIED
M01886,Bishop and Sons,grocery,2025-10-20,VERIFIED
M01887,"Vasquez, Thomas and Mack",restaurant,2025-11-15,LIMITED
M01888,Mendez Inc,restaurant,2025-10-19,VERIFIED
M01889,Baldwin-Garcia,services,2025-10-25,VERIFIED
M01890,Jones Ltd,healthcare,2025-04-27,VERIFIED
M01891,Waters-Smith,education,2025-03-21,VERIFIED
M01892,Hernandez-Bowman,ecommerce,2025-06-17,VERIFIED
M01893,Ortega LLC,electronics,2025-06-28,VERIFIED
M01894,Graves Group,restaurant,2025-12-09,VERIFIED
M01895,"Smith, Zimmerman and Wise",SaaS,2025-07-18,VERIFIED
M01896,Graham-Anthony,SaaS,2026-02-07,VERIFIED
M01897,Fernandez Inc,fashion,2026-02-01,VERIFIED
M01898,Finley-Meyers,electronics,2026-02-19,VERIFIED
M01899,Martinez-Nichols,grocery,2026-01-07,VERIFIED
M01900,Cook-Turner,education,2025-05-14,LIMITED
M01901,Chen Ltd,services,2025-10-03,VERIFIED
M01902,Diaz LLC,services,2025-08-19,VERIFIED
M01903,Randall LLC,travel,2025-07-20,VERIFIED
M01904,"Harris, Spencer and Ponce",ecommerce,2025-05-17,VERIFIED
M01905,"Lee, Dominguez and Mosley",services,2025-03-20,VERIFIED
M01906,"Barker, Tucker and Mcclure",electronics,2025-08-19,VERIFIED
M01907,Moss-Taylor,fashion,2025-03-13,VERIFIED
M01908,Johnson PLC,services,2025-08-24,VERIFIED
M01909,Burns Inc,travel,2025-07-24,VERIFIED
M01910,"Schneider, Porter and Hanna",electronics,2025-11-22,VERIFIED
M01911,Levy-Smith,travel,2026-03-13,PENDING
M01912,Brown-French,ecommerce,2025-08-25,VERIFIED
M01913,Sullivan and Sons,grocery,2025-10-18,PENDING
M01914,"Contreras, Ellis and Gregory",services,2025-12-12,VERIFIED
M01915,"Hernandez, Riley and Buckley",fashion,2025-12-18,LIMITED
M01916,Moss Group,healthcare,2026-01-02,VERIFIED
M01917,"Smith, Meadows and Montgomery",travel,2026-03-16,VERIFIED
M01918,Haynes and Sons,SaaS,2025-10-21,VERIFIED
M01919,Jackson Inc,education,2025-09-18,LIMITED
M01920,Hoover-Davis,travel,2026-02-14,VERIFIED
M01921,"Jackson, Garza and Meyers",ecommerce,2026-01-17,VERIFIED
M01922,Wilson PLC,services,2025-11-25,VERIFIED
M01923,"Walker, Brock and Simmons",restaurant,2025-08-08,VERIFIED
M01924,"Gregory, Nguyen and Daugherty",SaaS,2026-02-16,VERIFIED
M01925,"Gardner, Morris and Oconnell",travel,2026-02-11,VERIFIED
M01926,Duran PLC,SaaS,2026-03-22,VERIFIED
M01927,Rogers Inc,grocery,2026-01-17,VERIFIED
M01928,Thomas-Perry,healthcare,2025-11-10,VERIFIED
M01929,"Wood, Martin and Sanchez",fashion,2025-06-18,VERIFIED
M01930,"Williams, Garcia and Boone",SaaS,2025-06-29,VERIFIED
M01931,"Bennett, Moore and Hobbs",travel,2026-02-03,VERIFIED
M01932,Smith and Sons,travel,2026-03-24,VERIFIED
M01933,Mann PLC,ecommerce,2025-07-12,VERIFIED
M01934,Butler-Aguirre,grocery,2025-08-23,VERIFIED
M01935,Schwartz-Harris,ecommerce,2025-09-24,PENDING
M01936,"Nelson, Cole and Allen",travel,2025-11-09,VERIFIED
M01937,Bishop Inc,SaaS,2025-06-12,PENDING
M01938,"White, Porter and Clements",travel,2025-06-17,LIMITED
M01939,"Serrano, Turner and Barnes",education,2026-02-04,VERIFIED
M01940,"Young, Wilson and Moreno",grocery,2025-03-30,VERIFIED
M01941,Montgomery PLC,grocery,2025-04-14,VERIFIED
M01942,"Robinson, Townsend and Hopkins",restaurant,2025-11-09,VERIFIED
M01943,Brown-Rodriguez,fashion,2025-11-18,VERIFIED
M01944,Jennings Group,healthcare,2026-02-08,VERIFIED
M01945,Thompson-Santiago,healthcare,2026-01-22,VERIFIED
M01946,Brown LLC,restaurant,2026-03-14,VERIFIED
M01947,Clark-King,education,2025-05-11,VERIFIED
M01948,"Trujillo, Chang and Williams",ecommerce,2026-03-26,VERIFIED
M01949,"Williams, Medina and Moore",electronics,2026-01-11,VERIFIED
M01950,Washington Inc,fashion,2026-02-27,VERIFIED
M01951,Jacobson Ltd,grocery,2025-10-09,VERIFIED
M01952,Watkins-Nguyen,fashion,2025-06-07,VERIFIED
M01953,Burgess LLC,travel,2025-09-14,VERIFIED
M01954,Maxwell LLC,education,2025-06-03,LIMITED
M01955,Garcia Ltd,restaurant,2026-03-19,VERIFIED
M01956,Kane-Bennett,restaurant,2025-07-12,VERIFIED
M01957,Jones PLC,ecommerce,2025-05-08,VERIFIED
M01958,Brown-Graham,fashion,2025-08-08,VERIFIED
M01959,Reilly Group,healthcare,2026-03-19,VERIFIED
M01960,Hughes and Sons,healthcare,2026-01-21,VERIFIED
M01961,Cortez-Chen,electronics,2025-04-25,VERIFIED
M01962,Harris-Martinez,ecommerce,2025-10-19,VERIFIED
M01963,"Carroll, Ramirez and Rodriguez",healthcare,2026-02-26,VERIFIED
M01964,Ellis-Jackson,electronics,2025-10-01,VERIFIED
M01965,Robinson-Phillips,travel,2025-07-19,VERIFIED
M01966,Clarke Ltd,healthcare,2025-05-05,VERIFIED
M01967,"Whitehead, Lane and Tran",education,2025-03-28,VERIFIED
M01968,Miller PLC,travel,2025-11-08,VERIFIED
M01969,Atkins-Robinson,grocery,2026-02-09,VERIFIED
M01970,Hood-Ramirez,education,2025-04-02,VERIFIED
M01971,"Patterson, Salas and Wright",SaaS,2025-06-06,VERIFIED
M01972,Riley-Snow,healthcare,2026-01-14,VERIFIED
M01973,"Shah, Mcintyre and Villanueva",travel,2026-02-27,LIMITED
M01974,Baird-Williams,services,2025-04-01,VERIFIED
M01975,Quinn-Gordon,education,2025-04-02,VERIFIED
M01976,Schmidt-Mendoza,ecommerce,2025-11-23,VERIFIED
M01977,"Nicholson, Chavez and Allen",fashion,2025-03-29,VERIFIED
M01978,"Mullins, Steele and Russell",education,2025-07-18,VERIFIED
M01979,Anderson LLC,electronics,2025-11-06,VERIFIED
M01980,Holland Inc,education,2026-02-18,PENDING
M01981,Castillo LLC,grocery,2025-10-26,VERIFIED
M01982,Warner PLC,fashion,2026-02-25,VERIFIED
M01983,"Silva, Bray and Ford",travel,2025-03-26,VERIFIED
M01984,Sawyer Group,services,2025-07-29,VERIFIED
M01985,Clarke LLC,healthcare,2025-06-08,VERIFIED
M01986,"Marshall, Schultz and Dalton",restaurant,2025-05-31,VERIFIED
M01987,Cruz Ltd,ecommerce,2025-11-02,VERIFIED
M01988,Schmidt-Phillips,healthcare,2025-06-28,VERIFIED
M01989,Wolfe-Salazar,healthcare,2026-03-03,PENDING
M01990,"Norton, French and Miller",SaaS,2026-02-21,VERIFIED
M01991,Fitzgerald-Brown,SaaS,2026-02-12,PENDING
M01992,"Cox, Williams and Reyes",travel,2025-12-05,VERIFIED
M01993,Harvey-Diaz,ecommerce,2026-01-18,VERIFIED
M01994,Wong Ltd,electronics,2025-06-28,VERIFIED
M01995,Castro and Sons,electronics,2025-11-12,VERIFIED
M01996,Zavala and Sons,services,2025-09-24,VERIFIED
M01997,"Wilson, Mendoza and Crosby",ecommerce,2025-12-08,VERIFIED
M01998,"Pitts, Warner and Mullins",travel,2025-08-07,VERIFIED
M01999,Flores LLC,grocery,2026-03-14,VERIFIED
M02000,"Frazier, Ramirez and Brown",ecommerce,2026-03-25,VERIFIED
M02001,Chavez-Mason,services,2025-06-20,VERIFIED
M02002,Harrison PLC,ecommerce,2026-02-20,VERIFIED
M02003,"Bryan, Lam and Hayes",healthcare,2025-12-02,VERIFIED
M02004,Marsh-Dougherty,education,2025-11-28,LIMITED
M02005,Lopez Group,education,2025-07-21,VERIFIED
M02006,Miller and Sons,electronics,2026-01-10,VERIFIED
M02007,Mullen-Jones,healthcare,2025-10-09,VERIFIED
M02008,Hill Ltd,travel,2025-09-29,PENDING
M02009,Crawford and Sons,restaurant,2025-08-14,VERIFIED
M02010,"Crane, Johnson and Butler",SaaS,2025-06-03,VERIFIED
M02011,"Weaver, Anderson and Reed",grocery,2025-05-13,LIMITED
M02012,Rojas-Smith,fashion,2026-03-22,VERIFIED
M02013,Brown and Sons,fashion,2025-08-18,PENDING
M02014,"Newman, Jenkins and Cooper",travel,2025-10-15,VERIFIED
M02015,"Buchanan, Tucker and Wade",SaaS,2025-07-04,VERIFIED
M02016,"Wilkinson, Wallace and Torres",fashion,2025-08-07,VERIFIED
M02017,Villanueva LLC,fashion,2025-08-24,LIMITED
M02018,Mccormick and Sons,services,2025-11-12,PENDING
M02019,Watson-Roberts,travel,2025-12-21,VERIFIED
M02020,Hernandez LLC,healthcare,2025-07-01,VERIFIED
M02021,Huber-Montgomery,grocery,2025-09-04,VERIFIED
M02022,Joseph LLC,fashion,2025-12-04,VERIFIED
M02023,Mcpherson Ltd,fashion,2026-01-13,VERIFIED
M02024,"Conway, Bauer and Martin",travel,2025-03-12,VERIFIED
M02025,Williams LLC,education,2025-04-02,VERIFIED
M02026,"Martinez, Green and Lopez",travel,2026-01-01,VERIFIED
M02027,"Mann, Wade and Spence",fashion,2025-04-06,PENDING
M02028,Watson PLC,services,2025-09-03,VERIFIED
M02029,Ferguson Inc,travel,2025-08-15,VERIFIED
M02030,Sullivan Group,grocery,2025-08-15,VERIFIED
M02031,Gould LLC,ecommerce,2025-11-01,VERIFIED
M02032,Smith Ltd,travel,2025-08-11,VERIFIED
M02033,"Cantrell, Rivera and Thornton",SaaS,2025-05-08,VERIFIED
M02034,Kemp-Montes,services,2025-10-11,VERIFIED
M02035,"Estrada, Marsh and Chandler",fashion,2026-03-12,VERIFIED
M02036,Morgan-Rodriguez,electronics,2025-06-17,PENDING
M02037,Mccullough-Taylor,services,2025-04-16,VERIFIED
M02038,"Wilson, Johnson and Williamson",travel,2025-08-01,VERIFIED
M02039,Griffin Inc,ecommerce,2026-03-13,VERIFIED
M02040,Brown-Davidson,electronics,2025-10-21,VERIFIED
M02041,"Fox, Harrington and Wang",restaurant,2025-05-04,VERIFIED
M02042,Johnson PLC,SaaS,2026-02-07,VERIFIED
M02043,Rhodes-Rosario,fashion,2025-09-21,PENDING
M02044,"Foster, Henry and Morrison",grocery,2025-09-05,VERIFIED
M02045,"Harding, Kerr and Ward",education,2025-06-17,VERIFIED
M02046,Baldwin Group,services,2025-10-31,VERIFIED
M02047,Hughes-Smith,restaurant,2025-09-22,VERIFIED
M02048,Bell-Madden,restaurant,2025-12-18,VERIFIED
M02049,"Miller, Luna and Wallace",grocery,2025-07-19,VERIFIED
M02050,Lara-Roberts,electronics,2025-05-27,VERIFIED
M02051,"Waller, Coleman and Mosley",ecommerce,2025-06-15,VERIFIED
M02052,Houston PLC,healthcare,2025-09-16,VERIFIED
M02053,Thomas LLC,ecommerce,2025-05-12,VERIFIED
M02054,Mcneil-Fox,healthcare,2026-01-23,VERIFIED
M02055,Jones-Choi,fashion,2026-01-22,PENDING
M02056,Davis-Ortiz,SaaS,2025-06-14,VERIFIED
M02057,Perry-Peters,services,2025-07-19,VERIFIED
M02058,"Bradley, Melendez and Gonzalez",education,2026-01-27,PENDING
M02059,Roberts-Henry,education,2025-05-20,VERIFIED
M02060,Davenport-Torres,fashion,2025-07-17,VERIFIED
M02061,"Singh, Walker and Moody",travel,2025-11-03,VERIFIED
M02062,Baker Ltd,SaaS,2025-04-01,VERIFIED
M02063,"Kennedy, Valdez and Stafford",restaurant,2025-11-15,VERIFIED
M02064,White-Knox,ecommerce,2026-02-09,VERIFIED
M02065,"Sanchez, Wilson and Ramirez",services,2026-01-28,VERIFIED
M02066,George LLC,electronics,2025-08-31,VERIFIED
M02067,"Castillo, Graham and Scott",services,2026-03-21,VERIFIED
M02068,"Alvarez, Benson and Wilson",services,2026-03-23,LIMITED
M02069,"Quinn, Smith and Green",ecommerce,2025-06-01,VERIFIED
M02070,"Brown, Flores and Johns",education,2025-05-16,VERIFIED
M02071,Howard Inc,SaaS,2025-07-07,VERIFIED
M02072,Ward-Fields,fashion,2025-09-17,VERIFIED
M02073,Williams-Carter,healthcare,2026-01-03,VERIFIED
M02074,"Mayer, Palmer and Miranda",electronics,2025-03-26,VERIFIED
M02075,Duran PLC,fashion,2025-09-05,VERIFIED
M02076,Stephens LLC,services,2025-05-30,LIMITED
M02077,"Marsh, Nelson and Wolfe",education,2025-08-07,VERIFIED
M02078,Davis-Carpenter,electronics,2026-02-23,LIMITED
M02079,Smith PLC,electronics,2025-05-01,VERIFIED
M02080,Watson-Washington,fashion,2025-10-05,VERIFIED
M02081,Mccall-Martin,ecommerce,2026-03-20,PENDING
M02082,Moore and Sons,electronics,2025-09-17,PENDING
M02083,Pope PLC,travel,2025-12-04,VERIFIED
M02084,"Norris, Cisneros and Mathis",ecommerce,2026-01-17,VERIFIED
M02085,"Arnold, Avila and Wilson",fashion,2025-10-10,PENDING
M02086,Moon-Wilson,grocery,2025-11-15,VERIFIED
M02087,Mclean Group,services,2025-11-16,VERIFIED
M02088,Collins-Cox,services,2025-08-21,VERIFIED
M02089,Preston-Harper,healthcare,2026-02-28,VERIFIED
M02090,Jackson-Torres,grocery,2025-12-10,VERIFIED
M02091,"Olsen, Walker and Vincent",travel,2025-07-10,VERIFIED
M02092,Watts LLC,travel,2026-03-13,VERIFIED
M02093,Clark Inc,healthcare,2025-12-11,VERIFIED
M02094,Vazquez-Bowers,education,2025-09-04,VERIFIED
M02095,Smith Group,services,2026-02-09,VERIFIED
M02096,Williams-Rodriguez,travel,2026-03-26,VERIFIED
M02097,"Palmer, Brown and Wilson",services,2025-08-27,VERIFIED
M02098,Williams-Turner,education,2025-06-20,VERIFIED
M02099,Webster Inc,education,2025-11-10,PENDING
M02100,"Harris, Santana and Lopez",SaaS,2026-03-14,VERIFIED
M02101,Johnson-Thomas,grocery,2026-01-15,VERIFIED
M02102,"Mcmahon, Rush and Bailey",SaaS,2025-07-02,VERIFIED
M02103,Wyatt Ltd,grocery,2026-02-03,VERIFIED
M02104,"Allen, Hudson and Garcia",SaaS,2025-10-30,VERIFIED
M02105,"Hines, Rice and Baldwin",fashion,2026-03-14,VERIFIED
M02106,Jackson-Webster,education,2025-12-06,VERIFIED
M02107,Beltran Inc,travel,2025-05-11,VERIFIED
M02108,Knapp Ltd,education,2025-03-13,VERIFIED
M02109,Richardson-Lawrence,fashion,2026-01-05,VERIFIED
M02110,Nunez-Rodriguez,education,2025-05-29,VERIFIED
M02111,Zavala-Coleman,healthcare,2025-10-16,VERIFIED
M02112,"Perez, Rodriguez and Rollins",electronics,2026-01-09,VERIFIED
M02113,Owens PLC,grocery,2026-03-10,VERIFIED
M02114,Simpson LLC,SaaS,2025-06-30,VERIFIED
M02115,"Roberts, Bowen and Miller",healthcare,2025-11-02,VERIFIED
M02116,Wilson-Campbell,education,2025-05-30,VERIFIED
M02117,"Fitzgerald, Mcdaniel and Randall",restaurant,2025-09-15,VERIFIED
M02118,Spencer LLC,fashion,2025-12-11,VERIFIED
M02119,Lopez-Jones,services,2025-06-03,VERIFIED
M02120,Crosby-Richardson,healthcare,2025-12-21,VERIFIED
M02121,Lutz Group,healthcare,2025-05-16,VERIFIED
M02122,"Garcia, Kim and Barrett",grocery,2025-10-09,VERIFIED
M02123,Wilson Group,restaurant,2026-01-03,VERIFIED
M02124,Neal-Madden,fashion,2026-01-05,LIMITED
M02125,"Schaefer, Levine and Brown",services,2025-11-10,LIMITED
M02126,Morgan PLC,healthcare,2026-03-15,VERIFIED
M02127,Martinez-Massey,electronics,2025-09-29,VERIFIED
M02128,"Porter, Hubbard and Miranda",fashion,2026-01-17,VERIFIED
M02129,"Nelson, Clarke and Schneider",travel,2025-08-03,VERIFIED
M02130,Kelly-Estrada,restaurant,2025-06-03,PENDING
M02131,Archer-Dixon,restaurant,2025-10-09,VERIFIED
M02132,Tate Inc,grocery,2026-02-17,VERIFIED
M02133,King Group,SaaS,2026-02-18,VERIFIED
M02134,Fuller and Sons,healthcare,2025-03-27,VERIFIED
M02135,Garcia Inc,services,2025-05-01,PENDING
M02136,Jimenez Inc,restaurant,2025-04-01,VERIFIED
M02137,Reyes Ltd,healthcare,2025-04-21,VERIFIED
M02138,Hernandez-Howell,SaaS,2026-02-05,VERIFIED
M02139,Wolf Ltd,electronics,2026-01-18,VERIFIED
M02140,"Saunders, Sparks and Harris",education,2026-01-10,VERIFIED
M02141,"Jimenez, Wagner and Daniels",grocery,2025-11-02,VERIFIED
M02142,"Payne, Cisneros and Johnson",SaaS,2025-06-02,VERIFIED
M02143,Beard-Wilson,education,2025-06-10,VERIFIED
M02144,Edwards-Bennett,services,2025-11-10,VERIFIED
M02145,Johnson-Thompson,services,2025-06-28,VERIFIED
M02146,"Dalton, Turner and Mccarthy",healthcare,2025-12-19,VERIFIED
M02147,Jordan-Edwards,travel,2025-04-24,VERIFIED
M02148,Freeman-Rodriguez,restaurant,2025-10-04,VERIFIED
M02149,"Henry, Spencer and Ryan",restaurant,2025-09-30,VERIFIED
M02150,Alvarez-Dickerson,services,2026-03-01,VERIFIED
M02151,"Brown, Baker and Garza",fashion,2025-03-13,VERIFIED
M02152,Jensen-Gomez,travel,2026-02-27,PENDING
M02153,Flores-Johnson,SaaS,2025-09-13,VERIFIED
M02154,Anderson LLC,ecommerce,2025-08-04,VERIFIED
M02155,Pacheco-Silva,SaaS,2026-01-12,VERIFIED
M02156,"Peterson, Davis and Reed",fashion,2026-02-14,VERIFIED
M02157,Jenkins-Brown,fashion,2026-01-02,VERIFIED
M02158,Wright Ltd,SaaS,2025-11-14,VERIFIED
M02159,Watkins-Lozano,ecommerce,2025-10-13,VERIFIED
M02160,Melton Inc,electronics,2025-09-10,LIMITED
M02161,Jackson-Ryan,restaurant,2025-03-23,VERIFIED
M02162,Murray Group,travel,2025-07-12,VERIFIED
M02163,"Robertson, Fisher and Smith",electronics,2025-11-14,VERIFIED
M02164,Chapman-Odom,grocery,2025-11-19,VERIFIED
M02165,Hudson-Morris,grocery,2025-10-02,VERIFIED
M02166,Stokes Inc,travel,2025-05-04,VERIFIED
M02167,"Leonard, Rogers and Shaw",grocery,2025-11-17,VERIFIED
M02168,"Morgan, Mendez and Cox",ecommerce,2025-03-16,LIMITED
M02169,Harris-Reid,travel,2025-03-22,VERIFIED
M02170,Pittman PLC,healthcare,2026-02-11,VERIFIED
M02171,Mitchell Inc,travel,2025-11-27,VERIFIED
M02172,Davies-Morales,grocery,2025-11-23,VERIFIED
M02173,Weber Inc,restaurant,2025-10-27,VERIFIED
M02174,"Richard, Davis and Rogers",electronics,2026-01-04,VERIFIED
M02175,Knight PLC,fashion,2025-09-27,LIMITED
M02176,Simmons-Reed,restaurant,2025-12-02,VERIFIED
M02177,Pearson LLC,travel,2025-12-04,VERIFIED
M02178,"Brock, Reynolds and Fernandez",restaurant,2026-01-20,PENDING
M02179,Perry LLC,services,2025-09-14,VERIFIED
M02180,"Robertson, Powers and Kelley",SaaS,2026-03-22,VERIFIED
M02181,Burton PLC,ecommerce,2025-09-23,VERIFIED
M02182,Ray and Sons,travel,2025-07-03,VERIFIED
M02183,"Hayden, Harmon and Mcdonald",travel,2025-07-11,PENDING
M02184,"Patel, Mendez and Hammond",ecommerce,2025-06-01,VERIFIED
M02185,Michael-Barber,grocery,2025-08-24,VERIFIED
M02186,Boyd LLC,healthcare,2025-07-21,VERIFIED
M02187,Hernandez-Hernandez,grocery,2026-02-24,VERIFIED
M02188,"Cannon, Richard and Jenkins",restaurant,2026-02-26,VERIFIED
M02189,Walters Group,fashion,2025-11-23,VERIFIED
M02190,Colon-Lucas,ecommerce,2026-01-09,VERIFIED
M02191,Mcdaniel-Young,grocery,2025-12-14,VERIFIED
M02192,Wilson and Sons,education,2025-06-23,VERIFIED
M02193,Sanchez LLC,services,2026-01-12,VERIFIED
M02194,Washington-Esparza,SaaS,2025-08-19,VERIFIED
M02195,Lucas-Johnson,healthcare,2025-05-25,VERIFIED
M02196,Nelson Inc,SaaS,2025-07-08,VERIFIED
M02197,Clarke-Ramirez,SaaS,2025-12-20,VERIFIED
M02198,"Thompson, Phelps and Stuart",restaurant,2025-03-17,VERIFIED
M02199,Casey-Brown,ecommerce,2025-04-17,VERIFIED
M02200,Edwards LLC,restaurant,2026-02-10,VERIFIED
M02201,Lester Group,healthcare,2025-08-07,VERIFIED
M02202,Powers-Blackwell,travel,2025-09-21,VERIFIED
M02203,Hahn-Ramsey,education,2025-11-28,VERIFIED
M02204,Young PLC,ecommerce,2026-03-03,PENDING
M02205,"Mason, Martinez and Beck",fashion,2026-01-18,VERIFIED
M02206,"Herring, Huynh and King",fashion,2025-12-15,VERIFIED
M02207,Young Inc,grocery,2026-01-10,VERIFIED
M02208,Murphy-Silva,services,2025-03-27,VERIFIED
M02209,Shaffer-Manning,restaurant,2025-05-09,VERIFIED
M02210,Robinson-Rodriguez,SaaS,2025-06-27,VERIFIED
M02211,Booker Group,SaaS,2026-01-17,VERIFIED
M02212,King-Lawrence,restaurant,2026-03-04,VERIFIED
M02213,Ferguson-Lyons,services,2026-03-09,VERIFIED
M02214,Stewart Group,fashion,2026-01-27,PENDING
M02215,Vega-Richmond,ecommerce,2025-05-05,VERIFIED
M02216,Cox Ltd,education,2025-05-31,VERIFIED
M02217,Underwood-Smith,SaaS,2025-10-25,VERIFIED
M02218,"Johnson, Stevenson and Lindsey",fashion,2025-04-21,VERIFIED
M02219,Vazquez Ltd,healthcare,2025-04-09,LIMITED
M02220,King Group,electronics,2026-02-13,VERIFIED
M02221,Fowler-Haynes,fashion,2025-08-04,VERIFIED
M02222,"Martinez, Camacho and Mathews",electronics,2026-01-24,VERIFIED
M02223,Smith-Yu,electronics,2026-02-08,VERIFIED
M02224,Turner-Mayer,education,2025-09-07,VERIFIED
M02225,Evans and Sons,education,2025-07-12,VERIFIED
M02226,Welch-Suarez,SaaS,2025-04-10,VERIFIED
M02227,"Sullivan, Johnson and Delacruz",healthcare,2025-10-29,VERIFIED
M02228,Ruiz-Gutierrez,ecommerce,2025-09-15,VERIFIED
M02229,Love-Mcdowell,SaaS,2026-01-17,PENDING
M02230,Holloway Ltd,electronics,2025-11-22,VERIFIED
M02231,Hunter-Bell,services,2025-04-26,VERIFIED
M02232,"Daniel, Kelley and Murphy",SaaS,2025-05-06,PENDING
M02233,"Johnson, Williams and May",education,2025-09-18,VERIFIED
M02234,"Ramos, Davidson and Smith",travel,2026-02-03,VERIFIED
M02235,Fuller LLC,grocery,2026-03-18,PENDING
M02236,"Miller, Moore and Black",SaaS,2025-12-11,PENDING
M02237,"Hines, Bradford and Jennings",healthcare,2025-09-27,VERIFIED
M02238,Hayes-Russo,electronics,2025-09-10,VERIFIED
M02239,Green Ltd,healthcare,2025-07-12,LIMITED
M02240,"Serrano, Marsh and Gonzalez",education,2025-06-09,VERIFIED
M02241,Richardson-Long,ecommerce,2025-11-01,VERIFIED
M02242,Duffy-Wilkerson,services,2025-09-13,VERIFIED
M02243,Smith Inc,electronics,2025-11-16,VERIFIED
M02244,"Holland, Sims and Meadows",SaaS,2025-09-22,VERIFIED
M02245,Gonzalez-Haynes,electronics,2025-09-18,PENDING
M02246,Williams PLC,electronics,2026-02-25,VERIFIED
M02247,Burke-Hernandez,SaaS,2025-12-22,VERIFIED
M02248,Jackson-Bradley,SaaS,2026-03-17,VERIFIED
M02249,Higgins Group,SaaS,2025-12-19,VERIFIED
M02250,Wilcox-Snyder,grocery,2025-11-05,VERIFIED
M02251,Reeves and Sons,healthcare,2025-06-28,VERIFIED
M02252,Roberts-Snyder,ecommerce,2025-12-20,VERIFIED
M02253,Reynolds and Sons,healthcare,2025-09-27,VERIFIED
M02254,"Lewis, Holloway and Acosta",grocery,2025-03-21,VERIFIED
M02255,Barnes Group,SaaS,2025-08-05,VERIFIED
M02256,Johnson LLC,services,2025-03-30,PENDING
M02257,Williamson and Sons,fashion,2026-02-17,VERIFIED
M02258,Aguilar-Holland,restaurant,2025-06-07,VERIFIED
M02259,Smith and Sons,healthcare,2025-07-24,VERIFIED
M02260,Mccann-Sanders,healthcare,2025-08-17,VERIFIED
M02261,Reeves Ltd,fashion,2026-02-03,VERIFIED
M02262,Fitzgerald-Scott,travel,2025-06-03,VERIFIED
M02263,Hawkins Inc,grocery,2026-01-22,VERIFIED
M02264,Galvan-Ruiz,travel,2025-05-22,VERIFIED
M02265,Barajas-Crosby,grocery,2026-03-04,VERIFIED
M02266,"Mckinney, Pacheco and Smith",ecommerce,2025-11-21,VERIFIED
M02267,"Harvey, Turner and Foster",services,2025-04-20,VERIFIED
M02268,Anderson-Mcclain,SaaS,2025-12-03,VERIFIED
M02269,Carpenter LLC,restaurant,2025-07-31,VERIFIED
M02270,Gordon LLC,electronics,2025-04-03,VERIFIED
M02271,Anderson-Stewart,ecommerce,2025-08-25,PENDING
M02272,"Hamilton, Green and Edwards",restaurant,2025-07-26,VERIFIED
M02273,Porter LLC,SaaS,2025-05-27,VERIFIED
M02274,"Ward, Jordan and Orr",fashion,2025-11-23,VERIFIED
M02275,Austin-Juarez,education,2026-02-15,VERIFIED
M02276,Black-Graham,grocery,2026-02-13,VERIFIED
M02277,Stewart Group,ecommerce,2025-06-26,LIMITED
M02278,Peters Ltd,travel,2025-10-16,VERIFIED
M02279,"Yates, Brown and Hernandez",electronics,2025-05-29,VERIFIED
M02280,White Group,ecommerce,2025-12-06,VERIFIED
M02281,Martin-Mcdonald,electronics,2025-07-31,VERIFIED
M02282,Carney Group,fashion,2025-09-14,LIMITED
M02283,Alexander Ltd,travel,2025-09-13,LIMITED
M02284,"Washington, Vasquez and Singleton",services,2025-11-08,VERIFIED
M02285,Martinez Inc,fashion,2026-03-16,VERIFIED
M02286,Oneill and Sons,ecommerce,2025-04-12,VERIFIED
M02287,Brady LLC,electronics,2025-05-26,VERIFIED
M02288,"Macdonald, Willis and Silva",grocery,2025-07-12,VERIFIED
M02289,Fox PLC,fashion,2025-08-15,PENDING
M02290,Butler Inc,grocery,2026-01-22,VERIFIED
M02291,Tate Ltd,services,2025-03-10,VERIFIED
M02292,Clay Inc,grocery,2025-09-18,VERIFIED
M02293,Maldonado-Becker,SaaS,2026-02-20,VERIFIED
M02294,Brooks-Hickman,SaaS,2025-07-03,VERIFIED
M02295,Hood and Sons,electronics,2026-01-05,VERIFIED
M02296,Miller Ltd,fashion,2025-12-11,VERIFIED
M02297,"Castillo, Fuller and Adams",restaurant,2025-11-09,LIMITED
M02298,"Smith, Booker and Douglas",restaurant,2025-09-16,VERIFIED
M02299,Nguyen-Dennis,ecommerce,2025-10-07,VERIFIED
M02300,"Meadows, Robles and Anderson",SaaS,2025-09-18,VERIFIED
M02301,Solis LLC,grocery,2025-05-01,VERIFIED
M02302,Yates-Manning,grocery,2026-02-17,VERIFIED
M02303,"Crane, James and Ross",SaaS,2026-01-14,PENDING
M02304,Allen Group,services,2025-03-10,VERIFIED
M02305,Smith and Sons,healthcare,2025-10-26,VERIFIED
M02306,Price Group,services,2026-03-18,VERIFIED
M02307,Holland-Best,restaurant,2025-10-09,VERIFIED
M02308,Martinez Group,electronics,2025-08-14,VERIFIED
M02309,Fitzgerald-Dorsey,fashion,2026-02-02,VERIFIED
M02310,"Munoz, Howard and Davis",grocery,2025-09-30,VERIFIED
M02311,Hunt-Burns,grocery,2025-12-02,PENDING
M02312,Alvarez-Hart,fashion,2025-06-26,VERIFIED
M02313,Davis-Henderson,electronics,2025-05-06,VERIFIED
M02314,Austin-Hamilton,electronics,2025-03-17,VERIFIED
M02315,Davis-Palmer,SaaS,2025-05-06,VERIFIED
M02316,Rhodes-Holland,restaurant,2025-07-15,VERIFIED
M02317,"Moore, Simpson and Soto",ecommerce,2025-06-06,VERIFIED
M02318,"Miller, Mcdonald and Miller",travel,2025-08-19,VERIFIED
M02319,Evans-Joyce,healthcare,2025-11-02,VERIFIED
M02320,"Leach, Skinner and Mills",restaurant,2025-03-27,VERIFIED
M02321,Carroll-Arnold,grocery,2025-09-15,VERIFIED
M02322,Palmer PLC,fashion,2025-06-01,VERIFIED
M02323,Gutierrez-Marshall,grocery,2025-07-17,VERIFIED
M02324,"Carroll, King and Scott",fashion,2025-06-03,VERIFIED
M02325,Mack Inc,services,2025-09-25,VERIFIED
M02326,Yang Group,services,2026-03-05,VERIFIED
M02327,Hartman Group,grocery,2025-09-28,VERIFIED
M02328,Miller Ltd,services,2026-02-20,VERIFIED
M02329,Edwards-Ramsey,healthcare,2025-07-22,VERIFIED
M02330,"Cole, Morton and Peterson",ecommerce,2026-02-21,VERIFIED
M02331,Clark Inc,restaurant,2025-10-16,VERIFIED
M02332,"Hendrix, Green and Nunez",SaaS,2025-05-29,VERIFIED
M02333,Ferguson-Smith,restaurant,2025-08-24,VERIFIED
M02334,Smith Ltd,restaurant,2025-04-19,VERIFIED
M02335,Stevens-Sullivan,restaurant,2025-09-02,VERIFIED
M02336,"Church, Guzman and Tucker",SaaS,2025-12-22,VERIFIED
M02337,"Li, Jensen and Vazquez",fashion,2025-12-14,VERIFIED
M02338,"Leonard, Ballard and Miller",travel,2025-07-11,VERIFIED
M02339,Smith Inc,fashion,2025-06-28,VERIFIED
M02340,Horton and Sons,healthcare,2025-06-08,VERIFIED
M02341,Clark Ltd,ecommerce,2025-07-01,VERIFIED
M02342,Santos Group,ecommerce,2025-05-31,LIMITED
M02343,"Garrison, Ryan and Miller",ecommerce,2025-08-15,VERIFIED
M02344,Hernandez-Henderson,grocery,2025-03-31,PENDING
M02345,Martin and Sons,SaaS,2025-04-20,VERIFIED
M02346,"Park, Maynard and Ruiz",services,2025-11-03,VERIFIED
M02347,Richards-Harris,restaurant,2025-07-22,VERIFIED
M02348,"Gallegos, Myers and Cook",electronics,2025-07-24,VERIFIED
M02349,Mccoy Ltd,grocery,2026-02-20,PENDING
M02350,Petty-Allison,electronics,2025-09-03,VERIFIED
M02351,"Lane, Simon and Duarte",restaurant,2025-06-09,PENDING
M02352,Freeman Group,education,2026-01-10,VERIFIED
M02353,"Garza, Carr and Gregory",ecommerce,2025-03-17,VERIFIED
M02354,Hall-Brown,education,2026-02-11,VERIFIED
M02355,Henderson LLC,fashion,2026-01-03,VERIFIED
M02356,"Brown, Orozco and Butler",SaaS,2026-02-10,VERIFIED
M02357,Wilson-Dean,healthcare,2025-09-27,PENDING
M02358,"Reed, Terry and Smith",education,2026-03-09,VERIFIED
M02359,Barber-Harrison,SaaS,2025-05-01,PENDING
M02360,Hall-Robinson,SaaS,2025-11-08,LIMITED
M02361,"Morgan, Guzman and Kirby",electronics,2025-05-24,VERIFIED
M02362,"Mcdonald, Ware and Sharp",electronics,2025-07-18,VERIFIED
M02363,Moyer-Whitaker,grocery,2026-01-12,VERIFIED
M02364,"Delgado, Ward and Kennedy",SaaS,2025-09-18,VERIFIED
M02365,Howell LLC,SaaS,2025-03-15,LIMITED
M02366,"Curry, Estrada and Anderson",education,2026-03-26,PENDING
M02367,Moore Group,grocery,2025-08-11,PENDING
M02368,Leon Group,healthcare,2025-04-16,VERIFIED
M02369,Young-Hawkins,restaurant,2025-11-10,VERIFIED
M02370,Howard LLC,fashion,2025-07-25,VERIFIED
M02371,Rhodes-Thompson,education,2025-03-25,PENDING
M02372,"Johnson, Brown and Jordan",electronics,2025-07-31,VERIFIED
M02373,"Perez, Hoffman and Tucker",restaurant,2025-08-20,VERIFIED
M02374,Glover-Hammond,education,2025-07-26,VERIFIED
M02375,"Adams, Hernandez and Vaughn",education,2025-12-01,VERIFIED
M02376,"Munoz, Garcia and Williams",fashion,2026-03-18,VERIFIED
M02377,Lloyd-Estes,electronics,2025-09-20,VERIFIED
M02378,Villegas PLC,ecommerce,2025-05-01,PENDING
M02379,"Casey, Meza and Colon",ecommerce,2025-07-12,VERIFIED
M02380,Romero and Sons,healthcare,2025-04-24,VERIFIED
M02381,"Wilson, Harris and Ward",education,2025-03-08,VERIFIED
M02382,"Carter, Alexander and Hunter",travel,2025-11-12,VERIFIED
M02383,"Harrell, Moore and Cox",travel,2025-10-02,VERIFIED
M02384,Martinez and Sons,grocery,2025-09-20,VERIFIED
M02385,Montes-Hammond,electronics,2025-08-22,VERIFIED
M02386,Sanchez Group,ecommerce,2025-10-09,VERIFIED
M02387,Mitchell-Jackson,SaaS,2026-01-04,VERIFIED
M02388,Watson-Fischer,ecommerce,2025-05-14,VERIFIED
M02389,Soto-Sanchez,electronics,2025-07-05,VERIFIED
M02390,"Fisher, Perez and Pham",education,2025-05-27,VERIFIED
M02391,Hardin-Villanueva,travel,2025-03-10,VERIFIED
M02392,"Norton, Cox and Johnson",restaurant,2025-08-31,VERIFIED
M02393,Carrillo Ltd,fashion,2025-09-01,VERIFIED
M02394,"Acevedo, Miller and Edwards",electronics,2025-09-29,VERIFIED
M02395,Hamilton Group,restaurant,2025-10-17,VERIFIED
M02396,Keller Ltd,grocery,2026-03-10,VERIFIED
M02397,Orr Inc,travel,2026-02-10,VERIFIED
M02398,"Whitney, Lloyd and Liu",electronics,2025-03-08,VERIFIED
M02399,Barnes-Blackwell,fashion,2025-09-23,VERIFIED
M02400,"Spencer, Torres and Newton",electronics,2025-03-22,VERIFIED
M02401,Smith-Ramirez,restaurant,2025-10-07,VERIFIED
M02402,"Bishop, Thomas and Powell",fashion,2025-11-15,VERIFIED
M02403,"Harris, Stephens and Kramer",fashion,2026-02-07,VERIFIED
M02404,"Ramos, Reed and Cain",travel,2026-03-21,VERIFIED
M02405,"Sullivan, Gonzalez and Turner",restaurant,2026-01-21,PENDING
M02406,Medina Group,fashion,2026-01-21,VERIFIED
M02407,"Higgins, Hobbs and Meyer",SaaS,2026-01-31,VERIFIED
M02408,"Campbell, Davis and Arnold",grocery,2025-06-15,VERIFIED
M02409,"Peterson, Reid and Johnson",grocery,2025-12-18,VERIFIED
M02410,"Vargas, Allen and Schroeder",restaurant,2025-04-08,VERIFIED
M02411,"Henderson, Wagner and Dennis",electronics,2025-08-17,VERIFIED
M02412,Green-Romero,restaurant,2026-02-01,VERIFIED
M02413,Williams Ltd,travel,2025-10-01,PENDING
M02414,West PLC,electronics,2025-03-18,LIMITED
M02415,"Smith, Morgan and Young",travel,2025-05-25,VERIFIED
M02416,"Zhang, Cunningham and Kline",ecommerce,2025-08-14,LIMITED
M02417,"Wade, Richard and Hall",SaaS,2025-09-15,PENDING
M02418,Mitchell-Glover,ecommerce,2025-07-13,VERIFIED
M02419,"Armstrong, Taylor and Gray",electronics,2025-04-01,VERIFIED
M02420,"Wright, Murphy and Aguilar",grocery,2026-02-24,VERIFIED
M02421,Gibson-Thomas,SaaS,2026-03-06,VERIFIED
M02422,Poole-Miller,education,2025-03-18,VERIFIED
M02423,Coleman and Sons,restaurant,2025-08-07,VERIFIED
M02424,Lewis-Miller,electronics,2026-02-20,VERIFIED
M02425,"Fox, Chapman and Stone",grocery,2025-12-01,VERIFIED
M02426,Wiggins-Silva,education,2025-10-21,VERIFIED
M02427,"Henderson, Alexander and Galvan",ecommerce,2025-06-18,VERIFIED
M02428,Dennis-Butler,education,2026-01-24,PENDING
M02429,Thomas and Sons,grocery,2025-06-15,LIMITED
M02430,Dawson-Anderson,ecommerce,2026-01-15,VERIFIED
M02431,"Palmer, Rice and Benson",SaaS,2025-10-03,VERIFIED
M02432,Kennedy-Francis,ecommerce,2025-09-12,VERIFIED
M02433,"Wood, Crane and Guzman",grocery,2026-02-06,VERIFIED
M02434,Rodriguez-Wood,electronics,2025-04-17,LIMITED
M02435,Williams-Hernandez,travel,2026-03-19,VERIFIED
M02436,Torres-Brooks,ecommerce,2026-01-27,VERIFIED
M02437,Tucker-Moody,ecommerce,2025-04-13,VERIFIED
M02438,Bowers Group,travel,2026-01-08,VERIFIED
M02439,Zuniga LLC,services,2025-06-10,VERIFIED
M02440,Lewis-Fuentes,ecommerce,2026-03-16,VERIFIED
M02441,Smith-Kelley,restaurant,2026-03-19,VERIFIED
M02442,Harrell Group,healthcare,2025-04-03,VERIFIED
M02443,Berry-Knight,fashion,2025-08-31,VERIFIED
M02444,Harrington-Alvarez,restaurant,2025-10-14,VERIFIED
M02445,"Bass, Anderson and Taylor",healthcare,2026-01-29,VERIFIED
M02446,"Murray, Cole and Cole",education,2025-11-15,VERIFIED
M02447,"Nguyen, Marsh and Beck",fashion,2025-04-10,VERIFIED
M02448,Hughes-Mccullough,education,2025-09-09,VERIFIED
M02449,Weaver-Rubio,SaaS,2025-12-12,VERIFIED
M02450,Fitzgerald-Brewer,travel,2025-09-13,VERIFIED
M02451,Mann PLC,restaurant,2025-09-05,VERIFIED
M02452,"Hogan, Zimmerman and Hoffman",services,2025-09-20,VERIFIED
M02453,Schneider Inc,healthcare,2025-04-12,VERIFIED
M02454,Friedman PLC,services,2025-12-07,VERIFIED
M02455,"Todd, Bernard and Boyd",SaaS,2026-03-26,VERIFIED
M02456,Shaw-Smith,grocery,2025-08-21,PENDING
M02457,"Mayer, White and Smith",electronics,2026-03-06,VERIFIED
M02458,Sanchez Ltd,electronics,2025-11-25,VERIFIED
M02459,"Wallace, Roman and Lawson",services,2025-06-30,VERIFIED
M02460,Chapman-Henry,grocery,2025-06-27,VERIFIED
M02461,Morgan and Sons,electronics,2026-01-21,VERIFIED
M02462,Johnson-Rice,fashion,2026-02-21,VERIFIED
M02463,Scott-Wilson,ecommerce,2025-10-15,VERIFIED
M02464,Weaver LLC,travel,2025-05-18,VERIFIED
M02465,White Inc,travel,2025-07-04,VERIFIED
M02466,Parker Group,grocery,2026-01-05,VERIFIED
M02467,"Jackson, Mendez and Nguyen",education,2025-05-20,VERIFIED
M02468,Reeves LLC,restaurant,2026-03-17,VERIFIED
M02469,Garcia-Thomas,services,2025-03-11,VERIFIED
M02470,Scott-David,education,2026-02-28,VERIFIED
M02471,Williams and Sons,ecommerce,2026-02-26,VERIFIED
M02472,"Willis, Vasquez and Goodwin",fashion,2025-09-17,VERIFIED
M02473,Avery-Adams,education,2025-04-11,VERIFIED
M02474,Marshall-Russell,travel,2025-05-24,VERIFIED
M02475,Johnson-Schultz,education,2025-03-20,VERIFIED
M02476,Adams PLC,grocery,2025-03-10,VERIFIED
M02477,"Garcia, Hines and Pearson",ecommerce,2025-04-06,VERIFIED
M02478,Torres Group,education,2025-04-25,VERIFIED
M02479,Miller-Fields,education,2025-05-02,LIMITED
M02480,Patton and Sons,SaaS,2025-03-26,VERIFIED
M02481,Fernandez-Jackson,restaurant,2025-07-11,PENDING
M02482,Medina Group,ecommerce,2025-07-26,VERIFIED
M02483,"Hayes, Smith and Marshall",education,2025-05-27,VERIFIED
M02484,"Roberts, Stanton and Smith",SaaS,2025-04-29,VERIFIED
M02485,Nelson-King,SaaS,2025-06-29,VERIFIED
M02486,"James, Bell and Chen",electronics,2025-10-11,VERIFIED
M02487,"Pittman, Campbell and Martin",education,2025-07-18,VERIFIED
M02488,"Hart, Turner and Foster",education,2025-03-26,VERIFIED
M02489,Rivas Ltd,healthcare,2025-06-14,PENDING
M02490,"Lutz, Johns and Clark",travel,2026-02-19,VERIFIED
M02491,"Bernard, Flores and Fleming",education,2025-10-20,VERIFIED
M02492,Reid-Petty,restaurant,2025-10-10,VERIFIED
M02493,"Chavez, Sanchez and Bird",SaaS,2025-05-06,VERIFIED
M02494,Clark-Haley,SaaS,2026-02-07,VERIFIED
M02495,Smith-Holt,education,2026-01-03,VERIFIED
M02496,"Nielsen, Lynch and Smith",healthcare,2025-04-18,PENDING
M02497,Chambers Group,ecommerce,2026-01-10,VERIFIED
M02498,"Woodard, Warner and Farmer",education,2025-05-29,VERIFIED
M02499,"Miller, Mcdowell and Curtis",education,2025-05-15,VERIFIED
M02500,"Johnson, Collier and Powers",travel,2026-01-27,VERIFIED
M02501,"Martinez, Stanton and Bennett",travel,2026-03-05,VERIFIED
M02502,"Howard, Thompson and Tate",education,2025-07-27,VERIFIED
M02503,"Terrell, Martinez and Wood",restaurant,2025-06-22,VERIFIED
M02504,Wallace and Sons,restaurant,2025-08-10,PENDING
M02505,"Smith, Campbell and Morse",healthcare,2025-10-02,VERIFIED
M02506,Lee-Velasquez,education,2025-10-03,VERIFIED
M02507,"Turner, Robbins and Young",fashion,2026-01-13,VERIFIED
M02508,Coffey-Johnson,healthcare,2025-03-11,VERIFIED
M02509,Conway-Mann,grocery,2026-01-27,VERIFIED
M02510,Smith Ltd,electronics,2026-01-22,VERIFIED
M02511,Rodriguez-Ramirez,healthcare,2025-04-25,VERIFIED
M02512,"Snyder, Arnold and Keller",fashion,2025-07-27,VERIFIED
M02513,"Chambers, Morrison and Thompson",fashion,2025-09-29,VERIFIED
M02514,"Anderson, Brown and Green",fashion,2025-06-23,VERIFIED
M02515,"Foley, Ibarra and Daniel",restaurant,2025-08-28,VERIFIED
M02516,Lee-Gregory,electronics,2025-06-08,VERIFIED
M02517,"Byrd, Mendez and Becker",electronics,2025-09-10,VERIFIED
M02518,Smith-Simmons,grocery,2025-08-02,VERIFIED
M02519,"Hahn, Williams and Mcmillan",fashion,2026-03-10,VERIFIED
M02520,Richard-Russell,electronics,2025-05-17,VERIFIED
M02521,Frazier Group,services,2026-02-11,VERIFIED
M02522,Ward-Blake,travel,2025-04-24,VERIFIED
M02523,"Walker, Ramirez and Fisher",ecommerce,2026-01-31,PENDING
M02524,Stewart-Myers,electronics,2025-07-23,VERIFIED
M02525,Miller-Armstrong,healthcare,2025-07-22,VERIFIED
M02526,Mooney and Sons,fashion,2025-11-15,VERIFIED
M02527,"Coleman, Jones and Wright",electronics,2025-12-19,VERIFIED
M02528,Murphy Inc,SaaS,2025-10-19,VERIFIED
M02529,"Garrett, Johnson and Reynolds",healthcare,2026-03-12,VERIFIED
M02530,Watkins Ltd,grocery,2025-11-08,VERIFIED
M02531,Pittman-Wright,education,2025-07-18,VERIFIED
M02532,Allen-Peterson,restaurant,2025-06-17,VERIFIED
M02533,Underwood PLC,electronics,2025-12-18,VERIFIED
M02534,Harding PLC,education,2026-01-24,VERIFIED
M02535,"Gonzales, Davis and Griffin",services,2026-01-07,VERIFIED
M02536,Miller Inc,services,2026-01-27,LIMITED
M02537,Bennett Ltd,electronics,2026-01-05,VERIFIED
M02538,Patton Inc,travel,2025-11-07,VERIFIED
M02539,Brown-Bishop,SaaS,2025-06-27,VERIFIED
M02540,Jones-Byrd,ecommerce,2025-03-26,VERIFIED
M02541,"Williams, Horn and Morales",services,2025-04-23,VERIFIED
M02542,"Walton, Hall and Greene",electronics,2025-11-13,VERIFIED
M02543,"Hanson, Chavez and Marshall",fashion,2026-03-03,VERIFIED
M02544,Hobbs-Harvey,services,2025-08-20,VERIFIED
M02545,Curtis-Lowe,travel,2025-11-30,VERIFIED
M02546,Gibson LLC,SaaS,2025-10-02,VERIFIED
M02547,"Lee, Garcia and Larson",restaurant,2025-06-22,VERIFIED
M02548,Watkins and Sons,education,2025-05-14,VERIFIED
M02549,"Martinez, Hicks and Kelly",ecommerce,2025-07-14,VERIFIED
M02550,Hardy-Wallace,SaaS,2025-12-13,VERIFIED
M02551,Taylor Inc,ecommerce,2025-10-01,VERIFIED
M02552,Anderson PLC,electronics,2025-10-05,VERIFIED
M02553,Palmer-Pearson,travel,2025-06-21,VERIFIED
M02554,Collins-Mcclure,restaurant,2025-06-24,VERIFIED
M02555,Hernandez LLC,electronics,2025-05-09,PENDING
M02556,"Cooper, Wood and Smith",education,2025-08-25,VERIFIED
M02557,"Sandoval, Thomas and Young",grocery,2025-11-30,VERIFIED
M02558,"Trevino, Henderson and Gonzalez",healthcare,2025-08-17,VERIFIED
M02559,Davidson and Sons,ecommerce,2026-03-06,VERIFIED
M02560,Peterson Ltd,fashion,2025-05-06,VERIFIED
M02561,Neal-Holden,fashion,2025-04-16,VERIFIED
M02562,"Schwartz, Christian and Knight",travel,2025-06-19,VERIFIED
M02563,Jensen-Barnes,restaurant,2025-12-10,VERIFIED
M02564,Garcia Inc,electronics,2025-03-19,LIMITED
M02565,Robinson-Smith,travel,2025-06-21,VERIFIED
M02566,Steele Group,services,2026-03-01,VERIFIED
M02567,"Lewis, Castillo and Tate",electronics,2025-07-22,VERIFIED
M02568,Aguirre-Bennett,fashion,2025-08-22,VERIFIED
M02569,Lopez-Fritz,restaurant,2025-04-21,LIMITED
M02570,Smith-Howard,education,2025-08-31,VERIFIED
M02571,"Wilson, Roberts and Lee",electronics,2026-02-02,VERIFIED
M02572,"Durham, Ward and Hester",fashion,2025-05-03,PENDING
M02573,Gonzalez and Sons,fashion,2025-08-19,VERIFIED
M02574,Mcclure Ltd,SaaS,2025-11-29,VERIFIED
M02575,Morgan PLC,ecommerce,2026-03-17,VERIFIED
M02576,White Inc,SaaS,2025-06-09,VERIFIED
M02577,Cameron Inc,restaurant,2025-07-15,VERIFIED
M02578,Decker and Sons,grocery,2025-09-20,LIMITED
M02579,Pena-Dyer,healthcare,2025-11-05,VERIFIED
M02580,Boyle-Torres,healthcare,2025-06-26,VERIFIED
M02581,Wood LLC,healthcare,2025-04-22,VERIFIED
M02582,"Jackson, Rose and Lloyd",healthcare,2026-01-18,VERIFIED
M02583,"Keith, Johns and Jones",fashion,2026-02-19,VERIFIED
M02584,Andrade and Sons,healthcare,2025-03-08,VERIFIED
M02585,Lee Group,electronics,2026-01-14,VERIFIED
M02586,"Brooks, Greene and Rowland",grocery,2026-03-22,VERIFIED
M02587,Mccall PLC,travel,2025-09-10,VERIFIED
M02588,"Lopez, Nichols and Clarke",education,2025-05-28,VERIFIED
M02589,Wright-Soto,travel,2025-04-12,VERIFIED
M02590,Salas-York,travel,2025-08-10,VERIFIED
M02591,"Blackwell, Clark and Miller",grocery,2026-02-19,VERIFIED
M02592,Gibbs-Mendez,travel,2025-03-11,PENDING
M02593,Romero Ltd,restaurant,2025-08-22,VERIFIED
M02594,"Brooks, Stone and White",restaurant,2026-01-22,VERIFIED
M02595,"Brooks, Neal and Baldwin",travel,2025-08-04,VERIFIED
M02596,Wells-Perkins,SaaS,2025-07-26,VERIFIED
M02597,"Morse, Silva and Johnson",grocery,2025-03-22,LIMITED
M02598,Jacobson Group,electronics,2025-06-26,VERIFIED
M02599,Foster LLC,fashion,2025-04-14,VERIFIED
M02600,Oneal-Duncan,restaurant,2026-01-12,VERIFIED
M02601,Scott-Miller,electronics,2026-03-04,VERIFIED
M02602,Phillips PLC,electronics,2025-05-02,PENDING
M02603,Hall-Williams,services,2025-11-22,PENDING
M02604,"Oliver, Simmons and Mcdonald",fashion,2025-09-05,VERIFIED
M02605,Richardson-Jimenez,education,2025-08-11,VERIFIED
M02606,Reyes-White,electronics,2025-04-11,VERIFIED
M02607,Baker Inc,services,2025-11-07,VERIFIED
M02608,Valenzuela-Phillips,fashion,2025-07-27,PENDING
M02609,"Hunt, Schneider and Hartman",grocery,2025-10-01,VERIFIED
M02610,Garcia Inc,education,2025-09-01,VERIFIED
M02611,Johnson-Gonzalez,fashion,2025-08-27,VERIFIED
M02612,Leonard LLC,travel,2025-07-25,VERIFIED
M02613,Mcgee-Mack,education,2025-05-12,VERIFIED
M02614,Lee-Munoz,ecommerce,2026-02-06,VERIFIED
M02615,Murillo Ltd,ecommerce,2025-11-02,VERIFIED
M02616,"Daniels, Green and Carrillo",education,2025-09-13,VERIFIED
M02617,Short-Logan,fashion,2026-01-27,VERIFIED
M02618,Bautista-Underwood,services,2025-07-13,VERIFIED
M02619,"Smith, Valdez and Hays",services,2025-11-24,VERIFIED
M02620,Grimes and Sons,healthcare,2025-11-12,LIMITED
M02621,Cummings and Sons,services,2025-05-07,VERIFIED
M02622,Hall-Matthews,healthcare,2025-07-06,VERIFIED
M02623,"Todd, Sharp and Murray",grocery,2026-02-21,VERIFIED
M02624,Edwards and Sons,services,2025-07-31,VERIFIED
M02625,Carrillo-Wolfe,grocery,2025-09-29,PENDING
M02626,Gonzales PLC,travel,2025-06-17,VERIFIED
M02627,Brooks PLC,ecommerce,2026-01-31,VERIFIED
M02628,Torres Ltd,services,2026-01-07,VERIFIED
M02629,Porter Ltd,travel,2026-01-28,VERIFIED
M02630,Morgan-Barnes,services,2026-02-21,VERIFIED
M02631,"Goodwin, Farmer and Vaughn",grocery,2025-09-20,VERIFIED
M02632,Nguyen-Johnson,grocery,2026-01-18,VERIFIED
M02633,Weeks and Sons,travel,2025-04-18,LIMITED
M02634,Carroll-Lloyd,healthcare,2025-09-28,VERIFIED
M02635,"Berry, Myers and James",travel,2025-06-22,VERIFIED
M02636,Brown-Hughes,education,2025-03-24,VERIFIED
M02637,Rodriguez-Hudson,fashion,2026-01-04,VERIFIED
M02638,Fowler-Torres,education,2025-07-03,VERIFIED
M02639,Garcia PLC,education,2025-06-12,VERIFIED
M02640,Johnson Ltd,healthcare,2025-11-22,VERIFIED
M02641,"Burns, Lopez and Jones",ecommerce,2025-07-22,VERIFIED
M02642,Campbell-Hall,grocery,2025-11-15,VERIFIED
M02643,"Warren, Gibson and Wood",ecommerce,2025-03-27,VERIFIED
M02644,Jackson Group,restaurant,2026-01-30,VERIFIED
M02645,Moore-Rodriguez,education,2025-06-13,VERIFIED
M02646,"Barnes, Paul and Price",SaaS,2025-11-07,PENDING
M02647,Anderson and Sons,education,2026-02-23,VERIFIED
M02648,Reynolds-Mckinney,education,2026-03-23,VERIFIED
M02649,Moore-Andrews,services,2025-05-29,VERIFIED
M02650,Matthews-Shaw,healthcare,2026-01-17,VERIFIED
M02651,"Stevens, Harris and Ritter",travel,2026-03-19,VERIFIED
M02652,Brown-Ross,healthcare,2026-01-05,VERIFIED
M02653,Fox PLC,ecommerce,2025-03-17,VERIFIED
M02654,Stevens-Johnston,education,2026-02-25,VERIFIED
M02655,"Davis, Lucas and Ellison",travel,2025-12-07,VERIFIED
M02656,Graves-Dawson,services,2026-02-19,VERIFIED
M02657,Myers-Colon,travel,2025-10-20,VERIFIED
M02658,Perry and Sons,electronics,2026-01-07,VERIFIED
M02659,"Quinn, Ellis and Bartlett",education,2025-12-04,LIMITED
M02660,Hale Inc,services,2025-03-10,VERIFIED
M02661,Hale-Williams,ecommerce,2025-07-18,LIMITED
M02662,Hill Ltd,ecommerce,2026-02-05,VERIFIED
M02663,"Carter, Hendricks and Wolfe",SaaS,2025-12-20,VERIFIED
M02664,"Barrera, Kerr and Jenkins",travel,2026-01-21,VERIFIED
M02665,"Martinez, Wood and Campos",travel,2026-03-13,VERIFIED
M02666,"Miranda, Nguyen and Hayes",ecommerce,2025-08-13,VERIFIED
M02667,Clark-Williams,travel,2026-02-24,VERIFIED
M02668,Jones Ltd,travel,2025-05-29,VERIFIED
M02669,"Brady, James and Reese",healthcare,2025-08-25,VERIFIED
M02670,Sanders Inc,grocery,2025-10-14,PENDING
M02671,Wilson-Stark,grocery,2026-01-06,VERIFIED
M02672,Santiago-Marshall,ecommerce,2026-02-12,PENDING
M02673,Jones-Kelley,travel,2026-01-21,VERIFIED
M02674,Reeves Group,SaaS,2025-06-28,VERIFIED
M02675,Ruiz LLC,fashion,2026-01-17,VERIFIED
M02676,Jackson Inc,education,2026-03-21,VERIFIED
M02677,"Garcia, Phillips and Nichols",services,2025-10-10,VERIFIED
M02678,Jackson-Powers,electronics,2025-07-17,VERIFIED
M02679,Byrd and Sons,travel,2025-03-18,VERIFIED
M02680,Howard-Robinson,SaaS,2025-11-27,VERIFIED
M02681,Stafford PLC,ecommerce,2026-03-25,LIMITED
M02682,Ramos Inc,electronics,2025-10-27,VERIFIED
M02683,"Cain, Davidson and Moran",grocery,2025-05-24,VERIFIED
M02684,Myers LLC,electronics,2025-05-06,VERIFIED
M02685,Williams-Smith,grocery,2025-06-03,VERIFIED
M02686,Wang-Mcfarland,electronics,2025-06-13,VERIFIED
M02687,Kerr-Gonzalez,healthcare,2025-08-31,VERIFIED
M02688,Fisher Inc,travel,2025-07-27,VERIFIED
M02689,Hoover-Frazier,grocery,2025-10-22,VERIFIED
M02690,Walker Inc,education,2026-02-16,VERIFIED
M02691,"Jackson, Jackson and Perry",ecommerce,2025-06-15,VERIFIED
M02692,Ochoa LLC,travel,2025-09-23,VERIFIED
M02693,"Sims, Weber and Villa",SaaS,2025-12-10,PENDING
M02694,Mcmillan-Martinez,healthcare,2025-04-28,VERIFIED
M02695,Rodriguez LLC,fashion,2025-06-04,VERIFIED
M02696,Smith Ltd,travel,2025-11-13,VERIFIED
M02697,Smith-Lewis,education,2025-07-24,VERIFIED
M02698,Jones LLC,education,2026-01-23,VERIFIED
M02699,"Hanson, Williams and Mcclure",electronics,2025-09-16,VERIFIED
M02700,Turner-George,services,2025-09-07,VERIFIED
M02701,Marquez PLC,fashion,2025-10-31,VERIFIED
M02702,King Inc,grocery,2025-06-11,VERIFIED
M02703,"Nguyen, Mccoy and Price",electronics,2025-06-16,VERIFIED
M02704,"Anderson, Thompson and Gill",electronics,2025-04-26,VERIFIED
M02705,"Stewart, York and Olson",fashion,2025-09-23,VERIFIED
M02706,Smith-Barr,electronics,2025-03-21,VERIFIED
M02707,Reyes-Davidson,education,2025-08-04,VERIFIED
M02708,Gordon Ltd,travel,2025-03-17,VERIFIED
M02709,Hall PLC,grocery,2026-02-08,VERIFIED
M02710,Parker Ltd,travel,2026-02-19,VERIFIED
M02711,Todd-Harvey,SaaS,2025-06-15,VERIFIED
M02712,Taylor Group,electronics,2025-10-02,VERIFIED
M02713,Harris-Bennett,fashion,2025-04-11,VERIFIED
M02714,"Johnson, Mclean and George",healthcare,2025-10-31,VERIFIED
M02715,Stevenson-Murphy,ecommerce,2025-07-01,VERIFIED
M02716,Stewart-Buchanan,services,2026-02-05,VERIFIED
M02717,Meyer Group,services,2026-03-11,VERIFIED
M02718,"Hess, Christensen and Perez",fashion,2025-08-27,VERIFIED
M02719,"Rivera, Allen and Ryan",grocery,2025-12-06,VERIFIED
M02720,"Mcneil, Solis and Horton",fashion,2025-11-07,VERIFIED
M02721,Franklin Group,travel,2025-09-16,VERIFIED
M02722,"Morris, Ramos and Smith",fashion,2025-10-04,VERIFIED
M02723,Jones-Lee,education,2025-08-09,VERIFIED
M02724,"Braun, Mays and Martinez",grocery,2025-07-19,LIMITED
M02725,Watkins and Sons,services,2025-12-16,VERIFIED
M02726,Romero Group,healthcare,2026-02-22,VERIFIED
M02727,"Mcdonald, Martin and Gonzalez",restaurant,2026-02-10,PENDING
M02728,Thompson-Wright,travel,2025-11-23,VERIFIED
M02729,Ray-Faulkner,ecommerce,2025-08-18,VERIFIED
M02730,Nelson Group,ecommerce,2026-01-16,VERIFIED
M02731,Tapia LLC,travel,2025-10-21,PENDING
M02732,Gray-Ruiz,restaurant,2025-07-04,VERIFIED
M02733,Wagner-Moss,grocery,2025-07-27,VERIFIED
M02734,Weiss Group,ecommerce,2025-04-04,PENDING
M02735,Gill Group,healthcare,2025-08-17,VERIFIED
M02736,Blake LLC,restaurant,2025-07-13,LIMITED
M02737,"Medina, Tran and Thompson",restaurant,2025-06-10,VERIFIED
M02738,Ford-Chavez,restaurant,2025-11-25,LIMITED
M02739,Hart-Castillo,restaurant,2025-07-05,VERIFIED
M02740,Taylor-Harrison,SaaS,2025-04-01,VERIFIED
M02741,Hendricks Inc,education,2025-06-26,PENDING
M02742,Hensley Ltd,travel,2025-04-26,VERIFIED
M02743,"Brooks, Sullivan and Perry",electronics,2025-09-15,VERIFIED
M02744,Waller-Brooks,healthcare,2025-05-14,VERIFIED
M02745,Parker-Archer,fashion,2025-09-11,VERIFIED
M02746,Ortiz Inc,ecommerce,2025-04-16,VERIFIED
M02747,Cruz PLC,ecommerce,2025-06-02,VERIFIED
M02748,Lee Group,education,2025-03-22,VERIFIED
M02749,Wise-Walton,grocery,2025-08-27,VERIFIED
M02750,Hicks-Burns,ecommerce,2025-09-02,VERIFIED
M02751,"Richardson, Brown and Cruz",healthcare,2026-01-04,PENDING
M02752,Fitzgerald-Allen,grocery,2025-07-25,VERIFIED
M02753,Dorsey LLC,services,2025-07-26,VERIFIED
M02754,"Mann, Johnson and Wade",healthcare,2025-04-03,VERIFIED
M02755,Green Group,ecommerce,2025-12-08,PENDING
M02756,"Hernandez, Wright and Lane",SaaS,2025-08-21,VERIFIED
M02757,"Skinner, Smith and Wise",SaaS,2025-09-14,VERIFIED
M02758,"Dawson, Cruz and Mccarthy",electronics,2025-12-17,VERIFIED
M02759,Stone and Sons,grocery,2025-05-16,VERIFIED
M02760,Martin-Simmons,restaurant,2025-05-31,VERIFIED
M02761,"Turner, Ponce and Barrett",electronics,2025-12-22,VERIFIED
M02762,Willis-Gross,education,2026-02-14,VERIFIED
M02763,"Booth, Rodriguez and Armstrong",fashion,2025-07-27,VERIFIED
M02764,Olsen-Adams,services,2025-08-07,VERIFIED
M02765,Conrad Group,healthcare,2026-01-09,VERIFIED
M02766,"Parker, Benitez and Velasquez",SaaS,2025-06-05,VERIFIED
M02767,Davis Ltd,electronics,2025-03-12,VERIFIED
M02768,Warren-Pena,ecommerce,2025-10-11,VERIFIED
M02769,"Jordan, Thompson and Lopez",electronics,2025-08-08,VERIFIED
M02770,Gonzalez and Sons,restaurant,2025-08-07,VERIFIED
M02771,"Fry, Hayes and Olsen",education,2026-02-04,VERIFIED
M02772,Harris Ltd,electronics,2026-03-19,VERIFIED
M02773,Lamb and Sons,education,2025-10-17,VERIFIED
M02774,Bird-Savage,ecommerce,2025-10-23,VERIFIED
M02775,Sims-Weber,fashion,2025-07-23,VERIFIED
M02776,"Martin, Carter and Gray",travel,2025-04-17,VERIFIED
M02777,Brown-Johnson,healthcare,2025-12-13,VERIFIED
M02778,Woods Ltd,education,2026-01-22,VERIFIED
M02779,Smith LLC,travel,2025-08-29,VERIFIED
M02780,Ortega Inc,ecommerce,2025-07-20,VERIFIED
M02781,Clark Inc,fashion,2025-10-25,VERIFIED
M02782,Morrison-Hatfield,education,2025-06-01,VERIFIED
M02783,Frederick-Kennedy,ecommerce,2025-05-29,VERIFIED
M02784,Munoz-Rogers,education,2025-05-08,VERIFIED
M02785,"Wu, Key and Montoya",education,2025-07-14,VERIFIED
M02786,Ortega-Gray,education,2025-03-12,VERIFIED
M02787,Hester LLC,fashion,2025-10-30,VERIFIED
M02788,Smith Ltd,fashion,2026-03-03,VERIFIED
M02789,Hardy-Barron,electronics,2025-09-13,VERIFIED
M02790,Johnson Inc,grocery,2025-08-04,VERIFIED
M02791,"Ramirez, Lyons and Briggs",travel,2025-06-16,VERIFIED
M02792,Hayes-Parks,electronics,2026-01-09,VERIFIED
M02793,Robertson-Keller,travel,2026-03-22,VERIFIED
M02794,Andersen LLC,fashion,2026-02-11,VERIFIED
M02795,Schultz Inc,travel,2025-03-09,VERIFIED
M02796,"Nguyen, Wallace and Lawson",grocery,2025-07-15,VERIFIED
M02797,Stevenson-Bauer,services,2025-03-10,PENDING
M02798,Patterson-Huynh,grocery,2026-02-14,VERIFIED
M02799,Hatfield-Vincent,healthcare,2025-06-10,VERIFIED
M02800,Navarro LLC,electronics,2026-01-15,VERIFIED
M02801,"Lee, Thomas and Meyer",ecommerce,2026-01-07,PENDING
M02802,"Glover, Moran and Johnson",electronics,2026-03-10,VERIFIED
M02803,Robles-Turner,restaurant,2025-12-14,VERIFIED
M02804,"Davies, Archer and Owens",services,2025-05-20,VERIFIED
M02805,Friedman-Olson,electronics,2026-02-27,VERIFIED
M02806,"Allen, Lewis and Mullins",education,2025-12-05,VERIFIED
M02807,"Graves, Garcia and Holder",SaaS,2026-03-06,PENDING
M02808,Martin LLC,grocery,2025-06-03,PENDING
M02809,Miranda-Robinson,grocery,2025-10-08,LIMITED
M02810,Wade-Lynn,services,2025-11-20,VERIFIED
M02811,"Martinez, Taylor and Nichols",education,2026-01-08,VERIFIED
M02812,"Vasquez, Pope and Cook",fashion,2026-02-27,VERIFIED
M02813,Huynh PLC,services,2025-10-09,VERIFIED
M02814,Schneider Group,restaurant,2026-02-28,VERIFIED
M02815,"Paul, Hardy and Valdez",ecommerce,2026-03-05,VERIFIED
M02816,"Burch, Kim and Hall",healthcare,2026-01-29,VERIFIED
M02817,Wilson-Miller,healthcare,2026-02-18,LIMITED
M02818,Peterson PLC,restaurant,2025-04-13,VERIFIED
M02819,Garner Inc,education,2026-03-23,VERIFIED
M02820,"Richardson, Castaneda and Finley",fashion,2025-07-14,VERIFIED
M02821,"Mclaughlin, Collins and Lawrence",healthcare,2025-06-05,VERIFIED
M02822,Boone Group,grocery,2025-12-13,VERIFIED
M02823,Wise-Salinas,fashion,2025-05-31,VERIFIED
M02824,Meyer PLC,travel,2026-01-06,VERIFIED
M02825,"Walker, Foster and Medina",fashion,2025-05-02,VERIFIED
M02826,Stewart-Cabrera,SaaS,2025-04-15,VERIFIED
M02827,Hood-Porter,education,2025-06-21,PENDING
M02828,Hernandez-Campbell,restaurant,2025-05-09,VERIFIED
M02829,"Ortega, Solis and Warner",education,2025-08-11,VERIFIED
M02830,"Flores, Shaw and Barker",restaurant,2025-07-28,VERIFIED
M02831,Shea-Mccarthy,services,2025-08-12,VERIFIED
M02832,Welch-Lewis,fashion,2026-03-14,VERIFIED
M02833,Padilla-Bennett,education,2026-02-21,VERIFIED
M02834,Hernandez-Moran,travel,2025-05-04,VERIFIED
M02835,"Michael, Walker and Fitzgerald",services,2026-01-14,VERIFIED
M02836,Gates Ltd,fashion,2025-10-29,VERIFIED
M02837,Evans-Briggs,electronics,2025-06-09,PENDING
M02838,Ritter PLC,healthcare,2026-01-07,VERIFIED
M02839,Rogers-Gregory,services,2025-07-30,VERIFIED
M02840,Todd-Myers,education,2025-03-20,LIMITED
M02841,"Acosta, Campbell and Leblanc",restaurant,2025-05-25,VERIFIED
M02842,"Chase, Long and Anderson",restaurant,2025-04-09,VERIFIED
M02843,"Glenn, Brown and Michael",SaaS,2025-03-28,PENDING
M02844,Ellis-Martin,education,2025-06-07,VERIFIED
M02845,Ramos Group,fashion,2025-07-31,VERIFIED
M02846,Merritt-Clark,ecommerce,2025-04-30,VERIFIED
M02847,"Gonzalez, Curtis and Cox",ecommerce,2025-07-28,VERIFIED
M02848,"Garcia, Floyd and Garrison",grocery,2025-03-08,VERIFIED
M02849,Clements-Simmons,SaaS,2025-06-02,VERIFIED
M02850,Howe Inc,restaurant,2026-03-15,VERIFIED
M02851,Mccann-White,SaaS,2026-02-13,VERIFIED
M02852,Wilson PLC,restaurant,2025-08-27,LIMITED
M02853,"Morgan, Hamilton and Hernandez",fashion,2025-07-05,VERIFIED
M02854,"Powell, Johnson and Allen",education,2026-03-01,VERIFIED
M02855,Turner-Carlson,education,2025-11-15,PENDING
M02856,Delgado Group,services,2026-02-22,VERIFIED
M02857,"Esparza, Lambert and Davis",healthcare,2025-03-27,VERIFIED
M02858,Hancock-Santos,grocery,2025-11-07,VERIFIED
M02859,Chen-Wallace,education,2026-02-19,VERIFIED
M02860,Wilson Inc,grocery,2025-03-09,VERIFIED
M02861,Burns Ltd,healthcare,2026-01-23,VERIFIED
M02862,"Walker, Matthews and Archer",SaaS,2026-01-06,PENDING
M02863,Hill-Mcgee,healthcare,2025-07-25,VERIFIED
M02864,"White, Washington and Newman",fashion,2025-05-02,VERIFIED
M02865,Evans-Martinez,ecommerce,2025-11-02,VERIFIED
M02866,Brown-Stout,electronics,2025-07-05,PENDING
M02867,"Lopez, Hess and Smith",travel,2025-04-29,VERIFIED
M02868,"Roth, Logan and Moreno",services,2025-08-08,VERIFIED
M02869,Stone PLC,SaaS,2025-09-21,VERIFIED
M02870,"Reeves, Tyler and Martinez",healthcare,2026-01-30,VERIFIED
M02871,Sheppard Inc,restaurant,2026-02-03,PENDING
M02872,Atkins Ltd,services,2025-07-15,VERIFIED
M02873,Smith Group,services,2025-12-18,VERIFIED
M02874,Martinez-Anderson,fashion,2025-06-24,VERIFIED
M02875,Delgado Inc,healthcare,2025-10-16,VERIFIED
M02876,"Scott, Mullins and Miller",ecommerce,2025-10-09,VERIFIED
M02877,Hunter LLC,travel,2026-02-07,VERIFIED
M02878,"Jackson, Rowland and Barrett",restaurant,2025-06-26,VERIFIED
M02879,Turner PLC,grocery,2025-12-17,VERIFIED
M02880,Hopkins-Wallace,services,2025-04-19,VERIFIED
M02881,"Henry, Edwards and Bartlett",SaaS,2025-04-04,VERIFIED
M02882,Obrien-Dixon,electronics,2025-07-16,VERIFIED
M02883,"Garcia, Weiss and Young",electronics,2026-03-11,VERIFIED
M02884,Thomas and Sons,electronics,2025-10-25,PENDING
M02885,Guzman and Sons,grocery,2026-01-02,PENDING
M02886,"Howard, Anderson and Dean",ecommerce,2025-05-21,VERIFIED
M02887,Pierce LLC,fashion,2025-03-24,VERIFIED
M02888,Santos-Martin,education,2025-11-23,VERIFIED
M02889,Miller-King,healthcare,2026-03-16,PENDING
M02890,Bentley-Thomas,education,2025-08-07,VERIFIED
M02891,Jones Ltd,restaurant,2026-01-22,VERIFIED
M02892,Cowan-Terry,SaaS,2026-01-02,VERIFIED
M02893,Klein PLC,services,2025-07-07,VERIFIED
M02894,"Holland, Dixon and Martin",ecommerce,2026-03-10,VERIFIED
M02895,Stewart Group,services,2026-02-28,VERIFIED
M02896,Johnson-Munoz,education,2026-02-18,VERIFIED
M02897,Nelson PLC,grocery,2025-09-14,VERIFIED
M02898,Sutton Group,restaurant,2025-03-22,VERIFIED
M02899,Murphy Inc,restaurant,2025-05-25,VERIFIED
M02900,Blankenship-Strickland,electronics,2025-07-25,VERIFIED
M02901,Melton and Sons,fashion,2026-03-26,VERIFIED
M02902,Smith-Bennett,fashion,2025-12-03,VERIFIED
M02903,Gray Inc,ecommerce,2026-02-11,VERIFIED
M02904,Thompson Ltd,travel,2025-04-08,LIMITED
M02905,Chapman-Roman,restaurant,2025-07-26,VERIFIED
M02906,Rice Ltd,grocery,2025-09-22,PENDING
M02907,"Grimes, Arnold and Lawson",electronics,2025-05-31,VERIFIED
M02908,Jackson Group,services,2025-10-13,VERIFIED
M02909,Reed Ltd,SaaS,2025-04-08,VERIFIED
M02910,"Faulkner, Schmidt and Wheeler",restaurant,2025-03-14,VERIFIED
M02911,Woods-Anderson,education,2026-02-02,VERIFIED
M02912,Parks Ltd,grocery,2025-08-07,VERIFIED
M02913,Sandoval and Sons,fashion,2026-03-02,VERIFIED
M02914,Bradley-Adams,SaaS,2025-08-19,PENDING
M02915,"Fowler, Wood and Waters",education,2026-02-04,VERIFIED
M02916,"Franklin, Mann and White",SaaS,2026-02-13,PENDING
M02917,Lindsey-Shaw,travel,2025-10-23,VERIFIED
M02918,Cisneros-Meyer,ecommerce,2025-11-03,VERIFIED
M02919,"Keith, Cervantes and Torres",SaaS,2026-03-03,VERIFIED
M02920,Meza Group,SaaS,2026-03-18,VERIFIED
M02921,Bruce-Walters,restaurant,2025-05-11,VERIFIED
M02922,Blair Inc,fashion,2026-01-28,PENDING
M02923,Johnston Inc,services,2025-11-22,VERIFIED
M02924,"Mitchell, Noble and Stokes",grocery,2025-04-22,VERIFIED
M02925,Hayden Group,fashion,2025-07-26,LIMITED
M02926,"Romero, Cross and Castillo",education,2025-11-08,VERIFIED
M02927,"Jennings, Rhodes and Patel",restaurant,2025-07-19,VERIFIED
M02928,Sullivan PLC,travel,2025-10-25,VERIFIED
M02929,Bartlett Ltd,SaaS,2025-10-12,VERIFIED
M02930,Klein Ltd,grocery,2025-06-16,VERIFIED
M02931,"Brady, Sanchez and Stevenson",electronics,2025-06-28,VERIFIED
M02932,"Sutton, Williams and West",electronics,2025-10-31,VERIFIED
M02933,Craig PLC,services,2026-03-14,VERIFIED
M02934,Thompson LLC,travel,2025-05-11,VERIFIED
M02935,Palmer Inc,restaurant,2025-07-28,LIMITED
M02936,Simpson-Jackson,grocery,2025-12-17,VERIFIED
M02937,Morgan Ltd,education,2025-04-04,VERIFIED
M02938,Decker Inc,services,2025-07-03,VERIFIED
M02939,Evans-Carter,education,2025-09-06,VERIFIED
M02940,Smith Ltd,travel,2026-03-16,VERIFIED
M02941,"Long, Leblanc and Hickman",restaurant,2025-06-18,VERIFIED
M02942,"Robertson, Barry and Walls",healthcare,2025-12-07,VERIFIED
M02943,"Charles, Brown and Smith",healthcare,2026-02-23,VERIFIED
M02944,Murphy-Gomez,grocery,2025-10-09,VERIFIED
M02945,Bailey Ltd,services,2025-03-25,VERIFIED
M02946,Morales Inc,healthcare,2026-01-02,VERIFIED
M02947,Jordan and Sons,healthcare,2025-09-30,VERIFIED
M02948,Rice and Sons,ecommerce,2026-01-26,VERIFIED
M02949,Martinez-Freeman,electronics,2025-10-14,VERIFIED
M02950,Hammond LLC,fashion,2025-10-17,VERIFIED
M02951,Ruiz LLC,education,2025-07-18,VERIFIED
M02952,Diaz-Mcclain,ecommerce,2026-01-16,VERIFIED
M02953,"Cain, Rodriguez and Gonzales",ecommerce,2026-01-25,VERIFIED
M02954,Martin-Gomez,ecommerce,2025-12-14,VERIFIED
M02955,Smith-Stephenson,electronics,2025-05-04,PENDING
M02956,"Gonzalez, Lopez and Williams",services,2025-04-25,VERIFIED
M02957,Fisher-Rivera,education,2025-12-21,VERIFIED
M02958,Martin and Sons,education,2025-07-11,VERIFIED
M02959,Moyer-Bird,fashion,2026-01-27,LIMITED
M02960,Fisher PLC,SaaS,2025-09-28,VERIFIED
M02961,Marsh-Klein,education,2026-01-24,VERIFIED
M02962,Potter-Deleon,travel,2025-09-22,VERIFIED
M02963,Shaw-Mclean,healthcare,2025-07-13,VERIFIED
M02964,Anderson-Rosario,travel,2025-11-21,VERIFIED
M02965,Martinez LLC,grocery,2025-08-01,VERIFIED
M02966,"Smith, Cohen and Williams",SaaS,2025-08-03,VERIFIED
M02967,Jordan-Harper,services,2026-01-12,VERIFIED
M02968,Hamilton LLC,healthcare,2025-04-22,VERIFIED
M02969,Tucker-Hodges,restaurant,2025-04-06,VERIFIED
M02970,Williamson Ltd,travel,2025-06-14,VERIFIED
M02971,"Lopez, Campbell and Wilson",services,2025-06-08,VERIFIED
M02972,Gamble-Wright,education,2025-11-09,VERIFIED
M02973,Gonzalez-Mccarthy,travel,2026-03-01,VERIFIED
M02974,Haynes PLC,fashion,2025-04-27,VERIFIED
M02975,"White, Riddle and Garza",services,2025-09-10,VERIFIED
M02976,"Hernandez, Martinez and Morales",services,2025-09-19,VERIFIED
M02977,Mooney-Hickman,ecommerce,2026-03-15,VERIFIED
M02978,Smith-Gonzalez,ecommerce,2026-01-13,VERIFIED
M02979,James PLC,electronics,2025-03-08,VERIFIED
M02980,Graves-Baird,grocery,2026-03-26,VERIFIED
M02981,Rogers Group,electronics,2025-03-30,VERIFIED
M02982,Hicks Ltd,healthcare,2025-10-03,VERIFIED
M02983,Torres LLC,services,2026-03-21,VERIFIED
M02984,Ramirez-Bell,electronics,2025-08-01,VERIFIED
M02985,Wright-Jacobson,healthcare,2025-04-06,VERIFIED
M02986,Williams Inc,electronics,2025-10-15,VERIFIED
M02987,"Garner, Lewis and Kennedy",education,2025-08-14,PENDING
M02988,"Garcia, Lopez and Vaughan",grocery,2025-08-11,VERIFIED
M02989,Cook-Rodriguez,ecommerce,2025-05-30,VERIFIED
M02990,"Smith, Arnold and Atkins",restaurant,2025-10-13,VERIFIED
M02991,Ward-Patrick,healthcare,2025-09-19,VERIFIED
M02992,"Maxwell, Rice and Watson",services,2026-03-07,VERIFIED
M02993,"Hill, Silva and Miller",electronics,2025-05-15,VERIFIED
M02994,Anderson Ltd,healthcare,2025-07-21,VERIFIED
M02995,"Martinez, Willis and Barr",fashion,2025-10-22,VERIFIED
M02996,"Roth, Lee and Griffin",restaurant,2026-03-26,VERIFIED
M02997,Jones PLC,electronics,2025-12-18,PENDING
M02998,"Cooper, Swanson and Mayo",services,2025-09-10,VERIFIED
M02999,Ferguson and Sons,education,2025-10-20,VERIFIED
M03000,Anderson Group,SaaS,2025-04-18,VERIFIED
M03001,"Dawson, Snow and Malone",education,2026-02-27,VERIFIED
M03002,"Hester, Jacobson and West",healthcare,2025-08-13,VERIFIED
M03003,"Wilson, Graham and Webb",electronics,2025-12-20,VERIFIED
M03004,"Velazquez, Gordon and Johnson",fashion,2025-11-15,VERIFIED
M03005,"Hill, Ponce and Roberts",ecommerce,2025-04-17,VERIFIED
M03006,"Brown, Compton and Lee",restaurant,2025-10-29,VERIFIED
M03007,Simpson-Patel,restaurant,2025-05-18,VERIFIED
M03008,"Mata, Martin and Christensen",ecommerce,2025-07-05,VERIFIED
M03009,Hart-Myers,SaaS,2025-03-15,VERIFIED
M03010,"Nelson, White and Moore",ecommerce,2026-01-11,VERIFIED
M03011,Vargas Inc,education,2025-06-18,VERIFIED
M03012,"Gibson, Zimmerman and Warren",education,2025-08-19,VERIFIED
M03013,Phelps-Phillips,healthcare,2025-03-13,LIMITED
M03014,Arnold-Jackson,electronics,2026-01-21,VERIFIED
M03015,Ferguson LLC,healthcare,2025-03-20,VERIFIED
M03016,Bowman LLC,travel,2025-05-12,VERIFIED
M03017,Nelson Inc,healthcare,2025-12-14,VERIFIED
M03018,"Whitney, Mayo and Clark",SaaS,2025-07-14,VERIFIED
M03019,Smith LLC,SaaS,2025-04-23,VERIFIED
M03020,"Jacobs, Wood and Miller",ecommerce,2025-10-16,VERIFIED
M03021,"Henson, Baker and Anderson",SaaS,2025-06-20,PENDING
M03022,"Phillips, Galloway and Garrett",restaurant,2025-09-22,VERIFIED
M03023,Holloway and Sons,healthcare,2025-07-30,VERIFIED
M03024,"Sanford, Thompson and Bonilla",SaaS,2026-02-12,VERIFIED
M03025,"Sandoval, Parrish and Crosby",ecommerce,2025-08-23,VERIFIED
M03026,"Rodriguez, Reese and Reyes",healthcare,2026-03-15,VERIFIED
M03027,"Scott, Sims and Munoz",ecommerce,2025-03-30,VERIFIED
M03028,Montoya and Sons,fashion,2026-01-05,VERIFIED
M03029,Adams-Perkins,fashion,2025-06-07,VERIFIED
M03030,Moore-Hall,services,2025-08-01,VERIFIED
M03031,"Hamilton, Hernandez and Mendoza",electronics,2025-06-01,VERIFIED
M03032,White-Lopez,healthcare,2025-03-13,VERIFIED
M03033,Lopez Group,fashion,2025-08-11,VERIFIED
M03034,"White, Campbell and Collins",SaaS,2026-01-25,VERIFIED
M03035,Roth Ltd,ecommerce,2025-10-15,VERIFIED
M03036,"Lopez, Thomas and Simmons",grocery,2025-12-22,VERIFIED
M03037,Stout-Waller,SaaS,2025-11-08,PENDING
M03038,Ramsey and Sons,education,2025-05-20,VERIFIED
M03039,"Christensen, Smith and Garcia",healthcare,2025-08-29,VERIFIED
M03040,Smith-Serrano,healthcare,2025-12-15,LIMITED
M03041,"Michael, Anderson and Carrillo",travel,2025-03-08,LIMITED
M03042,Thomas-Burton,grocery,2025-10-13,VERIFIED
M03043,Sparks Inc,fashion,2025-11-24,VERIFIED
M03044,Daniels LLC,services,2025-11-06,VERIFIED
M03045,"Miller, Taylor and Malone",SaaS,2025-10-22,LIMITED
M03046,Ochoa-Parker,services,2025-12-12,VERIFIED
M03047,Moore-Brown,restaurant,2025-07-30,VERIFIED
M03048,"Adams, Stephens and Smith",restaurant,2025-09-26,VERIFIED
M03049,Garcia LLC,healthcare,2026-03-01,LIMITED
M03050,Hunt Group,education,2025-09-08,VERIFIED
M03051,Smith and Sons,fashion,2026-01-27,VERIFIED
M03052,Perez Group,travel,2026-03-11,VERIFIED
M03053,Gomez LLC,fashion,2025-07-04,VERIFIED
M03054,Dorsey Ltd,education,2025-12-01,VERIFIED
M03055,Mcdaniel-Espinoza,ecommerce,2025-03-23,VERIFIED
M03056,Vasquez Inc,healthcare,2025-04-20,VERIFIED
M03057,Garcia LLC,services,2025-07-18,VERIFIED
M03058,Jones-Cook,ecommerce,2025-05-13,VERIFIED
M03059,Mclean-Gillespie,SaaS,2025-12-01,VERIFIED
M03060,Munoz and Sons,ecommerce,2025-06-19,VERIFIED
M03061,Moreno-Greene,grocery,2026-03-16,VERIFIED
M03062,"Coleman, Barry and Mcdaniel",grocery,2025-07-31,LIMITED
M03063,"Roth, Bailey and Garcia",travel,2026-02-04,VERIFIED
M03064,Stanley-Cantu,services,2025-10-22,LIMITED
M03065,"Lindsey, Mccormick and Hensley",restaurant,2025-10-21,VERIFIED
M03066,Strickland and Sons,grocery,2025-10-31,VERIFIED
M03067,Hernandez-Griffin,ecommerce,2025-08-13,VERIFIED
M03068,Briggs-Wilson,healthcare,2025-06-25,VERIFIED
M03069,Moyer-Ramirez,grocery,2025-09-07,VERIFIED
M03070,Morris and Sons,restaurant,2025-06-17,VERIFIED
M03071,Saunders LLC,ecommerce,2025-03-26,VERIFIED
M03072,Snyder-Olson,fashion,2026-03-14,VERIFIED
M03073,Guzman-Fields,travel,2026-01-09,VERIFIED
M03074,Pham Ltd,services,2025-03-15,VERIFIED
M03075,Reyes PLC,grocery,2025-12-01,VERIFIED
M03076,Ryan-Vasquez,travel,2025-06-10,PENDING
M03077,"Underwood, Cruz and Carpenter",healthcare,2025-07-16,VERIFIED
M03078,Rose-Frank,grocery,2026-01-25,VERIFIED
M03079,"Robinson, Miller and Ward",fashion,2025-07-14,VERIFIED
M03080,Mcknight Inc,ecommerce,2025-08-15,LIMITED
M03081,Grant-Rosario,services,2026-02-25,VERIFIED
M03082,Brown LLC,electronics,2025-03-25,VERIFIED
M03083,Allison-Delacruz,fashion,2025-07-29,VERIFIED
M03084,Phillips and Sons,electronics,2025-11-21,VERIFIED
M03085,"Bonilla, Durham and Sanchez",education,2025-04-14,VERIFIED
M03086,Brown and Sons,grocery,2026-01-29,VERIFIED
M03087,Hayden Ltd,education,2025-09-07,VERIFIED
M03088,Bennett Inc,SaaS,2025-10-04,VERIFIED
M03089,"Hanna, Watson and Miles",ecommerce,2025-07-21,PENDING
M03090,"Perkins, Woods and Wheeler",grocery,2025-10-05,VERIFIED
M03091,Johnson LLC,ecommerce,2026-03-14,VERIFIED
M03092,Miller Inc,ecommerce,2025-09-15,VERIFIED
M03093,Carroll Group,restaurant,2026-03-25,VERIFIED
M03094,Cannon Group,fashion,2026-01-19,VERIFIED
M03095,"Taylor, Rose and Rush",ecommerce,2026-01-02,VERIFIED
M03096,Jenkins-Rogers,restaurant,2026-02-10,VERIFIED
M03097,"Dominguez, Mitchell and Moore",restaurant,2025-07-10,VERIFIED
M03098,"Johnson, Potter and Gordon",services,2025-03-09,VERIFIED
M03099,Sanders Group,SaaS,2026-03-05,VERIFIED
M03100,"Vaughan, Gibson and Dawson",grocery,2025-09-24,VERIFIED
M03101,Ellison-Shaw,restaurant,2025-07-16,VERIFIED
M03102,"Perez, Huynh and Nelson",ecommerce,2026-03-10,VERIFIED
M03103,Boyd and Sons,grocery,2026-02-26,VERIFIED
M03104,"Lewis, Montgomery and Robinson",travel,2025-08-24,VERIFIED
M03105,Carson PLC,ecommerce,2025-11-20,VERIFIED
M03106,"Skinner, Velasquez and Mcdonald",services,2025-11-21,VERIFIED
M03107,Delgado-Sullivan,travel,2026-01-25,VERIFIED
M03108,Martin-Pratt,education,2025-06-07,VERIFIED
M03109,"Coleman, Nelson and Garcia",fashion,2025-11-05,VERIFIED
M03110,Morrison-Bradford,healthcare,2025-11-28,VERIFIED
M03111,Allen and Sons,grocery,2025-06-19,VERIFIED
M03112,"Rodriguez, Lewis and Smith",services,2025-05-01,VERIFIED
M03113,Lopez-Harris,travel,2025-06-04,VERIFIED
M03114,Allen Inc,SaaS,2026-01-24,VERIFIED
M03115,"Cunningham, Elliott and Tyler",fashion,2025-03-10,VERIFIED
M03116,Williams Inc,services,2025-12-12,VERIFIED
M03117,Smith-Kelly,electronics,2025-06-09,VERIFIED
M03118,Benjamin-Porter,ecommerce,2026-01-13,LIMITED
M03119,Walton-Swanson,restaurant,2026-03-01,VERIFIED
M03120,Park Inc,healthcare,2025-11-30,VERIFIED
M03121,Russell-Figueroa,services,2025-03-25,VERIFIED
M03122,Shaw and Sons,healthcare,2025-12-09,VERIFIED
M03123,Matthews Group,travel,2025-05-12,VERIFIED
M03124,Willis-Christian,services,2025-03-08,PENDING
M03125,Martin-Fleming,restaurant,2025-10-02,PENDING
M03126,Mcclure Inc,restaurant,2025-08-13,VERIFIED
M03127,"Hall, Lewis and Maldonado",electronics,2025-12-21,VERIFIED
M03128,Mack and Sons,education,2026-02-10,VERIFIED
M03129,"Black, Chandler and Curtis",grocery,2025-05-06,VERIFIED
M03130,West-Anderson,electronics,2025-04-19,VERIFIED
M03131,Ward-Chase,grocery,2025-08-23,VERIFIED
M03132,Williams-Marquez,SaaS,2025-08-28,VERIFIED
M03133,"Hughes, Clark and Bishop",fashion,2025-04-09,VERIFIED
M03134,Rubio PLC,grocery,2025-05-12,VERIFIED
M03135,"Gamble, Davis and Smith",grocery,2025-05-15,VERIFIED
M03136,Payne-Novak,travel,2025-09-14,PENDING
M03137,Porter Group,education,2026-03-13,VERIFIED
M03138,Jackson-Phillips,SaaS,2026-01-26,VERIFIED
M03139,Ramirez LLC,electronics,2025-08-17,VERIFIED
M03140,Davis-White,grocery,2025-11-04,VERIFIED
M03141,Scott-Kennedy,SaaS,2025-08-10,VERIFIED
M03142,Hines-Ramos,fashion,2025-10-12,VERIFIED
M03143,Case PLC,ecommerce,2025-08-17,VERIFIED
M03144,Williams-Trevino,grocery,2026-02-18,VERIFIED
M03145,Ortiz-Harvey,SaaS,2025-08-22,VERIFIED
M03146,"Anderson, Richardson and Kirk",SaaS,2025-07-04,VERIFIED
M03147,Brooks-Fleming,electronics,2026-02-05,LIMITED
M03148,"Cole, Rich and Esparza",SaaS,2025-08-15,VERIFIED
M03149,Oliver Ltd,electronics,2025-03-17,VERIFIED
M03150,Figueroa and Sons,education,2026-02-22,VERIFIED
M03151,"Nicholson, Smith and Farrell",travel,2025-05-31,VERIFIED
M03152,Bennett-Hudson,electronics,2025-05-03,VERIFIED
M03153,Walker Group,grocery,2025-05-12,VERIFIED
M03154,"Davis, Owens and Day",healthcare,2025-08-26,VERIFIED
M03155,Rodriguez-White,restaurant,2025-11-17,PENDING
M03156,Lowery Group,SaaS,2026-01-30,VERIFIED
M03157,Gonzalez-Murphy,education,2025-09-03,VERIFIED
M03158,Peterson-Munoz,ecommerce,2025-05-20,VERIFIED
M03159,Park Group,services,2026-01-30,PENDING
M03160,Ramirez Inc,grocery,2025-11-14,VERIFIED
M03161,"Moore, Harrison and Bowman",education,2026-01-02,VERIFIED
M03162,Carroll-Huerta,restaurant,2025-10-18,VERIFIED
M03163,Brown-Stokes,travel,2025-07-16,VERIFIED
M03164,Irwin-Lewis,grocery,2026-01-07,VERIFIED
M03165,Parrish Ltd,healthcare,2025-07-07,VERIFIED
M03166,Nelson-Reid,electronics,2025-06-27,VERIFIED
M03167,Thomas LLC,healthcare,2026-03-20,VERIFIED
M03168,Miller-Russo,fashion,2025-10-26,VERIFIED
M03169,Savage-Warren,healthcare,2025-10-27,VERIFIED
M03170,"Orozco, White and Brown",ecommerce,2025-08-05,VERIFIED
M03171,Peterson-Mullins,ecommerce,2025-08-07,LIMITED
M03172,Gonzalez Group,ecommerce,2025-08-24,VERIFIED
M03173,Alvarez-Barker,travel,2026-03-19,VERIFIED
M03174,Sheppard Group,fashion,2025-03-27,VERIFIED
M03175,Gaines-Hudson,travel,2025-08-05,VERIFIED
M03176,Hoffman PLC,healthcare,2025-03-30,VERIFIED
M03177,Miller Ltd,ecommerce,2025-06-09,VERIFIED
M03178,"Jensen, Morris and Downs",travel,2025-10-04,VERIFIED
M03179,"Newton, Doyle and Stewart",education,2025-05-23,VERIFIED
M03180,Mosley and Sons,restaurant,2025-10-21,LIMITED
M03181,Lin-Wilson,services,2025-10-08,VERIFIED
M03182,"Russell, Meyer and Smith",SaaS,2026-02-03,PENDING
M03183,Harding-Mathews,ecommerce,2025-03-22,VERIFIED
M03184,"Cole, Montes and Davis",travel,2026-01-01,VERIFIED
M03185,Reese and Sons,grocery,2025-08-09,VERIFIED
M03186,Horton-Schroeder,electronics,2025-11-29,VERIFIED
M03187,"Gray, Bailey and Farley",services,2025-07-16,VERIFIED
M03188,"Ray, Smith and Cervantes",fashion,2025-09-24,VERIFIED
M03189,Turner LLC,ecommerce,2025-10-20,VERIFIED
M03190,"Fuentes, Martinez and Porter",fashion,2025-07-06,VERIFIED
M03191,Gutierrez-Bell,healthcare,2025-11-05,VERIFIED
M03192,"Simmons, Dickson and Rogers",travel,2025-09-21,LIMITED
M03193,Ellis LLC,healthcare,2026-01-12,VERIFIED
M03194,Tran and Sons,restaurant,2025-06-07,VERIFIED
M03195,"Graham, Mitchell and Keller",electronics,2026-03-06,VERIFIED
M03196,"Kim, Campbell and Oliver",grocery,2025-10-04,VERIFIED
M03197,Cowan Inc,electronics,2025-10-16,PENDING
M03198,Banks PLC,travel,2026-01-16,VERIFIED
M03199,Garcia-Brady,fashion,2025-06-09,VERIFIED
M03200,"Ho, Garcia and Wallace",services,2025-04-22,VERIFIED
M03201,"Shaffer, Contreras and Christian",grocery,2025-11-07,VERIFIED
M03202,Walker Group,grocery,2026-01-18,VERIFIED
M03203,"James, Gonzalez and Harrison",services,2025-08-07,VERIFIED
M03204,Bell Group,travel,2025-04-30,VERIFIED
M03205,Odonnell-Newman,electronics,2025-05-25,VERIFIED
M03206,"Foster, Ayers and Casey",restaurant,2025-07-03,VERIFIED
M03207,"Campbell, Hobbs and Baker",fashion,2025-11-01,VERIFIED
M03208,Nunez-Smith,education,2025-07-25,PENDING
M03209,Johnson-Johnson,travel,2025-09-01,VERIFIED
M03210,Randall-Stone,education,2025-03-25,PENDING
M03211,"Greene, Rogers and Haley",services,2026-01-19,VERIFIED
M03212,Allen-Beltran,education,2025-10-15,VERIFIED
M03213,Jensen Group,grocery,2025-04-05,VERIFIED
M03214,Solis PLC,fashion,2025-07-15,VERIFIED
M03215,Anderson-Fields,travel,2025-08-07,VERIFIED
M03216,"Thompson, Strong and Holmes",restaurant,2025-06-13,VERIFIED
M03217,Hall-Mckinney,grocery,2025-09-28,PENDING
M03218,Gordon Ltd,healthcare,2026-02-04,VERIFIED
M03219,"Mueller, Cameron and Burton",services,2025-04-22,VERIFIED
M03220,Hood-Moore,grocery,2025-05-08,VERIFIED
M03221,Harris-Davis,SaaS,2025-11-24,VERIFIED
M03222,Smith-Carrillo,services,2025-09-27,VERIFIED
M03223,Johnson Ltd,ecommerce,2025-11-01,VERIFIED
M03224,"Knapp, Miller and Reyes",grocery,2025-09-17,VERIFIED
M03225,"Gross, Lucero and Walters",education,2026-02-04,VERIFIED
M03226,Lopez-Delgado,restaurant,2026-01-01,VERIFIED
M03227,Phillips PLC,education,2026-01-02,VERIFIED
M03228,Barber Group,restaurant,2025-04-12,VERIFIED
M03229,Hopkins-Hill,ecommerce,2025-06-05,VERIFIED
M03230,Burton Ltd,restaurant,2025-08-20,VERIFIED
M03231,"Camacho, Rodriguez and Ho",restaurant,2025-07-04,VERIFIED
M03232,Rodriguez LLC,healthcare,2025-11-13,VERIFIED
M03233,Kline-Davis,electronics,2026-03-05,VERIFIED
M03234,Kirk-Durham,electronics,2026-03-07,VERIFIED
M03235,Myers Group,electronics,2025-12-01,VERIFIED
M03236,Gutierrez Group,travel,2026-03-10,VERIFIED
M03237,"Jones, Mcdaniel and Brooks",services,2026-01-12,VERIFIED
M03238,Schultz-Hayes,SaaS,2025-03-22,VERIFIED
M03239,White Inc,healthcare,2025-06-28,VERIFIED
M03240,Keller Ltd,healthcare,2025-12-16,VERIFIED
M03241,"Bond, Wilson and Cooper",SaaS,2025-11-17,VERIFIED
M03242,Webb-Mendez,SaaS,2025-04-09,VERIFIED
M03243,"Smith, Boyd and Scott",fashion,2025-04-17,LIMITED
M03244,Lee Inc,services,2026-02-26,VERIFIED
M03245,"Johnson, Hunt and Hernandez",education,2025-08-29,VERIFIED
M03246,Wilson-Robinson,healthcare,2025-10-15,PENDING
M03247,Taylor-Miller,services,2025-09-12,LIMITED
M03248,"Case, Adams and Olson",grocery,2026-02-06,VERIFIED
M03249,Bailey PLC,electronics,2025-10-13,PENDING
M03250,"Phillips, Mcgee and Simpson",healthcare,2025-07-06,VERIFIED
M03251,"Potts, Nielsen and Wright",restaurant,2025-05-06,VERIFIED
M03252,Mcdaniel Ltd,services,2025-10-19,VERIFIED
M03253,Hayden-Garcia,SaaS,2025-04-09,VERIFIED
M03254,"Collins, Bauer and Mckay",fashion,2026-01-31,VERIFIED
M03255,Hamilton-Griffin,grocery,2025-05-16,VERIFIED
M03256,"Burgess, Cabrera and Dean",SaaS,2025-07-01,VERIFIED
M03257,"Reyes, Gonzalez and Gomez",grocery,2025-11-15,VERIFIED
M03258,"Weiss, Cole and Preston",fashion,2026-03-13,VERIFIED
M03259,"King, Ortiz and Munoz",fashion,2025-04-22,VERIFIED
M03260,"Clements, Moreno and Sanders",SaaS,2025-08-30,PENDING
M03261,White LLC,ecommerce,2026-03-26,VERIFIED
M03262,Gibbs-Howard,ecommerce,2025-10-02,VERIFIED
M03263,Lewis LLC,ecommerce,2025-06-09,VERIFIED
M03264,Thomas-Edwards,education,2025-06-05,VERIFIED
M03265,Flores Inc,ecommerce,2026-03-25,VERIFIED
M03266,"Murphy, Marshall and Pope",restaurant,2025-07-29,VERIFIED
M03267,Hoffman Group,electronics,2025-05-30,VERIFIED
M03268,Guzman-Rose,travel,2025-07-31,VERIFIED
M03269,Hoffman Ltd,ecommerce,2026-03-17,VERIFIED
M03270,"Shah, Aguirre and Powers",ecommerce,2025-04-12,VERIFIED
M03271,"Stafford, Fisher and Avila",restaurant,2025-09-15,VERIFIED
M03272,Li-Gonzalez,SaaS,2026-03-16,VERIFIED
M03273,Lang Group,electronics,2025-08-12,PENDING
M03274,Mooney Group,restaurant,2026-01-19,VERIFIED
M03275,Martinez and Sons,healthcare,2025-12-11,VERIFIED
M03276,"Murphy, Reyes and Ray",SaaS,2025-09-01,LIMITED
M03277,Smith-Logan,education,2025-12-04,VERIFIED
M03278,"Travis, Buck and Mitchell",grocery,2025-04-30,LIMITED
M03279,Johnson-Ferguson,services,2025-07-05,VERIFIED
M03280,"Williams, Newman and Jones",electronics,2025-03-31,VERIFIED
M03281,Gallegos Group,SaaS,2025-06-15,VERIFIED
M03282,"Turner, Stewart and Reed",restaurant,2025-11-06,VERIFIED
M03283,Hawkins LLC,ecommerce,2025-06-14,LIMITED
M03284,Salazar-Long,services,2025-08-07,VERIFIED
M03285,"Riggs, Snyder and Davidson",education,2026-02-25,LIMITED
M03286,Cameron PLC,fashion,2025-08-04,VERIFIED
M03287,Johnson Inc,ecommerce,2025-07-22,PENDING
M03288,Taylor LLC,SaaS,2025-05-17,LIMITED
M03289,"Ramsey, Perez and Miller",travel,2025-10-05,VERIFIED
M03290,"Barrera, Wood and Leach",ecommerce,2025-10-11,LIMITED
M03291,Villa Inc,services,2026-03-08,VERIFIED
M03292,Ware-Williams,education,2025-09-08,VERIFIED
M03293,Valentine Inc,restaurant,2025-07-23,VERIFIED
M03294,Murphy-Salazar,fashion,2025-10-29,VERIFIED
M03295,Nelson-Jackson,fashion,2026-01-21,VERIFIED
M03296,Silva Inc,restaurant,2025-07-03,VERIFIED
M03297,Flores and Sons,ecommerce,2025-07-15,VERIFIED
M03298,"Barron, Church and Gutierrez",grocery,2025-05-04,VERIFIED
M03299,Barnett-Boyd,fashion,2025-05-04,VERIFIED
M03300,Lane Ltd,electronics,2025-06-15,VERIFIED
M03301,Bray-Morris,electronics,2026-01-25,VERIFIED
M03302,"Webb, Davis and Miranda",grocery,2026-03-05,PENDING
M03303,"Miller, Hansen and Salas",grocery,2025-06-24,LIMITED
M03304,"Holland, Foley and Neal",grocery,2026-01-20,PENDING
M03305,Bonilla Inc,SaaS,2025-07-25,VERIFIED
M03306,Smith and Sons,travel,2025-10-13,VERIFIED
M03307,Cardenas-Lopez,electronics,2025-10-19,LIMITED
M03308,Peterson PLC,services,2026-01-14,VERIFIED
M03309,"Palmer, Edwards and Blackburn",education,2025-07-10,VERIFIED
M03310,"Gibson, Moore and Wagner",restaurant,2026-01-21,VERIFIED
M03311,Robinson LLC,ecommerce,2026-01-01,VERIFIED
M03312,Hester-Parrish,services,2025-09-06,VERIFIED
M03313,"Harris, Ross and Jones",education,2026-02-22,VERIFIED
M03314,Martin-Parker,restaurant,2025-06-25,VERIFIED
M03315,"Wong, Thomas and Walter",electronics,2026-01-15,VERIFIED
M03316,"Rodriguez, Smith and Murray",electronics,2025-09-22,VERIFIED
M03317,Johnson-Stanley,fashion,2025-08-26,VERIFIED
M03318,Bell-Wilson,fashion,2025-08-25,VERIFIED
M03319,"Miller, Reynolds and Hernandez",fashion,2026-03-07,VERIFIED
M03320,"Jordan, Cook and Alexander",restaurant,2025-05-01,VERIFIED
M03321,Davis-Wong,ecommerce,2025-05-14,VERIFIED
M03322,"Reilly, Lee and Lopez",grocery,2025-10-19,VERIFIED
M03323,Wheeler PLC,healthcare,2026-01-21,VERIFIED
M03324,"Snyder, Hamilton and Maldonado",healthcare,2025-09-24,LIMITED
M03325,"Wright, Rodriguez and Wilson",ecommerce,2025-07-15,VERIFIED
M03326,Johnston and Sons,SaaS,2025-10-29,VERIFIED
M03327,Patel LLC,services,2026-02-08,PENDING
M03328,Andrade Ltd,travel,2025-12-21,VERIFIED
M03329,"Sullivan, Long and Robinson",grocery,2025-08-02,VERIFIED
M03330,"Adams, Harris and Floyd",restaurant,2025-09-10,VERIFIED
M03331,Walsh-Mccarthy,fashion,2026-03-19,VERIFIED
M03332,Gross-Davis,grocery,2025-11-04,VERIFIED
M03333,"Velez, Howell and Stevenson",services,2025-07-12,VERIFIED
M03334,"Allen, Edwards and Jones",SaaS,2026-02-22,VERIFIED
M03335,Cook Group,restaurant,2025-10-08,VERIFIED
M03336,Rivers Ltd,electronics,2026-03-07,VERIFIED
M03337,Patterson-Smith,services,2026-02-25,VERIFIED
M03338,Ibarra-Jackson,electronics,2025-08-17,PENDING
M03339,Wheeler Group,education,2025-04-23,VERIFIED
M03340,"Smith, Marks and Kennedy",grocery,2025-06-02,VERIFIED
M03341,Fuentes PLC,fashion,2026-02-22,VERIFIED
M03342,"Mooney, Conley and Fox",electronics,2026-02-15,VERIFIED
M03343,Fischer Inc,grocery,2025-05-18,VERIFIED
M03344,Torres Ltd,SaaS,2025-10-26,VERIFIED
M03345,Chavez-Navarro,restaurant,2025-05-09,VERIFIED
M03346,"Scott, Tucker and Diaz",ecommerce,2025-08-03,VERIFIED
M03347,Carey LLC,fashion,2025-07-03,VERIFIED
M03348,"Cook, Holmes and Beck",electronics,2025-03-31,VERIFIED
M03349,"Washington, Nelson and Stone",restaurant,2025-08-09,VERIFIED
M03350,"Smith, Irwin and Chase",services,2025-06-23,VERIFIED
M03351,"Mcknight, Howard and Johnson",services,2025-05-08,VERIFIED
M03352,"Figueroa, Mcpherson and Howard",services,2025-08-18,PENDING
M03353,"Davis, Knapp and Gray",electronics,2025-07-26,VERIFIED
M03354,Sheppard Ltd,restaurant,2026-01-03,VERIFIED
M03355,"Gardner, Gaines and Archer",ecommerce,2025-12-03,VERIFIED
M03356,"Thompson, Lozano and Bailey",restaurant,2025-12-09,VERIFIED
M03357,Myers-Butler,travel,2025-10-15,VERIFIED
M03358,Parker-Williams,education,2025-10-26,VERIFIED
M03359,"Miles, Flowers and Martinez",grocery,2026-02-17,VERIFIED
M03360,Knight-Sparks,ecommerce,2025-04-10,VERIFIED
M03361,Roberts-Montes,restaurant,2026-01-19,VERIFIED
M03362,Ho-Thomas,restaurant,2025-11-09,VERIFIED
M03363,"Hernandez, Levy and Hanson",SaaS,2025-08-22,VERIFIED
M03364,"Martin, Tucker and Brown",ecommerce,2025-10-12,LIMITED
M03365,Smith-Williams,SaaS,2026-03-10,VERIFIED
M03366,Petersen-Martinez,restaurant,2026-03-12,VERIFIED
M03367,Torres-Jordan,education,2025-05-03,VERIFIED
M03368,"Flowers, Williams and Taylor",services,2025-10-18,VERIFIED
M03369,Glover-Shaw,fashion,2025-05-13,VERIFIED
M03370,"Moore, Miller and Nelson",education,2025-11-18,VERIFIED
M03371,"Gonzalez, Richards and Miller",electronics,2025-12-06,VERIFIED
M03372,Johnson LLC,services,2025-07-16,VERIFIED
M03373,Cain Ltd,restaurant,2025-07-28,VERIFIED
M03374,Henderson-Rasmussen,education,2026-01-05,VERIFIED
M03375,Orozco LLC,education,2026-03-19,PENDING
M03376,"Collins, Elliott and Shelton",SaaS,2026-01-26,PENDING
M03377,Brock-Taylor,grocery,2025-10-01,VERIFIED
M03378,Wright Group,education,2025-07-27,VERIFIED
M03379,"Gonzalez, Torres and Evans",restaurant,2025-09-01,VERIFIED
M03380,"Murray, White and Patton",SaaS,2025-10-03,PENDING
M03381,Davis-Rose,SaaS,2025-08-25,VERIFIED
M03382,"Edwards, Donovan and Marquez",restaurant,2025-09-14,VERIFIED
M03383,Gomez-Owens,electronics,2025-07-02,VERIFIED
M03384,Murray-Gaines,fashion,2026-03-25,VERIFIED
M03385,Bernard Group,services,2025-08-07,VERIFIED
M03386,Campos PLC,travel,2025-11-09,VERIFIED
M03387,Buchanan-Carpenter,SaaS,2025-04-22,VERIFIED
M03388,Martinez-Daniels,fashion,2025-11-02,VERIFIED
M03389,"Rich, Brown and Bruce",education,2025-09-09,VERIFIED
M03390,Powell Inc,restaurant,2025-12-08,LIMITED
M03391,Aguirre-Golden,fashion,2025-07-25,VERIFIED
M03392,Combs-Miller,electronics,2025-05-09,PENDING
M03393,Gallegos-Santos,grocery,2025-04-26,VERIFIED
M03394,Wheeler-Short,travel,2025-09-29,VERIFIED
M03395,"Olson, Rivera and Brown",fashion,2025-04-24,VERIFIED
M03396,"Richards, Dixon and Love",fashion,2025-09-14,PENDING
M03397,"Harris, Thomas and Yang",fashion,2025-12-16,VERIFIED
M03398,Taylor-Jacobson,fashion,2025-07-14,VERIFIED
M03399,"Phelps, Turner and Collins",education,2025-06-30,VERIFIED
M03400,Shaffer PLC,restaurant,2025-04-26,VERIFIED
M03401,"Gonzalez, Jones and Hernandez",restaurant,2025-04-29,VERIFIED
M03402,Meyer and Sons,electronics,2026-01-26,VERIFIED
M03403,Garcia Inc,travel,2025-05-21,VERIFIED
M03404,"Wallace, Brown and Martinez",services,2025-04-27,VERIFIED
M03405,Webb-White,education,2026-03-11,VERIFIED
M03406,Skinner PLC,restaurant,2025-09-30,VERIFIED
M03407,Underwood-Maldonado,grocery,2025-09-12,VERIFIED
M03408,"Williamson, Reynolds and Fields",grocery,2025-11-03,VERIFIED
M03409,Thomas Ltd,ecommerce,2025-09-15,VERIFIED
M03410,"Allen, Hunt and Lyons",ecommerce,2026-03-21,VERIFIED
M03411,Alvarez LLC,education,2025-10-31,VERIFIED
M03412,Contreras-Haley,healthcare,2025-07-01,VERIFIED
M03413,Richardson-Hill,services,2026-02-04,VERIFIED
M03414,Wolfe-Rodriguez,SaaS,2025-07-29,VERIFIED
M03415,Li-Hernandez,services,2025-11-22,VERIFIED
M03416,Bryant-Elliott,restaurant,2025-08-19,VERIFIED
M03417,Carpenter Inc,fashion,2025-07-06,PENDING
M03418,"Santos, Sandoval and Wallace",fashion,2025-12-10,VERIFIED
M03419,Estes-Mcdonald,fashion,2026-03-08,VERIFIED
M03420,"Ellis, Smith and Moore",education,2025-04-01,VERIFIED
M03421,"Foley, Gordon and Bailey",ecommerce,2025-03-28,VERIFIED
M03422,"Warren, Palmer and Thompson",services,2026-01-15,VERIFIED
M03423,Bell Ltd,education,2025-09-09,LIMITED
M03424,"Morgan, Espinoza and Buchanan",grocery,2025-04-13,VERIFIED
M03425,Glover-Barrett,education,2026-01-20,VERIFIED
M03426,Jones-Franco,electronics,2026-01-04,VERIFIED
M03427,Bennett-Ruiz,restaurant,2025-05-30,LIMITED
M03428,"White, Erickson and Hunter",electronics,2025-06-25,VERIFIED
M03429,"Fox, Anderson and Nguyen",electronics,2025-05-20,VERIFIED
M03430,"Bailey, Williamson and Powell",ecommerce,2025-03-28,LIMITED
M03431,Johnson Ltd,education,2025-11-30,LIMITED
M03432,Hall Ltd,education,2025-04-07,VERIFIED
M03433,Porter Ltd,healthcare,2025-05-13,VERIFIED
M03434,Morris-Hall,services,2025-10-03,VERIFIED
M03435,"Flynn, Garcia and Gilmore",services,2026-03-25,VERIFIED
M03436,"Stafford, Campos and Fisher",services,2026-02-10,VERIFIED
M03437,Brown LLC,ecommerce,2026-01-31,VERIFIED
M03438,Johnson Ltd,education,2025-12-21,VERIFIED
M03439,Alexander LLC,education,2025-09-24,VERIFIED
M03440,"Welch, Johnson and Thompson",electronics,2025-08-12,VERIFIED
M03441,Hale Group,electronics,2025-08-04,VERIFIED
M03442,Zhang PLC,services,2026-03-21,VERIFIED
M03443,"Gonzalez, King and Kim",healthcare,2025-06-28,VERIFIED
M03444,Perez-Harmon,grocery,2025-06-17,VERIFIED
M03445,Cervantes-Stokes,ecommerce,2025-09-27,VERIFIED
M03446,Miller Inc,grocery,2026-03-05,VERIFIED
M03447,"Moyer, Davis and Johnson",ecommerce,2025-06-20,LIMITED
M03448,Barry LLC,SaaS,2025-05-29,VERIFIED
M03449,Carroll-Lin,grocery,2025-03-24,PENDING
M03450,Lopez-Blair,ecommerce,2026-01-04,VERIFIED
M03451,"May, Crawford and Collier",services,2026-01-21,VERIFIED
M03452,"Carey, Mason and Kelly",healthcare,2026-01-17,VERIFIED
M03453,"Castaneda, Solis and Gonzales",services,2025-03-16,VERIFIED
M03454,"Bennett, Jones and Miller",services,2025-07-22,VERIFIED
M03455,"Evans, Wilson and Hall",ecommerce,2025-07-05,VERIFIED
M03456,"Fernandez, Johnson and Nicholson",education,2025-12-22,VERIFIED
M03457,Nielsen-King,education,2026-01-11,VERIFIED
M03458,"Howard, Brennan and Moore",education,2026-03-15,VERIFIED
M03459,Jones-Johnston,fashion,2025-08-14,VERIFIED
M03460,"Frederick, Porter and Ross",grocery,2025-04-07,VERIFIED
M03461,Gardner Inc,services,2025-10-23,VERIFIED
M03462,"Ruiz, Lowery and Baker",ecommerce,2026-02-27,VERIFIED
M03463,Johnson Group,SaaS,2025-11-18,VERIFIED
M03464,Gonzalez-Barron,education,2025-04-11,VERIFIED
M03465,Taylor PLC,education,2025-10-06,VERIFIED
M03466,"Rivera, Todd and Gaines",travel,2025-09-14,VERIFIED
M03467,Young Inc,education,2025-03-10,VERIFIED
M03468,"Strong, Warner and Cannon",services,2026-01-22,VERIFIED
M03469,Reed Inc,education,2026-01-26,VERIFIED
M03470,George-Salazar,electronics,2026-02-09,VERIFIED
M03471,Clay Group,fashion,2026-03-25,VERIFIED
M03472,Nelson Inc,grocery,2025-12-07,VERIFIED
M03473,Johnson PLC,grocery,2026-03-05,VERIFIED
M03474,Santos Group,grocery,2025-12-01,VERIFIED
M03475,Turner-Horn,fashion,2026-01-12,VERIFIED
M03476,Smith Inc,SaaS,2025-03-18,VERIFIED
M03477,Ayala and Sons,electronics,2025-07-08,VERIFIED
M03478,"Franklin, Gray and Sutton",education,2025-08-14,VERIFIED
M03479,Tran Inc,SaaS,2026-01-29,VERIFIED
M03480,Cannon-Dominguez,services,2026-01-25,LIMITED
M03481,Miles-Dunn,ecommerce,2026-01-30,VERIFIED
M03482,Kim PLC,fashion,2026-02-17,VERIFIED
M03483,Bell-Cooper,healthcare,2026-02-06,VERIFIED
M03484,Allen Inc,restaurant,2025-08-05,VERIFIED
M03485,"Smith, Gutierrez and Goodwin",travel,2026-01-05,VERIFIED
M03486,"Bradley, Ritter and Smith",ecommerce,2026-01-01,PENDING
M03487,"Wright, Brown and Brown",education,2026-03-24,VERIFIED
M03488,White-Williams,fashion,2025-05-04,VERIFIED
M03489,Morrison-Zamora,services,2025-09-18,VERIFIED
M03490,Anderson-Sanders,grocery,2025-08-27,LIMITED
M03491,"Martinez, Jones and Wright",electronics,2025-05-26,VERIFIED
M03492,"Harris, Thornton and Li",travel,2026-01-16,VERIFIED
M03493,Wallace LLC,restaurant,2025-06-21,VERIFIED
M03494,Deleon-Carter,restaurant,2026-02-18,VERIFIED
M03495,"Sanchez, Orozco and Flores",services,2025-11-21,VERIFIED
M03496,"Gordon, Brown and Mccullough",grocery,2025-09-25,VERIFIED
M03497,"Sampson, Tucker and Miller",grocery,2025-04-17,VERIFIED
M03498,Skinner PLC,SaaS,2025-06-16,VERIFIED
M03499,Torres PLC,electronics,2026-02-16,VERIFIED
M03500,Martinez Ltd,healthcare,2025-11-23,VERIFIED
M03501,Johnson and Sons,fashion,2025-06-16,VERIFIED
M03502,"Alexander, Duran and Benton",fashion,2025-12-04,VERIFIED
M03503,Porter Inc,ecommerce,2025-08-16,VERIFIED
M03504,Ramirez-Cruz,grocery,2025-05-18,VERIFIED
M03505,Brown PLC,travel,2025-09-11,VERIFIED
M03506,Simpson-Roy,education,2025-08-22,VERIFIED
M03507,Wallace-Walker,healthcare,2026-03-26,VERIFIED
M03508,Lopez-Jordan,education,2025-06-17,VERIFIED
M03509,Guerrero Inc,grocery,2026-03-16,VERIFIED
M03510,"Hines, Pineda and Kent",healthcare,2025-04-10,VERIFIED
M03511,Livingston-Solomon,electronics,2026-03-04,VERIFIED
M03512,"Robinson, Johnson and Swanson",fashion,2025-09-18,VERIFIED
M03513,"Hamilton, Patterson and Daniel",grocery,2025-11-12,VERIFIED
M03514,"Goodwin, Aguirre and Tran",travel,2025-08-02,VERIFIED
M03515,"Randolph, Mitchell and Ritter",fashion,2025-07-03,VERIFIED
M03516,"Ford, Armstrong and Carroll",services,2025-04-27,VERIFIED
M03517,"Green, Horne and Mcdonald",fashion,2025-03-12,VERIFIED
M03518,Anderson Inc,grocery,2025-05-17,VERIFIED
M03519,Marsh-Tapia,SaaS,2025-05-21,VERIFIED
M03520,Lutz PLC,restaurant,2025-11-01,VERIFIED
M03521,Morgan-Foster,restaurant,2025-09-19,VERIFIED
M03522,"Hill, Adams and King",services,2025-09-26,VERIFIED
M03523,"Patrick, Franklin and Martinez",restaurant,2025-03-23,VERIFIED
M03524,"Guerrero, Huff and Abbott",electronics,2026-01-17,VERIFIED
M03525,Ford-Gonzales,education,2025-06-29,VERIFIED
M03526,Johnson-Howard,education,2025-07-15,VERIFIED
M03527,"Richard, Robinson and Brown",fashion,2025-05-22,VERIFIED
M03528,Hill PLC,healthcare,2025-09-17,VERIFIED
M03529,"Edwards, Brown and White",grocery,2025-08-30,VERIFIED
M03530,Green-Simpson,electronics,2025-06-12,VERIFIED
M03531,Mccoy and Sons,electronics,2025-10-02,VERIFIED
M03532,"Douglas, Hall and Pena",education,2026-03-26,VERIFIED
M03533,Cohen Group,fashion,2025-04-25,VERIFIED
M03534,"Stewart, Tran and Perez",restaurant,2025-11-26,PENDING
M03535,"Braun, Hester and Smith",education,2025-05-18,VERIFIED
M03536,Fernandez-Williams,healthcare,2025-05-26,VERIFIED
M03537,Bailey Inc,restaurant,2026-01-31,VERIFIED
M03538,"Wallace, Dixon and Young",services,2025-06-22,PENDING
M03539,Hudson-Calderon,grocery,2025-03-18,VERIFIED
M03540,"Perry, May and Liu",healthcare,2025-10-30,PENDING
M03541,Johnson PLC,fashion,2025-03-09,VERIFIED
M03542,Rogers-Russell,ecommerce,2025-10-11,LIMITED
M03543,"Brooks, Dunlap and Carter",education,2025-06-04,VERIFIED
M03544,Martin Inc,education,2025-09-13,VERIFIED
M03545,Conrad-Buck,services,2026-01-07,VERIFIED
M03546,Rodriguez and Sons,services,2025-03-31,VERIFIED
M03547,Dixon-Norman,electronics,2025-08-01,LIMITED
M03548,"Logan, Marquez and Case",SaaS,2025-11-27,VERIFIED
M03549,Rivas-Johnson,education,2025-09-12,VERIFIED
M03550,"Hernandez, Farmer and Banks",SaaS,2026-01-04,VERIFIED
M03551,Benjamin and Sons,ecommerce,2026-03-20,VERIFIED
M03552,"Gordon, Andrews and Kelley",ecommerce,2025-07-01,VERIFIED
M03553,Ryan-Martinez,SaaS,2025-11-10,VERIFIED
M03554,"Yates, Lawson and Hopkins",healthcare,2025-09-14,LIMITED
M03555,"Alexander, Adams and Huff",electronics,2025-10-01,PENDING
M03556,Bartlett-Murphy,ecommerce,2026-01-21,VERIFIED
M03557,Hall-Edwards,restaurant,2025-10-02,VERIFIED
M03558,Steele Group,grocery,2025-05-12,LIMITED
M03559,"Rosario, Ortiz and Miller",services,2025-10-05,VERIFIED
M03560,"Wagner, Melendez and Valdez",services,2025-04-26,VERIFIED
M03561,"Hall, Hartman and Hall",travel,2025-06-03,VERIFIED
M03562,Frost and Sons,services,2025-12-10,VERIFIED
M03563,Craig-Wade,fashion,2025-04-20,VERIFIED
M03564,"Green, Mitchell and Edwards",services,2026-01-26,VERIFIED
M03565,Ortiz PLC,restaurant,2025-05-19,VERIFIED
M03566,Johnston Ltd,restaurant,2025-05-19,VERIFIED
M03567,Yoder Group,ecommerce,2026-02-10,VERIFIED
M03568,Jackson Group,electronics,2025-04-02,VERIFIED
M03569,Cannon-Dawson,electronics,2025-06-24,VERIFIED
M03570,Newton-Martinez,restaurant,2025-06-17,PENDING
M03571,Bass Inc,electronics,2025-06-23,VERIFIED
M03572,"Jackson, Jones and Robertson",electronics,2025-07-03,VERIFIED
M03573,"Sellers, Strong and Gomez",SaaS,2025-09-30,LIMITED
M03574,Terry-Allen,healthcare,2025-04-29,VERIFIED
M03575,Wilson-Merritt,ecommerce,2026-03-14,VERIFIED
M03576,Vargas-Jensen,travel,2025-11-11,VERIFIED
M03577,"Williams, Rodgers and Kelly",services,2025-08-21,VERIFIED
M03578,Lozano-Mccoy,restaurant,2025-03-21,LIMITED
M03579,"Davenport, Roberts and Woods",electronics,2025-12-10,VERIFIED
M03580,Quinn Ltd,ecommerce,2025-04-26,VERIFIED
M03581,"Hendricks, Zuniga and Miller",services,2026-02-11,VERIFIED
M03582,Watkins LLC,restaurant,2026-03-26,VERIFIED
M03583,"Banks, Gray and Gonzales",electronics,2025-12-03,VERIFIED
M03584,"Sharp, Ramirez and Mejia",healthcare,2025-06-17,VERIFIED
M03585,Evans LLC,healthcare,2025-05-23,VERIFIED
M03586,Elliott PLC,education,2026-03-03,LIMITED
M03587,"Romero, Reilly and Mitchell",ecommerce,2025-10-25,VERIFIED
M03588,Flores-White,ecommerce,2025-10-20,VERIFIED
M03589,Williams Ltd,fashion,2025-03-21,VERIFIED
M03590,"Clark, Stone and Andrews",electronics,2026-01-17,VERIFIED
M03591,"Edwards, Reed and Martin",travel,2025-06-14,VERIFIED
M03592,Hill-Gonzales,grocery,2026-01-08,VERIFIED
M03593,Roberts LLC,education,2025-09-30,VERIFIED
M03594,"Molina, Middleton and Estrada",electronics,2025-03-28,VERIFIED
M03595,Davis PLC,education,2025-04-27,VERIFIED
M03596,"Fischer, Johnson and Orr",services,2025-03-14,VERIFIED
M03597,"Medina, Lee and Freeman",electronics,2025-06-27,VERIFIED
M03598,Wood LLC,SaaS,2025-08-25,VERIFIED
M03599,"Simmons, Wallace and Martinez",travel,2025-09-05,VERIFIED
M03600,Phillips-Rodriguez,ecommerce,2026-02-28,VERIFIED
M03601,"Calhoun, Wilson and Oneal",fashion,2025-10-08,VERIFIED
M03602,Baker-Lin,education,2025-10-25,VERIFIED
M03603,Dennis-Wilson,healthcare,2026-01-11,VERIFIED
M03604,Lara-Garner,grocery,2025-07-15,VERIFIED
M03605,Luna LLC,electronics,2025-11-06,VERIFIED
M03606,Hunter LLC,fashion,2026-01-14,VERIFIED
M03607,Mccoy-Hunt,healthcare,2025-04-06,VERIFIED
M03608,Mann LLC,travel,2025-10-06,LIMITED
M03609,Hamilton Ltd,restaurant,2025-07-03,VERIFIED
M03610,"Stewart, Skinner and Guerrero",ecommerce,2025-10-29,VERIFIED
M03611,"Johnson, Walters and Smith",education,2025-09-17,PENDING
M03612,Willis and Sons,restaurant,2025-12-13,VERIFIED
M03613,"Gonzalez, Harrison and Washington",travel,2026-01-04,VERIFIED
M03614,Gross LLC,healthcare,2025-09-11,VERIFIED
M03615,Gonzalez Inc,travel,2025-05-15,PENDING
M03616,"Vincent, Curry and Smith",services,2026-03-08,VERIFIED
M03617,Henry PLC,travel,2025-11-14,VERIFIED
M03618,Mckinney Inc,grocery,2025-06-18,LIMITED
M03619,Watts-Austin,services,2025-06-18,VERIFIED
M03620,"Silva, Little and Washington",SaaS,2025-03-28,VERIFIED
M03621,"Best, Humphrey and Pittman",education,2025-12-19,VERIFIED
M03622,Contreras-Henry,fashion,2025-08-16,VERIFIED
M03623,"Myers, Howard and Castillo",SaaS,2025-09-07,VERIFIED
M03624,Robinson LLC,travel,2026-03-04,LIMITED
M03625,Montes-Nguyen,electronics,2025-08-06,VERIFIED
M03626,"Coleman, Thompson and Huber",fashion,2025-10-24,VERIFIED
M03627,"Wilson, Terry and Bush",services,2026-01-07,VERIFIED
M03628,Larsen-Shields,travel,2025-11-15,VERIFIED
M03629,"Jenkins, Young and Carter",education,2025-12-22,PENDING
M03630,"Lewis, Rosales and Ortiz",electronics,2025-05-22,VERIFIED
M03631,"Ingram, Green and Stewart",fashion,2025-10-13,VERIFIED
M03632,Lamb-Coleman,services,2025-04-27,VERIFIED
M03633,Gaines-Adams,restaurant,2025-06-13,LIMITED
M03634,"Robinson, Fields and Williams",healthcare,2026-02-07,VERIFIED
M03635,Ortiz-Armstrong,healthcare,2025-07-27,VERIFIED
M03636,Herrera Ltd,grocery,2026-03-05,VERIFIED
M03637,Gould PLC,services,2025-06-27,VERIFIED
M03638,"Rivera, Jacobs and Smith",education,2026-02-15,VERIFIED
M03639,"Smith, Gray and Deleon",electronics,2025-08-19,VERIFIED
M03640,Barr-Wang,ecommerce,2026-01-17,VERIFIED
M03641,"Brown, Williams and Clark",electronics,2025-06-22,VERIFIED
M03642,"Gonzalez, Moore and Nichols",education,2026-01-10,VERIFIED
M03643,"Perez, Solis and Lozano",electronics,2025-09-28,VERIFIED
M03644,Gutierrez-Tran,fashion,2025-12-06,VERIFIED
M03645,Case Inc,restaurant,2025-08-10,VERIFIED
M03646,Fischer PLC,electronics,2025-11-11,VERIFIED
M03647,Mason Group,grocery,2026-02-01,VERIFIED
M03648,Moore LLC,SaaS,2026-02-23,VERIFIED
M03649,Hall Ltd,services,2025-05-08,VERIFIED
M03650,Johnson Ltd,restaurant,2025-10-23,VERIFIED
M03651,Hess Group,education,2026-03-20,VERIFIED
M03652,"Morales, Cardenas and Mcdowell",travel,2025-10-23,VERIFIED
M03653,Jones PLC,restaurant,2025-06-14,VERIFIED
M03654,"Warner, Oconnor and Smith",travel,2026-03-26,VERIFIED
M03655,"Greer, Jacobs and Hernandez",services,2026-02-03,VERIFIED
M03656,"Chapman, Myers and Decker",ecommerce,2025-09-12,VERIFIED
M03657,Glover-Coleman,travel,2025-10-08,LIMITED
M03658,"Johnson, Hill and Harris",ecommerce,2025-04-02,VERIFIED
M03659,Costa-Johnston,healthcare,2026-02-23,VERIFIED
M03660,Carter-Davis,SaaS,2025-08-25,VERIFIED
M03661,Hoffman-Webb,ecommerce,2025-04-01,VERIFIED
M03662,"Ferguson, Sanchez and Smith",SaaS,2026-02-26,VERIFIED
M03663,Luna-Bean,restaurant,2025-08-11,PENDING
M03664,"Klein, Chavez and Lane",ecommerce,2025-04-17,VERIFIED
M03665,Sanders and Sons,services,2025-09-23,VERIFIED
M03666,Wood-Hart,grocery,2026-01-27,VERIFIED
M03667,"Collins, Thomas and Soto",ecommerce,2025-04-20,VERIFIED
M03668,Davis and Sons,SaaS,2025-11-03,PENDING
M03669,Hancock Group,grocery,2026-02-09,VERIFIED
M03670,"Wright, Thomas and Jensen",SaaS,2025-06-24,VERIFIED
M03671,Mills-Franco,electronics,2025-12-14,PENDING
M03672,Brown Group,healthcare,2025-11-04,PENDING
M03673,Jenkins-Yang,restaurant,2025-11-06,VERIFIED
M03674,Johnson Ltd,restaurant,2026-02-20,VERIFIED
M03675,"George, Savage and Adams",healthcare,2025-11-27,VERIFIED
M03676,Fischer Group,travel,2025-08-09,LIMITED
M03677,"Porter, Chung and Young",ecommerce,2026-01-18,VERIFIED
M03678,Fletcher-Robertson,travel,2026-03-25,VERIFIED
M03679,"Haney, Miller and Garcia",SaaS,2026-02-07,VERIFIED
M03680,"Jones, Martinez and Smith",grocery,2025-11-10,VERIFIED
M03681,"Goodman, Martin and Kim",electronics,2025-10-01,VERIFIED
M03682,Williams Group,ecommerce,2025-10-11,VERIFIED
M03683,Jackson-Pratt,healthcare,2025-12-07,VERIFIED
M03684,Taylor-Sawyer,ecommerce,2025-10-02,VERIFIED
M03685,Ross-Phillips,travel,2025-11-13,VERIFIED
M03686,Forbes-Cortez,healthcare,2025-10-26,VERIFIED
M03687,"Nelson, Morris and Preston",grocery,2025-05-25,VERIFIED
M03688,"Santos, Thomas and Mills",fashion,2025-09-14,VERIFIED
M03689,Lang Ltd,education,2025-04-24,VERIFIED
M03690,Stone-King,SaaS,2025-09-13,VERIFIED
M03691,Clark-Rivera,ecommerce,2025-08-13,VERIFIED
M03692,"Cortez, Phelps and Taylor",travel,2025-09-27,VERIFIED
M03693,"Espinoza, Wells and Stewart",ecommerce,2025-05-21,VERIFIED
M03694,Hernandez Inc,grocery,2025-12-22,VERIFIED
M03695,Collins and Sons,grocery,2025-12-18,VERIFIED
M03696,Benson PLC,healthcare,2025-07-02,VERIFIED
M03697,Rivera-Brown,services,2025-07-08,VERIFIED
M03698,Wheeler-Jones,SaaS,2025-09-29,VERIFIED
M03699,"Hansen, Perez and Fuller",education,2025-05-14,VERIFIED
M03700,Hill Group,ecommerce,2025-06-11,VERIFIED
M03701,"Daniel, Richardson and Wang",ecommerce,2025-03-16,PENDING
M03702,Hoffman-May,education,2025-12-04,VERIFIED
M03703,Jones and Sons,restaurant,2026-01-20,VERIFIED
M03704,Cross LLC,travel,2025-06-13,VERIFIED
M03705,Baker Inc,SaaS,2025-07-13,VERIFIED
M03706,Robles PLC,grocery,2025-09-17,VERIFIED
M03707,"Miranda, Rivera and Ingram",SaaS,2026-01-23,VERIFIED
M03708,"Jacobs, Levy and Mclaughlin",education,2025-03-28,VERIFIED
M03709,"Barnett, Kennedy and Jackson",fashion,2026-01-23,LIMITED
M03710,Hays Inc,SaaS,2025-11-02,VERIFIED
M03711,"Thomas, Martin and Baxter",electronics,2026-02-22,VERIFIED
M03712,Miller-Booker,grocery,2026-02-26,VERIFIED
M03713,Hunt Group,education,2026-02-18,LIMITED
M03714,Ortega-Murphy,services,2026-03-16,VERIFIED
M03715,"Wolf, Allen and Long",ecommerce,2026-02-28,VERIFIED
M03716,Mccarthy-Kelly,SaaS,2025-07-30,VERIFIED
M03717,"Stewart, Miller and Jacobs",travel,2025-12-21,VERIFIED
M03718,Moses Ltd,SaaS,2025-11-15,VERIFIED
M03719,Dawson-Larsen,education,2025-10-17,VERIFIED
M03720,"Alexander, Neal and King",ecommerce,2025-04-20,VERIFIED
M03721,Grant Group,education,2025-07-18,VERIFIED
M03722,"Bailey, Johnson and Diaz",fashion,2025-09-02,VERIFIED
M03723,Townsend-Reed,electronics,2025-05-22,VERIFIED
M03724,Lewis-Castro,restaurant,2025-05-29,VERIFIED
M03725,Reyes and Sons,ecommerce,2025-12-02,VERIFIED
M03726,"Cowan, Gonzalez and Ward",SaaS,2025-09-28,LIMITED
M03727,Smith LLC,travel,2025-08-25,VERIFIED
M03728,Davis-Wood,travel,2025-08-21,VERIFIED
M03729,Shaw-Smith,ecommerce,2025-07-09,VERIFIED
M03730,Johnson-Hill,education,2025-12-20,PENDING
M03731,Sanders-Forbes,ecommerce,2025-06-09,VERIFIED
M03732,"King, Garrett and Maddox",fashion,2025-04-01,VERIFIED
M03733,Roy Group,grocery,2025-07-30,VERIFIED
M03734,"Chen, Henry and Wells",education,2025-08-07,VERIFIED
M03735,"Christensen, Aguirre and Johnson",restaurant,2026-01-25,VERIFIED
M03736,Salazar Ltd,healthcare,2025-04-06,VERIFIED
M03737,Thornton and Sons,services,2025-08-20,VERIFIED
M03738,Miller Inc,education,2026-02-17,VERIFIED
M03739,Ramos Ltd,ecommerce,2025-07-16,LIMITED
M03740,Edwards PLC,education,2025-08-20,VERIFIED
M03741,Lucero-Lee,fashion,2026-02-08,VERIFIED
M03742,"Mclaughlin, Cook and Powers",healthcare,2025-05-30,VERIFIED
M03743,Hurst-Jackson,services,2025-08-18,VERIFIED
M03744,"Bowen, Diaz and Smith",ecommerce,2026-02-23,VERIFIED
M03745,"Powell, Monroe and Caldwell",ecommerce,2025-11-28,VERIFIED
M03746,Lee PLC,SaaS,2025-04-24,PENDING
M03747,Daniel Inc,electronics,2026-02-23,VERIFIED
M03748,Ramos LLC,services,2025-08-16,VERIFIED
M03749,"Gonzalez, Wagner and Thompson",travel,2025-11-05,VERIFIED
M03750,"Wilkinson, Everett and Collins",travel,2026-02-22,VERIFIED
M03751,"Bell, Peterson and Carroll",healthcare,2025-09-14,VERIFIED
M03752,"Miller, Conrad and Davis",fashion,2025-05-23,VERIFIED
M03753,White Inc,travel,2026-02-24,PENDING
M03754,Stewart Ltd,services,2025-09-25,VERIFIED
M03755,Wang Inc,ecommerce,2026-03-24,VERIFIED
M03756,Little Group,electronics,2026-02-05,PENDING
M03757,Wiley and Sons,electronics,2026-02-05,PENDING
M03758,Hood-May,grocery,2025-06-12,VERIFIED
M03759,Burgess Ltd,electronics,2025-08-02,VERIFIED
M03760,Collins Group,electronics,2025-12-09,VERIFIED
M03761,"Mitchell, Ramirez and Cunningham",healthcare,2025-11-16,VERIFIED
M03762,Perez-Lopez,restaurant,2025-05-05,VERIFIED
M03763,Thompson LLC,grocery,2025-10-06,VERIFIED
M03764,Wolfe-Baker,restaurant,2026-02-22,VERIFIED
M03765,Kelly-Cox,services,2025-04-28,VERIFIED
M03766,"Mills, Gallegos and Mcdaniel",restaurant,2025-11-29,VERIFIED
M03767,Johnson PLC,restaurant,2026-03-25,VERIFIED
M03768,Moore-Carroll,services,2025-04-10,VERIFIED
M03769,"Hamilton, Brewer and Fleming",ecommerce,2025-10-29,VERIFIED
M03770,Clark-Lyons,restaurant,2025-09-09,VERIFIED
M03771,"Arnold, Paul and Adams",education,2026-03-02,LIMITED
M03772,"Ayala, Scott and Mcdonald",travel,2025-04-02,VERIFIED
M03773,Weeks PLC,healthcare,2026-03-08,VERIFIED
M03774,"Welch, Alvarez and Mcdonald",healthcare,2025-05-20,VERIFIED
M03775,Watson-Gray,grocery,2026-01-25,PENDING
M03776,"Valenzuela, Morris and Garcia",healthcare,2026-02-14,VERIFIED
M03777,Booth-Smith,fashion,2026-03-26,VERIFIED
M03778,Alvarez-Rogers,fashion,2025-06-04,VERIFIED
M03779,Lopez LLC,services,2025-09-11,VERIFIED
M03780,Martin-Payne,ecommerce,2025-06-15,VERIFIED
M03781,Gonzales PLC,grocery,2025-07-07,VERIFIED
M03782,Watkins-Neal,SaaS,2025-04-15,LIMITED
M03783,"Ross, Flowers and King",restaurant,2025-10-17,VERIFIED
M03784,Burke-Olson,healthcare,2025-07-26,VERIFIED
M03785,Evans-Arellano,fashion,2026-03-25,VERIFIED
M03786,Hines PLC,travel,2025-07-08,VERIFIED
M03787,Fisher LLC,electronics,2025-04-23,VERIFIED
M03788,"Morales, Johnson and Hunt",fashion,2025-04-15,VERIFIED
M03789,Tanner-Sanford,electronics,2026-03-05,VERIFIED
M03790,"Gonzalez, Compton and Walton",education,2025-07-06,VERIFIED
M03791,Alvarado Inc,fashion,2026-03-06,VERIFIED
M03792,Parker and Sons,SaaS,2026-01-06,PENDING
M03793,Ellis-Martin,grocery,2025-11-22,VERIFIED
M03794,Hopkins and Sons,travel,2025-04-08,VERIFIED
M03795,Turner Inc,healthcare,2026-01-21,VERIFIED
M03796,Young and Sons,healthcare,2025-07-21,VERIFIED
M03797,Davis-Sanchez,ecommerce,2025-12-21,VERIFIED
M03798,"Peters, Rowe and Smith",education,2026-01-25,VERIFIED
M03799,Cooper Group,services,2025-06-12,VERIFIED
M03800,"Mcdaniel, Hale and Durham",SaaS,2026-03-14,VERIFIED
M03801,"Bennett, Ford and Sanchez",electronics,2025-12-10,VERIFIED
M03802,Hughes LLC,SaaS,2026-01-09,VERIFIED
M03803,Ross LLC,SaaS,2025-06-13,VERIFIED
M03804,Weiss-Cross,SaaS,2025-07-20,VERIFIED
M03805,Carlson-Ferguson,restaurant,2025-08-15,VERIFIED
M03806,Freeman-Yang,travel,2026-03-13,VERIFIED
M03807,"Johnson, Blackwell and Thompson",SaaS,2025-07-18,VERIFIED
M03808,Wood LLC,restaurant,2025-05-13,VERIFIED
M03809,"Morrow, Bishop and Walton",education,2025-03-18,VERIFIED
M03810,Brewer and Sons,education,2026-02-28,LIMITED
M03811,Lopez-Clark,grocery,2026-02-13,VERIFIED
M03812,Davis-Cruz,SaaS,2025-04-27,VERIFIED
M03813,Simmons LLC,education,2026-03-24,VERIFIED
M03814,Hughes-Nicholson,restaurant,2025-11-23,VERIFIED
M03815,Green Group,education,2026-01-27,VERIFIED
M03816,Martin Ltd,electronics,2025-12-03,LIMITED
M03817,"Flowers, Marshall and Miller",grocery,2025-05-12,VERIFIED
M03818,"Oconnor, Rios and Sullivan",education,2025-04-11,VERIFIED
M03819,Martin and Sons,healthcare,2025-08-25,VERIFIED
M03820,"Hunter, Parks and Smith",SaaS,2025-04-04,VERIFIED
M03821,"Choi, Morales and Wise",SaaS,2025-07-03,LIMITED
M03822,Coleman-Harmon,grocery,2025-04-09,PENDING
M03823,Munoz Group,education,2025-05-19,VERIFIED
M03824,"Watson, Wells and Rogers",grocery,2025-11-07,VERIFIED
M03825,"Bonilla, Rodriguez and White",ecommerce,2025-03-18,VERIFIED
M03826,Schmidt-Reyes,fashion,2025-06-12,VERIFIED
M03827,"Miller, Smith and Vaughan",SaaS,2025-10-14,VERIFIED
M03828,"Lawrence, Gonzalez and Hess",services,2025-05-28,VERIFIED
M03829,"Brennan, Graham and Marshall",restaurant,2025-09-24,VERIFIED
M03830,Martinez Group,healthcare,2025-04-06,VERIFIED
M03831,Richardson-Small,education,2026-01-01,VERIFIED
M03832,"Wood, Simmons and Leonard",travel,2025-10-30,VERIFIED
M03833,Daniels and Sons,healthcare,2025-12-08,VERIFIED
M03834,Kelly-Smith,restaurant,2026-03-24,VERIFIED
M03835,Evans-Johnson,restaurant,2025-09-29,VERIFIED
M03836,Howard Inc,education,2025-05-16,VERIFIED
M03837,"Rodgers, Wright and Miller",SaaS,2026-01-28,VERIFIED
M03838,Martinez and Sons,travel,2026-02-21,VERIFIED
M03839,"Snyder, Orozco and Reed",restaurant,2025-08-19,VERIFIED
M03840,Barker-Sanchez,services,2026-01-21,VERIFIED
M03841,"Hoover, Carroll and Williams",ecommerce,2026-01-21,VERIFIED
M03842,Watson-Thomas,ecommerce,2025-04-02,VERIFIED
M03843,"Little, Macias and Reyes",restaurant,2025-04-28,VERIFIED
M03844,"Miller, Pennington and Curry",ecommerce,2025-08-08,VERIFIED
M03845,Morales-White,grocery,2025-04-24,VERIFIED
M03846,"Scott, Delgado and Andrade",travel,2025-06-27,VERIFIED
M03847,Sanford-Leon,restaurant,2025-04-30,VERIFIED
M03848,"Green, Turner and Palmer",fashion,2025-05-04,VERIFIED
M03849,Benson Inc,fashion,2026-03-25,PENDING
M03850,Berry-Lewis,SaaS,2026-02-14,VERIFIED
M03851,Hill-Barker,services,2026-02-28,VERIFIED
M03852,Hill Ltd,education,2025-05-31,VERIFIED
M03853,Jacobs and Sons,travel,2025-04-14,VERIFIED
M03854,"Mitchell, Smith and Clark",electronics,2025-11-27,VERIFIED
M03855,Sandoval-Hill,fashion,2025-10-30,VERIFIED
M03856,George-Daugherty,restaurant,2025-08-10,VERIFIED
M03857,Davis-Walker,fashion,2026-01-08,PENDING
M03858,"Nguyen, Brown and Roberts",SaaS,2025-05-23,VERIFIED
M03859,"Lynch, Murray and Fisher",grocery,2025-05-08,VERIFIED
M03860,"Murphy, Price and Spears",healthcare,2025-05-01,PENDING
M03861,Cooper LLC,fashion,2025-11-19,VERIFIED
M03862,Carson-Hernandez,restaurant,2026-02-28,VERIFIED
M03863,"Porter, Patel and Jackson",education,2026-03-18,VERIFIED
M03864,Scott-Johnson,fashion,2025-05-13,VERIFIED
M03865,"Faulkner, Welch and Hoffman",education,2025-06-30,VERIFIED
M03866,Miller-Adkins,travel,2025-04-03,VERIFIED
M03867,"Wood, Carter and Stewart",SaaS,2025-04-08,VERIFIED
M03868,"Mcdonald, Moore and Richards",restaurant,2025-08-24,VERIFIED
M03869,"Bell, Reynolds and Forbes",services,2025-05-23,VERIFIED
M03870,Potter LLC,education,2025-07-12,PENDING
M03871,"Manning, Fritz and Brooks",electronics,2025-04-12,VERIFIED
M03872,"Anderson, Lawson and Atkinson",travel,2025-06-01,VERIFIED
M03873,Foster and Sons,services,2026-01-29,PENDING
M03874,Duncan and Sons,fashion,2025-05-18,PENDING
M03875,Wang Ltd,travel,2026-02-24,VERIFIED
M03876,Pierce-Bell,education,2025-06-09,VERIFIED
M03877,Barnes PLC,fashion,2025-06-30,VERIFIED
M03878,Flores-Cox,travel,2025-05-06,VERIFIED
M03879,Beck Ltd,travel,2026-01-29,VERIFIED
M03880,"Gill, Stewart and Nichols",electronics,2025-09-12,VERIFIED
M03881,Perez-Powell,electronics,2025-09-26,VERIFIED
M03882,Mitchell-Middleton,travel,2025-04-21,VERIFIED
M03883,Bradshaw and Sons,electronics,2026-02-08,VERIFIED
M03884,Roberts-Patel,services,2026-02-01,VERIFIED
M03885,Hines-Douglas,travel,2025-05-25,VERIFIED
M03886,"Solomon, Reyes and Delgado",education,2025-10-12,VERIFIED
M03887,Jenkins-Fields,grocery,2025-08-31,LIMITED
M03888,"Walker, Lynch and Gordon",fashion,2025-06-11,PENDING
M03889,Greene Ltd,restaurant,2025-09-17,VERIFIED
M03890,Dougherty-Nguyen,education,2025-06-16,VERIFIED
M03891,Jackson Ltd,grocery,2026-03-19,PENDING
M03892,Cohen-Crane,fashion,2025-04-13,PENDING
M03893,Paul Ltd,electronics,2025-12-01,PENDING
M03894,Arnold-Boyer,travel,2025-10-26,VERIFIED
M03895,Ellis Ltd,SaaS,2025-06-28,VERIFIED
M03896,Thompson Ltd,travel,2025-10-05,VERIFIED
M03897,Morris LLC,fashion,2025-11-22,VERIFIED
M03898,Kline and Sons,fashion,2025-04-09,VERIFIED
M03899,"Murray, Sanchez and Morrison",grocery,2026-03-02,VERIFIED
M03900,Robles Group,grocery,2025-11-23,VERIFIED
M03901,"Davidson, Lara and Massey",fashion,2025-04-21,VERIFIED
M03902,Sanchez Ltd,services,2026-03-15,VERIFIED
M03903,Smith Inc,grocery,2025-08-21,VERIFIED
M03904,"Rhodes, Camacho and Cowan",fashion,2025-12-10,VERIFIED
M03905,Jones-Butler,SaaS,2025-06-14,VERIFIED
M03906,Ware-Medina,healthcare,2025-07-27,PENDING
M03907,"Frank, Holland and Ferguson",restaurant,2025-08-08,VERIFIED
M03908,Gonzales Ltd,SaaS,2026-02-21,VERIFIED
M03909,Carter Group,ecommerce,2025-06-04,VERIFIED
M03910,"Mack, Cox and Moran",travel,2025-05-24,VERIFIED
M03911,"Soto, Alexander and Cobb",ecommerce,2025-09-06,VERIFIED
M03912,Thomas LLC,electronics,2025-04-27,VERIFIED
M03913,"Molina, Rodriguez and Jackson",travel,2026-01-19,PENDING
M03914,Douglas-Thomas,fashion,2025-10-27,VERIFIED
M03915,Pope and Sons,ecommerce,2025-07-08,LIMITED
M03916,Davis-May,electronics,2026-01-11,VERIFIED
M03917,Ellis Ltd,education,2026-01-10,VERIFIED
M03918,Goodwin-Sherman,travel,2025-08-06,VERIFIED
M03919,Phillips-Wallace,grocery,2026-01-02,VERIFIED
M03920,Lyons-Carroll,services,2025-05-30,LIMITED
M03921,"Johnson, Taylor and Boyd",grocery,2025-10-21,VERIFIED
M03922,Walker LLC,healthcare,2025-10-19,VERIFIED
M03923,"Cox, Carter and Duffy",grocery,2025-09-10,VERIFIED
M03924,Bradley LLC,ecommerce,2026-02-11,LIMITED
M03925,Marquez-Nunez,electronics,2025-08-06,VERIFIED
M03926,Manning Ltd,fashion,2025-11-07,VERIFIED
M03927,Thomas LLC,electronics,2026-01-10,VERIFIED
M03928,Scott-Perez,electronics,2025-03-17,VERIFIED
M03929,Aguilar and Sons,grocery,2025-07-20,VERIFIED
M03930,"Smith, Diaz and Romero",services,2026-03-14,VERIFIED
M03931,"Sullivan, Montgomery and Jackson",fashion,2025-09-27,VERIFIED
M03932,Schneider-Matthews,fashion,2025-11-19,VERIFIED
M03933,"Edwards, Brooks and Grimes",services,2025-03-19,VERIFIED
M03934,Wong-Harrell,fashion,2025-12-05,VERIFIED
M03935,Thompson-Prince,healthcare,2026-03-01,VERIFIED
M03936,Barnett Inc,SaaS,2025-11-12,VERIFIED
M03937,Walker-Clark,services,2025-10-06,VERIFIED
M03938,Ramirez Ltd,travel,2025-04-11,VERIFIED
M03939,Santos LLC,travel,2025-07-07,VERIFIED
M03940,Stevens-Durham,fashion,2026-01-25,PENDING
M03941,Larsen PLC,travel,2025-07-11,VERIFIED
M03942,Figueroa LLC,SaaS,2025-11-22,VERIFIED
M03943,"Johnson, Sims and Crane",services,2025-06-24,VERIFIED
M03944,"Jones, Tran and Nichols",ecommerce,2025-10-07,VERIFIED
M03945,"Medina, Miller and Yates",electronics,2025-04-11,VERIFIED
M03946,Knight-Wright,ecommerce,2025-05-11,VERIFIED
M03947,Robles-White,education,2025-07-21,VERIFIED
M03948,"Mathews, Perez and Love",ecommerce,2026-02-09,VERIFIED
M03949,Williams PLC,services,2025-04-28,LIMITED
M03950,Arnold-Davis,grocery,2025-09-26,VERIFIED
M03951,Quinn Inc,fashion,2026-02-12,PENDING
M03952,Mills Inc,services,2025-04-29,VERIFIED
M03953,Perez PLC,education,2025-10-11,PENDING
M03954,"Woods, Garcia and Keith",travel,2025-12-09,VERIFIED
M03955,Flores Ltd,healthcare,2026-03-14,LIMITED
M03956,Gonzalez Inc,education,2026-01-27,VERIFIED
M03957,Miller-Gonzalez,SaaS,2025-10-17,VERIFIED
M03958,"Lawrence, George and Evans",grocery,2026-02-16,VERIFIED
M03959,Perkins Inc,services,2025-06-21,VERIFIED
M03960,"Tanner, Waters and Lee",education,2025-06-15,VERIFIED
M03961,"Mendez, Bryant and Smith",services,2025-06-24,PENDING
M03962,Guzman-Vasquez,services,2026-02-20,VERIFIED
M03963,Murphy Group,travel,2025-04-08,PENDING
M03964,"Campbell, Brewer and Baker",grocery,2025-12-12,VERIFIED
M03965,"Wright, Hill and Hoffman",services,2026-02-15,VERIFIED
M03966,Garrett-Rodriguez,services,2025-06-12,LIMITED
M03967,Freeman LLC,electronics,2025-04-03,VERIFIED
M03968,"Ruiz, Martin and Jones",SaaS,2025-09-13,VERIFIED
M03969,Chambers-Davis,SaaS,2025-04-25,VERIFIED
M03970,Peterson-Mcdaniel,education,2025-12-09,VERIFIED
M03971,Lee Inc,services,2025-05-04,VERIFIED
M03972,Lewis PLC,fashion,2026-02-16,VERIFIED
M03973,Flores-Moreno,services,2025-09-23,VERIFIED
M03974,Cohen PLC,SaaS,2026-01-27,VERIFIED
M03975,Duncan and Sons,ecommerce,2026-03-25,VERIFIED
M03976,Moore-Miranda,travel,2025-07-31,VERIFIED
M03977,Phelps PLC,electronics,2025-10-19,VERIFIED
M03978,"Moore, Frye and Zavala",services,2025-10-14,LIMITED
M03979,"Larson, Butler and Barber",education,2025-09-12,LIMITED
M03980,Cantu Group,services,2025-06-25,PENDING
M03981,Wood-Torres,SaaS,2025-09-01,VERIFIED
M03982,"Gomez, Mcgee and Cole",grocery,2025-12-09,VERIFIED
M03983,Elliott-Farmer,restaurant,2025-11-01,VERIFIED
M03984,Gill Group,services,2026-03-24,VERIFIED
M03985,Schmitt LLC,electronics,2025-09-08,LIMITED
M03986,"Trujillo, Proctor and Wang",healthcare,2026-01-30,VERIFIED
M03987,Cardenas and Sons,restaurant,2025-04-04,VERIFIED
M03988,Bates LLC,travel,2025-07-30,LIMITED
M03989,Wall-Johnson,SaaS,2025-06-28,VERIFIED
M03990,Gibbs-Nguyen,ecommerce,2025-09-16,VERIFIED
M03991,"Stevenson, Salinas and Williamson",electronics,2025-07-10,VERIFIED
M03992,Gates-Rodriguez,electronics,2025-12-10,VERIFIED
M03993,Martin Ltd,education,2025-03-21,VERIFIED
M03994,David-Watkins,ecommerce,2026-02-11,VERIFIED
M03995,Harrington Group,SaaS,2025-06-07,VERIFIED
M03996,"Moyer, Mccarthy and Wright",electronics,2025-03-18,VERIFIED
M03997,"Willis, Brown and Brown",education,2025-11-26,VERIFIED
M03998,Hill-Wood,services,2025-09-04,VERIFIED
M03999,Rodriguez-Taylor,restaurant,2025-12-04,VERIFIED
M04000,"Jones, Rowland and Oconnor",fashion,2025-04-17,VERIFIED
M04001,Sawyer PLC,restaurant,2025-12-01,VERIFIED
M04002,Andrews-Hoffman,SaaS,2025-11-18,VERIFIED
M04003,Sanchez-Armstrong,education,2026-02-13,VERIFIED
M04004,"Green, Schmidt and Carter",SaaS,2025-12-05,VERIFIED
M04005,Taylor Inc,travel,2025-03-13,VERIFIED
M04006,"Dawson, Edwards and Castaneda",SaaS,2025-04-19,VERIFIED
M04007,Burgess-Lewis,fashion,2025-09-01,PENDING
M04008,Mcdonald-Murray,fashion,2025-05-16,LIMITED
M04009,Gonzalez-Mata,services,2026-01-15,LIMITED
M04010,Scott-Adkins,travel,2026-02-23,VERIFIED
M04011,Taylor Ltd,healthcare,2026-03-26,PENDING
M04012,Simmons-Shaffer,SaaS,2025-11-07,VERIFIED
M04013,Decker Inc,restaurant,2025-06-01,VERIFIED
M04014,"Brooks, Knight and Forbes",travel,2025-03-22,LIMITED
M04015,"Marks, Murphy and Ryan",SaaS,2025-05-24,VERIFIED
M04016,Andrews-Walters,electronics,2025-11-14,VERIFIED
M04017,"Jones, Davis and Grant",restaurant,2025-11-22,VERIFIED
M04018,Schmidt PLC,education,2026-03-16,VERIFIED
M04019,Berry Group,ecommerce,2026-02-18,VERIFIED
M04020,"Santos, Lee and Jones",ecommerce,2026-03-20,VERIFIED
M04021,"Jordan, Hill and Hayes",electronics,2025-12-08,VERIFIED
M04022,"Hernandez, Rivera and White",travel,2026-02-08,VERIFIED
M04023,"Morgan, Rose and Schwartz",fashion,2026-03-19,VERIFIED
M04024,Preston-Morales,restaurant,2025-03-09,VERIFIED
M04025,Smith-Clayton,electronics,2025-11-02,VERIFIED
M04026,Smith LLC,fashion,2026-01-25,VERIFIED
M04027,Hernandez-Foley,ecommerce,2025-08-27,VERIFIED
M04028,"Craig, Nguyen and Ellis",healthcare,2026-02-08,VERIFIED
M04029,"Gonzalez, Underwood and Schaefer",restaurant,2025-04-28,VERIFIED
M04030,"Camacho, Hernandez and Mejia",electronics,2025-03-08,VERIFIED
M04031,Parker Inc,travel,2025-04-27,VERIFIED
M04032,Ferguson Inc,services,2026-02-03,VERIFIED
M04033,Fernandez Inc,healthcare,2025-08-18,VERIFIED
M04034,Harrell-Hebert,healthcare,2025-07-30,VERIFIED
M04035,"Clark, Turner and Coleman",restaurant,2025-12-07,VERIFIED
M04036,Hall-Gillespie,grocery,2026-03-14,VERIFIED
M04037,Johnson-Rich,grocery,2026-01-31,PENDING
M04038,Martinez-Gould,grocery,2026-01-04,VERIFIED
M04039,Wallace Ltd,services,2025-10-15,VERIFIED
M04040,"Clark, Williams and Gonzales",electronics,2025-05-02,VERIFIED
M04041,Harris Group,healthcare,2025-04-11,VERIFIED
M04042,"Olsen, Davis and Thompson",services,2026-02-04,VERIFIED
M04043,"Ramsey, Martinez and Sherman",healthcare,2025-04-26,VERIFIED
M04044,Shepard Ltd,SaaS,2025-09-17,PENDING
M04045,"Howard, Cowan and Perry",healthcare,2025-05-06,VERIFIED
M04046,Galloway PLC,ecommerce,2025-10-18,VERIFIED
M04047,Woods-Hicks,healthcare,2026-01-29,LIMITED
M04048,Smith-James,travel,2026-03-20,PENDING
M04049,Ross-Mathews,services,2026-01-03,VERIFIED
M04050,Ward-Collins,ecommerce,2025-10-30,VERIFIED
M04051,Hamilton Ltd,services,2025-06-01,VERIFIED
M04052,Perez-Haynes,travel,2025-06-24,VERIFIED
M04053,"Schneider, Price and Ruiz",electronics,2026-01-10,LIMITED
M04054,Blair-Merritt,travel,2026-03-14,VERIFIED
M04055,Taylor and Sons,ecommerce,2026-01-10,VERIFIED
M04056,Cunningham and Sons,ecommerce,2026-02-18,VERIFIED
M04057,"Moore, Neal and Farmer",travel,2026-02-28,VERIFIED
M04058,Carlson and Sons,healthcare,2025-05-04,VERIFIED
M04059,"Guerrero, Watson and Perry",electronics,2026-03-14,VERIFIED
M04060,Barnes and Sons,fashion,2025-09-12,VERIFIED
M04061,"Sanford, Harmon and Patrick",grocery,2026-01-05,VERIFIED
M04062,Diaz Inc,travel,2025-11-19,VERIFIED
M04063,Johnson and Sons,ecommerce,2025-11-01,VERIFIED
M04064,Powell-Brooks,SaaS,2025-03-15,VERIFIED
M04065,Howell-Johnson,restaurant,2026-01-05,VERIFIED
M04066,Rivera Group,services,2025-07-20,VERIFIED
M04067,Moss and Sons,grocery,2026-02-15,LIMITED
M04068,Williams-Bennett,restaurant,2026-02-16,VERIFIED
M04069,"Sharp, Jackson and Garcia",ecommerce,2025-10-05,VERIFIED
M04070,Prince-Davis,services,2025-04-24,VERIFIED
M04071,Rodriguez Group,healthcare,2025-10-15,VERIFIED
M04072,Lucero-Chase,grocery,2026-03-25,VERIFIED
M04073,"Alexander, Vincent and Pacheco",restaurant,2025-03-26,VERIFIED
M04074,Collins Group,healthcare,2026-02-21,VERIFIED
M04075,Anderson-Douglas,fashion,2025-08-05,VERIFIED
M04076,Krueger-Barnett,fashion,2025-10-08,VERIFIED
M04077,Woods Ltd,fashion,2025-12-01,VERIFIED
M04078,"Gonzalez, Robinson and Anderson",education,2025-05-15,VERIFIED
M04079,Perez Inc,fashion,2026-02-15,VERIFIED
M04080,"Davis, Powell and Eaton",ecommerce,2026-03-15,VERIFIED
M04081,Wright LLC,electronics,2026-02-12,VERIFIED
M04082,Blair LLC,services,2025-09-08,VERIFIED
M04083,Page-Murray,healthcare,2025-03-11,VERIFIED
M04084,"Meyer, Ray and Stephenson",services,2025-12-03,VERIFIED
M04085,Murphy LLC,fashion,2026-03-24,VERIFIED
M04086,"Thomas, Doyle and Rosales",restaurant,2025-12-21,VERIFIED
M04087,"Bullock, Cruz and Williams",restaurant,2026-01-09,VERIFIED
M04088,Petty Inc,travel,2025-09-30,VERIFIED
M04089,Walters and Sons,ecommerce,2025-09-28,VERIFIED
M04090,Sanders Inc,travel,2025-10-07,VERIFIED
M04091,"Castillo, Mathews and Lopez",ecommerce,2026-01-24,VERIFIED
M04092,"Sullivan, Haney and Chavez",fashion,2026-03-23,VERIFIED
M04093,Gardner-Wilson,fashion,2026-01-14,PENDING
M04094,Rios-Robertson,SaaS,2026-02-07,VERIFIED
M04095,Rogers-Stafford,healthcare,2026-03-08,VERIFIED
M04096,Peterson-Wiggins,SaaS,2025-11-25,VERIFIED
M04097,"Bryant, Davis and Chase",restaurant,2025-06-06,VERIFIED
M04098,"Baker, Casey and Simmons",travel,2025-06-17,VERIFIED
M04099,Oconnell and Sons,travel,2025-05-24,PENDING
M04100,Perez Group,electronics,2025-03-31,VERIFIED
M04101,Martinez Ltd,services,2025-09-30,VERIFIED
M04102,Martinez-Bailey,services,2025-05-27,VERIFIED
M04103,Graham-Joyce,fashion,2025-04-22,PENDING
M04104,Burch PLC,electronics,2026-02-05,LIMITED
M04105,Sanders PLC,electronics,2025-07-27,PENDING
M04106,Thomas Ltd,SaaS,2026-01-04,VERIFIED
M04107,Parsons and Sons,ecommerce,2025-11-08,VERIFIED
M04108,"Garner, Fox and Chan",electronics,2025-06-06,VERIFIED
M04109,"Heath, Warren and Mcbride",SaaS,2025-10-26,VERIFIED
M04110,Ryan-Steele,electronics,2025-07-10,VERIFIED
M04111,"Jackson, Moore and Becker",ecommerce,2025-06-20,LIMITED
M04112,"Walters, Montgomery and Bridges",ecommerce,2025-07-01,VERIFIED
M04113,"Hernandez, Dunlap and Lynch",education,2025-12-20,VERIFIED
M04114,Ramirez Group,grocery,2025-06-03,VERIFIED
M04115,Price-Boyd,fashion,2025-07-13,VERIFIED
M04116,English-Mcdonald,SaaS,2025-08-31,VERIFIED
M04117,Griffith LLC,electronics,2025-10-18,VERIFIED
M04118,Jones Ltd,travel,2025-03-10,VERIFIED
M04119,"Barnett, Clark and Quinn",restaurant,2025-03-16,VERIFIED
M04120,"Chung, Brown and Jenkins",SaaS,2025-09-06,VERIFIED
M04121,Castillo and Sons,SaaS,2026-03-24,VERIFIED
M04122,Myers and Sons,SaaS,2025-07-22,VERIFIED
M04123,"Barnes, Vargas and Wright",fashion,2025-06-07,VERIFIED
M04124,Jones-Richmond,electronics,2025-10-26,VERIFIED
M04125,Taylor-Morales,travel,2025-11-15,VERIFIED
M04126,"Singh, Blackburn and Hernandez",ecommerce,2025-10-07,LIMITED
M04127,Thomas-Hill,restaurant,2025-12-09,VERIFIED
M04128,Smith-Wilson,SaaS,2026-03-13,VERIFIED
M04129,Warren-Ingram,healthcare,2026-02-15,PENDING
M04130,"Ruiz, Guerrero and Evans",SaaS,2026-02-11,VERIFIED
M04131,Weaver PLC,services,2025-08-07,PENDING
M04132,Hernandez-Beard,travel,2026-03-08,LIMITED
M04133,"Peterson, Nelson and Travis",restaurant,2025-03-18,VERIFIED
M04134,Massey-Scott,fashion,2025-03-10,VERIFIED
M04135,"Owens, Richards and Walter",SaaS,2025-09-24,VERIFIED
M04136,"Glenn, Freeman and Carter",healthcare,2026-02-17,VERIFIED
M04137,"Garcia, Bright and Morrison",grocery,2026-03-13,VERIFIED
M04138,"Grimes, Allen and Horn",ecommerce,2025-06-09,LIMITED
M04139,Copeland-Richmond,ecommerce,2025-03-29,VERIFIED
M04140,Brown-Garcia,SaaS,2025-12-13,VERIFIED
M04141,Kirby-Oconnor,SaaS,2026-02-11,VERIFIED
M04142,Bowman-Murphy,electronics,2025-05-19,VERIFIED
M04143,"Huff, Bird and Miller",ecommerce,2025-04-05,VERIFIED
M04144,Marquez Group,SaaS,2026-01-22,VERIFIED
M04145,Willis and Sons,grocery,2025-09-13,VERIFIED
M04146,"Hamilton, Baker and Osborn",restaurant,2026-03-01,VERIFIED
M04147,"Freeman, Obrien and Cunningham",fashion,2025-08-27,VERIFIED
M04148,"Stone, Schaefer and Reyes",education,2026-02-07,PENDING
M04149,"Rodriguez, Massey and Day",education,2025-12-09,VERIFIED
M04150,Johnston Inc,ecommerce,2025-11-10,VERIFIED
M04151,Ward Ltd,ecommerce,2026-03-14,VERIFIED
M04152,"Mckee, Fisher and Long",travel,2025-08-04,VERIFIED
M04153,"Williams, Holland and Alexander",SaaS,2025-08-08,PENDING
M04154,Berry-Mills,electronics,2025-08-19,VERIFIED
M04155,Li-Fuller,electronics,2025-03-18,VERIFIED
M04156,Caldwell-Johnson,SaaS,2026-03-11,VERIFIED
M04157,"White, Mccoy and Murphy",restaurant,2025-11-25,VERIFIED
M04158,Knapp-Pham,electronics,2025-12-01,VERIFIED
M04159,"Bryant, Macdonald and Howard",SaaS,2025-11-28,VERIFIED
M04160,"Cooper, Beltran and Wright",ecommerce,2025-04-23,LIMITED
M04161,Bowers-Nguyen,fashion,2025-12-16,VERIFIED
M04162,"Ritter, Baker and Leon",education,2026-01-16,VERIFIED
M04163,Hansen PLC,fashion,2025-11-11,VERIFIED
M04164,"Morris, Morales and Bailey",ecommerce,2026-01-15,VERIFIED
M04165,Kirk Inc,services,2025-06-22,VERIFIED
M04166,Bell-Medina,fashion,2025-03-18,VERIFIED
M04167,Stewart LLC,travel,2025-11-02,VERIFIED
M04168,Sloan Inc,healthcare,2026-03-12,VERIFIED
M04169,"Sullivan, Howell and Fowler",services,2025-09-22,VERIFIED
M04170,Harris-Chase,healthcare,2025-09-10,VERIFIED
M04171,Bell-Shaffer,grocery,2025-03-11,VERIFIED
M04172,Fischer-Chung,healthcare,2026-02-25,VERIFIED
M04173,Smith-Lopez,ecommerce,2025-05-30,VERIFIED
M04174,Stout-Graves,grocery,2025-10-12,VERIFIED
M04175,"Phillips, Castro and Thompson",electronics,2026-02-25,VERIFIED
M04176,"Dominguez, Gonzalez and Davis",travel,2025-12-07,VERIFIED
M04177,"Melendez, Alvarado and Phelps",healthcare,2025-09-06,VERIFIED
M04178,Baldwin PLC,education,2026-03-13,VERIFIED
M04179,Sanders-Morse,services,2025-08-08,VERIFIED
M04180,Kirk Ltd,electronics,2026-01-04,VERIFIED
M04181,Austin-Arellano,education,2025-12-03,VERIFIED
M04182,Key-Ramos,education,2025-10-19,VERIFIED
M04183,Sanchez and Sons,restaurant,2026-01-06,VERIFIED
M04184,"Haney, Johnson and Walker",ecommerce,2025-12-12,VERIFIED
M04185,"Lucero, Sanchez and Perez",electronics,2026-02-25,PENDING
M04186,"Cain, Thomas and Phillips",services,2025-06-15,VERIFIED
M04187,Mathews Group,fashion,2026-02-03,VERIFIED
M04188,Perry-Arnold,SaaS,2025-05-13,VERIFIED
M04189,"Lee, Lopez and Stone",services,2025-08-11,VERIFIED
M04190,Burton-Oneal,restaurant,2025-11-27,VERIFIED
M04191,Francis-Mann,fashion,2025-05-10,VERIFIED
M04192,Lara-Baker,restaurant,2025-07-29,VERIFIED
M04193,Diaz-Schaefer,fashion,2025-09-06,VERIFIED
M04194,Flores LLC,electronics,2025-04-08,PENDING
M04195,Rubio and Sons,healthcare,2025-04-18,PENDING
M04196,Heath-Andersen,grocery,2025-04-03,VERIFIED
M04197,Pope PLC,SaaS,2026-01-10,VERIFIED
M04198,Davis PLC,education,2025-05-06,VERIFIED
M04199,"Alvarez, Edwards and Aguirre",travel,2025-05-15,PENDING
M04200,"Perez, Bailey and Park",travel,2025-10-03,VERIFIED
M04201,"Nicholson, Walker and Adams",electronics,2026-03-21,VERIFIED
M04202,Stevens Group,travel,2025-07-31,PENDING
M04203,Garza-Brown,education,2026-01-29,PENDING
M04204,Johnson Group,electronics,2026-03-03,VERIFIED
M04205,"Santos, Huang and Woods",fashion,2025-08-15,PENDING
M04206,"Hernandez, Fleming and Jones",SaaS,2025-04-20,VERIFIED
M04207,"Hill, King and Mosley",services,2025-04-18,VERIFIED
M04208,Reeves Group,grocery,2025-11-07,LIMITED
M04209,Padilla-Bender,healthcare,2025-04-09,VERIFIED
M04210,Lewis-Hayes,electronics,2025-11-08,VERIFIED
M04211,"Terry, Torres and Hall",travel,2025-12-03,VERIFIED
M04212,"Shah, Thomas and Ryan",services,2025-07-21,VERIFIED
M04213,"Matthews, Huffman and Arellano",restaurant,2025-06-19,VERIFIED
M04214,Joseph LLC,travel,2026-02-21,VERIFIED
M04215,"Wilson, Madden and Austin",electronics,2025-05-23,VERIFIED
M04216,"Gutierrez, Martin and Lee",travel,2026-03-15,VERIFIED
M04217,"Ayala, Mayo and Houston",travel,2025-09-05,PENDING
M04218,Banks Group,services,2025-10-30,VERIFIED
M04219,"Wilson, Davis and Shah",fashion,2025-10-08,VERIFIED
M04220,"Haynes, Jennings and Ballard",grocery,2026-02-04,VERIFIED
M04221,Horton-Taylor,SaaS,2025-11-29,VERIFIED
M04222,White-Collins,services,2025-03-20,VERIFIED
M04223,Mann LLC,fashion,2025-04-21,VERIFIED
M04224,Davis-Green,SaaS,2025-05-20,LIMITED
M04225,Perez Ltd,healthcare,2025-07-13,VERIFIED
M04226,"Miller, Hayes and Davis",SaaS,2026-01-29,LIMITED
M04227,Smith-Obrien,restaurant,2025-07-23,VERIFIED
M04228,"Brown, Brooks and Jackson",fashion,2025-04-13,VERIFIED
M04229,"Smith, Murphy and Torres",fashion,2025-09-17,VERIFIED
M04230,"Elliott, Villarreal and Sosa",ecommerce,2025-08-13,VERIFIED
M04231,Fields Group,electronics,2025-03-17,PENDING
M04232,Nichols LLC,restaurant,2025-03-21,VERIFIED
M04233,Wiggins and Sons,electronics,2025-05-22,VERIFIED
M04234,"Brooks, Thompson and Alexander",ecommerce,2025-06-06,VERIFIED
M04235,Romero Group,SaaS,2025-11-23,VERIFIED
M04236,Howell PLC,ecommerce,2025-05-15,VERIFIED
M04237,Aguirre LLC,electronics,2025-04-10,LIMITED
M04238,Rodriguez-Vega,travel,2025-07-31,VERIFIED
M04239,"Stone, Mccullough and Jimenez",services,2025-11-23,VERIFIED
M04240,"Moore, Austin and Rogers",education,2025-07-28,VERIFIED
M04241,Mcfarland-Kelley,ecommerce,2025-11-13,VERIFIED
M04242,Bowers-Raymond,electronics,2025-06-20,VERIFIED
M04243,"Spencer, Morgan and Diaz",education,2026-03-22,VERIFIED
M04244,Horne Group,education,2025-04-14,VERIFIED
M04245,Bauer Inc,grocery,2025-10-15,VERIFIED
M04246,Brown-Haas,services,2025-10-24,VERIFIED
M04247,Cochran-Browning,healthcare,2025-08-12,VERIFIED
M04248,"Webster, Garza and Abbott",education,2026-03-16,VERIFIED
M04249,Alvarado LLC,education,2025-09-20,VERIFIED
M04250,"Hart, Park and Boyd",education,2025-06-01,VERIFIED
M04251,"Day, Campbell and Taylor",electronics,2026-01-31,VERIFIED
M04252,Carter Ltd,education,2025-09-28,VERIFIED
M04253,Powell-Bennett,services,2025-04-28,VERIFIED
M04254,Johnson-Garcia,fashion,2025-08-10,VERIFIED
M04255,"Webb, Price and Jimenez",ecommerce,2025-09-08,PENDING
M04256,Townsend-Hale,grocery,2025-06-15,LIMITED
M04257,"Guerra, Lopez and Davis",fashion,2026-01-16,VERIFIED
M04258,"Adkins, Duncan and Thompson",services,2025-04-12,VERIFIED
M04259,Stevenson-Ferguson,restaurant,2026-03-20,VERIFIED
M04260,Rasmussen Group,SaaS,2026-03-24,VERIFIED
M04261,Bell PLC,services,2026-02-16,VERIFIED
M04262,Colon Ltd,education,2025-06-24,VERIFIED
M04263,Rodgers-Warren,education,2026-02-02,VERIFIED
M04264,Hicks Ltd,services,2025-07-01,VERIFIED
M04265,"Williams, Lewis and Bryant",SaaS,2025-08-10,VERIFIED
M04266,Stafford Ltd,fashion,2025-11-07,VERIFIED
M04267,Jones-Harris,education,2025-04-12,VERIFIED
M04268,Duncan PLC,grocery,2026-01-14,VERIFIED
M04269,Williams Group,grocery,2026-01-07,VERIFIED
M04270,Mccullough Inc,SaaS,2026-02-14,VERIFIED
M04271,Smith-Allen,grocery,2025-06-21,PENDING
M04272,Joyce-Benitez,ecommerce,2026-03-23,VERIFIED
M04273,Watson Group,services,2025-11-15,PENDING
M04274,Moore PLC,travel,2026-01-19,LIMITED
M04275,Howell LLC,SaaS,2025-07-23,VERIFIED
M04276,Becker-Mckinney,healthcare,2025-08-19,VERIFIED
M04277,"Collins, Bentley and Valdez",SaaS,2025-03-28,VERIFIED
M04278,Ortiz-Smith,SaaS,2025-11-07,VERIFIED
M04279,Bennett-Kirby,education,2026-01-11,VERIFIED
M04280,Montoya Group,fashion,2025-04-12,VERIFIED
M04281,Greene-Sims,healthcare,2025-06-25,VERIFIED
M04282,Williams-Wang,education,2025-07-22,VERIFIED
M04283,Alvarado and Sons,electronics,2025-10-08,VERIFIED
M04284,Walsh Inc,electronics,2026-01-07,VERIFIED
M04285,Barrera Group,healthcare,2026-01-20,VERIFIED
M04286,White LLC,healthcare,2025-08-30,VERIFIED
M04287,Harding LLC,services,2026-03-20,VERIFIED
M04288,"Espinoza, Neal and Mitchell",electronics,2025-08-25,VERIFIED
M04289,Mitchell-Hudson,healthcare,2026-02-20,VERIFIED
M04290,Juarez Group,healthcare,2025-04-01,VERIFIED
M04291,Clements PLC,education,2025-11-18,PENDING
M04292,Gonzalez-Holmes,restaurant,2025-07-28,VERIFIED
M04293,Harrison Inc,travel,2025-10-13,VERIFIED
M04294,Perez Group,restaurant,2025-07-09,PENDING
M04295,Miller Ltd,ecommerce,2025-06-24,VERIFIED
M04296,Allen PLC,travel,2025-04-23,PENDING
M04297,Kim-Thomas,fashion,2026-01-02,VERIFIED
M04298,"Hammond, Bates and Gordon",fashion,2025-11-08,VERIFIED
M04299,Mack Ltd,ecommerce,2025-12-20,VERIFIED
M04300,Williams-Smith,restaurant,2025-06-07,VERIFIED
M04301,Peterson LLC,ecommerce,2025-12-07,LIMITED
M04302,Bell and Sons,healthcare,2025-10-01,VERIFIED
M04303,"Brown, James and Arroyo",healthcare,2025-10-07,VERIFIED
M04304,"Brown, White and Lee",healthcare,2025-06-12,VERIFIED
M04305,"Griffith, Johnson and Alexander",grocery,2025-11-24,PENDING
M04306,Guzman LLC,electronics,2025-05-27,VERIFIED
M04307,"Martin, Payne and Stewart",travel,2025-03-30,VERIFIED
M04308,Cohen Group,SaaS,2025-10-18,LIMITED
M04309,"Ferguson, Montgomery and Jackson",ecommerce,2025-06-02,VERIFIED
M04310,Wood-Thomas,healthcare,2025-10-06,VERIFIED
M04311,Sutton Inc,restaurant,2025-09-10,VERIFIED
M04312,Smith-Brown,healthcare,2025-10-11,VERIFIED
M04313,Mack-Wilson,ecommerce,2025-05-09,VERIFIED
M04314,Gill Inc,restaurant,2025-04-15,VERIFIED
M04315,"Gardner, Smith and Holloway",restaurant,2025-05-15,LIMITED
M04316,Pineda-Newman,ecommerce,2025-03-10,VERIFIED
M04317,Jennings-Hughes,education,2026-01-01,VERIFIED
M04318,"Young, Henry and Wright",services,2025-12-09,VERIFIED
M04319,"Gibson, Calhoun and Hernandez",travel,2025-08-04,VERIFIED
M04320,"Suarez, Walker and Mitchell",grocery,2025-10-12,VERIFIED
M04321,"Thompson, Coffey and Kidd",SaaS,2025-11-24,VERIFIED
M04322,Richardson Inc,grocery,2025-08-10,VERIFIED
M04323,Trujillo-Thomas,grocery,2025-12-21,PENDING
M04324,Jenkins-Hobbs,education,2025-03-15,VERIFIED
M04325,Archer and Sons,travel,2025-12-18,VERIFIED
M04326,"Gomez, Mcmahon and Fisher",fashion,2026-02-26,VERIFIED
M04327,Murray-Chavez,restaurant,2025-09-08,VERIFIED
M04328,Ford-Morgan,healthcare,2025-10-08,VERIFIED
M04329,"Ross, Cummings and Harris",travel,2025-07-07,LIMITED
M04330,Marquez PLC,ecommerce,2025-11-06,VERIFIED
M04331,Gould Ltd,healthcare,2026-02-25,VERIFIED
M04332,"Mueller, Cox and Ford",education,2025-08-16,VERIFIED
M04333,Brooks-Parker,fashion,2025-10-16,VERIFIED
M04334,Thomas-Rodriguez,services,2025-07-05,VERIFIED
M04335,"Chavez, Conway and Sosa",services,2025-10-07,VERIFIED
M04336,"Jenkins, Gonzalez and Morgan",services,2025-07-08,VERIFIED
M04337,Keller PLC,grocery,2025-10-26,VERIFIED
M04338,White-Ramos,services,2025-12-11,VERIFIED
M04339,"Clark, Bradley and Jackson",healthcare,2026-02-27,VERIFIED
M04340,"Becker, Hammond and Davidson",healthcare,2025-07-05,VERIFIED
M04341,"Casey, Gonzalez and Jenkins",travel,2025-12-20,VERIFIED
M04342,Sanchez-Rodgers,fashion,2026-01-13,VERIFIED
M04343,Stewart-Fitzpatrick,fashion,2025-10-24,VERIFIED
M04344,"Schmidt, Fuller and Johnson",services,2025-11-09,VERIFIED
M04345,Buchanan Inc,travel,2025-04-04,VERIFIED
M04346,Smith Inc,services,2026-02-25,VERIFIED
M04347,Phelps-Edwards,travel,2025-12-04,VERIFIED
M04348,Harris-Hernandez,travel,2025-03-16,PENDING
M04349,Parker Inc,ecommerce,2026-03-18,LIMITED
M04350,Hanson-Stewart,restaurant,2025-10-20,PENDING
M04351,Alvarez-Padilla,travel,2025-10-29,VERIFIED
M04352,Turner-Lang,electronics,2026-01-26,VERIFIED
M04353,Lester and Sons,electronics,2025-10-16,VERIFIED
M04354,Perry PLC,travel,2025-11-28,VERIFIED
M04355,"Ortiz, Hoffman and Fuller",fashion,2025-09-25,PENDING
M04356,"Lucero, Vaughn and Mckee",education,2026-03-01,VERIFIED
M04357,Beck and Sons,restaurant,2025-07-28,VERIFIED
M04358,Davis-Williams,restaurant,2026-01-15,LIMITED
M04359,Kennedy-Woods,electronics,2025-12-12,VERIFIED
M04360,Willis LLC,restaurant,2025-07-29,VERIFIED
M04361,Richards-White,travel,2025-10-30,VERIFIED
M04362,Waller Ltd,travel,2025-10-12,VERIFIED
M04363,"Cooper, Morgan and Miller",fashion,2025-06-12,LIMITED
M04364,Jones-Taylor,ecommerce,2025-10-08,VERIFIED
M04365,Byrd-Rangel,services,2026-01-05,VERIFIED
M04366,Haney Ltd,services,2025-07-13,VERIFIED
M04367,Nixon LLC,services,2025-09-28,PENDING
M04368,Dawson-Rush,fashion,2026-03-15,PENDING
M04369,Gomez Group,SaaS,2025-03-29,PENDING
M04370,Howell PLC,electronics,2026-01-07,PENDING
M04371,Frey-Diaz,services,2025-08-18,VERIFIED
M04372,Lee-Ramirez,ecommerce,2026-03-14,VERIFIED
M04373,"Strong, Johnson and Flores",restaurant,2025-06-13,PENDING
M04374,Williams and Sons,healthcare,2025-10-17,VERIFIED
M04375,"Parker, Cole and Hamilton",education,2025-11-21,VERIFIED
M04376,Nelson Ltd,healthcare,2025-11-18,VERIFIED
M04377,Hopkins-Cook,restaurant,2025-03-27,VERIFIED
M04378,Anderson PLC,ecommerce,2025-06-05,VERIFIED
M04379,Navarro Inc,ecommerce,2025-06-25,PENDING
M04380,James-Conway,electronics,2025-06-27,VERIFIED
M04381,Price-Dominguez,ecommerce,2025-12-13,VERIFIED
M04382,Terry-Rogers,restaurant,2025-07-21,VERIFIED
M04383,"Nash, Mueller and Russell",ecommerce,2025-09-10,VERIFIED
M04384,Anderson-Reed,electronics,2025-08-19,VERIFIED
M04385,Tran-Burns,restaurant,2025-03-25,VERIFIED
M04386,Miller-Cole,education,2025-05-17,VERIFIED
M04387,"Miller, Wade and Flores",SaaS,2025-09-11,VERIFIED
M04388,"Huang, Johnson and Anderson",ecommerce,2025-04-28,VERIFIED
M04389,Sanchez and Sons,services,2025-10-14,VERIFIED
M04390,Brown-Armstrong,travel,2025-11-01,VERIFIED
M04391,Maxwell Inc,grocery,2025-07-12,VERIFIED
M04392,Sharp Ltd,grocery,2025-12-21,VERIFIED
M04393,Berg-Williamson,healthcare,2025-09-18,VERIFIED
M04394,Aguilar Group,restaurant,2025-07-27,PENDING
M04395,"Marks, Hartman and Rodriguez",fashion,2025-08-26,VERIFIED
M04396,Brown and Sons,restaurant,2025-08-18,VERIFIED
M04397,Hardin Inc,ecommerce,2025-05-13,VERIFIED
M04398,Davis Inc,electronics,2026-01-30,VERIFIED
M04399,Hamilton Ltd,grocery,2025-08-28,VERIFIED
M04400,Clark Ltd,fashion,2025-11-25,VERIFIED
M04401,Hughes Ltd,grocery,2026-03-13,VERIFIED
M04402,"Lee, Roth and Erickson",ecommerce,2025-11-19,VERIFIED
M04403,Jacobs-Lopez,SaaS,2026-03-12,PENDING
M04404,Dennis-Vargas,electronics,2026-03-04,VERIFIED
M04405,Ramos PLC,fashion,2025-11-21,PENDING
M04406,Miller and Sons,services,2026-01-19,PENDING
M04407,Thomas-Weaver,ecommerce,2026-02-12,VERIFIED
M04408,Graves Ltd,fashion,2025-05-29,VERIFIED
M04409,Lopez LLC,travel,2025-11-04,VERIFIED
M04410,Martin Ltd,grocery,2025-11-20,VERIFIED
M04411,"Phillips, Gutierrez and Davidson",grocery,2026-01-26,VERIFIED
M04412,Simmons LLC,electronics,2025-08-25,VERIFIED
M04413,"Allen, Smith and Zamora",restaurant,2026-01-02,VERIFIED
M04414,"King, Webster and Brown",education,2025-10-06,VERIFIED
M04415,Snyder Ltd,travel,2025-10-11,VERIFIED
M04416,Harvey Group,services,2025-12-22,VERIFIED
M04417,Craig Ltd,SaaS,2026-01-18,VERIFIED
M04418,Smith-Garner,education,2025-04-03,VERIFIED
M04419,Flores LLC,restaurant,2025-09-06,VERIFIED
M04420,"Becker, Gregory and Jones",SaaS,2025-10-25,VERIFIED
M04421,Acosta-Flores,travel,2025-06-29,PENDING
M04422,Harmon-Castillo,healthcare,2025-12-05,VERIFIED
M04423,Evans-Burns,travel,2025-10-19,VERIFIED
M04424,"Duarte, Lee and Matthews",restaurant,2025-05-07,LIMITED
M04425,Vazquez Group,ecommerce,2026-03-20,VERIFIED
M04426,Hobbs-Nguyen,healthcare,2025-06-02,VERIFIED
M04427,Ford-Nolan,restaurant,2025-06-17,VERIFIED
M04428,Hernandez-Rojas,education,2025-12-16,VERIFIED
M04429,Barnes-Johnson,SaaS,2026-03-05,VERIFIED
M04430,Kramer Group,ecommerce,2025-09-15,VERIFIED
M04431,"Hernandez, Diaz and Hamilton",SaaS,2026-01-02,VERIFIED
M04432,"Whitehead, Hernandez and Shah",restaurant,2026-01-07,VERIFIED
M04433,Davis Group,fashion,2025-11-02,VERIFIED
M04434,Hernandez-Rogers,fashion,2025-09-23,PENDING
M04435,Crawford and Sons,SaaS,2025-06-23,VERIFIED
M04436,Gallegos-Nash,ecommerce,2025-06-11,VERIFIED
M04437,Perez-Tucker,SaaS,2025-03-31,VERIFIED
M04438,"Porter, Graham and York",healthcare,2025-09-04,VERIFIED
M04439,Costa-Brown,ecommerce,2025-07-18,VERIFIED
M04440,Jones LLC,ecommerce,2025-05-08,VERIFIED
M04441,"Woods, Roberts and Young",ecommerce,2025-05-29,VERIFIED
M04442,Lara-Butler,education,2026-03-17,VERIFIED
M04443,Frye Ltd,healthcare,2025-03-26,VERIFIED
M04444,Morgan LLC,services,2025-10-10,VERIFIED
M04445,"Montgomery, Carr and George",ecommerce,2025-03-21,VERIFIED
M04446,"Campbell, Hardy and Roman",restaurant,2026-02-10,VERIFIED
M04447,Wood Group,ecommerce,2025-12-19,VERIFIED
M04448,Smith LLC,grocery,2025-09-07,VERIFIED
M04449,Sanchez-Blackburn,grocery,2025-08-05,VERIFIED
M04450,"Hall, Wiggins and Edwards",SaaS,2025-08-18,VERIFIED
M04451,Buchanan-Peters,services,2026-01-29,VERIFIED
M04452,"Leon, Hale and Winters",healthcare,2025-08-18,PENDING
M04453,Harrington-Armstrong,ecommerce,2026-01-09,VERIFIED
M04454,Erickson PLC,fashion,2025-08-12,VERIFIED
M04455,Li and Sons,fashion,2025-08-01,VERIFIED
M04456,Elliott-Zamora,fashion,2025-07-03,VERIFIED
M04457,Dixon-Davis,grocery,2026-01-28,VERIFIED
M04458,Hanson Inc,SaaS,2025-09-11,VERIFIED
M04459,"Henry, Morrison and Macdonald",education,2025-09-11,VERIFIED
M04460,"Adams, Cole and Waters",services,2025-07-14,VERIFIED
M04461,Joseph-Cox,education,2025-05-12,VERIFIED
M04462,Wells and Sons,fashion,2025-12-05,VERIFIED
M04463,"Smith, Kelly and Oliver",electronics,2025-09-07,VERIFIED
M04464,"Thomas, Nelson and Flores",grocery,2025-08-12,VERIFIED
M04465,Jacobs-Herrera,education,2025-08-05,VERIFIED
M04466,"Lopez, Bradshaw and Jacobs",services,2025-11-17,VERIFIED
M04467,Quinn-Moss,grocery,2025-04-01,VERIFIED
M04468,Mills PLC,electronics,2025-10-16,VERIFIED
M04469,Wright-Bennett,ecommerce,2025-12-05,VERIFIED
M04470,"Cardenas, Smith and Green",ecommerce,2025-11-17,PENDING
M04471,Phillips Inc,SaaS,2025-08-18,VERIFIED
M04472,"Schneider, Fisher and Richardson",travel,2025-11-04,VERIFIED
M04473,Griffin Group,SaaS,2025-08-20,VERIFIED
M04474,"Moore, Wallace and Edwards",ecommerce,2026-01-14,VERIFIED
M04475,Bryant-Gonzalez,restaurant,2025-04-10,VERIFIED
M04476,"Chavez, Martin and Anderson",electronics,2025-09-23,VERIFIED
M04477,Martinez LLC,grocery,2025-09-02,VERIFIED
M04478,"Woods, Thomas and Decker",SaaS,2025-04-23,VERIFIED
M04479,Pierce-Fuller,fashion,2025-07-23,VERIFIED
M04480,"Nguyen, Thompson and Austin",SaaS,2025-06-24,VERIFIED
M04481,Schneider LLC,fashion,2025-12-16,VERIFIED
M04482,"Avila, Williams and Hunt",travel,2025-09-04,VERIFIED
M04483,"Love, Anderson and Brown",restaurant,2026-01-28,VERIFIED
M04484,Taylor Inc,grocery,2025-08-22,VERIFIED
M04485,"Martin, Reeves and Davis",electronics,2026-01-22,VERIFIED
M04486,Compton-Morgan,travel,2025-10-04,VERIFIED
M04487,Cooper-Jones,services,2025-06-13,VERIFIED
M04488,Gardner-Warren,SaaS,2025-05-03,VERIFIED
M04489,"Clarke, Neal and Kelley",education,2025-10-22,VERIFIED
M04490,Olsen Group,healthcare,2026-03-09,VERIFIED
M04491,Wilson LLC,ecommerce,2025-11-12,VERIFIED
M04492,Allen Ltd,education,2025-12-18,VERIFIED
M04493,"Grant, Williams and Cameron",fashion,2025-08-30,PENDING
M04494,Mendoza Inc,SaaS,2025-09-17,PENDING
M04495,Blake and Sons,services,2025-09-25,VERIFIED
M04496,Mason LLC,healthcare,2026-01-06,VERIFIED
M04497,Avila-Santiago,restaurant,2026-01-31,LIMITED
M04498,Dixon LLC,healthcare,2025-11-24,VERIFIED
M04499,Johnson-Espinoza,SaaS,2025-05-13,VERIFIED
M04500,Pierce-Williams,electronics,2025-08-12,PENDING
M04501,"Johnson, Perez and Henry",fashion,2026-02-07,VERIFIED
M04502,Miles-Perkins,services,2025-10-05,PENDING
M04503,Hicks-Calderon,services,2025-08-05,VERIFIED
M04504,Lewis-Herrera,healthcare,2026-02-07,PENDING
M04505,"Garner, Campbell and Hawkins",grocery,2025-09-29,VERIFIED
M04506,"Price, Davenport and Webster",grocery,2025-04-10,VERIFIED
M04507,Cook-Murphy,healthcare,2026-03-24,VERIFIED
M04508,Long-Santos,ecommerce,2025-12-10,VERIFIED
M04509,Johnson-Morrison,healthcare,2025-03-19,VERIFIED
M04510,"Powers, Carrillo and Harris",SaaS,2025-06-09,PENDING
M04511,Williams Inc,SaaS,2025-12-16,LIMITED
M04512,"Fitzpatrick, Harris and Wolf",restaurant,2025-04-25,LIMITED
M04513,"Burgess, Whitaker and Craig",services,2025-10-06,VERIFIED
M04514,"Meyers, Ward and Brown",education,2025-08-31,VERIFIED
M04515,"Hall, Zamora and Bridges",ecommerce,2025-04-07,VERIFIED
M04516,Dixon LLC,travel,2025-08-10,VERIFIED
M04517,Robinson and Sons,healthcare,2025-07-22,VERIFIED
M04518,Clark-Arroyo,ecommerce,2025-09-02,VERIFIED
M04519,Cortez-Ellis,education,2025-10-25,VERIFIED
M04520,Guzman-Martin,fashion,2025-09-11,VERIFIED
M04521,Castillo-Carlson,travel,2025-12-03,VERIFIED
M04522,"Mathews, Wright and Jensen",healthcare,2025-09-02,VERIFIED
M04523,Farrell PLC,restaurant,2026-02-19,VERIFIED
M04524,Vincent LLC,ecommerce,2025-06-15,VERIFIED
M04525,Turner Group,ecommerce,2025-06-20,LIMITED
M04526,"Carroll, Moore and Brown",education,2025-05-28,VERIFIED
M04527,Brewer Group,services,2025-09-12,LIMITED
M04528,"Walter, Jones and Butler",fashion,2025-09-05,PENDING
M04529,Evans Inc,services,2025-06-13,VERIFIED
M04530,Turner LLC,restaurant,2025-07-07,VERIFIED
M04531,Conrad-Clay,ecommerce,2025-07-28,VERIFIED
M04532,Martinez Ltd,travel,2026-03-07,VERIFIED
M04533,"Farley, Mcguire and Beard",services,2025-03-21,VERIFIED
M04534,Thompson-Rodriguez,fashion,2025-11-07,VERIFIED
M04535,"Young, Kane and Riley",services,2025-09-28,PENDING
M04536,"Nelson, Johnson and Hart",SaaS,2025-08-02,VERIFIED
M04537,Simon and Sons,grocery,2025-10-04,VERIFIED
M04538,Brown Ltd,SaaS,2025-05-12,LIMITED
M04539,Johnson-Jimenez,restaurant,2025-06-08,LIMITED
M04540,Gutierrez-Dudley,ecommerce,2025-08-21,VERIFIED
M04541,"Merritt, Douglas and Chung",healthcare,2026-02-23,VERIFIED
M04542,Mckinney-Higgins,grocery,2025-10-01,LIMITED
M04543,Pham Inc,travel,2026-03-03,VERIFIED
M04544,"Nelson, Wiggins and Young",education,2026-02-12,PENDING
M04545,Patrick-Forbes,ecommerce,2025-07-06,VERIFIED
M04546,Russo Group,education,2026-01-17,VERIFIED
M04547,"Crane, Freeman and Hall",grocery,2025-09-07,VERIFIED
M04548,"Williams, Cox and George",travel,2025-06-15,VERIFIED
M04549,Hoover-Stephens,restaurant,2025-08-10,VERIFIED
M04550,Hopkins-Watson,education,2025-12-13,VERIFIED
M04551,"Fernandez, Flores and Fowler",electronics,2025-05-23,VERIFIED
M04552,Thompson-Morales,electronics,2025-12-18,VERIFIED
M04553,Lucero-Saunders,restaurant,2025-11-26,VERIFIED
M04554,Olsen Group,electronics,2025-05-21,VERIFIED
M04555,"Daniels, Ward and Reynolds",fashion,2025-11-17,VERIFIED
M04556,"King, Taylor and Middleton",SaaS,2025-10-09,VERIFIED
M04557,"Owens, Molina and Hensley",healthcare,2025-04-01,VERIFIED
M04558,Preston LLC,SaaS,2026-01-14,VERIFIED
M04559,"Hull, Mcgrath and Thomas",grocery,2025-09-13,VERIFIED
M04560,Fernandez-Collier,healthcare,2025-03-12,VERIFIED
M04561,Rosales PLC,restaurant,2025-07-28,VERIFIED
M04562,Rowland and Sons,electronics,2025-03-10,PENDING
M04563,"Sanders, Colon and Gilmore",education,2025-10-09,LIMITED
M04564,"Stephens, Stone and Johnston",travel,2026-02-21,VERIFIED
M04565,Michael-Ortega,grocery,2026-01-07,VERIFIED
M04566,Singh Ltd,SaaS,2026-02-05,VERIFIED
M04567,"French, Burns and Nguyen",education,2025-09-13,VERIFIED
M04568,Kelley-Foster,fashion,2025-03-09,VERIFIED
M04569,"Weiss, Robinson and Bell",electronics,2025-08-10,VERIFIED
M04570,Watts-Travis,travel,2026-02-04,LIMITED
M04571,Bowman Group,ecommerce,2025-05-06,LIMITED
M04572,Flowers and Sons,SaaS,2025-10-16,VERIFIED
M04573,"Smith, Leon and Wagner",restaurant,2026-01-19,VERIFIED
M04574,Simpson Inc,fashion,2026-01-10,VERIFIED
M04575,"Clements, Allen and Sullivan",travel,2025-09-06,VERIFIED
M04576,Weaver Inc,grocery,2025-11-28,VERIFIED
M04577,Johnson Inc,grocery,2025-09-25,VERIFIED
M04578,Martinez-Lopez,fashion,2025-09-11,VERIFIED
M04579,"Jones, King and Tapia",SaaS,2026-02-10,VERIFIED
M04580,Duffy-Stanley,services,2025-06-17,VERIFIED
M04581,Wolfe LLC,SaaS,2025-09-04,VERIFIED
M04582,Hughes-Clark,fashion,2025-07-11,VERIFIED
M04583,Harvey-Gillespie,healthcare,2025-11-11,VERIFIED
M04584,"Mendez, Williams and Henry",electronics,2025-10-18,VERIFIED
M04585,Porter LLC,fashion,2026-03-18,VERIFIED
M04586,Scott Group,ecommerce,2025-09-18,VERIFIED
M04587,Mullins-Carrillo,healthcare,2026-03-24,VERIFIED
M04588,Barker-Oliver,ecommerce,2025-12-04,VERIFIED
M04589,Avery-Cohen,travel,2025-11-25,VERIFIED
M04590,James Group,electronics,2025-05-04,VERIFIED
M04591,Wells PLC,fashion,2025-04-09,PENDING
M04592,Miller Ltd,SaaS,2025-08-21,LIMITED
M04593,"Welch, Davis and James",healthcare,2025-08-17,VERIFIED
M04594,Allen-Riggs,ecommerce,2025-06-23,PENDING
M04595,Morris PLC,electronics,2025-03-15,VERIFIED
M04596,"Bond, Robinson and Jenkins",fashion,2026-01-06,VERIFIED
M04597,Sutton PLC,services,2026-01-09,VERIFIED
M04598,"Norman, Walls and Wallace",ecommerce,2025-11-17,VERIFIED
M04599,"White, Hill and Cunningham",electronics,2026-03-15,VERIFIED
M04600,"Valdez, Williams and Richards",restaurant,2025-07-01,VERIFIED
M04601,"Black, Thompson and Hayes",grocery,2025-05-10,VERIFIED
M04602,Williams PLC,ecommerce,2025-07-23,PENDING
M04603,Simmons-Mcdaniel,travel,2025-12-02,VERIFIED
M04604,Gonzalez Group,SaaS,2025-08-06,PENDING
M04605,Smith Ltd,electronics,2025-04-25,PENDING
M04606,"Whitehead, Barton and Williams",SaaS,2025-05-02,VERIFIED
M04607,Walker Ltd,ecommerce,2025-08-18,VERIFIED
M04608,"Bruce, Perez and Wallace",education,2025-05-20,VERIFIED
M04609,"Gould, Wilson and Martin",fashion,2025-08-22,VERIFIED
M04610,Yang PLC,fashion,2025-05-22,LIMITED
M04611,"Johnson, Crawford and Bauer",electronics,2025-03-30,VERIFIED
M04612,Smith-Warren,healthcare,2025-09-12,VERIFIED
M04613,"Richardson, Stephens and Barnes",travel,2025-06-02,VERIFIED
M04614,Ramirez PLC,SaaS,2025-07-03,VERIFIED
M04615,"Henderson, Brown and Baker",fashion,2025-07-05,VERIFIED
M04616,"Howard, Morales and Calhoun",ecommerce,2025-08-23,VERIFIED
M04617,Martinez and Sons,ecommerce,2025-10-19,VERIFIED
M04618,Hudson Ltd,restaurant,2025-11-03,VERIFIED
M04619,Griffin PLC,grocery,2025-11-21,VERIFIED
M04620,Grant-Woods,education,2025-09-24,VERIFIED
M04621,"Lopez, Gutierrez and Castro",education,2026-02-05,VERIFIED
M04622,Harris LLC,grocery,2025-05-27,VERIFIED
M04623,Francis Group,restaurant,2025-06-07,LIMITED
M04624,Watson PLC,grocery,2025-06-19,VERIFIED
M04625,Rodriguez Ltd,SaaS,2025-04-11,LIMITED
M04626,Richards-Smith,SaaS,2026-02-17,VERIFIED
M04627,Flores and Sons,SaaS,2025-10-07,VERIFIED
M04628,Solis-Lopez,ecommerce,2025-05-31,VERIFIED
M04629,Mendoza-Lewis,grocery,2025-09-29,VERIFIED
M04630,Hughes Ltd,services,2025-07-02,VERIFIED
M04631,"Weaver, Lara and Thomas",grocery,2025-04-20,VERIFIED
M04632,Hodge and Sons,electronics,2025-05-27,VERIFIED
M04633,Woods Inc,electronics,2025-04-24,VERIFIED
M04634,"Martin, Sims and Gutierrez",ecommerce,2025-04-08,VERIFIED
M04635,"Ward, Perez and Baker",education,2025-09-03,VERIFIED
M04636,Goodwin Inc,ecommerce,2025-11-18,VERIFIED
M04637,Norman-Johnson,travel,2025-12-13,VERIFIED
M04638,"Barber, Brooks and Cole",grocery,2025-08-06,VERIFIED
M04639,Goodman and Sons,ecommerce,2025-11-12,VERIFIED
M04640,Mendez-Tyler,healthcare,2025-09-08,PENDING
M04641,Lucas-Campos,education,2025-09-17,VERIFIED
M04642,Allen PLC,healthcare,2025-11-02,VERIFIED
M04643,Crawford-Jones,services,2025-06-12,VERIFIED
M04644,"Johnson, Jones and Miller",services,2025-11-25,VERIFIED
M04645,Mejia Inc,education,2025-04-19,VERIFIED
M04646,Ramirez-Campbell,travel,2025-11-02,PENDING
M04647,"Roman, Stark and Turner",SaaS,2025-05-23,VERIFIED
M04648,"Jacobs, Calhoun and Wyatt",restaurant,2025-05-12,VERIFIED
M04649,Dixon-Hughes,electronics,2026-03-13,PENDING
M04650,"Lawrence, Castro and Fleming",grocery,2025-03-22,VERIFIED
M04651,"Guerrero, Berry and Harrison",restaurant,2026-03-01,VERIFIED
M04652,Holt LLC,ecommerce,2026-03-11,VERIFIED
M04653,"Black, Welch and King",healthcare,2025-12-22,VERIFIED
M04654,Villa-Baxter,services,2025-06-01,VERIFIED
M04655,"Palmer, Edwards and Bullock",restaurant,2025-07-10,VERIFIED
M04656,Knight LLC,restaurant,2025-10-04,VERIFIED
M04657,Lee-Rogers,healthcare,2025-03-12,LIMITED
M04658,"Jenkins, Baker and Coleman",restaurant,2025-06-23,VERIFIED
M04659,"Lopez, Austin and Buchanan",SaaS,2026-01-07,VERIFIED
M04660,"Phillips, Mcdaniel and Ward",travel,2026-01-01,VERIFIED
M04661,"Tran, Harris and Ford",fashion,2026-01-07,VERIFIED
M04662,"Thompson, Hardy and Walter",education,2025-10-09,VERIFIED
M04663,"Wright, George and Schultz",electronics,2025-05-12,VERIFIED
M04664,White-Holland,fashion,2025-05-05,VERIFIED
M04665,Brooks-Myers,SaaS,2025-07-23,VERIFIED
M04666,"Nelson, Carroll and Medina",education,2025-08-31,VERIFIED
M04667,Scott Inc,services,2025-08-29,VERIFIED
M04668,Martinez-Bennett,education,2025-05-21,VERIFIED
M04669,"Riggs, Smith and Lopez",ecommerce,2025-10-29,VERIFIED
M04670,Reilly-Gibson,healthcare,2025-07-22,VERIFIED
M04671,"Silva, Hill and Bradley",restaurant,2025-04-24,VERIFIED
M04672,Baker Group,ecommerce,2026-03-10,VERIFIED
M04673,"Holden, Larson and Alvarez",travel,2026-02-18,VERIFIED
M04674,Edwards-Taylor,electronics,2026-02-14,VERIFIED
M04675,Ward Inc,restaurant,2025-07-04,LIMITED
M04676,Boone LLC,restaurant,2025-12-21,VERIFIED
M04677,Dunn LLC,ecommerce,2026-03-11,VERIFIED
M04678,Bowers Ltd,healthcare,2025-03-17,VERIFIED
M04679,"Henderson, Williams and Keller",travel,2026-02-14,VERIFIED
M04680,Smith LLC,services,2025-12-15,VERIFIED
M04681,"Ball, Mitchell and Allen",restaurant,2025-07-28,PENDING
M04682,Montgomery PLC,travel,2025-03-13,VERIFIED
M04683,Reilly-Gomez,healthcare,2025-07-03,PENDING
M04684,Hernandez PLC,fashion,2025-11-23,VERIFIED
M04685,"Stewart, Robinson and Shaffer",services,2025-11-29,VERIFIED
M04686,Harris-Jensen,electronics,2025-10-11,PENDING
M04687,Davis Ltd,services,2025-05-01,VERIFIED
M04688,"Irwin, Nelson and Tucker",SaaS,2026-01-01,VERIFIED
M04689,Sanchez Group,travel,2026-02-08,VERIFIED
M04690,Allen PLC,fashion,2026-01-11,PENDING
M04691,Mcclain and Sons,travel,2025-10-31,PENDING
M04692,Rodriguez-Allen,travel,2025-11-23,VERIFIED
M04693,Graham-Valencia,services,2025-10-19,VERIFIED
M04694,Griffin-Hall,healthcare,2025-03-29,VERIFIED
M04695,Ortiz Group,restaurant,2026-02-04,VERIFIED
M04696,Hernandez-Beasley,grocery,2026-01-08,VERIFIED
M04697,"Christensen, Johnson and Hubbard",grocery,2025-03-13,VERIFIED
M04698,Macias Group,grocery,2025-03-18,VERIFIED
M04699,Clarke-Warren,ecommerce,2025-08-24,VERIFIED
M04700,Smith-Romero,ecommerce,2025-07-28,VERIFIED
M04701,Massey-Obrien,education,2025-09-17,LIMITED
M04702,Thomas-Jones,fashion,2025-10-19,VERIFIED
M04703,"Vega, Jackson and Powell",restaurant,2025-12-11,VERIFIED
M04704,Edwards Group,SaaS,2025-11-16,VERIFIED
M04705,Wright-Roberts,SaaS,2025-04-08,VERIFIED
M04706,Gray Group,grocery,2025-11-12,VERIFIED
M04707,Parks PLC,education,2025-08-17,VERIFIED
M04708,Brewer Inc,electronics,2026-01-15,VERIFIED
M04709,Marquez-Johnson,restaurant,2025-11-11,VERIFIED
M04710,"Reed, James and Henry",electronics,2025-12-05,VERIFIED
M04711,"Griffin, Coleman and Kim",travel,2025-04-11,VERIFIED
M04712,Perez-Richardson,ecommerce,2025-05-28,VERIFIED
M04713,Mendoza-Jackson,services,2025-12-18,PENDING
M04714,"Newman, George and Patrick",SaaS,2025-05-31,VERIFIED
M04715,Werner LLC,fashion,2026-02-22,VERIFIED
M04716,Hodges Inc,SaaS,2025-09-25,VERIFIED
M04717,"Moon, Davis and Dominguez",grocery,2025-08-30,VERIFIED
M04718,Wright PLC,travel,2026-02-09,VERIFIED
M04719,Chavez-Carter,electronics,2025-08-29,VERIFIED
M04720,Ramirez-Moon,travel,2025-11-19,VERIFIED
M04721,Ortiz and Sons,electronics,2025-10-10,PENDING
M04722,"Jones, Wiggins and Oliver",electronics,2025-04-23,VERIFIED
M04723,"Pena, Mueller and Mckay",travel,2026-03-21,VERIFIED
M04724,"Thompson, Kelley and Mcmahon",travel,2025-06-22,VERIFIED
M04725,Young and Sons,fashion,2025-10-22,VERIFIED
M04726,"Marquez, Jones and Garcia",ecommerce,2026-01-24,VERIFIED
M04727,Ferguson Group,restaurant,2025-09-01,VERIFIED
M04728,"Hodges, Cummings and Hernandez",services,2025-08-05,VERIFIED
M04729,Sanchez Inc,education,2025-08-01,LIMITED
M04730,Foley-Miranda,ecommerce,2025-05-13,VERIFIED
M04731,"Li, Mason and Jacobson",services,2025-06-26,VERIFIED
M04732,Taylor-Williams,restaurant,2025-08-06,VERIFIED
M04733,Bradford and Sons,travel,2026-03-08,VERIFIED
M04734,"Flowers, Berry and Ramirez",ecommerce,2025-12-20,VERIFIED
M04735,Gibson Ltd,grocery,2025-04-26,VERIFIED
M04736,Reeves and Sons,education,2026-02-18,VERIFIED
M04737,"Obrien, Williams and Mcgrath",grocery,2025-09-09,VERIFIED
M04738,Smith Group,electronics,2025-12-10,VERIFIED
M04739,"Lindsey, Byrd and Foster",ecommerce,2025-11-07,VERIFIED
M04740,"Barber, Oneal and Owens",services,2026-01-29,VERIFIED
M04741,"Harding, Gomez and Jacobs",healthcare,2025-07-12,VERIFIED
M04742,"Monroe, Sullivan and King",ecommerce,2025-07-06,VERIFIED
M04743,Jackson-Hodge,services,2025-05-11,VERIFIED
M04744,Ballard and Sons,healthcare,2025-05-03,VERIFIED
M04745,Greene LLC,grocery,2025-08-16,PENDING
M04746,Wilson-Strong,SaaS,2026-02-28,VERIFIED
M04747,Bennett-Brooks,fashion,2025-05-15,VERIFIED
M04748,Freeman-Christensen,fashion,2026-02-03,VERIFIED
M04749,Graham Ltd,education,2025-07-08,LIMITED
M04750,Cole PLC,fashion,2025-04-15,PENDING
M04751,"Taylor, Leon and Sanders",grocery,2025-04-12,VERIFIED
M04752,Smith and Sons,grocery,2025-09-22,VERIFIED
M04753,King-Ross,electronics,2025-08-18,VERIFIED
M04754,"Marshall, Khan and Ford",healthcare,2025-09-25,PENDING
M04755,Moyer-Sanchez,SaaS,2025-03-26,PENDING
M04756,Prince Inc,healthcare,2025-11-15,VERIFIED
M04757,Brooks-Bell,travel,2025-08-10,VERIFIED
M04758,Eaton-Wiggins,electronics,2026-02-27,PENDING
M04759,George LLC,fashion,2026-01-23,VERIFIED
M04760,"Arnold, Williams and Jarvis",grocery,2026-03-02,VERIFIED
M04761,Jones-Rivera,services,2025-09-16,VERIFIED
M04762,Weeks-Martin,fashion,2025-05-30,VERIFIED
M04763,Thomas Ltd,SaaS,2026-03-09,VERIFIED
M04764,"Nelson, Johnson and Robinson",electronics,2025-04-19,VERIFIED
M04765,"Watson, West and Cook",services,2025-09-12,VERIFIED
M04766,"Stevens, Howell and Mitchell",SaaS,2025-05-15,VERIFIED
M04767,Solis PLC,restaurant,2025-10-23,VERIFIED
M04768,Stephenson Group,grocery,2025-07-14,VERIFIED
M04769,Gallagher-Johnson,grocery,2025-04-23,VERIFIED
M04770,"Chandler, Knight and Jones",fashion,2025-07-08,VERIFIED
M04771,Fitzpatrick Group,travel,2025-09-04,VERIFIED
M04772,Guerrero-Gonzales,healthcare,2025-04-18,VERIFIED
M04773,"Reid, Thomas and Gill",fashion,2026-01-11,VERIFIED
M04774,Davis Group,education,2025-11-05,VERIFIED
M04775,Foster-Williams,travel,2025-11-02,VERIFIED
M04776,Smith-Anderson,education,2025-07-10,VERIFIED
M04777,Hudson-Butler,education,2025-12-05,VERIFIED
M04778,Simmons PLC,ecommerce,2025-08-23,VERIFIED
M04779,Mooney-Clark,ecommerce,2026-02-11,PENDING
M04780,Martin Inc,services,2026-02-15,VERIFIED
M04781,Acosta-Buchanan,electronics,2025-10-08,VERIFIED
M04782,Mcdonald and Sons,travel,2025-07-17,VERIFIED
M04783,"Snyder, Miller and Stevens",education,2025-04-24,VERIFIED
M04784,Jensen-Krause,travel,2026-01-31,VERIFIED
M04785,Sosa-Scott,ecommerce,2026-03-16,VERIFIED
M04786,"Kelley, Valenzuela and Harmon",ecommerce,2025-03-15,VERIFIED
M04787,"Ortega, Rose and Contreras",SaaS,2025-08-15,PENDING
M04788,"Lawrence, Fleming and Drake",healthcare,2025-10-08,PENDING
M04789,Perez Inc,grocery,2025-09-05,VERIFIED
M04790,Webb-Murphy,travel,2026-01-31,VERIFIED
M04791,"Turner, Kaufman and Esparza",services,2025-03-09,VERIFIED
M04792,Crane LLC,healthcare,2025-10-08,VERIFIED
M04793,Rodriguez-Hernandez,travel,2026-02-17,PENDING
M04794,Richard and Sons,SaaS,2025-06-14,VERIFIED
M04795,Marshall and Sons,services,2025-06-05,VERIFIED
M04796,Terry PLC,education,2025-07-15,VERIFIED
M04797,Gutierrez-Ross,restaurant,2025-09-25,VERIFIED
M04798,"Rivera, Miller and Martin",SaaS,2026-03-23,VERIFIED
M04799,Fry-Bates,grocery,2025-10-10,VERIFIED
M04800,Howe-Brown,services,2025-06-01,VERIFIED
M04801,Briggs-Moore,ecommerce,2025-09-13,VERIFIED
M04802,Good-Cook,fashion,2026-01-30,VERIFIED
M04803,Wilson-Young,grocery,2025-04-13,VERIFIED
M04804,Reilly-Sanders,fashion,2025-06-30,VERIFIED
M04805,Sullivan and Sons,travel,2025-12-09,VERIFIED
M04806,Sanchez-Ballard,education,2026-01-04,VERIFIED
M04807,Moore-Murphy,healthcare,2025-07-09,VERIFIED
M04808,Castaneda-Garcia,travel,2025-07-26,VERIFIED
M04809,Hogan Inc,SaaS,2025-03-14,VERIFIED
M04810,Fernandez Group,travel,2025-07-01,VERIFIED
M04811,Michael Ltd,ecommerce,2026-03-19,PENDING
M04812,"Hernandez, Williams and Ruiz",education,2025-06-05,VERIFIED
M04813,Anderson LLC,ecommerce,2025-10-29,PENDING
M04814,"Jennings, Serrano and Howard",travel,2026-01-17,VERIFIED
M04815,"Miller, Martin and Collins",services,2026-01-14,VERIFIED
M04816,Williams PLC,education,2026-02-14,VERIFIED
M04817,Mcneil PLC,travel,2025-06-01,VERIFIED
M04818,Underwood and Sons,grocery,2026-01-09,LIMITED
M04819,Prince Group,healthcare,2025-04-19,VERIFIED
M04820,Adams LLC,healthcare,2025-10-28,VERIFIED
M04821,"Copeland, Jones and Salazar",grocery,2025-11-25,VERIFIED
M04822,Brown PLC,electronics,2026-01-19,VERIFIED
M04823,Moore-Parsons,travel,2025-05-14,VERIFIED
M04824,"Davis, Obrien and Barker",SaaS,2025-06-30,PENDING
M04825,Long LLC,services,2025-07-22,VERIFIED
M04826,"Martin, Kennedy and Chavez",healthcare,2025-06-24,VERIFIED
M04827,"Torres, Valdez and Briggs",fashion,2025-03-21,VERIFIED
M04828,Roman-Young,fashion,2025-07-10,VERIFIED
M04829,Wade-Clark,services,2025-06-11,VERIFIED
M04830,Hernandez-Moore,grocery,2025-04-29,PENDING
M04831,Brown Inc,restaurant,2025-11-11,VERIFIED
M04832,Rodriguez Group,grocery,2026-03-16,VERIFIED
M04833,Hernandez Inc,grocery,2025-03-15,PENDING
M04834,Townsend-Watts,travel,2025-07-01,VERIFIED
M04835,"Allen, Olson and Ortiz",fashion,2025-09-29,PENDING
M04836,"Barnett, Powers and Daniel",restaurant,2025-04-19,VERIFIED
M04837,Pineda-Clark,grocery,2025-06-28,VERIFIED
M04838,Douglas-Diaz,electronics,2025-12-08,VERIFIED
M04839,Lee-Jones,education,2025-04-06,VERIFIED
M04840,Randall LLC,healthcare,2026-03-02,VERIFIED
M04841,Lopez-Jimenez,restaurant,2025-08-03,VERIFIED
M04842,"Levy, Bowers and Huffman",fashion,2025-04-27,VERIFIED
M04843,Anderson-Murphy,SaaS,2026-03-06,VERIFIED
M04844,"Henderson, Edwards and Sexton",travel,2026-02-17,VERIFIED
M04845,"Parrish, White and Booth",travel,2025-09-19,VERIFIED
M04846,Best Group,travel,2025-06-23,VERIFIED
M04847,Tucker LLC,education,2025-10-06,VERIFIED
M04848,Williams and Sons,ecommerce,2025-04-17,VERIFIED
M04849,Hunt Group,ecommerce,2026-03-18,VERIFIED
M04850,Solomon-Le,ecommerce,2025-10-14,VERIFIED
M04851,Johnson-Smith,electronics,2025-11-29,VERIFIED
M04852,Dawson-Mcbride,services,2025-08-31,VERIFIED
M04853,Rogers-Garcia,education,2025-08-06,VERIFIED
M04854,"Harris, Hernandez and Becker",SaaS,2025-05-22,VERIFIED
M04855,"Manning, Hill and Myers",SaaS,2026-03-03,VERIFIED
M04856,"Chaney, Salazar and Salazar",ecommerce,2026-01-14,VERIFIED
M04857,Carrillo-Simon,fashion,2025-11-01,VERIFIED
M04858,Gibson Ltd,education,2025-04-02,VERIFIED
M04859,"Payne, Ryan and Campos",restaurant,2026-01-29,VERIFIED
M04860,Mitchell Inc,travel,2026-02-18,VERIFIED
M04861,Lawrence-Hanna,education,2025-10-24,VERIFIED
M04862,Wells Group,ecommerce,2025-10-06,VERIFIED
M04863,Sloan-Lynch,education,2026-02-15,VERIFIED
M04864,Leblanc PLC,SaaS,2025-06-18,VERIFIED
M04865,Cole LLC,restaurant,2025-12-13,VERIFIED
M04866,"Phelps, Montoya and Barnett",restaurant,2025-11-30,VERIFIED
M04867,"King, Baker and Schmidt",ecommerce,2025-10-23,VERIFIED
M04868,Walker Group,fashion,2025-08-12,VERIFIED
M04869,Sanders Group,fashion,2025-03-29,VERIFIED
M04870,Benjamin LLC,healthcare,2025-08-06,VERIFIED
M04871,"Olsen, Payne and Butler",electronics,2025-12-14,VERIFIED
M04872,"Oneill, Oconnor and Wang",fashion,2025-12-01,PENDING
M04873,Mack-Alvarado,electronics,2026-01-15,PENDING
M04874,Zhang-Lewis,fashion,2025-08-30,VERIFIED
M04875,"Tran, Chan and Wyatt",ecommerce,2025-11-17,VERIFIED
M04876,Castro-Murphy,fashion,2025-08-28,VERIFIED
M04877,"Douglas, Smith and Jordan",education,2025-07-06,PENDING
M04878,Lucas-Potts,education,2025-11-02,VERIFIED
M04879,Garcia Ltd,grocery,2025-12-16,VERIFIED
M04880,"Scott, Sandoval and Powers",education,2025-08-12,VERIFIED
M04881,Martin-Simmons,SaaS,2026-03-03,VERIFIED
M04882,"Martin, Davis and Huynh",services,2025-12-12,VERIFIED
M04883,Cuevas-Holt,healthcare,2025-04-29,VERIFIED
M04884,"Jones, Mcgrath and Marks",fashion,2025-05-25,VERIFIED
M04885,Mckay Inc,travel,2025-09-02,VERIFIED
M04886,Sanford-Wilson,education,2025-08-20,VERIFIED
M04887,Morgan-Mason,grocery,2025-07-06,VERIFIED
M04888,"Marshall, Martinez and Contreras",travel,2025-10-22,VERIFIED
M04889,Floyd-Kelly,restaurant,2025-10-01,VERIFIED
M04890,Gomez Group,grocery,2025-06-15,VERIFIED
M04891,Gardner LLC,electronics,2025-10-26,LIMITED
M04892,"Smith, Sloan and Brock",ecommerce,2025-06-19,VERIFIED
M04893,Gay and Sons,education,2026-02-26,VERIFIED
M04894,Peterson PLC,healthcare,2025-04-05,VERIFIED
M04895,"Nichols, Mendoza and Middleton",SaaS,2025-06-22,VERIFIED
M04896,"Bell, Peterson and Price",fashion,2026-03-16,PENDING
M04897,Garcia-Hunt,ecommerce,2025-05-26,VERIFIED
M04898,Lewis-Lee,SaaS,2025-07-20,VERIFIED
M04899,"Webb, Willis and Terry",electronics,2025-07-12,VERIFIED
M04900,"Perez, Sandoval and Durham",travel,2026-01-23,VERIFIED
M04901,Grant-Ellis,services,2026-02-23,VERIFIED
M04902,Day-Gonzalez,ecommerce,2025-11-07,VERIFIED
M04903,Johnson and Sons,travel,2025-11-19,VERIFIED
M04904,Duncan Inc,services,2025-08-03,VERIFIED
M04905,"Peck, Wong and Perry",grocery,2025-10-06,VERIFIED
M04906,Montes Group,healthcare,2025-11-12,VERIFIED
M04907,Anderson Inc,healthcare,2025-07-09,VERIFIED
M04908,"Meyer, Miranda and Watkins",restaurant,2025-08-06,VERIFIED
M04909,Snyder-Ferrell,grocery,2025-09-09,VERIFIED
M04910,"Juarez, Wilson and Cochran",SaaS,2026-03-11,VERIFIED
M04911,"Stewart, Collins and Short",SaaS,2026-03-23,VERIFIED
M04912,Williams-Rodriguez,restaurant,2025-11-03,VERIFIED
M04913,Ortega-Murillo,electronics,2025-04-03,VERIFIED
M04914,"Green, Gray and Hernandez",education,2025-03-29,VERIFIED
M04915,Atkinson-Zavala,fashion,2025-04-13,VERIFIED
M04916,"Cox, Jimenez and Rodgers",electronics,2025-07-20,VERIFIED
M04917,Johnson-Zavala,ecommerce,2025-06-14,VERIFIED
M04918,Lopez-Davis,restaurant,2026-01-13,VERIFIED
M04919,Velazquez PLC,electronics,2025-08-21,VERIFIED
M04920,"York, Cox and Davis",grocery,2025-08-21,VERIFIED
M04921,Tate-Flores,fashion,2025-06-27,VERIFIED
M04922,White and Sons,restaurant,2025-09-04,VERIFIED
M04923,"Mcbride, Hall and Hill",education,2026-02-14,VERIFIED
M04924,"Fischer, Durham and Miller",restaurant,2025-11-18,VERIFIED
M04925,"Dunn, Ray and Vaughn",travel,2025-05-11,VERIFIED
M04926,Escobar-Barrett,electronics,2026-01-11,VERIFIED
M04927,Woodard Inc,electronics,2026-03-19,VERIFIED
M04928,Ellison-Fisher,services,2026-01-23,VERIFIED
M04929,"Cook, Figueroa and Taylor",SaaS,2026-01-20,VERIFIED
M04930,Rush PLC,ecommerce,2025-05-22,VERIFIED
M04931,Rodriguez Group,travel,2025-08-12,VERIFIED
M04932,Harrison LLC,ecommerce,2025-08-31,VERIFIED
M04933,Weaver-Baker,ecommerce,2025-10-26,VERIFIED
M04934,"Ayers, Jacobson and Wright",grocery,2025-05-13,VERIFIED
M04935,Jackson-Wong,SaaS,2025-11-04,PENDING
M04936,"Haynes, Garcia and Burnett",SaaS,2025-09-20,VERIFIED
M04937,Robinson-Erickson,education,2025-05-02,VERIFIED
M04938,Rojas Ltd,electronics,2025-12-19,VERIFIED
M04939,"Allen, Russell and Maldonado",electronics,2025-04-04,VERIFIED
M04940,Ray-Blair,travel,2026-02-20,VERIFIED
M04941,Vasquez and Sons,healthcare,2025-09-28,VERIFIED
M04942,Jordan PLC,education,2026-03-04,PENDING
M04943,"Price, Bryan and Carter",SaaS,2025-06-25,VERIFIED
M04944,Sullivan PLC,ecommerce,2025-06-15,VERIFIED
M04945,Bartlett-Roberts,healthcare,2026-01-10,VERIFIED
M04946,Jensen Inc,services,2025-04-12,VERIFIED
M04947,"Fisher, Wong and Jimenez",travel,2026-01-13,VERIFIED
M04948,Sullivan and Sons,grocery,2026-01-09,VERIFIED
M04949,"King, Anderson and Lopez",SaaS,2025-06-03,VERIFIED
M04950,"Carpenter, Coffey and Wright",SaaS,2025-08-01,VERIFIED
M04951,"Williams, Bolton and Mcgee",services,2026-02-28,VERIFIED
M04952,"Jones, Foster and Sanford",electronics,2026-03-26,VERIFIED
M04953,Chung-Andrews,travel,2025-03-08,VERIFIED
M04954,"Clark, Rodriguez and Horton",education,2025-03-28,VERIFIED
M04955,Rodriguez-Clark,grocery,2025-05-24,VERIFIED
M04956,Thomas Ltd,healthcare,2026-03-02,VERIFIED
M04957,Melton LLC,ecommerce,2026-02-06,VERIFIED
M04958,Gray-Stone,electronics,2026-02-06,VERIFIED
M04959,Ramos-Harris,education,2025-11-24,PENDING
M04960,"Thomas, Price and Lopez",electronics,2025-10-19,VERIFIED
M04961,"Hodge, Bates and Burns",restaurant,2025-05-24,VERIFIED
M04962,Kim-King,fashion,2025-04-29,VERIFIED
M04963,Ford-Brown,SaaS,2026-03-02,VERIFIED
M04964,Goodman PLC,ecommerce,2025-12-08,LIMITED
M04965,Harris-Rodriguez,grocery,2025-09-07,VERIFIED
M04966,Taylor-Ramirez,services,2025-09-06,VERIFIED
M04967,Hammond-Kennedy,grocery,2025-07-20,VERIFIED
M04968,"Brown, Gibson and Turner",travel,2025-10-14,VERIFIED
M04969,Cole Ltd,services,2025-11-23,VERIFIED
M04970,Franco-Stuart,SaaS,2025-07-01,LIMITED
M04971,Martin-Walker,education,2025-07-29,VERIFIED
M04972,Smith and Sons,services,2025-05-24,VERIFIED
M04973,"Tucker, Robinson and Fry",SaaS,2026-01-31,VERIFIED
M04974,"May, Thomas and Adams",healthcare,2025-06-16,VERIFIED
M04975,Boyd-Vaughn,travel,2025-05-22,VERIFIED
M04976,Atkins-Black,healthcare,2025-12-11,VERIFIED
M04977,Francis-Smith,SaaS,2025-09-11,VERIFIED
M04978,"Krueger, Rodriguez and Roach",grocery,2026-01-01,VERIFIED
M04979,Pacheco-Todd,travel,2026-03-21,PENDING
M04980,"Velazquez, Foley and Andrews",grocery,2025-05-10,VERIFIED
M04981,"Weeks, Burton and Madden",grocery,2026-03-26,VERIFIED
M04982,Hernandez Inc,fashion,2025-04-30,VERIFIED
M04983,Mack-Carrillo,restaurant,2025-09-04,PENDING
M04984,Bradley-Smith,grocery,2025-09-01,VERIFIED
M04985,Lopez Ltd,SaaS,2025-08-17,PENDING
M04986,Le-Coleman,grocery,2025-10-04,VERIFIED
M04987,"Ballard, Willis and Fuller",restaurant,2025-07-22,PENDING
M04988,"Wilkinson, Guzman and Elliott",electronics,2025-07-30,VERIFIED
M04989,James PLC,grocery,2025-11-04,VERIFIED
M04990,Zamora LLC,grocery,2025-05-14,VERIFIED
M04991,Hodge LLC,services,2025-08-30,PENDING
M04992,Blake-Patel,restaurant,2026-01-23,VERIFIED
M04993,Perez-Bernard,ecommerce,2026-01-11,VERIFIED
M04994,Norris Inc,grocery,2025-12-16,VERIFIED
M04995,"Huang, Hall and Delacruz",education,2025-10-06,VERIFIED
M04996,Mcdonald PLC,electronics,2026-03-06,PENDING
M04997,"Jones, Becker and Daugherty",electronics,2025-06-11,VERIFIED
M04998,Higgins-Walker,grocery,2025-05-21,VERIFIED
M04999,Robinson Inc,grocery,2025-07-18,VERIFIED
M05000,Scott PLC,restaurant,2026-02-26,VERIFIED
